ticker,signal_days,date_min,date_max,avg_sentiment,total_stories
ON,3748,2015-01-01,2026-07-12,0.06195983453042362,99588
CAN,3471,2015-01-01,2026-07-12,0.1355044992824281,31637
HAS,3208,2015-01-01,2026-07-12,0.07030276016267976,18410
RDIB,3122,2015-01-01,2026-07-12,0.15817205702700596,14465
ANY,3073,2015-01-01,2026-07-12,0.1965979347479745,12019
AAPL,3005,2015-01-01,2026-07-12,0.0663134017324099,17604
HELP,2969,2015-01-01,2026-07-12,0.6296236369161142,12640
VS,2946,2015-01-01,2026-07-12,0.10555168024318431,9801
APP,2902,2015-01-01,2026-07-12,0.17625329545434928,14477
GO,2897,2015-01-01,2026-07-12,0.08998966027661265,10976
NWSA,2883,2015-01-01,2026-07-12,0.08570207032159247,10935
PPLI,2873,2015-01-01,2026-07-12,0.10171080263166764,10759
TECH,2849,2015-01-01,2026-07-12,0.09512358447592317,14229
WAY,2843,2015-01-01,2026-07-12,0.3231638018476528,8808
OPEN,2779,2015-01-01,2026-07-12,0.11665832356462146,15284
STHO,2739,2015-01-01,2026-07-12,0.11408767989706142,7908
REAL,2735,2015-01-01,2026-07-12,0.09554255815296081,7749
AMZN,2701,2015-01-01,2026-07-12,0.2291434218677965,10391
TSLA,2653,2015-01-01,2026-07-12,0.04328596294518283,12713
BKNG,2620,2015-01-01,2026-07-12,0.18577775126139232,8102
HTHT,2538,2015-01-01,2026-07-12,0.13841245762347432,7473
MSFT,2527,2015-01-01,2026-07-12,0.08449887930061228,9623
LIFE,2523,2015-01-01,2026-07-12,0.10646246911148946,6813
GAME,2500,2015-01-01,2026-07-12,0.13313524633052548,6931
TOP,2487,2015-01-01,2026-07-12,0.3448734158774086,7017
HAPN,2254,2015-01-01,2026-07-12,0.03488491731592685,5097
APPS,2232,2015-01-01,2026-07-12,0.17641304732190718,5685
PSIX,2195,2015-01-01,2026-07-12,0.11214911556572739,5676
EVER,2156,2015-01-01,2026-07-12,0.18426164837994657,4470
LIVE,2155,2015-01-01,2026-07-12,0.1187761077099347,4531
PDFS,2142,2015-01-01,2026-07-12,0.07639520059088631,8590
PSNL,2134,2015-01-01,2026-07-12,0.10553358294868537,3731
SPPL,2051,2015-01-01,2026-07-12,0.15710720780517323,4266
UK,1988,2015-01-01,2026-07-12,0.10443098186462667,4457
RUN,1975,2015-01-01,2026-07-12,0.131291449357361,3853
AIFC,1968,2015-01-01,2026-07-12,0.14958082604067233,3820
EVRG,1967,2015-01-01,2026-07-12,0.11579022260967883,3897
FAST,1942,2015-01-01,2026-07-12,0.14537060537424387,3923
XE,1939,2015-01-01,2026-07-12,0.46286697359237805,4033
COST,1907,2015-01-01,2026-07-12,0.0976772001495255,3447
PLAY,1895,2015-01-01,2026-07-12,0.536805322707844,4189
CASH,1876,2015-01-01,2026-07-12,0.18319516764081867,4036
MBLY,1864,2015-01-01,2026-07-12,0.14176997947145922,4741
INTJ,1857,2015-01-01,2026-07-12,0.672687881878454,3748
INTC,1855,2015-01-01,2026-07-12,0.07255344785962327,3942
FGL,1842,2015-01-01,2026-07-12,0.08102499160534667,3563
STRD,1799,2015-01-01,2026-07-12,0.18583883477166616,3313
API,1786,2015-01-01,2026-07-12,0.12532925186565597,3991
CAR,1776,2015-01-01,2026-07-12,0.04996522632098944,3601
AMD,1755,2015-01-01,2026-07-12,0.11327366949248265,4559
NVDA,1742,2015-01-01,2026-07-12,0.1001704320789536,4861
MRNA,1726,2015-01-01,2026-07-12,0.07855655774069896,3283
EHTH,1723,2015-01-01,2026-07-12,0.20575687932215272,3163
TEAM,1721,2015-01-01,2026-07-12,0.16534539112655533,3115
ALOY,1656,2015-01-01,2026-07-12,0.18883439376715425,3086
MOVE,1607,2015-01-01,2026-07-12,0.12878928306727488,2700
LASR,1596,2015-01-01,2026-07-12,0.11439359026092397,2688
SILC,1548,2015-01-01,2026-07-12,0.061938390839423166,2818
ROOT,1545,2015-01-01,2026-07-12,0.09677130814433292,2762
NFLX,1501,2015-01-01,2026-07-12,0.10006331015938043,2887
LINE,1443,2015-01-01,2026-07-12,0.11919657085566854,2352
LOVE,1420,2015-01-01,2026-07-12,0.8625225711933168,2300
META,1312,2015-01-01,2026-07-12,0.05513982725686262,4001
PTRN,1286,2015-01-01,2026-07-12,0.07898283469501187,1863
DDOG,1267,2015-01-01,2026-07-12,0.012277258969658153,7102
KIDS,1253,2015-01-01,2026-07-12,0.1639408436218357,1908
MIND,1233,2015-01-01,2026-07-12,0.1474307896531454,1759
PRE,1194,2015-01-01,2026-07-12,0.12153718285690691,1905
PI,1182,2015-01-01,2026-07-12,0.08239937655630142,1980
BPOP,1138,2015-01-01,2026-07-12,0.5573060994242155,1618
FIVE,1131,2015-01-01,2026-07-12,0.11074793333256246,1577
MU,1097,2015-01-01,2026-07-12,0.11677352015910746,2361
PC,1097,2015-01-01,2026-07-12,0.15112041751939725,1809
DLO,1085,2015-01-01,2026-07-12,0.12472117740266013,1675
CARE,1081,2015-01-01,2026-07-12,0.5919853713107622,1619
DRUG,1058,2015-01-01,2026-07-12,0.07545837332784855,1428
SOGP,1052,2015-01-01,2026-07-12,0.1474479620986685,1431
AGNCN,1039,2015-01-01,2026-07-12,0.22330698207740865,1532
TILE,1013,2015-01-01,2026-07-12,0.12003504533402472,1396
MNTS,1010,2015-01-01,2026-07-12,0.1879694438696044,1368
STEP,997,2015-01-01,2026-07-12,0.14129548857041183,1413
LAB,941,2015-01-01,2026-07-12,0.09381480178998639,1308
ACT,928,2015-01-01,2026-07-12,0.13083611879050872,1371
BOT,908,2015-01-01,2026-07-12,0.08795405320558572,1274
MASS,907,2015-01-01,2026-07-12,-0.002381184271881901,1251
GEN,885,2015-01-01,2026-07-12,0.09036307442474088,1258
FORM,873,2015-01-01,2026-07-12,0.16626338404968302,1124
SHOP,861,2015-01-01,2026-07-12,0.1515530448695199,1460
BULL,859,2015-01-01,2026-07-12,0.16222240036333116,1634
YQ,846,2015-01-01,2026-07-12,0.1441368866030964,1099
JF,840,2015-01-01,2026-07-12,0.7116545707429779,1108
ARM,832,2015-01-01,2026-07-12,0.09025685656719504,1248
TASK,828,2015-01-01,2026-07-12,0.15601613640093892,1079
ROAD,811,2015-01-01,2026-07-12,0.08048727177174428,1074
TENB,808,2015-01-01,2026-07-12,0.11408821024390545,1048
HQI,797,2015-01-01,2026-07-12,0.10277948913965419,975
MOMO,788,2015-01-01,2026-07-12,0.2828673858680738,1088
TGL,782,2015-01-01,2026-07-12,0.3481865035111034,1259
COIN,778,2015-01-01,2026-07-12,0.11067407692727531,1343
FIGR,760,2015-01-01,2026-07-12,0.18858050457039813,989
DSGR,750,2015-01-01,2026-07-12,0.18131486056841437,932
STEX,749,2015-01-01,2026-07-12,0.08038269954603655,951
PYPL,748,2015-01-01,2026-07-12,0.09635716665941305,1143
NSPR,744,2015-01-01,2026-07-12,0.5867193238456231,915
ADV,741,2015-01-01,2026-07-12,0.4427697577468485,974
LAND,738,2015-01-01,2026-07-12,0.1014640159742128,924
NDAQ,734,2015-01-01,2026-07-12,0.11897490554388913,1162
CLIK,706,2015-01-01,2026-07-12,0.21880121763990212,893
NICE,695,2015-01-01,2026-07-12,0.5660616687944527,976
BOOM,690,2015-01-01,2026-07-12,0.08199106383660536,918
SHIP,678,2015-01-01,2026-07-12,0.0429050279609883,930
PLUS,665,2015-01-01,2026-07-12,0.19221916418304363,977
ABNB,663,2015-01-01,2026-07-12,0.052815575131376455,962
AGNT,657,2015-01-01,2026-07-12,0.07431262973765085,1607
GOOGL,656,2015-01-01,2026-07-12,0.09851649387253109,999
RARE,651,2015-01-01,2026-07-12,0.09650256798150857,815
MIDD,649,2015-01-01,2026-07-12,0.04318691012739812,832
TREE,647,2015-01-01,2026-07-12,0.07487574513503785,796
HCSG,630,2015-01-01,2026-07-12,0.15645258587465932,784
RAY,620,2015-01-01,2026-07-12,0.10941436723900516,765
EYE,616,2015-01-01,2026-07-12,0.0879774154569737,748
UNIT,614,2015-01-01,2026-07-12,0.0766607266136776,752
EML,606,2015-01-01,2026-07-12,0.04762551349289939,764
WMT,580,2015-01-01,2026-07-12,0.12006995979207884,816
XBIT,578,2015-01-01,2026-07-12,0.13394044081164289,759
ATGL,565,2015-01-01,2026-07-12,0.1115346785236231,665
EA,560,2015-01-01,2026-07-12,0.07955656532206141,783
FEED,555,2015-01-01,2026-07-12,0.1348701009587127,670
FLY,553,2015-01-01,2026-07-12,0.09926627072770038,700
XHLD,550,2015-01-01,2026-07-12,0.15091638407181054,648
HTO,546,2015-01-01,2026-07-12,0.08168219379346961,656
MTCH,541,2015-01-01,2026-07-12,0.136170544694829,700
CD,539,2015-01-01,2026-07-12,0.1642262473926141,699
PLTR,513,2015-01-01,2026-07-12,0.08389513442805,1441
RENT,506,2015-01-01,2026-07-12,0.07929811952886265,609
HUBG,500,2015-01-01,2026-07-12,0.14348804474492183,602
VC,495,2015-01-01,2026-07-12,0.10691527788393348,582
LYFT,485,2015-01-01,2026-07-12,0.06203228825324832,782
SEIC,481,2015-01-01,2026-07-12,0.267676062920566,607
JACK,479,2015-01-01,2026-07-12,0.06895684462406883,798
ADBE,473,2015-01-01,2026-07-12,0.1363421066817007,658
PARK,459,2015-01-01,2026-07-12,0.16566526456746297,553
HIVE,437,2015-01-01,2026-07-12,0.1077973946134518,504
LRCX,419,2015-01-01,2026-07-12,0.17413659205591547,498
LAKE,417,2015-01-01,2026-07-12,0.08766775209093602,516
FRMM,415,2015-01-01,2026-07-12,0.1351833270757119,489
BAND,414,2015-01-01,2026-07-12,0.1201582731836696,503
QUBT,413,2015-01-01,2026-07-12,0.08059315928173669,497
BIRD,412,2015-01-01,2026-07-12,0.007136597685676221,522
OFSSH,410,2015-01-01,2026-07-12,0.13202016307697886,482
FOSL,409,2015-01-01,2026-07-12,0.12320290909884736,497
AIOS,407,2015-01-01,2026-07-12,0.09928093843442373,487
PLUG,404,2015-01-01,2026-07-12,0.1543336270700611,560
MDB,396,2015-01-01,2026-07-12,0.0693210460427559,486
ARRY,394,2015-01-01,2026-07-12,0.12326232833885865,463
HOOD,394,2015-01-01,2026-07-12,0.13094830739478974,664
QQQ,389,2015-01-01,2026-07-12,0.15188578398730568,575
TLS,382,2015-01-01,2026-07-12,0.07599841623036649,444
ROCK,376,2015-01-01,2026-07-12,0.11117861332679158,425
LQDA,372,2015-01-01,2026-07-12,0.14313479850004518,425
WASH,370,2015-01-01,2026-07-12,0.04503806531531532,513
GTLB,367,2015-01-01,2026-07-12,0.06994463215258856,465
DBX,359,2015-01-01,2026-07-12,0.12864920535437946,468
SEED,356,2015-01-01,2026-07-12,0.09498357540207095,400
TRIP,352,2015-01-01,2026-07-12,0.10136617058595,417
SBFG,351,2015-01-01,2026-07-12,0.17905271185595706,418
SBUX,350,2015-01-01,2026-07-12,0.07877147844766691,465
CNVS,349,2015-01-01,2026-07-12,0.114354495653394,457
ABTS,349,2015-01-01,2026-07-12,0.2140270630372493,394
SOWG,349,2015-01-01,2026-07-12,0.7042791620747925,392
ICLR,347,2015-01-01,2026-07-12,0.18162766203311298,402
CSCO,347,2015-01-01,2026-07-12,0.07415113629738546,456
OPRX,346,2015-01-01,2026-07-12,0.7747324166950018,378
EBAY,345,2015-01-01,2026-07-12,0.11199938893087037,465
ULCC,341,2015-01-01,2026-07-12,0.139462354948766,415
TRMD,336,2015-01-01,2026-07-12,0.12227525520245977,392
RPD,334,2015-01-01,2026-07-12,0.17716422889316755,372
POOL,334,2015-01-01,2026-07-12,0.14945265119760479,375
VALU,332,2015-01-01,2026-07-12,0.5299489440113395,369
IONR,330,2015-01-01,2026-07-12,0.11995375252525253,387
ICON,326,2015-01-01,2026-07-12,0.2719231996571635,365
IRON,324,2015-01-01,2026-07-12,0.14515303776325345,359
XFOR,320,2015-01-01,2026-07-12,0.14850856486344538,394
HURC,313,2015-01-01,2026-07-12,0.13890867752212707,351
ATLN,310,2015-01-01,2026-07-12,0.08435536710873691,370
TOUR,308,2015-01-01,2026-07-12,0.10684774159663867,350
OBAI,308,2015-01-01,2026-07-12,0.1739639466226373,341
GPRO,307,2015-01-01,2026-07-12,0.1618106710184938,471
AIIO,305,2015-01-01,2026-07-12,0.13344803405363556,354
SIRI,304,2015-01-01,2026-07-12,0.12260426726938593,416
EDIT,303,2015-01-01,2026-07-12,0.1703267320402117,350
ALAR,302,2015-01-01,2026-07-12,-0.11454476046539215,353
DASH,301,2015-01-01,2026-07-12,0.11816754272084505,400
SKIN,295,2015-01-01,2026-07-12,0.14342029760408218,421
IBKR,295,2015-01-01,2026-07-12,0.1069068781275222,359
IQ,293,2015-01-01,2026-07-12,0.10139721899688603,438
QCOM,292,2015-01-01,2026-07-12,0.05995624324155524,357
ROKU,287,2015-01-01,2026-07-12,0.16551120198427569,518
LEE,284,2015-01-01,2026-07-12,0.08121752671572421,389
IPW,283,2015-01-01,2026-07-12,0.14574137452861005,328
AERT,283,2015-01-01,2026-07-12,0.09610553003533569,340
GRVY,281,2015-01-01,2026-07-12,0.06250457295373665,305
RCAT,280,2015-01-01,2026-07-12,0.11773596421312428,362
ECHO,278,2015-01-01,2026-07-12,0.21649239228747005,365
CMCSA,263,2015-01-01,2026-07-12,0.01745976419750156,401
EVCM,260,2015-01-01,2026-07-12,0.23678154524886877,314
WING,259,2015-01-01,2026-07-12,0.08190722168961438,301
ENTG,259,2015-01-01,2026-07-12,0.12718570791653913,283
CETY,258,2015-01-01,2026-07-12,0.8168016709294531,310
IMNM,257,2015-01-01,2026-07-12,0.3278098683909361,297
FOX,256,2015-01-01,2026-07-12,0.07556675223214286,315
GOOG,251,2015-01-01,2026-07-12,0.0866223043923312,317
STKE,248,2015-01-01,2026-07-12,0.25550290085388994,268
TXMD,248,2015-01-01,2026-07-12,0.16753757542429273,319
LQDT,246,2015-01-01,2026-07-12,0.08611240359204834,285
CAPS,245,2015-01-01,2026-07-12,0.1000074899420655,305
MASK,245,2015-01-01,2026-07-12,0.09383247437436514,298
RIOT,243,2015-01-01,2026-07-12,-0.24715634419468116,346
ATOM,243,2015-01-01,2026-07-12,0.0854874279835391,286
ITIC,243,2015-01-01,2026-07-12,0.14663963991769546,293
UCAR,242,2015-01-01,2026-07-12,0.11957175619834712,265
IPST,239,2015-01-01,2026-07-12,0.21780265239150054,271
JYNT,238,2015-01-01,2026-07-12,0.13263904848309482,274
RAIL,231,2015-01-01,2026-07-12,0.08038666666666668,259
SNEX,227,2015-01-01,2026-07-12,0.061141784140969165,257
BEEM,224,2015-01-01,2026-07-12,0.08432435267857143,255
ILLR,220,2015-01-01,2026-07-12,0.07700264478609625,266
LI,219,2015-01-01,2026-07-12,0.1281916618806925,263
LITE,217,2015-01-01,2026-07-12,0.10763928571428573,254
DLTR,216,2015-01-01,2026-07-12,0.10005084182098765,237
LVO,215,2015-01-01,2026-07-12,0.1067446646803265,243
AVGO,214,2015-01-01,2026-07-12,0.10460291886928376,316
CLMB,210,2015-01-01,2026-07-12,0.15494761904761906,227
JD,209,2015-01-01,2026-07-12,0.09748853652400988,353
TIL,209,2015-01-01,2026-07-12,0.10125145288019513,245
BYND,206,2015-01-01,2026-07-12,0.07108068082745075,380
SOFI,203,2015-01-01,2026-07-12,0.19996221065086578,348
CGC,203,2015-01-01,2026-07-12,0.3486285702506607,285
AXG,203,2015-01-01,2026-07-12,0.10628535641842946,235
NEO,202,2015-01-01,2026-07-12,0.03651887376237624,247
HUBC,197,2015-01-01,2026-07-12,0.5073868766796059,228
VRME,196,2015-01-01,2026-07-12,0.16406867919389978,229
RKLB,196,2015-01-01,2026-07-12,0.1587452347713279,264
ATLC,196,2015-01-01,2026-07-12,0.028707911164465787,227
LE,193,2015-01-01,2026-07-12,0.1319020844847438,227
SEAT,191,2015-01-01,2026-07-12,0.11276629699209527,227
ORIO,190,2015-01-01,2026-07-12,0.19128128947368422,204
CDNL,188,2015-01-01,2026-07-12,0.05737776595744682,214
MIMI,181,2015-01-01,2026-07-12,0.1806490055248619,204
ALT,181,2015-01-01,2026-07-12,0.11817881702957427,210
BIDU,180,2015-01-01,2026-07-12,0.05400222397668745,242
OLED,179,2015-01-01,2026-07-12,0.19599115750276613,231
DUO,179,2015-01-01,2026-07-12,0.16276377524709928,207
ARBK,178,2015-01-01,2026-07-12,0.1240630711610487,201
CRON,177,2015-01-01,2026-07-12,0.09018618809627284,221
CALM,175,2015-01-01,2026-07-12,0.49164637875457873,192
LCID,174,2015-01-01,2026-07-12,0.1433382428980693,276
BEAM,172,2015-01-01,2026-07-12,0.09342566860465117,190
ODD,171,2015-01-01,2026-07-12,-0.0955736842105263,185
PANW,171,2015-01-01,2026-07-12,0.050069457379280154,205
OPRA,171,2015-01-01,2026-07-12,0.1018485215174689,216
MRVL,170,2015-01-01,2026-07-12,0.4522249515570934,207
CRWD,169,2015-01-01,2026-07-12,0.05420942536444159,375
ROP,169,2015-01-01,2026-07-12,0.13104000140884756,182
REPL,167,2015-01-01,2026-07-12,0.0791119760479042,174
AXON,165,2015-01-01,2026-07-12,0.17423045098039217,180
MAR,162,2015-01-01,2026-07-12,0.05833583744855967,209
FCAP,159,2015-01-01,2026-07-12,0.05379599580712789,170
TONX,158,2015-01-01,2026-07-12,0.3894134335443038,172
HQ,158,2015-01-01,2026-07-12,0.05639174526904026,194
DAVE,157,2015-01-01,2026-07-12,0.12927663422564697,193
SUPX,157,2015-01-01,2026-07-12,0.6684545147995504,171
MEOH,157,2015-01-01,2026-07-12,0.04626401273885351,171
GAINZ,156,2015-01-01,2026-07-12,0.18400956196581197,213
BMRA,153,2015-01-01,2026-07-12,0.0666331154684096,183
CPOP,153,2015-01-01,2026-07-12,0.04066549019607843,159
DKNG,153,2015-01-01,2026-07-12,0.13076614440830805,290
FATE,152,2015-01-01,2026-07-12,0.03925415505675955,166
OKTA,151,2015-01-01,2026-07-12,0.07913890174982036,190
WEN,151,2015-01-01,2026-07-12,0.0801195467307042,369
PEP,150,2015-01-01,2026-07-12,0.07505280846560847,183
DCX,150,2015-01-01,2026-07-12,0.13008769555555555,177
ACB,150,2015-01-01,2026-07-12,0.14785248491616784,277
ALTO,150,2015-01-01,2026-07-12,0.02620863681917212,173
EZRA,149,2015-01-01,2026-07-12,0.1073855656759348,179
INMD,149,2015-01-01,2026-07-12,0.10885389261744967,161
ASML,147,2015-01-01,2026-07-12,0.03765997821350763,187
HROW,147,2015-01-01,2026-07-12,0.06287694077631052,156
DBGI,146,2015-01-01,2026-07-12,0.17915613215149073,155
GNLN,146,2015-01-01,2026-07-12,0.03704145662100457,213
CENT,145,2015-01-01,2026-07-12,0.12304346769747515,165
BANR,142,2015-01-01,2026-07-12,0.1076674647887324,167
ETOR,142,2015-01-01,2026-07-12,0.19152898747133967,198
UAL,142,2015-01-01,2026-07-12,0.39950908902130733,191
LBTYB,141,2015-01-01,2026-07-12,0.6879740425531915,155
SYM,140,2015-01-01,2026-07-12,0.08949768956043956,148
RELY,140,2015-01-01,2026-07-12,0.10296316233766234,151
MCHP,137,2015-01-01,2026-07-12,0.057587032765283305,155
VSME,137,2015-01-01,2026-07-12,0.026633545973133787,151
QMCO,137,2015-01-01,2026-07-12,0.16481649635036497,144
OUST,135,2015-01-01,2026-07-12,0.04341788888888889,145
TWIN,134,2015-01-01,2026-07-12,0.10001373134328358,151
MWH,134,2015-01-01,2026-07-12,0.45260820895522386,148
MYSZ,134,2015-01-01,2026-07-12,0.155742934192673,141
HWKN,133,2015-01-01,2026-07-12,0.08374239290534027,169
BOLT,132,2015-01-01,2026-07-12,0.0946202517825312,158
AAL,131,2015-01-01,2026-07-12,0.1027320432080642,187
SWIM,130,2015-01-01,2026-07-12,0.08717381623931625,139
FLUX,128,2015-01-01,2026-07-12,0.1050273828125,148
DUOL,128,2015-01-01,2026-07-12,0.07194800223214286,152
FRGT,127,2015-01-01,2026-07-12,0.07928846456692913,140
ARKR,127,2015-01-01,2026-07-12,0.04618062992125985,129
RPAY,126,2015-01-01,2026-07-12,0.04895203703703704,136
MARA,126,2015-01-01,2026-07-12,0.039859643764643765,214
MSS,124,2015-01-01,2026-07-12,0.09636353615478449,172
LGHL,124,2015-01-01,2026-07-12,0.20990459044908288,145
TH,122,2015-01-01,2026-07-12,0.11064666276346603,156
XP,122,2015-01-01,2026-07-12,0.6638911270491804,139
MORN,122,2015-01-01,2026-07-12,0.21314557377049181,137
AIRG,121,2015-01-01,2026-07-12,0.41552958098942055,138
NTGR,121,2015-01-01,2026-07-12,0.1763509601519045,201
INCY,121,2015-01-01,2026-07-12,-0.0013547107438016527,125
ATLO,121,2015-01-01,2026-07-12,0.08439539377734565,132
RAND,121,2015-01-01,2026-07-12,0.07217351968886729,153
TTD,120,2015-01-01,2026-07-12,0.15395970238095238,147
DGII,119,2015-01-01,2026-07-12,0.2193606554621849,131
AIP,118,2015-01-01,2026-07-12,0.11430789034411916,161
WDC,118,2015-01-01,2026-07-12,0.0599570980851001,141
NVAX,118,2015-01-01,2026-07-12,0.1346253983378449,207
AYA,117,2015-01-01,2026-07-12,0.19562435083435084,141
CAKE,116,2015-01-01,2026-07-12,0.17734065732758622,129
TLRY,116,2015-01-01,2026-07-12,0.1629421930972172,244
UPST,115,2015-01-01,2026-07-12,0.1067437784679089,150
XRX,115,2015-01-01,2026-07-12,0.09680373913043477,125
GILD,114,2015-01-01,2026-07-12,0.07795465309193976,147
PONY,114,2015-01-01,2026-07-12,0.11176223684210528,127
NVMI,112,2015-01-01,2026-07-12,0.12769642857142857,130
CHEF,112,2015-01-01,2026-07-12,0.10310325892857143,130
PROP,112,2015-01-01,2026-07-12,0.134511875,125
SONO,111,2015-01-01,2026-07-12,0.11156340696658501,152
NWPX,110,2015-01-01,2026-07-12,0.0701441526120938,118
FLEX,110,2015-01-01,2026-07-12,0.13586063636363638,117
MRCY,110,2015-01-01,2026-07-12,0.08948410160427807,131
FTRE,110,2015-01-01,2026-07-12,0.05572577272727273,115
SUNE,109,2015-01-01,2026-07-12,0.13777775709434964,225
VCEL,109,2015-01-01,2026-07-12,0.11744130275229359,143
TAOP,108,2015-01-01,2026-07-12,0.14448875,117
ZG,108,2015-01-01,2026-07-12,0.0990418792866941,138
PENN,108,2015-01-01,2026-07-12,0.33949698412698415,122
WTO,107,2015-01-01,2026-07-12,0.10359180720598808,121
GLAD,107,2015-01-01,2026-07-12,0.6750776835781042,128
LIN,106,2015-01-01,2026-07-12,0.03622358490566038,113
FSLY,105,2015-01-01,2026-07-12,0.05702216483516484,140
FSLR,105,2015-01-01,2026-07-12,0.12300481448616743,136
CASS,105,2015-01-01,2026-07-12,0.13060542857142857,111
UPWK,105,2015-01-01,2026-07-12,0.1400924761904762,132
SAIC,104,2015-01-01,2026-07-12,0.16719317307692305,112
NVEC,104,2015-01-01,2026-07-12,0.10213021901709401,115
PETS,104,2015-01-01,2026-07-12,0.1675945757918552,108
GHRS,103,2015-01-01,2026-07-12,0.17375737864077673,108
GRAL,103,2015-01-01,2026-07-12,0.03675611650485437,112
LULU,102,2015-01-01,2026-07-12,0.19144316356810281,173
LUNG,101,2015-01-01,2026-07-12,-0.1025995981362842,111
WATT,101,2015-01-01,2026-07-12,0.2786307508250825,117
VIVO,101,2015-01-01,2026-07-12,0.12612315755488593,130
FLNT,100,2015-01-01,2026-07-12,0.10724790000000001,102
ALGN,100,2015-01-01,2026-07-12,0.20307205,108
INDB,100,2015-01-01,2026-07-12,0.14513853235294116,110
AMCI,99,2015-01-01,2026-07-12,0.1978474242424242,108
RICK,98,2015-01-01,2026-07-12,0.06913469387755102,109
RKTO,98,2015-01-01,2026-07-12,0.10568632653061225,105
YYGH,98,2015-01-01,2026-07-12,0.13743627551020407,122
CHAI,98,2015-01-01,2026-07-12,0.20095024309723888,104
TTWO,98,2015-01-01,2026-07-12,0.06815552261102953,143
PLAB,97,2015-01-01,2026-07-12,0.07718847180109158,102
AGEN,97,2015-01-01,2026-07-12,0.10031859005457854,105
BLZE,97,2015-01-01,2026-07-12,0.014322835051546393,104
PROF,97,2015-01-01,2026-07-12,0.10939835051546393,102
GLDI,96,2015-01-01,2026-07-12,0.48135420667449264,168
DOCU,96,2015-01-01,2026-07-12,0.12399213814029053,158
RTB,96,2015-01-01,2026-07-12,0.1298321875,102
STX,95,2015-01-01,2026-07-12,0.08137782456140351,105
NEON,95,2015-01-01,2026-07-12,0.09417988421052631,119
SLDE,95,2015-01-01,2026-07-12,0.11379281424148606,103
SBAC,95,2015-01-01,2026-07-12,0.10625684210526316,100
AAON,94,2015-01-01,2026-07-12,0.05513730600750939,104
SEER,94,2015-01-01,2026-07-12,0.15782491239048813,102
COKE,94,2015-01-01,2026-07-12,0.09569952127659576,101
TYGO,94,2015-01-01,2026-07-12,0.46903696808510636,107
CELH,93,2015-01-01,2026-07-12,0.11195217115506381,157
GT,93,2015-01-01,2026-07-12,0.36958504856052726,107
BZFD,91,2015-01-01,2026-07-12,0.08007839874411303,113
PTON,91,2015-01-01,2026-07-12,0.18431303046546949,141
ITRI,90,2015-01-01,2026-07-12,0.016560435360025647,127
PCB,90,2015-01-01,2026-07-12,0.12188244444444443,94
MNRO,90,2015-01-01,2026-07-12,0.12292816666666669,103
HSDT,90,2015-01-01,2026-07-12,0.08113716481481482,121
WSC,90,2015-01-01,2026-07-12,0.11584407120743033,100
DJT,89,2015-01-01,2026-07-12,0.16199557603011297,296
HTZ,89,2015-01-01,2026-07-12,0.06155220469605301,122
PENG,89,2015-01-01,2026-07-12,0.04160500432152118,98
OM,89,2015-01-01,2026-07-12,0.012027415730337079,112
LEDS,89,2015-01-01,2026-07-12,0.20643674157303368,92
HALO,88,2015-01-01,2026-07-12,0.167112601010101,102
TSEM,88,2015-01-01,2026-07-12,0.047590595095693786,93
ASTS,88,2015-01-01,2026-07-12,0.19207400068064348,146
QSI,88,2015-01-01,2026-07-12,0.10436318181818181,90
AVXL,87,2015-01-01,2026-07-12,0.08448334758823553,190
GENK,87,2015-01-01,2026-07-12,0.09861379310344827,90
GRRR,87,2015-01-01,2026-07-12,0.0670804022988506,102
MGEE,87,2015-01-01,2026-07-12,0.5399395300878972,99
WSFS,87,2015-01-01,2026-07-12,0.15175275862068965,95
ITOC,86,2015-01-01,2026-07-12,0.15896709302325582,94
DFDV,85,2015-01-01,2026-07-12,0.13517964705882354,93
MGNI,85,2015-01-01,2026-07-12,0.0758017047289504,97
AFRM,85,2015-01-01,2026-07-12,0.16940943878727963,110
MSTR,85,2015-01-01,2026-07-12,0.15721037530597046,158
WBD,84,2015-01-01,2026-07-12,0.06080923319327732,111
DRS,84,2015-01-01,2026-07-12,0.1652017331932773,129
EXPO,84,2015-01-01,2026-07-12,0.1465598214285714,87
MAZE,84,2015-01-01,2026-07-12,0.05754440476190476,89
CSIQ,83,2015-01-01,2026-07-12,0.09801157391470644,97
SNDK,83,2015-01-01,2026-07-12,0.09601032049929556,136
SRCE,82,2015-01-01,2026-07-12,0.45520628048780487,90
SHOE,82,2015-01-01,2026-07-12,0.2164572127298813,89
FORTY,82,2015-01-01,2026-07-12,0.1421418292682927,84
AIRT,81,2015-01-01,2026-07-12,0.21136703703703705,83
JAZZ,80,2015-01-01,2026-07-12,0.18588618750000002,85
MATW,80,2015-01-01,2026-07-12,0.09805142307692308,93
OCTV,80,2015-01-01,2026-07-12,0.6597891176470588,87
CMPR,80,2015-01-01,2026-07-12,0.39829012500000005,85
WKHS,79,2015-01-01,2026-07-12,0.10559201491922723,171
WFF,79,2015-01-01,2026-07-12,0.07103497565725414,87
MRBK,78,2015-01-01,2026-07-12,0.148375,83
IMCC,78,2015-01-01,2026-07-12,0.1657399704142012,83
ENPH,78,2015-01-01,2026-07-12,0.1987782371794872,95
SAIL,77,2015-01-01,2026-07-12,0.09145877005347594,85
INTU,77,2015-01-01,2026-07-12,0.19946954545454545,93
MNKD,77,2015-01-01,2026-07-12,0.11222636363636365,95
GDC,76,2015-01-01,2026-07-12,0.13205216893039048,86
CBRS,76,2015-01-01,2026-07-12,0.04795860681114551,100
GTX,76,2015-01-01,2026-07-12,0.14123211523125997,96
INBS,75,2015-01-01,2026-07-12,0.5748888,81
INHD,75,2015-01-01,2026-07-12,-0.05490359999999999,76
POET,74,2015-01-01,2026-07-12,0.08503972972972974,80
YI,73,2015-01-01,2026-07-12,0.1800741095890411,77
KHC,73,2015-01-01,2026-07-12,0.08022572231421546,92
KELYA,73,2015-01-01,2026-07-12,0.10476616438356165,82
SMCI,73,2015-01-01,2026-07-12,0.0501162881762591,191
SPCX,73,2015-01-01,2026-07-12,0.3695091248097413,87
IRTC,73,2015-01-01,2026-07-12,0.1469201893634166,80
STRL,72,2015-01-01,2026-07-12,0.1522733695652174,80
ILMN,72,2015-01-01,2026-07-12,0.07616371863799283,83
CERT,72,2015-01-01,2026-07-12,0.038796527777777784,80
PCT,71,2015-01-01,2026-07-12,0.045638487986744004,75
XXII,71,2015-01-01,2026-07-12,0.131697676056338,87
DFNS,70,2015-01-01,2026-07-12,0.25003128,79
WDAY,70,2015-01-01,2026-07-12,0.0911807032967033,81
EXE,69,2015-01-01,2026-07-12,0.12015760869565217,73
GRPN,69,2015-01-01,2026-07-12,0.11539016722408027,80
ALLT,69,2015-01-01,2026-07-12,0.14246521739130436,82
CODX,69,2015-01-01,2026-07-12,0.15638436392914654,78
GLUE,69,2015-01-01,2026-07-12,0.06937565217391305,73
MVBF,68,2015-01-01,2026-07-12,0.2530403431372549,73
BNTX,68,2015-01-01,2026-07-12,0.033832389705882364,84
FANG,68,2015-01-01,2026-07-12,0.11605742647058824,78
ZJYL,68,2015-01-01,2026-07-12,0.11131279411764707,70
ACGLN,68,2015-01-01,2026-07-12,0.16755463235294119,73
AUPH,67,2015-01-01,2026-07-12,0.06550321510889609,155
PODD,67,2015-01-01,2026-07-12,-0.22785922739244951,75
AMAT,67,2015-01-01,2026-07-12,0.11975791810179871,80
WB,67,2015-01-01,2026-07-12,0.11993194029850748,71
DARE,66,2015-01-01,2026-07-12,0.08485125,71
GTBP,66,2015-01-01,2026-07-12,0.2625209090909091,78
RDWR,65,2015-01-01,2026-07-12,0.05852747642679901,76
ULTA,65,2015-01-01,2026-07-12,0.25508741025641024,92
COO,65,2015-01-01,2026-07-12,0.06232788530395436,80
GEHC,64,2015-01-01,2026-07-12,0.1933689154411765,73
ACIW,64,2015-01-01,2026-07-12,0.04719750000000001,68
ZM,64,2015-01-01,2026-07-12,0.10846749063456401,163
BOKF,64,2015-01-01,2026-07-12,0.1704065625,65
FRVO,64,2015-01-01,2026-07-12,0.4510870588235294,69
OTEX,63,2015-01-01,2026-07-12,0.037694285714285715,64
FROG,63,2015-01-01,2026-07-12,0.03060571428571429,68
DPRO,63,2015-01-01,2026-07-12,0.10401666666666666,65
ADSK,63,2015-01-01,2026-07-12,0.06705081232492997,70
FA,63,2015-01-01,2026-07-12,0.17621190476190476,67
SNES,62,2015-01-01,2026-07-12,0.21892381720430107,68
ALOT,62,2015-01-01,2026-07-12,0.34462223908918405,71
NAKA,62,2015-01-01,2026-07-12,0.04877376088069636,90
NDLS,62,2015-01-01,2026-07-12,0.1232201612903226,64
GV,61,2015-01-01,2026-07-12,0.6066987512054002,66
CSAI,61,2015-01-01,2026-07-12,0.13743262295081968,64
FISI,61,2015-01-01,2026-07-12,0.19934912926632625,71
CRSP,61,2015-01-01,2026-07-12,0.11429385245901641,73
SLS,61,2015-01-01,2026-07-12,0.08849491321118613,74
CRBP,60,2015-01-01,2026-07-12,0.08900140927960928,86
CAPNR,60,2015-01-01,2026-07-12,0.16476072222222224,64
TC,60,2015-01-01,2026-07-12,0.26982975000000003,68
ADP,60,2015-01-01,2026-07-12,0.15334049673202615,72
RIVN,60,2015-01-01,2026-07-12,0.16701378635147274,140
RXT,60,2015-01-01,2026-07-12,0.01658903571428572,68
BTCT,59,2015-01-01,2026-07-12,0.4435276271186441,64
LPLA,58,2015-01-01,2026-07-12,0.31320672413793105,58
TMUSL,58,2015-01-01,2026-07-12,0.11999844827586206,61
USAU,58,2015-01-01,2026-07-12,0.0801101318458418,61
HON,58,2015-01-01,2026-07-12,0.14917396551724138,61
SATA,57,2015-01-01,2026-07-12,0.22470157894736842,58
CLNE,57,2015-01-01,2026-07-12,0.6359674513243894,68
AVX,57,2015-01-01,2026-07-12,0.2188536842105263,60
FRMI,56,2015-01-01,2026-07-12,0.06730576719576721,62
RVSN,56,2015-01-01,2026-07-12,0.34609982142857143,61
REG,56,2015-01-01,2026-07-12,0.07732196428571428,80
NTNX,56,2015-01-01,2026-07-12,0.12205241071428571,77
TXN,55,2015-01-01,2026-07-12,0.10053872727272728,58
IREN,55,2015-01-01,2026-07-12,0.16178336363636364,62
QS,55,2015-01-01,2026-07-12,0.15388464907276456,129
REE,55,2015-01-01,2026-07-12,0.21594667074102367,61
LAES,55,2015-01-01,2026-07-12,0.02469163636363637,55
BNC,54,2015-01-01,2026-07-12,0.3566114705882353,56
AMBA,54,2015-01-01,2026-07-12,0.05952515432098766,62
BFC,54,2015-01-01,2026-07-12,0.11476277777777778,57
ICUI,54,2015-01-01,2026-07-12,0.21746166666666666,56
ANDE,54,2015-01-01,2026-07-12,0.18621981481481484,58
RCEL,54,2015-01-01,2026-07-12,0.10467222222222221,57
GSM,54,2015-01-01,2026-07-12,0.1863638888888889,62
FCUV,54,2015-01-01,2026-07-12,0.05704327009936767,64
CART,53,2015-01-01,2026-07-12,0.08280945615982244,59
CRNC,53,2015-01-01,2026-07-12,0.0374538679245283,55
CNEY,53,2015-01-01,2026-07-12,0.3148137735849057,58
FIZZ,53,2015-01-01,2026-07-12,0.05785415094339623,62
EH,53,2015-01-01,2026-07-12,0.17118347708894882,63
ZS,52,2015-01-01,2026-07-12,0.19081104289940826,62
PTN,52,2015-01-01,2026-07-12,0.10055181184012066,68
SWMR,52,2015-01-01,2026-07-12,0.23260516968325792,60
EXPE,51,2015-01-01,2026-07-12,0.14761401960784315,62
HUT,51,2015-01-01,2026-07-12,0.09794297413082881,66
ELMT,51,2015-01-01,2026-07-12,0.12541166666666667,63
GEVO,50,2015-01-01,2026-07-12,0.11336257935067554,69
BCPC,50,2015-01-01,2026-07-12,0.1245516,52
LITS,50,2015-01-01,2026-07-12,0.2084358,52
MBAI,50,2015-01-01,2026-07-12,0.2264436,54
INTZ,50,2015-01-01,2026-07-12,0.08867220000000002,51
CNXN,49,2015-01-01,2026-07-12,0.03909091836734694,51
TRS,49,2015-01-01,2026-07-12,0.09811622448979591,51
DPZ,49,2015-01-01,2026-07-12,0.13294714285714287,54
BMBL,49,2015-01-01,2026-07-12,0.1234469387755102,55
SBGI,49,2015-01-01,2026-07-12,0.10554278211284512,62
AKAM,49,2015-01-01,2026-07-12,0.04466632653061225,55
PAVM,48,2015-01-01,2026-07-12,0.002777500000000002,50
CBC,48,2015-01-01,2026-07-12,0.03512562500000001,51
AMCX,48,2015-01-01,2026-07-12,0.014082847222222222,54
WYNN,47,2015-01-01,2026-07-12,0.08073227158948686,54
PPC,47,2015-01-01,2026-07-12,0.34643436795995,53
AMBR,47,2015-01-01,2026-07-12,0.17416914893617022,53
OPCH,47,2015-01-01,2026-07-12,0.6918708510638297,49
SEDG,47,2015-01-01,2026-07-12,0.040957895981087476,54
AZ,46,2015-01-01,2026-07-12,0.072504226342711,50
SNDL,46,2015-01-01,2026-07-12,0.10959584802831693,183
WIX,45,2015-01-01,2026-07-12,0.11375755555555556,54
DSP,45,2015-01-01,2026-07-12,0.09075066666666666,48
BIIB,45,2015-01-01,2026-07-12,0.23277818418418417,67
BLLN,45,2015-01-01,2026-07-12,0.11790866666666668,49
TMUS,44,2015-01-01,2026-07-12,0.2325589318181818,55
ASTI,44,2015-01-01,2026-07-12,0.13372204545454547,58
STRR,44,2015-01-01,2026-07-12,0.17139340909090908,47
TRI,44,2015-01-01,2026-07-12,0.08729550802139037,52
VNDA,44,2015-01-01,2026-07-12,0.11407499999999998,49
INO,44,2015-01-01,2026-07-12,0.14878752880767035,77
RCON,44,2015-01-01,2026-07-12,0.13991863636363636,45
CME,44,2015-01-01,2026-07-12,0.046521036083652365,57
ESCA,43,2015-01-01,2026-07-12,-0.18068511627906975,45
WLDS,43,2015-01-01,2026-07-12,0.16480360465116278,45
ARCC,43,2015-01-01,2026-07-12,0.22405813953488374,45
EVO,43,2015-01-01,2026-07-12,0.17802488372093023,51
CRIS,43,2015-01-01,2026-07-12,0.041875813953488376,48
SFIX,42,2015-01-01,2026-07-12,0.10749310924369748,68
PLBY,42,2015-01-01,2026-07-12,0.10763428571428572,59
CLOV,42,2015-01-01,2026-07-12,0.21332532589458547,97
CISO,42,2015-01-01,2026-07-12,0.10664071428571428,48
DCTH,41,2015-01-01,2026-07-12,0.094220690772642,64
XAIR,41,2015-01-01,2026-07-12,0.12850756097560975,44
GAIA,41,2015-01-01,2026-07-12,0.1026329268292683,51
JBLU,41,2015-01-01,2026-07-12,0.12398231707317074,48
FCEL,40,2015-01-01,2026-07-12,0.25575749999999997,48
AAOI,40,2015-01-01,2026-07-12,0.041733132030397614,105
CPB,40,2015-01-01,2026-07-12,0.11273805,49
GH,40,2015-01-01,2026-07-12,0.26510025000000004,41
GOGO,40,2015-01-01,2026-07-12,0.1178385,46
HBT,40,2015-01-01,2026-07-12,0.175953,43
TNON,40,2015-01-01,2026-07-12,0.16621575,43
VICR,40,2015-01-01,2026-07-12,0.1131135,40
MELI,39,2015-01-01,2026-07-12,0.07323615384615385,46
FWRD,39,2015-01-01,2026-07-12,0.22460615384615387,40
GLRE,39,2015-01-01,2026-07-12,0.005820769230769232,41
CUE,39,2015-01-01,2026-07-12,0.1063623076923077,40
VERX,39,2015-01-01,2026-07-12,0.19672212931995542,45
TTMI,39,2015-01-01,2026-07-12,0.21578230769230772,44
KUST,38,2015-01-01,2026-07-12,0.67035,38
APLD,38,2015-01-01,2026-07-12,0.10030605263157895,46
ICU,38,2015-01-01,2026-07-12,-0.03715973684210526,41
FNKO,38,2015-01-01,2026-07-12,0.038434114551083594,51
SWKS,38,2015-01-01,2026-07-12,0.1565664912280702,43
BTBT,38,2015-01-01,2026-07-12,0.09102657894736843,47
ZBRA,38,2015-01-01,2026-07-12,0.12617921052631578,39
GSAT,38,2015-01-01,2026-07-12,0.1590605898366606,51
CDXS,37,2015-01-01,2026-07-12,0.1005972972972973,39
CROX,37,2015-01-01,2026-07-12,0.07985270270270271,47
SOUN,37,2015-01-01,2026-07-12,0.211245746799431,71
BRAG,37,2015-01-01,2026-07-12,0.14976054054054055,39
DJCO,37,2015-01-01,2026-07-12,0.03029189189189189,43
VERA,37,2015-01-01,2026-07-12,0.1923445945945946,46
BJRI,37,2015-01-01,2026-07-12,0.12684162162162163,40
SPRY,36,2015-01-01,2026-07-12,0.15514083333333334,38
RYAAY,36,2015-01-01,2026-07-12,0.04923944444444444,42
DORM,36,2015-01-01,2026-07-12,0.0440575,40
RUBI,36,2015-01-01,2026-07-12,0.10548157407407407,44
ATOS,36,2015-01-01,2026-07-12,0.17366893518518517,52
VRNS,36,2015-01-01,2026-07-12,0.08982000000000001,37
PAL,36,2015-01-01,2026-07-12,0.1257775,37
CRML,36,2015-01-01,2026-07-12,-0.11168651515151515,60
ACMR,35,2015-01-01,2026-07-12,0.19289914285714285,38
UFPI,35,2015-01-01,2026-07-12,0.3042154285714286,38
CRWV,35,2015-01-01,2026-07-12,0.08090910204081633,49
CZR,35,2015-01-01,2026-07-12,0.44590512605042015,38
ISSC,35,2015-01-01,2026-07-12,0.5284268571428571,35
BZUN,35,2015-01-01,2026-07-12,0.08407533333333335,45
MAT,35,2015-01-01,2026-07-12,0.1308969684149522,43
CNET,35,2015-01-01,2026-07-12,0.007959428571428579,41
ARQQ,34,2015-01-01,2026-07-12,0.14602127450980393,41
ANIP,34,2015-01-01,2026-07-12,0.11288794117647061,39
JTAI,34,2015-01-01,2026-07-12,0.10990941176470588,35
SNPS,34,2015-01-01,2026-07-12,0.12749697478991595,43
AUC,34,2015-01-01,2026-07-12,0.3590595588235294,38
IIIV,34,2015-01-01,2026-07-12,0.1618469117647059,38
JAGX,34,2015-01-01,2026-07-12,0.21607653361344537,45
NXT,34,2015-01-01,2026-07-12,0.18283588235294118,37
LUCY,34,2015-01-01,2026-07-12,0.12041735294117648,35
KG,34,2015-01-01,2026-07-12,0.13517161764705882,37
LUNR,33,2015-01-01,2026-07-12,0.09835073232323233,63
TROW,33,2015-01-01,2026-07-12,0.2417509090909091,36
REGN,33,2015-01-01,2026-07-12,0.05364626262626264,37
LYTS,33,2015-01-01,2026-07-12,0.13314363636363638,35
HRTX,33,2015-01-01,2026-07-12,0.0932560606060606,45
ATER,33,2015-01-01,2026-07-12,0.19245566985645934,44
VERI,33,2015-01-01,2026-07-12,0.054979999999999994,38
BLNK,33,2015-01-01,2026-07-12,0.04583575757575758,39
TW,32,2015-01-01,2026-07-12,0.2238590625,35
GP,32,2015-01-01,2026-07-12,0.12324522321428572,36
AMPL,32,2015-01-01,2026-07-12,0.07682671875000001,35
STRT,32,2015-01-01,2026-07-12,0.504653125,37
AMRN,32,2015-01-01,2026-07-12,0.17315278846153848,48
HIMX,32,2015-01-01,2026-07-12,0.11868036057692308,43
IONS,32,2015-01-01,2026-07-12,0.09835312500000001,35
VIR,32,2015-01-01,2026-07-12,0.19347843750000002,33
MNDY,32,2015-01-01,2026-07-12,0.20372385416666666,37
CDNS,31,2015-01-01,2026-07-12,0.08406387096774194,33
PZZA,31,2015-01-01,2026-07-12,0.16825161290322582,35
AURA,31,2015-01-01,2026-07-12,0.1233841935483871,34
HHS,31,2015-01-01,2026-07-12,-0.055526214421252364,35
EQIX,31,2015-01-01,2026-07-12,0.12408,34
FGI,31,2015-01-01,2026-07-12,0.2325701612903226,33
CRSR,31,2015-01-01,2026-07-12,0.2924407009925558,64
MVIS,31,2015-01-01,2026-07-12,0.12312699884792627,58
CG,31,2015-01-01,2026-07-12,0.11649967741935484,31
CHYM,30,2015-01-01,2026-07-12,0.13696464516129034,36
AIRO,30,2015-01-01,2026-07-12,0.014447055555555562,35
EXC,30,2015-01-01,2026-07-12,0.44505155555555553,35
NN,30,2015-01-01,2026-07-12,0.053367000000000005,31
NNDM,30,2015-01-01,2026-07-12,0.12804483333333333,42
ANGI,29,2015-01-01,2026-07-12,0.13896696223316915,32
IEP,29,2015-01-01,2026-07-12,0.07843341042893189,36
USCB,29,2015-01-01,2026-07-12,0.26626241379310345,35
KTOS,29,2015-01-01,2026-07-12,0.1530993103448276,32
POLA,29,2015-01-01,2026-07-12,0.29875740365111564,32
BRRR,29,2015-01-01,2026-07-12,0.18019011494252873,39
TBH,29,2015-01-01,2026-07-12,0.2839512347052281,35
CAAS,29,2015-01-01,2026-07-12,0.23189275862068967,30
LOGI,28,2015-01-01,2026-07-12,0.11672892857142858,28
OESX,28,2015-01-01,2026-07-12,0.4460496428571429,28
OCC,28,2015-01-01,2026-07-12,0.11124871753246754,33
SABR,28,2015-01-01,2026-07-12,0.11399785714285715,34
OSIS,28,2015-01-01,2026-07-12,0.15150857142857146,32
TGTX,28,2015-01-01,2026-07-12,0.20041357142857144,31
MIST,28,2015-01-01,2026-07-12,0.06942642857142857,28
PERI,28,2015-01-01,2026-07-12,0.14013378151260505,30
NCI,28,2015-01-01,2026-07-12,0.09877285714285713,29
TER,28,2015-01-01,2026-07-12,0.059360357142857145,30
SRPT,28,2015-01-01,2026-07-12,0.13455214285714287,33
ISRG,27,2015-01-01,2026-07-12,0.14213,29
HOLO,27,2015-01-01,2026-07-12,0.15254967320261437,36
TBBK,27,2015-01-01,2026-07-12,0.006315555555555564,29
PASG,27,2015-01-01,2026-07-12,0.23163888888888892,28
PRPL,27,2015-01-01,2026-07-12,0.23643244444444442,39
LESL,27,2015-01-01,2026-07-12,-0.022766666666666664,27
CRE,27,2015-01-01,2026-07-12,0.06791666666666668,28
GSUN,27,2015-01-01,2026-07-12,0.09514333333333334,30
OWLS,27,2015-01-01,2026-07-12,-0.0009133333333333216,27
NXPI,27,2015-01-01,2026-07-12,0.09535833333333334,32
CLBT,27,2015-01-01,2026-07-12,-0.03566666666666666,37
AVNW,27,2015-01-01,2026-07-12,0.25647555555555557,28
NVTS,27,2015-01-01,2026-07-12,0.08093516339869282,32
LPRO,27,2015-01-01,2026-07-12,0.2944777777777778,29
ESTA,27,2015-01-01,2026-07-12,0.19613999999999998,29
ETON,27,2015-01-01,2026-07-12,0.2944392592592593,30
IVF,26,2015-01-01,2026-07-12,0.07396153846153847,27
UZX,26,2015-01-01,2026-07-12,0.1411717455621302,31
NTAP,26,2015-01-01,2026-07-12,0.1722656043956044,34
FTNT,26,2015-01-01,2026-07-12,0.17704461538461538,28
NSSC,26,2015-01-01,2026-07-12,0.27537576923076923,26
TUSK,26,2015-01-01,2026-07-12,0.08723480769230771,29
TNDM,26,2015-01-01,2026-07-12,0.28181102564102567,29
CDNA,26,2015-01-01,2026-07-12,0.34942615384615383,28
OCGN,26,2015-01-01,2026-07-12,0.3023117307692308,51
JLHL,26,2015-01-01,2026-07-12,0.1527853846153846,28
NBIS,25,2015-01-01,2026-07-12,0.19505822352941177,38
WTW,25,2015-01-01,2026-07-12,0.027345599999999998,30
OSUR,25,2015-01-01,2026-07-12,0.1474224,25
CCOI,25,2015-01-01,2026-07-12,0.036143999999999996,28
CAI,25,2015-01-01,2026-07-12,0.22169026666666666,27
ASO,25,2015-01-01,2026-07-12,0.1904486,40
SWBI,25,2015-01-01,2026-07-12,0.21050072598039216,48
VRM,25,2015-01-01,2026-07-12,0.036910329411764704,42
CLSK,25,2015-01-01,2026-07-12,0.222562,36
AMGN,25,2015-01-01,2026-07-12,0.17288399999999998,26
TLX,25,2015-01-01,2026-07-12,0.2554972,27
CLAR,25,2015-01-01,2026-07-12,0.0669936,29
VRSK,25,2015-01-01,2026-07-12,-0.018541199999999997,26
TCMD,25,2015-01-01,2026-07-12,0.1155324,26
APM,25,2015-01-01,2026-07-12,0.10810680000000002,25
TLN,24,2015-01-01,2026-07-12,0.42466999999999994,24
CPRX,24,2015-01-01,2026-07-12,0.19018000000000002,32
MOBX,24,2015-01-01,2026-07-12,0.13325250000000002,24
OGI,24,2015-01-01,2026-07-12,0.22034,28
TENX,24,2015-01-01,2026-07-12,-0.0021563970588235246,33
HNST,24,2015-01-01,2026-07-12,0.28647625,24
NWL,24,2015-01-01,2026-07-12,0.013094375,29
TEM,24,2015-01-01,2026-07-12,0.02281125000000001,30
PRHIZ,24,2015-01-01,2026-07-12,0.20836375,24
MENS,24,2015-01-01,2026-07-12,0.2197609375,28
ALLO,23,2015-01-01,2026-07-12,0.21829097826086957,46
RIGL,23,2015-01-01,2026-07-12,0.07840565217391304,25
VRTX,23,2015-01-01,2026-07-12,0.13096144927536232,25
CSGP,23,2015-01-01,2026-07-12,0.23995826086956523,24
FTHM,23,2015-01-01,2026-07-12,0.0075547826086956585,23
DYN,23,2015-01-01,2026-07-12,0.08500200000000001,39
PMCB,23,2015-01-01,2026-07-12,0.1266313043478261,25
BTOG,23,2015-01-01,2026-07-12,0.20081869565217392,25
NEXR,23,2015-01-01,2026-07-12,0.22948168992426865,40
UPBD,23,2015-01-01,2026-07-12,0.06292695652173914,24
BSY,22,2015-01-01,2026-07-12,0.14187545454545455,26
AFJKU,22,2015-01-01,2026-07-12,0.2935063636363636,22
MNST,22,2015-01-01,2026-07-12,0.28927318181818185,28
NXTT,22,2015-01-01,2026-07-12,0.25488068181818185,24
TNXP,22,2015-01-01,2026-07-12,0.07860818181818181,25
BOXL,22,2015-01-01,2026-07-12,0.008480454545454546,24
ISPC,22,2015-01-01,2026-07-12,0.0965659090909091,23
USAR,22,2015-01-01,2026-07-12,0.017659090909090912,26
MRAM,22,2015-01-01,2026-07-12,0.08537045454545455,22
POWL,22,2015-01-01,2026-07-12,0.23653227272727273,24
NNE,22,2015-01-01,2026-07-12,0.36537102272727273,28
NTES,22,2015-01-01,2026-07-12,0.17359363636363637,23
KE,22,2015-01-01,2026-07-12,0.44219318181818185,24
PNTG,22,2015-01-01,2026-07-12,0.0684640909090909,27
WOK,21,2015-01-01,2026-07-12,0.07569142857142859,22
SSTI,21,2015-01-01,2026-07-12,0.08560142857142856,26
WINA,21,2015-01-01,2026-07-12,0.08419428571428571,21
EQ,21,2015-01-01,2026-07-12,0.13861428571428572,23
BNGO,21,2015-01-01,2026-07-12,0.09946850158592722,86
DOX,21,2015-01-01,2026-07-12,-0.002129999999999997,21
VUZI,21,2015-01-01,2026-07-12,0.2032242857142857,23
VKTX,21,2015-01-01,2026-07-12,0.06796642857142858,23
PLXS,21,2015-01-01,2026-07-12,0.041057142857142855,21
GFS,21,2015-01-01,2026-07-12,0.16304857142857143,26
SLNG,21,2015-01-01,2026-07-12,0.14760285714285715,21
IBIO,21,2015-01-01,2026-07-12,0.2471840088593577,62
UXIN,21,2015-01-01,2026-07-12,0.08032031746031745,36
FRPH,21,2015-01-01,2026-07-12,0.22112928571428572,25
ORGN,21,2015-01-01,2026-07-12,0.11381238095238096,22
SILO,21,2015-01-01,2026-07-12,0.17766285714285715,24
VMAR,21,2015-01-01,2026-07-12,0.41386,23
AGIO,21,2015-01-01,2026-07-12,0.24904142857142858,25
PDD,20,2015-01-01,2026-07-12,0.09132900000000002,27
BRZE,20,2015-01-01,2026-07-12,0.073839,21
AGMH,20,2015-01-01,2026-07-12,0.187884,21
PFBC,20,2015-01-01,2026-07-12,0.304158,23
ALMS,20,2015-01-01,2026-07-12,0.1611675,21
CPRT,20,2015-01-01,2026-07-12,0.065217,20
PRCH,20,2015-01-01,2026-07-12,0.111681,22
CETX,20,2015-01-01,2026-07-12,0.05370899999999999,23
GTM,20,2015-01-01,2026-07-12,0.10039500000000001,21
BILI,20,2015-01-01,2026-07-12,0.149538,24
SYNA,20,2015-01-01,2026-07-12,0.074208,21
BL,20,2015-01-01,2026-07-12,0.10712250000000001,24
MQ,19,2015-01-01,2026-07-12,0.04341947368421053,19
DXCM,19,2015-01-01,2026-07-12,0.08494526315789475,24
PAA,19,2015-01-01,2026-07-12,0.20773461988304096,46
IBIT,19,2015-01-01,2026-07-12,0.25410736842105264,22
CRMD,19,2015-01-01,2026-07-12,0.11663319838056681,23
KPLT,19,2015-01-01,2026-07-12,0.20139157894736842,19
ENLT,19,2015-01-01,2026-07-12,0.4997684210526316,19
MDLZ,19,2015-01-01,2026-07-12,0.11014421052631579,23
MCRB,19,2015-01-01,2026-07-12,0.11089736842105263,21
STNE,19,2015-01-01,2026-07-12,0.16685289473684212,22
PHOE,19,2015-01-01,2026-07-12,-0.003007894736842108,20
ROST,19,2015-01-01,2026-07-12,0.06154736842105263,20
OST,19,2015-01-01,2026-07-12,0.15268894736842106,20
JWEL,19,2015-01-01,2026-07-12,0.19445684210526315,24
AHG,19,2015-01-01,2026-07-12,0.24463578947368422,21
ORIC,19,2015-01-01,2026-07-12,0.25335508771929827,20
PLCE,19,2015-01-01,2026-07-12,0.06734368421052632,19
ADI,19,2015-01-01,2026-07-12,0.24937263157894737,21
SENS,19,2015-01-01,2026-07-12,0.06786532894736841,36
CYPH,19,2015-01-01,2026-07-12,0.08017105263157895,19
ALEC,19,2015-01-01,2026-07-12,0.013926315789473696,20
ALCO,19,2015-01-01,2026-07-12,0.20004473684210525,19
NEGG,19,2015-01-01,2026-07-12,0.15963190476190478,33
CLRO,18,2015-01-01,2026-07-12,0.3614883333333333,19
XOMA,18,2015-01-01,2026-07-12,0.058612500000000005,20
RGTI,18,2015-01-01,2026-07-12,0.08686941721132897,23
ABAT,18,2015-01-01,2026-07-12,0.056249999999999994,18
TRMB,18,2015-01-01,2026-07-12,0.09379000000000001,18
CRAI,18,2015-01-01,2026-07-12,0.22129333333333331,19
BNKK,18,2015-01-01,2026-07-12,0.30449,21
AVIR,18,2015-01-01,2026-07-12,0.259865,21
UPB,18,2015-01-01,2026-07-12,0.33312777777777774,23
LFMD,18,2015-01-01,2026-07-12,0.08794833333333335,19
SSRM,18,2015-01-01,2026-07-12,0.23046333333333335,19
SLP,18,2015-01-01,2026-07-12,0.091385,18
APA,18,2015-01-01,2026-07-12,0.12605333333333335,23
FWONK,18,2015-01-01,2026-07-12,0.7909583333333333,18
SLAB,18,2015-01-01,2026-07-12,0.14424333333333336,18
EXEL,18,2015-01-01,2026-07-12,0.186025,21
GDRX,18,2015-01-01,2026-07-12,0.18340166666666666,20
APC,18,2015-01-01,2026-07-12,0.12894666666666665,19
INM,18,2015-01-01,2026-07-12,0.16220333333333334,19
CHNR,17,2015-01-01,2026-07-12,0.6833029411764706,17
SNY,17,2015-01-01,2026-07-12,0.23221941176470587,18
AVAV,17,2015-01-01,2026-07-12,-0.024172755417956653,22
GEMI,17,2015-01-01,2026-07-12,0.008368235294117645,19
AVO,17,2015-01-01,2026-07-12,0.1988558823529412,17
HAFC,17,2015-01-01,2026-07-12,-0.05651823529411765,17
RFIL,17,2015-01-01,2026-07-12,0.09866470588235296,17
CREG,17,2015-01-01,2026-07-12,0.6346570588235294,17
DNUT,17,2015-01-01,2026-07-12,0.12945388235294117,26
CHA,17,2015-01-01,2026-07-12,-0.001522941176470593,17
PSHG,17,2015-01-01,2026-07-12,0.13417941176470588,17
JCSE,17,2015-01-01,2026-07-12,0.021905294117647068,21
LBRX,17,2015-01-01,2026-07-12,0.06774882352941178,22
IZEA,17,2015-01-01,2026-07-12,-0.005700686274509794,22
PSNY,17,2015-01-01,2026-07-12,0.1770264705882353,22
WULF,17,2015-01-01,2026-07-12,0.038708823529411775,21
OMER,17,2015-01-01,2026-07-12,0.2509290196078431,19
ADIL,17,2015-01-01,2026-07-12,0.13314764705882354,21
ACAD,17,2015-01-01,2026-07-12,0.023216606334841627,20
PULM,16,2015-01-01,2026-07-12,0.091395,21
PSKY,16,2015-01-01,2026-07-12,0.02100011029411765,21
URBN,16,2015-01-01,2026-07-12,0.10081875,19
KNDI,16,2015-01-01,2026-07-12,0.06381167763157897,19
YOOV,16,2015-01-01,2026-07-12,0.05093062500000001,17
MVST,16,2015-01-01,2026-07-12,0.3684525,26
KSCP,16,2015-01-01,2026-07-12,0.26306718749999997,19
XTIA,16,2015-01-01,2026-07-12,0.36706875,17
XPEL,16,2015-01-01,2026-07-12,-0.21722375,20
NTLA,16,2015-01-01,2026-07-12,0.03909,20
SKYT,16,2015-01-01,2026-07-12,0.18687937500000001,18
VNCE,16,2015-01-01,2026-07-12,0.004670625000000012,17
VOR,16,2015-01-01,2026-07-12,0.127340625,18
PHUN,16,2015-01-01,2026-07-12,0.09687263621794873,25
VSTM,16,2015-01-01,2026-07-12,0.10416770833333334,19
SERV,16,2015-01-01,2026-07-12,0.02296125000000001,17
WMG,16,2015-01-01,2026-07-12,0.16702625000000001,24
MFICL,16,2015-01-01,2026-07-12,0.233608125,17
KOSS,16,2015-01-01,2026-07-12,0.0033191071428571466,43
ASYS,16,2015-01-01,2026-07-12,0.1817025,20
DSGX,16,2015-01-01,2026-07-12,0.031415625,16
DXPE,16,2015-01-01,2026-07-12,0.220389375,18
DUOT,16,2015-01-01,2026-07-12,-0.0018487499999999962,18
CDT,16,2015-01-01,2026-07-12,0.14857874999999998,18
ABTC,16,2015-01-01,2026-07-12,-0.018351250000000006,21
DOMO,15,2015-01-01,2026-07-12,0.043278000000000004,18
IOVA,15,2015-01-01,2026-07-12,0.022818000000000005,17
RILY,15,2015-01-01,2026-07-12,0.17248184615384612,32
BLDP,15,2015-01-01,2026-07-12,0.13385200000000003,16
GCT,15,2015-01-01,2026-07-12,0.09587747368421053,27
COCO,15,2015-01-01,2026-07-12,0.19345800000000002,18
ANTX,15,2015-01-01,2026-07-12,0.25025000000000003,17
MKTW,15,2015-01-01,2026-07-12,0.21397466666666667,17
YORW,15,2015-01-01,2026-07-12,0.20018,15
GBUG,15,2015-01-01,2026-07-12,0.15976066666666666,19
PBYI,15,2015-01-01,2026-07-12,0.04594333333333334,19
OCUL,15,2015-01-01,2026-07-12,-0.03945007807807808,27
SCYX,15,2015-01-01,2026-07-12,0.183622,18
SCSC,15,2015-01-01,2026-07-12,0.109414,15
LPSN,15,2015-01-01,2026-07-12,0.282064,16
CTSH,15,2015-01-01,2026-07-12,0.23682600000000004,15
RGEN,15,2015-01-01,2026-07-12,0.208035,21
BKR,15,2015-01-01,2026-07-12,0.15268600000000002,15
SCKT,15,2015-01-01,2026-07-12,0.165208,15
ASTE,15,2015-01-01,2026-07-12,0.16049800000000003,15
MPAA,15,2015-01-01,2026-07-12,0.044924,16
FSV,15,2015-01-01,2026-07-12,0.22543,15
GILT,15,2015-01-01,2026-07-12,-0.11328399999999998,20
FUNC,15,2015-01-01,2026-07-12,0.06066800000000001,16
KDP,15,2015-01-01,2026-07-12,0.09503,15
CHTR,15,2015-01-01,2026-07-12,0.040054000000000006,19
LTBR,15,2015-01-01,2026-07-12,0.15278999999999998,17
CENN,15,2015-01-01,2026-07-12,0.063379,16
PTC,15,2015-01-01,2026-07-12,0.2417,15
EOSE,15,2015-01-01,2026-07-12,0.34314,24
SDGR,14,2015-01-01,2026-07-12,0.1157625,15
SSYS,14,2015-01-01,2026-07-12,0.026095714285714295,15
MTLS,14,2015-01-01,2026-07-12,0.1997742857142857,14
TLIH,14,2015-01-01,2026-07-12,0.004686428571428573,15
LOCO,14,2015-01-01,2026-07-12,0.15872886554621848,17
BON,14,2015-01-01,2026-07-12,0.03452142857142858,15
WOOF,14,2015-01-01,2026-07-12,0.15906535714285713,17
SHEN,14,2015-01-01,2026-07-12,0.08886428571428572,14
LXRX,14,2015-01-01,2026-07-12,0.14716178571428573,17
NGNE,14,2015-01-01,2026-07-12,0.21051642857142855,14
IDAI,14,2015-01-01,2026-07-12,-0.07531500000000001,14
FRSH,14,2015-01-01,2026-07-12,0.2050607142857143,15
RJET,14,2015-01-01,2026-07-12,0.15388928571428573,15
CAPR,14,2015-01-01,2026-07-12,0.1431,17
ZSQR,14,2015-01-01,2026-07-12,-0.028604081632653065,15
ZSTK,14,2015-01-01,2026-07-12,0.06213642857142857,17
UONE,14,2015-01-01,2026-07-12,0.30801214285714285,15
FUTU,14,2015-01-01,2026-07-12,0.0854848879551821,22
VFS,14,2015-01-01,2026-07-12,0.15374996173469388,22
FISV,14,2015-01-01,2026-07-12,0.2814107142857143,16
CAC,14,2015-01-01,2026-07-12,0.222825,14
LIF,14,2015-01-01,2026-07-12,0.2645292857142857,14
ARDX,14,2015-01-01,2026-07-12,0.09876428571428572,21
CCG,14,2015-01-01,2026-07-12,0.25739357142857144,17
BVFL,14,2015-01-01,2026-07-12,0.40205357142857145,14
CSX,14,2015-01-01,2026-07-12,0.07745093406593408,20
ARWR,14,2015-01-01,2026-07-12,-0.014122857142857131,17
RCKY,14,2015-01-01,2026-07-12,0.09072214285714285,14
WRD,13,2015-01-01,2026-07-12,0.24294871794871795,24
POWI,13,2015-01-01,2026-07-12,0.21308307692307693,13
PRPO,13,2015-01-01,2026-07-12,0.4043480769230769,14
GBFH,13,2015-01-01,2026-07-12,0.5221338461538462,13
RCKT,13,2015-01-01,2026-07-12,0.1390176923076923,13
RBBN,13,2015-01-01,2026-07-12,0.02102307692307692,13
KC,13,2015-01-01,2026-07-12,0.09999923076923077,14
PMTS,13,2015-01-01,2026-07-12,0.08456932126696833,15
TBCH,13,2015-01-01,2026-07-12,0.04240615384615384,14
EFSI,13,2015-01-01,2026-07-12,0.08900769230769232,13
STLD,13,2015-01-01,2026-07-12,0.46497692307692307,14
PMVP,13,2015-01-01,2026-07-12,0.22774384615384619,13
RENX,13,2015-01-01,2026-07-12,-0.06595384615384615,13
DLTH,13,2015-01-01,2026-07-12,0.13641,15
AIRE,13,2015-01-01,2026-07-12,0.051484615384615386,17
RIME,13,2015-01-01,2026-07-12,0.23129769230769232,13
TSCO,13,2015-01-01,2026-07-12,0.16585384615384616,16
RMIX,13,2015-01-01,2026-07-12,0.2775276923076923,13
EXFY,13,2015-01-01,2026-07-12,-0.04448307692307692,13
NRC,13,2015-01-01,2026-07-12,0.3761423076923077,14
AIFU,13,2015-01-01,2026-07-12,0.13351846153846153,13
TANH,12,2015-01-01,2026-07-12,0.036007500000000005,12
TPG,12,2015-01-01,2026-07-12,0.13890999999999998,13
VERU,12,2015-01-01,2026-07-12,0.05585000000000001,13
TARS,12,2015-01-01,2026-07-12,-0.05364,14
THFF,12,2015-01-01,2026-07-12,0.1096525,12
JYD,12,2015-01-01,2026-07-12,0.06643250000000002,12
EOLS,12,2015-01-01,2026-07-12,0.09927000000000001,18
EVGO,12,2015-01-01,2026-07-12,0.2536833333333333,17
LSCC,12,2015-01-01,2026-07-12,0.1785,12
LSTA,12,2015-01-01,2026-07-12,0.09193250000000001,14
IPGP,12,2015-01-01,2026-07-12,-0.033165,14
MIRM,12,2015-01-01,2026-07-12,0.085355,12
LPCN,12,2015-01-01,2026-07-12,0.13199625,14
SMX,12,2015-01-01,2026-07-12,-0.001051277777777776,25
NKTR,12,2015-01-01,2026-07-12,0.0425,17
CNTN,12,2015-01-01,2026-07-12,0.10435500000000002,12
RXRX,12,2015-01-01,2026-07-12,0.0788225,14
PEGA,12,2015-01-01,2026-07-12,0.1626375,27
RNTX,12,2015-01-01,2026-07-12,0.23018750000000002,15
OTLK,12,2015-01-01,2026-07-12,0.23858750000000004,13
SBET,12,2015-01-01,2026-07-12,0.31265625,18
SBFM,12,2015-01-01,2026-07-12,0.6900624999999999,12
EEFT,12,2015-01-01,2026-07-12,0.1770275,12
XERS,12,2015-01-01,2026-07-12,0.0035275000000000076,13
CULP,12,2015-01-01,2026-07-12,-0.0008049999999999909,13
SFM,12,2015-01-01,2026-07-12,0.1177975,13
DBVT,12,2015-01-01,2026-07-12,0.05758500000000002,12
SIBN,12,2015-01-01,2026-07-12,0.033405,12
NRXP,12,2015-01-01,2026-07-12,-0.0325975,12
PHAT,12,2015-01-01,2026-07-12,0.2627275,14
RVMD,12,2015-01-01,2026-07-12,-0.08497499999999998,12
CLDX,12,2015-01-01,2026-07-12,0.05505000000000001,13
QLYS,12,2015-01-01,2026-07-12,0.2699225,14
CLIR,12,2015-01-01,2026-07-12,0.3842828525641026,16
SMMT,12,2015-01-01,2026-07-12,0.2071402941176471,15
SNGX,12,2015-01-01,2026-07-12,0.08518750000000001,13
IDN,12,2015-01-01,2026-07-12,0.12471999999999998,14
QNT,12,2015-01-01,2026-07-12,0.023152500000000003,14
AEC,12,2015-01-01,2026-07-12,0.181705,12
PTCT,12,2015-01-01,2026-07-12,0.14246250000000002,13
FRME,11,2015-01-01,2026-07-12,0.11276454545454548,12
FOXA,11,2015-01-01,2026-07-12,0.07662272727272727,12
QNRX,11,2015-01-01,2026-07-12,0.08830878787878788,13
CNSP,11,2015-01-01,2026-07-12,0.17679818181818183,11
UCTT,11,2015-01-01,2026-07-12,0.22777636363636367,12
LECO,11,2015-01-01,2026-07-12,0.03850363636363636,15
AMKR,11,2015-01-01,2026-07-12,0.11439272727272728,13
RGC,11,2015-01-01,2026-07-12,0.1826681818181818,18
KMB,11,2015-01-01,2026-07-12,0.06195272727272728,11
ELDN,11,2015-01-01,2026-07-12,0.19613181818181816,11
BTCS,11,2015-01-01,2026-07-12,0.42800454545454547,11
AQMS,11,2015-01-01,2026-07-12,0.12039545454545454,12
ERII,11,2015-01-01,2026-07-12,0.2798618181818182,13
ATYR,11,2015-01-01,2026-07-12,0.17009454545454547,11
SPT,11,2015-01-01,2026-07-12,0.09549545454545455,11
ENVX,11,2015-01-01,2026-07-12,0.03153969696969697,14
TCOM,11,2015-01-01,2026-07-12,0.008424545454545457,13
BGL,11,2015-01-01,2026-07-12,0.24006727272727274,14
MBRX,11,2015-01-01,2026-07-12,0.11625116883116884,14
ERAS,11,2015-01-01,2026-07-12,0.36739636363636363,11
SMCIP,11,2015-01-01,2026-07-12,0.9492045454545455,16
CRUS,11,2015-01-01,2026-07-12,0.10999090909090908,11
DOYU,11,2015-01-01,2026-07-12,0.23456020979020978,16
TIGR,11,2015-01-01,2026-07-12,0.12251181818181817,14
DOO,11,2015-01-01,2026-07-12,0.12080454545454546,11
SLMBP,11,2015-01-01,2026-07-12,0.14807318181818183,12
SLM,11,2015-01-01,2026-07-12,0.14807318181818183,12
CTRM,11,2015-01-01,2026-07-12,0.16050989991211795,42
FAMI,11,2015-01-01,2026-07-12,0.2578242424242424,15
GYRO,11,2015-01-01,2026-07-12,0.024218181818181816,11
TARA,11,2015-01-01,2026-07-12,0.10195090909090912,11
AIXC,11,2015-01-01,2026-07-12,0.09455727272727273,11
GRWG,11,2015-01-01,2026-07-12,0.16453303030303032,13
GREE,11,2015-01-01,2026-07-12,-0.019502727272727272,11
IMA,11,2015-01-01,2026-07-12,0.21855818181818182,13
GNTX,11,2015-01-01,2026-07-12,0.07422818181818182,11
VSEE,11,2015-01-01,2026-07-12,0.3535268181818182,12
WTFC,11,2015-01-01,2026-07-12,0.758355614973262,16
HFFG,11,2015-01-01,2026-07-12,0.1923,11
ICHR,11,2015-01-01,2026-07-12,0.02087727272727273,11
ACLS,11,2015-01-01,2026-07-12,0.08057727272727272,13
XRAY,11,2015-01-01,2026-07-12,0.03725454545454546,12
FWDI,11,2015-01-01,2026-07-12,0.18635454545454547,12
HAIN,11,2015-01-01,2026-07-12,0.35537454545454544,14
FTFT,10,2015-01-01,2026-07-12,0.1325794090909091,15
NFE,10,2015-01-01,2026-07-12,0.26335949999999997,19
MDLN,10,2015-01-01,2026-07-12,0.21254800000000001,12
HPK,10,2015-01-01,2026-07-12,0.38475,10
PHIO,10,2015-01-01,2026-07-12,0.17850300000000002,10
RDNT,10,2015-01-01,2026-07-12,0.45927300000000004,13
AMRX,10,2015-01-01,2026-07-12,0.13225800000000001,10
SGA,10,2015-01-01,2026-07-12,0.314085,10
NXXT,10,2015-01-01,2026-07-12,0.09303600000000001,15
CYN,10,2015-01-01,2026-07-12,0.249471,12
KIDZ,10,2015-01-01,2026-07-12,0.009209538461538458,12
NNOX,10,2015-01-01,2026-07-12,0.1361445,14
ZD,10,2015-01-01,2026-07-12,0.16287000000000001,12
HYMC,10,2015-01-01,2026-07-12,0.08361,15
CHR,10,2015-01-01,2026-07-12,0.26937,12
MRNO,10,2015-01-01,2026-07-12,0.04188000000000001,10
NSIT,10,2015-01-01,2026-07-12,0.290808,10
CEG,10,2015-01-01,2026-07-12,0.11303099999999999,11
CHKP,10,2015-01-01,2026-07-12,0.16774499999999998,10
INSG,10,2015-01-01,2026-07-12,0.267746,12
ABCL,10,2015-01-01,2026-07-12,0.210582,12
BBSI,10,2015-01-01,2026-07-12,0.042867,10
GGR,10,2015-01-01,2026-07-12,0.0,10
NTRP,10,2015-01-01,2026-07-12,-0.019782428571428572,14
WDFC,10,2015-01-01,2026-07-12,0.20254499999999998,10
ACXP,10,2015-01-01,2026-07-12,0.24435,13
AEMD,10,2015-01-01,2026-07-12,0.07541400000000001,11
HAO,10,2015-01-01,2026-07-12,0.20848500000000003,11
SANG,10,2015-01-01,2026-07-12,-0.027575999999999996,10
ORBS,10,2015-01-01,2026-07-12,-0.11455499999999999,10
CTAS,10,2015-01-01,2026-07-12,0.196854,10
BTTC,10,2015-01-01,2026-07-12,-0.023916,10
INVE,10,2015-01-01,2026-07-12,0.22885499999999998,10
ATAT,10,2015-01-01,2026-07-12,-0.010674,10
TRUP,10,2015-01-01,2026-07-12,0.29394,17
PACB,10,2015-01-01,2026-07-12,0.058440000000000006,11
MTRX,10,2015-01-01,2026-07-12,0.034938,10
CTRN,10,2015-01-01,2026-07-12,0.120893,13
OLLI,10,2015-01-01,2026-07-12,0.08483366666666667,11
RMBS,10,2015-01-01,2026-07-12,0.1113,10
TRNS,10,2015-01-01,2026-07-12,0.51885,10
LZ,10,2015-01-01,2026-07-12,0.00258,12
TATT,10,2015-01-01,2026-07-12,-0.008217000000000002,12
MBOT,10,2015-01-01,2026-07-12,0.18018099999999998,10
LGND,9,2015-01-01,2026-07-12,-0.09181555555555557,17
BLNE,9,2015-01-01,2026-07-12,0.35728333333333334,9
PUBM,9,2015-01-01,2026-07-12,0.08561333333333333,9
PDEX,9,2015-01-01,2026-07-12,0.16666666666666666,9
YYAI,9,2015-01-01,2026-07-12,0.00828333333333334,9
WSHP,9,2015-01-01,2026-07-12,0.2667,9
ADMA,9,2015-01-01,2026-07-12,0.40113333333333334,9
LILA,9,2015-01-01,2026-07-12,0.16368333333333332,9
ABVC,9,2015-01-01,2026-07-12,0.3279722222222222,13
CCCC,9,2015-01-01,2026-07-12,0.045533333333333335,9
LIDR,9,2015-01-01,2026-07-12,-0.04212,12
GURE,9,2015-01-01,2026-07-12,0.18494725209080048,12
SOBR,9,2015-01-01,2026-07-12,0.3341,9
DRIO,9,2015-01-01,2026-07-12,0.08758333333333332,9
ADVB,9,2015-01-01,2026-07-12,0.6236033333333333,10
GEOS,9,2015-01-01,2026-07-12,0.08436666666666667,11
IBRX,9,2015-01-01,2026-07-12,0.09322333333333334,11
PRAA,9,2015-01-01,2026-07-12,-0.07239333333333334,9
EUDA,9,2015-01-01,2026-07-12,0.23875000000000002,9
CELZ,9,2015-01-01,2026-07-12,0.4614133333333334,9
ZION,9,2015-01-01,2026-07-12,0.049333333333333326,9
ZUMZ,9,2015-01-01,2026-07-12,0.033716666666666666,11
VTRS,9,2015-01-01,2026-07-12,0.02385,10
ACTG,9,2015-01-01,2026-07-12,0.22516666666666665,9
VELO,9,2015-01-01,2026-07-12,0.06260000000000002,10
CTXR,9,2015-01-01,2026-07-12,-0.01999333333333334,14
REKR,9,2015-01-01,2026-07-12,0.05303333333333333,9
GNPX,9,2015-01-01,2026-07-12,0.08469,10
VSAT,9,2015-01-01,2026-07-12,0.019089999999999996,9
EMPD,9,2015-01-01,2026-07-12,0.13435333333333332,9
WFRD,9,2015-01-01,2026-07-12,0.07323777777777778,11
VRA,9,2015-01-01,2026-07-12,0.11069,10
FRSX,9,2015-01-01,2026-07-12,-0.03178,10
QNTM,9,2015-01-01,2026-07-12,0.09403333333333334,9
SABS,9,2015-01-01,2026-07-12,0.11973333333333334,9
IPWR,9,2015-01-01,2026-07-12,0.31467999999999996,10
AMST,9,2015-01-01,2026-07-12,0.09316666666666669,9
KITT,9,2015-01-01,2026-07-12,0.22896666666666665,9
RANI,9,2015-01-01,2026-07-12,0.3734033333333333,9
AKAN,9,2015-01-01,2026-07-12,0.07140666666666667,12
NUTX,9,2015-01-01,2026-07-12,0.16675666666666666,15
WW,9,2015-01-01,2026-07-12,-0.02178666666666666,9
CACC,9,2015-01-01,2026-07-12,0.7095833333333332,9
SIDU,9,2015-01-01,2026-07-12,0.0,10
CLRB,8,2015-01-01,2026-07-12,0.110475,10
MFI,8,2015-01-01,2026-07-12,0.310903125,9
RZLT,8,2015-01-01,2026-07-12,0.3753375,10
BATRA,8,2015-01-01,2026-07-12,0.49207500000000004,9
GYRE,8,2015-01-01,2026-07-12,0.1678875,8
EXTR,8,2015-01-01,2026-07-12,0.3244125,8
IMPP,8,2015-01-01,2026-07-12,-0.0495375,11
MBUU,8,2015-01-01,2026-07-12,0.43693125,8
ARLP,8,2015-01-01,2026-07-12,0.09681803571428572,9
HCKT,8,2015-01-01,2026-07-12,0.06387374999999999,8
CMPS,8,2015-01-01,2026-07-12,0.210521875,10
CHRS,8,2015-01-01,2026-07-12,0.09109499999999998,9
RGS,8,2015-01-01,2026-07-12,0.2070375,12
DVLT,8,2015-01-01,2026-07-12,0.0599625,10
ELE,8,2015-01-01,2026-07-12,0.24524625,9
TPST,8,2015-01-01,2026-07-12,0.05956499999999999,11
PGY,8,2015-01-01,2026-07-12,0.07505624999999999,11
AEP,8,2015-01-01,2026-07-12,0.29581125,8
PNRG,8,2015-01-01,2026-07-12,0.30735,8
STRA,8,2015-01-01,2026-07-12,-0.1066425,8
ABUS,8,2015-01-01,2026-07-12,0.01816875000000001,10
PRVA,8,2015-01-01,2026-07-12,0.07259062499999999,9
BAER,8,2015-01-01,2026-07-12,0.06813750000000002,9
INSM,8,2015-01-01,2026-07-12,-0.029066250000000002,8
BLFS,8,2015-01-01,2026-07-12,0.28528125000000004,8
KLRA,8,2015-01-01,2026-07-12,0.11344125,9
NRDS,8,2015-01-01,2026-07-12,0.3385125,9
KALA,8,2015-01-01,2026-07-12,0.07535625,13
IPX,8,2015-01-01,2026-07-12,-0.022199999999999998,8
SGML,8,2015-01-01,2026-07-12,-0.03236625,9
WWD,8,2015-01-01,2026-07-12,-0.10526249999999998,8
PCSA,8,2015-01-01,2026-07-12,0.20070937500000002,9
ONCY,8,2015-01-01,2026-07-12,0.16041,8
FIVN,8,2015-01-01,2026-07-12,0.14998124999999998,8
CGNT,8,2015-01-01,2026-07-12,0.28859250000000003,9
SION,8,2015-01-01,2026-07-12,-0.022199999999999998,8
TXRH,8,2015-01-01,2026-07-12,0.129525,11
QTI,8,2015-01-01,2026-07-12,-0.032505,8
FRHC,8,2015-01-01,2026-07-12,0.49519125,8
JAKK,8,2015-01-01,2026-07-12,0.05217375,8
COLM,8,2015-01-01,2026-07-12,-0.025500000000000002,9
BLRX,8,2015-01-01,2026-07-12,0.3532125,8
SEZL,8,2015-01-01,2026-07-12,-0.004132499999999997,9
FSBW,8,2015-01-01,2026-07-12,-0.020489999999999998,8
ADPT,8,2015-01-01,2026-07-12,0.09442125,9
GWAV,8,2015-01-01,2026-07-12,0.07535625,8
APVO,8,2015-01-01,2026-07-12,0.22205625,8
OTLY,8,2015-01-01,2026-07-12,0.18834375,11
NDRA,8,2015-01-01,2026-07-12,0.35411249999999994,8
TRNR,8,2015-01-01,2026-07-12,0.23934375000000002,8
WRLD,8,2015-01-01,2026-07-12,0.62544375,8
ORLY,8,2015-01-01,2026-07-12,0.32476875,9
APPN,8,2015-01-01,2026-07-12,0.03193875,8
AKBA,8,2015-01-01,2026-07-12,0.14030875,10
RPRX,7,2015-01-01,2026-07-12,0.2435142857142857,7
XEL,7,2015-01-01,2026-07-12,0.3441642857142857,10
GLXY,7,2015-01-01,2026-07-12,0.24437142857142855,9
SAIA,7,2015-01-01,2026-07-12,0.0,7
SCHL,7,2015-01-01,2026-07-12,0.10677857142857142,7
SWKHL,7,2015-01-01,2026-07-12,0.26036785714285715,8
MGRX,7,2015-01-01,2026-07-12,0.29517000000000004,8
SANA,7,2015-01-01,2026-07-12,0.1069757142857143,7
MGPI,7,2015-01-01,2026-07-12,0.10913571428571427,9
ABEO,7,2015-01-01,2026-07-12,-0.05286,8
CDLX,7,2015-01-01,2026-07-12,0.2040714285714286,9
ORMP,7,2015-01-01,2026-07-12,0.23823857142857147,9
SPCB,7,2015-01-01,2026-07-12,0.27005,9
AEHR,7,2015-01-01,2026-07-12,0.03812142857142858,8
SITM,7,2015-01-01,2026-07-12,-0.0531,7
PFIS,7,2015-01-01,2026-07-12,0.20260285714285714,7
PFG,7,2015-01-01,2026-07-12,0.07643142857142858,7
IHRT,7,2015-01-01,2026-07-12,0.4241142857142857,7
HOWL,7,2015-01-01,2026-07-12,-0.017297142857142837,7
RMSG,7,2015-01-01,2026-07-12,0.22468285714285716,7
CBFV,7,2015-01-01,2026-07-12,-0.13497857142857142,7
CASY,7,2015-01-01,2026-07-12,0.18880714285714287,7
MRVI,7,2015-01-01,2026-07-12,0.2974285714285715,8
SSM,7,2015-01-01,2026-07-12,0.061260000000000016,8
HQY,7,2015-01-01,2026-07-12,0.14035714285714285,7
SUIS,7,2015-01-01,2026-07-12,-0.045419999999999995,7
NVCR,7,2015-01-01,2026-07-12,0.08340857142857143,7
STI,7,2015-01-01,2026-07-12,0.04849285714285715,7
WVE,7,2015-01-01,2026-07-12,0.17213571428571425,9
CORZ,7,2015-01-01,2026-07-12,-0.030231428571428572,7
COSM,7,2015-01-01,2026-07-12,0.13422263736263737,14
STOK,7,2015-01-01,2026-07-12,0.02782714285714286,8
NAAS,7,2015-01-01,2026-07-12,0.63105,7
XTLB,7,2015-01-01,2026-07-12,0.0,7
MLGO,7,2015-01-01,2026-07-12,0.26348571428571427,7
CFFI,7,2015-01-01,2026-07-12,0.12075000000000001,7
BWEN,7,2015-01-01,2026-07-12,0.08867142857142858,7
RDCM,7,2015-01-01,2026-07-12,0.3625928571428571,9
HCM,7,2015-01-01,2026-07-12,0.12255,8
ESPR,7,2015-01-01,2026-07-12,0.25594285714285714,7
CENX,7,2015-01-01,2026-07-12,0.09437142857142858,7
RDHL,7,2015-01-01,2026-07-12,0.4072757142857143,8
WERN,7,2015-01-01,2026-07-12,0.04974,7
ALNT,7,2015-01-01,2026-07-12,0.3246985714285714,7
IRDM,7,2015-01-01,2026-07-12,0.23445000000000002,9
PSTV,7,2015-01-01,2026-07-12,0.02085428571428573,7
PRGS,7,2015-01-01,2026-07-12,0.6882857142857143,7
QFIN,7,2015-01-01,2026-07-12,0.0995542857142857,13
LAUR,7,2015-01-01,2026-07-12,0.37065,10
CIFR,7,2015-01-01,2026-07-12,0.04335,8
FEAM,7,2015-01-01,2026-07-12,0.4104,7
INKT,7,2015-01-01,2026-07-12,0.10214999999999999,7
FORR,7,2015-01-01,2026-07-12,0.3145414285714286,9
KLAC,7,2015-01-01,2026-07-12,0.22082142857142859,8
JG,7,2015-01-01,2026-07-12,-0.011468571428571423,7
AGPU,7,2015-01-01,2026-07-12,0.0,7
TRVG,7,2015-01-01,2026-07-12,0.0,11
KPTI,7,2015-01-01,2026-07-12,0.11944285714285716,7
TSSI,7,2015-01-01,2026-07-12,0.022007142857142857,8
UFCS,7,2015-01-01,2026-07-12,0.6877371428571427,7
ERIE,7,2015-01-01,2026-07-12,-0.03932571428571428,8
ISTR,7,2015-01-01,2026-07-12,0.1930714285714286,7
KURA,7,2015-01-01,2026-07-12,0.17212285714285716,8
TWST,7,2015-01-01,2026-07-12,-0.01747285714285713,8
CECO,7,2015-01-01,2026-07-12,0.08334428571428572,7
FBIZ,7,2015-01-01,2026-07-12,0.26494285714285715,7
ALAB,7,2015-01-01,2026-07-12,0.12818262987012988,21
TDUP,7,2015-01-01,2026-07-12,0.39308571428571426,8
VEON,7,2015-01-01,2026-07-12,0.2740007142857143,10
ATRA,7,2015-01-01,2026-07-12,0.0688157142857143,8
INOD,7,2015-01-01,2026-07-12,0.26867142857142856,8
ATLX,7,2015-01-01,2026-07-12,0.17808,8
IRD,7,2015-01-01,2026-07-12,0.0683742857142857,7
ALGT,7,2015-01-01,2026-07-12,-0.014408571428571413,7
RKDA,6,2015-01-01,2026-07-12,0.0903,6
UVSP,6,2015-01-01,2026-07-12,0.47280000000000005,7
MTSI,6,2015-01-01,2026-07-12,0.06702999999999999,6
AQB,6,2015-01-01,2026-07-12,0.36235,7
SMTC,6,2015-01-01,2026-07-12,0.21238500000000002,6
KINS,6,2015-01-01,2026-07-12,0.09517500000000001,6
DSY,6,2015-01-01,2026-07-12,0.0043,6
UPC,6,2015-01-01,2026-07-12,0.28665499999999994,8
AMSC,6,2015-01-01,2026-07-12,0.00892962962962963,7
FLWS,6,2015-01-01,2026-07-12,0.16021000000000005,8
SPHL,6,2015-01-01,2026-07-12,0.346675,6
ALRM,6,2015-01-01,2026-07-12,0.13935,7
CHRD,6,2015-01-01,2026-07-12,0.22433,6
CABA,6,2015-01-01,2026-07-12,0.23084523809523808,13
CYCU,6,2015-01-01,2026-07-12,-0.04214999999999999,6
GOVX,6,2015-01-01,2026-07-12,0.26045576923076924,9
LGIH,6,2015-01-01,2026-07-12,0.31864000000000003,6
AUUD,6,2015-01-01,2026-07-12,0.095705,6
NWS,6,2015-01-01,2026-07-12,-0.016163333333333335,7
UG,6,2015-01-01,2026-07-12,0.30595,6
KTTA,6,2015-01-01,2026-07-12,0.064655,7
CORT,6,2015-01-01,2026-07-12,-0.08925999999999999,6
KXIN,6,2015-01-01,2026-07-12,-0.07429999999999999,7
FHTX,6,2015-01-01,2026-07-12,0.160635,7
PDSB,6,2015-01-01,2026-07-12,0.10477500000000001,8
CARG,6,2015-01-01,2026-07-12,0.14473500000000003,6
SLDB,6,2015-01-01,2026-07-12,0.1714,7
SIMO,6,2015-01-01,2026-07-12,-0.06766,8
ADEA,6,2015-01-01,2026-07-12,0.07232000000000001,6
APPF,6,2015-01-01,2026-07-12,0.268685,6
LBRDP,6,2015-01-01,2026-07-12,0.11467499999999999,7
DRVN,6,2015-01-01,2026-07-12,0.35819,6
AMTX,6,2015-01-01,2026-07-12,0.1140375,10
KOD,6,2015-01-01,2026-07-12,0.03415,9
NIU,6,2015-01-01,2026-07-12,0.16942500000000002,7
SHPH,6,2015-01-01,2026-07-12,-0.11830111111111112,7
APRE,6,2015-01-01,2026-07-12,0.2787,10
FEMY,6,2015-01-01,2026-07-12,-0.06322333333333333,8
NEWT,6,2015-01-01,2026-07-12,0.28942999999999997,7
RMTI,6,2015-01-01,2026-07-12,0.301,6
NERV,6,2015-01-01,2026-07-12,-0.05526,6
SHAZ,6,2015-01-01,2026-07-12,0.11469999999999998,6
GPRE,6,2015-01-01,2026-07-12,0.07955,6
SEGG,6,2015-01-01,2026-07-12,0.6157,6
CRCT,6,2015-01-01,2026-07-12,0.063825,8
HDL,6,2015-01-01,2026-07-12,0.156225,6
LRHC,6,2015-01-01,2026-07-12,0.5112249999999999,6
GEGGL,6,2015-01-01,2026-07-12,0.182025,7
LMFA,6,2015-01-01,2026-07-12,0.12704444444444443,11
HSTM,6,2015-01-01,2026-07-12,-0.09131,6
ASTC,6,2015-01-01,2026-07-12,0.02063,6
PN,6,2015-01-01,2026-07-12,0.728825,6
MKTX,6,2015-01-01,2026-07-12,0.2983,6
GDS,6,2015-01-01,2026-07-12,-0.022629999999999997,6
MKSI,6,2015-01-01,2026-07-12,0.0,6
SANM,6,2015-01-01,2026-07-12,0.634475,6
CTMX,6,2015-01-01,2026-07-12,0.319625,7
OPRT,6,2015-01-01,2026-07-12,0.40867499999999995,10
ATEC,6,2015-01-01,2026-07-12,0.382875,9
VIASP,6,2015-01-01,2026-07-12,0.238595,6
RYM,6,2015-01-01,2026-07-12,-0.01027,6
MGNX,6,2015-01-01,2026-07-12,0.251125,6
ERNA,6,2015-01-01,2026-07-12,0.39605,6
ALKS,6,2015-01-01,2026-07-12,0.60495,8
VNOM,6,2015-01-01,2026-07-12,0.45042999999999994,7
QRVO,6,2015-01-01,2026-07-12,0.07851000000000001,6
TEAD,6,2015-01-01,2026-07-12,0.195245,6
ENTA,6,2015-01-01,2026-07-12,0.199985,7
TDIC,6,2015-01-01,2026-07-12,0.15967,6
IMTE,6,2015-01-01,2026-07-12,-0.019372121212121212,13
TCX,6,2015-01-01,2026-07-12,0.0,6
CRVL,6,2015-01-01,2026-07-12,0.24945000000000003,6
STIM,6,2015-01-01,2026-07-12,0.011150000000000012,7
ASST,6,2015-01-01,2026-07-12,0.25368499999999994,7
CHDN,6,2015-01-01,2026-07-12,0.045035,7
HUDI,6,2015-01-01,2026-07-12,0.0,6
CRDO,6,2015-01-01,2026-07-12,0.09545,7
CMRC,6,2015-01-01,2026-07-12,0.18005000000000002,6
BYRN,6,2015-01-01,2026-07-12,0.28277,9
EFOI,6,2015-01-01,2026-07-12,0.11159999999999999,8
RGCO,6,2015-01-01,2026-07-12,0.128,7
LOPE,6,2015-01-01,2026-07-12,0.205,6
FABC,6,2015-01-01,2026-07-12,0.0,6
MSBI,6,2015-01-01,2026-07-12,0.2553,6
PRTS,6,2015-01-01,2026-07-12,0.28400000000000003,9
RAPP,6,2015-01-01,2026-07-12,0.09191500000000001,6
STBA,6,2015-01-01,2026-07-12,0.09935500000000003,6
VHC,6,2015-01-01,2026-07-12,0.17525000000000002,8
BRUNW,5,2015-01-01,2026-07-12,0.5255099999999999,5
VRSN,5,2015-01-01,2026-07-12,0.099942,5
ALM,5,2015-01-01,2026-07-12,0.33147,5
VECO,5,2015-01-01,2026-07-12,0.06171599999999999,5
CWD,5,2015-01-01,2026-07-12,-0.08597999999999999,5
IQST,5,2015-01-01,2026-07-12,0.0,5
BMRN,5,2015-01-01,2026-07-12,0.15318,6
CGNX,5,2015-01-01,2026-07-12,-0.03292666666666667,6
UEIC,5,2015-01-01,2026-07-12,0.0,5
CWCO,5,2015-01-01,2026-07-12,0.28947,6
CWST,5,2015-01-01,2026-07-12,-0.044945999999999986,5
NUWE,5,2015-01-01,2026-07-12,-0.012407999999999997,5
QNCX,5,2015-01-01,2026-07-12,0.26468400000000003,6
SBLK,5,2015-01-01,2026-07-12,-0.009233999999999989,5
CRDF,5,2015-01-01,2026-07-12,0.0,5
VANI,5,2015-01-01,2026-07-12,0.47348999999999997,6
CPSH,5,2015-01-01,2026-07-12,0.0,5
SHC,5,2015-01-01,2026-07-12,0.004475999999999991,5
OZK,5,2015-01-01,2026-07-12,0.22518000000000002,5
KLXE,5,2015-01-01,2026-07-12,0.5765399999999999,5
FLNC,5,2015-01-01,2026-07-12,0.362676,5
AIXI,5,2015-01-01,2026-07-12,0.0741468,10
FLGT,5,2015-01-01,2026-07-12,0.11340000000000001,5
SHOO,5,2015-01-01,2026-07-12,-0.017987999999999994,5
NXTC,5,2015-01-01,2026-07-12,-0.08169599999999999,6
BNAI,5,2015-01-01,2026-07-12,0.23353000000000002,5
UMBFO,5,2015-01-01,2026-07-12,0.165252,5
RRR,5,2015-01-01,2026-07-12,0.038400000000000004,5
DCBO,5,2015-01-01,2026-07-12,0.0,5
CRTO,5,2015-01-01,2026-07-12,0.21408,5
OMEX,5,2015-01-01,2026-07-12,0.47969999999999996,5
JRVR,5,2015-01-01,2026-07-12,0.11300399999999997,5
CING,5,2015-01-01,2026-07-12,0.10485,6
GLMD,5,2015-01-01,2026-07-12,0.10836000000000001,6
MRKR,5,2015-01-01,2026-07-12,0.41742000000000007,5
PLUR,5,2015-01-01,2026-07-12,0.35727000000000003,5
CCD,5,2015-01-01,2026-07-12,0.06573599999999999,6
WKSP,5,2015-01-01,2026-07-12,-0.023487333333333332,6
AEHL,5,2015-01-01,2026-07-12,0.31872,5
HMH,5,2015-01-01,2026-07-12,0.14817,5
FAC,5,2015-01-01,2026-07-12,0.0,5
VYNE,5,2015-01-01,2026-07-12,-0.06127200000000001,5
IESC,5,2015-01-01,2026-07-12,0.17982,6
MRTN,5,2015-01-01,2026-07-12,0.44360999999999995,5
ARTL,5,2015-01-01,2026-07-12,0.20947285714285716,14
APOG,5,2015-01-01,2026-07-12,0.10269999999999999,11
EBON,5,2015-01-01,2026-07-12,0.144216,6
LIXT,5,2015-01-01,2026-07-12,0.24936600000000003,5
INTS,5,2015-01-01,2026-07-12,0.0,5
MNPR,5,2015-01-01,2026-07-12,-0.17530933333333332,8
CHSN,5,2015-01-01,2026-07-12,0.11128200000000002,6
ZNB,5,2015-01-01,2026-07-12,0.19107000000000002,5
PMAX,5,2015-01-01,2026-07-12,-0.11269799999999999,5
RCMT,5,2015-01-01,2026-07-12,-0.15362399999999998,5
SUPN,5,2015-01-01,2026-07-12,0.0,8
AXSM,5,2015-01-01,2026-07-12,0.0,6
ESQ,5,2015-01-01,2026-07-12,0.08409000000000001,5
AVTX,5,2015-01-01,2026-07-12,0.166746,7
AVT,5,2015-01-01,2026-07-12,0.0,5
ATEX,5,2015-01-01,2026-07-12,0.075,5
IMVT,5,2015-01-01,2026-07-12,0.02258857142857143,11
AEI,5,2015-01-01,2026-07-12,0.03352800000000001,5
MESO,5,2015-01-01,2026-07-12,0.13085399999999997,5
HELE,5,2015-01-01,2026-07-12,-0.05284799999999999,7
WHLRP,5,2015-01-01,2026-07-12,0.8206199999999999,5
WHLR,5,2015-01-01,2026-07-12,0.0,5
TRIB,5,2015-01-01,2026-07-12,0.2375446153846154,7
GRCE,5,2015-01-01,2026-07-12,0.3344911578947369,9
MYGN,5,2015-01-01,2026-07-12,0.06069,6
SMSI,5,2015-01-01,2026-07-12,0.28329,5
TSAT,5,2015-01-01,2026-07-12,0.11796599999999999,7
SMID,5,2015-01-01,2026-07-12,0.14793,5
FDMT,5,2015-01-01,2026-07-12,0.15318,11
WGS,5,2015-01-01,2026-07-12,-0.070308,5
GLBS,5,2015-01-01,2026-07-12,0.20814000000000005,5
FEIM,5,2015-01-01,2026-07-12,0.21387,5
VTVT,5,2015-01-01,2026-07-12,0.09322466666666666,6
IBG,5,2015-01-01,2026-07-12,-0.13003199999999998,5
FER,5,2015-01-01,2026-07-12,0.070914,5
IBCP,5,2015-01-01,2026-07-12,0.162384,5
NMIH,5,2015-01-01,2026-07-12,0.12834,6
LBGJ,5,2015-01-01,2026-07-12,0.22662,5
NNNN,5,2015-01-01,2026-07-12,0.22281,5
LARK,5,2015-01-01,2026-07-12,0.09895499999999999,6
PTLO,5,2015-01-01,2026-07-12,0.190224,5
SOLS,5,2015-01-01,2026-07-12,0.22248600000000002,5
SMPL,5,2015-01-01,2026-07-12,0.22092,7
NEOG,5,2015-01-01,2026-07-12,-0.028103999999999997,5
FTCI,5,2015-01-01,2026-07-12,-0.029436,5
INVA,5,2015-01-01,2026-07-12,-0.035519999999999996,5
BIVI,5,2015-01-01,2026-07-12,0.27513,6
LGVN,5,2015-01-01,2026-07-12,0.06606000000000001,7
ARCT,5,2015-01-01,2026-07-12,0.075,5
SNOA,5,2015-01-01,2026-07-12,0.095898,5
ARBB,5,2015-01-01,2026-07-12,0.0,5
FBRX,5,2015-01-01,2026-07-12,0.24680999999999997,6
ACET,4,2015-01-01,2026-07-12,-0.125745,4
ROIV,4,2015-01-01,2026-07-12,-0.057269999999999995,4
RDNW,4,2015-01-01,2026-07-12,0.13545000000000001,4
RDVT,4,2015-01-01,2026-07-12,0.3843675,4
CDW,4,2015-01-01,2026-07-12,0.24865500000000001,5
CHSCN,4,2015-01-01,2026-07-12,0.0,6
CDIO,4,2015-01-01,2026-07-12,0.5951625,4
PRSO,4,2015-01-01,2026-07-12,0.08486250000000001,4
CLLS,4,2015-01-01,2026-07-12,0.295875,4
PAGP,4,2015-01-01,2026-07-12,0.3232125,4
RGLD,4,2015-01-01,2026-07-12,0.3142125,4
RRGB,4,2015-01-01,2026-07-12,0.0,4
PRTA,4,2015-01-01,2026-07-12,0.2140125,5
HCAT,4,2015-01-01,2026-07-12,0.38084999999999997,4
BZ,4,2015-01-01,2026-07-12,0.19584375,5
PTGX,4,2015-01-01,2026-07-12,0.24562499999999998,4
GSHD,4,2015-01-01,2026-07-12,0.0,4
PCAR,4,2015-01-01,2026-07-12,0.36795374999999997,6
ZBIO,4,2015-01-01,2026-07-12,0.12320999999999999,4
FTDR,4,2015-01-01,2026-07-12,0.1691625,5
EGHT,4,2015-01-01,2026-07-12,0.17908125000000003,5
BDRX,4,2015-01-01,2026-07-12,0.38250000000000006,5
BCTX,4,2015-01-01,2026-07-12,0.0768075,5
LKFN,4,2015-01-01,2026-07-12,-0.217635,4
GGAL,4,2015-01-01,2026-07-12,0.0,6
SPSC,4,2015-01-01,2026-07-12,-0.0077399999999999995,5
TRDA,4,2015-01-01,2026-07-12,0.09252000000000002,4
SPRO,4,2015-01-01,2026-07-12,0.5007675,5
FBIO,4,2015-01-01,2026-07-12,-0.08991,4
DXR,4,2015-01-01,2026-07-12,0.1787625,4
BDTX,4,2015-01-01,2026-07-12,0.26920499999999997,4
TTGT,4,2015-01-01,2026-07-12,0.1507125,4
FWRG,4,2015-01-01,2026-07-12,0.1633575,4
FCCO,4,2015-01-01,2026-07-12,0.08486250000000001,4
NBIX,4,2015-01-01,2026-07-12,0.23205,5
FCFS,4,2015-01-01,2026-07-12,0.27729375,5
ADTN,4,2015-01-01,2026-07-12,-0.0678,4
NCNA,4,2015-01-01,2026-07-12,0.13545000000000001,6
MCFT,4,2015-01-01,2026-07-12,0.0,4
LENZ,4,2015-01-01,2026-07-12,0.143175,6
BCAX,4,2015-01-01,2026-07-12,0.10245,5
ECPG,4,2015-01-01,2026-07-12,0.20902500000000002,4
SRRK,4,2015-01-01,2026-07-12,0.0,5
LLYVA,4,2015-01-01,2026-07-12,0.9771,4
MAAS,4,2015-01-01,2026-07-12,-0.08361,5
WIMI,4,2015-01-01,2026-07-12,0.3142125,5
ENSG,4,2015-01-01,2026-07-12,0.14832,4
ENSC,4,2015-01-01,2026-07-12,0.024817500000000013,4
TAYD,4,2015-01-01,2026-07-12,-0.124725,5
AEVA,4,2015-01-01,2026-07-12,0.5502375,5
INGN,4,2015-01-01,2026-07-12,0.0,4
IMKTA,4,2015-01-01,2026-07-12,0.05768166666666669,5
SURG,4,2015-01-01,2026-07-12,0.3924375,5
AXTI,4,2015-01-01,2026-07-12,0.06179749999999998,6
ASPS,4,2015-01-01,2026-07-12,0.277935,4
STRS,4,2015-01-01,2026-07-12,0.669375,6
VYGR,4,2015-01-01,2026-07-12,0.0,4
EJH,4,2015-01-01,2026-07-12,0.363075,5
LNTH,4,2015-01-01,2026-07-12,0.36382499999999995,5
ARVN,4,2015-01-01,2026-07-12,-0.23560499999999998,4
ARQ,4,2015-01-01,2026-07-12,0.3543,4
TTEK,4,2015-01-01,2026-07-12,0.187095,4
ICCM,4,2015-01-01,2026-07-12,0.23233499999999996,4
IBEX,4,2015-01-01,2026-07-12,0.0,4
XNET,4,2015-01-01,2026-07-12,0.13091999999999998,5
ACRS,4,2015-01-01,2026-07-12,0.19751249999999998,4
XENE,4,2015-01-01,2026-07-12,0.15639375,6
NKTX,4,2015-01-01,2026-07-12,-0.06028499999999999,4
SCOR,4,2015-01-01,2026-07-12,0.21131250000000001,4
OLMA,4,2015-01-01,2026-07-12,0.0753075,4
VITL,4,2015-01-01,2026-07-12,0.6853125,5
VNET,4,2015-01-01,2026-07-12,0.0,4
ALGS,4,2015-01-01,2026-07-12,0.6937125000000001,6
CYCN,4,2015-01-01,2026-07-12,0.05868000000000001,4
FTH,4,2015-01-01,2026-07-12,0.22965000000000002,4
HTCO,4,2015-01-01,2026-07-12,0.5799375,4
IXHL,4,2015-01-01,2026-07-12,0.0,4
OPI,4,2015-01-01,2026-07-12,0.19876500000000002,4
ACIC,4,2015-01-01,2026-07-12,0.14659499999999998,4
ACHV,4,2015-01-01,2026-07-12,0.0,4
SAFX,4,2015-01-01,2026-07-12,0.318975,5
VBIO,4,2015-01-01,2026-07-12,0.3076875,4
MANH,4,2015-01-01,2026-07-12,0.3182625,4
NXST,4,2015-01-01,2026-07-12,0.11932499999999999,5
BNBX,4,2015-01-01,2026-07-12,-0.201165,4
DMRA,4,2015-01-01,2026-07-12,0.41910000000000003,4
APGE,4,2015-01-01,2026-07-12,0.0626325,4
BLKB,4,2015-01-01,2026-07-12,0.1275,4
TWAV,4,2015-01-01,2026-07-12,0.0,4
TXG,4,2015-01-01,2026-07-12,0.09375,4
DIBS,4,2015-01-01,2026-07-12,0.258855,4
AOUT,4,2015-01-01,2026-07-12,0.08340499999999999,5
DFLI,4,2015-01-01,2026-07-12,0.45911250000000003,7
NUVL,4,2015-01-01,2026-07-12,0.0,4
IOTR,4,2015-01-01,2026-07-12,0.185655,7
KRT,4,2015-01-01,2026-07-12,-0.028739999999999998,4
CYTK,4,2015-01-01,2026-07-12,0.4188,4
ASBP,3,2015-01-01,2026-07-12,-0.14006,4
VSA,3,2015-01-01,2026-07-12,-0.045259999999999995,3
VCTR,3,2015-01-01,2026-07-12,0.0,3
QURE,3,2015-01-01,2026-07-12,0.0,3
AKTS,3,2015-01-01,2026-07-12,-0.02358,3
AMLX,3,2015-01-01,2026-07-12,0.22145,3
THRM,3,2015-01-01,2026-07-12,0.5268,3
VRAX,3,2015-01-01,2026-07-12,0.2288,4
TMDX,3,2015-01-01,2026-07-12,0.24634999999999999,3
AEYE,3,2015-01-01,2026-07-12,-0.054639999999999994,7
WBTN,3,2015-01-01,2026-07-12,0.66845,3
VIAV,3,2015-01-01,2026-07-12,0.0,3
ALRS,3,2015-01-01,2026-07-12,-0.11546999999999996,3
ASLE,3,2015-01-01,2026-07-12,0.0,3
TRINZ,3,2015-01-01,2026-07-12,0.29530999999999996,5
VVOS,3,2015-01-01,2026-07-12,0.1591,3
RYTM,3,2015-01-01,2026-07-12,0.20095,3
TCRT,3,2015-01-01,2026-07-12,0.0,3
SLXN,3,2015-01-01,2026-07-12,0.0,3
BLBD,3,2015-01-01,2026-07-12,0.3404,3
SLGL,3,2015-01-01,2026-07-12,0.29295,3
BLMN,3,2015-01-01,2026-07-12,0.0,4
SKYQ,3,2015-01-01,2026-07-12,0.0,3
SKYE,3,2015-01-01,2026-07-12,0.125,3
CAMT,3,2015-01-01,2026-07-12,0.21075,3
SHLS,3,2015-01-01,2026-07-12,-0.030620000000000005,3
SHFS,3,2015-01-01,2026-07-12,0.1366,3
SGHT,3,2015-01-01,2026-07-12,0.0,3
BNZI,3,2015-01-01,2026-07-12,-0.07224,3
RPGL,3,2015-01-01,2026-07-12,0.0,3
BRKR,3,2015-01-01,2026-07-12,0.0,3
XGN,3,2015-01-01,2026-07-12,0.0,3
SCLX,3,2015-01-01,2026-07-12,0.47485,5
BYSI,3,2015-01-01,2026-07-12,0.49905,3
BTAI,3,2015-01-01,2026-07-12,0.0,5
XOS,3,2015-01-01,2026-07-12,0.33525,3
BTDR,3,2015-01-01,2026-07-12,0.295,3
BYFC,3,2015-01-01,2026-07-12,0.5344,5
ACHC,3,2015-01-01,2026-07-12,0.13349999999999998,3
XPON,3,2015-01-01,2026-07-12,0.17445000000000002,5
RNAZ,3,2015-01-01,2026-07-12,0.25178000000000006,3
ADUS,3,2015-01-01,2026-07-12,0.4479,3
ATRO,3,2015-01-01,2026-07-12,0.0,3
BIAF,3,2015-01-01,2026-07-12,0.07988333333333332,12
ATXG,3,2015-01-01,2026-07-12,0.036968749999999995,10
QRHC,3,2015-01-01,2026-07-12,0.17,3
REGCP,3,2015-01-01,2026-07-12,-0.20021999999999998,4
AUGO,3,2015-01-01,2026-07-12,-0.07636,3
AXGN,3,2015-01-01,2026-07-12,0.0,3
WKEY,3,2015-01-01,2026-07-12,0.0,3
ABOS,3,2015-01-01,2026-07-12,0.17,3
AYTU,3,2015-01-01,2026-07-12,0.31845,3
STRO,3,2015-01-01,2026-07-12,0.12988999999999998,3
STRC,3,2015-01-01,2026-07-12,0.148,3
RETO,3,2015-01-01,2026-07-12,0.0,3
SAFT,3,2015-01-01,2026-07-12,-0.14426,3
BAYAU,3,2015-01-01,2026-07-12,0.0086,3
STAA,3,2015-01-01,2026-07-12,0.24695,3
WLDN,3,2015-01-01,2026-07-12,0.76005,3
SSNC,3,2015-01-01,2026-07-12,0.0,3
SRAD,3,2015-01-01,2026-07-12,0.11470000000000001,5
CCB,3,2015-01-01,2026-07-12,0.0,5
SPRC,3,2015-01-01,2026-07-12,-0.049999999999999996,3
SPRB,3,2015-01-01,2026-07-12,-0.012749999999999984,4
BHF,3,2015-01-01,2026-07-12,0.14946,3
SOHU,3,2015-01-01,2026-07-12,0.10853882352941174,4
CMND,3,2015-01-01,2026-07-12,0.5875,3
MDGL,3,2015-01-01,2026-07-12,0.159,4
METCB,3,2015-01-01,2026-07-12,0.0,4
CVCO,3,2015-01-01,2026-07-12,0.38358999999999993,4
OLB,3,2015-01-01,2026-07-12,0.148,4
FRPT,3,2015-01-01,2026-07-12,0.3712,3
OLOX,3,2015-01-01,2026-07-12,0.14502,3
OLPX,3,2015-01-01,2026-07-12,-0.045259999999999995,3
GLIBA,3,2015-01-01,2026-07-12,0.87685,3
MLAB,3,2015-01-01,2026-07-12,0.33575,5
ONC,3,2015-01-01,2026-07-12,0.10115,3
HURN,3,2015-01-01,2026-07-12,0.11791999999999997,3
MGRT,3,2015-01-01,2026-07-12,0.21302999999999994,3
ORKA,3,2015-01-01,2026-07-12,0.24695,3
EMBC,3,2015-01-01,2026-07-12,0.4019,3
OSPN,3,2015-01-01,2026-07-12,0.7277999999999999,3
CRVS,3,2015-01-01,2026-07-12,0.0,3
EZPW,3,2015-01-01,2026-07-12,-0.03344,3
METC,3,2015-01-01,2026-07-12,0.20095,4
ENLV,3,2015-01-01,2026-07-12,0.0,4
MEGL,3,2015-01-01,2026-07-12,0.20095,3
JOUT,3,2015-01-01,2026-07-12,0.3548,3
JOYY,3,2015-01-01,2026-07-12,0.18416904761904762,5
EPSM,3,2015-01-01,2026-07-12,0.22970000000000002,3
HTOO,3,2015-01-01,2026-07-12,0.24975,3
PAYX,3,2015-01-01,2026-07-12,0.0,3
PCRX,3,2015-01-01,2026-07-12,0.1591,3
GMM,3,2015-01-01,2026-07-12,0.050575,4
COCP,3,2015-01-01,2026-07-12,0.11315000000000001,3
HST,3,2015-01-01,2026-07-12,0.0,3
EYPT,3,2015-01-01,2026-07-12,0.21075,3
ODFL,3,2015-01-01,2026-07-12,-0.045259999999999995,3
MMYT,3,2015-01-01,2026-07-12,0.2997,3
MNDR,3,2015-01-01,2026-07-12,0.08895000000000002,3
ELBM,3,2015-01-01,2026-07-12,0.15656000000000003,3
DRCT,3,2015-01-01,2026-07-12,-0.15012,3
NCMI,3,2015-01-01,2026-07-12,0.0,3
DOMH,3,2015-01-01,2026-07-12,-0.19488000000000003,3
DOGZ,3,2015-01-01,2026-07-12,0.0,3
DMRC,3,2015-01-01,2026-07-12,0.12055,3
INNV,3,2015-01-01,2026-07-12,0.22020000000000003,3
GDYN,3,2015-01-01,2026-07-12,0.62045,3
NAVN,3,2015-01-01,2026-07-12,-0.07200999999999999,5
INTA,3,2015-01-01,2026-07-12,-0.08739999999999999,3
NATH,3,2015-01-01,2026-07-12,0.28595,4
DH,3,2015-01-01,2026-07-12,0.34811,4
NTRS,3,2015-01-01,2026-07-12,-0.02064,3
DTSS,3,2015-01-01,2026-07-12,0.6881999999999998,3
NTSK,3,2015-01-01,2026-07-12,0.17,4
DWTX,3,2015-01-01,2026-07-12,0.6606000000000001,3
NVVE,3,2015-01-01,2026-07-12,0.0,5
NVX,3,2015-01-01,2026-07-12,-0.0086,4
NWE,3,2015-01-01,2026-07-12,0.5712499999999999,3
NWFL,3,2015-01-01,2026-07-12,0.44040000000000007,3
IPDN,3,2015-01-01,2026-07-12,0.0,3
EDSA,3,2015-01-01,2026-07-12,0.66665,3
MPWR,3,2015-01-01,2026-07-12,0.40515000000000007,4
CYRX,3,2015-01-01,2026-07-12,-0.020299999999999985,3
MPLT,3,2015-01-01,2026-07-12,0.1909,3
IGIC,3,2015-01-01,2026-07-12,0.17,3
OBTC,3,2015-01-01,2026-07-12,1.02755,3
IDXX,3,2015-01-01,2026-07-12,0.1806,3
FLYE,3,2015-01-01,2026-07-12,0.0,3
JEM,3,2015-01-01,2026-07-12,-0.09877999999999999,3
PGNY,3,2015-01-01,2026-07-12,0.35211,3
PLMR,3,2015-01-01,2026-07-12,0.6301,3
KGEI,3,2015-01-01,2026-07-12,0.9148999999999999,4
FLNA,3,2015-01-01,2026-07-12,0.26335,3
GOSS,3,2015-01-01,2026-07-12,0.53265,3
GPCR,3,2015-01-01,2026-07-12,0.31505,3
LGO,3,2015-01-01,2026-07-12,0.1591,3
HLNE,3,2015-01-01,2026-07-12,0.24975,3
CISS,3,2015-01-01,2026-07-12,0.07281,3
PPTA,3,2015-01-01,2026-07-12,0.0,3
PRDO,3,2015-01-01,2026-07-12,0.46245,3
CINF,3,2015-01-01,2026-07-12,0.1806,4
PRFX,3,2015-01-01,2026-07-12,0.148,3
LFVN,3,2015-01-01,2026-07-12,0.6417,4
HIND,3,2015-01-01,2026-07-12,0.5574,3
PRME,3,2015-01-01,2026-07-12,0.3572555555555556,4
KNSA,3,2015-01-01,2026-07-12,0.2997,3
PSMT,3,2015-01-01,2026-07-12,-0.09863,3
HCTI,3,2015-01-01,2026-07-12,0.064,3
PXS,3,2015-01-01,2026-07-12,0.26335,4
LAMR,3,2015-01-01,2026-07-12,0.125,3
KPRX,3,2015-01-01,2026-07-12,0.11010000000000002,4
QDEL,3,2015-01-01,2026-07-12,0.027339999999999975,3
KRUS,3,2015-01-01,2026-07-12,0.50615,3
GVH,3,2015-01-01,2026-07-12,0.10180882352941177,9
PLSE,3,2015-01-01,2026-07-12,0.0,3
NDSN,3,2015-01-01,2026-07-12,-0.16334,3
HSCS,3,2015-01-01,2026-07-12,0.0,3
LNZA,3,2015-01-01,2026-07-12,0.49385000000000007,4
PIII,3,2015-01-01,2026-07-12,0.21281999999999993,4
FFIV,2,2015-01-01,2026-07-12,0.0,2
LANDO,2,2015-01-01,2026-07-12,0.0,2
MTVA,2,2015-01-01,2026-07-12,0.20385000000000006,2
EBC,2,2015-01-01,2026-07-12,0.370425,3
VTGN,2,2015-01-01,2026-07-12,0.27090000000000003,2
BCYC,2,2015-01-01,2026-07-12,0.0,3
MSGM,2,2015-01-01,2026-07-12,0.6110249999999999,2
ECOR,2,2015-01-01,2026-07-12,0.321375,2
SQFT,2,2015-01-01,2026-07-12,0.27090000000000003,2
TTEC,2,2015-01-01,2026-07-12,0.0,2
ALXO,2,2015-01-01,2026-07-12,-0.17982,2
MSAI,2,2015-01-01,2026-07-12,0.0,2
FFAI,2,2015-01-01,2026-07-12,-0.10200000000000001,2
TTAN,2,2015-01-01,2026-07-12,-0.08879999999999999,2
MRX,2,2015-01-01,2026-07-12,0.6810375,3
LBRDA,2,2015-01-01,2026-07-12,0.8897999999999999,2
MRDN,2,2015-01-01,2026-07-12,0.0,2
FULT,2,2015-01-01,2026-07-12,0.41715,2
LBTYA,2,2015-01-01,2026-07-12,0.7900499999999999,2
LSTR,2,2015-01-01,2026-07-12,0.017759999999999998,2
LEGH,2,2015-01-01,2026-07-12,0.0,3
LNT,2,2015-01-01,2026-07-12,0.2049,2
EFSC,2,2015-01-01,2026-07-12,0.0,3
AMSF,2,2015-01-01,2026-07-12,0.753375,2
IOSP,2,2015-01-01,2026-07-12,0.255,2
LNKS,2,2015-01-01,2026-07-12,0.58065,2
TKLF,2,2015-01-01,2026-07-12,0.3248916666666667,3
LFUS,2,2015-01-01,2026-07-12,-0.08879999999999999,2
ASND,2,2015-01-01,2026-07-12,0.32916666666666666,3
UTHR,2,2015-01-01,2026-07-12,0.0,2
DSGN,2,2015-01-01,2026-07-12,0.551325,2
INMB,2,2015-01-01,2026-07-12,0.428925,2
AMAL,2,2015-01-01,2026-07-12,0.1875,2
AOSL,2,2015-01-01,2026-07-12,0.0,2
AIMD,2,2015-01-01,2026-07-12,0.34305,3
FIEE,2,2015-01-01,2026-07-12,0.38295,2
SNDX,2,2015-01-01,2026-07-12,0.0,2
BITA,2,2015-01-01,2026-07-12,0.0,2
BIOA,2,2015-01-01,2026-07-12,0.23864999999999997,2
KRNT,2,2015-01-01,2026-07-12,0.962625,2
FHB,2,2015-01-01,2026-07-12,0.0,2
UFPT,2,2015-01-01,2026-07-12,0.0,2
APLM,2,2015-01-01,2026-07-12,0.3736875,3
ALZN,2,2015-01-01,2026-07-12,0.477675,2
NAMM,2,2015-01-01,2026-07-12,0.34409999999999996,2
FXNC,2,2015-01-01,2026-07-12,0.0,2
DTIL,2,2015-01-01,2026-07-12,0.5022,3
SONM,2,2015-01-01,2026-07-12,0.0,2
BFRI,2,2015-01-01,2026-07-12,0.1894843253968254,5
BENF,2,2015-01-01,2026-07-12,0.316125,2
MYRG,2,2015-01-01,2026-07-12,-0.045930000000000006,3
BBGI,2,2015-01-01,2026-07-12,-0.17156999999999997,2
FTAIM,2,2015-01-01,2026-07-12,0.0,2
EQPT,2,2015-01-01,2026-07-12,0.0,2
FRD,2,2015-01-01,2026-07-12,0.0,2
ELVA,2,2015-01-01,2026-07-12,0.0,2
JCAP,2,2015-01-01,2026-07-12,0.255,2
TELA,2,2015-01-01,2026-07-12,0.0,2
MGTX,2,2015-01-01,2026-07-12,0.0,4
LILAK,2,2015-01-01,2026-07-12,0.39502499999999996,2
ALLR,2,2015-01-01,2026-07-12,-0.15800999999999998,2
VISN,2,2015-01-01,2026-07-12,0.0,2
UPLD,2,2015-01-01,2026-07-12,0.0,2
ENGN,2,2015-01-01,2026-07-12,-0.09545999999999999,4
FBNC,2,2015-01-01,2026-07-12,-0.19832999999999998,2
LINC,2,2015-01-01,2026-07-12,0.34409999999999996,2
AMPH,2,2015-01-01,2026-07-12,0.0,2
AMOD,2,2015-01-01,2026-07-12,0.4425,2
TRAX,2,2015-01-01,2026-07-12,-0.14301,2
KELYB,2,2015-01-01,2026-07-12,0.4020980769230769,4
AIFF,2,2015-01-01,2026-07-12,0.477675,2
MDWD,2,2015-01-01,2026-07-12,0.38295,2
ALP,2,2015-01-01,2026-07-12,0.0,4
ARQT,2,2015-01-01,2026-07-12,0.41805000000000003,2
MBIO,2,2015-01-01,2026-07-12,-0.17576999999999998,2
MBX,2,2015-01-01,2026-07-12,0.0,2
MBNKO,2,2015-01-01,2026-07-12,0.0,2
JSPR,2,2015-01-01,2026-07-12,0.0,3
JBSS,2,2015-01-01,2026-07-12,0.0129,2
MITK,2,2015-01-01,2026-07-12,0.0,2
MODD,2,2015-01-01,2026-07-12,0.255,2
ATHE,2,2015-01-01,2026-07-12,0.04857142857142858,6
ELAB,2,2015-01-01,2026-07-12,0.255,2
IVDA,2,2015-01-01,2026-07-12,0.13342500000000002,2
TNGX,2,2015-01-01,2026-07-12,0.0,2
KALU,2,2015-01-01,2026-07-12,0.231225,3
VBNK,2,2015-01-01,2026-07-12,0.301425,2
JZXN,2,2015-01-01,2026-07-12,0.191475,3
EVTV,2,2015-01-01,2026-07-12,-0.10454999999999999,2
MMSI,2,2015-01-01,2026-07-12,0.35085,2
VRRM,2,2015-01-01,2026-07-12,-0.030810000000000004,2
IVVD,2,2015-01-01,2026-07-12,0.060675,8
ALBT,2,2015-01-01,2026-07-12,0.0,2
EZGO,2,2015-01-01,2026-07-12,0.8386499999999999,2
VCIG,2,2015-01-01,2026-07-12,-0.06788999999999999,3
VRCA,2,2015-01-01,2026-07-12,0.357525,2
VEEE,2,2015-01-01,2026-07-12,0.468675,2
ESLT,2,2015-01-01,2026-07-12,0.581475,2
TROO,2,2015-01-01,2026-07-12,0.49350000000000005,2
ESLA,2,2015-01-01,2026-07-12,0.0,2
USOI,2,2015-01-01,2026-07-12,-0.15800999999999998,2
AZTA,2,2015-01-01,2026-07-12,0.0,2
JBHT,2,2015-01-01,2026-07-12,0.0,2
FBYD,2,2015-01-01,2026-07-12,-0.08879999999999999,2
MKDW,2,2015-01-01,2026-07-12,0.5388000000000001,2
ALGM,2,2015-01-01,2026-07-12,0.35650500000000007,2
WCT,2,2015-01-01,2026-07-12,0.0,2
HUIZ,2,2015-01-01,2026-07-12,0.47729999999999995,2
GMAB,2,2015-01-01,2026-07-12,0.59295,2
RLAY,2,2015-01-01,2026-07-12,0.0,2
RLYB,2,2015-01-01,2026-07-12,0.59865,2
HTFL,2,2015-01-01,2026-07-12,1.035825,2
PETZ,2,2015-01-01,2026-07-12,0.0,2
COGT,2,2015-01-01,2026-07-12,0.0,2
COLL,2,2015-01-01,2026-07-12,-0.10235999999999999,3
PDYN,2,2015-01-01,2026-07-12,0.0,2
PCTY,2,2015-01-01,2026-07-12,0.722325,2
PCLA,2,2015-01-01,2026-07-12,0.0,2
GMEX,2,2015-01-01,2026-07-12,0.0,2
PAYP,2,2015-01-01,2026-07-12,0.0,2
ACON,2,2015-01-01,2026-07-12,0.11482500000000001,2
CREX,2,2015-01-01,2026-07-12,0.33030000000000004,2
XELB,2,2015-01-01,2026-07-12,0.8389500000000001,2
GLBE,2,2015-01-01,2026-07-12,0.0,2
CRMT,2,2015-01-01,2026-07-12,0.0,2
OVLY,2,2015-01-01,2026-07-12,0.11199,2
XCUR,2,2015-01-01,2026-07-12,0.0,2
BWIN,2,2015-01-01,2026-07-12,-0.075,2
OSW,2,2015-01-01,2026-07-12,0.0,2
HURA,2,2015-01-01,2026-07-12,0.0,2
CSTE,2,2015-01-01,2026-07-12,-0.06788999999999999,2
XBIO,2,2015-01-01,2026-07-12,0.0,2
CSTL,2,2015-01-01,2026-07-12,0.23495,5
GLNG,2,2015-01-01,2026-07-12,-0.08195999999999999,2
CTNT,2,2015-01-01,2026-07-12,-0.08195999999999999,2
HYFM,2,2015-01-01,2026-07-12,0.27090000000000003,2
ONCO,2,2015-01-01,2026-07-12,0.32085,6
CBIO,2,2015-01-01,2026-07-12,0.255,2
CBK,2,2015-01-01,2026-07-12,0.0,2
PGC,2,2015-01-01,2026-07-12,0.301425,2
PGEN,2,2015-01-01,2026-07-12,0.0,2
QH,2,2015-01-01,2026-07-12,0.856575,2
QTRX,2,2015-01-01,2026-07-12,0.525225,2
QUIK,2,2015-01-01,2026-07-12,0.3597,2
CHCI,2,2015-01-01,2026-07-12,-0.10043999999999999,3
QXL,2,2015-01-01,2026-07-12,0.0,2
CHCO,2,2015-01-01,2026-07-12,-0.12056999999999998,2
CELU,2,2015-01-01,2026-07-12,0.1875,4
HCWB,2,2015-01-01,2026-07-12,0.09641250000000001,3
RAYA,2,2015-01-01,2026-07-12,0.15326999999999996,2
GRNQ,2,2015-01-01,2026-07-12,0.08335384615384617,4
RBNE,2,2015-01-01,2026-07-12,0.2049,2
CDZIP,2,2015-01-01,2026-07-12,-0.11453999999999999,2
CHRW,2,2015-01-01,2026-07-12,0.0,3
PRQR,2,2015-01-01,2026-07-12,0.11482500000000001,2
CDTG,2,2015-01-01,2026-07-12,0.16972500000000001,3
ZCMD,2,2015-01-01,2026-07-12,-0.2658,2
HOFT,2,2015-01-01,2026-07-12,-0.23135999999999998,2
CLMT,2,2015-01-01,2026-07-12,0.0,2
RELL,2,2015-01-01,2026-07-12,0.301425,2
YB,2,2015-01-01,2026-07-12,-0.12057000000000001,2
HRMY,2,2015-01-01,2026-07-12,0.38295,2
PLRZ,2,2015-01-01,2026-07-12,0.0,2
CMTL,2,2015-01-01,2026-07-12,-0.16571999999999998,2
CCBG,2,2015-01-01,2026-07-12,0.0,3
HSIC,2,2015-01-01,2026-07-12,0.370425,2
CBSH,2,2015-01-01,2026-07-12,0.151725,2
CBRL,2,2015-01-01,2026-07-12,0.0,2
SBRA,2,2015-01-01,2026-07-12,0.753375,2
TZOO,2,2015-01-01,2026-07-12,0.0,2
NVNI,2,2015-01-01,2026-07-12,0.522735,3
BMEA,2,2015-01-01,2026-07-12,0.406725,2
GDHG,2,2015-01-01,2026-07-12,-0.09545999999999999,2
BLIN,2,2015-01-01,2026-07-12,0.0,2
OCG,2,2015-01-01,2026-07-12,-0.06789,4
IFRX,2,2015-01-01,2026-07-12,0.23864999999999997,2
SFD,2,2015-01-01,2026-07-12,0.0,2
DIOD,2,2015-01-01,2026-07-12,-0.17576999999999998,5
DGNX,2,2015-01-01,2026-07-12,-0.044399999999999995,3
BRTX,2,2015-01-01,2026-07-12,0.0,3
SKK,2,2015-01-01,2026-07-12,0.25365,2
SGC,2,2015-01-01,2026-07-12,0.0,2
IMSR,2,2015-01-01,2026-07-12,0.2049,3
SKYW,2,2015-01-01,2026-07-12,-0.11453999999999999,2
GFAI,2,2015-01-01,2026-07-12,0.37575000000000003,2
SGRY,2,2015-01-01,2026-07-12,-0.14301,2
DMAC,2,2015-01-01,2026-07-12,0.0,3
OCS,2,2015-01-01,2026-07-12,0.0,2
IMOS,2,2015-01-01,2026-07-12,0.6468750000000001,2
GDEV,2,2015-01-01,2026-07-12,0.468675,2
NTWK,2,2015-01-01,2026-07-12,0.502875,2
CVKD,2,2015-01-01,2026-07-12,0.0,2
SINT,2,2015-01-01,2026-07-12,0.33030000000000004,2
SMBC,2,2015-01-01,2026-07-12,0.0,2
SDOT,2,2015-01-01,2026-07-12,0.07543333333333334,3
SDST,2,2015-01-01,2026-07-12,0.14958749999999998,3
DFSC,2,2015-01-01,2026-07-12,0.5052,2
IMUX,2,2015-01-01,2026-07-12,0.0,2
IMNN,2,2015-01-01,2026-07-12,0.0,2
SLNH,2,2015-01-01,2026-07-12,-0.33333,3
AEIS,2,2015-01-01,2026-07-12,0.357525,2
KEQU,1,2015-01-01,2026-07-12,-0.17759999999999998,1
FWONA,1,2015-01-01,2026-07-12,0.0,1
ACFN,1,2015-01-01,2026-07-12,1.10265,1
IMRN,1,2015-01-01,2026-07-12,0.81345,1
HOVNP,1,2015-01-01,2026-07-12,0.0,1
HNRG,1,2015-01-01,2026-07-12,0.0,1
YDES,1,2015-01-01,2026-07-12,-0.28602,1
AMIX,1,2015-01-01,2026-07-12,0.60285,1
ABVX,1,2015-01-01,2026-07-12,0.0,1
YMT,1,2015-01-01,2026-07-12,1.1203500000000002,1
IMRX,1,2015-01-01,2026-07-12,-0.31601999999999997,1
FLXS,1,2015-01-01,2026-07-12,0.0,1
YJ,1,2015-01-01,2026-07-12,0.0,1
GOODO,1,2015-01-01,2026-07-12,0.8433,1
URGN,1,2015-01-01,2026-07-12,0.0,1
UNB,1,2015-01-01,2026-07-12,0.60285,1
ABSI,1,2015-01-01,2026-07-12,0.0,1
INDV,1,2015-01-01,2026-07-12,0.0,1
UBSI,1,2015-01-01,2026-07-12,0.0,1
UBXG,1,2015-01-01,2026-07-12,0.51,1
ANPA,1,2015-01-01,2026-07-12,-0.29634,1
ANNX,1,2015-01-01,2026-07-12,0.95535,1
KROS,1,2015-01-01,2026-07-12,0.30345,1
HBIO,1,2015-01-01,2026-07-12,0.63225,1
GSIW,1,2015-01-01,2026-07-12,0.0,1
KRKR,1,2015-01-01,2026-07-12,0.0,1
ANIK,1,2015-01-01,2026-07-12,0.0,1
AFYA,1,2015-01-01,2026-07-12,0.0,1
HERZ,1,2015-01-01,2026-07-12,0.0,1
UONEK,1,2015-01-01,2026-07-12,0.34304999999999997,2
WAI,1,2015-01-01,2026-07-12,0.30345,1
IMXI,1,2015-01-01,2026-07-12,0.0,1
ANGO,1,2015-01-01,2026-07-12,0.0,1
INTG,1,2015-01-01,2026-07-12,0.33945000000000003,1
ANGH,1,2015-01-01,2026-07-12,0.0,1
FKWL,1,2015-01-01,2026-07-12,0.0,1
GRI,1,2015-01-01,2026-07-12,0.0,1
GABC,1,2015-01-01,2026-07-12,0.0,1
KMTS,1,2015-01-01,2026-07-12,-0.35153999999999996,1
KLIC,1,2015-01-01,2026-07-12,0.0,2
ACGL,1,2015-01-01,2026-07-12,-0.10674,1
IZM,1,2015-01-01,2026-07-12,0.5418000000000001,1
HSAI,1,2015-01-01,2026-07-12,0.0,1
GNLX,1,2015-01-01,2026-07-12,0.0,1
WNW,1,2015-01-01,2026-07-12,0.0,1
INLF,1,2015-01-01,2026-07-12,0.8649,1
FOFO,1,2015-01-01,2026-07-12,0.5726999999999999,1
JKHY,1,2015-01-01,2026-07-12,0.0,1
FSBC,1,2015-01-01,2026-07-12,0.0,1
XCH,1,2015-01-01,2026-07-12,0.0,1
XBP,1,2015-01-01,2026-07-12,0.0,1
ALMU,1,2015-01-01,2026-07-12,0.0,1
AKTX,1,2015-01-01,2026-07-12,0.44399999999999995,1
ALMR,1,2015-01-01,2026-07-12,-0.17759999999999998,1
WPRT,1,2015-01-01,2026-07-12,0.0,1
JDZG,1,2015-01-01,2026-07-12,-0.16391999999999998,1
VIVK,1,2015-01-01,2026-07-12,0.9006000000000001,1
FOXF,1,2015-01-01,2026-07-12,-0.25289999999999996,1
GLPI,1,2015-01-01,2026-07-12,0.63225,1
ADAMI,1,2015-01-01,2026-07-12,0.8209500000000001,1
WYFI,1,2015-01-01,2026-07-12,0.0,2
IDCC,1,2015-01-01,2026-07-12,1.27785,1
GIBO,1,2015-01-01,2026-07-12,-0.035309999999999994,4
ALHC,1,2015-01-01,2026-07-12,0.0,1
HWC,1,2015-01-01,2026-07-12,-0.0258,1
HYPD,1,2015-01-01,2026-07-12,0.0,1
IART,1,2015-01-01,2026-07-12,0.41805000000000003,2
JBIO,1,2015-01-01,2026-07-12,-0.17759999999999998,1
GLIBK,1,2015-01-01,2026-07-12,0.7900499999999999,1
GLSI,1,2015-01-01,2026-07-12,0.0,1
ADXN,1,2015-01-01,2026-07-12,0.0,1
ISBA,1,2015-01-01,2026-07-12,0.6881999999999999,1
IMCR,1,2015-01-01,2026-07-12,0.0,1
WHWK,1,2015-01-01,2026-07-12,-0.21672,1
VTIX,1,2015-01-01,2026-07-12,0.0,1
WILC,1,2015-01-01,2026-07-12,0.0,1
GIII,1,2015-01-01,2026-07-12,0.47729999999999995,1
VALN,1,2015-01-01,2026-07-12,0.0,1
IPAR,1,2015-01-01,2026-07-12,0.0,1
KARO,1,2015-01-01,2026-07-12,0.0,1
GECC,1,2015-01-01,2026-07-12,1.27215,1
HTLD,1,2015-01-01,2026-07-12,0.0,1
IMDX,1,2015-01-01,2026-07-12,0.0,1
XNDU,1,2015-01-01,2026-07-12,0.0,1
JZ,1,2015-01-01,2026-07-12,0.0,1
WLFC,1,2015-01-01,2026-07-12,-0.28601999999999994,1
ACNT,1,2015-01-01,2026-07-12,0.7659,1
FLYW,1,2015-01-01,2026-07-12,0.0,1
VCYT,1,2015-01-01,2026-07-12,0.0,1
FMAO,1,2015-01-01,2026-07-12,0.0,1
XHG,1,2015-01-01,2026-07-12,0.0,1
ILPT,1,2015-01-01,2026-07-12,0.26085,2
JVA,1,2015-01-01,2026-07-12,0.0,1
FULC,1,2015-01-01,2026-07-12,0.0,1
FNLC,1,2015-01-01,2026-07-12,0.0,1
ILAG,1,2015-01-01,2026-07-12,0.8788499999999999,1
ALNY,1,2015-01-01,2026-07-12,0.0,1
GCTK,1,2015-01-01,2026-07-12,0.0,2
QQQX,1,2015-01-01,2026-07-12,0.0,2
TYRA,1,2015-01-01,2026-07-12,0.0,1
KRRO,1,2015-01-01,2026-07-12,0.0,1
SFNC,1,2015-01-01,2026-07-12,0.0,1
OBT,1,2015-01-01,2026-07-12,0.0,1
SFHG,1,2015-01-01,2026-07-12,0.9186000000000001,1
OCFC,1,2015-01-01,2026-07-12,0.0,1
BRCB,1,2015-01-01,2026-07-12,0.0,1
CVLT,1,2015-01-01,2026-07-12,-0.22907999999999995,1
BSET,1,2015-01-01,2026-07-12,0.0,1
BSIN,1,2015-01-01,2026-07-12,-0.21672,1
OKUR,1,2015-01-01,2026-07-12,0.63225,1
SCNI,1,2015-01-01,2026-07-12,0.0,1
OMCL,1,2015-01-01,2026-07-12,0.0,1
OMDA,1,2015-01-01,2026-07-12,-0.42018,1
OMH,1,2015-01-01,2026-07-12,0.0,1
CTOR,1,2015-01-01,2026-07-12,-0.16722,2
ONEW,1,2015-01-01,2026-07-12,0.0,1
BTSG,1,2015-01-01,2026-07-12,0.51,1
CTNM,1,2015-01-01,2026-07-12,-0.17759999999999998,1
ORGO,1,2015-01-01,2026-07-12,0.0,1
CSWC,1,2015-01-01,2026-07-12,0.0,1
BUSE,1,2015-01-01,2026-07-12,0.0,1
SAIH,1,2015-01-01,2026-07-12,0.0,1
NYXH,1,2015-01-01,2026-07-12,0.71505,1
SGLY,1,2015-01-01,2026-07-12,0.0,1
NWTG,1,2015-01-01,2026-07-12,0.0,1
NTCT,1,2015-01-01,2026-07-12,0.0,1
NCSM,1,2015-01-01,2026-07-12,0.0,1
NEPH,1,2015-01-01,2026-07-12,0.192,1
NESR,1,2015-01-01,2026-07-12,0.0,2
SLN,1,2015-01-01,2026-07-12,0.0,1
SLMT,1,2015-01-01,2026-07-12,0.0,1
NPT,1,2015-01-01,2026-07-12,0.44399999999999995,1
NRIX,1,2015-01-01,2026-07-12,0.0,1
DLPN,1,2015-01-01,2026-07-12,-0.29634,1
NTCL,1,2015-01-01,2026-07-12,0.0,1
DGICA,1,2015-01-01,2026-07-12,0.0774,1
SGP,1,2015-01-01,2026-07-12,0.5727,1
NTRA,1,2015-01-01,2026-07-12,0.0,1
SIFY,1,2015-01-01,2026-07-12,0.0,1
SIEB,1,2015-01-01,2026-07-12,1.0894499999999998,1
NVCT,1,2015-01-01,2026-07-12,0.0,1
NVNO,1,2015-01-01,2026-07-12,0.0,1
DAKT,1,2015-01-01,2026-07-12,0.0,1
BNTC,1,2015-01-01,2026-07-12,0.0,1
DAIC,1,2015-01-01,2026-07-12,0.0,2
CZFS,1,2015-01-01,2026-07-12,0.0,1
ORKT,1,2015-01-01,2026-07-12,0.63225,1
CSBR,1,2015-01-01,2026-07-12,0.79245,1
OVBC,1,2015-01-01,2026-07-12,-0.21672,1
RDGT,1,2015-01-01,2026-07-12,0.0,1
CLYM,1,2015-01-01,2026-07-12,0.0,1
CCEP,1,2015-01-01,2026-07-12,0.0,1
CLNN,1,2015-01-01,2026-07-12,0.0,1
CCNE,1,2015-01-01,2026-07-12,1.0211999999999999,1
CLGN,1,2015-01-01,2026-07-12,-0.16391999999999998,1
CCSI,1,2015-01-01,2026-07-12,0.8361000000000001,1
CCTG,1,2015-01-01,2026-07-12,0.0,1
CLFD,1,2015-01-01,2026-07-12,0.0,1
CIVB,1,2015-01-01,2026-07-12,-0.18204,1
CIGI,1,2015-01-01,2026-07-12,0.0,1
CMCT,1,2015-01-01,2026-07-12,0.0,1
RDAC,1,2015-01-01,2026-07-12,0.0,1
PSIG,1,2015-01-01,2026-07-12,0.0,1
RBCAA,1,2015-01-01,2026-07-12,0.0,1
CHRN,1,2015-01-01,2026-07-12,0.44399999999999995,1
CHMG,1,2015-01-01,2026-07-12,0.0,1
PXLW,1,2015-01-01,2026-07-12,0.0774,1
QCLS,1,2015-01-01,2026-07-12,0.15105,1
QTTB,1,2015-01-01,2026-07-12,0.0,1
CEVA,1,2015-01-01,2026-07-12,1.1107500000000001,1
CCEC,1,2015-01-01,2026-07-12,0.5418000000000001,1
REVB,1,2015-01-01,2026-07-12,0.53925,1
BWMN,1,2015-01-01,2026-07-12,0.0,1
COLB,1,2015-01-01,2026-07-12,1.0894499999999998,1
RXST,1,2015-01-01,2026-07-12,0.0,1
OXSQG,1,2015-01-01,2026-07-12,0.0,1
PAHC,1,2015-01-01,2026-07-12,0.0,1
PALI,1,2015-01-01,2026-07-12,-0.11208,1
PATK,1,2015-01-01,2026-07-12,0.0,1
PAVS,1,2015-01-01,2026-07-12,0.0,1
PBM,1,2015-01-01,2026-07-12,0.6606000000000001,1
PEBO,1,2015-01-01,2026-07-12,0.0,1
PECO,1,2015-01-01,2026-07-12,0.7659,1
RNAC,1,2015-01-01,2026-07-12,0.95535,2
REYN,1,2015-01-01,2026-07-12,0.4098,1
COFS,1,2015-01-01,2026-07-12,1.2189,1
PFSA,1,2015-01-01,2026-07-12,0.0,1
RLMD,1,2015-01-01,2026-07-12,0.0,1
RILYT,1,2015-01-01,2026-07-12,0.0,1
RILYP,1,2015-01-01,2026-07-12,0.33945000000000003,1
PHAR,1,2015-01-01,2026-07-12,0.0,1
COAG,1,2015-01-01,2026-07-12,0.0,2
CNXC,1,2015-01-01,2026-07-12,0.0,1
CMMB,1,2015-01-01,2026-07-12,0.0,1
NCPL,1,2015-01-01,2026-07-12,0.0,1
NCNO,1,2015-01-01,2026-07-12,0.0,3
BJDX,1,2015-01-01,2026-07-12,0.6881999999999999,1
EWBC,1,2015-01-01,2026-07-12,0.7600500000000001,1
LMNR,1,2015-01-01,2026-07-12,1.0261500000000001,1
ARTNA,1,2015-01-01,2026-07-12,0.51,1
LONA,1,2015-01-01,2026-07-12,0.0,1
ASPC,1,2015-01-01,2026-07-12,0.0,2
TLPH,1,2015-01-01,2026-07-12,0.0,1
ASPCU,1,2015-01-01,2026-07-12,0.0,1
TITN,1,2015-01-01,2026-07-12,0.0,1
TIPT,1,2015-01-01,2026-07-12,0.0,1
LRMR,1,2015-01-01,2026-07-12,0.4098,1
TIGO,1,2015-01-01,2026-07-12,0.4098,2
LMAT,1,2015-01-01,2026-07-12,0.0,1
THRY,1,2015-01-01,2026-07-12,0.0,1
THH,1,2015-01-01,2026-07-12,0.0,1
EVAX,1,2015-01-01,2026-07-12,0.33030000000000004,2
THCH,1,2015-01-01,2026-07-12,0.0,1
LVLU,1,2015-01-01,2026-07-12,0.0,2
LWAY,1,2015-01-01,2026-07-12,0.9186000000000001,1
ETHA,1,2015-01-01,2026-07-12,0.0,1
ESEA,1,2015-01-01,2026-07-12,0.7900499999999999,1
TECX,1,2015-01-01,2026-07-12,0.0,2
AROW,1,2015-01-01,2026-07-12,-0.24113999999999997,1
LKQ,1,2015-01-01,2026-07-12,0.0,1
MBIN,1,2015-01-01,2026-07-12,0.0,1
LBTYK,1,2015-01-01,2026-07-12,0.7900499999999999,1
KSPI,1,2015-01-01,2026-07-12,0.0,1
FINW,1,2015-01-01,2026-07-12,0.0,1
APEI,1,2015-01-01,2026-07-12,-0.399,1
TWG,1,2015-01-01,2026-07-12,0.15689999999999998,4
KYTX,1,2015-01-01,2026-07-12,0.0,1
TVRD,1,2015-01-01,2026-07-12,0.0,1
FGNX,1,2015-01-01,2026-07-12,0.0,1
TSUI,1,2015-01-01,2026-07-12,0.71505,1
TSHA,1,2015-01-01,2026-07-12,0.0,1
FELE,1,2015-01-01,2026-07-12,-0.09186000000000001,1
LIVN,1,2015-01-01,2026-07-12,0.375,1
FCHL,1,2015-01-01,2026-07-12,0.4098,1
LFST,1,2015-01-01,2026-07-12,0.192,2
TRUG,1,2015-01-01,2026-07-12,0.47729999999999995,1
TRST,1,2015-01-01,2026-07-12,0.0,1
TRMK,1,2015-01-01,2026-07-12,0.0,1
LILAP,1,2015-01-01,2026-07-12,1.05045,1
LIMN,1,2015-01-01,2026-07-12,0.0,1
ARGX,1,2015-01-01,2026-07-12,0.0,1
FBLG,1,2015-01-01,2026-07-12,0.2997,3
NCEL,1,2015-01-01,2026-07-12,0.0,1
MAYS,1,2015-01-01,2026-07-12,0.6028500000000001,1
TDOG,1,2015-01-01,2026-07-12,0.0,1
MSEX,1,2015-01-01,2026-07-12,0.0,1
BANX,1,2015-01-01,2026-07-12,0.0,1
BAOS,1,2015-01-01,2026-07-12,0.51,3
STKH,1,2015-01-01,2026-07-12,0.0,1
MNTK,1,2015-01-01,2026-07-12,0.0,1
EGBN,1,2015-01-01,2026-07-12,0.0,1
BBIO,1,2015-01-01,2026-07-12,0.0,1
BCAL,1,2015-01-01,2026-07-12,0.0,1
EDRY,1,2015-01-01,2026-07-12,0.0,1
EDBL,1,2015-01-01,2026-07-12,0.0,1
MSGY,1,2015-01-01,2026-07-12,0.0,1
MCRI,1,2015-01-01,2026-07-12,0.6606000000000001,3
MTEN,1,2015-01-01,2026-07-12,0.44399999999999995,1
SPFI,1,2015-01-01,2026-07-12,0.33945000000000003,1
BELFB,1,2015-01-01,2026-07-12,0.0,1
MZTI,1,2015-01-01,2026-07-12,0.0,1
BGLC,1,2015-01-01,2026-07-12,0.0,1
NATR,1,2015-01-01,2026-07-12,0.0,1
SNTG,1,2015-01-01,2026-07-12,0.0,1
NAUT,1,2015-01-01,2026-07-12,0.0,1
NBP,1,2015-01-01,2026-07-12,0.0,1
STRF,1,2015-01-01,2026-07-12,0.0,1
STRK,1,2015-01-01,2026-07-12,0.0,1
BANF,1,2015-01-01,2026-07-12,0.47729999999999995,1
SYBT,1,2015-01-01,2026-07-12,0.0,1
ATRC,1,2015-01-01,2026-07-12,0.0,1
TCBK,1,2015-01-01,2026-07-12,0.0,1
QNST,1,2015-01-01,2026-07-12,0.0,1
MEDP,1,2015-01-01,2026-07-12,0.0,1
AUDC,1,2015-01-01,2026-07-12,0.0,1
TAOX,1,2015-01-01,2026-07-12,-0.52842,1
MGRC,1,2015-01-01,2026-07-12,0.44399999999999995,1
AUID,1,2015-01-01,2026-07-12,0.0,1
MMLP,1,2015-01-01,2026-07-12,0.0,1
AURE,1,2015-01-01,2026-07-12,0.0,1
SXTC,1,2015-01-01,2026-07-12,0.7656,1
ELVN,1,2015-01-01,2026-07-12,0.0,2
ELTK,1,2015-01-01,2026-07-12,0.0,1
SVRN,1,2015-01-01,2026-07-12,0.0,1
ELPW,1,2015-01-01,2026-07-12,0.0,2
MLEC,1,2015-01-01,2026-07-12,0.0,1
MLKN,1,2015-01-01,2026-07-12,0.0258,1
MLTX,1,2015-01-01,2026-07-12,1.257,2
MLYS,1,2015-01-01,2026-07-12,0.0,1
ZVRA,1,2015-01-01,2026-07-12,0.0,1
TSM,0,2015-01-01,2026-07-12,,0
CRM,0,2015-01-01,2026-07-12,,0
