ticker,date,title,url,domain,language,tone,source
COIN,2020-11-25,Renowned venture capitalist bullish over White House change,https://www.thenationalnews.com/business/economy/renowned-venture-capitalist-bullish-over-white-house-change-1.1117803,thenationalnews.com,English,0.0,gdelt_gkg
COIN,2020-11-25,brett tejpau - All news and posts by Crowdfund Insider,https://www.crowdfundinsider.com/tag/brett-tejpau/,crowdfundinsider.com,English,0.0,gdelt_gkg
COIN,2020-11-25,Digital Asset Exchange Coinbase to Disable Margin Trading as Response to New CFTC Guidance,https://www.crowdfundinsider.com/2020/11/169537-digital-asset-exchange-coinbase-to-disable-margin-trading-as-response-to-new-cftc-guidance/,crowdfundinsider.com,English,0.0,gdelt_gkg
COIN,2020-11-25,"Before Congress , federal regulators dispute US pace on national digital currency",https://cointelegraph.com/news/before-congress-federal-regulators-dispute-us-pace-on-national-digital-currency,cointelegraph.com,English,0.0,gdelt_gkg
COIN,2020-11-25,Coinbase Ends Margin Trading Service on Coinbase Pro,https://insidebitcoins.com/news/coinbase-ends-margin-trading-service-on-coinbase-pro,insidebitcoins.com,English,0.0,gdelt_gkg
COIN,2020-11-25,"Visa Wants to Buy Plaid , and With It , Transaction Data for Millions of People",https://www.eff.org/deeplinks/2020/11/visa-wants-buy-plaid-and-it-transaction-data-millions-people,eff.org,English,0.0,gdelt_gkg
COIN,2020-11-25,Top public relations experts in the technology industry,https://www.businessinsider.com/top-public-relations-experts-in-the-technology-industry-2020-11,businessinsider.com,English,0.0,gdelt_gkg
COIN,2020-11-25,US stocks remain mixed . European shares also end the session mixed,https://www.forexlive.com/technical-analysis/!/us-stocks-remain-mixed-european-shares-also-end-the-session-mixed-20201125,forexlive.com,English,0.0,gdelt_gkg
COIN,2020-11-25,10 Countries That Are Fintech Leaders Today,https://www.coinspeaker.com/10-countries-fintech-leaders/,coinspeaker.com,English,0.0,gdelt_gkg
COIN,2020-11-25,Fintech firm launches algo trading Varsity match,https://www.funds-europe.com/news/fintech-firm-launches-algo-trading-varsity-match,funds-europe.com,English,0.0,gdelt_gkg
COIN,2020-11-25,Permanent work - from - home plans expand – Square Enix is next,https://www.slashgear.com/permanent-work-from-home-plans-expand-square-enix-is-next-25648812/,slashgear.com,English,0.0,gdelt_gkg
COIN,2020-11-26,Coinbase Goes Down Again as Bitcoin Price Dips,https://www.coindesk.com/coinbase-others-go-down-as-amazon-web-services-outage-takes-down-swath-of-internet,coindesk.com,English,0.0,gdelt_gkg
COIN,2020-11-26,Bitcoin Plunges Along With Other Coins,https://www.msn.com/en-us/money/markets/bitcoin-plunges-along-with-other-coins/ar-BB1bn9CT?item=delivery_service_enabled%253Afalse%252Cpersonalization_enabled%253Afalse%253Focid,msn.com,English,0.0,gdelt_gkg
COIN,2020-11-26,"Crypto exchange Coinbase hit by connection , latency problems as bitcoin plummets",https://forextv.com/bitcoin-news/crypto-exchange-coinbase-hit-by-connection-latency-problems-as-bitcoin-plummets/,forextv.com,English,0.0,gdelt_gkg
COIN,2020-11-26,"Dow Jones Futures Fall On AstraZeneca Coronavirus Vaccine News , Bitcoin Dives ; Watch Out For This",https://www.investors.com/market-trend/stock-market-today/dow-jones-futures-astrazeneca-coronavirus-vaccine-news/,investors.com,English,0.0,gdelt_gkg
COIN,2020-11-26,Bitcoin dives as red - hot rally hits the buffers,https://www.reuters.com/article/us-markets-crypto-currency-idUSKBN286099,reuters.com,English,0.0,gdelt_gkg
COIN,2020-11-26,Bitcoin Plunges Along With Other Coins,https://www.msn.com/en-us/money/markets/bitcoin-plunges-along-with-other-coins/ar-BB1bn9CT?p=DevEx%25252C5025.1,msn.com,English,0.0,gdelt_gkg
COIN,2020-11-26,"Crypto exchange Coinbase hit by connection , latency problems as bitcoin plummets",https://www.reuters.com/article/businessNews/idUSKBN2861Y1,reuters.com,English,0.0,gdelt_gkg
COIN,2020-11-26,Bitcoin Plunges Along With Other Coins,https://www.msn.com/en-us/money/markets/bitcoin-plunges-along-with-other-coins/ar-BB1bn9CT?bep_ref=1&bep_csid=19045,msn.com,English,0.0,gdelt_gkg
COIN,2020-11-26,"Crypto exchange Coinbase hit by connection , latency problems as bitcoin plummets",https://uk.reuters.com/uk.reuters.com/article/us-crypto-currencies/crypto-exchange-coinbase-hit-by-connection-latency-problems-as-bitcoin-plummets-idUKKBN2861Y1,uk.reuters.com,English,0.0,gdelt_gkg
COIN,2020-11-26,Bitcoin price : Why has it fallen 12 . 5 % in a day ? ,https://www.dailymail.co.uk/money/investing/article-8990849/Bitcoin-price-fallen-12-5-day.html,dailymail.co.uk,English,0.0,gdelt_gkg
COIN,2020-11-26,Bitcoin Plunges Along With Other Coins,https://www.msn.com/en-us/money/markets/bitcoin-plunges-along-with-other-coins/ar-BB1bn9CT?appwebview=true&enablessr=true%2520%2522%2520target%253D%2522_blank%2522%253ERead%2520the%2520Article,msn.com,English,0.0,gdelt_gkg
COIN,2020-11-26,"Crypto exchange Coinbase hit by connection , latency problems as bitcoin plummets",https://www.channelnewsasia.com/news/business/crypto-exchange-coinbase-hit-by-connection--latency-problems-as-bitcoin-plummets-13646676,channelnewsasia.com,English,0.0,gdelt_gkg
COIN,2020-11-26,Global Markets : 300 Turkish pilots sentenced to jail for life,https://www.producer.com/market_update/global-markets-300-turkish-pilots-sentenced-to-jail-for-life/,producer.com,English,0.0,gdelt_gkg
COIN,2020-11-26,Bitcoin price : Why has it fallen 12 . 5 % in a day ? ,https://www.thisismoney.co.uk/money/investing/article-8990849/Bitcoin-price-fallen-12-5-day.html,thisismoney.co.uk,English,0.0,gdelt_gkg
COIN,2020-11-26,Cambridge and Oxford undergrads compete in a crypto trading contest,https://invezz.com/news/2020/11/26/cambridge-and-oxford-undergrads-compete-in-a-crypto-trading-contest/,invezz.com,English,0.0,gdelt_gkg
COIN,2020-11-26,Bitcoin Nasty Thanksgiving Surprise Cost Billions,https://www.msn.com/en-us/money/markets/bitcoins-nasty-thanksgiving-surprise-cost-billions/ar-BB1boaus,msn.com,English,0.0,gdelt_gkg
COIN,2020-11-26,"Crypto exchange Coinbase hit by connection , latency problems as bitcoin plummets",https://isp.netscape.com/pf/story/0002/20201126/KBN2861Y1_2,isp.netscape.com,English,0.0,gdelt_gkg
COIN,2020-11-26,"Cryto boom shaken as Bitcoin , other coins nosedive after record rally",https://www.business-standard.com/article/international/cryto-boom-shaken-as-bitcoin-other-coins-nosedive-after-record-rally-120112601649_1.html,business-standard.com,English,0.0,gdelt_gkg
COIN,2020-11-26,"Luego de la euforia , llegó el freno para el Bitcoin , que cotiza por debajo de los USD 16 . 600",https://www.infobae.com/economia/2020/11/26/luego-de-la-euforia-llego-el-freno-para-el-bitcoin-que-cotiza-por-debajo-de-los-us-16600/,infobae.com,Spanish,0.0,gdelt_gkg
COIN,2020-11-26,"Crypto exchange Coinbase hit by connection , latency problems as bitcoin plummets",https://www.reuters.com/article/us-crypto-currencies/crypto-exchange-coinbase-hit-by-connection-latency-problems-as-bitcoin-plummets-idUSKBN2861Y1,reuters.com,English,0.0,gdelt_gkg
COIN,2020-11-26,Cryptoeconomy : Ahora se puede obtener pasaportes de Estados Unidos pagando con criptomonedas,http://www.tynmagazine.com/cryptoeconomy-ahora-se-puede-obtener-pasaportes-de-estados-unidos-pagando-con-criptomonedas/,tynmagazine.com,Spanish,0.0,gdelt_gkg
COIN,2020-11-26,Bitcoin scheitert an Rekordhoch und bricht ein « Finanzportal financial . de – Aktien – Börse – Kurse – Rohstoffe,http://www.financial.de/news/top-stories/bitcoin-scheitert-an-rekordhoch-und-bricht-ein-2/,financial.de,German,0.0,gdelt_gkg
COIN,2020-11-26,Bitcoin rally ends | Investment Executive,https://www.investmentexecutive.com/news/industry-news/bitcoin-rally-ends/,investmentexecutive.com,English,0.0,gdelt_gkg
COIN,2020-11-26,"Crypto exchange Coinbase hit by connection , latency problems as bitcoin plummets",https://www.reuters.com/article/us-crypto-currencies-idUSKBN2861Y1,reuters.com,English,0.0,gdelt_gkg
COIN,2020-11-26,"Crypto exchange Coinbase hit by connection , latency problems as bitcoin plummets",https://www.reuters.com/article/technologyNews/idUSKBN2861Y1,reuters.com,English,0.0,gdelt_gkg
COIN,2020-11-26,Blockchain in Retail Market May See a Big Move,http://www.sbwire.com/press-releases/blockchain-in-retail-market-is-thriving-worldwide-aws-oracle-bitfury-cegeka-1318137.htm,sbwire.com,English,0.0,gdelt_gkg
COIN,2020-11-26,"Crypto exchange Coinbase hit by connection , latency problems as bitcoin plummets",https://www.reuters.com/article/us-crypto-currencies-idUKKBN2861Y1,reuters.com,English,0.0,gdelt_gkg
COIN,2020-11-26,Bitcoin rally ends | Advisor Edge,https://www.advisor.ca/news/industry-news/bitcoin-rally-ends/,advisor.ca,English,0.0,gdelt_gkg
COIN,2020-11-26,Bitcoin Plunges Along With Other Coins,https://www.newsmax.com/finance/streettalk/bitcoin-crypto-coins-price/2020/11/26/id/998948/,newsmax.com,English,0.0,gdelt_gkg
COIN,2020-11-26,Bitcoin value plunges on regulation concern,https://www.thenationalnews.com/business/markets/bitcoin-value-plunges-on-regulation-concern-1.1118539,thenationalnews.com,English,0.0,gdelt_gkg
COIN,2020-11-26,"Crypto exchange Coinbase hit by connection , latency problems as bitcoin plummets",https://www.businessinsider.com/crypto-exchange-coinbase-hit-by-connection-latency-problems-as-bitcoin-plummets-2020-11,businessinsider.com,English,0.0,gdelt_gkg
COIN,2020-11-26,Bitcoin dives as red - hot rally hits the buffers,https://www.marketscreener.com/quote/cryptocurrency/BITCOIN-UNITED-STATES-D-45553945/news/Bitcoin-dives-as-red-hot-rally-hits-the-buffers-31868599/,marketscreener.com,English,0.0,gdelt_gkg
COIN,2020-11-26,"Crypto exchange Coinbase hit by connection , latency problems as bitcoin plummets",https://in.reuters.com/article/crypto-currencies/crypto-exchange-coinbase-hit-by-connection-latency-problems-as-bitcoin-plummets-idINKBN2861XX,in.reuters.com,English,0.0,gdelt_gkg
COIN,2020-11-26,Bitcoin dives as red - hot rally hits the buffers,https://in.reuters.com/article/us-markets-crypto-currency/bitcoin-dives-as-red-hot-rally-hits-the-buffers-idINKBN286099,in.reuters.com,English,0.0,gdelt_gkg
COIN,2020-11-26,Bitcoin crashes a day after rallying to all - time highs,https://learnbonds.com/news/bitcoin-crashes-a-day-after-rallying-to-all-time-highs/,learnbonds.com,English,0.0,gdelt_gkg
COIN,2020-11-26,"Bitcoin plummets to 10 - day low , dragging smaller cryptocurrencies down",https://www.theglobeandmail.com/investing/article-bitcoin-plummets-to-10-day-low-dragging-smaller-cryptocurrencies-down/,theglobeandmail.com,English,0.0,gdelt_gkg
COIN,2020-11-26,Bitcoin dives as red - hot rally hits the buffers,https://uk.reuters.com/article/us-markets-crypto-currency/bitcoin-dives-as-red-hot-rally-hits-the-buffers-idUKKBN286099,uk.reuters.com,English,0.0,gdelt_gkg
COIN,2020-11-26,Bitcoin dives as red - hot rally hits the buffers,https://uk.reuters.com/article/uk-markets-crypto-currency/bitcoin-dives-as-red-hot-rally-hits-the-buffers-idUKKBN28609B,uk.reuters.com,English,0.0,gdelt_gkg
COIN,2020-11-26,"Coinbase denies discrimination against Black workers , NYT piece incoming",https://www.businessinsider.com/coinbase-discrimination-black-workers-nyt-investigation-2020-11,businessinsider.com,English,0.0,gdelt_gkg
COIN,2020-11-26,Bitcoin dives as red - hot rally hits the buffers,https://in.reuters.com/article/crypto-currency/bitcoin-dives-as-red-hot-rally-hits-the-buffers-idINKBN2860SG,in.reuters.com,English,0.0,gdelt_gkg
COIN,2020-11-26,Crypto boom shaken as bitcoin plunges with other coins,https://www.bnnbloomberg.ca/crypto-boom-shaken-as-bitcoin-plunges-with-other-coins-1.1527958,bnnbloomberg.ca,English,0.0,gdelt_gkg
COIN,2020-11-26,"Coinbase denies discriminating against Black workers , preempting an upcoming New York Times investigation",http://www.msn.com/en-us/money/news/coinbase-denies-discriminating-against-black-workers-preempting-an-upcoming-new-york-times-investigation/ar-BB1bnSxg,msn.com,English,0.0,gdelt_gkg
COIN,2020-11-26,"Лавров в Минске передал Лукашенко  привет  от Путина : судя по лицу , тот понял , чего хочет Кремль",https://www.dialog.ua/blogs/219760_1606392881,dialog.ua,Russian,0.0,gdelt_gkg
COIN,2020-11-26,Bitcoin plunges 11pc after flirting with record highs,https://www.telegraph.co.uk/investing/news/bitcoin-plunges-11pc-flirting-record-highs/,telegraph.co.uk,English,0.0,gdelt_gkg
COIN,2020-11-26,The new structure around cryptocurrency,https://www.talk-business.co.uk/2020/11/26/the-new-structure-around-cryptocurrency/,talk-business.co.uk,English,0.0,gdelt_gkg
COIN,2020-11-26,AWS outage hits company own services,https://www.computing.co.uk/news/4023992/aws-outage-hits-company%E2%80%99-services,computing.co.uk,English,0.0,gdelt_gkg
COIN,2020-11-26,Bitcoin plunges along with other coins,https://www.moneyweb.co.za/moneyweb-crypto/bitcoin/bitcoin-plunges-along-with-other-coins/,moneyweb.co.za,English,0.0,gdelt_gkg
COIN,2020-11-26,Coinbase CEO Brian Armstrong Shares Concerns on Rumoured New US Crypto Regulation,https://www.coinspeaker.com/coinbase-ceo-crypto-regulation-us/,coinspeaker.com,English,0.0,gdelt_gkg
COIN,2020-11-26,Bitcoin Nasty Thanksgiving Surprise Cost Billions,https://www.msn.com/en-us/money/markets/bitcoin-e2-80-99s-nasty-thanksgiving-surprise-cost-billions/ar-BB1boaus,msn.com,English,0.0,gdelt_gkg
COIN,2020-11-26,"Coinbase denies discriminating against Black workers , preempting an upcoming New York Times investigation",https://www.businessinsider.in/tech/news/coinbase-denies-discriminating-against-black-workers-pre-empting-an-upcoming-new-york-times-investigation/articleshow/79429570.cms,businessinsider.in,English,0.0,gdelt_gkg
COIN,2020-11-26,Coinbase chief hits out at NYT over forthcoming article alleging racism,https://www.finextra.com/newsarticle/37033/coinbase-chief-hits-out-at-nyt-over-forthcoming-article-alleging-racism,finextra.com,English,0.0,gdelt_gkg
COIN,2020-11-26,Bitcoin dives as red - hot rally hits the buffers,https://www.reuters.com/article/markets-crypto-currency/update-3-bitcoin-dives-as-red-hot-rally-hits-the-buffers-idUSL1N2IC054,reuters.com,English,0.0,gdelt_gkg
COIN,2020-11-26,Наталья Комарова обозначила главные задачи Югры на 2021 год,https://sitv.ru/arhiv/news/natalya-komarova-oboznachila-glavnye-zadachi-yugry-na-2021-god/,sitv.ru,Russian,0.0,gdelt_gkg
COIN,2020-11-26,Bitcoin plunges along with other coins,https://elintransigente.com/2020/11/bitcoin-plunges-along-with-other-coins/,elintransigente.com,English,0.0,gdelt_gkg
COIN,2020-11-26,Bitcoin dives as red - hot rally hits the buffers,https://www.reuters.com/article/crypto-currency-idINKBN2860SG,reuters.com,English,0.0,gdelt_gkg
COIN,2020-11-26,Cryptoeconomy : Ahora se puede obtener pasaportes de EE . UU . pagando con criptomonedas,http://www.tynmagazine.com/cryptoeconomy-ahora-se-puede-obtener-pasaportes-de-ee-uu-pagando-con-criptomonedas/,tynmagazine.com,Spanish,0.0,gdelt_gkg
COIN,2020-11-26,Bitcoin dives as red - hot rally hits the buffers | Money,https://www.malaymail.com/news/money/2020/11/26/bitcoin-dives-as-red-hot-rally-hits-the-buffers/1926471,malaymail.com,English,0.0,gdelt_gkg
COIN,2020-11-26,"Crypto exchange Coinbase hit by connection , latency problems as bitcoin plummets",https://uk.reuters.com/article/us-crypto-currencies/crypto-exchange-coinbase-hit-by-connection-latency-problems-as-bitcoin-plummets-idUKKBN2861Y1,uk.reuters.com,English,0.0,gdelt_gkg
COIN,2020-11-26,"Crypto exchange Coinbase hit by connection , latency problems as bitcoin plummets",https://www.marketscreener.com/quote/cryptocurrency/BITCOIN-EURO-45553925/news/Crypto-exchange-Coinbase-hit-by-connection-latency-problems-as-bitcoin-plummets-31872743/,marketscreener.com,English,0.0,gdelt_gkg
COIN,2020-11-26,Compound liquidator makes $4M as oracles post inflated Dai price,https://cointelegraph.com/news/compound-liquidator-makes-4m-as-oracles-post-inflated-dai-price,cointelegraph.com,English,0.0,gdelt_gkg
COIN,2020-11-26,"Crypto exchange Coinbase hit by connection , latency problems as bitcoin plummets",https://www.reuters.com/article/crypto-currencies-idUSL1N2IC1A3,reuters.com,English,0.0,gdelt_gkg
COIN,2020-11-26,Bitcoin and cryptocurrencies plunge after nearing record highs : CityAM,https://www.cityam.com/bitcoin-and-cryptocurrencies-plunge-after-nearing-record-highs/,cityam.com,English,0.0,gdelt_gkg
COIN,2020-11-26,Coinbase disables margin trading service following government guidance,https://siliconangle.com/2020/11/25/coinbase-disables-margin-trading-service-following-government-guidance/,siliconangle.com,English,0.0,gdelt_gkg
COIN,2020-11-26,Bitcoin plummets as  over - leveraged market take a hit,https://www.iol.co.za/technology/fintech/bitcoin-plummets-as-over-leveraged-markets-take-a-hit-77e15c53-ac27-4e75-9570-5f73f21b8af0,iol.co.za,English,0.0,gdelt_gkg
COIN,2020-11-26,Bitcoin dives as red - hot rally hits the buffers,https://www.reuters.com/article/us-markets-crypto-currency/bitcoin-dives-as-red-hot-rally-hits-the-buffers-idUSKBN286099,reuters.com,English,0.0,gdelt_gkg
COIN,2020-11-26,"Bitcoin plummets to 10 - day low , dragging smaller cryptocurrencies down",https://www.arabnews.com/node/1768701/business-economy,arabnews.com,English,0.0,gdelt_gkg
COIN,2020-11-26,Bitcoin Plunges Along With Other Coins,https://www.msn.com/en-us/money/markets/bitcoin-plunges-along-with-other-coins/ar-BB1bn9CT?bep_ref=1&bep_csid=21268%25252520%25252522%25252520target%2525253D%25252522_blank%25252522%2525253ERead%25252520the%25252520Article,msn.com,English,0.0,gdelt_gkg
COIN,2020-11-26,"Bitcoin plummets to 10 - day low , dragging smaller cryptocurrencies down",https://www.reuters.com/article/uk-markets-crypto-currency-idUKKBN28609B,reuters.com,English,0.0,gdelt_gkg
COIN,2020-11-26,"Bitcoin plummets to 10 - day low , dragging smaller cryptocurrencies down",https://in.reuters.com/article/crypto-currency/bitcoin-plummets-to-10-day-low-dragging-smaller-cryptocurrencies-down-idINKBN2860SG,in.reuters.com,English,0.0,gdelt_gkg
COIN,2020-11-26,"Bitcoin plummets to 10 - day low , dragging smaller cryptocurrencies down",https://www.marketscreener.com/news/latest/Bitcoin-plummets-to-10-day-low-dragging-smaller-cryptocurrencies-down--31868732/,marketscreener.com,English,0.0,gdelt_gkg
COIN,2020-11-26,"Bitcoin plummets to 10 - day low , dragging smaller cryptocurrencies down",https://www.marketscreener.com/news/latest/Bitcoin-plummets-to-10-day-low-dragging-smaller-cryptocurrencies-down--31868599/,marketscreener.com,English,0.0,gdelt_gkg
COIN,2020-11-26,"Bitcoin plummets to 10 - day low , dragging smaller cryptocurrencies down",https://www.theedgemarkets.com/article/bitcoin-plummets-10day-low-dragging-smaller-cryptocurrencies-down,theedgemarkets.com,English,0.0,gdelt_gkg
COIN,2020-11-26,"Bitcoin plummets to 10 - day low , dragging smaller cryptocurrencies down",https://www.reuters.com/article/us-markets-crypto-currency/bitcoin-plummets-to-10-day-low-dragging-smaller-cryptocurrencies-down-idUSKBN286099,reuters.com,English,0.0,gdelt_gkg
COIN,2020-11-26,10 things in tech you need to know today,https://www.businessinsider.in/tech/news/10-things-in-tech-you-need-to-know-today/articleshow/79424772.cms,businessinsider.in,English,0.0,gdelt_gkg
COIN,2020-11-26,"Bitcoin plummets to 10 - day low , dragging smaller cryptocurrencies down",https://in.reuters.com/article/us-markets-crypto-currency/bitcoin-plummets-to-10-day-low-dragging-smaller-cryptocurrencies-down-idINKBN286099,in.reuters.com,English,0.0,gdelt_gkg
COIN,2020-11-26,"Bitcoin plummets to 10 - day low , dragging smaller cryptocurrencies down",https://uk.reuters.com/article/uk-markets-crypto-currency/bitcoin-plummets-to-10-day-low-dragging-smaller-cryptocurrencies-down-idUKKBN28609B,uk.reuters.com,English,0.0,gdelt_gkg
COIN,2020-11-26,"Pigs on a rampage , Bitcoin drops $2 , 000",https://nairametrics.com/2020/11/26/pigs-on-a-rampage-bitcoin-drops-2000/,nairametrics.com,English,0.0,gdelt_gkg
COIN,2020-11-26,10 things in tech you need to know today,http://www.msn.com/en-us/news/technology/10-things-in-tech-you-need-to-know-today/ar-BB1bnbLB,msn.com,English,0.0,gdelt_gkg
COIN,2020-11-26,Bitcoin Plunges Along With Other Coins,https://www.msn.com/en-us/money/markets/bitcoin-plunges-along-with-other-coins/ar-BB1bn9CT,msn.com,English,0.0,gdelt_gkg
COIN,2020-11-26,10 things in tech you need to know today,https://www.businessinsider.com/10-things-in-tech-you-need-to-know-today-november-26-2020-11,businessinsider.com,English,0.0,gdelt_gkg
COIN,2020-11-26,PayPal suspendió la cuenta de un usuario por hacer trading de criptomonedas utilizando el propio servicio de PayPal,https://es.cointelegraph.com/news/paypal-suspends-user-for-crypto-trading-using-paypal-s-own-service,es.cointelegraph.com,Spanish,0.0,gdelt_gkg
COIN,2020-11-26,"Amazon Web Services suffers large - scale outage , affects multiple internet services",https://www.thehindubusinessline.com/news/national/amazon-web-services-suffers-large-scale-outage-affects-multiple-internet-services/article33182193.ece,thehindubusinessline.com,English,0.0,gdelt_gkg
COIN,2020-11-26,PayPal suspends user for crypto trading using PayPal own service,https://cointelegraph.com/news/paypal-suspends-user-for-crypto-trading-using-paypal-s-own-service,cointelegraph.com,English,0.0,gdelt_gkg
COIN,2020-11-26,Amazon Web Services Outage Affects a Large Chunk of the Internet ; Hours Away From Full Recovery,https://www.news18.com/news/tech/amazon-web-services-outage-affects-a-large-chunk-of-the-internet-hours-away-from-full-recovery-3117764.html,news18.com,English,0.0,gdelt_gkg
COIN,2020-11-26,"AWS suffers huge outage in US , several websites , apps down",https://www.prokerala.com/news/articles/a1105831.html,prokerala.com,English,0.0,gdelt_gkg
COIN,2020-11-26," ( GBTC ) - Cryptocurrency Prices Evolve In Cycles , Andreessen Horowitz Report Shows",https://www.benzinga.com/markets/cryptocurrency/20/11/18541690/cryptocurrency-prices-evolve-in-cycles-andreessen-horowitz-report-shows,benzinga.com,English,0.0,gdelt_gkg
COIN,2020-11-26,"Square And PayPal Helping Bolster Bitcoin Boost , New Analysis Claims",https://www.zerohedge.com/crypto/square-and-paypal-helping-bolster-bitcoins-boost-new-analysis-claims,zerohedge.com,English,0.0,gdelt_gkg
COIN,2020-11-26,"El bitcoin , cerca de su máximo histórico : así podés invertir",https://www.iprofesional.com/economia/328341-el-bitcoin-cerca-de-su-maximo-historico-asi-podes-invertir,iprofesional.com,Spanish,0.0,gdelt_gkg
COIN,2020-11-26,US Treasury could destroy the true nature of blockchain by going after self - hosted cryptocurrency wallets,https://www.forexcrunch.com/us-treasury-could-destroy-the-true-nature-of-blockchain-by-going-after-self-hosted-cryptocurrency-wallets/,forexcrunch.com,English,0.0,gdelt_gkg
COIN,2020-11-26,Some Are Calling All - Time Highs for Bitcoin . Here Why CoinDesk Hasnt Yet,https://www.coindesk.com/bitcoin-price-index-all-time-highs,coindesk.com,English,0.0,gdelt_gkg
COIN,2020-11-26,Crypto is going mainstream faster than expected,https://www.moneyweb.co.za/in-depth/revix/crypto-is-going-mainstream-faster-than-expected/,moneyweb.co.za,English,0.0,gdelt_gkg
COIN,2020-11-27,Bitcoin Plunges Along With Other Coins,https://www.980waav.com/news/bitcoin-plunges-along-with-other-coins/,980waav.com,English,0.0,gdelt_gkg
COIN,2020-11-27,Bitcoin Plunges Along With Other Coins,https://www.klif.com/news/bitcoin-plunges-along-with-other-coins/,klif.com,English,0.0,gdelt_gkg
COIN,2020-11-27,Bitcoin Plunges Along With Other Coins,https://www.kvor.com/news/bitcoin-plunges-along-with-other-coins/,kvor.com,English,0.0,gdelt_gkg
COIN,2020-11-27,Bitcoin Plunges Along With Other Coins,https://www.kkoh.com/news/bitcoin-plunges-along-with-other-coins/,kkoh.com,English,0.0,gdelt_gkg
COIN,2020-11-27,Bitcoin Plunges Along With Other Coins,https://www.kmjnow.com/news/bitcoin-plunges-along-with-other-coins/,kmjnow.com,English,0.0,gdelt_gkg
COIN,2020-11-27,Bitcoin Plunges Along With Other Coins,https://www.kmaj1440.com/news/bitcoin-plunges-along-with-other-coins/,kmaj1440.com,English,0.0,gdelt_gkg
COIN,2020-11-27,Bitcoin price dives as rally subsides,https://www.crn.com.au/news/bitcoin-price-dives-as-rally-subsides-558318,crn.com.au,English,0.0,gdelt_gkg
COIN,2020-11-27,Envoyer une nouvelle - Informaticien . be,https://www.informaticien.be/news_sendfriend-30308.html,informaticien.be,French,0.0,gdelt_gkg
COIN,2020-11-27,Bitcoin Plunges Along With Other Coins,https://www.1490wosh.com/news/bitcoin-plunges-along-with-other-coins/,1490wosh.com,English,0.0,gdelt_gkg
COIN,2020-11-27,"Les Technos # 281 : Echo Buds et fitness , Andoid vs . QNX , GeForce NOW sur iOS , OneWeb , Mandalorian ,… ",https://www.informaticien.be/news_item-30308-Les_Technos_281_Echo_Buds_et_fitness__Andoid_vs__QNX__GeForce_NOW_sur_iOS_.html,informaticien.be,French,0.0,gdelt_gkg
COIN,2020-11-27,Bitcoin Plunges Along With Other Coins,https://www.wtma.com/news/bitcoin-plunges-along-with-other-coins/,wtma.com,English,0.0,gdelt_gkg
COIN,2020-11-27,Irish services sector growth slips to 12 - month low in November – PMI,https://www.zazoom.it/2020-11-27/irish-services-sector-growth-slips-to-12-month-low-in-november-pmi/7654765/,zazoom.it,English,0.0,gdelt_gkg
COIN,2020-11-27,Norway sees future revenues of $16 6 billion from Castberg oilfield,https://www.zazoom.it/2020-11-27/norway-sees-future-revenues-of-16-6-billion-from-castberg-oilfield/7654759/,zazoom.it,English,0.0,gdelt_gkg
COIN,2020-11-27,Spain industrial output rises at fastest pace in 14 months in October,https://www.zazoom.it/2020-11-27/spain-industrial-output-rises-at-fastest-pace-in-14-months-in-october/7654761/,zazoom.it,English,0.0,gdelt_gkg
COIN,2020-11-27,UK Cineworld targets U S expansion with $3 6 billion deal to buy Regal Entertainment,https://www.zazoom.it/2020-11-27/uks-cineworld-targets-u-s-expansion-with-3-6-billion-deal-to-buy-regal-entertainment/7654758/,zazoom.it,English,0.0,gdelt_gkg
COIN,2020-11-27,Dollar climbs to three - week peak vs yen on U S tax reform prospects,https://www.zazoom.it/2020-11-27/dollar-climbs-to-three-week-peak-vs-yen-on-u-s-tax-reform-prospects/7654766/,zazoom.it,English,0.0,gdelt_gkg
COIN,2020-11-27,Russian tycoons | fearing new sanctions | float new bond idea – sources,https://www.zazoom.it/2020-11-27/russian-tycoons-fearing-new-sanctions-float-new-bond-idea-sources/7654763/,zazoom.it,English,0.0,gdelt_gkg
COIN,2020-11-27,EU Moscovici says expects adoption of blacklist of 20 tax havens,https://www.zazoom.it/2020-11-27/eus-moscovici-says-expects-adoption-of-blacklist-of-20-tax-havens/7654762/,zazoom.it,English,0.0,gdelt_gkg
COIN,2020-11-27,CPPIB and GIC still sceptical on cryptocurrencies | Asset Owners,https://www.asianinvestor.net/article/cppib-and-gic-still-sceptical-on-cryptocurrencies/465187,asianinvestor.net,English,0.0,gdelt_gkg
COIN,2020-11-27,Bitcoin Plunges Along With Other Coins,https://www.newsradio1029.com/news/bitcoin-plunges-along-with-other-coins/,newsradio1029.com,English,0.0,gdelt_gkg
COIN,2020-11-27,Bitcoin Plunges Along With Other Coins,https://www.wgowam.com/news/bitcoin-plunges-along-with-other-coins/,wgowam.com,English,0.0,gdelt_gkg
COIN,2020-11-27,"Bitcoin Price Crashed Back To $17 , 000 : Here Why It Dropping",https://www.ibtimes.com/bitcoin-price-crashed-back-17000-heres-why-its-dropping-3089972,ibtimes.com,English,0.0,gdelt_gkg
COIN,2020-11-27,Bitcoin Plunges Along With Other Coins,https://www.wbap.com/news/bitcoin-plunges-along-with-other-coins/,wbap.com,English,0.0,gdelt_gkg
COIN,2020-11-27,Increased Dai price allowed Compound ( COMP ) liquidator to earn $4 million,https://invezz.com/news/2020/11/27/increased-dai-price-allowed-compound-comp-liquidator-to-earn-4-million/,invezz.com,English,0.0,gdelt_gkg
COIN,2020-11-27,Bitcoin Plunges Along With Other Coins,https://www.wjr.com/news/bitcoin-plunges-along-with-other-coins/,wjr.com,English,0.0,gdelt_gkg
COIN,2020-11-27,Bitcoin Plunges Along With Other Coins,https://www.997wtn.com/news/bitcoin-plunges-along-with-other-coins/,997wtn.com,English,0.0,gdelt_gkg
COIN,2020-11-27,  I was told I dont have the right brain : Read the NYT damning report on Coinbase,https://www.theverge.com/21722972/coinbase-black-racial-discrimination-new-york-times,theverge.com,English,0.0,gdelt_gkg
COIN,2020-11-27,"Here are key reasons bitcoin prices are tumbling , and the bullish factors that may buoy them",https://www.msn.com/en-us/money/markets/here-are-key-reasons-bitcoin-prices-are-tumbling-and-the-bullish-factors-that-may-buoy-them/ar-BB1bqqYT,msn.com,English,0.0,gdelt_gkg
COIN,2020-11-27,Crypto boom shaken as Bitcoin plunges with other coins,https://www.bnnbloomberg.ca/crypto-boom-shaken-as-bitcoin-plunges-along-with-other-coins-1.1527958,bnnbloomberg.ca,English,0.0,gdelt_gkg
COIN,2020-11-27,"Negative Bitcoin headlines affect speculators , not HODLers says Morgan Creek CEO",https://cointelegraph.com/news/negative-bitcoin-headlines-affect-speculators-not-hodlers-says-morgan-creek-ceo,cointelegraph.com,English,0.0,gdelt_gkg
COIN,2020-11-27,"Here are key reasons bitcoin prices are tumbling , and the bullish factors that may buoy them",http://www.msn.com/en-us/money/markets/here-are-key-reasons-bitcoin-prices-are-tumbling-and-the-bullish-factors-that-may-buoy-them/ar-BB1bqqYT,msn.com,English,0.0,gdelt_gkg
COIN,2020-11-27,"3 bearish factors sent Bitcoin prices reeling , and 2 bullish ones may buoy it",http://www.msn.com/en-us/money/markets/3-bearish-factors-sent-bitcoin-prices-reeling-and-2-bullish-ones-may-buoy-it/ar-BB1bqqYT,msn.com,English,0.0,gdelt_gkg
COIN,2020-11-27,"News roundup : AWS suffers outage , Salesforce eyes Slack , and the united kingdom doubles down against Huawei",https://www.idgconnect.com/article/3599169/news-roundup-aws-suffers-outage-salesforce-eyes-slack-and-the-uk-doubles-down-against-huawei.html,idgconnect.com,English,0.0,gdelt_gkg
COIN,2020-11-27,Нарушение оккупантами перемирия - ситуация в зоне ООС 27 ноября 2020 новости Донбасса УНИАН,https://www.unian.net/war/narushenie-okkupantami-peremiriya-situaciya-v-zone-oos-27-noyabrya-2020-novosti-donbassa-11236133.html,unian.net,Russian,0.0,gdelt_gkg
COIN,2020-11-27,7 Most Popular Bitcoin And Crypto Investing Sites,https://english.sakshi.com/news/business/7-most-popular-bitcoin-and-crypto-investing-sites-126867,english.sakshi.com,English,0.0,gdelt_gkg
COIN,2020-11-27,"Gold Price Plunges to 5 - Month Low on Black Friday as Bitcoin Sinks , Dr . Copper Soars on  Speculation  ",https://www.bullionvault.com/gold-news/gold-price-112720202,bullionvault.com,English,0.0,gdelt_gkg
COIN,2020-11-27,"Blockchain in Small and Medium Business Market , Global Key Players , Trends , Share , Industry Size , Growth , Opportunities , Forecast To 2025",https://www.newyorktelegraph.com/news/267100790/blockchain-in-small-and-medium-business-market-global-key-players-trends-share-industry-size-growth-opportunities-forecast-to-2025,newyorktelegraph.com,English,0.0,gdelt_gkg
COIN,2020-11-27,Bitcoin Price Plunged and Explanations Abound,https://www.marketwatch.com/articles/bitcoins-price-plunged-and-explanations-abound-51606498341,marketwatch.com,English,0.0,gdelt_gkg
COIN,2020-11-27,"Blockchain in Small and Medium Business Market , Global Key Players , Trends , Share , Industry Size , Growth , Opportunities , Forecast To 2025",https://www.texasguardian.com/news/267100790/blockchain-in-small-and-medium-business-market-global-key-players-trends-share-industry-size-growth-opportunities-forecast-to-2025,texasguardian.com,English,0.0,gdelt_gkg
COIN,2020-11-27,"Blockchain in Small and Medium Business Market , Global Key Players , Trends , Share , Industry Size , Growth , Opportunities , Forecast To 2025",https://www.sandiegosun.com/news/267100790/blockchain-in-small-and-medium-business-market-global-key-players-trends-share-industry-size-growth-opportunities-forecast-to-2025,sandiegosun.com,English,0.0,gdelt_gkg
COIN,2020-11-27,"Crypto exchange Coinbase hit by connection , latency problems as bitcoin plummets",https://uk.reuters.com/article/crypto-currencies/crypto-exchange-coinbase-hit-by-connection-latency-problems-as-bitcoin-plummets-idUSL1N2IC1A3,uk.reuters.com,English,0.0,gdelt_gkg
COIN,2020-11-27,How to Buy Chainlink Coin | Best LINK Wallets 2020,https://invezz.com/cryptocurrency/chainlink/buy/,invezz.com,English,0.0,gdelt_gkg
COIN,2020-11-27,10 things in tech you need to know today,https://www.businessinsider.com/10-things-in-tech-you-need-to-know-today-november-27-2020-11,businessinsider.com,English,0.0,gdelt_gkg
COIN,2020-11-27,"Facebook Libra might launch in January , but there a catch",https://mashable.com/article/facebook-libra-cryptocurrency-launch/,mashable.com,English,0.0,gdelt_gkg
COIN,2020-11-27,Bitcoin Plunges Along With Other Coins,https://www.wftw.com/news/bitcoin-plunges-along-with-other-coins/,wftw.com,English,0.0,gdelt_gkg
COIN,2020-11-27,Prices for Bitcoin and other cryptocurrencies plunge 20pc,https://www.independent.ie/business/world/prices-for-bitcoin-and-other-cryptocurrencies-plunge-20pc-39796943.html,independent.ie,English,0.0,gdelt_gkg
COIN,2020-11-27,  Tokenized : Inside Black Worker Struggles at Coinbase,https://www.nytimes.com/2020/11/27/technology/coinbase-cryptocurrency-black-employees.html,nytimes.com,English,0.0,gdelt_gkg
COIN,2020-11-27,Bitcoin Plunges Along With Other Coins,https://www.wvlkam.com/news/bitcoin-plunges-along-with-other-coins/,wvlkam.com,English,0.0,gdelt_gkg
COIN,2020-11-27,10 things in tech you need to know today,https://www.businessinsider.in/tech/news/10-things-in-tech-you-need-to-know-today/articleshow/79443458.cms,businessinsider.in,English,0.0,gdelt_gkg
COIN,2020-11-27,"Dow Jones Futures Rise Amid Coronavirus Vaccine News , Bitcoin Falls ; Tesla Suspension Probe Begins",https://www.investors.com/market-trend/stock-market-today/dow-jones-futures-astrazeneca-coronavirus-vaccine-news-tesla-suspension-probe/,investors.com,English,0.0,gdelt_gkg
COIN,2020-11-27,"Crypto exchange Coinbase hit by connection , latency problems as bitcoin plummets",https://tribune.com.pk/story/2273756/crypto-exchange-coinbase-hit-by-connection-latency-problems-as-bitcoin-plummets,tribune.com.pk,English,0.0,gdelt_gkg
COIN,2020-11-28,"Bitcoin carnage , Eth2 milestone , Libra launch , PayPal blunder : Hodler Digest , Nov . 21 – 27",https://cointelegraph.com/magazine/2020/11/28/btc-rekt-eth2-launch-libra-launch-nov21-27,cointelegraph.com,English,0.0,gdelt_gkg
COIN,2020-11-28,Ripple : XRP price offers best buying opportunity for years,https://www.crypto-news-flash.com/ripple-xrp-price-offers-best-buying-opportunity-for-years-analysts-agree/,crypto-news-flash.com,English,0.0,gdelt_gkg
COIN,2020-11-28,Мнение : биткоин успешно выдержит атаку со стороны банков,https://forklog.com/mnenie-bitkoin-uspeshno-vyderzhit-ataku-so-storony-bankov/,forklog.com,Russian,0.0,gdelt_gkg
COIN,2020-11-28,Should you invest in Bitcoin – and how to do it,https://www.telegraph.co.uk/investing/shares/should-invest-bitcoin-do/,telegraph.co.uk,English,0.0,gdelt_gkg
COIN,2020-11-28,Bitcoin Cash Rebels Launch 51 % Attack to Destroy BCH Hard Fork,https://decrypt.co/49819/bitcoin-cash-rebels-launch-51-attack-to-destroy-bch-hard-fork,decrypt.co,English,0.0,gdelt_gkg
COIN,2020-11-28,Coinbase CEO Expresses Concerns About Potential New Regulations for Self - Hosted Crypto Wallets,https://www.crowdfundinsider.com/2020/11/169639-coinbase-ceo-expresses-concerns-about-potential-new-regulations-for-self-hosted-crypto-wallets/,crowdfundinsider.com,English,0.0,gdelt_gkg
COIN,2020-11-28,"Crypto Derivatives Market Trading Volume Surged from $38 . 3B on Nov 21 to $66 . 9B on Nov 27 , 2020 after Bitcoin Price Crash : Report",https://www.crowdfundinsider.com/2020/11/169638-crypto-derivatives-market-trading-volume-surged-from-38-3b-on-nov-21-to-66-9b-on-nov-27-2020-after-bitcoin-price-crash-report/,crowdfundinsider.com,English,0.0,gdelt_gkg
COIN,2020-11-29,Addition of new servers led to massive outage last week : AWS,https://www.prokerala.com/news/articles/a1106769.html,prokerala.com,English,0.0,gdelt_gkg
COIN,2020-11-29,"Fintech Unicorn Marqeta Might Conduct IPO Next Year , after Establishing Additional Head Offices in Denver",https://www.crowdfundinsider.com/2020/11/169631-fintech-unicorn-marqeta-might-conduct-ipo-next-year-after-establishing-additional-head-offices-in-denver/,crowdfundinsider.com,English,0.0,gdelt_gkg
COIN,2020-11-29,Addition of new servers led to massive outage last week : AWS,https://www.siasat.com/addition-of-new-servers-led-to-massive-outage-last-week-aws-2033939/,siasat.com,English,0.0,gdelt_gkg
COIN,2020-11-29,German fintech sets its sights on Irish market,https://www.independent.ie/business/irish/german-fintech-sets-its-sights-on-irish-market-39798459.html,independent.ie,English,0.0,gdelt_gkg
COIN,2020-11-29,Addition of new servers led to massive outage last week : AWS,http://www.daijiworld.com/news/newsDisplay.aspx?newsID=776353,daijiworld.com,English,0.0,gdelt_gkg
COIN,2020-11-29,"Деньги недели Кабмин утвердил проект госбюджета , сценарии локдауна и перспективы МВФ / НВ",https://nv.ua/biz/economics/dengi-nedeli-kabmin-utverdil-proekt-gosbyudzheta-scenarii-lokdauna-i-perspektivy-mvf-50126991.html,nv.ua,Russian,0.0,gdelt_gkg
COIN,2020-11-29,The Top 20 Cybersecurity Startups To Watch In 2021 Based On Crunchbase,https://www.forbes.com/sites/louiscolumbus/2020/11/29/the-top-20-cybersecurity-startups-to-watch-in-2021-based-on-crunchbase/,forbes.com,English,0.0,gdelt_gkg
COIN,2020-11-29,Investors fast using stablecoins rather than money in keeping their profits,https://nairametrics.com/2020/11/29/investors-fast-using-stablecoins-rather-than-money-in-keeping-their-profits/,nairametrics.com,English,0.0,gdelt_gkg
COIN,2020-11-29,Bitcoin may see major price volatility at the start of December Here why,https://cointelegraph.com/news/bitcoin-may-see-major-price-volatility-at-the-start-of-december-here-s-why,cointelegraph.com,English,0.0,gdelt_gkg
COIN,2020-11-29,Former Coinbase Employees Claim Discrimination After CEO Blasts Woke Capitalism,https://www.breitbart.com/economy/2020/11/29/former-coinbase-employees-claim-discrimination-after-ceo-blasts-woke-capitalism/,breitbart.com,English,0.0,gdelt_gkg
COIN,2020-11-29,Hash War : Mystery Miner Empty Block Attack Makes ABC New Blockchain Almost Unusable,https://news.bitcoin.com/hash-war-a-mystery-miner-is-making-abcs-new-blockchain-barely-functional/,news.bitcoin.com,English,0.0,gdelt_gkg
COIN,2020-11-29,Facebook Own Cryptocurrency Libra Sees Release Early Next Year,http://www.itechpost.com/articles/104183/20201129/facebooks-own-cryptocurrency-libra-sees-release-early-next-year.htm,itechpost.com,English,0.0,gdelt_gkg
COIN,2020-11-29,  Tokenized : Inside Black worker struggles at San Francisco crypto startup,https://www.sfgate.com/business/article/Tokenized-Inside-Black-Workers-Struggles-at-15759286.php,sfgate.com,English,0.0,gdelt_gkg
COIN,2020-11-29,El precio de Bitcoin podría presentar una gran volatilidad a principios de diciembre,https://es.cointelegraph.com/news/bitcoin-may-see-major-price-volatility-at-the-start-of-december-here-s-why,es.cointelegraph.com,Spanish,0.0,gdelt_gkg
COIN,2020-11-30,"Unicorns , charge ! DoorDash , Airbnb head for IPOs – and they have company",https://www.wraltechwire.com/2020/11/30/unicorns-charge-doordash-airbnb-head-for-ipos-and-they-have-company/,wraltechwire.com,English,0.0,gdelt_gkg
COIN,2020-11-30,"Bitcoin Rallies Back Over the Weekend and Breaks Above 19 , 000 Again",https://www.nbcmiami.com/news/local/bitcoin-rallies-back-over-the-weekend-and-breaks-above-19000-again/2333034/,nbcmiami.com,English,0.0,gdelt_gkg
COIN,2020-11-30,The Technology 202 : Amazon won Black Friday . Here how it plans to dominate the holiday rush,https://www.msn.com/en-us/money/companies/the-technology-202-amazon-won-black-friday-heres-how-it-plans-to-dominate-the-holiday-rush/ar-BB1buz2t,msn.com,English,0.0,gdelt_gkg
COIN,2020-11-30,The Technology 202 : Amazon won Black Friday . Here how it plans to dominate the holiday rush,https://www.washingtonpost.com/politics/2020/11/30/technology-202-amazon-won-black-friday-here-how-it-plans-dominate-holiday-rush/,washingtonpost.com,English,0.0,gdelt_gkg
COIN,2020-11-30,F|T : The FinTech Times - Canada new Bitcoin fund,https://betakit.com/ft-the-fintech-times-canadas-new-bitcoin-fund/,betakit.com,English,0.0,gdelt_gkg
COIN,2020-11-30,Crypto payment firms see speed as key to merchant support,https://www.paymentssource.com/news/crypto-payment-firms-see-speed-as-key-to-merchant-support,paymentssource.com,English,0.0,gdelt_gkg
COIN,2020-11-30,"Google Pay cuts features , Libra nears launch",https://www.paymentssource.com/news/google-pay-cuts-features-libra-nears-launch,paymentssource.com,English,0.0,gdelt_gkg
COIN,2020-11-30,"Avis sur Coinbase : une plateforme crypto idéale pour débutants , mais pas dépourvue de défauts",https://www.clubic.com/antivirus-securite-informatique/cryptage-cryptographie/crypto-monnaie/test-21557-avis-sur-coinbase-une-plateforme-crypto-ideale-pour-debutants-mais-pas-depourvue-de-defauts.html,clubic.com,French,0.0,gdelt_gkg
COIN,2020-11-30,Bitcoin Is Winning the Covid - 19 Monetary Revolution,https://finance.yahoo.com/news/bitcoin-winning-covid-19-monetary-230017876.html,finance.yahoo.com,English,0.0,gdelt_gkg
COIN,2020-11-30,Bitcoin Is Winning the Covid - 19 Monetary Revolution,https://english.aawsat.com/home/article/2655406/niall-ferguson/bitcoin-winning-covid-19-monetary-revolution,english.aawsat.com,English,0.0,gdelt_gkg
COIN,2020-11-30,bitcoin : Bitcoin is winning the Covid - 19 monetary revolution,https://economictimes.indiatimes.com/markets/stocks/news/bitcoin-is-winning-the-covid-19-monetary-revolution/articleshow/79485939.cms,economictimes.indiatimes.com,English,0.0,gdelt_gkg
COIN,2020-11-30,Bitcoin is winning the Covid - 19 monetary revolution - The Financial Express,https://www.financialexpress.com/market/bitcoin-is-winning-the-covid-19-monetary-revolution/2139705/,financialexpress.com,English,0.0,gdelt_gkg
COIN,2020-11-30,Bitcoin is winning the Covid - 19 monetary revolution,https://www.moneyweb.co.za/moneyweb-crypto/bitcoin/bitcoin-is-winning-the-covid-19-monetary-revolution/,moneyweb.co.za,English,0.0,gdelt_gkg
COIN,2020-11-30,"As Covid - 19 triggers digital money revolution , Bitcoin emerges a winner",https://www.business-standard.com/article/international/as-covid-19-triggers-digital-money-revolution-bitcoin-emerges-a-winner-120113000091_1.html,business-standard.com,English,0.0,gdelt_gkg
COIN,2020-11-30,Bitcoin is winning the Covid - 19 monetary revolution,https://tech.hindustantimes.com/opinion/bitcoin-is-winning-the-covid-19-monetary-revolution-71606702603623.html,tech.hindustantimes.com,English,0.0,gdelt_gkg
COIN,2020-11-30,Bitcoin is winning the covid - 19 monetary revolution,https://www.livemint.com/industry/banking/bitcoin-is-winning-the-covid-19-monetary-revolution-11606702261798.html,livemint.com,English,0.0,gdelt_gkg
COIN,2020-11-30,Bitcoin Is Winning the Covid - 19 Monetary Revolution - The Washington Post,https://www.washingtonpost.com/business/bitcoin-is-winningthe-covid-19monetary-revolution/2020/11/29/1ab07b96-329f-11eb-9699-00d311f13d2d_story.html,washingtonpost.com,English,0.0,gdelt_gkg
COIN,2020-11-30,Republican eleventh - hour telecom push,https://www.politico.com/newsletters/morning-tech/2020/11/30/republicans-eleventh-hour-telecom-push-791930,politico.com,English,0.0,gdelt_gkg
COIN,2020-11-30,Addition of new servers led to massive outage last week : AWS,http://www.smetimes.in/smetimes/news/industry/2020/Nov/30/aws-services54809.html,smetimes.in,English,0.0,gdelt_gkg
COIN,2020-11-30,Bitcoin is winning the COVID - 19 monetary revolution,https://www.bnnbloomberg.ca/bitcoin-is-winning-the-covid-19-monetary-revolution-1.1529224,bnnbloomberg.ca,English,0.0,gdelt_gkg
COIN,2020-11-30,Libra Could Reportedly Launch as Soon as January,https://www.morningbrew.com/emerging-tech/stories/2020/11/30/libra-reportedly-launch-soon-january,morningbrew.com,English,0.0,gdelt_gkg
COIN,2020-11-30,DoorDash and Airbnb lead a parade of unicorn IPOs,https://www.news-daily.com/news/business/doordash-and-airbnb-lead-a-parade-of-unicorn-ipos/article_c45c123e-8003-5bee-85d4-31628d592513.html,news-daily.com,English,0.0,gdelt_gkg
COIN,2020-11-30,DoorDash and Airbnb lead a parade of unicorn IPOs,https://www.kmjnow.com/news/doordash-and-airbnb-lead-a-parade-of-unicorn-ipos/,kmjnow.com,English,0.0,gdelt_gkg
COIN,2020-11-30,DoorDash and Airbnb lead a parade of unicorn IPOs,http://www.wicz.com/story/42983942/doordash-and-airbnb-lead-a-parade-of-unicorn-ipos,wicz.com,English,0.0,gdelt_gkg
COIN,2020-11-30,DoorDash and Airbnb lead a parade of unicorn IPOs,https://www.wtma.com/news/doordash-and-airbnb-lead-a-parade-of-unicorn-ipos/,wtma.com,English,0.0,gdelt_gkg
COIN,2020-11-30,DoorDash and Airbnb lead a parade of unicorn IPOs,https://www.msn.com/en-us/money/savingandinvesting/doordash-and-airbnb-lead-a-parade-of-unicorn-ipos/ar-BB1buK6F,msn.com,English,0.0,gdelt_gkg
COIN,2020-11-30,DoorDash and Airbnb lead a parade of unicorn IPOs,https://www.kitv.com/story/42983942/doordash-and-airbnb-lead-a-parade-of-unicorn-ipos,kitv.com,English,0.0,gdelt_gkg
COIN,2020-11-30,Why Bitcoin price has not hit a new all - time high Just yet,https://cointelegraph.com/news/why-bitcoin-price-has-not-hit-a-new-all-time-high-just-yet,cointelegraph.com,English,0.0,gdelt_gkg
COIN,2020-11-30,DoorDash and Airbnb lead a parade of unicorn IPOs,https://www.790business.com/news/doordash-and-airbnb-lead-a-parade-of-unicorn-ipos/,790business.com,English,0.0,gdelt_gkg
COIN,2020-11-30,DoorDash and Airbnb lead a parade of unicorn IPOs,https://www.wmac-am.com/news/doordash-and-airbnb-lead-a-parade-of-unicorn-ipos/,wmac-am.com,English,0.0,gdelt_gkg
COIN,2020-11-30,DoorDash and Airbnb lead a parade of unicorn IPOs,https://www.erienewsnow.com/story/42983942/doordash-and-airbnb-lead-a-parade-of-unicorn-ipos,erienewsnow.com,English,0.0,gdelt_gkg
COIN,2020-11-30,Coinbase announces support for Ethereum staking as ETH price remains above $600,https://www.forexcrunch.com/coinbase-announces-support-for-ethereum-staking-as-eth-price-remains-above-600/,forexcrunch.com,English,0.0,gdelt_gkg
COIN,2020-11-30,DoorDash and Airbnb lead a parade of unicorn IPOs,https://www.gwinnettdailypost.com/news/business/doordash-and-airbnb-lead-a-parade-of-unicorn-ipos/article_025024ea-2ab1-5980-986e-16deaa3b66a3.html,gwinnettdailypost.com,English,0.0,gdelt_gkg
COIN,2020-11-30,DoorDash and Airbnb lead a parade of unicorn IPOs,https://www.wfnc640am.com/news/doordash-and-airbnb-lead-a-parade-of-unicorn-ipos/,wfnc640am.com,English,0.0,gdelt_gkg
COIN,2020-11-30,DoorDash and Airbnb lead a parade of unicorn IPOs,https://www.msn.com/en-us/money/companies/doordash-and-airbnb-lead-a-parade-of-unicorn-ipos/ar-BB1buK6F,msn.com,English,0.0,gdelt_gkg
COIN,2020-11-30,Bitcoin Cash ( BCH ) price in recovery mode after undergoing Hard Fork,https://invezz.com/news/2020/11/30/bitcoin-cash-bch-price-in-recovery-mode-after-undergoing-hard-fork/,invezz.com,English,0.0,gdelt_gkg
COIN,2020-11-30,Bitcoin price hits all - time high as 2020 returns surpass 175pc,https://www.telegraph.co.uk/investing/news/bitcoin-hits-three-year-high-tops-17000/,telegraph.co.uk,English,0.0,gdelt_gkg
COIN,2020-11-30,"Libra , la criptomoneda apoyada por Facebook , saldrá del atolladero en enero con su primera  stablecoin  según  FT  ",https://www.genbeta.com/redes-sociales-y-comunidades/libra-criptomoneda-apoyada-facebook-saldra-atolladero-enero-su-primera-stablecoin-ft,genbeta.com,Spanish,0.0,gdelt_gkg
COIN,2020-11-30,Bitcoin Briefly Surpasses All - Time High Nearly Three Years After Crypto Crash,https://www.forbes.com/sites/jonathanponciano/2020/11/30/bitcoin-hits-all-time-high/,forbes.com,English,0.0,gdelt_gkg
COIN,2020-11-30,$89 Million Liquidated on Crypto Lending Platform Compound,https://insidebitcoins.com/news/89-million-liquidated-on-crypto-lending-platform-compound,insidebitcoins.com,English,0.0,gdelt_gkg
COIN,2020-12-01,Lil Yachty Creates His Own Cryptocurrency YachtyCoin,https://kfox95.com/lil-yachty-creates-cryptocurrency-yachtycoin/,kfox95.com,English,0.0,gdelt_gkg
COIN,2020-12-01,DoorDash and Airbnb lead a parade of unicorn IPOs,https://www.rockdalenewtoncitizen.com/news/business/doordash-and-airbnb-lead-a-parade-of-unicorn-ipos/article_51e94302-e1f8-5536-a607-b7ba95de3e85.html,rockdalenewtoncitizen.com,English,0.0,gdelt_gkg
COIN,2020-12-01,Rapper Lil Yachty Dives Into $500 Billion Global Cryptocurrency Market With New Coin,https://www.forbes.com/sites/korihale/2020/12/01/rapper-lil-yachty-dives-into-500-billion-global-cryptocurrency-market-with-new-coin/,forbes.com,English,0.0,gdelt_gkg
COIN,2020-12-01,Ethereum aims for $720 ahead of ETH 2 . 0 launch,https://www.forexcrunch.com/ethereum-aims-for-720-ahead-of-eth-2-0-launch/,forexcrunch.com,English,0.0,gdelt_gkg
COIN,2020-12-01,The CHF is the strongest and the JPY is the weakest as NA traders enter for the day,https://www.forexlive.com/technical-analysis/!/the-chf-is-the-strongest-and-the-jpy-is-the-weakest-as-na-traders-enter-for-the-day-20201201,forexlive.com,English,0.0,gdelt_gkg
COIN,2020-12-01,"Ethereum 2 . 0 Goes Live , Coinbase Chief Product Officer Surojit Chatterjee Says Exchange to Introduce ETH2 Staking Rewards",https://www.crowdfundinsider.com/2020/12/169742-ethereum-2-0-goes-live-coinbases-chief-product-officer-surojit-chatterjee-says-exchange-to-introduce-eth2-staking-rewards/,crowdfundinsider.com,English,0.0,gdelt_gkg
COIN,2020-12-01,Niall Ferguson Believes Biden Should Integrate BTC To US Financial System,https://insidebitcoins.com/news/niall-ferguson-believes-biden-should-integrate-btc-to-us-financial-system,insidebitcoins.com,English,0.0,gdelt_gkg
COIN,2020-12-01,DoorDash and Airbnb lead a parade of unicorn IPOs,https://www.albanyherald.com/news/business/doordash-and-airbnb-lead-a-parade-of-unicorn-ipos/article_c637b54a-77c1-511a-805f-a8a2483a282f.html,albanyherald.com,English,0.0,gdelt_gkg
COIN,2020-12-01,Media Angry At Coinbase For Not Letting Smears Go Unanswered,https://thefederalist.com/2020/12/01/corporate-media-angry-at-coinbase-for-not-letting-their-smears-go-unanswered/,thefederalist.com,English,0.0,gdelt_gkg
COIN,2020-12-01,"Ajit Tripathi : Banks Need to Adopt Crypto , Now",https://www.coindesk.com/banks-need-to-adopt-crypto-now,coindesk.com,English,0.0,gdelt_gkg
COIN,2020-12-01,Nikola | Benzinga,https://www.benzinga.com/topic/nikola,benzinga.com,English,0.0,gdelt_gkg
COIN,2020-12-01,Coinbase Facilitated MicroStrategy Massive $425M Bitcoin Purchase,https://insidebitcoins.com/news/coinbase-facilitated-microstrategys-massive-425m-bitcoin-purchase,insidebitcoins.com,English,0.0,gdelt_gkg
COIN,2020-12-01,Lil Yachty Creates His Own Cryptocurrency YachtyCoin,https://1079ishot.com/lil-yachty-creates-cryptocurrency-yachtycoin/,1079ishot.com,English,0.0,gdelt_gkg
COIN,2020-12-01,Lil Yachty Creates His Own Cryptocurrency YachtyCoin,https://www.xxlmag.com/lil-yachty-creates-cryptocurrency-yachtycoin/,xxlmag.com,English,0.0,gdelt_gkg
COIN,2020-12-01,Bitcoin Price Falls As New Visa Card Debuts To Convert Cash Back Into Bitcoin,https://www.investors.com/news/bitcoin-price-falls-new-visa-card-debuts-convert-cash-back-bitcoin/,investors.com,English,0.0,gdelt_gkg
COIN,2020-12-01,Lil Yachty Creates His Own Cryptocurrency YachtyCoin,https://myb106.com/lil-yachty-creates-cryptocurrency-yachtycoin/,myb106.com,English,0.0,gdelt_gkg
COIN,2020-12-01,Coinbase executed MicroStrategy $425M Bitcoin purchase in September 2020,https://cointelegraph.com/news/coinbase-executed-microstrategy-s-425m-bitcoin-purchase-in-september-2020,cointelegraph.com,English,0.0,gdelt_gkg
COIN,2020-12-01,Hashtag Trending - AI solves science mystery ; FCC chairman to step down ; Bitcoin gains some momentum,https://www.itbusiness.ca/news/hashtag-trending-ai-solves-science-mystery-fcc-chairman-to-step-down-bitcoin-gains-some-momentum/116691,itbusiness.ca,English,0.0,gdelt_gkg
COIN,2020-12-01,Facebook - backed Libra Association has been renamed Diem,https://www.msn.com/en-us/news/other/facebook-backed-libra-association-has-been-renamed-diem/ar-BB1bwFGt,msn.com,English,0.0,gdelt_gkg
COIN,2020-12-01,"2020 worst cryptocurrency breaches , thefts , and exit scams",https://www.zdnet.com/article/2020s-worst-cryptocurrency-breaches-thefts-and-exit-scams/,zdnet.com,English,0.0,gdelt_gkg
COIN,2020-12-01,What Bitcoin New Record Means For Wall Street,https://www.swissinfo.ch/eng/what-bitcoin-s-new-record-means-for-wall-street/46195898,swissinfo.ch,English,0.0,gdelt_gkg
COIN,2020-12-01,Coinbase Reports Delays in Processing Bitcoin Withdrawals Due to Network Congestion,https://www.coindesk.com/coinbase-reports-delays-in-processing-bitcoin-network-congestion,coindesk.com,English,0.0,gdelt_gkg
COIN,2020-12-01,Coinbase experiences delays in Bitcoin withdrawals just like in 2017,https://www.forexcrunch.com/coinbase-experiences-delays-in-bitcoin-withdrawals-just-like-in-2017/,forexcrunch.com,English,0.0,gdelt_gkg
COIN,2020-12-01,Bitcoin and China are winning the Covid - 19 monetary revolution,https://theprint.in/opinion/bitcoin-and-china-are-winning-the-covid-19-monetary-revolution/554675/,theprint.in,English,0.0,gdelt_gkg
COIN,2020-12-01,Blockchain Week in Review - November 2020 # 2 | Perkins Coie,https://www.jdsupra.com/legalnews/blockchain-week-in-review-november-2020-52997/,jdsupra.com,English,0.0,gdelt_gkg
COIN,2020-12-01,What Bitcoin new record means for wall street,https://www.livemint.com/opinion/online-views/what-bitcoin-s-new-record-means-for-wall-street-11606813439460.html,livemint.com,English,0.0,gdelt_gkg
COIN,2020-12-01,"Or , bitcoin ,  hedge funds ,...: quelles alternatives aux Bourses ? - Investir",https://moneytalk.levif.be/finance-et-bourse/investir/or-bitcoin-hedge-funds-quelles-alternatives-aux-bourses/article-normal-1361573.html,moneytalk.levif.be,French,0.0,gdelt_gkg
COIN,2020-12-01,Introducing the Open Oracle Gateway for Polkadot,https://www.coinspeaker.com/introducing-the-open-oracle-gateway-for-polkadot/,coinspeaker.com,English,0.0,gdelt_gkg
COIN,2020-12-01,"Bitcoin Price Sets New Record At $19 , 799 ; BTC Theft Expected To Surge",https://www.ibtimes.com/bitcoin-price-sets-new-record-19799-btc-theft-expected-surge-3091928,ibtimes.com,English,0.0,gdelt_gkg
COIN,2020-12-01,"Bitcoin Price Prediction : $500 , 000 Value With $9 Trillion Market Cap Possible , Winklevoss Twins Say",https://www.ibtimes.com/bitcoin-price-prediction-500000-value-9-trillion-market-cap-possible-winklevoss-twins-3091990,ibtimes.com,English,0.0,gdelt_gkg
COIN,2020-12-01,"Bitcoin Reaches New All - time High , BTC Price Surpasses $19 , 783",https://www.coinspeaker.com/bitcoin-new-ath-btc-price/,coinspeaker.com,English,0.0,gdelt_gkg
COIN,2020-12-01,Crypto Exchange Coinbase Outlines Plans to Support ETH 2 . 0 Staking,https://www.coinspeaker.com/coinbase-plans-eth-2-0-staking/,coinspeaker.com,English,0.0,gdelt_gkg
COIN,2020-12-01,DoorDash and Airbnb lead a parade of unicorn IPOs,https://www.jacksonprogress-argus.com/news/business/doordash-and-airbnb-lead-a-parade-of-unicorn-ipos/article_76d0b9e3-79cd-5fb1-9e77-a6cca53d4c0a.html,jacksonprogress-argus.com,English,0.0,gdelt_gkg
COIN,2020-12-01,New U . S . Treasury Secretary Nominee Janet Yellen Made A Serious Bitcoin Warning,https://www.forbes.com/sites/billybambrough/2020/12/01/new-us-treasury-secretary-janet-yellen-made-a-serious-bitcoin-warning/,forbes.com,English,0.0,gdelt_gkg
COIN,2020-12-01,What Bitcoin New Record Means For Wall Street - The Washington Post,https://www.washingtonpost.com/business/what-bitcoins-new-record-means-for-wall-street/2020/12/01/b412f1be-33b3-11eb-9699-00d311f13d2d_story.html,washingtonpost.com,English,0.0,gdelt_gkg
COIN,2020-12-01,Coinbase announces support for Ethereum 2,https://invezz.com/news/2020/12/01/coinbase-announces-support-for-ethereum-2/,invezz.com,English,0.0,gdelt_gkg
COIN,2020-12-27,What the #) $ *#@)( $ is happening with Bitcoin insane record run ? ,https://www.wfnc640am.com/news/what-the-is-happening-with-bitcoins-insane-record-run/,wfnc640am.com,English,0.0,gdelt_gkg
COIN,2020-12-27,What the #) $ *#@)( $ is happening with Bitcoin insane record run ? ,https://www.kitv.com/story/43102694/what-the-is-happening-with-bitcoins-insane-record-run,kitv.com,English,0.0,gdelt_gkg
COIN,2020-12-27,What the #) $ *#@)( $ is happening with Bitcoin insane record run ? ,https://ktvz.com/money/2020/12/27/what-the-is-happening-with-bitcoins-insane-record-run/,ktvz.com,English,0.0,gdelt_gkg
COIN,2020-12-27,What the #) $ *#@)( $ is happening with Bitcoin insane record run ? ,https://www.kmjnow.com/news/what-the-is-happening-with-bitcoins-insane-record-run/,kmjnow.com,English,0.0,gdelt_gkg
COIN,2020-12-27,What the #) $ *#@)( $ is happening with Bitcoin insane record run ? ,https://www.wmac-am.com/news/what-the-is-happening-with-bitcoins-insane-record-run/,wmac-am.com,English,0.0,gdelt_gkg
COIN,2020-12-27,"Bitcoin hits record above $28 , 000",https://www.msn.com/en-us/money/markets/bitcoin-hits-record-above-28000/ar-BB1cgwM3,msn.com,English,0.0,gdelt_gkg
COIN,2020-12-27,What the #) $ *#@)( $ is happening with Bitcoin insane record run ? ,https://www.erienewsnow.com/story/43102694/what-the-is-happening-with-bitcoins-insane-record-run,erienewsnow.com,English,0.0,gdelt_gkg
COIN,2020-12-27,"Top 5 cryptocurrencies to watch this week : BTC , LTC , BCH , XMR , THETA",https://cointelegraph.com/news/top-5-cryptocurrencies-to-watch-this-week-btc-ltc-bch-xmr-theta,cointelegraph.com,English,0.0,gdelt_gkg
COIN,2020-12-27,What the #) $ *#@)( $ is happening with Bitcoin insane record run ? ,https://www.actionnewsnow.com/content/news/573486592.html,actionnewsnow.com,English,0.0,gdelt_gkg
COIN,2020-12-27,Crypto exchanges urge US Treasury to slow regulation push,https://www.businessinsider.com/crypto-exchanges-urge-us-treasury-to-slow-regulation-push-2020-12,businessinsider.com,English,0.0,gdelt_gkg
COIN,2020-12-27,"Bitcoin at all time high , Bitcoin value surges past $26 , 000 , largest cryptocurrency exchange , Bitcoin value",https://www.indiatvnews.com/business/news-bitcoin-value-surges-past-26-000-at-all-time-high-bitcoin-largest-cryptocurrency-exchange-674270,indiatvnews.com,English,0.0,gdelt_gkg
COIN,2020-12-27,"Breaking : Bitcoin Price Blasts Past $27 , 000 in Latest Rally",https://www.albawaba.com/business/breaking-bitcoin-price-blasts-past-27000-latest-rally,albawaba.com,English,0.0,gdelt_gkg
COIN,2020-12-27,What the #) $ *#@)( $ is happening with Bitcoin insane record run ? ,https://www.wicz.com/story/43102694/what-the-is-happening-with-bitcoins-insane-record-run,wicz.com,English,0.0,gdelt_gkg
COIN,2020-12-27,"  There is no emergency , say crypto firms as US plans new ownership disclosure rules",https://www.businessinsider.in/tech/news/there-is-no-emergency-say-crypto-firms-as-us-plans-new-ownership-disclosure-rules/articleshow/79978969.cms,businessinsider.in,English,0.0,gdelt_gkg
COIN,2020-12-27,"What is bitcoin , how does it work ? All you need to know about how this digital currency helps in secured transaction",https://english.newsnationtv.com/states/uttar-pradesh/congress-to-lost-raebareli-in-2024-171607.html,english.newsnationtv.com,English,0.0,gdelt_gkg
COIN,2020-12-27,"Coinbase Security Team Shares Tips to Avoid Crypto related Phishing Attacks , SIM Swapping Tactics , and Damaging Security Breaches",https://www.crowdfundinsider.com/2020/12/170648-coinbase-security-team-shares-tips-to-avoid-crypto-related-phishing-attacks-sim-swapping-tactics-and-damaging-security-breaches/,crowdfundinsider.com,English,0.0,gdelt_gkg
COIN,2020-12-28,Over ten cryptocurrency companies ditched XRP support ; the token may re - test April barrier of $0 . 17,https://www.forexcrunch.com/over-ten-cryptocurrency-companies-ditched-xrp-support-the-token-may-re-test-aprils-barrier-of-0-17/,forexcrunch.com,English,0.0,gdelt_gkg
COIN,2020-12-28,Stablecoins And The Future Of Gaming,https://www.forbes.com/sites/tatianakoffman/2021/12/28/stablecoins-and-the-future-of-gaming/,forbes.com,English,0.0,gdelt_gkg
COIN,2020-12-28,The Lessons Amid the Chaos : What Weve Learned Looking Back on 2020 | Hanzo,https://www.jdsupra.com/legalnews/the-lessons-amid-the-chaos-what-we-ve-99249/,jdsupra.com,English,0.0,gdelt_gkg
COIN,2020-12-28,Vauld Raises $2 Million to Establish Stronghold in India,https://news.bitcoin.com/vauld-raises-2-million-to-establish-stronghold-in-india/,news.bitcoin.com,English,0.0,gdelt_gkg
COIN,2020-12-28,"Bitcoin a kryptomeny , rady , prevody",https://forum.finexpert.e15.cz/./viewtopic.php?f=316&t=1256715&p=12767566,forum.finexpert.e15.cz,Czech,0.0,gdelt_gkg
COIN,2020-12-28,"Bitcoin a kryptomeny , rady , prevody",https://forum.finexpert.e15.cz/./viewtopic.php?f=316&p=12767566,forum.finexpert.e15.cz,Czech,0.0,gdelt_gkg
COIN,2020-12-28,What the #) $ *#@)( $ is happening with Bitcoin insane record run ? ,https://www.hartfordbusiness.com/article/what-the-is-happening-with-bitcoins-insane-record-run,hartfordbusiness.com,English,0.0,gdelt_gkg
COIN,2020-12-28,Over ten cryptocurrency companies ditched XRP support ; the token may re - test April barrier of $0 . 17,https://www.fxstreet.com/cryptocurrencies/news/over-ten-cryptocurrency-companies-ditched-xrp-support-the-token-may-re-test-aprils-barrier-of-017-202012281341,fxstreet.com,English,0.0,gdelt_gkg
COIN,2020-12-28,Bitcoin is back as a hedge against money printing,https://www.afr.com/companies/financial-services/bitcoin-is-back-as-a-hedge-against-money-printing-20201221-p56p61,afr.com,English,0.0,gdelt_gkg
COIN,2020-12-28,Think Bitcoin is just a fad ? Nope – it now worth more than Visa or Mastercard,https://www.wraltechwire.com/2020/12/28/think-bitcoin-is-just-a-fad-nope-its-now-worth-more-than-visa-or-mastercard/,wraltechwire.com,English,0.0,gdelt_gkg
COIN,2020-12-28,Bitcoin und Fintech Hot Stock wächst um sensationelle 3 . 900 % auf 200 Mio . $ . 247 % Bitcoin Hot Stock nach 617 % mit Bitcoin ( BTC - USD ) und 638 % mit Ethereum ( ETH - USD ). Jetzt 247 % mit Fintech und Bitcoin Hot Stock Voyager Digital - AC Re...,https://www.mittelstandcafe.de/bitcoin-und-fintech-hot-stock-wund-228-chst-um-sensationelle-3-900-auf-200-mio-247-bitcoin-hot-stock-nach-617-mit-bitcoin-btc-usd-und-638-mit-ethereum-eth-usd-jetzt-247-mit-fintech-und-bitcoin-hot-sto-1870747.html,mittelstandcafe.de,German,0.0,gdelt_gkg
COIN,2020-12-28,Bitcoin price : Will it go beyond $30k a coin ? ,https://www.thisismoney.co.uk/money/investing/article-9092359/amp/Bitcoin-price-30k-coin.html,thisismoney.co.uk,English,0.0,gdelt_gkg
COIN,2020-12-28,Bitcoin price : Will it go beyond $30k a coin ? ,https://www.dailymail.co.uk/money/investing/article-9092359/Bitcoin-price-30k-coin.html,dailymail.co.uk,English,0.0,gdelt_gkg
COIN,2020-12-28,Bitcoin price : Will it go beyond $30k a coin ? ,https://www.thisismoney.co.uk/money/investing/article-9092359/Bitcoin-price-30k-coin.html,thisismoney.co.uk,English,0.0,gdelt_gkg
COIN,2020-12-28,The crypto currency bull run isnt just about Bitcoin,https://www.eureporter.co/economy/2020/12/28/the-crypto-currency-bull-run-isnt-just-about-bitcoin/,eureporter.co,English,0.0,gdelt_gkg
COIN,2020-12-28,What is happening with Bitcoin unbelievable record run ? ,https://www.wmtw.com/article/what-is-happening-with-bitcoins-unbelievable-record-run/35078351,wmtw.com,English,0.0,gdelt_gkg
COIN,2020-12-28,What is happening with Bitcoin unbelievable record run ? ,https://www.kcci.com/article/what-is-happening-with-bitcoins-unbelievable-record-run/35078351,kcci.com,English,0.0,gdelt_gkg
COIN,2020-12-28,What is happening with Bitcoin unbelievable record run ? ,https://www.wisn.com/article/what-is-happening-with-bitcoins-unbelievable-record-run/35078351,wisn.com,English,0.0,gdelt_gkg
COIN,2020-12-28,What the #) $ *#@)( $ is happening with Bitcoin insane record run ? ,https://cnnphilippines.com:443/business/2020/12/28/Bitcoin-hits-record-above--28-000-.html,cnnphilippines.com,English,0.0,gdelt_gkg
COIN,2020-12-28,What is happening with Bitcoin unbelievable record run ? ,https://www.4029tv.com/article/what-is-happening-with-bitcoins-unbelievable-record-run/35078351,4029tv.com,English,0.0,gdelt_gkg
COIN,2020-12-28,What is happening with Bitcoin unbelievable record run ? ,https://www.kcra.com/article/what-is-happening-with-bitcoins-unbelievable-record-run/35078351,kcra.com,English,0.0,gdelt_gkg
COIN,2020-12-28,What is happening with Bitcoin unbelievable record run ? ,https://www.wdsu.com/article/what-is-happening-with-bitcoins-unbelievable-record-run/35078351,wdsu.com,English,0.0,gdelt_gkg
COIN,2020-12-28,"What the $ *#@)( $ is Happening with Bitcoin Insane Record Run ? It Worth More than Visa , Mastercard",https://www.news18.com/news/business/what-happening-bitcoins-insane-record-run-visa-mastercard-3219977.html,news18.com,English,0.0,gdelt_gkg
COIN,2020-12-28,What is happening with Bitcoin unbelievable record run ? ,https://www.wesh.com/article/what-is-happening-with-bitcoins-unbelievable-record-run/35078351,wesh.com,English,0.0,gdelt_gkg
COIN,2020-12-28,"Skyrocketing Bitcoin hits new high of US$28 , 000",https://www.9news.com.au/national/skyrocketing-bitcoin-hits-all-time-high-28000/6a46f243-f0f0-4e15-ad6a-cdd420d54095,9news.com.au,English,0.0,gdelt_gkg
COIN,2020-12-28,How important are U . S . remittance markets to Ripple ? ,https://www.crypto-news-flash.com/how-important-are-u-s-remittance-markets-to-ripple-analyst-cochran/,crypto-news-flash.com,English,0.0,gdelt_gkg
COIN,2020-12-28,What is happening with Bitcoin unbelievable record run ? ,https://www.wbaltv.com/article/what-is-happening-with-bitcoins-unbelievable-record-run/35078351,wbaltv.com,English,0.0,gdelt_gkg
COIN,2020-12-29,"Bitcoin a kryptomeny , rady , prevody",https://forum.finexpert.e15.cz/./viewtopic.php?f=316&p=12768195,forum.finexpert.e15.cz,Czech,0.0,gdelt_gkg
COIN,2020-12-29,Euro cruises higher as dollar slips again,https://uk.reuters.com/article/us-global-forex/euro-cruises-higher-as-dollar-slips-again-idUKKBN29307C,uk.reuters.com,English,0.0,gdelt_gkg
COIN,2020-12-29,Euro cruises higher as dollar slips again,https://www.reuters.com/article/us-global-forex-idUSKBN29307C,reuters.com,English,0.0,gdelt_gkg
COIN,2020-12-29,"Blockchain in Telecommunication and Post Services Market Growth Scenario 2026 |Bitfury Group , Microsoft , Atos SE",https://www.sandiegosun.com/news/267384414/blockchain-in-telecommunication-and-post-services-market-growth-scenario-2026-bitfury-group-microsoft-atos-se,sandiegosun.com,English,0.0,gdelt_gkg
COIN,2020-12-29,Euro cruises higher as dollar slips again,https://in.reuters.com/article/us-global-forex/euro-cruises-higher-as-dollar-slips-again-idINKBN29307C,in.reuters.com,English,0.0,gdelt_gkg
COIN,2020-12-29,Coinbase to suspend trading in XRP,https://www.reuters.com/article/us-coinbase-xrp-idUSKBN292222,reuters.com,English,0.0,gdelt_gkg
COIN,2020-12-29,Euro cruises higher as dollar slips again,https://www.reuters.com/article/us-global-forex/euro-cruises-higher-as-dollar-slips-again-idUSKBN29307C,reuters.com,English,0.0,gdelt_gkg
COIN,2020-12-29,FOREX / BONDS - Euro cruises higher as dollar slips again,https://leaderpost.com/pmn/business-pmn/forex-bonds-euro-cruises-higher-as-dollar-slips-again,leaderpost.com,English,0.0,gdelt_gkg
COIN,2020-12-29,Dollar dips as U . S . stimulus optimism boosts risk taking,https://in.reuters.com/article/us-global-forex/dollar-dips-as-u-s-stimulus-optimism-boosts-risk-taking-idINKBN29307C,in.reuters.com,English,0.0,gdelt_gkg
COIN,2020-12-29,Coinbase suspends trading of XRP cryptocurrency amid US probe into Ripple,https://www.thenationalnews.com/business/markets/coinbase-suspends-trading-of-xrp-cryptocurrency-amid-us-probe-into-ripple-1.1136802,thenationalnews.com,English,0.0,gdelt_gkg
COIN,2020-12-29,XRP Crashes Below $0 . 25 as Coinbase Announces XRP Trading Suspension,https://www.coinspeaker.com/xrp-crashes-coinbase-suspension/,coinspeaker.com,English,0.0,gdelt_gkg
COIN,2020-12-29,XRP cryptocurrency tumbles as Coinbase exchange moves to suspend trading,https://www.theedgemarkets.com/article/xrp-cryptocurrency-tumbles-coinbase-exchange-moves-suspend-trading,theedgemarkets.com,English,0.0,gdelt_gkg
COIN,2020-12-29,"Blockchain in Telecommunication and Post Services Market Growth Scenario 2026 |Bitfury Group , Microsoft , Atos SE",https://www.texasguardian.com/news/267384414/blockchain-in-telecommunication-and-post-services-market-growth-scenario-2026-bitfury-group-microsoft-atos-se,texasguardian.com,English,0.0,gdelt_gkg
COIN,2020-12-29,"Top 3 Price Prediction Bitcoin , Ethereum , Ripple : Bitcoin on retreat , XRP is a train wreck",https://www.forexcrunch.com/top-3-price-prediction-bitcoin-ethereum-ripple-bitcoin-on-retreat-xrp-is-a-train-wreck/,forexcrunch.com,English,0.0,gdelt_gkg
COIN,2020-12-29,XRP cryptocurrency tumbles as Coinbase exchange moves to suspend trading | Money,https://www.malaymail.com/news/money/2020/12/29/xrp-cryptocurrency-tumbles-as-coinbase-exchange-moves-to-suspend-trading/1935857,malaymail.com,English,0.0,gdelt_gkg
COIN,2020-12-29,"Blockchain in Telecommunication and Post Services Market Growth Scenario 2026 |Bitfury Group , Microsoft , Atos SE",https://www.newyorktelegraph.com/news/267384414/blockchain-in-telecommunication-and-post-services-market-growth-scenario-2026-bitfury-group-microsoft-atos-se,newyorktelegraph.com,English,0.0,gdelt_gkg
COIN,2020-12-29,"Bitcoin a kryptomeny , rady , prevody",https://forum.finexpert.e15.cz/./viewtopic.php?f=316&t=1256715&p=12768195,forum.finexpert.e15.cz,Czech,0.0,gdelt_gkg
COIN,2020-12-29,"Top 3 Price Prediction Bitcoin , Ethereum , Ripple : Bitcoin on retreat , XRP is a train wreck",https://www.fxstreet.com/cryptocurrencies/news/top-3-price-prediction-bitcoin-ethereum-ripple-bitcoin-on-retreat-xrp-is-a-train-wreck-202012291037,fxstreet.com,English,0.0,gdelt_gkg
COIN,2020-12-29,Chase buying cxLoyalty ; Japanese firm sticks up for Ripple in SEC lawsuit,https://www.paymentssource.com/news/chase-buying-cxloyalty-japanese-firm-sticks-up-for-ripple-in-sec-lawsuit,paymentssource.com,English,0.0,gdelt_gkg
COIN,2020-12-29,XRP price drops below $0 . 20 following Coinbase and Crypto . com delistings,https://www.fxstreet.com/cryptocurrencies/news/xrp-price-drops-below-020-following-coinbase-and-cryptocom-delistings-202012291435,fxstreet.com,English,0.0,gdelt_gkg
COIN,2020-12-29,"29Dec2020 Pre - Market Commentary : Wall Street Futures Up Again After A New Round Of Records , DOW Up 125 Points , Nasdaq Up +0 . 4 %, US Dollar Slips To 90 . 01 , Bitcoin At 26713",http://econintersect.com/pages/market/market.php?post=202012290748,econintersect.com,English,0.0,gdelt_gkg
COIN,2020-12-29,The  Beginning Of The End  For Ripple And XRP As Coinbase  Considers Its Options  ,https://www.forbes.com/sites/billybambrough/2020/12/23/the-beginning-of-the-end-for-ripple-and-xrp-as-coinbase-considers-its-options/,forbes.com,English,0.0,gdelt_gkg
COIN,2020-12-29,Dollar hits 2 - year low as US stimulus optimism boosts risk taking,http://origin-businesstoday.intoday.in/current/world/dollar-hits-2-year-low-as-us-stimulus-optimism-boosts-risk-taking/story/426413.html,origin-businesstoday.intoday.in,English,0.0,gdelt_gkg
COIN,2020-12-29,SEC lawsuit against Ripple prompts Coinbase to suspend trading of XRP,https://www.techspot.com/news/88108-coinbase-suspending-trading-xrp-following-sec-lawsuit-against.html,techspot.com,English,0.0,gdelt_gkg
COIN,2020-12-29,FOREX / BONDS - Euro cruises higher as dollar slips again,https://www.reuters.com/article/global-forex/forex-bonds-euro-cruises-higher-as-dollar-slips-again-idUSL8N2J91UU,reuters.com,English,0.0,gdelt_gkg
COIN,2020-12-29,Cryptocurrency XRP tumbles 19 % as Coinbase exchange moves to suspend trading,https://www.theglobeandmail.com/business/international-business/us-business/article-cryptocurrency-xrp-tumbles-19-as-coinbase-exchange-moves-to-suspend/,theglobeandmail.com,English,0.0,gdelt_gkg
COIN,2020-12-29,Andrew Keys : 16 Ethereum Predictions From a Crypto Oracle,https://www.coindesk.com/16-ethereum-predictions-crypto-oracle,coindesk.com,English,0.0,gdelt_gkg
COIN,2020-12-29,Dollar dips as U . S . stimulus optimism boosts risk taking,https://www.reuters.com/article/us-global-forex/dollar-dips-as-u-s-stimulus-optimism-boosts-risk-taking-idUSKBN29307C,reuters.com,English,0.0,gdelt_gkg
COIN,2020-12-29,Dollar dips as U . S . stimulus optimism boosts risk taking,https://www.reuters.com/article/global-forex/forex-dollar-dips-as-u-s-stimulus-optimism-boosts-risk-taking-idUSL1N2J90S1,reuters.com,English,0.0,gdelt_gkg
COIN,2020-12-29,Digital Asset Exchanges Coinbase and OKCoin to Suspend XRP Trading and Deposits following Recent SEC Action,https://www.crowdfundinsider.com/2020/12/170732-digital-asset-exchanges-coinbase-and-okcoin-to-suspend-xrp-trading-and-deposits-following-recent-sec-action/,crowdfundinsider.com,English,0.0,gdelt_gkg
COIN,2020-12-29,Dollar dips as U . S . stimulus optimism boosts risk taking,https://uk.reuters.com/article/us-global-forex/dollar-dips-as-u-s-stimulus-optimism-boosts-risk-taking-idUKKBN29307C,uk.reuters.com,English,0.0,gdelt_gkg
COIN,2020-12-29,XRP Continues March Lower as Big Exchanges Halt Trading Following SEC Enforcement Action Targeting Ripple,https://www.crowdfundinsider.com/2020/12/170741-xrp-continues-march-lower-as-big-exchanges-halt-trading-following-sec-enforcement-action-targeting-ripple/,crowdfundinsider.com,English,0.0,gdelt_gkg
COIN,2020-12-29,xrp trading - All news and posts by Crowdfund Insider,https://www.crowdfundinsider.com/tag/xrp-trading/,crowdfundinsider.com,English,0.0,gdelt_gkg
COIN,2020-12-29,trading suspension - All news and posts by Crowdfund Insider,https://www.crowdfundinsider.com/tag/trading-suspension/,crowdfundinsider.com,English,0.0,gdelt_gkg
COIN,2020-12-29,XRP Sinks to $0 . 2 After Coinbase and Crypto . com Suspend Trading,https://decrypt.co/52810/xrp-sinks-to-0-2-after-coinbase-and-crypto-com-suspend-trading,decrypt.co,English,0.0,gdelt_gkg
COIN,2020-12-29,Coinbase and OkCoin stops XRP trading,https://invezz.com/news/2020/12/29/coinbase-and-okcoin-stops-xrp-trading/,invezz.com,English,0.0,gdelt_gkg
COIN,2020-12-29,"Investor Business Daily : Dow Jones , Stocks Climb On Stimulus , Europe Vaccine Rollout ; PayPal Gets A Bitcoin Boost",https://mrtopstep.com/investors-business-daily-dow-jones-stocks-climb-on-stimulus-europe-vaccine-rollout-paypal-gets-a-bitcoin-boost/,mrtopstep.com,English,0.0,gdelt_gkg
COIN,2020-12-29,FOREX / BONDS - Euro cruises higher as dollar slips again,https://financialpost.com/pmn/business-pmn/forex-bonds-euro-cruises-higher-as-dollar-slips-again,financialpost.com,English,0.0,gdelt_gkg
COIN,2020-12-29,Crypto token XRP falls as much as 31 % after Coinbase says it will halt trading following SEC complaint against Ripple,https://www.businessinsider.in/stock-market/news/crypto-token-xrp-falls-as-much-as-31-after-coinbase-says-it-will-halt-trading-following-sec-complaint-against-ripple/articleshow/80012172.cms,businessinsider.in,English,0.0,gdelt_gkg
COIN,2020-12-29,XRP cryptocurrency slumps 16 % as Coinbase exchange moves to suspend trading,https://www.reuters.com/article/crypto-currency/xrp-cryptocurrency-slumps-16-as-coinbase-exchange-moves-to-suspend-trading-idUSL8N2J91FD,reuters.com,English,0.0,gdelt_gkg
COIN,2020-12-29,2021 blockchain predictions from Energy Web - Ledger Insights,https://www.ledgerinsights.com/2021-blockchain-predictions-from-energy-web/,ledgerinsights.com,English,0.0,gdelt_gkg
COIN,2020-12-29,Coinbase suspension triggers XRP slide,https://www.thestandard.com.hk/breaking-news/section/2/162196/Coinbase-suspension-triggers-XRP-slide,thestandard.com.hk,English,0.0,gdelt_gkg
COIN,2020-12-29,Coinbase to suspend trading in XRP,https://wsau.com/2020/12/28/coinbase-to-suspend-trading-in-xrp/,wsau.com,English,0.0,gdelt_gkg
COIN,2020-12-29,Breaking : Coinbase will suspend trading of XRP in January,https://www.forexcrunch.com/breaking-coinbase-will-suspend-trading-of-xrp-in-january/,forexcrunch.com,English,0.0,gdelt_gkg
COIN,2020-12-29,Ripple Price Analysis : XRP breaks 9 . 5 - month - old support line on trading suspension news,https://www.forexcrunch.com/ripple-price-analysis-xrp-breaks-9-5-month-old-support-line-on-trading-suspension-news/,forexcrunch.com,English,0.0,gdelt_gkg
COIN,2020-12-29,Coinbase halts trading of XRP following SEC suit,https://www.onenewspage.com/n/Technology/1zlv34zobd/Coinbase-halts-trading-of-XRP-following-SEC-suit.htm,onenewspage.com,English,0.0,gdelt_gkg
COIN,2020-12-29,Coinbase to suspend trading in XRP,https://www.reuters.com/article/ousivMolt/idUSKBN292222,reuters.com,English,0.0,gdelt_gkg
COIN,2020-12-29,Coinbase to suspend Ripple XRP trading following SEC lawsuit,https://siliconangle.com/2020/12/28/coinbase-suspend-ripple-xrp-trading-following-sec-lawsuit/,siliconangle.com,English,0.0,gdelt_gkg
COIN,2020-12-29,Coinbase halts trading of XRP following SEC suit against Ripple,https://www.theverge.com/2020/12/28/22203761/coinbase-halts-trading-xrp-ripple-sec-suit,theverge.com,English,0.0,gdelt_gkg
COIN,2020-12-29,"$30 , 000 Is The New $20 , 000 For Bitcoin",https://safehaven.com/cryptocurrencies/bitcoin/30000-Is-The-New-20000-For-Bitcoin.html,safehaven.com,English,0.0,gdelt_gkg
COIN,2020-12-29,Coinbase to suspend trading in XRP,https://katcountry989.com/2020/12/28/coinbase-to-suspend-trading-in-xrp/,katcountry989.com,English,0.0,gdelt_gkg
COIN,2020-12-29,Coinbase to suspend trading in XRP,https://in.reuters.com/article/us-coinbase-xrp/coinbase-to-suspend-trading-in-xrp-idINKBN292222,in.reuters.com,English,0.0,gdelt_gkg
COIN,2020-12-29,Coinbase to suspend trading in XRP,https://wdsm710.com/2020/12/28/coinbase-to-suspend-trading-in-xrp/,wdsm710.com,English,0.0,gdelt_gkg
COIN,2020-12-29,Coinbase to suspend trading in XRP,https://wtbx.com/2020/12/28/coinbase-to-suspend-trading-in-xrp/,wtbx.com,English,0.0,gdelt_gkg
COIN,2020-12-29,Coinbase to suspend trading in XRP,https://uk.reuters.com/article/us-coinbase-xrp/coinbase-to-suspend-trading-in-xrp-idUKKBN292222,uk.reuters.com,English,0.0,gdelt_gkg
COIN,2020-12-29,Coinbase to suspend trading in XRP,https://leaderpost.com/pmn/business-pmn/coinbase-to-suspend-trading-in-xrp,leaderpost.com,English,0.0,gdelt_gkg
COIN,2020-12-29,Coinbase announces it will suspend XRP trading as price drops another 10 % ,https://cointelegraph.com/news/coinbase-announces-it-will-suspend-xrp-trading-as-price-drops-another-10,cointelegraph.com,English,0.0,gdelt_gkg
COIN,2020-12-29,Coinbase to suspend trading in XRP,https://www.reuters.com/article/us-coinbase-xrp/coinbase-to-suspend-trading-in-xrp-idUSKBN292222,reuters.com,English,0.0,gdelt_gkg
COIN,2020-12-29,The Best Mobile Payment Apps for 2021,https://www.pcmag.com/picks/the-best-mobile-payment-apps?test_uuid=001OQhoHLBxsrrrMgWU3gQF&test_variant=a,pcmag.com,English,0.0,gdelt_gkg
COIN,2020-12-29,cryptocurrency : Coinbase to suspend trading in XRP,https://economictimes.indiatimes.com/markets/stocks/news/coinbase-to-suspend-trading-in-xrp/articleshow/80002502.cms,economictimes.indiatimes.com,English,0.0,gdelt_gkg
COIN,2020-12-29,Ripple Plunges After Coinbase Announces It Will Suspend XRP Trading,https://www.zerohedge.com/markets/ripple-plunges-after-coinbase-announces-it-will-suspend-xrp-trading,zerohedge.com,English,0.0,gdelt_gkg
COIN,2020-12-29, ( GBTC ) - XRP Plummets Another 19 % As Coinbase Delivers Latest Jolt,https://www.benzinga.com/markets/cryptocurrency/20/12/18947199/xrp-plummets-another-19-as-coinbase-delivers-latest-jolt,benzinga.com,English,0.0,gdelt_gkg
COIN,2020-12-29,Coinbase to halt XRP cryptocurrency trading from Jan 19,http://www.daijiworld.com/news/newsDisplay.aspx?newsID=786013,daijiworld.com,English,0.0,gdelt_gkg
COIN,2020-12-29,XRP cryptocurrency slumps 16 % as Coinbase exchange moves to suspend trading - National Post,http://easternontarionetwork.com/index.php/2020/12/29/xrp-cryptocurrency-slumps-16-as-coinbase-exchange-moves-to-suspend-trading-national-post/,easternontarionetwork.com,English,0.0,gdelt_gkg
COIN,2020-12-29,XRP cryptocurrency tumbles as Coinbase exchange moves to suspend trading,https://uk.reuters.com/article/uk-crypto-currency/xrp-cryptocurrency-tumbles-as-coinbase-exchange-moves-to-suspend-trading-idUKKBN2930WX,uk.reuters.com,English,0.0,gdelt_gkg
COIN,2020-12-29,XRP cryptocurrency slumps 16 % as Coinbase exchange moves to suspend trading,https://www.zawya.com/mena/en/business/story/XRP_cryptocurrency_slumps_16_as_Coinbase_exchange_moves_to_suspend_trading-TR20201229nL8N2J91FDX2/,zawya.com,English,0.0,gdelt_gkg
COIN,2020-12-29,"Bitcoin Whales Eye $36 , 000 As Next Near Term Target",https://www.ibtimes.com/bitcoin-whales-eye-36000-next-near-term-target-3111162,ibtimes.com,English,0.0,gdelt_gkg
COIN,2020-12-29,В Мурманской области объявлен траур по погибшим на « Онеге » рыбакам,https://www.bfm.ru/news/461659,bfm.ru,Russian,0.0,gdelt_gkg
COIN,2020-12-29,Coinbase to suspend trading in XRP following charge from US regulator,https://news.yahoo.com/bitcoin-coinbase-crypto-currencies-xrp-ripple-us-exchange-regulator-103033395.html,news.yahoo.com,English,0.0,gdelt_gkg
COIN,2020-12-29,"Bitcoin Price Prediction : Bloomberg Sees $30 , 000 As Near Term Goal Before Bubble Pops",https://www.ibtimes.com/bitcoin-price-prediction-bloomberg-sees-30000-near-term-goal-bubble-pops-3111129,ibtimes.com,English,0.0,gdelt_gkg
COIN,2020-12-29,"Bitcoin and Ethereum Correct Gains , XRP Dives",https://cryptonews.com/news/bitcoin-and-ethereum-correct-gains-xrp-dives-8749.htm,cryptonews.com,English,0.0,gdelt_gkg
COIN,2020-12-29,"Bitcoin a kryptomeny , rady , prevody",https://forum.finexpert.e15.cz/./viewtopic.php?f=316&p=12767845,forum.finexpert.e15.cz,Czech,0.0,gdelt_gkg
COIN,2020-12-29,Coinbase to suspend trading in XRP,https://www.reuters.com/article/coinbase-xrp/coinbase-to-suspend-trading-in-xrp-idUSL4N2J82MH,reuters.com,English,0.0,gdelt_gkg
COIN,2020-12-29,Blockchain Week in Review - December 2020 # 3 | Perkins Coie,https://www.jdsupra.com/legalnews/blockchain-week-in-review-december-2020-94769/,jdsupra.com,English,0.0,gdelt_gkg
COIN,2020-12-29,Singapore Vauld secures $2 mn to expand Indian operations,https://ibsintelligence.com/ibsi-news/singapores-vauld-secures-2-mn-to-expand-indian-operations/,ibsintelligence.com,English,0.0,gdelt_gkg
COIN,2020-12-29,XRP price drops below $0 . 20 following Coinbase and Crypto . com delistings,https://www.forexcrunch.com/xrp-price-drops-below-0-20-following-coinbase-and-crypto-com-delistings/,forexcrunch.com,English,0.0,gdelt_gkg
COIN,2020-12-29,Coinbase to halt XRP cryptocurrency trading from Jan,https://www.moneylife.in/article/coinbase-to-halt-xrp-cryptocurrency-trading-from-jan/62490.html,moneylife.in,English,0.0,gdelt_gkg
COIN,2020-12-29,Coinbase to suspend trading in XRP,https://www.reuters.com/article/technologyNews/idUSKBN292222,reuters.com,English,0.0,gdelt_gkg
COIN,2020-12-29,Ripple Price Analysis : XRP beaks 9 . 5 - month - old support line on trading suspension news,https://www.fxstreet.com/cryptocurrencies/news/ripple-price-analysis-xrp-beaks-95-month-old-support-line-on-trading-suspension-news-202012290011,fxstreet.com,English,0.0,gdelt_gkg
COIN,2020-12-29,Coinbase decides to stop XRP cryptocurrency trading,https://www.ummid.com/news/2020/december/29.12.2020/coinbase-decides-to-stop-xrp-cryptocurrency-trading.html,ummid.com,English,0.0,gdelt_gkg
COIN,2020-12-29,Coinbase to suspend XRP cryptocurrency trading after lawsuit against Ripple,https://www.business-standard.com/article/markets/coinbase-to-suspend-xrp-cryptocurrency-trading-after-lawsuit-against-ripple-120122900212_1.html,business-standard.com,English,0.0,gdelt_gkg
COIN,2020-12-29,Coinbase drops XRP ( Ripple ) cryptocurrency on January 19,https://www.slashgear.com/coinbase-drops-xrp-ripple-cryptocurrency-on-january-19-29652828/,slashgear.com,English,0.0,gdelt_gkg
COIN,2020-12-29,"Cryptocurrencies Price Prediction : Ripple , Cardano & Chainlink – American Wrap 29 Dec",https://www.forexcrunch.com/cryptocurrencies-price-prediction-ripple-cardano-chainlink-american-wrap-29-dec/,forexcrunch.com,English,0.0,gdelt_gkg
COIN,2020-12-29,"Altcoin Rally Dimming Bitcoin Shine , Polkadot Gains 34 % in One Week",https://www.coinspeaker.com/altcoin-rally-bitcoins-shine/,coinspeaker.com,English,0.0,gdelt_gkg
COIN,2020-12-29,SEC Lawsuit : Coinbase Will Suspend XRP Trading in January,https://insidebitcoins.com/news/sec-lawsuit-coinbase-will-suspend-xrp-trading-in-january,insidebitcoins.com,English,0.0,gdelt_gkg
COIN,2020-12-29,Russell Routed As  Most Shorted  Stocks Suffer Biggest Puke In 6 Months,https://www.zerohedge.com/markets/russell-routed-most-shorted-stocks-puke-most-6-months,zerohedge.com,English,0.0,gdelt_gkg
COIN,2020-12-29,Ripple y su criptodivisa XRP en caída libre desde la denuncia del SEC estadounidense : Coinbase anuncia que deja de operar con ella,https://www.xataka.com/criptomonedas/ripple-su-criptodivisa-xrp-caida-libre-denuncia-sec-estadounidense-coinbase-anuncia-que-deja-operar-ella,xataka.com,Spanish,0.0,gdelt_gkg
COIN,2020-12-29,XRP cryptocurrency tumbles as Coinbase exchange moves to suspend trading,https://www.reuters.com/article/us-crypto-currency-idUKKBN2931O2,reuters.com,English,0.0,gdelt_gkg
COIN,2020-12-29,Dollar pares losses as Senate McConnell vague on further stimulus,https://in.reuters.com/article/us-global-forex/dollar-pares-losses-as-senates-mcconnell-vague-on-further-stimulus-idINKBN29307C,in.reuters.com,English,0.0,gdelt_gkg
COIN,2020-12-29,Dollar pares losses as Senate McConnell vague on further stimulus,https://www.reuters.com/article/us-global-forex/dollar-pares-losses-as-senates-mcconnell-vague-on-further-stimulus-idUSKBN29307C,reuters.com,English,0.0,gdelt_gkg
COIN,2020-12-29,Dollar pares losses as Senate McConnell vague on further stimulus,https://www.reuters.com/article/global-forex/forex-dollar-pares-losses-as-senates-mcconnell-vague-on-further-stimulus-idUSL1N2J91E9,reuters.com,English,0.0,gdelt_gkg
COIN,2020-12-29,Dollar pares losses as Senate McConnell vague on further stimulus,https://uk.reuters.com/article/us-global-forex/dollar-pares-losses-as-senates-mcconnell-vague-on-further-stimulus-idUKKBN29307C,uk.reuters.com,English,0.0,gdelt_gkg
COIN,2020-12-29,Coinbase Leaves Ripple to Twist in the Wind,https://upstract.com/p/jpu4b9zt,upstract.com,English,0.0,gdelt_gkg
COIN,2020-12-29,Coinbase Leaves Ripple to Twist in the Wind,https://www.gizmodo.com.au/2020/12/coinbase-leaves-ripple-to-twist-in-the-wind/,gizmodo.com.au,English,0.0,gdelt_gkg
COIN,2020-12-29,"Alternative Finance Market to See Huge Growth by 2025 : Coinbase , Thinknum , Equity Zen",http://www.sbwire.com/press-releases/alternative-finance-market-to-see-huge-growth-by-2025-coinbase-thinknum-equity-zen-1322422.htm,sbwire.com,English,0.0,gdelt_gkg
COIN,2020-12-29,"Alternative Finance Market to See Huge Growth by 2025 : Coinbase , Thinknum , Equity Zen - Press Release",http://www.digitaljournal.com/pr/4927835,digitaljournal.com,English,0.0,gdelt_gkg
COIN,2020-12-29, ¿ Es el bitcoin una inversión segura de cara a 2021 ? ,http://www.elojodigital.com/contenido/18451-es-el-bitcoin-una-inversi-n-segura-de-cara-2021,elojodigital.com,Spanish,0.0,gdelt_gkg
COIN,2020-12-29,US stocks rise as record - setting stimulus rally continues,https://www.businessinsider.in/stock-market/news/us-stocks-rise-as-record-setting-stimulus-rally-continues/articleshow/80013421.cms,businessinsider.in,English,0.0,gdelt_gkg
COIN,2020-12-29,Dollar hits 2 - year low as US stimulus optimism boosts risk taking,https://www.businesstoday.in/current/world/dollar-hits-2-year-low-as-us-stimulus-optimism-boosts-risk-taking/story/426413.html,businesstoday.in,English,0.0,gdelt_gkg
COIN,2020-12-29,"OKCoin to Suspend XRP Trading and Deposit from January 4 , 2021",https://www.coinspeaker.com/okcoin-xrp-trading-deposit/,coinspeaker.com,English,0.0,gdelt_gkg
COIN,2020-12-29,XRP Trades Are Being Suspended on Coinbase,https://gizmodo.com/coinbase-leaves-ripple-to-twist-in-the-wind-1845961363,gizmodo.com,English,0.0,gdelt_gkg
COIN,2020-12-29,India mulls bitcoin tax,https://www.thestandard.com.hk/section-news/section/2/226117/India-mulls-bitcoin-tax,thestandard.com.hk,English,0.0,gdelt_gkg
COIN,2020-12-29,FinCEN Recordkeeping and Identity Verification Requirements,https://www.natlawreview.com/article/fincen-proposes-to-extend-recordkeeping-reporting-and-identity-verification,natlawreview.com,English,0.0,gdelt_gkg
COIN,2020-12-30,"Bitcoin hits new record , set for biggest monthly gain since 2019",https://www.houstonchronicle.com/business/technology/article/Bitcoin-Hits-New-Record-Set-for-Biggest-Monthly-15835729.php,houstonchronicle.com,English,0.0,gdelt_gkg
COIN,2020-12-30,Cryptocurrency XRP is in free fall with exchanges delisting coin,https://www.bnnbloomberg.ca/cryptocurrency-xrp-is-in-free-fall-with-exchanges-delisting-coin-1.1542141,bnnbloomberg.ca,English,0.0,gdelt_gkg
COIN,2020-12-30,New York regulator licenses GMO Internet to issue the first JPY - pegged stablecoin,https://www.theblockcrypto.com/linked/89651/new-york-regulator-gmo-internet-jpy-pegged-stablecoin,theblockcrypto.com,English,0.0,gdelt_gkg
COIN,2020-12-30,Seven reasons why Silicon Valley will have a tough time with the Biden Administration,https://www.newsindiatimes.com/seven-reasons-why-silicon-valley-will-have-a-tough-time-with-the-biden-administration/,newsindiatimes.com,English,0.0,gdelt_gkg
COIN,2020-12-30,"Coinbase reportedly paid women , Black employees significantly less than counterparts in comparable roles , and the wage gaps were wider than at other tech firms",https://www.msn.com/en-us/money/markets/coinbase-reportedly-paid-women-black-employees-significantly-less-than-counterparts-in-comparable-roles-and-the-wage-gaps-were-wider-than-at-other-tech-firms/ar-BB1cm0ra,msn.com,English,0.0,gdelt_gkg
COIN,2020-12-30,"Coinbase paid women , Black employees less for comparable roles : NYT",https://www.businessinsider.com/coinbase-paid-women-black-employees-less-for-comparable-roles-2020-12,businessinsider.com,English,0.0,gdelt_gkg
COIN,2020-12-30,"Coinbase reportedly paid women , Black employees significantly less than counterparts in comparable roles , and the wage gaps were wider than at other tech firms",https://news.yahoo.com/coinbase-reportedly-paid-women-black-160628377.html,news.yahoo.com,English,0.0,gdelt_gkg
COIN,2020-12-30,"Cryptocurrency startup underpaid women and Black employees , data shows",http://www.chicagotribune.com/consumer-reviews/sns-nyt-coinbase-pay-employees-20201230-p7tyalhr7japheuhvurhrorjee-story.html,chicagotribune.com,English,0.0,gdelt_gkg
COIN,2020-12-30,"Coinbase reportedly paid women , Black employees significantly less than counterparts in comparable roles , and the wage gaps were wider than at other tech firms",https://www.businessinsider.in/tech/news/coinbase-reportedly-paid-women-black-employees-significantly-less-than-counterparts-in-comparable-roles-and-the-wage-gaps-were-wider-than-at-other-tech-firms/articleshow/80031902.cms,businessinsider.in,English,0.0,gdelt_gkg
COIN,2020-12-30,"Cryptocurrency startup underpaid women and Black employees , data shows",http://www.baltimoresun.com/consumer-reviews/sns-nyt-coinbase-pay-employees-20201230-p7tyalhr7japheuhvurhrorjee-story.html,baltimoresun.com,English,0.0,gdelt_gkg
COIN,2020-12-30,Cryptocurrency platforms avoid Ripple like the plague ; over companies 14 suspended XRP trading,https://www.forexcrunch.com/cryptocurrency-platforms-avoid-ripple-like-the-plague-over-companies-14-suspended-xrp-trading/,forexcrunch.com,English,0.0,gdelt_gkg
COIN,2020-12-30,Cryptocurrency platforms avoid Ripple like the plague ; over companies 14 suspended XRP trading,https://www.fxstreet.com/cryptocurrencies/news/cryptocurrency-platforms-avoid-ripple-like-the-plague-over-companies-14-suspended-xrp-trading-202012301325,fxstreet.com,English,0.0,gdelt_gkg
COIN,2020-12-30,"Bitcoin heads for $29 , 000 , quadrupling in value in 2020",https://www.aljazeera.com/economy/2020/12/30/bitcoin-heads-for-29000-in-mega-rally,aljazeera.com,English,0.0,gdelt_gkg
COIN,2020-12-30,"Cryptocurrency startup underpaid women and Black employees , data shows",http://www.orlandosentinel.com/consumer-reviews/sns-nyt-coinbase-pay-employees-20201230-p7tyalhr7japheuhvurhrorjee-story.html,orlandosentinel.com,English,0.0,gdelt_gkg
COIN,2020-12-30,Bittrex Takes Out XRP Markets from Its Platforms Following SEC Suit,https://insidebitcoins.com/news/bittrex-takes-out-xrp-markets-from-its-platforms-following-sec-suit,insidebitcoins.com,English,0.0,gdelt_gkg
COIN,2020-12-30,Criptodivisas . El calvario del ripple compromete su futuro,https://www.finanzas.com/mercado-divisas/las-razones-que-explican-el-calvario-del-ripple_20114095_102.html,finanzas.com,Spanish,0.0,gdelt_gkg
COIN,2020-12-30,Breaking : Binance . US to delist XRP on January 13 according to announcement,https://www.forexcrunch.com/breaking-binance-us-to-delist-xrp-on-january-13-according-to-announcement/,forexcrunch.com,English,0.0,gdelt_gkg
COIN,2020-12-30,"Breaking : Bitcoin price hits new all - time high at $28 , 900",https://www.forexcrunch.com/breaking-bitcoin-price-hits-new-all-time-high-at-28900/,forexcrunch.com,English,0.0,gdelt_gkg
COIN,2020-12-30,"Bitcoin heads for US$29 , 000 in biggest monthly gain since 2019",https://www.bnnbloomberg.ca/bitcoin-heads-for-us-29-000-in-biggest-monthly-gain-since-2019-1.1542195,bnnbloomberg.ca,English,0.0,gdelt_gkg
COIN,2020-12-30,"DAILY DOSE : December 30 , 2020",https://www.swfinstitute.org/news/83433/daily-dose-december-30-2020,swfinstitute.org,English,0.0,gdelt_gkg
COIN,2020-12-30,Crypto - linked stocks extend a rally that has produced 400 % gains,https://elintransigente.com/2020/12/crypto-linked-stocks-extend-a-rally-that-has-produced-400-gains/,elintransigente.com,English,0.0,gdelt_gkg
COIN,2020-12-30,"Bitcoin heads for $29 , 000 , quadrupling in value in 2020",https://www.today.ng/business/finance/bitcoin-heads-29000-quadrupling-2020-336480,today.ng,English,0.0,gdelt_gkg
COIN,2020-12-30,World First Physical Crypto Bank Launches in India,https://insidebitcoins.com/news/worlds-first-physical-crypto-bank-launches-in-india,insidebitcoins.com,English,0.0,gdelt_gkg
COIN,2020-12-30,La cuarta criptodivisa más capitalizada del mercado se desploma tras acusaciones del regulador en EE . UU . ,https://actualidad.rt.com/actualidad/378567-desplome-criptodivisa-capital-mercado,actualidad.rt.com,Spanish,0.0,gdelt_gkg
COIN,2020-12-30,Operation Warp Speed,https://www.benzinga.com/topic/operation-warp-speed,benzinga.com,English,0.0,gdelt_gkg
COIN,2020-12-30,BTC Analysis : Bitcoin Is Heading Towards $30K As XRP Is Out Of,https://www.coinspeaker.com/bitcoin-heading-towards-30k-xrp-out/,coinspeaker.com,English,0.0,gdelt_gkg
COIN,2020-12-30,"Cryptocurrency startup underpaid women and Black employees , data shows",http://www.mcall.com/consumer-reviews/sns-nyt-coinbase-pay-employees-20201230-p7tyalhr7japheuhvurhrorjee-story.html,mcall.com,English,0.0,gdelt_gkg
COIN,2020-12-30,"Bitcoin hits new record , set for biggest monthly gain since 2019",https://www.thestar.com.my/business/business-news/2020/12/30/bitcoin-hits-new-record-set-for-biggest-monthly-gain-since-2019,thestar.com.my,English,0.0,gdelt_gkg
COIN,2020-12-30,Coinbase at Center of Gender and Race Discrimination : Underpays Women and Black Employees,https://www.coinspeaker.com/coinbase-gender-race-discrimination/,coinspeaker.com,English,0.0,gdelt_gkg
COIN,2020-12-30,B . C . wants assets of alleged traffickers linked to $30m drug seizure,https://vancouversun.com/news/b-c-wants-assets-of-alleged-traffickers-linked-to-30-million-drug-seizure,vancouversun.com,English,0.0,gdelt_gkg
COIN,2020-12-30,"Coinbase Underpaid Women , Black Employees , NY Times Reports",https://www.coindesk.com/coinbase-underpaid-women-black-employees-ny-times-reports,coindesk.com,English,0.0,gdelt_gkg
COIN,2020-12-30,Cryptocurrency Exchange Coinbase Reportedly Paid Women and People of Colour Like Shit,https://www.gizmodo.com.au/2020/12/cryptocurrency-exchange-coinbase-reportedly-paid-women-and-people-of-colour-like-shit/,gizmodo.com.au,English,0.0,gdelt_gkg
COIN,2020-12-30,Panthers lineman becomes first player in NFL to accept bitcoin for portion of salary,https://www.washingtonexaminer.com/news/panthers-player-league-bitcoin-portion-salary,washingtonexaminer.com,English,0.0,gdelt_gkg
COIN,2020-12-30,Crypto Exchange Coinbase Reportedly Paid Women and People of Color Less,https://gizmodo.com/cryptocurrency-exchange-coinbase-reportedly-paid-women-1845965619,gizmodo.com,English,0.0,gdelt_gkg
COIN,2020-12-30,Coinbase to suspend trading in XRP | The Express Tribune,https://tribune.com.pk/story/2277909/coinbase-to-suspend-trading-in-xrp,tribune.com.pk,English,0.0,gdelt_gkg
COIN,2020-12-30,"XRP in deep crisis , drops 21 % | Nairametrics",https://nairametrics.com/2020/12/30/xrp-in-deep-crisis-drops-21/,nairametrics.com,English,0.0,gdelt_gkg
COIN,2020-12-30,Coinbase to suspend trading in XRP,http://www.businessghana.com/site/news/technology/229538/Coinbase-to-suspend-trading-in-XRP,businessghana.com,English,0.0,gdelt_gkg
COIN,2020-12-30,DASH Cryptocurrency is Getting Accepted by New Businesses Every Day,https://thecurrencyanalytics.com/22704/dash-cryptocurrency-is-getting-accepted-by-new-businesses-every-day/,thecurrencyanalytics.com,English,0.0,gdelt_gkg
COIN,2020-12-30,Bitcoin primed for a major price movement as second U . S . stimulus checks go out,https://www.forexcrunch.com/bitcoin-primed-for-a-major-price-movement-as-second-u-s-stimulus-checks-go-out/,forexcrunch.com,English,0.0,gdelt_gkg
COIN,2020-12-30,Bitcoin primed for a major price movement as second U . S . stimulus checks go out,https://www.fxstreet.com/cryptocurrencies/news/bitcoin-primed-for-a-major-price-movement-as-second-us-stimulus-checks-go-out-202012300720,fxstreet.com,English,0.0,gdelt_gkg
COIN,2020-12-30,XRP cryptocurrency tumbles as Coinbase exchange moves to suspend trading,https://www.businesstimes.com.sg/banking-finance/xrp-cryptocurrency-tumbles-as-coinbase-exchange-moves-to-suspend-trading,businesstimes.com.sg,English,0.0,gdelt_gkg
COIN,2020-12-30,Цена третьей по капитализации криптовалюты за неделю рухнула на 64 процента,https://overclockers.ru/blog/Razg0n_blog/show/45591/cena-tretej-po-kapitalizacii-kriptovaljuty-za-nedelju-ruhnula-na-64-procenta,overclockers.ru,Russian,0.0,gdelt_gkg
COIN,2020-12-30,10 things in tech you need to know today,https://www.businessinsider.in/tech/news/10-things-in-tech-you-need-to-know-today/articleshow/80026360.cms,businessinsider.in,English,0.0,gdelt_gkg
COIN,2020-12-30,Razorpay FTX 2020 : FinTech Pundits Sow The Seeds For The Future Of The Industry,https://www.moneycontrol.com/news/trends/features-2/razorpays-ftx-2020-fintech-pundits-sow-the-seeds-for-the-future-of-the-industry-6268691.html,moneycontrol.com,English,0.0,gdelt_gkg
COIN,2020-12-30,Bitcoin  : nouveau record historique à plus de 28 . 000 dollars,https://www.lesechos.fr/finance-marches/marches-financiers/bitcoin-nouveau-record-historique-a-plus-de-28000-dollars-1277191,lesechos.fr,French,0.0,gdelt_gkg
COIN,2020-12-30,Cryptocurrency XRP Is in Free Fall With Exchanges Delisting Coin,https://www.bloombergquint.com/onweb/cryptocurrency-xrp-is-in-freefall-with-exchanges-delisting-coin,bloombergquint.com,English,0.0,gdelt_gkg
COIN,2020-12-30,Ultimate Guide to Bitcoin Investing : The Easy Way,https://www.siliconindia.com/news/general/ultimate-guide-to-bitcoin-investing-the-easy-way-nid-214914-cid-1.html,siliconindia.com,English,0.0,gdelt_gkg
COIN,2020-12-30,"Bitcoin hits new record , set for biggest monthly gain since 2019",https://elintransigente.com/2020/12/bitcoin-hits-new-record-set-for-biggest-monthly-gain-since-2019/,elintransigente.com,English,0.0,gdelt_gkg
COIN,2020-12-30,Wirex to exclude XRP from its US launch in wake of SEC lawsuit,https://www.theblockcrypto.com/daily/89552/wirex-ziglu-xrp-sec-ripple,theblockcrypto.com,English,0.0,gdelt_gkg
COIN,2020-12-30,10 things in tech you need to know today,https://www.businessinsider.com/10-things-in-tech-you-need-to-know-today-december-30-2020-12,businessinsider.com,English,0.0,gdelt_gkg
COIN,2020-12-30,XRP cryptocurrency tumbles as Coinbase exchange moves to suspend trading,https://www.thehindu.com/sci-tech/technology/xrp-cryptocurrency-tumbles-as-coinbase-exchange-moves-to-suspend-trading/article33450805.ece,thehindu.com,English,0.0,gdelt_gkg
COIN,2020-12-30,"bitcoin : Bitcoin hits new record , set for biggest monthly gain since 2019",https://economictimes.indiatimes.com/markets/stocks/news/bitcoin-hits-new-record-set-for-biggest-monthly-gain-since-2019/articleshow/80025532.cms,economictimes.indiatimes.com,English,0.0,gdelt_gkg
COIN,2020-12-30,"Bitcoin Hits New Record , Set for Biggest Monthly Gain Since 2019",https://www.bnnbloomberg.ca/bitcoin-hits-new-record-set-for-biggest-monthly-gain-since-2019-1.1542195,bnnbloomberg.ca,English,0.0,gdelt_gkg
COIN,2020-12-31,El Bitcoin termina el año superando los USD 29 . 000,https://www.perfil.com/noticias/bloomberg/bc-bitcoin-supera-los-us29000-y-alcanza-nuevo-maximo-historico.phtml,perfil.com,Spanish,0.0,gdelt_gkg
COIN,2020-12-31,Intellabridge Technology Corporation : Intellabridge Integrates Torus to Provide Customer Access to DeFi Markets,https://www.finanznachrichten.de/nachrichten-2020-12/51628497-intellabridge-technology-corporation-intellabridge-integrates-torus-to-provide-customer-access-to-defi-markets-296.htm,finanznachrichten.de,English,0.0,gdelt_gkg
COIN,2020-12-31,Why 2021 Offers New Hope for the Stock Market,https://www.marketwatch.com/articles/why-2021-offers-new-hope-for-the-stock-market-51609420455,marketwatch.com,English,0.0,gdelt_gkg
COIN,2020-12-31,Ripple to Confront US SEC in February 2021,https://www.coinspeaker.com/ripple-confront-sec-february-2021/,coinspeaker.com,English,0.0,gdelt_gkg
COIN,2020-12-31,New lawsuit says Coinbase broke the law with XRP sale,https://invezz.com/news/2020/12/31/new-lawsuit-says-coinbase-broke-the-law-with-xrp-sale/,invezz.com,English,0.0,gdelt_gkg
COIN,2020-12-31,US stocks flat as rollercoaster 2020 comes to a close,https://www.msn.com/en-us/money/markets/us-stocks-flat-as-rollercoaster-2020-comes-to-a-close/ar-BB1cnDt1,msn.com,English,0.0,gdelt_gkg
COIN,2020-12-31,US exchanges are suspending or delisting XRP left and right,https://cointelegraph.com/news/us-exchanges-are-suspending-or-delisting-xrp-left-and-right,cointelegraph.com,English,0.0,gdelt_gkg
COIN,2020-12-31,El bitcoin rompe los 29 . 000 dólares tras un festival que cuadriplica su valor,https://www.finanzas.com/mercado-divisas/el-bitcoin-rompe-los-29-000-dolares-tras-un-festival-que-cuadriplica-su-valor_20114131_102.html,finanzas.com,Spanish,0.0,gdelt_gkg
COIN,2020-12-31,Coinbase CEO Urges Users to Oppose  Onerou FinCEN Regulation Change,https://decrypt.co/52924/coinbase-ceo-urges-users-to-oppose-onerous-fincen-regulation-change,decrypt.co,English,0.0,gdelt_gkg
COIN,2020-12-31,XRP Collapse Described as Third Largest Crash in History,https://insidebitcoins.com/news/xrps-collapse-described-as-third-largest-crash-in-history,insidebitcoins.com,English,0.0,gdelt_gkg
COIN,2020-12-31,S . F . cryptocurrency firm Coinbase sued in federal court - San Francisco Business Times,https://www.bizjournals.com/sanfrancisco/news/2020/12/31/s-f-cryptocurrency-coinbase-ripple-sec-lawsuit.html,bizjournals.com,English,0.0,gdelt_gkg
COIN,2020-12-31,XRP delisted on more platforms following SEC Ripple complaint,https://www.businessinsider.in/stock-market/news/xrp-delisted-on-more-platforms-following-secs-ripple-complaint/articleshow/80048490.cms,businessinsider.in,English,0.0,gdelt_gkg
COIN,2020-12-31,Xapo Will Stop Its Services To US Customers Soon,https://insidebitcoins.com/news/xapo-will-stop-its-services-to-us-customers-soon,insidebitcoins.com,English,0.0,gdelt_gkg
COIN,2020-12-31,Can You Cancel or Reverse Bitcoin Transaction ? ,https://www.coinspeaker.com/cancel-bitcoin-transaction/,coinspeaker.com,English,0.0,gdelt_gkg
COIN,2020-12-31,Teddy Fusaro : Why Crypto Crosses  The Chasm  in a Post - Coronavirus World,https://www.coindesk.com/crypto-crosses-chasm-post-coronavirus-world,coindesk.com,English,0.0,gdelt_gkg
COIN,2020-12-31,Opinion | Bosses : Consider Caring a Bit,https://www.nytimes.com/2020/12/31/opinion/work-boss-employee-relationship.html,nytimes.com,English,0.0,gdelt_gkg
COIN,2020-12-31,S . F . cryptocurrency firm Coinbase sued in federal court - Silicon Valley Business Journal,https://www.bizjournals.com/sanjose/news/2020/12/31/s-f-cryptocurrency-coinbase-ripple-sec-lawsuit.html,bizjournals.com,English,0.0,gdelt_gkg
COIN,2020-12-31,XRP delisted on more platforms following SEC Ripple complaint,http://www.msn.com/en-us/money/markets/xrp-delisted-on-more-platforms-following-sec-s-ripple-complaint/ar-BB1cnzMO,msn.com,English,0.0,gdelt_gkg
COIN,2020-12-31,Why 2021 Offers New Hope for the Stock Market,https://www.barrons.com/articles/why-2021-offers-new-hope-for-the-stock-market-51609420455,barrons.com,English,0.0,gdelt_gkg
COIN,2020-12-31,XRP delisted on more platforms following SEC Ripple complaint,https://www.msn.com/en-us/money/markets/xrp-delisted-on-more-platforms-following-sec-s-ripple-complaint/ar-BB1cnzMO,msn.com,English,0.0,gdelt_gkg
COIN,2020-12-31,Sizzling US stock markets await next leg of record IPO run in 2021,https://www.livemint.com/market/ipo/sizzling-us-stock-markets-await-next-leg-of-record-ipo-run-in-2021-11609418713807.html,livemint.com,English,0.0,gdelt_gkg
COIN,2020-12-31,Binance to delist Ripple XRP cryptocurrency due to SEC lawsuit,https://siliconangle.com/2020/12/30/binance-delist-ripples-xrp-cryptocurrency-due-sec-lawsuit/,siliconangle.com,English,0.0,gdelt_gkg
COIN,2020-12-31,"Top 3 Price Prediction Bitcoin , Ethereum , Ripple : BTC blasts above $29 , 000 , XRP claws back some ground",https://www.forexcrunch.com/top-3-price-prediction-bitcoin-ethereum-ripple-btc-blasts-above-29000-xrp-claws-back-some-ground/,forexcrunch.com,English,0.0,gdelt_gkg
COIN,2020-12-31,Top Crypto Players Urge Users To Speak Against FinCEN Wallet Rule,https://insidebitcoins.com/news/top-crypto-players-urge-users-to-speak-against-fincen-wallet-rule,insidebitcoins.com,English,0.0,gdelt_gkg
COIN,2020-12-31,Sasha Ivanov : Crypto Dollars and CBDCs Do Battle,https://www.coindesk.com/crypto-dollars-and-cbdcs-the-battle-to-come,coindesk.com,English,0.0,gdelt_gkg
COIN,2020-12-31,"Cryptocurrency startup underpaid women and Black employees , data shows",http://www.dailypress.com/consumer-reviews/sns-nyt-coinbase-pay-employees-20201230-p7tyalhr7japheuhvurhrorjee-story.html,dailypress.com,English,0.0,gdelt_gkg
COIN,2020-12-31,"Bitcoin touches US$29 , 000 for another high in banner year",https://www.businesstimes.com.sg/banking-finance/bitcoin-touches-us29000-for-another-high-in-banner-year,businesstimes.com.sg,English,0.0,gdelt_gkg
COIN,2020-12-31,Has the OCC become too politicized ? ,https://www.americanbanker.com/news/has-the-occ-become-too-politicized,americanbanker.com,English,0.0,gdelt_gkg
COIN,2020-12-31,"Bitcoin touches US$29 , 000 for fresh record high in banner year",https://www.bnnbloomberg.ca/bitcoin-touches-us-29-000-for-fresh-record-high-in-banner-year-1.1542497,bnnbloomberg.ca,English,0.0,gdelt_gkg
COIN,2020-12-31,Coinbase sued by US California federal court for illegal XRP sales,https://www.forexcrunch.com/coinbase-sued-by-us-california-federal-court-for-illegal-xrp-sales/,forexcrunch.com,English,0.0,gdelt_gkg
COIN,2020-12-31,"Make your voice heard Share your thoughts on the new proposed crypto rules directly with the U . S . Department of Treasury | by Coinbase | Dec , 2020",https://blog.coinbase.com/make-your-voice-heard-share-your-thoughts-on-the-new-proposed-crypto-rules-directly-with-the-u-s-a707467c2697?gi=90cb446ff51d,blog.coinbase.com,English,0.0,gdelt_gkg
COIN,2020-12-31,"Bitcoin surges above US$29 , 000 for another high in banner year",https://www.straitstimes.com/business/banking/bitcoin-surges-above-us29000-for-another-high-in-banner-year,straitstimes.com,English,0.0,gdelt_gkg
COIN,2020-12-31,"Cryptocurrency startup underpaid women and Black employees , data shows",http://www.courant.com/consumer-reviews/sns-nyt-coinbase-pay-employees-20201230-p7tyalhr7japheuhvurhrorjee-story.html,courant.com,English,0.0,gdelt_gkg
COIN,2020-12-31,"Bitcoin touches $29 , 000 for another high in banner year",https://tech.hindustantimes.com/tech/news/bitcoin-touches-29-000-for-another-high-in-banner-year-71609382568698.html,tech.hindustantimes.com,English,0.0,gdelt_gkg
COIN,2020-12-31,"As The Bitcoin Price Surges , Coinbase CEO Brian Armstrong Issues  Worrying  Bitcoin And Crypto Warning",https://forextv.com/bitcoin-news/as-the-bitcoin-price-surges-coinbase-ceo-brian-armstrong-issues-worrying-bitcoin-and-crypto-warning/,forextv.com,English,0.0,gdelt_gkg
COIN,2020-12-31,Record IPO surge set to roll on in 2021,https://www.livemint.com/market/ipo/record-ipo-surge-set-to-roll-on-in-2021-11609383777130.html,livemint.com,English,0.0,gdelt_gkg
COIN,2020-12-31,"As The Bitcoin Price Surges , Coinbase CEO Brian Armstrong Issues  Worrying  Bitcoin And Crypto Warning",https://www.forbes.com/sites/billybambrough/2021/12/31/as-the-bitcoin-price-surges-coinbase-ceo-brian-armstrong-issues-worrying-bitcoin-and-crypto-warning/,forbes.com,English,0.0,gdelt_gkg
COIN,2020-12-31,"bitcoin price : Bitcoin touches $29 , 000 for another high in banner year",https://economictimes.indiatimes.com/markets/stocks/news/bitcoin-touches-29000-for-another-high-in-banner-year/articleshow/80041193.cms,economictimes.indiatimes.com,English,0.0,gdelt_gkg
COIN,2020-12-31,US stocks flat as rollercoaster 2020 comes to a close,https://www.businessinsider.in/stock-market/news/us-stocks-flat-as-rollercoaster-2020-comes-to-a-close/articleshow/80049533.cms,businessinsider.in,English,0.0,gdelt_gkg
COIN,2020-12-31,Coinbase sued by US California federal court for illegal XRP sales,https://www.fxstreet.com/cryptocurrencies/news/coinbase-sued-by-us-california-federal-court-for-illegal-xrp-sales-202012302234,fxstreet.com,English,0.0,gdelt_gkg
COIN,2020-12-31,"Breaking : Bitcoin price hits new all - time high at $28 , 900",https://www.fxstreet.com/cryptocurrencies/news/breaking-bitcoin-price-hits-new-all-time-high-at-28-900-202012301912,fxstreet.com,English,0.0,gdelt_gkg
COIN,2020-12-31,"Ripple Assails the SEC , Claims the $1 . 3 billion Lawsuit is an  Attack on the Entire Crypto Industry Here in the United States  ",https://news.bitcoin.com/ripple-assails-the-sec-claims-the-1-3-billion-lawsuit-is-an-attack-on-the-entire-crypto-industry-here-in-the-united-states/,news.bitcoin.com,English,0.0,gdelt_gkg
COIN,2020-12-31,"Bitcoin rises above $29 , 000 after climbing 50 % in December",https://www.thenationalnews.com/business/markets/bitcoin-rises-above-29-000-after-climbing-50-in-december-1.1138124,thenationalnews.com,English,0.0,gdelt_gkg
COIN,2020-12-31,Bitcoin touches $29 000 for another high in banner year,https://www.moneyweb.co.za/news/markets/bitcoin-touches-29-000-for-another-high-in-banner-year/,moneyweb.co.za,English,0.0,gdelt_gkg
COIN,2021-01-01,Bittrex Delivers XRP Following SEC Ripple Litigation,https://www.explica.co/bittrex-delivers-xrp-following-sec-ripple-litigation/,explica.co,English,0.0,gdelt_gkg
COIN,2021-01-01,NYT Out to Get Coinbase for Crimethink | Blog Posts,https://vdare.com/posts/nyt-out-to-get-coinbase-for-crimethink,vdare.com,English,0.0,gdelt_gkg
COIN,2021-01-01,Coinbase Sued For Helping Ripple Raise Billions by Selling XRP,https://btcmanager.com/coinbase-ripple-raise-billions-selling-xrp/,btcmanager.com,English,0.0,gdelt_gkg
COIN,2021-01-01,Bitcoin whale clusters pinpoint key support level for the rally to continue,https://cointelegraph.com/news/bitcoin-whale-clusters-pinpoint-key-support-level-for-the-rally-to-continue,cointelegraph.com,English,0.0,gdelt_gkg
COIN,2021-01-01,Banca Generali Invests In Bitcoin Custody Service As Institutions Warm To Crypto,https://www.forbes.com/sites/lawrencewintermeyer/2020/12/15/banca-generali-invests-in-bitcoin-custody-service-as-institutions-warm-to-crypto/,forbes.com,English,0.0,gdelt_gkg
COIN,2021-01-01,Closing Out 2020 / Onward to 2021 : FocusedinmyForties Personal Finance Blog,https://focusedinmyforties.savingadvice.com/2021/01/01/closing-out-2020onward-to-2021_221865/,focusedinmyforties.savingadvice.com,English,0.0,gdelt_gkg
COIN,2021-01-01,"Bitcoin vaults pass US$29 , 000 for a new record",https://www.thestar.com.my/business/business-news/2021/01/01/bitcoin-vaults-pass-us29000-for-a-new-record,thestar.com.my,English,0.0,gdelt_gkg
