ticker,date,title,url,domain,language,tone,source
TSLA,2025-03-01,Elon Musk has lost more money in just 2 months than Mukesh Ambani entire lifetime earnings of Rs .... ,https://www.india.com/business/elon-musk-has-lost-more-money-in-just-2-months-than-mukesh-ambanis-entire-lifetime-earnings-of-rs-reliance-industries-wall-street-tesla-amazon-jeff-bezos-mark-zuckerberg-7648740/,india.com,English,0.0,gdelt_gkg
TSLA,2025-03-01,"Auto Klub - BYD i Tesla su tradicionalno vruća roba , ali se sada isplati kladiti na Volkswagen , Mercedes , BMW ... ",https://www.jutarnji.hr/autoklub/aktualno/byd-i-tesla-su-tradicionalno-vruca-roba-ali-se-sada-isplati-kladiti-na-volkswagen-mercedes-bmw-15558481,jutarnji.hr,Croatian,0.0,gdelt_gkg
TSLA,2025-03-01,MG new premium electric SUV caught on Tesla camera,https://www.centralwesterndaily.com.au/story/8905737/mgs-new-premium-electric-suv-caught-on-tesla-camera/?cs=34616,centralwesterndaily.com.au,English,0.0,gdelt_gkg
TSLA,2025-03-01,Cuáles son las 20 marcas de autos que más se venden en el mundo,https://www.infobae.com/economia/2025/03/01/cuales-son-las-20-marcas-de-autos-que-mas-se-venden-en-el-mundo/,infobae.com,Spanish,0.0,gdelt_gkg
TSLA,2025-03-01,MG new premium electric SUV caught on Tesla camera,https://www.macleayargus.com.au/story/8905737/mgs-new-premium-electric-suv-caught-on-tesla-camera/?cs=34616,macleayargus.com.au,English,0.0,gdelt_gkg
TSLA,2025-03-01,Latest Articles,https://freerepublic.com/tag/*/index?more=4301396,freerepublic.com,English,0.0,gdelt_gkg
TSLA,2025-03-01, _ 东百集团 ( 600693 ) 股吧 _ 东方财富网股吧,"http://guba.eastmoney.com/o/news,600693,1522815012.html",guba.eastmoney.com,Chinese,0.0,gdelt_gkg
TSLA,2025-03-01,Oregon State University Strengthens Ties with South Korea  Future Innovation Leaders  ,https://www.finanznachrichten.de/nachrichten-2025-03/64701652-oregon-state-university-strengthens-ties-with-south-korea-s-future-innovation-leaders-200.htm,finanznachrichten.de,English,0.0,gdelt_gkg
TSLA,2025-03-01,"Elon Musk to open Tesla first showroom in India at ..., monthly rent to be …, second showroom to open in … ",https://www.india.com/business/elon-musk-to-open-teslas-first-showroom-in-india-at-mumbai-bandra-kurla-complex-monthly-rent-to-be-second-showroom-to-open-in-delhi-aerocity-7648991/,india.com,English,0.0,gdelt_gkg
TSLA,2025-03-01,Cómo Elon Musk se hizo ciudadano de Estados Unidos – Telemundo Chicago,https://www.telemundochicago.com/noticias/eeuu/como-logro-elon-musk-la-ciudadania-en-estados-unidos/2534202/,telemundochicago.com,Spanish,0.0,gdelt_gkg
TSLA,2025-03-01,"Dick Spotswood : Marin Tesla protest targets erratic actions of Musk , Trump",https://www.marinij.com/2025/03/01/dick-spotswood-marin-tesla-protest-targets-erratic-actions-of-musk-trump/,marinij.com,English,0.0,gdelt_gkg
TSLA,2025-03-01,80 % des propriétaires de Tesla au Québec veulent se dissocier dElon Musk 106 . 9 Mauricie,https://www.fm1069.ca/nouvelles/682045/80-des-proprietaires-de-tesla-au-quebec-veulent-se-dissocier-d-elon-musk,fm1069.ca,French,0.0,gdelt_gkg
TSLA,2025-03-01,MG new premium electric SUV caught on Tesla camera,https://www.gleninnesexaminer.com.au/story/8905737/mgs-new-premium-electric-suv-caught-on-tesla-camera/?cs=34616,gleninnesexaminer.com.au,English,0.0,gdelt_gkg
TSLA,2025-03-01,"Clash of Titans : Trump , Vance , and Musk Locked in High - Stakes Battle for Influence and Supremacy",https://naija247news.com/2025/03/01/clash-of-titans-trump-vance-and-musk-locked-in-high-stakes-battle-for-influence-and-supremacy/,naija247news.com,English,0.0,gdelt_gkg
TSLA,2025-03-01,MG new premium electric SUV caught on Tesla camera,https://www.wellingtontimes.com.au/story/8905737/mgs-new-premium-electric-suv-caught-on-tesla-camera/?cs=34616,wellingtontimes.com.au,English,0.0,gdelt_gkg
TSLA,2025-03-01,"Trump objected to Zelenskyy tone and body language in Oval Office clash , White House says",https://www.nbcchicago.com/news/business/money-report/trump-objected-to-zelenskyys-tone-and-body-language-in-oval-office-clash-white-house-says/3686305/,nbcchicago.com,English,0.0,gdelt_gkg
TSLA,2025-03-01,tesla model c | NextBigFuture . com,https://www.nextbigfuture.com/tag/tesla-model-c,nextbigfuture.com,English,0.0,gdelt_gkg
TSLA,2025-03-01,teslamodel q | NextBigFuture . com,https://www.nextbigfuture.com/tag/teslamodel-q,nextbigfuture.com,English,0.0,gdelt_gkg
TSLA,2025-03-01,Nobel de economia diz que  capitalismo de compadre de Trump pode levar à quebra da bolsa nos EUA,https://www.estadao.com.br/economia/nobel-de-economia-diz-que-capitalismo-de-compadres-de-trump-pode-levar-a-quebra-da-bolsa-nos-eua/,estadao.com.br,Portuguese,0.0,gdelt_gkg
TSLA,2025-03-01,MG new premium electric SUV caught on Tesla camera,https://www.ulladullatimes.com.au/story/8905737/mgs-new-premium-electric-suv-caught-on-tesla-camera/?cs=34616,ulladullatimes.com.au,English,0.0,gdelt_gkg
TSLA,2025-03-01,80 % des propriétaires de Tesla au Québec veulent se dissocier dElon Musk 107 . 7 Estrie,https://www.fm1077.ca/nouvelles/682045/80-des-proprietaires-de-tesla-au-quebec-veulent-se-dissocier-d-elon-musk,fm1077.ca,French,0.0,gdelt_gkg
TSLA,2025-03-01,"Colorado Black Man Called Racial Slur at Wyndham Hotel , Branded  Aggressive  While Trying to Use Restroom Cops Called on Him Twice Just for Complaining , Lawsuit Alleges",https://atlantablackstar.com/2025/03/01/black-man-sues-hotel-after-white-clerk-calls-him-racial-slur-then-supervisor-calls-cops-to-report-him-for-trespassing-after-he-tried-to-file-a-complaint/,atlantablackstar.com,English,0.0,gdelt_gkg
TSLA,2025-03-01,Trump at war,https://tribune.com.pk/story/2531724/trump-at-war,tribune.com.pk,English,0.0,gdelt_gkg
TSLA,2025-03-01,MG new premium electric SUV caught on Tesla camera,https://www.blayneychronicle.com.au/story/8905737/mgs-new-premium-electric-suv-caught-on-tesla-camera/?cs=34616,blayneychronicle.com.au,English,0.0,gdelt_gkg
TSLA,2025-03-01,MG new premium electric SUV caught on Tesla camera,https://www.cootamundraherald.com.au/story/8905737/mgs-new-premium-electric-suv-caught-on-tesla-camera/?cs=34616,cootamundraherald.com.au,English,0.0,gdelt_gkg
TSLA,2025-03-01,Elon Musk papa pour la 14ème fois : le petit garçon a un prénom spartiate et on y comprend rien,https://www.closermag.fr/people/elon-musk-papa-pour-la-14eme-fois-le-petit-garcon-a-un-prenom-spartiate-et-on-y-comprend-rien-3523325,closermag.fr,French,0.0,gdelt_gkg
TSLA,2025-03-01,MG new premium electric SUV caught on Tesla camera,https://www.nynganobserver.com.au/story/8905737/mgs-new-premium-electric-suv-caught-on-tesla-camera/?cs=34616,nynganobserver.com.au,English,0.0,gdelt_gkg
TSLA,2025-03-01,MG new premium electric SUV caught on Tesla camera,https://www.naroomanewsonline.com.au/story/8905737/mgs-new-premium-electric-suv-caught-on-tesla-camera/?cs=34616,naroomanewsonline.com.au,English,0.0,gdelt_gkg
TSLA,2025-03-01,Inversión de 5 mil millones en pausa,https://www.elmanana.com/noticias/nacional/inversion-de-5-mil-millones-en-pausa/5952289,elmanana.com,Spanish,0.0,gdelt_gkg
TSLA,2025-03-01,"Elon Musk pierde $22 , 200 millones tras caída de Tesla",https://laopinion.com/2025/03/01/elon-musk-pierde-22200-millones-tras-caida-de-tesla/,laopinion.com,Spanish,0.0,gdelt_gkg
TSLA,2025-03-01,MG new premium electric SUV caught on Tesla camera,https://www.canberratimes.com.au/story/8905737/mgs-new-premium-electric-suv-caught-on-tesla-camera/?cs=34616,canberratimes.com.au,English,0.0,gdelt_gkg
TSLA,2025-03-01,MG new premium electric SUV caught on Tesla camera,https://www.gloucesteradvocate.com.au/story/8905737/mgs-new-premium-electric-suv-caught-on-tesla-camera/?cs=34616,gloucesteradvocate.com.au,English,0.0,gdelt_gkg
TSLA,2025-03-01,MG new premium electric SUV caught on Tesla camera,https://www.illawarramercury.com.au/story/8905737/mgs-new-premium-electric-suv-caught-on-tesla-camera/?cs=34616,illawarramercury.com.au,English,0.0,gdelt_gkg
TSLA,2025-03-01,"텍사스 , 제2의 실리콘 밸리 .. 테슬라 · 애플 · 메타 … 빅테크 새  중심지  ",https://www.radioseoul1650.com/archives/75555,radioseoul1650.com,Korean,0.0,gdelt_gkg
TSLA,2025-03-01,MG new premium electric SUV caught on Tesla camera,https://www.merimbulanewsweekly.com.au/story/8905737/mgs-new-premium-electric-suv-caught-on-tesla-camera/?cs=34616,merimbulanewsweekly.com.au,English,0.0,gdelt_gkg
TSLA,2025-03-01,Conexión Ganadera : tras la ruta del dinero de una democrática estafa,https://www.carasycaretas.com.uy/politica/conexion-ganadera-la-ruta-del-dinero-una-democratica-estafa-n82264,carasycaretas.com.uy,Spanish,0.0,gdelt_gkg
TSLA,2025-03-01,"She Hoped Trump Victory Would Change Her Life , but Not Like This",https://drudge.com/news/281876/she-hoped-trumps-victory-would-change-her,drudge.com,English,0.0,gdelt_gkg
TSLA,2025-03-01,  Lead with fear : MAGA and the role of book bans in fascism and authoritarianism,https://www.alternet.org/samira-ahmed-books-velshi-msnbc/,alternet.org,English,0.0,gdelt_gkg
TSLA,2025-03-01,Vivian Wilson calls out the Christian Post for misgendering her,https://www.thepinknews.com/2025/03/01/elon-musks-trans-daughter-vivian-wilson-calls-out-the-christian-post-for-misgendering-her/,thepinknews.com,English,0.0,gdelt_gkg
TSLA,2025-03-01,美股三大指數尾段飈 倒升收市 - 20250302 - 經濟,https://news.mingpao.com/pns/%E7%B6%93%E6%BF%9F/article/20250302/s00004/1740848752566/%E7%BE%8E%E8%82%A1%E4%B8%89%E5%A4%A7%E6%8C%87%E6%95%B8%E5%B0%BE%E6%AE%B5%E9%A3%88-%E5%80%92%E5%8D%87%E6%94%B6%E5%B8%82,news.mingpao.com,Chinese,0.0,gdelt_gkg
TSLA,2025-03-01,"El parto no es divertido , pero es necesario : Los republicanos en CPAC ignoran la ira de los votantes hacia Musk – Periódico HOY",https://www.hoy.com.ni/2025/03/01/el-parto-no-es-divertido-pero-es-necesario-los-republicanos-en-cpac-ignoran-la-ira-de-los-votantes-hacia-musk/,hoy.com.ni,Spanish,0.0,gdelt_gkg
TSLA,2025-03-01,Lautopilot de Tesla montre des difficultés à sadapter à la Chine,https://www.macg.co/mobilites/2025/03/lautopilot-de-tesla-montre-des-difficultes-sadapter-la-chine-300137,macg.co,French,0.0,gdelt_gkg
TSLA,2025-03-01,Palo Alto city council debate : Should we avoid making Trump angry ? ,https://www.paloaltoonline.com/blogs/2025/03/01/palo-alto-city-council-debate-should-we-avoid-making-trump-angry/,paloaltoonline.com,English,0.0,gdelt_gkg
TSLA,2025-03-01,MG new premium electric SUV caught on Tesla camera,https://www.braidwoodtimes.com.au/story/8905737/mgs-new-premium-electric-suv-caught-on-tesla-camera/?cs=34616,braidwoodtimes.com.au,English,0.0,gdelt_gkg
TSLA,2025-03-01,Cómo Elon Musk se hizo ciudadano de Estados Unidos – Telemundo McAllen ( 40 ) ,https://www.telemundo40.com/noticias/eeuu/como-logro-elon-musk-la-ciudadania-en-estados-unidos/2428473/,telemundo40.com,Spanish,0.0,gdelt_gkg
TSLA,2025-03-01,MG new premium electric SUV caught on Tesla camera,https://www.westernadvocate.com.au/story/8905737/mgs-new-premium-electric-suv-caught-on-tesla-camera/?cs=34616,westernadvocate.com.au,English,0.0,gdelt_gkg
TSLA,2025-03-01,MG new premium electric SUV caught on Tesla camera,https://www.hardenexpress.com.au/story/8905737/mgs-new-premium-electric-suv-caught-on-tesla-camera/?cs=34616,hardenexpress.com.au,English,0.0,gdelt_gkg
TSLA,2025-03-01,MG new premium electric SUV caught on Tesla camera,https://www.moreechampion.com.au/story/8905737/mgs-new-premium-electric-suv-caught-on-tesla-camera/?cs=34616,moreechampion.com.au,English,0.0,gdelt_gkg
TSLA,2025-03-01,MG new premium electric SUV caught on Tesla camera,https://www.portstephensexaminer.com.au/story/8905737/mgs-new-premium-electric-suv-caught-on-tesla-camera/?cs=34616,portstephensexaminer.com.au,English,0.0,gdelt_gkg
TSLA,2025-03-01,MG new premium electric SUV caught on Tesla camera,https://www.hawkesburygazette.com.au/story/8905737/mgs-new-premium-electric-suv-caught-on-tesla-camera/?cs=34616,hawkesburygazette.com.au,English,0.0,gdelt_gkg
TSLA,2025-03-01,Teachers Union Leader Aims to Hit Elon Musk Where It Hurts,https://biztoc.com/x/f7cb1f7abbb00aa6,biztoc.com,English,0.0,gdelt_gkg
TSLA,2025-03-01,"Trump objected to Zelenskyy tone and body language in Oval Office clash , White House says",https://www.nbcbayarea.com/news/business/money-report/trump-objected-to-zelenskyys-tone-and-body-language-in-oval-office-clash-white-house-says/3806186/,nbcbayarea.com,English,0.0,gdelt_gkg
TSLA,2025-03-01,Crowd lines road near Tesla center in Dayton area to protest Musk,https://www.springfieldnewssun.com/local/crowd-lines-road-near-tesla-center-in-dayton-area-to-protest-musk/ZSO6B67QHZAPDLEARUX7EE3XZQ/,springfieldnewssun.com,English,0.0,gdelt_gkg
TSLA,2025-03-01,Otvorena izložba koja prikazuje Teslino djetinjstvo i Steinerovu ostavštinu,https://www.varazdinske-vijesti.hr/aktualno/otvorena-izlozba-koja-prikazuje-teslino-djetinjstvo-i-steinerovu-ostavstinu-90818,varazdinske-vijesti.hr,Croatian,0.0,gdelt_gkg
TSLA,2025-03-01,Mundo tem 24  superbilionários  com fortunas acima de US$ 50 bilhões,https://www.correiodopovo.com.br/not%c3%adcias/mundo/mundo-tem-24-superbilion%c3%a1rios-com-fortunas-acima-de-us-50-bilh%c3%b5es-1.1584419,correiodopovo.com.br,Portuguese,0.0,gdelt_gkg
TSLA,2025-03-01,Governo Trump intensifica avaliao de desempenho de funcionários federais,https://www.investimentosenoticias.com.br/noticias/politica/governo-trump-envia-nova-rodada-de-e-mails-a-funcionarios-federais/,investimentosenoticias.com.br,Portuguese,0.0,gdelt_gkg
TSLA,2025-03-01,Elon Musk Issues New Order Over DOGE Ultimatum,https://biztoc.com/x/2cdbbbfba0ca8e7e,biztoc.com,English,0.0,gdelt_gkg
TSLA,2025-03-01,80 % des propriétaires de Tesla au Québec veulent se dissocier dElon Musk 96 . 9 CKOI,https://www.ckoi.com/nouvelles/682045/80-des-proprietaires-de-tesla-au-quebec-veulent-se-dissocier-d-elon-musk,ckoi.com,French,0.0,gdelt_gkg
TSLA,2025-03-01,Alphabet Inc . ( NASDAQ : GOOG ): Enroute to $10 Trillion ? ,https://www.insidermonkey.com/blog/alphabet-inc-nasdaqgoog-enroute-to-10-trillion-1468729/,insidermonkey.com,English,0.0,gdelt_gkg
TSLA,2025-03-01,Latest Articles,https://freerepublic.com/tag/*/index?more=4301388,freerepublic.com,English,0.0,gdelt_gkg
TSLA,2025-03-01,MG new premium electric SUV caught on Tesla camera,https://www.bunburymail.com.au/story/8905737/mgs-new-premium-electric-suv-caught-on-tesla-camera/?cs=34616,bunburymail.com.au,English,0.0,gdelt_gkg
TSLA,2025-03-01,Where Will Rivian Stock Be in 5 Years ? | The Motley Fool,https://www.fool.com/investing/2025/03/01/where-will-rivian-stock-be-in-5-years/?source=iedfolrf0000001,fool.com,English,0.0,gdelt_gkg
TSLA,2025-03-01,MG new premium electric SUV caught on Tesla camera,https://www.busseltonmail.com.au/story/8905737/mgs-new-premium-electric-suv-caught-on-tesla-camera/?cs=34616,busseltonmail.com.au,English,0.0,gdelt_gkg
TSLA,2025-03-01,Mundo tem 24  superbilionário com fortunas acima de US$ 50 bilhões | Mundo e Ciência,https://odia.ig.com.br/mundo-e-ciencia/2025/03/7013486-mundo-tem-24-superbilionarios-com-fortunas-acima-de-uss-50-bilhoes.html,odia.ig.com.br,Portuguese,0.0,gdelt_gkg
TSLA,2025-03-01,Les fonctionnaires US à nouveau enjoints de justifier leur travail,https://www.rtn.ch/rtn/Actualite/economie/Les-fonctionnaires-US-a-nouveau-enjoints-de-justifier-leur-travail.html,rtn.ch,French,0.0,gdelt_gkg
TSLA,2025-03-01,Rusning till bojkottsgruppen efter bråket i Vita huset,https://www.aftonbladet.se/nyheter/a/3MwPKq/rusning-till-bojkottsgruppen-efter-braket-i-vita-huset,aftonbladet.se,Swedish,0.0,gdelt_gkg
TSLA,2025-03-01,Tu próximo auto podría ser mucho más caro la semana próxima si Trump cumple con su amenaza arancelaria,https://cnnespanol.cnn.com/2025/03/01/eeuu/proximo-auto-mas-caro-aranceles-trump-trax,cnnespanol.cnn.com,Spanish,0.0,gdelt_gkg
TSLA,2025-03-01,"Trump objected to Zelenskyy tone and body language in Oval Office clash , White House says",https://www.nbcphiladelphia.com/news/business/money-report/trump-objected-to-zelenskyys-tone-and-body-language-in-oval-office-clash-white-house-says/4122332/,nbcphiladelphia.com,English,0.0,gdelt_gkg
TSLA,2025-03-01,Federal workers can be allies in search for government efficiencies,https://www.bangordailynews.com/2025/03/01/opinion/opinion-contributor/federal-workers-can-be-adversaries-in-search-for-government-efficiencies/,bangordailynews.com,English,0.0,gdelt_gkg
TSLA,2025-03-01,Роботи с ИИ стават болногледачи на стари хора в Япония,https://www.dnes.bg/a/2-svyat/671301-roboti-s-ii-stavat-bolnogledachi-na-stari-hora-v-yaponiya,dnes.bg,Bulgarian,0.0,gdelt_gkg
TSLA,2025-03-01,"  EUA estão virando cada vez mais uma oligarquia , com Trump e Musk no centro  ",https://www.correiobraziliense.com.br/mundo/2025/03/7074047-eua-estao-virando-cada-vez-mais-uma-oligarquia-com-trump-e-musk-no-centro.html,correiobraziliense.com.br,Portuguese,0.0,gdelt_gkg
TSLA,2025-03-01,Crowd lines road near Tesla center in Dayton area to protest Musk,https://www.yahoo.com/news/crowd-lines-road-near-tesla-193200157.html,yahoo.com,English,0.0,gdelt_gkg
TSLA,2025-03-01,Herojstvo o kojem se govori u Austriji : Bosanac spasio djevojku ispred nadolazećeg voza,https://www.oslobodjenje.ba/vijesti/bih/herojstvo-o-kojem-se-govori-u-austriji-bosanac-spasio-djevojku-ispred-nadolazeceg-voza-1024807/,oslobodjenje.ba,Croatian,0.0,gdelt_gkg
TSLA,2025-03-01,Opinion : Why DEI is worth fighting for,http://www.milfordmirror.com/opinion/article/dei-breunig-ct-trump-20196165.php,milfordmirror.com,English,0.0,gdelt_gkg
TSLA,2025-03-01,Opinion : Why DEI is worth fighting for,http://www.theridgefieldpress.com/opinion/article/dei-breunig-ct-trump-20196165.php,theridgefieldpress.com,English,0.0,gdelt_gkg
TSLA,2025-03-01,Elon Musk sigue ampliando su familia : conozca a su hijo número 14 y su nombre,https://www.nacion.com/viva/elon-musk-sigue-ampliando-su-familia-conozca-a-su/QGD3DSZRONGTLFZWX7XDXVYXBA/story/,nacion.com,Spanish,0.0,gdelt_gkg
TSLA,2025-03-01,Cumple dos años anuncio de Tesla ; planta  se esfuma  ,https://planoinformativo.com/1059150/cumple-dos-anos-anuncio-de-tesla-planta-se-esfuma,planoinformativo.com,Spanish,0.0,gdelt_gkg
TSLA,2025-03-01,Euroopan sähköautomarkkina meni laakista uusiksi – Saksalaiset yllättivät,https://www.tivi.fi/uutiset/tv/2e3cdeb9-5684-47c1-8075-c51efad568e8,tivi.fi,Finnish,0.0,gdelt_gkg
TSLA,2025-03-01,Mundo tem 24  superbilionário com fortunas acima de US$ 50 bi ; adivinhe quem é o nº 1,https://www.canalrural.com.br/economia/mundo-tem-24-superbilionarios-com-fortunas-acima-de-us-50-bi-adivinhe-quem-e-o-no-1/,canalrural.com.br,Portuguese,0.0,gdelt_gkg
TSLA,2025-03-01,Federal workers hit with second wave of emails demanding job details,https://www.yahoo.com/news/federal-workers-hit-second-wave-191419029.html,yahoo.com,English,0.0,gdelt_gkg
TSLA,2025-03-01,"Trump objected to Zelenskyy tone and body language in Oval Office clash , White House says",https://www.nbclosangeles.com/news/business/money-report/trump-objected-to-zelenskyys-tone-and-body-language-in-oval-office-clash-white-house-says/3643917/,nbclosangeles.com,English,0.0,gdelt_gkg
TSLA,2025-03-01,80 % des propriétaires de Tesla au Québec veulent se dissocier dElon Musk FM93,https://www.fm93.com/nouvelles/682045/80-des-proprietaires-de-tesla-au-quebec-veulent-se-dissocier-d-elon-musk,fm93.com,French,0.0,gdelt_gkg
TSLA,2025-03-01,新款凯迪拉克CT5上市 ， 性价比凸显 ， 能否挑战宝马3系地位 ？- 智能汽车 - ITBear科技资讯,http://www.itbear.com.cn/html/2025-03/735555.html,itbear.com.cn,Chinese,0.0,gdelt_gkg
TSLA,2025-03-01,Bill Maher Slams Trump – Zelenskyy Meeting :  The Real Housewives of the White House  | Entertainment,https://www.the-messenger.com/lifestyles/entertainment/article_7c3e633e-b8d6-53f3-b39b-282a41adbf2c.html,the-messenger.com,English,0.0,gdelt_gkg
TSLA,2025-03-01,Service Nightmares Leave Lucid Owner Considering Ditching $100K EV,https://www.carscoops.com/2025/03/service-nightmares-leave-lucid-owner-considering-ditching-100k-ev/,carscoops.com,English,0.0,gdelt_gkg
TSLA,2025-03-01,Activistas demócratas critican a su partido por postura ante Trump,https://www.omnia.com.mx/noticia/363189/activistas-democratas-critican-a-su-partido-por-postura-ante-trump,omnia.com.mx,Spanish,0.0,gdelt_gkg
TSLA,2025-03-01,"Suomalainen Johannes myy 105 000 eurolla Teslan Model X :  , ajettu alle 30 000 km :  En usko , että menee kaupaksi  ",https://www.tekniikkatalous.fi/uutiset/tt/ce266eb4-ff05-42f4-b48c-62c081b4189a,tekniikkatalous.fi,Finnish,0.0,gdelt_gkg
TSLA,2025-03-01,Activistas demócratas critican a su partido por postura ante Trump,https://www.proceso.com.mx/internacional/2025/3/1/activistas-democratas-critican-su-partido-por-postura-ante-trump-346507.html,proceso.com.mx,Spanish,0.0,gdelt_gkg
TSLA,2025-03-01,"Elon Musk da la bienvenida a su decimocuarto hijo , Seldon Lycurgus",https://www.midiario.com/mundo/elon-musk-da-la-bienvenida-a-su-decimocuarto-hijo-seldon-lycurgus/,midiario.com,Spanish,0.0,gdelt_gkg
TSLA,2025-03-01,১৪তম সন্তানের বাবা হলেন মার্কিন ধনকুবের ইলন মাস্ক,https://www.dailyjanakantha.com/international/news/777953,dailyjanakantha.com,Bengali,0.0,gdelt_gkg
TSLA,2025-03-01,"EV Crash Claims Jump 38 %, And Repairs Are Pricier Than Ever",https://www.carscoops.com/2025/03/ev-crash-claims-jump-38-in-2024-and-repairs-are-pricier-than-ever/,carscoops.com,English,0.0,gdelt_gkg
TSLA,2025-03-01,"Elon Musk de nouveau papa , il annonce la naissance de son quatorzième enfant et dévoile le prénom très original",https://www.melty.fr/people/elon-musk-de-nouveau-papa-il-annonce-la-naissance-de-son-quatorzieme-enfant-et-devoile-le-prenom-tres-original-2218115.html,melty.fr,French,0.0,gdelt_gkg
TSLA,2025-03-01,"Trump objected to Zelenskyy tone and body language in Oval Office clash , White House says",https://www.nbcconnecticut.com/news/business/money-report/trump-objected-to-zelenskyys-tone-and-body-language-in-oval-office-clash-white-house-says/3510331/,nbcconnecticut.com,English,0.0,gdelt_gkg
TSLA,2025-03-01,钟华论 ： 共同奔向中国式现代化的美好未来,http://news.china.com.cn/2025-03/02/content_117740471.shtml,news.china.com.cn,Chinese,0.0,gdelt_gkg
TSLA,2025-03-01,Tesla Extends Early - Year Slump With 26 % Sales Decline in France,https://www.bloomberg.com/news/articles/2025-03-01/tesla-extends-early-year-slump-with-26-sales-decline-in-france,bloomberg.com,English,0.0,gdelt_gkg
TSLA,2025-03-01,小米集团 - W ( 01810 . HK )： 高端化战略里程碑 小米发布SU7ULTRA和15ULTRA _ 个股资讯 _ 市场 _ 中金在线,http://sc.stock.cnfol.com/ggzixun/20250302/31177041.shtml,sc.stock.cnfol.com,Chinese,0.0,gdelt_gkg
TSLA,2025-03-01,Can YOUR EV SELF Navigate DIRT ROADS WITHOUT Markings Too ? Tesla Can ! ,https://www.autospies.com/news/index.aspx?submissionid=124628,autospies.com,English,0.0,gdelt_gkg
TSLA,2025-03-01,ألمانيا تواجه التهديدات الأميركية بثبات,https://www.aletihad.ae/opinion/4555962/%D8%A3%D9%84%D9%85%D8%A7%D9%86%D9%8A%D8%A7-%D8%AA%D9%88%D8%A7%D8%AC%D9%87-%D8%A7%D9%84%D8%AA%D9%87%D8%AF%D9%8A%D8%AF%D8%A7%D8%AA-%D8%A7%D9%84%D8%A3%D9%85%D9%8A%D8%B1%D9%83%D9%8A%D8%A9-%D8%A8%D8%AB%D8%A8%D8%A7%D8%AA,aletihad.ae,Arabic,0.0,gdelt_gkg
TSLA,2025-03-01,Best Automotive Stocks To Watch Now – March 1st,https://theenterpriseleader.com/2025/03/01/best-automotive-stocks-to-watch-now-march-1st.html,theenterpriseleader.com,English,0.0,gdelt_gkg
TSLA,2025-03-01,Best Energy Stocks Worth Watching – March 1st,https://www.themarketsdaily.com/2025/03/01/best-energy-stocks-worth-watching-march-1st.html,themarketsdaily.com,English,0.0,gdelt_gkg
TSLA,2025-03-01,5 key points from Elon Musk 3 - hour interview with Joe Rogan,https://www.aol.com/5-key-points-elon-musks-170253621.html,aol.com,English,0.0,gdelt_gkg
TSLA,2025-03-01,"Democratic activists fueled anti - Trump protests at GOP town halls but also rage at their own party | News , Sports , Jobs",https://www.mauinews.com/wire/?category=5186&ID=357570,mauinews.com,English,0.0,gdelt_gkg
TSLA,2025-03-01,EURO NCAP TO PENALIZE TOUCHSCREENS IN CARS FROM 2026 – TechStory,https://techstory.in/euro-ncap-to-penalize-touchscreens-in-cars-from-2026/,techstory.in,English,0.0,gdelt_gkg
TSLA,2025-03-01,Elon Musk Ordered to Appear in NYC Court Over Custody Dispute with Ashley St . Clair – TechStory,https://techstory.in/elon-musk-ordered-to-appear-in-nyc-court-over-custody-dispute-with-ashley-st-clair/,techstory.in,English,0.0,gdelt_gkg
TSLA,2025-03-01,A - t - on le droit de se garer sur une place pour voiture électrique avec une thermique ? ,https://www.presse-citron.net/a-t-on-le-droit-de-se-garer-sur-une-place-pour-voiture-electrique-avec-une-thermique/,presse-citron.net,French,0.0,gdelt_gkg
TSLA,2025-03-01,"Trump objected to Zelenskyy tone and body language in Oval Office clash , White House says",https://www.nbcnewyork.com/news/business/money-report/trump-objected-to-zelenskyys-tone-and-body-language-in-oval-office-clash-white-house-says/6169147/,nbcnewyork.com,English,0.0,gdelt_gkg
TSLA,2025-03-01,O que se sabe sobre o 14º filho do bilionáro Elon ... ,https://veja.abril.com.br/brasil/o-que-se-sabe-sobre-o-14o-filho-do-bilionaro-elon-musk/,veja.abril.com.br,Portuguese,0.0,gdelt_gkg
TSLA,2025-03-01, « Лучи смерти » заложили фундамент для идеального оружия,https://pronedra.ru/luchi-smerti-fantastika-ili-oruzhie-budushhego-767454.html,pronedra.ru,Russian,0.0,gdelt_gkg
TSLA,2025-03-01,小米SU7 Ultra售53万 ， 高端之路能否一骑绝尘 ？- 智能汽车 - ITBear科技资讯,http://www.itbear.com.cn/html/2025-03/735552.html,itbear.com.cn,Chinese,0.0,gdelt_gkg
TSLA,2025-03-01,兩會前夕 「 小超人 」 公司拿到內地電信改革試點大禮包 共13家外企成為京滬深瓊四地增值電信服務商 歐洲成最大贏家,http://www.hkcd.com/hkcdweb/content/2025/03/02/content_8683038.html,hkcd.com,Chinese,0.0,gdelt_gkg
TSLA,2025-03-01,"Inside Jaguar Radical , Risky , Roll - of - the Dice Reinvention",https://robbreport.com/motors/cars/jaguar-reboot-1236222546/,robbreport.com,English,0.0,gdelt_gkg
TSLA,2025-03-01,Teslas tröga försäljning fortsätter,https://www.expressen.se/nyheter/expressen-direkt/?post=e7b6c16e-e701-48f7-be6d-73adc55dbeaf,expressen.se,Swedish,0.0,gdelt_gkg
TSLA,2025-03-01,Mundo tem 24 ? superbilionários ? com fortunas acima de US$ 50 bilhões - 01 / 03 / 2025,https://www.dgabc.com.br/Noticia/4207327/mundo-tem-24-superbilionarios-com-fortunas-acima-de-us-50-bilhoes,dgabc.com.br,Portuguese,0.0,gdelt_gkg
TSLA,2025-03-01,El nuevo Tesla Model Y baja de precio y mantiene su esencia,https://laopinion.com/2025/03/01/el-nuevo-tesla-model-y-baja-de-precio-y-mantiene-su-esencia/,laopinion.com,Spanish,0.0,gdelt_gkg
TSLA,2025-03-01,The Electric Sedan With The Longest Driving Range In 2025,https://www.topspeed.com/electric-sedan-longest-driving-range/,topspeed.com,English,0.0,gdelt_gkg
TSLA,2025-03-01,A Elon Musk se le está yendo la pinza y no deberíamos tener miedo a contarlo,https://www.elconfidencial.com/mundo/2025-03-01/elon-musk-donald-trump_4072942/,elconfidencial.com,Spanish,0.0,gdelt_gkg
TSLA,2025-03-01,جريدة البلاد | مفاجأة من العيار الثقيل .. ماسك أب لـ 14 طفلاً وعشيقته تكشف,https://www.albiladpress.com/news/2025/5983/spaces/904914.html,albiladpress.com,Arabic,0.0,gdelt_gkg
TSLA,2025-03-01,Na svet je prijokal štirinajsti otrok Elona Muska,https://www.rtvslo.si/zabava-in-slog/na-svet-je-prijokal-stirinajsti-otrok-elona-muska/738084,rtvslo.si,Slovenian,0.0,gdelt_gkg
TSLA,2025-03-01,Tesla Stock To $100 ? ,https://biztoc.com/x/8320e4f408d808b5,biztoc.com,English,0.0,gdelt_gkg
TSLA,2025-03-01,Musk accuses Soros of trying to derail Trump agenda through Wisconsin Supreme Court race,https://weeklyblitz.net/2025/03/02/musk-accuses-soros-of-trying-to-derail-trumps-agenda-through-wisconsin-supreme-court-race/,weeklyblitz.net,English,0.0,gdelt_gkg
TSLA,2025-03-01,Crowd lines road near Tesla center in Dayton area to protest Musk,https://www.journal-news.com/local/crowd-lines-road-near-tesla-center-in-dayton-area-to-protest-musk/ZSO6B67QHZAPDLEARUX7EE3XZQ/,journal-news.com,English,0.0,gdelt_gkg
TSLA,2025-03-01,Woman accused of throwing Molotov cocktails at Colorado Tesla dealership charged in federal court,https://biztoc.com/x/fac1d92f695906e3,biztoc.com,English,0.0,gdelt_gkg
TSLA,2025-03-01,"Tesla , Elon Musk | Kjemper mot Tesla - fabrikken til Elon Musk",https://www.nettavisen.no/okonomi/kjemper-mot-tesla-fabrikken-til-elon-musk/s/5-95-2310936,nettavisen.no,Norwegian,0.0,gdelt_gkg
TSLA,2025-03-01,Nissan Finally Kills The GT - R As Orders Close After 18 Years,https://www.jalopnik.com/1801542/nissan-cancels-r35-gt-r-after-18-years-orders-closing/,jalopnik.com,English,0.0,gdelt_gkg
TSLA,2025-03-01,Democratic activists fueled anti - Trump protests at GOP town halls but also rage at their own party,https://www.news4jax.com/news/politics/2025/03/01/democratic-activists-fueled-anti-trump-protests-at-gop-town-halls-but-also-rage-at-their-own-party/,news4jax.com,English,0.0,gdelt_gkg
TSLA,2025-03-01,"Clash of Titans : Trump , Vance , and Musk Locked in High - Stakes Battle for Influence and Supremacy",https://naija247news.com/2025/03/01/clash-of-titans-trump-vance-and-musk-locked-in-high-stakes-battle-for-influence-and-supremacy-2/,naija247news.com,English,0.0,gdelt_gkg
TSLA,2025-03-01,Les ventes de Tesla ont continué de chuter en France en février,https://www.varmatin.com/automobile/les-ventes-de-tesla-ont-continue-de-chuter-en-france-en-fevrier-976240,varmatin.com,French,0.0,gdelt_gkg
TSLA,2025-03-01,  No soy un nazi : Elon Musk defiende su gesto en la toma de posesión de Trump,https://eldiariodesonora.com.mx/espectaculos/2025/03/01/no-soy-nazi-elon-musk-defiende-su-gesto-toma-posesion-trump.html,eldiariodesonora.com.mx,Spanish,0.0,gdelt_gkg
TSLA,2025-03-01,Elon Musk cancel culture impact : Tesla sales plummet amid controversy,https://economictimes.indiatimes.com/opinion/et-commentary/elon-musks-cancel-culture-impact-tesla-sales-plummet-amid-controversy/articleshow/118653185.cms,economictimes.indiatimes.com,English,0.0,gdelt_gkg
TSLA,2025-03-01,"The empire of egos : Trump , Vance , and Musk in a battle for supremacy",https://www.thecable.ng/the-empire-of-egos-trump-vance-and-musk-in-a-battle-for-supremacy/,thecable.ng,English,0.0,gdelt_gkg
TSLA,2025-03-01,"Tesla 1st Showroom In India Will Open At Mumbai , Paying Rs 35 Lakh / Month Rent - Trak . in - Indian Business of Tech , Mobile & Startups",https://trak.in/stories/teslas-1st-showroom-in-india-will-open-at-mumbai-paying-rs-35-lakh-month-rent/,trak.in,English,0.0,gdelt_gkg
TSLA,2025-03-01,共同奔向中国式现代化的美好未来,https://finance.sina.com.cn/tech/roll/2025-03-02/doc-ineneumv4081848.shtml,finance.sina.com.cn,Chinese,0.0,gdelt_gkg
TSLA,2025-03-01,Democratic activists fueled anti - Trump protests at GOP town halls but also rage at their own party,https://www.mymotherlode.com/news/national/3584095/democratic-activists-fueled-anti-trump-protests-at-gop-town-halls-but-also-rage-at-their-own-party.html,mymotherlode.com,English,0.0,gdelt_gkg
TSLA,2025-03-01,Teslas tröga försäljning fortsätter,https://www.alandstidningen.ax/tt/ekonomi/teslas-troga-forsaljning-fortsatter,alandstidningen.ax,Swedish,0.0,gdelt_gkg
TSLA,2025-03-01,"Your next car could quickly become much more expensive , even if it made in a US factory",https://edition.cnn.com/2025/03/01/business/car-prices-tariff-impact/,edition.cnn.com,English,0.0,gdelt_gkg
TSLA,2025-03-01,The 8 Best Looking Hyundai Models Ever Designed,https://www.slashgear.com/1795858/best-hyundai-models-ever-designed/,slashgear.com,English,0.0,gdelt_gkg
TSLA,2025-03-01,Email shows that Musk ally is moving to close office behind free tax filing program at IRS,https://www.aol.co.uk/news/email-shows-musk-ally-moving-162506040.html,aol.co.uk,English,0.0,gdelt_gkg
TSLA,2025-03-01,"Elon Musk Welcomes Child # 14 , Latest with Frequent Lover Shivon Zilis",https://www.thehollywoodgossip.com/2025/03/elon-musk-welcomes-child-14-latest-with-frequent-lover-shivon-zilis/,thehollywoodgossip.com,English,0.0,gdelt_gkg
TSLA,2025-03-01,Democratic activists fueled anti - Trump protests at GOP town halls but also rage at their own party,https://www.ksat.com/news/politics/2025/03/01/democratic-activists-fueled-anti-trump-protests-at-gop-town-halls-but-also-rage-at-their-own-party/,ksat.com,English,0.0,gdelt_gkg
TSLA,2025-03-01,Democratic activists fueled anti - Trump protests at GOP town halls but also rage at their own party,https://www.wokv.com/news/politics/democratic-activists/2VFHD6RZGBDEPAG2MMMPNW52S4/,wokv.com,English,0.0,gdelt_gkg
TSLA,2025-03-01,Jillian Michaels says  of course  Americans want to  drain the swamp  after cases of government waste,https://www.yahoo.com/news/jillian-michaels-says-course-americans-140056133.html,yahoo.com,English,0.0,gdelt_gkg
TSLA,2025-03-01,Elon Musk Puts George Soros and the Legacy Media on BLAST in New Conversation with Joe Rogan,https://twitchy.com/grateful-calvin/2025/03/01/elon-musk-blasts-george-soros-and-the-legacy-media-in-new-conversation-with-joe-rogan-n2409138,twitchy.com,English,0.0,gdelt_gkg
TSLA,2025-03-01,Democratic activists fueled anti - Trump protests at GOP town halls but also rage at their own party,https://www.local10.com/news/politics/2025/03/01/democratic-activists-fueled-anti-trump-protests-at-gop-town-halls-but-also-rage-at-their-own-party/,local10.com,English,0.0,gdelt_gkg
TSLA,2025-03-01,Om mötet med Elon Musk :  Mycket mer normal än han är på X  ,https://www.tv4.se/artikel/4Bd0VXP1RbylHemJOAwBNb/om-moetet-med-elon-musk-mycket-mer-normal-aen-han-aer-pa-x,tv4.se,Swedish,0.0,gdelt_gkg
TSLA,2025-03-01,Les fonctionnaires US à nouveau enjoints de justifier leur travail,https://www.rfj.ch/rfj/Actualite/economie/Les-fonctionnaires-US-a-nouveau-enjoints-de-justifier-leur-travail.html,rfj.ch,French,0.0,gdelt_gkg
TSLA,2025-03-01,水土不服 ！ 特斯拉FSD入华引热议,https://finance.sina.com.cn/stock/relnews/us/2025-03-02/doc-ineneqea8503460.shtml,finance.sina.com.cn,Chinese,0.0,gdelt_gkg
TSLA,2025-03-01,"Elon Musk niega ser nazi haciendo chiste sobre la invasión de Polonia , el genocidio y el holocausto",https://www.sdpnoticias.com/internacional/elon-musk-niega-ser-nazi-haciendo-chiste-sobre-la-invasion-de-polonia-el-genocidio-y-el-holocausto/,sdpnoticias.com,Spanish,0.0,gdelt_gkg
TSLA,2025-03-01,Automobile : leffondrement des ventes de Tesla en France se confirme en février,https://econostrum.info/effondrement-ventes-tesla-france/,econostrum.info,French,0.0,gdelt_gkg
TSLA,2025-03-01,مفاجأة غير متوقعة في عدد أولاد إيلون ماسك,https://www.albawabhnews.com/5162566,albawabhnews.com,Arabic,0.0,gdelt_gkg
TSLA,2025-03-01,Your next car could quickly become much more expensive if Trump makes good on his tariff threat next week,https://www.yahoo.com/news/next-car-could-quickly-become-150052882.html,yahoo.com,English,0.0,gdelt_gkg
TSLA,2025-03-01,Les fonctionnaires américains reçoivent un second courriel leur enjoignant de justifier leur travail,https://www.monacomatin.mc/faits-de-societe/les-fonctionnaires-americains-recoivent-un-second-courriel-leur-enjoignant-de-justifier-leur-travail-976251,monacomatin.mc,French,0.0,gdelt_gkg
TSLA,2025-03-01,محمد رمضان يثير الجدل بفيديو داخل سيارة تسلا .. هل يسخر من رامز جلال ؟ – جريدة مانشيت,https://we.mansheet.net/85663/%D9%85%D8%AD%D9%85%D8%AF-%D8%B1%D9%85%D8%B6%D8%A7%D9%86-%D9%8A%D8%AB%D9%8A%D8%B1-%D8%A7%D9%84%D8%AC%D8%AF%D9%84-%D8%A8%D9%81%D9%8A%D8%AF%D9%8A%D9%88-%D8%AF%D8%A7%D8%AE%D9%84-%D8%B3%D9%8A%D8%A7%D8%B1/,we.mansheet.net,Arabic,0.0,gdelt_gkg
TSLA,2025-03-01,Elon Musk Is Using DOGE to Weaken His Regulators,https://www.rollingstone.com/politics/politics-features/trump-elon-musk-doge-weaken-regulators-1235284085/,rollingstone.com,English,0.0,gdelt_gkg
TSLA,2025-03-01,Bill Maher Slams Trump – Zelenskyy Meeting :  The Real Housewives of the White House  | Entertainment,https://www.hometownregister.com/lifestyles/entertainment/bill-maher-slams-trump-zelenskyy-meeting-the-real-housewives-of-the-white-house/article_71607b67-41c6-5b24-8f26-72e0d21d7c8c.html,hometownregister.com,English,0.0,gdelt_gkg
TSLA,2025-03-01,Na svet je prijokal štirinajsti otrok Elona Muska,https://www.rtvslo.si/zabava-in-slog/znani/na-svet-je-prijokal-stirinajsti-otrok-elona-muska/738084,rtvslo.si,Slovenian,0.0,gdelt_gkg
TSLA,2025-03-01,Les fonctionnaires américains reçoivent un second courriel leur enjoignant de justifier leur travail,https://www.nicematin.com/faits-de-societe/les-fonctionnaires-americains-recoivent-un-second-courriel-leur-enjoignant-de-justifier-leur-travail-976251,nicematin.com,French,0.0,gdelt_gkg
TSLA,2025-03-01,Test Drive : Tesla Model 3,https://gadgetsmagazine.com.ph/mobility/cars/test-drive-tesla-model-3,gadgetsmagazine.com.ph,English,0.0,gdelt_gkg
TSLA,2025-03-01,"Elon Musk confirmó el nacimiento de su decimocuarto hijo , Seldon Lycurgus",https://www.lapatilla.com/2025/03/01/elon-musk-confirmo-el-nacimiento-de-su-decimocuarto-hijo-seldon-lycurgus/,lapatilla.com,Spanish,0.0,gdelt_gkg
TSLA,2025-03-01,"Germany refugees , minorities fear the future after far right breakthrough",https://www.cbc.ca/news/world/germany-s-refugees-minorities-fear-the-future-after-far-right-s-breakthrough-1.7471323,cbc.ca,English,0.0,gdelt_gkg
TSLA,2025-03-01,Wall Street ends higher after Zelenskiy and Trump clash,https://thefrontierpost.com/wall-street-ends-higher-after-zelenskiy-and-trump-clash/,thefrontierpost.com,English,0.0,gdelt_gkg
TSLA,2025-03-01,Activistas demócratas critican a su partido por postura ante Trump,https://santamariatimes.com/ap/politics/activistas-dem-cratas-critican-a-su-partido-por-postura-ante-trump/article_831851d1-7a90-58e6-8175-56477dc63ef0.html,santamariatimes.com,Spanish,0.0,gdelt_gkg
TSLA,2025-03-01,Activistas demócratas critican a su partido por postura ante Trump,https://www.lavoz.com.ar/noticias/agencias/activistas-democratas-critican-a-su-partido-por-postura-ante-trump/,lavoz.com.ar,Spanish,0.0,gdelt_gkg
TSLA,2025-03-01,"How Deep Tech Innovations Are Revolutionizing Warehousing , Energy , And EV Infrastructure In 2025",https://www.forbes.com/sites/alexanderpuutio/2025/03/01/how-deep-tech-innovations-are-revolutionizing-warehousing-energy-and-ev-infrastructure-in-2025/,forbes.com,English,0.0,gdelt_gkg
TSLA,2025-03-01,2  Energy Revolution  Dividends To Profit From EV And AI Megatrends,https://www.forbes.com/sites/brettowens/2025/03/01/2-energy-revolution-dividends-to-profit-from-ev-and-ai-megatrends/,forbes.com,English,0.0,gdelt_gkg
TSLA,2025-03-01, _ 东百集团 ( 600693 ) 股吧 _ 东方财富网股吧,"http://guba.eastmoney.com/o/news,600693,1522805115.html",guba.eastmoney.com,Chinese,0.0,gdelt_gkg
TSLA,2025-03-01,Elon Musk and Shivon Zilis welcome 4th child together,https://rollingout.com/2025/03/01/elon-musk-zilis-fourth-child/,rollingout.com,English,0.0,gdelt_gkg
TSLA,2025-03-01,价格成新能源豪车竞争利器 智能驾驶从差异化卖点升级为品牌护城河,https://www.163.com/dy/article/JPJE6LHB0512B07B.html,163.com,Chinese,0.0,gdelt_gkg
TSLA,2025-03-01,Tesla finalises deal for first India showroom in Mumbai BKC : Report,https://www.moneycontrol.com/news/business/tesla-finalises-deal-for-first-india-showroom-in-mumbai-s-bkc-report-12953938.html,moneycontrol.com,English,0.0,gdelt_gkg
TSLA,2025-03-01,1月汽车股市盘点 ： 路特斯领跌 ， 小鹏汽车何以领跑 ？- 智能汽车 - ITBear科技资讯,http://www.itbear.com.cn/html/2025-03/735126.html,itbear.com.cn,Chinese,0.0,gdelt_gkg
TSLA,2025-03-01,Democratic activists fueled anti - Trump protests at GOP town halls but also rage at their own party,https://www.nvdaily.com/associated_press_national/democratic-activists-fueled-anti-trump-protests-at-gop-town-halls-but-also-rage-at-their/article_75d22e02-3ee8-5e52-8196-c36f020a9bb6.html,nvdaily.com,English,0.0,gdelt_gkg
TSLA,2025-03-01,How Elon Musk Is Using DOGE to Weaken His Regulators,https://www.yahoo.com/news/elon-musk-using-doge-weaken-140000805.html,yahoo.com,English,0.0,gdelt_gkg
TSLA,2025-03-01,Teslas försäljning fortsätter rasa,https://www.di.se/nyheter/teslas-forsaljning-fortsatter-rasa/,di.se,Swedish,0.0,gdelt_gkg
TSLA,2025-03-01,Elon Musk da la bienvenida a su hijo número 14,https://eldiariodesonora.com.mx/espectaculos/2025/03/01/elon-musk-da-bienvenida-su-hijo-numero-14.html,eldiariodesonora.com.mx,Spanish,0.0,gdelt_gkg
TSLA,2025-03-01,Democratic activists fueled anti - Trump protests at GOP town halls but also rage at their own party,https://abcnews.go.com/US/wireStory/democratic-activists-fueled-anti-trump-protests-gop-town-119320288,abcnews.go.com,English,0.0,gdelt_gkg
TSLA,2025-03-01,"Tesla to open India first showroom at Maker Maxity in BKC Mumbai , to pay ₹35 lakh a month as rent : Sources",https://www.hindustantimes.com/real-estate/tesla-to-open-indias-first-showroom-at-maker-maxity-in-bkc-mumbai-to-pay-rs-35-lakh-a-month-as-rent-sources-101740835224328.html,hindustantimes.com,English,0.0,gdelt_gkg
TSLA,2025-03-01,马斯克说压力很大 ： 他们不仅想杀了我 ， 还想亵渎我的尸体  |马斯克 _ 新浪财经 _ 新浪网,https://finance.sina.com.cn/stock/usstock/c/2025-03-01/doc-ineneivx5618670.shtml,finance.sina.com.cn,Chinese,0.0,gdelt_gkg
TSLA,2025-03-01,Nuevamente lo reitera : Donald Trump subirá aranceles a Europa,https://laopinion.com/2025/03/01/lo-vuelve-a-decir-donald-trump-subira-aranceles-a-europa/,laopinion.com,Spanish,0.0,gdelt_gkg
TSLA,2025-03-01,The unseen costs of Elon Musk influence,https://biztoc.com/x/5aebfdcefd479571,biztoc.com,English,0.0,gdelt_gkg
TSLA,2025-03-01,Promising Solar Stocks To Watch Now – February 26th,https://www.dailypolitical.com/2025/03/01/promising-solar-stocks-to-watch-now-february-26th.html,dailypolitical.com,English,0.0,gdelt_gkg
TSLA,2025-03-01,These S & P 500 stocks are deeply oversold and may be due for a rebound,https://www.cnbc.com/2025/03/01/these-sp-500-stocks-are-deeply-oversold-and-may-be-due-for-a-rebound.html,cnbc.com,English,0.0,gdelt_gkg
TSLA,2025-03-01,Democratic activists fueled anti - Trump protests at GOP town halls but also rage at their own party,https://www.clickorlando.com/news/politics/2025/03/01/democratic-activists-fueled-anti-trump-protests-at-gop-town-halls-but-also-rage-at-their-own-party/,clickorlando.com,English,0.0,gdelt_gkg
TSLA,2025-03-01,Jillian Michaels says  of course  Americans want to  drain the swamp  after cases of government waste,https://www.foxnews.com/media/jillian-michaels-says-of-course-americans-want-drain-swamp-after-cases-government-waste,foxnews.com,English,0.0,gdelt_gkg
TSLA,2025-03-01,Vendas de carros da Tesla continuam a cair na França,https://noticias.uol.com.br/ultimas-noticias/rfi/2025/03/01/vendas-de-carros-da-tesla-continuam-a-cair-na-franca.htm,noticias.uol.com.br,Portuguese,0.0,gdelt_gkg
TSLA,2025-03-01,Cumple dos años anuncio de Tesla ; planta  se esfuma  de Nuevo León,https://elheraldodesaltillo.mx/2025/03/01/cumple-dos-anos-anuncio-de-tesla-planta-se-esfuma-de-nuevo-leon/,elheraldodesaltillo.mx,Spanish,0.0,gdelt_gkg
TSLA,2025-03-01,Les ventes de Tesla ont continué de chuter en France en février,https://www.monacomatin.mc/automobile/les-ventes-de-tesla-ont-continue-de-chuter-en-france-en-fevrier-976240,monacomatin.mc,French,0.0,gdelt_gkg
TSLA,2025-03-01,Billionaire Elon Musk Welcomes 14th Child With Shivon Zilis,https://promptnewsonline.com/billionaire-elon-musk-welcomes-14th-child-with-shivon-zilis/,promptnewsonline.com,English,0.0,gdelt_gkg
TSLA,2025-03-01,Democratic activists fueled anti - Trump protests at GOP town halls but also rage at their own party,https://mynorthwest.com/national/democratic-activists-fueled-anti-trump-protests-at-gop-town-halls-but-also-rage-at-their-own-party/4055310,mynorthwest.com,English,0.0,gdelt_gkg
TSLA,2025-03-01,"201 hp in a box and no gasoline ! Germany is clear about the future , and it not hydrogen",https://www.ecoticias.com/en/germany-clear-about-future-not-hydrogen/11570/,ecoticias.com,English,0.0,gdelt_gkg
TSLA,2025-03-01,美股涨逾1 % 科技七巨头指数结束六连跌 – 华侨网,https://www.chinesepress.com/2025/03/01/%E7%BE%8E%E8%82%A1%E6%B6%A8%E9%80%BE1-%E7%A7%91%E6%8A%80%E4%B8%83%E5%B7%A8%E5%A4%B4%E6%8C%87%E6%95%B0%E7%BB%93%E6%9D%9F%E5%85%AD%E8%BF%9E%E8%B7%8C/,chinesepress.com,Chinese,0.0,gdelt_gkg
TSLA,2025-03-01,Tesla Cybertrucks and Starlink prove the costs of Elon Musk,https://www.msnbc.com/inside-with-jen-psaki/tesla-cybertrucks-starlink-costs-elon-musk-rcna194276,msnbc.com,English,0.0,gdelt_gkg
TSLA,2025-03-01,Democratic activists fueled anti - Trump protests at GOP town halls but also rage at their own party – Winnipeg Free Press,https://www.winnipegfreepress.com/world/2025/03/01/democratic-activists-fueled-anti-trump-protests-at-gop-town-halls-but-also-rage-at-their-own-party,winnipegfreepress.com,English,0.0,gdelt_gkg
TSLA,2025-03-01,兩會前夕 ， 新華社推出重磅評論 - 來論,https://www.wenweipo.com/a/202503/01/AP67c2fd3fe4b0d7b65b88c0aa.html,wenweipo.com,Chinese,0.0,gdelt_gkg
TSLA,2025-03-01,"14 kids , 4 baby mamas : Who who in the Elon Musk ever - expanding family ? | World News",https://timesofindia.indiatimes.com/world/us/14-kids-4-baby-mamas-whos-who-in-the-elon-musks-ever-expanding-family/articleshow/118649536.cms,timesofindia.indiatimes.com,English,0.0,gdelt_gkg
TSLA,2025-03-01,Car Company CEO Moves On After Best - Ever Results,https://carbuzz.com/lucid-motors-peter-rawlinson-ceo-resigns/,carbuzz.com,English,0.0,gdelt_gkg
TSLA,2025-03-01,Tesla Offers Discounts on Cybertruck Amid Sluggish Sales and Growing Inventory – TechStory,https://techstory.in/tesla-offers-discounts-on-cybertruck-amid-sluggish-sales-and-growing-inventory/,techstory.in,English,0.0,gdelt_gkg
TSLA,2025-03-01,Democratic activists fueled anti - Trump protests at GOP town halls but also rage at their own party - Las Vegas Sun News,https://lasvegassun.com/news/2025/mar/01/democratic-activists-fueled-anti-trump-protests-at/,lasvegassun.com,English,0.0,gdelt_gkg
TSLA,2025-03-01,عشيقة إيلون ماسك تكشف عن مفاجأة من  العيار الثقيل  عنه,https://stepagency-sy.net/2025/03/01/%D8%B9%D8%B4%D9%8A%D9%82%D8%A9-%D8%A5%D9%8A%D9%84%D9%88%D9%86-%D9%85%D8%A7%D8%B3%D9%83-%D8%AA%D9%83%D8%B4%D9%81-%D8%B9%D9%86/,stepagency-sy.net,Arabic,0.0,gdelt_gkg
TSLA,2025-03-01,"A dos años del anuncio de Tesla , planta  se esfuma  y proyectos para la carretera a Saltillo quedan en pausa – Periódico Zócalo | Noticias de Saltillo , Torreón , Piedras Negras , Monclova , Acuña",https://www.zocalo.com.mx/a-dos-anos-del-anuncio-de-tesla-planta-se-esfuma-y-proyectos-para-la-carretera-a-saltillo-quedan-en-pausa/,zocalo.com.mx,Spanish,0.0,gdelt_gkg
TSLA,2025-03-01,Democratic activists fueled anti - Trump protests at GOP town halls but also rage at their own party,https://www.krmg.com/news/politics/democratic-activists/2VFHD6RZGBDEPAG2MMMPNW52S4/,krmg.com,English,0.0,gdelt_gkg
TSLA,2025-03-01,小米又来偷格力的家 ？ |空调|大金|雷军|刘步尘|格力电器,https://www.163.com/dy/article/JPJJS0UP0514BE2Q.html,163.com,Chinese,0.0,gdelt_gkg
TSLA,2025-03-01,১৪তম সন্তানের জনক হলেন ইলন মাস্ক ! ,https://www.dailyjanakantha.com/international/news/777844,dailyjanakantha.com,Bengali,0.0,gdelt_gkg
TSLA,2025-03-01,"989 Shares in Tesla , Inc . ( NASDAQ : TSLA ) Bought by Magnolia Private Wealth LLC",https://www.themarketsdaily.com/2025/03/01/989-shares-in-tesla-inc-nasdaqtsla-bought-by-magnolia-private-wealth-llc.html,themarketsdaily.com,English,0.0,gdelt_gkg
TSLA,2025-03-01,Les ventes de Tesla ont continué de chuter en France en février,https://www.nicematin.com/automobile/les-ventes-de-tesla-ont-continue-de-chuter-en-france-en-fevrier-976240,nicematin.com,French,0.0,gdelt_gkg
TSLA,2025-03-01,Trabajar 120 horas a la semana : la nueva locura de Elon Musk,https://www.eleconomista.es/empleo/noticias/13245623/03/25/trabajar-120-horas-a-la-semana-la-nueva-locura-de-elon-musk.html,eleconomista.es,Spanish,0.0,gdelt_gkg
TSLA,2025-03-01,Tesla Wants To Expand Its Auto Business Beyond EVs,https://carbuzz.com/auto-industry-tesla-ride-hailing-service-application/,carbuzz.com,English,0.0,gdelt_gkg
TSLA,2025-03-01, 「 川普交易 」 4支柱倒塌壓垮MAGA概念股 卻讓MEGA走紅 | 全球財經 | 全球,https://udn.com/news/story/6811/8579826,udn.com,Chinese,0.0,gdelt_gkg
TSLA,2025-03-01,特朗普指责泽连斯基 ： 你在拿第三次世界大战赌博 ； 英伟达一周蒸发2320亿美元 ； GPT - 4 . 5被指高价低能| 一周国际财经,https://www.nbd.com.cn/articles/2025-03-01/3772010.html,nbd.com.cn,Chinese,0.0,gdelt_gkg
TSLA,2025-03-01,Retail Stocks To Follow Today – February 26th,https://www.themarketsdaily.com/2025/03/01/retail-stocks-to-follow-today-february-26th.html,themarketsdaily.com,English,0.0,gdelt_gkg
TSLA,2025-03-01,Elon Musk se je razveselil 14 . otroka,https://www.24ur.com/popin/tuja-scena/elon-musk-se-je-razveselil-14-otroka.html,24ur.com,Slovenian,0.0,gdelt_gkg
TSLA,2025-03-01,"Tesla , Inc . ( NASDAQ : TSLA ) Position Increased by GenTrust LLC",https://www.dailypolitical.com/2025/03/01/tesla-inc-nasdaqtsla-position-increased-by-gentrust-llc.html,dailypolitical.com,English,0.0,gdelt_gkg
TSLA,2025-03-01,Noticia : Discurso del gobernador Sáenz en el 127° período de sesiones ordinarias de la Legislatura provincial,https://www.salta.gob.ar/prensa/noticias/discurso-del-gobernador-saenz-en-el-127-periodo-de-sesiones-ordinarias-de-la-legislatura-provincial-100358,salta.gob.ar,Spanish,0.0,gdelt_gkg
TSLA,2025-03-01,إيلون ماسك يصبح أبًا للمرة الرابعة عشر مع شريكته شيفون زيليس,https://we.mansheet.net/85481/%D8%A5%D9%8A%D9%84%D9%88%D9%86-%D9%85%D8%A7%D8%B3%D9%83-%D9%8A%D8%B5%D8%A8%D8%AD-%D8%A3%D8%A8%D9%8B%D8%A7-%D9%84%D9%84%D9%85%D8%B1%D8%A9-%D8%A7%D9%84%D8%B1%D8%A7%D8%A8%D8%B9%D8%A9-%D8%B9%D8%B4%D8%B1/,we.mansheet.net,Arabic,0.0,gdelt_gkg
TSLA,2025-03-01,Tesla Rival XPeng Leads China EV Sales ; BYD On Tap,https://biztoc.com/x/414e8651936f2f39,biztoc.com,English,0.0,gdelt_gkg
TSLA,2025-03-01,被财阀  困  住的韩国人形机器人 - 虎嗅网,https://www.huxiu.com/article/4071752.html,huxiu.com,Chinese,0.0,gdelt_gkg
TSLA,2025-03-01,What is Vibe Coding ? How Creators Can Build Software Without Writing Code,https://alitu.com/creator/workflow/what-is-vibe-coding/,alitu.com,English,0.0,gdelt_gkg
TSLA,2025-03-01,How Elon Musk clothes capture the evolution of his relationship to Trump,https://www.msnbc.com/opinion/msnbc-opinion/musk-trump-white-house-fashion-clothing-rcna194123,msnbc.com,English,0.0,gdelt_gkg
TSLA,2025-03-01,Top Utility Stocks To Research – February 26th,https://www.themarketsdaily.com/2025/03/01/top-utility-stocks-to-research-february-26th.html,themarketsdaily.com,English,0.0,gdelt_gkg
TSLA,2025-03-01,千万别惹穿皮夹克的雷军,https://www.huxiu.com/article/4068023.html,huxiu.com,Chinese,0.0,gdelt_gkg
TSLA,2025-03-01,Democratic activists fueled anti - Trump protests at GOP town halls but also rage at their own party,https://www.wsls.com/news/politics/2025/03/01/democratic-activists-fueled-anti-trump-protests-at-gop-town-halls-but-also-rage-at-their-own-party/,wsls.com,English,0.0,gdelt_gkg
TSLA,2025-03-01,Trump and Musk are coming for your summer vacation - Las Vegas Sun News,https://lasvegassun.com/news/2025/mar/01/trump-and-musk-are-coming-for-your-summer-vacation/,lasvegassun.com,English,0.0,gdelt_gkg
TSLA,2025-03-01,Englewood man acquitted of murder charges in road - rage shooting near Coors Field,https://www.denverpost.com/2025/03/01/coors-field-road-rage-shooting-moodley-shane-warn/,denverpost.com,English,0.0,gdelt_gkg
TSLA,2025-03-01,Democratic activists fueled anti - Trump protests at GOP town halls but also rage at their own party,https://www.yahoo.com/news/democratic-activists-fueled-anti-trump-131043923.html,yahoo.com,English,0.0,gdelt_gkg
TSLA,2025-03-01,钟华论 ： 共同奔向中国式现代化的美好未来 _ 中证网,https://www.cs.com.cn/xwzx/hg/202503/t20250301_6477012.html,cs.com.cn,Chinese,0.0,gdelt_gkg
TSLA,2025-03-01,Democratic activists fueled anti - Trump protests at GOP town halls but also rage at their own party,https://www.thepeterboroughexaminer.com/news/world/united-states/democratic-activists-fueled-anti-trump-protests-at-gop-town-halls-but-also-rage-at-their/article_5f4a3c87-d7aa-5ec6-a80f-013ba3278777.html,thepeterboroughexaminer.com,English,0.0,gdelt_gkg
TSLA,2025-03-01,Why do SUVs look like trucks again ? ,https://economictimes.indiatimes.com/industry/auto/auto-news/why-do-suvs-look-like-trucks-again/articleshow/118648887.cms,economictimes.indiatimes.com,English,0.0,gdelt_gkg
TSLA,2025-03-01,宁德时代如何做车企的技术合伙人,https://www.163.com/dy/article/JPJHJM640531M1CO.html,163.com,Chinese,0.0,gdelt_gkg
TSLA,2025-03-01,Tesla faces challenges as GM gains ground in EV race,https://finance.yahoo.com/news/gms-electric-gains-face-critical-110144438.html,finance.yahoo.com,English,0.0,gdelt_gkg
TSLA,2025-03-01,"Top 3 de las carreras universitarias que no se deberían estudiar , según la IA",https://www.infobae.com/tecno/2025/03/01/top-3-de-las-carreras-universitarias-que-no-se-deberian-estudiar-segun-la-ia/,infobae.com,Spanish,0.0,gdelt_gkg
TSLA,2025-03-01,兩會前夕 ， 新華社推出重磅評論 - 香港商報,http://www.hkcd.com/hkcdweb/content/2025/03/01/content_8683017.html,hkcd.com,Chinese,0.0,gdelt_gkg
TSLA,2025-03-01,"Une Kia à moins de 25 000 euros arrive , mais ce ne sera pas l  EV2",https://www.01net.com/actualites/une-kia-a-moins-de-25-000-euros-arrive-mais-ce-ne-sera-pas-lev2.html,01net.com,French,0.0,gdelt_gkg
TSLA,2025-03-01,"Tesla finalises deal to open its first Indian showroom in THIS city , second likely in Delhi",https://www.financialexpress.com/auto/car-news/tesla-finalises-deal-to-open-its-first-indian-showroom-in-this-city-second-likely-in-delhi/3764113/,financialexpress.com,English,0.0,gdelt_gkg
TSLA,2025-03-01,Elon Musk must be corralled,https://www.newsday.com/opinion/editorials/doge-elon-musk-layoffs-technocrats-donald-trump-spacex-ijy7ye2r,newsday.com,English,0.0,gdelt_gkg
TSLA,2025-03-01,"Saiba quem são as mães dos 14 filhos do bilionário Elon Musk , dono da Tesla e da SpaceX",https://oglobo.globo.com/economia/noticia/2025/03/01/saiba-quem-sao-as-maes-dos-14-filhos-do-bilionario-elon-musk-dono-da-tesla-e-da-spacex.ghtml,oglobo.globo.com,Portuguese,0.0,gdelt_gkg
TSLA,2025-03-01,"Tesla , Inc . ( NASDAQ : TSLA ) Shares Bought by K . J . Harrison & Partners Inc",https://www.dailypolitical.com/2025/03/01/tesla-inc-nasdaqtsla-shares-bought-by-k-j-harrison-partners-inc.html,dailypolitical.com,English,0.0,gdelt_gkg
TSLA,2025-03-01,"Per què només la Xina pot liderar la transició a la descarbonització global , per Jordi Vilardell Gómez",https://www.3cat.cat/324/per-que-nomes-la-xina-pot-liderar-la-transicio-a-la-descarbonitzacio-global/noticia/3338115/,3cat.cat,Catalan,0.0,gdelt_gkg
TSLA,2025-03-01,Opinion | Elon Musk new look sends a message : He doesnt care what you think,https://www.yahoo.com/news/opinion-elon-musks-look-sends-111025803.html,yahoo.com,English,0.0,gdelt_gkg
TSLA,2025-03-01,米テスラ株 、 ２カ月半で４割安 マスク氏嫌われ販売急減 ： 時事ドットコム,https://www.jiji.com/jc/article?k=2025030100446&g=int,jiji.com,Japanese,0.0,gdelt_gkg
TSLA,2025-03-01,All About Electric Vehicles event offered potential EV buyers to have their questions answered,https://techau.com.au/all-about-electric-vehicles-event-offered-potential-ev-buyers-to-have-their-questions-answered/,techau.com.au,English,0.0,gdelt_gkg
TSLA,2025-03-01,Elon Musk on Jeffrey Epstein death : ... suicide would have been stopped if .. ,https://timesofindia.indiatimes.com/technology/social/elon-musk-on-jeffrey-epstein-death-suicide-would-have-been-stopped-if-/articleshow/118648930.cms,timesofindia.indiatimes.com,English,0.0,gdelt_gkg
TSLA,2025-03-01,Group protesting Elon Musk role in Trump administration marches to Tesla building in Palo Alto,https://www.yahoo.com/news/group-protesting-elon-musks-role-070005556.html,yahoo.com,English,0.0,gdelt_gkg
TSLA,2025-03-01,前两月主动权益基金占据业绩  C位 ， 最高已涨超63 % |碳中和 _ 新浪财经 _ 新浪网,https://finance.sina.com.cn/jjxw/2025-03-01/doc-inenecqc4391096.shtml,finance.sina.com.cn,Chinese,0.0,gdelt_gkg
TSLA,2025-03-01,قائمة  المليارديرات الخارقين .. يمتلكون 3 . 3 تريليونات دولار,https://www.albayan.ae/economy/money/30668,albayan.ae,Arabic,0.0,gdelt_gkg
TSLA,2025-03-01,特斯拉 「 新Model Y 」 價格大跳水 ！ 189 . 99萬入手 ， 55萬降幅震撼登場,https://chinanewscloud.com/post/%E7%89%B9%E6%96%AF%E6%8B%89%E3%80%8C%E6%96%B0model-y%E3%80%8D%E5%83%B9%E6%A0%BC%E5%A4%A7%E8%B7%B3%E6%B0%B4-189-99%E8%90%AC%E5%85%A5%E6%89%8B-55%E8%90%AC%E9%99%8D%E5%B9%85%E9%9C%87%E6%92%BC%E7%99%BB%E5%A0%B4,chinanewscloud.com,Chinese,0.0,gdelt_gkg
TSLA,2025-03-01,Les ventes de Tesla ont baissé de 26  % en France en février,https://www.lemonde.fr/economie/article/2025/03/01/les-ventes-de-tesla-ont-baisse-de-26-en-france-en-fevrier_6571794_3234.html,lemonde.fr,French,0.0,gdelt_gkg
TSLA,2025-03-01,"Central Asset Investments & Management Holdings HK Ltd Takes $8 . 74 Million Position in Tesla , Inc . ( NASDAQ : TSLA ) ",https://www.themarketsdaily.com/2025/03/01/central-asset-investments-management-holdings-hk-ltd-takes-8-74-million-position-in-tesla-inc-nasdaqtsla.html,themarketsdaily.com,English,0.0,gdelt_gkg
TSLA,2025-03-01,"Tesla , Elon Musk facing lawsuits for allegedly manipulating stock price – PerformanceDrive",https://performancedrive.com.au/tesla-elon-musk-facing-lawsuits-for-allegedly-manipulating-stock-price-1309/,performancedrive.com.au,English,0.0,gdelt_gkg
TSLA,2025-03-01,The Many Ways Elon Musk and DOGE Are Endangering Americans,https://www.yahoo.com/news/many-ways-elon-musk-doge-120000932.html,yahoo.com,English,0.0,gdelt_gkg
TSLA,2025-03-01,Brookhaven puts more battery storage facilities on hold pending state fire codes,https://www.newsday.com/long-island/brookhaven-panico-battery-storage-facilities-qvwkc7zh,newsday.com,English,0.0,gdelt_gkg
TSLA,2025-03-01,Les ventes de Tesla décrochent - et ce nest pas que la faute dElon Musk,https://www.bfmtv.com/auto/les-ventes-de-tesla-decrochent-et-ce-n-est-pas-que-la-faute-d-elon-musk_AN-202503010220.html,bfmtv.com,French,0.0,gdelt_gkg
TSLA,2025-03-01,Tak zareagowała amerykańska giełda na fiasko rozmów Trump - Zełenski,https://www.money.pl/gielda/tak-zareagowala-amerykanska-gielda-na-fiasko-rozmow-trump-zelenski-7130420359617024a.html,money.pl,Polish,0.0,gdelt_gkg
TSLA,2025-05-01,QOTD : Will There Ever Be Another AMC ? ,https://www.thetruthaboutcars.com/cars/question-of-the-day/qotd-will-there-ever-be-another-amc-44513650,thetruthaboutcars.com,English,0.0,gdelt_gkg
TSLA,2025-05-01,微软市值一夜涨超1 . 6万亿元 ！ 业绩超预期 ， 苹果盘后却跌超4 %， 什么情况 ？ 公司宣布 ： 最高回购1000亿美元股票,https://finance.sina.com.cn/roll/2025-05-02/doc-inevcpfc2339505.shtml,finance.sina.com.cn,Chinese,0.0,gdelt_gkg
TSLA,2025-05-01,"Local Tesla owner claims car has been targeted , vandalized multiple times",https://foxbaltimore.com/news/local/local-tesla-owner-claims-car-has-been-targeted-vandalized-multiple-times,foxbaltimore.com,English,0.0,gdelt_gkg
TSLA,2025-05-01,  仍然对马斯克充满信心 ， 特斯拉发声 ！ |马斯克 _ 新浪财经 _ 新浪网,https://finance.sina.com.cn/jjxw/2025-05-02/doc-inevchxf2465501.shtml,finance.sina.com.cn,Chinese,0.0,gdelt_gkg
TSLA,2025-05-01,Tesla niega estar buscando  un reemplazo  para Elon Musk,https://lineadirectaportal.com/internacional/tesla-niega-estar-buscando-un-reemplazo-para-elon-musk-2025-05-01__1380311,lineadirectaportal.com,Spanish,0.0,gdelt_gkg
TSLA,2025-05-01,Sen . Ernst highlights AI role in DOGE mission as Musk reflects on mixed success,https://wtov9.com/news/nation-world/senator-joni-ernst-highlights-ai-role-doge-mission-elon-musk-reflects-mixed-success-tesla-stock-ceo-trump-savings-artificial-intelligence,wtov9.com,English,0.0,gdelt_gkg
TSLA,2025-05-01,The first driverless semis have started running regular longhaul routes,https://www.kcci.com/article/first-driverless-semis-have-started-running-regular-longhaul-routes/64647746,kcci.com,English,0.0,gdelt_gkg
TSLA,2025-05-01,全球市场 ： 道指 、 标普日线八连涨 微软大涨逾7 % 国际金价跌近3 % _ 东方财富网,https://finance.eastmoney.com/a/202505023395403926.html,finance.eastmoney.com,Chinese,0.0,gdelt_gkg
TSLA,2025-05-01,Sheryl Crow says armed intruder invaded her home after she sold her Tesla,https://www.nme.com/news/music/sheryl-crow-says-armed-intruder-invaded-her-home-after-she-sold-her-tesla-3859836,nme.com,English,0.0,gdelt_gkg
TSLA,2025-05-01,Sen . Ernst highlights AI role in DOGE mission as Musk reflects on mixed success,https://nebraska.tv/news/nation-world/senator-joni-ernst-highlights-ai-role-doge-mission-elon-musk-reflects-mixed-success-tesla-stock-ceo-trump-savings-artificial-intelligence,nebraska.tv,English,0.0,gdelt_gkg
TSLA,2025-05-01,Company dismisses report on replacement - ChinaTechNews . com,https://www.chinatechnews.com/2025/05/01/113020-company-dismisses-report-on-replacement,chinatechnews.com,English,0.0,gdelt_gkg
TSLA,2025-05-01,كيف استغلت الشركات رسوم ترامب الجمركية لزيادة المبيعات ؟ ,https://www.albayan.ae/financial-times/42823,albayan.ae,Arabic,0.0,gdelt_gkg
TSLA,2025-05-01,Diskuse : ŠPANĚLSKO : Anatomie chyby - Neviditelný pes,https://neviditelnypes.lidovky.cz/klima/spanelsko-anatomie-chyby.A250501_152449_p_klima_nef/diskuse,neviditelnypes.lidovky.cz,Czech,0.0,gdelt_gkg
TSLA,2025-05-01,Dems ask tough questions about DOGE as Musk departs,https://www.theregister.com/2025/05/01/dems_ask_for_musks_financial/,theregister.com,English,0.0,gdelt_gkg
TSLA,2025-05-01,财经资讯AI速递 ： 昨夜今晨财经热点一览 丨2025年5月2日,https://news.sina.com.cn/zx/ds/2025-05-02/doc-inevchxn0139883.shtml,news.sina.com.cn,Chinese,0.0,gdelt_gkg
TSLA,2025-05-01, 【 新聞直擊 】 中共高層迎叛變潮 ？ 美國安顧問大換血 | CIA | 招募中共高官 | Signal,https://www.ntdtv.com/b5/2025/05/01/a103981568.html,ntdtv.com,Chinese,0.0,gdelt_gkg
TSLA,2025-05-01,"Cathie Wood Sees Palantir Dominating Enterprise AI , Wonders How Microsoft Will Manage  Massive Disruption  Will Excel Finally Die ? ",https://finance.yahoo.com/news/cathie-wood-sees-palantir-dominating-160218673.html,finance.yahoo.com,English,0.0,gdelt_gkg
TSLA,2025-05-01,Vancouver man faces charges in stabbing that left another man seriously injured,https://www.columbian.com/news/2025/may/01/vancouver-man-faces-charges-in-stabbing-that-left-another-man-seriously-injured/,columbian.com,English,0.0,gdelt_gkg
TSLA,2025-05-01,Listing of the Day : 2811 Franklin Road,https://www.arlnow.com/2025/05/01/listing-of-the-day-2811-franklin-road/,arlnow.com,English,0.0,gdelt_gkg
TSLA,2025-05-01,馬斯克將淡出華府 DOGE將繼續完成使命 | 川普 | 白宮 | 特斯拉,https://www.ntdtv.com/b5/2025/05/01/a103981640.html,ntdtv.com,Chinese,0.0,gdelt_gkg
TSLA,2025-05-01,The first driverless semis have started running regular longhaul routes,https://www.wyff4.com/article/first-driverless-semis-have-started-running-regular-longhaul-routes/64647746,wyff4.com,English,0.0,gdelt_gkg
TSLA,2025-05-01,Sen . Ernst highlights AI role in DOGE mission as Musk reflects on mixed success,https://foxbaltimore.com/news/nation-world/senator-joni-ernst-highlights-ai-role-doge-mission-elon-musk-reflects-mixed-success-tesla-stock-ceo-trump-savings-artificial-intelligence,foxbaltimore.com,English,0.0,gdelt_gkg
TSLA,2025-05-01,"Biden administration kept disinformation  dossier  on Trump cabinet officials , Rubio says",https://nebraska.tv/news/nation-world/biden-administration-kept-disinformation-dossier-on-trump-cabinet-officials-rubio-says-global-engagement-center-state-department-censorship-coronavirus-pandemic,nebraska.tv,English,0.0,gdelt_gkg
TSLA,2025-05-01,"Biden administration kept disinformation  dossier  on Trump cabinet officials , Rubio says",https://wtov9.com/news/nation-world/biden-administration-kept-disinformation-dossier-on-trump-cabinet-officials-rubio-says-global-engagement-center-state-department-censorship-coronavirus-pandemic,wtov9.com,English,0.0,gdelt_gkg
TSLA,2025-05-01,Bilmärke i kris : Ska sparka personal och spara 18 miljarder,https://nyheter24.se/nyheter/motor/1394321-bilmarke-i-kris-ska-sparka-personal-och-spara-18-miljarder,nyheter24.se,Swedish,0.0,gdelt_gkg
TSLA,2025-05-01,"Assembled - In - America 2026 Hyundai IONIQ 9 EV Delivers 300+ Miles of Range From $58 , 955",https://www.prnewswire.com/news-releases/assembled-in-america-2026-hyundai-ioniq-9-ev-delivers-300-miles-of-range-from-58-955--302444667.html,prnewswire.com,English,0.0,gdelt_gkg
TSLA,2025-05-01,Tariff Trouble : America Cheapest Electric Motorcycles Are Getting Pricier,https://www.topspeed.com/zero-motorcycles-price-update/,topspeed.com,English,0.0,gdelt_gkg
TSLA,2025-05-01,5月1日財經快報 華爾街日報稱特斯拉要換馬斯克 遭雙方否認 | 巴菲特 | 失業救濟人數 | 美國陸軍,https://www.ntdtv.com/b5/2025/05/01/a103981646.html,ntdtv.com,Chinese,0.0,gdelt_gkg
TSLA,2025-05-01,May Day : More Anti - Trump Protests by Soros - Funded Groups - National Legal And Policy Center,https://nlpc.org/government-integrity-project/may-day-more-anti-trump-protests-by-soros-funded-groups/,nlpc.org,English,0.0,gdelt_gkg
TSLA,2025-05-01,"Biden administration kept disinformation  dossier  on Trump cabinet officials , Rubio says",https://fox4beaumont.com/news/nation-world/biden-administration-kept-disinformation-dossier-on-trump-cabinet-officials-rubio-says-global-engagement-center-state-department-censorship-coronavirus-pandemic,fox4beaumont.com,English,0.0,gdelt_gkg
TSLA,2025-05-01,"Biden administration kept disinformation  dossier  on Trump cabinet officials , Rubio says",https://klewtv.com/news/nation-world/biden-administration-kept-disinformation-dossier-on-trump-cabinet-officials-rubio-says-global-engagement-center-state-department-censorship-coronavirus-pandemic,klewtv.com,English,0.0,gdelt_gkg
TSLA,2025-05-01,Elon Musk : Tesla board really should have a plan to replace him . ,https://slate.com/technology/2025/05/elon-musk-tesla-board-ceo-replace-stock-doge-trump.html,slate.com,English,0.0,gdelt_gkg
TSLA,2025-05-01,美股集体收涨 ， 微软涨超7 %， 黄金大跌 ； 换掉马斯克 ？ 特斯拉发声 ； 五一  前大量放票 ？ 12306回应 ； 多地门店  反向抹零 ， 永辉道歉丨每经早参,https://baijiahao.baidu.com/s?id=1830960618441854518,baijiahao.baidu.com,Chinese,0.0,gdelt_gkg
TSLA,2025-05-01,特斯拉五一特惠 ： 149元超级充电卡 ， 100度电轻松行 - 智能汽车 - ITBear科技资讯,http://www.itbear.com.cn/html/2025-05/808159.html,itbear.com.cn,Chinese,0.0,gdelt_gkg
TSLA,2025-05-01,特斯拉Semi电动卡车量产在即 ， 六年等待终见曙光 - 智能汽车 - ITBear科技资讯,http://www.itbear.com.cn/html/2025-05/808150.html,itbear.com.cn,Chinese,0.0,gdelt_gkg
TSLA,2025-05-01,Musk admite que la DOGE - no - alcanzó sus objetivos iniciales,https://www.milenio.com/internacional/musk-admite-que-la-doge-no-alcanzo-sus-objetivos-iniciales,milenio.com,Spanish,0.0,gdelt_gkg
TSLA,2025-05-01,Sen . Ernst highlights AI role in DOGE mission as Musk reflects on mixed success,https://siouxlandnews.com/news/nation-world/senator-joni-ernst-highlights-ai-role-doge-mission-elon-musk-reflects-mixed-success-tesla-stock-ceo-trump-savings-artificial-intelligence,siouxlandnews.com,English,0.0,gdelt_gkg
TSLA,2025-05-01,The first driverless semis have started running regular longhaul routes,https://www.wgal.com/article/first-driverless-semis-have-started-running-regular-longhaul-routes/64647746,wgal.com,English,0.0,gdelt_gkg
TSLA,2025-05-01,Sen . Ernst highlights AI role in DOGE mission as Musk reflects on mixed success,https://krcrtv.com/news/nation-world/senator-joni-ernst-highlights-ai-role-doge-mission-elon-musk-reflects-mixed-success-tesla-stock-ceo-trump-savings-artificial-intelligence,krcrtv.com,English,0.0,gdelt_gkg
TSLA,2025-05-01,The first driverless semis have started running regular longhaul routes,https://www.kcra.com/article/first-driverless-semis-have-started-running-regular-longhaul-routes/64647746,kcra.com,English,0.0,gdelt_gkg
TSLA,2025-05-01,Sen . Ernst highlights AI role in DOGE mission as Musk reflects on mixed success,https://klewtv.com/news/nation-world/senator-joni-ernst-highlights-ai-role-doge-mission-elon-musk-reflects-mixed-success-tesla-stock-ceo-trump-savings-artificial-intelligence,klewtv.com,English,0.0,gdelt_gkg
TSLA,2025-05-01,Týden s technologiemi : Amazon spouští konkurenci pro Starlink . Po letech plánování má projekt Kuiper první satelity na orbitu,https://archiv.hn.cz/c1-67720730-tyden-s-technologiemi-amazon-spousti-konkurenci-pro-starlink-po-letech-planovani-ma-projekt-kuiper-prvni-satelity-na-orbitu,archiv.hn.cz,Czech,0.0,gdelt_gkg
TSLA,2025-05-01,"U . S . stocks close higher on strong earnings , AI optimism",https://www.thestar.com.my/news/world/2025/05/02/us-stocks-close-higher-on-strong-earnings-ai-optimism,thestar.com.my,English,0.0,gdelt_gkg
TSLA,2025-05-01,Flailing CNN Pushing  Fake New Story Published by WSJ About Tesla Looking to Replace Elon Musk,https://redstate.com/beccalower/2025/05/01/wsj-elon-musk-tesla-n2188586,redstate.com,English,0.0,gdelt_gkg
TSLA,2025-05-01,8 Vehicles Idaho Drivers Need To Stop Driving ASAP ! ,https://liteonline.com/ixp/657/p/8-vehicles-you-need-to-stop-driving-asap-idaho/,liteonline.com,English,0.0,gdelt_gkg
TSLA,2025-05-01,Jake Pearson,https://www.techdirt.com/user/jake-pearson/,techdirt.com,English,0.0,gdelt_gkg
TSLA,2025-05-01,Sen . Ernst highlights AI role in DOGE mission as Musk reflects on mixed success,https://abcnews4.com/news/nation-world/senator-joni-ernst-highlights-ai-role-doge-mission-elon-musk-reflects-mixed-success-tesla-stock-ceo-trump-savings-artificial-intelligence,abcnews4.com,English,0.0,gdelt_gkg
TSLA,2025-05-01,Gavin kliger stories at Techdirt . ,https://www.techdirt.com/tag/gavin-kliger/,techdirt.com,English,0.0,gdelt_gkg
TSLA,2025-05-01,Elon Musk reconnaît que le Doge na pas atteint ses objectifs de réduction des coûts,https://hyeres.maville.com/actu/actudet_-elon-musk-reconnait-que-le-doge-n-a-pas-atteint-ses-objectifs-de-reduction-des-couts-_fil-6788572_actu.Htm,hyeres.maville.com,French,0.0,gdelt_gkg
TSLA,2025-05-01,"Ferrari 296 Speciale unveiled : The Prancing Horse fastest ,  most extreme  car yet",https://www.townsvillebulletin.com.au/motoring/on-the-road/ferrari-296-speciale-unveiled-the-prancing-horses-fastest-most-extreme-car-yet/news-story/f76e85ea651e4db8186ab6cc4da0d462?nk=141ce07522027a3005a65b9b625f6b72-1746139618,townsvillebulletin.com.au,English,0.0,gdelt_gkg
TSLA,2025-05-01,Sen . Ernst highlights AI role in DOGE mission as Musk reflects on mixed success,https://13wham.com/news/nation-world/senator-joni-ernst-highlights-ai-role-doge-mission-elon-musk-reflects-mixed-success-tesla-stock-ceo-trump-savings-artificial-intelligence,13wham.com,English,0.0,gdelt_gkg
TSLA,2025-05-01,Sen . Ernst highlights AI role in DOGE mission as Musk reflects on mixed success,https://turnto10.com/news/nation-world/senator-joni-ernst-highlights-ai-role-doge-mission-elon-musk-reflects-mixed-success-tesla-stock-ceo-trump-savings-artificial-intelligence,turnto10.com,English,0.0,gdelt_gkg
TSLA,2025-05-01,  Better off : Claims Tesla looked to replace Elon Musk,https://www.townsvillebulletin.com.au/motoring/on-the-road/better-off-claims-tesla-looked-to-replace-elon-musk/news-story/4fc83325c2ed7732693ad89c76371ad2?nk=24bd3745b6358f995e2e38d242ad171f-1746139635,townsvillebulletin.com.au,English,0.0,gdelt_gkg
TSLA,2025-05-01,"Alijah Arenas , USC recruit and son of former NBA player Gilbert Arenas , out of hospital after fiery Cybertruck crash",https://abc7.com/post/alijah-arenas-usc-recruit-son-former-nba-player-gilbert-hospital-crash/16295162/,abc7.com,English,0.0,gdelt_gkg
TSLA,2025-05-01,Sen . Ernst highlights AI role in DOGE mission as Musk reflects on mixed success,https://wjla.com/news/nation-world/senator-joni-ernst-highlights-ai-role-doge-mission-elon-musk-reflects-mixed-success-tesla-stock-ceo-trump-savings-artificial-intelligence,wjla.com,English,0.0,gdelt_gkg
TSLA,2025-05-01,Yet another woke judge goes lawless in move against Trump,https://nypost.com/2025/05/01/opinion/yet-another-woke-judge-goes-lawless-in-move-against-trump/,nypost.com,English,0.0,gdelt_gkg
TSLA,2025-05-01,Sen . Ernst highlights AI role in DOGE mission as Musk reflects on mixed success,https://upnorthlive.com/news/nation-world/senator-joni-ernst-highlights-ai-role-doge-mission-elon-musk-reflects-mixed-success-tesla-stock-ceo-trump-savings-artificial-intelligence,upnorthlive.com,English,0.0,gdelt_gkg
TSLA,2025-05-01,The first driverless semis have started running regular longhaul routes,https://www.aol.com/first-driverless-semis-started-running-213139958.html,aol.com,English,0.0,gdelt_gkg
TSLA,2025-05-01,Sen . Ernst highlights AI role in DOGE mission as Musk reflects on mixed success,https://fox4beaumont.com/news/nation-world/senator-joni-ernst-highlights-ai-role-doge-mission-elon-musk-reflects-mixed-success-tesla-stock-ceo-trump-savings-artificial-intelligence,fox4beaumont.com,English,0.0,gdelt_gkg
TSLA,2025-05-01,"My First RV Trip with a Rivian R1S Cut My Range in Half , but Towing Was Shockingly Easy , and I Found the One Charging Station That Got It Right",https://www.torquenews.com/18000/my-first-rv-trip-rivian-r1s-cut-my-range-half-towing-was-shockingly-easy-and-i-found-one,torquenews.com,English,0.0,gdelt_gkg
TSLA,2025-05-01,Sen . Ernst highlights AI role in DOGE mission as Musk reflects on mixed success,https://fox23maine.com/news/nation-world/senator-joni-ernst-highlights-ai-role-doge-mission-elon-musk-reflects-mixed-success-tesla-stock-ceo-trump-savings-artificial-intelligence,fox23maine.com,English,0.0,gdelt_gkg
TSLA,2025-05-01,Elon Musk Reflects On His Work With DOGE During Trump First 100 Days,https://newsradio540.iheart.com/content/2025-05-01-elon-musk-reflects-on-his-work-with-doge-during-trumps-first-100-days/,newsradio540.iheart.com,English,0.0,gdelt_gkg
TSLA,2025-05-01,"Biden administration kept disinformation  dossier  on Trump cabinet officials , Rubio says",https://news3lv.com/news/nation-world/biden-administration-kept-disinformation-dossier-on-trump-cabinet-officials-rubio-says-global-engagement-center-state-department-censorship-coronavirus-pandemic,news3lv.com,English,0.0,gdelt_gkg
TSLA,2025-05-01,"Biden administration kept disinformation  dossier  on Trump cabinet officials , Rubio says",https://upnorthlive.com/news/nation-world/biden-administration-kept-disinformation-dossier-on-trump-cabinet-officials-rubio-says-global-engagement-center-state-department-censorship-coronavirus-pandemic,upnorthlive.com,English,0.0,gdelt_gkg
TSLA,2025-05-01,"Biden administration kept disinformation  dossier  on Trump cabinet officials , Rubio says",https://cbs2iowa.com/news/nation-world/biden-administration-kept-disinformation-dossier-on-trump-cabinet-officials-rubio-says-global-engagement-center-state-department-censorship-coronavirus-pandemic,cbs2iowa.com,English,0.0,gdelt_gkg
TSLA,2025-05-01,Sen . Ernst highlights AI role in DOGE mission as Musk reflects on mixed success,https://cbs2iowa.com/news/nation-world/senator-joni-ernst-highlights-ai-role-doge-mission-elon-musk-reflects-mixed-success-tesla-stock-ceo-trump-savings-artificial-intelligence,cbs2iowa.com,English,0.0,gdelt_gkg
TSLA,2025-05-01,Elon Musk Reflects On His Work With DOGE During Trump First 100 Days,https://960weli.iheart.com/content/2025-05-01-elon-musk-reflects-on-his-work-with-doge-during-trumps-first-100-days/,960weli.iheart.com,English,0.0,gdelt_gkg
TSLA,2025-05-01,Elon Musk Reflects On His Work With DOGE During Trump First 100 Days,https://knst.iheart.com/content/2025-05-01-elon-musk-reflects-on-his-work-with-doge-during-trumps-first-100-days/,knst.iheart.com,English,0.0,gdelt_gkg
TSLA,2025-05-01,Una alianza al borde del colapso : el inesperado giro que podría hundir a un gigante tecnológico y a E . E . U . U . ,https://es.gizmodo.com/una-alianza-al-borde-del-colapso-el-inesperado-giro-que-podria-hundir-a-un-gigante-tecnologico-y-a-e-e-u-u-2000163717,es.gizmodo.com,Spanish,0.0,gdelt_gkg
TSLA,2025-05-01,Doge : Elon Musk reconnaît l  échec de sa commission,https://www.lessentiel.lu/fr/story/etats-unis-elon-musk-reconnait-que-doge-n-a-pas-atteint-ses-objectifs-103335041,lessentiel.lu,French,0.0,gdelt_gkg
TSLA,2025-05-01,Sen . Ernst highlights AI role in DOGE mission as Musk reflects on mixed success,https://fox17.com/news/nation-world/senator-joni-ernst-highlights-ai-role-doge-mission-elon-musk-reflects-mixed-success-tesla-stock-ceo-trump-savings-artificial-intelligence,fox17.com,English,0.0,gdelt_gkg
TSLA,2025-05-01,Elon Musk Reflects On His Work With DOGE During Trump First 100 Days,https://wjdx.iheart.com/content/2025-05-01-elon-musk-reflects-on-his-work-with-doge-during-trumps-first-100-days/,wjdx.iheart.com,English,0.0,gdelt_gkg
TSLA,2025-05-01,Elon Musk Reflects On His Work With DOGE During Trump First 100 Days,https://wlac.iheart.com/content/2025-05-01-elon-musk-reflects-on-his-work-with-doge-during-trumps-first-100-days/,wlac.iheart.com,English,0.0,gdelt_gkg
TSLA,2025-05-01,Elon Musk Reflects On His Work With DOGE During Trump First 100 Days,https://veropatriot.iheart.com/content/2025-05-01-elon-musk-reflects-on-his-work-with-doge-during-trumps-first-100-days/,veropatriot.iheart.com,English,0.0,gdelt_gkg
TSLA,2025-05-01,Trump Media Officially Quits Delaware for  Pro - busines Florida,https://www.wtma.com/news/trump-media-officially-quits-delaware-for-pro-business-florida/,wtma.com,English,0.0,gdelt_gkg
TSLA,2025-05-01,  Better off : Claims Tesla looked to replace Elon Musk,https://www.cairnspost.com.au/motoring/on-the-road/better-off-claims-tesla-looked-to-replace-elon-musk/news-story/4fc83325c2ed7732693ad89c76371ad2?nk=d72a0ae68061e3810c8b4e66eb3519d9-1746137816,cairnspost.com.au,English,0.0,gdelt_gkg
TSLA,2025-05-01,Bill Gates vê filantropia ameaçada por Trump - 01 / 05 / 2025 - Mercado,https://www1.folha.uol.com.br/mercado/2025/05/bill-gates-ve-fundacao-filantropica-ameacada-durante-era-trump.shtml,folha.uol.com.br,Portuguese,0.0,gdelt_gkg
TSLA,2025-05-01,Trump Media Officially Quits Delaware for  Pro - busines Florida,https://www.1290wlby.com/news/trump-media-officially-quits-delaware-for-pro-business-florida/,1290wlby.com,English,0.0,gdelt_gkg
TSLA,2025-05-01,Elon Musk Reflects On His Work With DOGE During Trump First 100 Days,https://943wsc.iheart.com/content/2025-05-01-elon-musk-reflects-on-his-work-with-doge-during-trumps-first-100-days/,943wsc.iheart.com,English,0.0,gdelt_gkg
TSLA,2025-05-01,Sen . Ernst highlights AI role in DOGE mission as Musk reflects on mixed success,https://bakersfieldnow.com/news/nation-world/senator-joni-ernst-highlights-ai-role-doge-mission-elon-musk-reflects-mixed-success-tesla-stock-ceo-trump-savings-artificial-intelligence,bakersfieldnow.com,English,0.0,gdelt_gkg
TSLA,2025-05-01,"Biden administration kept disinformation  dossier  on Trump cabinet officials , Rubio says",https://fox17.com/news/nation-world/biden-administration-kept-disinformation-dossier-on-trump-cabinet-officials-rubio-says-global-engagement-center-state-department-censorship-coronavirus-pandemic,fox17.com,English,0.0,gdelt_gkg
TSLA,2025-05-01,Sen . Ernst highlights AI role in DOGE mission as Musk reflects on mixed success,https://abc3340.com/news/nation-world/senator-joni-ernst-highlights-ai-role-doge-mission-elon-musk-reflects-mixed-success-tesla-stock-ceo-trump-savings-artificial-intelligence,abc3340.com,English,0.0,gdelt_gkg
TSLA,2025-05-01,Musk : DOGE may stay for Trump entire term,https://signalscv.com/2025/05/musk-doge-may-stay-for-trumps-entire-term/,signalscv.com,English,0.0,gdelt_gkg
TSLA,2025-05-01,"Ferrari 296 Speciale unveiled : The Prancing Horse fastest ,  most extreme  car yet",https://www.cairnspost.com.au/motoring/on-the-road/ferrari-296-speciale-unveiled-the-prancing-horses-fastest-most-extreme-car-yet/news-story/f76e85ea651e4db8186ab6cc4da0d462?nk=d4d480f9de39651a1e8e451811519fd2-1746137801,cairnspost.com.au,English,0.0,gdelt_gkg
TSLA,2025-05-01,"Biden administration kept disinformation  dossier  on Trump cabinet officials , Rubio says",https://bakersfieldnow.com/news/nation-world/biden-administration-kept-disinformation-dossier-on-trump-cabinet-officials-rubio-says-global-engagement-center-state-department-censorship-coronavirus-pandemic,bakersfieldnow.com,English,0.0,gdelt_gkg
TSLA,2025-05-01,Elon Musk Reflects On His Work With DOGE During Trump First 100 Days,https://newsradio967.iheart.com/content/2025-05-01-elon-musk-reflects-on-his-work-with-doge-during-trumps-first-100-days/,newsradio967.iheart.com,English,0.0,gdelt_gkg
TSLA,2025-05-01,Elon Musk Reflects On His Work With DOGE During Trump First 100 Days,https://wrko.iheart.com/content/2025-05-01-elon-musk-reflects-on-his-work-with-doge-during-trumps-first-100-days/,wrko.iheart.com,English,0.0,gdelt_gkg
TSLA,2025-05-01,What we know about Tesla alleged plan to replace Elon Musk as CEO,https://www.yahoo.com/news/know-teslas-alleged-plan-replace-211400835.html,yahoo.com,English,0.0,gdelt_gkg
TSLA,2025-05-01,US robot makers hope to beat China in humanoid race . Tariffs could affect their ambitions,https://www.whec.com/national-world/us-robot-makers-hope-to-beat-china-in-humanoid-race-tariffs-could-affect-their-ambitions/,whec.com,English,0.0,gdelt_gkg
TSLA,2025-05-01,Elon Musk Reflects On His Work With DOGE During Trump First 100 Days | Newsradio WOOD 1300 and 106 . 9 FM,https://woodradio.iheart.com/content/2025-05-01-elon-musk-reflects-on-his-work-with-doge-during-trumps-first-100-days/,woodradio.iheart.com,English,0.0,gdelt_gkg
TSLA,2025-05-01,Uppgifter : Tesla letar efter nästa vd,https://www.aftonbladet.se/nyheter/a/Rr77qd/aftonbladet-direkt?pinnedEntry=1374824,aftonbladet.se,Swedish,0.0,gdelt_gkg
TSLA,2025-05-01,Trump Admits Kids Will Now Have Less Dolls Thanks to Tariff War,https://radaronline.com/p/trump-war-toys-kids-less-dolls-tariffs-china/,radaronline.com,English,0.0,gdelt_gkg
TSLA,2025-05-01,"BYD Launches In Benin , Seychelles , Croatia , Slovakia , & Cambodia , Plus The World Largest Car Carrier ! ",https://cleantechnica.com/2025/05/01/byd-launches-in-benin-seychelles-croatia-slovakia-cambodia-plus-the-worlds-largest-car-carrier/,cleantechnica.com,English,0.0,gdelt_gkg
TSLA,2025-05-01,Porsche Troubles May Matter More to India Than Tesla Promise,https://www.livemint.com/companies/news/porsches-troubles-may-matter-more-to-india-than-tesla-s-promise-11746130777182.html,livemint.com,English,0.0,gdelt_gkg
TSLA,2025-05-01,Elon Musk admet que le Doge nest pas  aussi efficace  quil le souhaiterait,https://www.lepoint.fr/monde/elon-musk-admet-que-le-doge-n-est-pas-aussi-efficace-qu-il-le-souhaiterait-01-05-2025-2588665_24.php,lepoint.fr,French,0.0,gdelt_gkg
TSLA,2025-05-01,"  Não fomos tão eficazes quanto eu gostaria , diz Musk sobre trabalho no governo Trump",https://g1.globo.com/mundo/noticia/2025/05/01/nao-fomos-tao-eficazes-quanto-eu-gostaria-diz-musk-sobre-trabalho-no-governo-trump.ghtml,g1.globo.com,Portuguese,0.0,gdelt_gkg
TSLA,2025-05-01,"Biden administration kept disinformation  dossier  on Trump cabinet officials , Rubio says",https://ktvo.com/news/nation-world/biden-administration-kept-disinformation-dossier-on-trump-cabinet-officials-rubio-says-global-engagement-center-state-department-censorship-coronavirus-pandemic,ktvo.com,English,0.0,gdelt_gkg
TSLA,2025-05-01,Sen . Ernst highlights AI role in DOGE mission as Musk reflects on mixed success,https://ktvo.com/news/nation-world/senator-joni-ernst-highlights-ai-role-doge-mission-elon-musk-reflects-mixed-success-tesla-stock-ceo-trump-savings-artificial-intelligence,ktvo.com,English,0.0,gdelt_gkg
TSLA,2025-05-01,Elon Musk Reflects On His Work With DOGE During Trump First 100 Days,https://wtag.iheart.com/content/2025-05-01-elon-musk-reflects-on-his-work-with-doge-during-trumps-first-100-days/,wtag.iheart.com,English,0.0,gdelt_gkg
TSLA,2025-05-01,提质促新 ， 绘就城市消费活力图景,https://www.wxrb.com:443/doc/2025/05/02/400410.shtml,wxrb.com,Chinese,0.0,gdelt_gkg
TSLA,2025-05-01,Tesla without Musk ? Board faces unique challenge whether he stays or goes,https://www.livemint.com/companies/company-results/tesla-without-musk-board-faces-unique-challenge-whether-he-stays-or-goes-11746132725567.html,livemint.com,English,0.0,gdelt_gkg
TSLA,2025-05-01,Elon Musk Reflects On His Work With DOGE During Trump First 100 Days,https://1190kex.iheart.com/content/2025-05-01-elon-musk-reflects-on-his-work-with-doge-during-trumps-first-100-days/,1190kex.iheart.com,English,0.0,gdelt_gkg
TSLA,2025-05-01,Tesla niega que busque reemplazar a Musk tras malos resultados,https://rancherita.com.mx/noticias/detalles/176129/tesla-niega-que-busque-reemplazar-a-musk-tras-malos-resultados.html,rancherita.com.mx,Spanish,0.0,gdelt_gkg
TSLA,2025-05-01,Sen . Ernst highlights AI role in DOGE mission as Musk reflects on mixed success,https://news3lv.com/news/nation-world/senator-joni-ernst-highlights-ai-role-doge-mission-elon-musk-reflects-mixed-success-tesla-stock-ceo-trump-savings-artificial-intelligence,news3lv.com,English,0.0,gdelt_gkg
TSLA,2025-05-01,Musk admite que Doge não alcançou seus objetivos iniciais - 01 / 05 / 2025 - Mundo,https://www1.folha.uol.com.br/mundo/2025/05/elon-musk-admite-que-departamento-liderado-por-ele-para-cortar-gastos-nos-eua-nao-alcancou-objetivos.shtml,folha.uol.com.br,Portuguese,0.0,gdelt_gkg
TSLA,2025-05-01,Elon Musk Reflects On His Work With DOGE During Trump First 100 Days,https://talkradio1080.iheart.com/content/2025-05-01-elon-musk-reflects-on-his-work-with-doge-during-trumps-first-100-days/,talkradio1080.iheart.com,English,0.0,gdelt_gkg
TSLA,2025-05-01,US Protesters Mark  May Day  With Demonstrations Against President Trump Policies,https://saharareporters.com/2025/05/01/us-protesters-mark-may-day-demonstrations-against-president-trumps-policies,saharareporters.com,English,0.0,gdelt_gkg
TSLA,2025-05-01,Sen . Ernst highlights AI role in DOGE mission as Musk reflects on mixed success,https://katu.com/news/nation-world/senator-joni-ernst-highlights-ai-role-doge-mission-elon-musk-reflects-mixed-success-tesla-stock-ceo-trump-savings-artificial-intelligence,katu.com,English,0.0,gdelt_gkg
TSLA,2025-05-01,Elon Musk Reflects On His Work With DOGE During Trump First 100 Days,https://newsradio1290wtks.iheart.com/content/2025-05-01-elon-musk-reflects-on-his-work-with-doge-during-trumps-first-100-days/,newsradio1290wtks.iheart.com,English,0.0,gdelt_gkg
TSLA,2025-05-01,Sen . Ernst highlights AI role in DOGE mission as Musk reflects on mixed success,https://wlos.com/news/nation-world/senator-joni-ernst-highlights-ai-role-doge-mission-elon-musk-reflects-mixed-success-tesla-stock-ceo-trump-savings-artificial-intelligence,wlos.com,English,0.0,gdelt_gkg
TSLA,2025-05-01,Will Tesla Close All Dealerships in New York ? ,https://www.dailydot.com/news/tesla-new-york-closures/,dailydot.com,English,0.0,gdelt_gkg
TSLA,2025-05-01,طيف بايدن يلاحق ترامب بعد مئة يوم في البيت الأبيض,https://www.azzaman.com/%D8%B7%D9%8A%D9%81-%D8%A8%D8%A7%D9%8A%D8%AF%D9%86-%D9%8A%D9%84%D8%A7%D8%AD%D9%82-%D8%AA%D8%B1%D8%A7%D9%85%D8%A8-%D8%A8%D8%B9%D8%AF-%D9%85%D8%A6%D8%A9-%D9%8A%D9%88%D9%85-%D9%81%D9%8A-%D8%A7%D9%84%D8%A8/,azzaman.com,Arabic,0.0,gdelt_gkg
TSLA,2025-05-01,ماسك يعترف بتعثر  حملة الترشيد  ويقلص دوره في إدارة ترامب,https://www.akhbarona.com/technology/405174.html,akhbarona.com,Arabic,0.0,gdelt_gkg
TSLA,2025-05-01,Elon Musk Reflects On His Work With DOGE During Trump First 100 Days,https://ktrh.iheart.com/content/2025-05-01-elon-musk-reflects-on-his-work-with-doge-during-trumps-first-100-days/,ktrh.iheart.com,English,0.0,gdelt_gkg
TSLA,2025-05-01,Elon Musk Reflects On His Work With DOGE During Trump First 100 Days,https://kogo.iheart.com/content/2025-05-01-elon-musk-reflects-on-his-work-with-doge-during-trumps-first-100-days/,kogo.iheart.com,English,0.0,gdelt_gkg
TSLA,2025-05-01,Elon Musk Reflects On His Work With DOGE During Trump First 100 Days,https://800wvhu.iheart.com/content/2025-05-01-elon-musk-reflects-on-his-work-with-doge-during-trumps-first-100-days/,800wvhu.iheart.com,English,0.0,gdelt_gkg
TSLA,2025-05-01,"머스크 , 각료 사퇴설 …  테슬라 , 후임 CEO 물색  보도도 - 국민일보",https://www.kmib.co.kr/article/view.asp?arcid=1746087787&code=11141400&sid1=int,kmib.co.kr,Korean,0.0,gdelt_gkg
TSLA,2025-05-01,"Nvidia initiated , Starbucks downgraded : Wall Street top analyst calls",https://finance.yahoo.com/news/nvidia-initiated-starbucks-downgraded-wall-133200680.html,finance.yahoo.com,English,0.0,gdelt_gkg
TSLA,2025-05-01,"Biden administration kept disinformation  dossier  on Trump cabinet officials , Rubio says",https://foxrochester.com/news/nation-world/biden-administration-kept-disinformation-dossier-on-trump-cabinet-officials-rubio-says-global-engagement-center-state-department-censorship-coronavirus-pandemic,foxrochester.com,English,0.0,gdelt_gkg
TSLA,2025-05-01,Tras tres meses Musk admite que no alcanzó sus objetivos en el gobierno de Trump,https://www.excelsior.com.mx/global/musk-no-alcanzo-objetivos-doge/1713660,excelsior.com.mx,Spanish,0.0,gdelt_gkg
TSLA,2025-05-01,Elon Musk Reflects On His Work With DOGE During Trump First 100 Days,https://wonw1280.iheart.com/content/2025-05-01-elon-musk-reflects-on-his-work-with-doge-during-trumps-first-100-days/,wonw1280.iheart.com,English,0.0,gdelt_gkg
TSLA,2025-05-01,川普就任百天 … 馬斯克淡出白宮 正副國安顧問傳下台 | 美國新聞 | 全球,https://udn.com/news/story/6813/8711986,udn.com,Chinese,0.0,gdelt_gkg
TSLA,2025-05-01,Sen . Ernst highlights AI role in DOGE mission as Musk reflects on mixed success,https://foxrochester.com/news/nation-world/senator-joni-ernst-highlights-ai-role-doge-mission-elon-musk-reflects-mixed-success-tesla-stock-ceo-trump-savings-artificial-intelligence,foxrochester.com,English,0.0,gdelt_gkg
TSLA,2025-05-01,Mesa man faces charges for allegedly torching Tesla dealership,https://www.kvoa.com/news/crime/mesa-man-faces-charges-for-allegedly-torching-tesla-dealership/article_91a3aca4-3909-4511-9e91-eabf3e55eeda.html,kvoa.com,English,0.0,gdelt_gkg
TSLA,2025-05-01,"Biden administration kept disinformation  dossier  on Trump cabinet officials , Rubio says",https://fox23maine.com/news/nation-world/biden-administration-kept-disinformation-dossier-on-trump-cabinet-officials-rubio-says-global-engagement-center-state-department-censorship-coronavirus-pandemic,fox23maine.com,English,0.0,gdelt_gkg
TSLA,2025-05-01,Musk defends his work as he prepares to wind down at DOGE but gives hazy answers on future,https://www.citizensvoice.com/2025/05/01/musk-doge-wind-down/,citizensvoice.com,English,0.0,gdelt_gkg
TSLA,2025-05-01,Tesla Bull Larry Goldberg says  breathless announcement that Tesla board chair Robyn Denholm is selling all her Tesla shares is incredibly ... ,https://timesofindia.indiatimes.com/technology/tech-news/tesla-bull-larry-goldberg-says-breathless-announcements-that-tesla-board-chair-robyn-denholm-is-selling-all-her-tesla-shares-is-incredibly-/articleshow/120803077.cms,timesofindia.indiatimes.com,English,0.0,gdelt_gkg
TSLA,2025-05-01,US robot makers hope to beat China in humanoid race . Tariffs could affect their ambitions,https://www.whio.com/news/us-robot-makers-hope/DMOBRFSLCRGTPERRGKGJM7J2FI/,whio.com,English,0.0,gdelt_gkg
TSLA,2025-05-01,"Biden administration kept disinformation  dossier  on Trump cabinet officials , Rubio says",https://foxreno.com/news/nation-world/biden-administration-kept-disinformation-dossier-on-trump-cabinet-officials-rubio-says-global-engagement-center-state-department-censorship-coronavirus-pandemic,foxreno.com,English,0.0,gdelt_gkg
TSLA,2025-05-01,السيارات الكهربائية تثبت حضورها في معرض شنغهاي بقوة,https://www.alkhabarkw.com/egypt/40478.html,alkhabarkw.com,Arabic,0.0,gdelt_gkg
TSLA,2025-05-01,Replacing Elon Musk as Tesla CEO would pose a huge challenge,https://biztoc.com/x/922eb6841af4b67c,biztoc.com,English,0.0,gdelt_gkg
TSLA,2025-05-01,This Hybrid Is The Perfect First Step Into The Electrified World,https://www.topspeed.com/hybrid-perfect-first-step-into-electrified-world/,topspeed.com,English,0.0,gdelt_gkg
TSLA,2025-05-01,Elon Musk Reflects On His Work With DOGE During Trump First 100 Days,https://whoradio.iheart.com/content/2025-05-01-elon-musk-reflects-on-his-work-with-doge-during-trumps-first-100-days/,whoradio.iheart.com,English,0.0,gdelt_gkg
TSLA,2025-05-01,"Biden administration kept disinformation  dossier  on Trump cabinet officials , Rubio says",https://cbs4local.com/news/nation-world/biden-administration-kept-disinformation-dossier-on-trump-cabinet-officials-rubio-says-global-engagement-center-state-department-censorship-coronavirus-pandemic,cbs4local.com,English,0.0,gdelt_gkg
TSLA,2025-05-01,X and Tesla Face Major Declines as Europe Turns Away from Musk,https://www.riotimesonline.com/x-and-tesla-face-major-declines-as-europe-turns-away-from-musk/,riotimesonline.com,English,0.0,gdelt_gkg
TSLA,2025-05-01,إيلون ماسك باق على رأس تسلا : مجلس إدارة الشركة ينفي بحثه عن بديل لحليف ترامب,https://arabic.euronews.com/2025/05/01/robin-denholm-tesla-ceo-elon-musk-alternative-shares,arabic.euronews.com,Arabic,0.0,gdelt_gkg
TSLA,2025-05-01,100 Men vs . 1 Gorilla : But What if It King Kong ? ,https://www.cnet.com/culture/entertainment/100-men-vs-1-gorilla-but-what-if-its-king-kong/,cnet.com,English,0.0,gdelt_gkg
TSLA,2025-05-01,"Conselho da Tesla busca novo CEO para substituir Musk , diz jornal",https://carros.ig.com.br/2025-05-01/conselho-tesla-busca-novo-ceo-substituir-musk-diz-jornal.html,carros.ig.com.br,Portuguese,0.0,gdelt_gkg
TSLA,2025-05-01,Elon Musk Reflects On His Work With DOGE During Trump First 100 Days,https://klvi.iheart.com/content/2025-05-01-elon-musk-reflects-on-his-work-with-doge-during-trumps-first-100-days/,klvi.iheart.com,English,0.0,gdelt_gkg
TSLA,2025-05-01,"Biden administration kept disinformation  dossier  on Trump cabinet officials , Rubio says",https://nbcmontana.com/news/nation-world/biden-administration-kept-disinformation-dossier-on-trump-cabinet-officials-rubio-says-global-engagement-center-state-department-censorship-coronavirus-pandemic,nbcmontana.com,English,0.0,gdelt_gkg
TSLA,2025-05-01,Tesla without Musk ? Board faces unique challenge whether he stays or goes,https://www.marketscreener.com/quote/stock/TESLA-INC-6344549/news/Tesla-without-Musk-Board-faces-unique-challenge-whether-he-stays-or-goes-49794822/,marketscreener.com,English,0.0,gdelt_gkg
TSLA,2025-05-01,Elon Musk Reflects On His Work With DOGE During Trump First 100 Days | News Radio 1410 AM & 100 . 9 FM,https://newsradio1410.iheart.com/content/2025-05-01-elon-musk-reflects-on-his-work-with-doge-during-trumps-first-100-days/,newsradio1410.iheart.com,English,0.0,gdelt_gkg
TSLA,2025-05-01,"Ferrari 296 Speciale unveiled : The Prancing Horse fastest ,  most extreme  car yet",https://www.cairnspost.com.au/motoring/on-the-road/ferrari-296-speciale-unveiled-the-prancing-horses-fastest-most-extreme-car-yet/news-story/f76e85ea651e4db8186ab6cc4da0d462?nk=7ba1cd8ace166df66c8ac7cbbe6a696a-1746133299,cairnspost.com.au,English,0.0,gdelt_gkg
TSLA,2025-05-01,收盘 ： 美股收高科技股领涨 微软与Meta业绩提振市场情绪,https://finance.sina.com.cn/stock/usstock/c/2025-05-02/doc-inevcari2585240.shtml,finance.sina.com.cn,Chinese,0.0,gdelt_gkg
TSLA,2025-05-01,Elon Musk Reflects On His Work With DOGE During Trump First 100 Days,https://wgy.iheart.com/content/2025-05-01-elon-musk-reflects-on-his-work-with-doge-during-trumps-first-100-days/,wgy.iheart.com,English,0.0,gdelt_gkg
TSLA,2025-05-01,Sen . Ernst highlights AI role in DOGE mission as Musk reflects on mixed success,https://wcti12.com/news/nation-world/senator-joni-ernst-highlights-ai-role-doge-mission-elon-musk-reflects-mixed-success-tesla-stock-ceo-trump-savings-artificial-intelligence,wcti12.com,English,0.0,gdelt_gkg
TSLA,2025-05-01,Trump Media Officially Quits Delaware for  Pro - busines Florida,https://www.1490wosh.com/news/trump-media-officially-quits-delaware-for-pro-business-florida/,1490wosh.com,English,0.0,gdelt_gkg
TSLA,2025-05-01,  Better off : Claims Tesla looked to replace Elon Musk,https://www.cairnspost.com.au/motoring/on-the-road/better-off-claims-tesla-looked-to-replace-elon-musk/news-story/4fc83325c2ed7732693ad89c76371ad2?nk=43e67c858539d1d06f55d41fe91a87f6-1746133292,cairnspost.com.au,English,0.0,gdelt_gkg
TSLA,2025-05-01,Uppgifter : Tesla letar efter nästa vd,https://www.aftonbladet.se/nyheter/a/W0KQpr/uppgifter-tesla-letar-efter-nasta-vd,aftonbladet.se,Swedish,0.0,gdelt_gkg
TSLA,2025-05-01,Elon Musk Reflects On His Work With DOGE During Trump First 100 Days,https://wdov.iheart.com/content/2025-05-01-elon-musk-reflects-on-his-work-with-doge-during-trumps-first-100-days/,wdov.iheart.com,English,0.0,gdelt_gkg
TSLA,2025-05-01,"Elon Musk admite que la DOGE no alcanzó sus objetivos iniciales – Periódico Zócalo | Noticias de Saltillo , Torreón , Piedras Negras , Monclova , Acuña",https://www.zocalo.com.mx/elon-musk-admite-que-la-doge-no-alcanzo-sus-objetivos-iniciales/,zocalo.com.mx,Spanish,0.0,gdelt_gkg
TSLA,2025-05-01,Tesla - Aktie mit Abschlägen : Bericht zu Nachfolger - Suche für Musk falsch,https://www.finanzen.ch/nachrichten/aktien/tesla-aktie-mit-abschlagen-bericht-zu-nachfolger-suche-fuer-musk-falsch-1034656090,finanzen.ch,German,0.0,gdelt_gkg
TSLA,2025-05-01,Elon Musk Reflects On His Work With DOGE During Trump First 100 Days,https://650keni.iheart.com/content/2025-05-01-elon-musk-reflects-on-his-work-with-doge-during-trumps-first-100-days/,650keni.iheart.com,English,0.0,gdelt_gkg
TSLA,2025-05-01,Wall Street - Heavily Traded,https://www.bozemandailychronicle.com/ap_news/business/wall-street-heavily-traded/article_a38b4dbb-225c-5c37-921d-e9fc8ef2bfeb.html,bozemandailychronicle.com,English,0.0,gdelt_gkg
TSLA,2025-05-01,"Biden administration kept disinformation  dossier  on Trump cabinet officials , Rubio says",https://cbs6albany.com/news/nation-world/biden-administration-kept-disinformation-dossier-on-trump-cabinet-officials-rubio-says-global-engagement-center-state-department-censorship-coronavirus-pandemic,cbs6albany.com,English,0.0,gdelt_gkg
TSLA,2025-05-01,Sen . Ernst highlights AI role in DOGE mission as Musk reflects on mixed success,https://komonews.com/news/nation-world/senator-joni-ernst-highlights-ai-role-doge-mission-elon-musk-reflects-mixed-success-tesla-stock-ceo-trump-savings-artificial-intelligence,komonews.com,English,0.0,gdelt_gkg
TSLA,2025-05-01,Elon Musk Reflects On His Work With DOGE During Trump First 100 Days,https://1061fmtalk.iheart.com/content/2025-05-01-elon-musk-reflects-on-his-work-with-doge-during-trumps-first-100-days/,1061fmtalk.iheart.com,English,0.0,gdelt_gkg
TSLA,2025-05-01,Elon Musk Reflects On His Work With DOGE During Trump First 100 Days,https://kfbk.iheart.com/content/2025-05-01-elon-musk-reflects-on-his-work-with-doge-during-trumps-first-100-days/,kfbk.iheart.com,English,0.0,gdelt_gkg
TSLA,2025-05-01,Elon Musk Reflects On His Work With DOGE During Trump First 100 Days,https://wccfradio.iheart.com/content/2025-05-01-elon-musk-reflects-on-his-work-with-doge-during-trumps-first-100-days/,wccfradio.iheart.com,English,0.0,gdelt_gkg
TSLA,2025-05-01,US EV market faces political and trade headwinds,https://www.power-technology.com/analyst-comment/us-ev-market-political-trade-headwinds/,power-technology.com,English,0.0,gdelt_gkg
TSLA,2025-05-01,백악관 떠나는 머스크 … 본업에 집중,http://segye.com/newsView/20250501513208,segye.com,Korean,0.0,gdelt_gkg
TSLA,2025-05-01,tats - Unis .  De nombreuses plaintes  : Elon Musk reconnaît ne pas avoir atteint les objectifs de baisse des dépenses fédrales,https://www.republicain-lorrain.fr/politique/2025/05/01/de-nombreuses-plaintes-elon-musk-reconnait-ne-pas-avoir-atteint-les-objectifs-de-baisse-des-depenses-federales,republicain-lorrain.fr,French,0.0,gdelt_gkg
TSLA,2025-05-01,Etats - Unis :  Ce n  était pas très amusant  … Elon Musk admet l  échec partiel du Doge,https://www.20minutes.fr/monde/etats-unis/4151364-20250501-etats-unis-tres-amusant-elon-musk-admet-echec-partiel-doge?at_medium=display&at_campaign=149,20minutes.fr,French,0.0,gdelt_gkg
TSLA,2025-05-01,Elon Musk Reflects On His Work With DOGE During Trump First 100 Days | News Radio 98 . 3FM & 1400AM WMAN,https://wmanfm.iheart.com/content/2025-05-01-elon-musk-reflects-on-his-work-with-doge-during-trumps-first-100-days/,wmanfm.iheart.com,English,0.0,gdelt_gkg
TSLA,2025-05-01,Elon Musk en sursis chez Tesla ? Le conseil dadministration lui chercherait un remplaçant,https://www.capital.fr/auto/elon-musk-en-sursis-chez-tesla-le-conseil-dadministration-lui-chercherait-un-remplacant-1513364,capital.fr,French,0.0,gdelt_gkg
TSLA,2025-05-01,WSJ objavio da Tesla traži novog šefa . Javio se Musk i ljut je,https://www.index.hr/vijesti/clanak/wsj-objavio-da-tesla-trazi-novog-sefa-javio-se-musk-i-ljut-je/2666722.aspx,index.hr,Croatian,0.0,gdelt_gkg
TSLA,2025-05-01,Elon Musk : son terrible aveu sur sa promesse,https://lanouvelletribune.info/2025/05/elon-musk-son-terrible-aveu-sur-sa-promesse/,lanouvelletribune.info,French,0.0,gdelt_gkg
TSLA,2025-05-01,Elon Musk Reflects On His Work With DOGE During Trump First 100 Days,https://talkradio1059.iheart.com/content/2025-05-01-elon-musk-reflects-on-his-work-with-doge-during-trumps-first-100-days/,talkradio1059.iheart.com,English,0.0,gdelt_gkg
TSLA,2025-05-01,Elon Musk Reflects On His Work With DOGE During Trump First 100 Days,https://whyn.iheart.com/content/2025-05-01-elon-musk-reflects-on-his-work-with-doge-during-trumps-first-100-days/,whyn.iheart.com,English,0.0,gdelt_gkg
TSLA,2025-05-01,Trump Media Officially Quits Delaware for  Pro - busines Florida,https://www.kvor.com/news/trump-media-officially-quits-delaware-for-pro-business-florida/,kvor.com,English,0.0,gdelt_gkg
TSLA,2025-05-01,Elon Musk Reflects On His Work With DOGE During Trump First 100 Days,https://whp580.iheart.com/content/2025-05-01-elon-musk-reflects-on-his-work-with-doge-during-trumps-first-100-days/,whp580.iheart.com,English,0.0,gdelt_gkg
TSLA,2025-05-01,Progressive Charlestown,https://www.progressive-charlestown.com/search?updated-max=2025-04-29T11:59:00-04:00&max-results=15,progressive-charlestown.com,English,0.0,gdelt_gkg
TSLA,2025-05-01,"Biden administration kept disinformation  dossier  on Trump cabinet officials , Rubio says",https://wwmt.com/news/nation-world/biden-administration-kept-disinformation-dossier-on-trump-cabinet-officials-rubio-says-global-engagement-center-state-department-censorship-coronavirus-pandemic,wwmt.com,English,0.0,gdelt_gkg
TSLA,2025-05-01,"Biden administration kept disinformation  dossier  on Trump cabinet officials , Rubio says",https://keprtv.com/news/nation-world/biden-administration-kept-disinformation-dossier-on-trump-cabinet-officials-rubio-says-global-engagement-center-state-department-censorship-coronavirus-pandemic,keprtv.com,English,0.0,gdelt_gkg
TSLA,2025-05-01,Toyota adds Nightshade Edition to 2026 Camry line,https://driving.ca:443/auto-news/news/2026-toyota-camry-hybrid-nightshade-edition-canada,driving.ca,English,0.0,gdelt_gkg
TSLA,2025-05-01,US robot makers hope to beat China in humanoid race . Tariffs could affect their ambitions,https://www.wsls.com/business/2025/05/01/us-robot-makers-hope-to-beat-china-in-humanoid-race-tariffs-could-affect-their-ambitions/,wsls.com,English,0.0,gdelt_gkg
TSLA,2025-05-01,Elon Musk Reflects On His Work With DOGE During Trump First 100 Days,https://720thevoice.iheart.com/content/2025-05-01-elon-musk-reflects-on-his-work-with-doge-during-trumps-first-100-days/,720thevoice.iheart.com,English,0.0,gdelt_gkg
TSLA,2025-05-01,Rivian Is Doing The One Thing Tesla Said It Never Would,https://carbuzz.com/rivian-launches-first-ad-campaign/,carbuzz.com,English,0.0,gdelt_gkg
TSLA,2025-05-01,  Morning Joe  Eviscerates Elon Musk  Dizzying  Political Fall,https://www.thewrap.com/morning-joe-elon-musk-doge-tesla-downfall/,thewrap.com,English,0.0,gdelt_gkg
TSLA,2025-05-01,Malaysia Education Ministry Endorses EduSynch CEFR Level Test,https://www.openpr.com/news/3996220/malaysia-education-ministry-endorses-edusynch-cefr-level-test,openpr.com,English,0.0,gdelt_gkg
TSLA,2025-05-01,All 3 - Row Electric SUVs You Can Buy In 2025,https://carbuzz.com/3-row-electric-suvs-you-can-buy/,carbuzz.com,English,0.0,gdelt_gkg
TSLA,2025-05-01,Elon Musk Reflects On His Work With DOGE During Trump First 100 Days,https://wrno.iheart.com/content/2025-05-01-elon-musk-reflects-on-his-work-with-doge-during-trumps-first-100-days/,wrno.iheart.com,English,0.0,gdelt_gkg
TSLA,2025-05-01,YouTube Is Replacing Mechanics : How DIY Repairs Are Saving Drivers Money,https://carbuzz.com/youtube-is-replacing-mechanics-how-diy-repairs-are-saving-drivers-money/,carbuzz.com,English,0.0,gdelt_gkg
TSLA,2025-05-01,Trump Media moves incorporation to Florida,https://thehill.com/business/5278128-trump-media-moves-incorporation-to-florida/,thehill.com,English,0.0,gdelt_gkg
TSLA,2025-05-01,Elon Musk Reflects On His Work With DOGE During Trump First 100 Days,https://wsfcam.iheart.com/content/2025-05-01-elon-musk-reflects-on-his-work-with-doge-during-trumps-first-100-days/,wsfcam.iheart.com,English,0.0,gdelt_gkg
TSLA,2025-05-01,Stage Notes : DTC adds new resident actor ; join WTT on a tour of London,https://dallasvoice.com/stage-notes-dtc-adds-new-resident-actor-join-wtt-on-a-tour-of-london/,dallasvoice.com,English,0.0,gdelt_gkg
TSLA,2025-05-01,"Biden administration kept disinformation  dossier  on Trump cabinet officials , Rubio says",https://wach.com/news/nation-world/biden-administration-kept-disinformation-dossier-on-trump-cabinet-officials-rubio-says-global-engagement-center-state-department-censorship-coronavirus-pandemic,wach.com,English,0.0,gdelt_gkg
TSLA,2025-05-01,Musk reconnaît que Doge na pas atteint ses objectifs de réduction des coûts du gouvernement américain,https://www.europe1.fr/international/musk-reconnait-que-doge-na-pas-atteint-ses-objectifs-de-reduction-des-couts-du-gouvernement-americain-715327,europe1.fr,French,0.0,gdelt_gkg
TSLA,2025-05-01,Elon Musk Reflects On His Work With DOGE During Trump First 100 Days,https://55krc.iheart.com/content/2025-05-01-elon-musk-reflects-on-his-work-with-doge-during-trumps-first-100-days/,55krc.iheart.com,English,0.0,gdelt_gkg
TSLA,2025-05-01,Democrats demand Elon Musk financial disclosure,https://thehill.com/homenews/house/5277717-musk-financial-disclosure-conflicts/,thehill.com,English,0.0,gdelt_gkg
TSLA,2025-05-01,Elon Musk Reflects On His Work With DOGE During Trump First 100 Days,https://1440wgig.iheart.com/content/2025-05-01-elon-musk-reflects-on-his-work-with-doge-during-trumps-first-100-days/,1440wgig.iheart.com,English,0.0,gdelt_gkg
TSLA,2025-05-01,Elon Musk Reflects On His Work With DOGE During Trump First 100 Days,https://koacolorado.iheart.com/content/2025-05-01-elon-musk-reflects-on-his-work-with-doge-during-trumps-first-100-days/,koacolorado.iheart.com,English,0.0,gdelt_gkg
TSLA,2025-05-01,A Financial Growth Blueprint - RJ Anderson Newly Released Book,https://www.openpr.com/news/3996221/a-financial-growth-blueprint-rj-anderson-s-newly-released-book,openpr.com,English,0.0,gdelt_gkg
TSLA,2025-05-01,Elon Musk Reflects On His Work With DOGE During Trump First 100 Days,https://600wrec.iheart.com/content/2025-05-01-elon-musk-reflects-on-his-work-with-doge-during-trumps-first-100-days/,600wrec.iheart.com,English,0.0,gdelt_gkg
TSLA,2025-05-01,"Biden administration kept disinformation  dossier  on Trump cabinet officials , Rubio says",https://turnto10.com/news/nation-world/biden-administration-kept-disinformation-dossier-on-trump-cabinet-officials-rubio-says-global-engagement-center-state-department-censorship-coronavirus-pandemic,turnto10.com,English,0.0,gdelt_gkg
TSLA,2025-05-01,"Conselho da Tesla busca novo CEO para substituir Elon Musk , diz jornal",https://www.meionews.com/noticias/internacional/conselho-da-tesla-busca-novo-ceo-para-substituir-elon-musk-diz-jornal-529459,meionews.com,Portuguese,0.0,gdelt_gkg
TSLA,2025-05-01,Sheryl Crow - Tennessee Is A Hard Place For Her - Victory Girls Blog,https://victorygirlsblog.com/sheryl-crow-tennessee-is-a-hard-place-for-her/,victorygirlsblog.com,English,0.0,gdelt_gkg
TSLA,2025-05-01,DJ Hustle To Headline the Yallwest Book Festival in May 2025,https://www.openpr.com/news/3996222/dj-hustle-to-headline-the-yallwest-book-festival-in-may-2025,openpr.com,English,0.0,gdelt_gkg
TSLA,2025-05-01,US robot makers hope to beat China in humanoid race . Tariffs could affect their ambitions,https://www.wgauradio.com/news/us-robot-makers-hope/DMOBRFSLCRGTPERRGKGJM7J2FI/,wgauradio.com,English,0.0,gdelt_gkg
TSLA,2025-05-01,Wall Street Jornal diz que Tesla iniciou busca por substituto de Musk como CEO,https://dropsdejogos.uai.com.br/developer/negocios/wall-street-jornal-diz-que-tesla-iniciou-busca-por-substituto-de-musk-como-ceo/,dropsdejogos.uai.com.br,Portuguese,0.0,gdelt_gkg
TSLA,2025-05-01,Musk Defends Work at DOGE as He Plans Exit from Trump - Era Efficiency Push,https://www.theyeshivaworld.com/news/general/2394091/musk-defends-work-at-doge-as-he-plans-exit-from-trump-era-efficiency-push.html,theyeshivaworld.com,English,0.0,gdelt_gkg
TSLA,2025-05-01,  50501  movement plans anti - Trump protests across US on May Day | National,https://www.kten.com/news/national/50501-movement-plans-anti-trump-protests-across-us-on-may-day/article_130275b2-4125-5460-b242-7f1c860dc4d2.html,kten.com,English,0.0,gdelt_gkg
TSLA,2025-05-01,Estadounidenses rechazan políticas neoliberales de Trump y sus ataques a los derechos laborales,https://www.telesurtv.net/estadounidenses-rechazan-politicas-trump-ataques-derechos-laborales/,telesurtv.net,Spanish,0.0,gdelt_gkg
TSLA,2025-05-01,Did The Tesla Board Begin A Search For A Musk Replacement ? It Depends On Who You Ask . ,https://cleantechnica.com/2025/05/01/did-the-tesla-board-begin-a-search-for-a-musk-replacement-it-depends-on-who-you-ask/,cleantechnica.com,English,0.0,gdelt_gkg
TSLA,2025-05-01,Ford kills project to develop Tesla - like electronic brain,https://www.marketscreener.com/quote/stock/FORD-MOTOR-COMPANY-12542/news/Ford-kills-project-to-develop-Tesla-like-electronic-brain-49782381/,marketscreener.com,English,0.0,gdelt_gkg
TSLA,2025-05-01,Tesla board opened search for CEO to succeed Elon Musk : WSJ,https://www.thestar.com.my/news/world/2025/05/02/tesla-board-opened-search-for-ceo-to-succeed-elon-musk-wsj,thestar.com.my,English,0.0,gdelt_gkg
TSLA,2025-05-01,"Holyoke Landing , location of Popeyes and Starbucks , sold",https://www.masslive.com/westernmass/2025/05/holyoke-landing-location-of-popeyes-and-starbucks-sold.html,masslive.com,English,0.0,gdelt_gkg
TSLA,2025-05-01,"El coche eléctrico mexicano que pondrá en jaque a Tesla y BYD : $90 , 000 y es tuyo",https://www.ecoportal.net/motor/coche-electrico-mexicano-90000-olinia/,ecoportal.net,Spanish,0.0,gdelt_gkg
TSLA,2025-05-01,Elon Musk finally meets the press and compares himself to Buddha,https://www.kten.com/news/business/elon-musk-finally-meets-the-press-and-compares-himself-to-buddha/article_995c1081-6fee-5bd4-a9ce-dac9024a0787.html,kten.com,English,0.0,gdelt_gkg
TSLA,2025-05-01,Elon Musk Reflects On His Work With DOGE During Trump First 100 Days,https://khvhradio.iheart.com/content/2025-05-01-elon-musk-reflects-on-his-work-with-doge-during-trumps-first-100-days/,khvhradio.iheart.com,English,0.0,gdelt_gkg
TSLA,2025-05-01,US robot makers hope to beat China in humanoid race . Tariffs could affect their ambitions,https://www.news4jax.com/business/2025/05/01/us-robot-makers-hope-to-beat-china-in-humanoid-race-tariffs-could-affect-their-ambitions/,news4jax.com,English,0.0,gdelt_gkg
TSLA,2025-05-01,It being tested in space ― Tesla hides the  most advanced engine ever seen  ,https://www.ecoportal.net/en/tesla-engine-space-testing-new/6536/,ecoportal.net,English,0.0,gdelt_gkg
TSLA,2025-05-01,Elon Musk first 100 days in Washington DC : Scoop of power ? Elon Musk slept in Lincoln bedroom and shared ice cream with Donald Trump amid wild first 100 days in Washington DC,https://economictimes.indiatimes.com/news/international/us/scoop-of-power-elon-musk-slept-in-lincoln-bedroom-and-shared-ice-cream-with-donald-trump-amid-wild-first-100-days-in-washington-dc/articleshow/120802836.cms,economictimes.indiatimes.com,English,0.0,gdelt_gkg
TSLA,2025-05-01,Elon Musk Reflects On His Work With DOGE During Trump First 100 Days,https://570wkbn.iheart.com/content/2025-05-01-elon-musk-reflects-on-his-work-with-doge-during-trumps-first-100-days/,570wkbn.iheart.com,English,0.0,gdelt_gkg
TSLA,2025-05-01,Elon Musk Reflects On His Work With DOGE During Trump First 100 Days,https://powertalk967.iheart.com/content/2025-05-01-elon-musk-reflects-on-his-work-with-doge-during-trumps-first-100-days/,powertalk967.iheart.com,English,0.0,gdelt_gkg
TSLA,2025-05-01,US robot makers hope to beat China in humanoid race . Tariffs could affect their ambitions,https://www.yoursourceone.com/south_sound/news/national_news/us-robot-makers-hope-to-beat-china-in-humanoid-race-tariffs-could-affect-their-ambitions/article_fae42ee8-b6d4-5cd4-9037-af68356cb20b.html,yoursourceone.com,English,0.0,gdelt_gkg
TSLA,2025-05-01,US robot makers hope to beat China in humanoid race . Tariffs could affect their ambitions,https://www.yoursourceone.com/news/national_news/us-robot-makers-hope-to-beat-china-in-humanoid-race-tariffs-could-affect-their-ambitions/article_fae42ee8-b6d4-5cd4-9037-af68356cb20b.html,yoursourceone.com,English,0.0,gdelt_gkg
TSLA,2025-05-01,Tesla Protests : Here Are The Violent Incidents Under Investigation ( TImeline ) ,https://www.forbes.com/sites/conormurray/2025/05/01/tesla-protests-and-vandalism-surge-justice-department-charges-seventh-alleged-vandal/,forbes.com,English,0.0,gdelt_gkg
TSLA,2025-05-01,US robot makers hope to beat China in humanoid race . Tariffs could affect their ambitions,https://mynorthwest.com/national/us-robot-makers-hope-to-beat-china-in-humanoid-race-tariffs-could-affect-their-ambitions/4082458,mynorthwest.com,English,0.0,gdelt_gkg
TSLA,2025-05-01,The Home of Elon Musk SpaceX Could Soon Become an Official Texas City Called Starbase,https://www.mbtmag.com/operations/news/22940031/the-home-of-elon-musks-spacex-could-soon-become-an-official-texas-city-called-starbase,mbtmag.com,English,0.0,gdelt_gkg
TSLA,2025-05-01,Musk admite que Doge não alcançou seus objetivos iniciais,http://www.em.com.br/internacional/2025/05/7133214-musk-admite-que-doge-nao-alcancou-seus-objetivos-iniciais.html,em.com.br,Portuguese,0.0,gdelt_gkg
TSLA,2025-05-01,Federal Election Eve : How does Macquarie expect markets to respond to the result ? ,https://www.fool.com.au/2025/05/02/federal-election-eve-how-does-macquarie-expect-markets-to-respond-to-the-result/,fool.com.au,English,0.0,gdelt_gkg
TSLA,2025-05-01,"Biden administration kept disinformation  dossier  on Trump cabinet officials , Rubio says",https://midmichigannow.com/news/nation-world/biden-administration-kept-disinformation-dossier-on-trump-cabinet-officials-rubio-says-global-engagement-center-state-department-censorship-coronavirus-pandemic,midmichigannow.com,English,0.0,gdelt_gkg
TSLA,2025-05-01,ماسك يقر بأن حملته لخفض الإنفاق لم تلبِّ طموحاته,https://www.aljazeera.net/news/2025/5/1/%D9%85%D8%A7%D8%B3%D9%83-%D9%8A%D9%82%D8%B1-%D8%A8%D8%A3%D9%86-%D8%AD%D9%85%D9%84%D8%AA%D9%87-%D9%84%D8%AE%D9%81%D8%B6-%D8%A7%D9%84%D8%A5%D9%86%D9%81%D8%A7%D9%82-%D9%84%D9%85-%D8%AA%D9%84%D8%A8,aljazeera.net,Arabic,0.0,gdelt_gkg
TSLA,2025-05-01, ¿ Elon Musk saldrá de Tesla ? Esto dice el fabricante de vehículos,https://www.eluniverso.com/noticias/internacional/elon-musk-tesla-deja-abandona-buscan-nuevo-ceo-vehiculos-nota/,eluniverso.com,Spanish,0.0,gdelt_gkg
TSLA,2025-05-01,"Biden administration kept disinformation  dossier  on Trump cabinet officials , Rubio says",https://kfdm.com/news/nation-world/biden-administration-kept-disinformation-dossier-on-trump-cabinet-officials-rubio-says-global-engagement-center-state-department-censorship-coronavirus-pandemic,kfdm.com,English,0.0,gdelt_gkg
TSLA,2025-05-01,"Musk steps back from DOGE role , but remains vague on what next",https://www.12news.com/article/news/nation-world/elon-musk-leaving-doge-whats-next/507-bdc68c0b-67c7-4b13-b815-9385a5766bc1,12news.com,English,0.0,gdelt_gkg
TSLA,2025-05-01,Elon Musk admite que o DOGE não alcançou seus objetivos iniciais,https://oglobo.globo.com/mundo/noticia/2025/05/01/elon-musk-admite-que-o-doge-nao-alcancou-seus-objetivos-iniciais.ghtml,oglobo.globo.com,Portuguese,0.0,gdelt_gkg
TSLA,2025-05-01,Musk defends his work as he prepares to wind down at DOGE but gives hazy answers on future,https://www.timescall.com/2025/05/01/musk-doge-wind-down/,timescall.com,English,0.0,gdelt_gkg
TSLA,2025-05-01,Musk defends his work as he prepares to wind down at DOGE but gives hazy answers on future,https://www.sbsun.com/2025/05/01/musk-doge-wind-down/,sbsun.com,English,0.0,gdelt_gkg
TSLA,2025-05-01,Elon Musk Reflects On His Work With DOGE During Trump First 100 Days,https://wflanews.iheart.com/content/2025-05-01-elon-musk-reflects-on-his-work-with-doge-during-trumps-first-100-days/,wflanews.iheart.com,English,0.0,gdelt_gkg
TSLA,2025-05-01,Musk DOGE sets its sights on the Federal Reserve,https://www.mpamag.com/us/news/general/musks-doge-sets-its-sights-on-the-federal-reserve/534159,mpamag.com,English,0.0,gdelt_gkg
TSLA,2025-05-01,"Biden administration kept disinformation  dossier  on Trump cabinet officials , Rubio says",https://kval.com/news/nation-world/biden-administration-kept-disinformation-dossier-on-trump-cabinet-officials-rubio-says-global-engagement-center-state-department-censorship-coronavirus-pandemic,kval.com,English,0.0,gdelt_gkg
TSLA,2025-05-01,Elon Musk : DOGE should  definitely  investigate Federal Reservea $2 . 5B HQ :  eyebrow raiser  ,https://nypost.com/2025/05/01/business/elon-musk-doge-should-definitely-investigate-federal-reservea-2-5b-hq-eyebrow-raiser/,nypost.com,English,0.0,gdelt_gkg
TSLA,2025-05-01,特斯拉董事會否認正在尋找馬斯克的繼任者 | 川普 | Doge | 政府,https://www.epochtimes.com/b5/25/5/1/n14496529.htm,epochtimes.com,Chinese,0.0,gdelt_gkg
TSLA,2025-05-01,tats - Unis .  De nombreuses plaintes  : Elon Musk reconnaît ne pas avoir atteint les objectifs de baisse des dépenses fédrales,https://www.lejsl.com/politique/2025/05/01/de-nombreuses-plaintes-elon-musk-reconnait-ne-pas-avoir-atteint-les-objectifs-de-baisse-des-depenses-federales,lejsl.com,French,0.0,gdelt_gkg
TSLA,2025-05-01,Tesla board denies it looking for a new CEO as Elon Musk steps back from DOGE,https://biztoc.com/x/9593af54b4543b8a,biztoc.com,English,0.0,gdelt_gkg
TSLA,2025-05-01,"Slate Customizes America , One Pickup At A Time",https://www.mediapost.com/publications/article/405524/slate-customizes-america-one-pickup-at-a-time.html,mediapost.com,English,0.0,gdelt_gkg
TSLA,2025-05-01,Judge Releases Man Accused of Cybertruck Fires To Get Gender - Affirming Care,https://biztoc.com/x/cbc1ac6e12c8c142,biztoc.com,English,0.0,gdelt_gkg
TSLA,2025-05-01,Elon Musk Reflects On His Work With DOGE During Trump First 100 Days,https://woc1420.iheart.com/content/2025-05-01-elon-musk-reflects-on-his-work-with-doge-during-trumps-first-100-days/,woc1420.iheart.com,English,0.0,gdelt_gkg
TSLA,2025-05-01,Elon Musk Reflects On His Work With DOGE During Trump First 100 Days,https://newstalk1230.iheart.com/content/2025-05-01-elon-musk-reflects-on-his-work-with-doge-during-trumps-first-100-days/,newstalk1230.iheart.com,English,0.0,gdelt_gkg
TSLA,2025-05-01,"Biden administration kept disinformation  dossier  on Trump cabinet officials , Rubio says",https://okcfox.com/news/nation-world/biden-administration-kept-disinformation-dossier-on-trump-cabinet-officials-rubio-says-global-engagement-center-state-department-censorship-coronavirus-pandemic,okcfox.com,English,0.0,gdelt_gkg
TSLA,2025-05-01,House passes resolution to overturn California gas car ban,https://www.hometownregister.com/news/national/house-passes-resolution-to-overturn-california-gas-car-ban/article_a34b8ffb-1b3e-5a3e-b2f7-5c4fc33aa7bb.html,hometownregister.com,English,0.0,gdelt_gkg
TSLA,2025-05-01,美製造業PMI勝預期 道指曾創一個月高,http://orientaldaily.on.cc/content/%E7%94%A2%E7%B6%93/odn-20250502-0502_00202_002/%E7%BE%8E%E8%A3%BD%E9%80%A0%E6%A5%ADPMI%E5%8B%9D%E9%A0%90%E6%9C%9F--%E9%81%93%E6%8C%87%E6%9B%BE%E5%89%B5%E4%B8%80%E5%80%8B%E6%9C%88%E9%AB%98,orientaldaily.on.cc,Chinese,0.0,gdelt_gkg
TSLA,2025-05-01,Elon Musk Reflects On His Work With DOGE During Trump First 100 Days,https://710wor.iheart.com/content/2025-05-01-elon-musk-reflects-on-his-work-with-doge-during-trumps-first-100-days/,710wor.iheart.com,English,0.0,gdelt_gkg
TSLA,2025-05-01,"GM Trims Outlook After Solid Quarter , Plans to  Buy Where We Build  to Counter Tariffs",https://www.theepochtimes.com/business/gm-trims-outlook-after-solid-quarter-plans-to-buy-where-we-build-to-counter-tariffs-5850617,theepochtimes.com,English,0.0,gdelt_gkg
TSLA,2025-05-01,"If Tesla Loses This 1 Quality , the Stock Could Crumble",https://finance.yahoo.com/news/tesla-loses-1-quality-stock-093000726.html,finance.yahoo.com,English,0.0,gdelt_gkg
TSLA,2025-05-01,Elon Musk Reflects On His Work With DOGE During Trump First 100 Days,https://wflaorlando.iheart.com/content/2025-05-01-elon-musk-reflects-on-his-work-with-doge-during-trumps-first-100-days/,wflaorlando.iheart.com,English,0.0,gdelt_gkg
TSLA,2025-05-01,Elon Musk Reflects On His Work With DOGE During Trump First 100 Days,https://970kfbx.iheart.com/content/2025-05-01-elon-musk-reflects-on-his-work-with-doge-during-trumps-first-100-days/,970kfbx.iheart.com,English,0.0,gdelt_gkg
TSLA,2025-05-01,Elon Musk Reflects On His Work With DOGE During Trump First 100 Days,https://woai.iheart.com/content/2025-05-01-elon-musk-reflects-on-his-work-with-doge-during-trumps-first-100-days/,woai.iheart.com,English,0.0,gdelt_gkg
TSLA,2025-06-13,Staff sergeant defrauds regiment to buy cars and hair transplant,https://www.yahoo.com/news/staff-sergeant-defrauds-regiment-buy-212344408.html,yahoo.com,English,0.0,gdelt_gkg
TSLA,2025-06-13,Puzzled Trump Says He Has No Idea Why Musk Supported Him in the First Place,https://www.yahoo.com/news/puzzled-trump-says-no-idea-211311638.html,yahoo.com,English,0.0,gdelt_gkg
TSLA,2025-06-13,财经资讯AI速递 ： 昨夜今晨财经热点一览 丨2025年6月14日,https://news.sina.com.cn/zx/ds/2025-06-14/doc-inezyuyq5250709.shtml,news.sina.com.cn,Chinese,0.0,gdelt_gkg
TSLA,2025-06-13,科技资讯AI速递 ： 昨夜今晨科技热点一览 丨2025年6月14日,https://news.sina.com.cn/zx/ds/2025-06-14/doc-inezyuys5798796.shtml,news.sina.com.cn,Chinese,0.0,gdelt_gkg
TSLA,2025-06-13,"How Baltimore police , community keep the peace at ICE protests",https://www.baltimoresun.com/2025/06/13/why-baltimore-ice-protests-remained-non-violent/,baltimoresun.com,English,0.0,gdelt_gkg
TSLA,2025-06-13,Neil Young Is Still Rolling Through Time on the Lovably Messy  Talkin to the Trees  ,https://www.rollingstone.com/music/music-album-reviews/neil-young-and-the-chrome-hearts-talkin-to-the-trees-1235364458/,rollingstone.com,English,0.0,gdelt_gkg
TSLA,2025-06-13,Adam : Protests are supposed to make us uncomfortable . We dont need more rules restricting them,https://www.timminspress.com:443/opinion/protests-make-us-uncomfortable/wcm/19fafff5-b913-4a1b-ad10-58cfe31d7fac,timminspress.com,English,0.0,gdelt_gkg
TSLA,2025-06-13,The Latest : Hundreds of  No King protests and rallies planned for Saturday over Trump policies | National,https://www.smdailyjournal.com/news/national/the-latest-hundreds-of-no-kings-protests-and-rallies-planned-for-saturday-over-trump-s/article_e8b8bae7-f9c3-5409-b88c-f39b2c1a850f.html,smdailyjournal.com,English,0.0,gdelt_gkg
TSLA,2025-06-13,Home Depot day laborer haven turns into immigration target across Southern California – Silicon Valley,https://www.siliconvalley.com/2025/06/13/home-depot-a-longtime-destination-for-day-laborers-part-of-symbolic-southern-california-raids/,siliconvalley.com,English,0.0,gdelt_gkg
TSLA,2025-06-13,The Upcoming Porsche Cayenne Electric Is Already Breaking Records,https://www.topspeed.com/porsche-cayenne-electric-hill-climb-record/,topspeed.com,English,0.0,gdelt_gkg
TSLA,2025-06-13,U . S . stocks tumble as Middle East tensions flare,https://www.thestar.com.my/news/world/2025/06/14/us-stocks-tumble-as-middle-east-tensions-flare,thestar.com.my,English,0.0,gdelt_gkg
TSLA,2025-06-13,瑞典养老金AP7  拉黑  特斯拉 ， 清仓13 . 6亿美元持股 ， 称其侵犯劳工权利|美国|迪亚兹|知名企业|埃隆 _ 马斯克,https://www.163.com/dy/article/K20618UD05198NMR.html,163.com,Chinese,0.0,gdelt_gkg
TSLA,2025-06-13,The Latest : Hundreds of  No King protests and rallies planned for Saturday over Trump policies | National News,https://www.yumasun.com/news/national_news/the-latest-hundreds-of-no-kings-protests-and-rallies-planned-for-saturday-over-trump-s/article_33eb6ceb-814f-540d-8018-beddbec3130f.html,yumasun.com,English,0.0,gdelt_gkg
TSLA,2025-06-13,  Intelligens  at Venice Biennale 2025 Reimagines Architecture,https://observer.com/2025/06/venice-biennale-explores-ai-adaptation-future-of-architecture/,observer.com,English,0.0,gdelt_gkg
TSLA,2025-06-13,財經選讀 》「 被看輕的王牌 」 讓川普縮了 北京如何命中歐美痛點 ？ - 財經,https://www.chinatimes.com/realtimenews/20250614000021-260410,chinatimes.com,Chinese,0.0,gdelt_gkg
TSLA,2025-06-13,財經選讀 》「 被看輕的王牌 」 讓川普縮了 北京如何命中歐美痛點 ？ - 財經,https://www.chinatimes.com/realtimenews/20250614000021-260410?ctrack=mo_money_headl_p010?ctrack=pc_money_headl_p01,chinatimes.com,Chinese,0.0,gdelt_gkg
TSLA,2025-06-13,How to save money on a car | Townsville Bulletin,https://www.townsvillebulletin.com.au/motoring/on-the-road/how-to-save-money-on-a-car/news-story/56bd8b6a36a77e1bdf7804af5a95a1f1?nk=32b429fc5c96b871edeb4def623168e8-1749854787,townsvillebulletin.com.au,English,0.0,gdelt_gkg
TSLA,2025-06-13,You Can Lease This Hyundai EV For Less Than $200 / Month,https://www.topspeed.com/hyundai-ev-lease-less-than-200-per-month/,topspeed.com,English,0.0,gdelt_gkg
TSLA,2025-06-13,Tesla demanda a un exempleado por filtrar tecnología de su robot humanoide a una startup rival,https://www.ambito.com/tecnologia/tesla-demanda-un-exempleado-filtrar-su-robot-humanoide-una-startup-rival-n6156533,ambito.com,Spanish,0.0,gdelt_gkg
TSLA,2025-06-14,广汽集团承诺 ！ _ 东方财富网,https://finance.eastmoney.com/a/202506143430777774.html,finance.eastmoney.com,Chinese,0.0,gdelt_gkg
TSLA,2025-06-14,小米YU7入市 ， 能否改写高端纯电SUV市场销量版图 ？- 智能汽车 - ITBear科技资讯,http://www.itbear.com.cn/html/2025-06/855043.html,itbear.com.cn,Chinese,0.0,gdelt_gkg
TSLA,2025-06-14,BYD Sealion 7 Performance AWD : My Test Drive Experience,https://www.team-bhp.com/news/byd-sealion-7-performance-awd-my-test-drive-experience,team-bhp.com,English,0.0,gdelt_gkg
TSLA,2025-06-14,"Hybrid war in Los Angeles : Marxist backing , Walmart wealth and the 2025 color revolution showdown – NaturalNews . com",https://www.naturalnews.com/2025-06-14-marxist-backing-walmart-wealth-color-revolution-showdown.html,naturalnews.com,English,0.0,gdelt_gkg
TSLA,2025-06-14,FTRE SHAREHOLDERS : Fortrea Holdings Inc . Investors are,https://www.globenewswire.com/news-release/2025/06/14/3099373/0/en/FTRE-SHAREHOLDERS-Fortrea-Holdings-Inc-Investors-are-Reminded-of-the-Pending-Securities-Fraud-Class-Action-Contact-BFA-Law-by-August-1-Deadline-NASDAQ-FTRE.html,globenewswire.com,English,0.0,gdelt_gkg
TSLA,2025-06-14,"Everpar Advisors LLC Sells 450 Shares of Tesla , Inc . ( NASDAQ : TSLA ) ",https://www.dailypolitical.com/2025/06/14/everpar-advisors-llc-sells-450-shares-of-tesla-inc-nasdaqtsla.html,dailypolitical.com,English,0.0,gdelt_gkg
TSLA,2025-06-14,Why Most Texans Are Avoiding Electric Cars in 2025,https://keyj.com/ixp/195/p/texas-ev-interest-declines/,keyj.com,English,0.0,gdelt_gkg
TSLA,2025-06-14,Unanswered questions about Trump name in Epstein files – Firstpost,https://www.firstpost.com/opinion/unanswered-questions-about-trumps-name-in-epstein-files-13897172.html,firstpost.com,English,0.0,gdelt_gkg
TSLA,2025-06-14,小米SU7 Ultra纽北刷新纪录 ， 中国汽车工业硬实力获全球瞩目 ！- 智能汽车 - ITBear科技资讯,http://www.itbear.com.cn/html/2025-06/855042.html,itbear.com.cn,Chinese,0.0,gdelt_gkg
TSLA,2025-06-14,جريدة البلاد | عبر  ستارلينك .. ماسك يفعل خدمة الإنترنت لإيران,https://www.albiladpress.com/news/2025/6088/arab-and-world/921720.html,albiladpress.com,Arabic,0.0,gdelt_gkg
TSLA,2025-06-14,ESG exposed : Financial elites push climate agenda while undermining investor trust – NaturalNews . com,https://www.naturalnews.com/2025-06-14-esg-exposed-financial-elites-push-climate-agenda.html,naturalnews.com,English,0.0,gdelt_gkg
TSLA,2025-06-14,Waymo Scales Back Service Across US Amid  No King Protests,https://www.pcmag.com/news/waymo-scales-back-service-across-us-amid-ice-protests,pcmag.com,English,0.0,gdelt_gkg
TSLA,2025-06-14,Trump Clash entre Trump et Musk : « On a affaire à deux figures de lindividualisme moderne et à un egolibéralisme » ,https://www.levif.be/international/trump-clash-entre-trump-et-musk-on-a-affaire-a-deux-figures-de-lindividualisme-moderne-et-a-un-egoliberalisme/,levif.be,French,0.0,gdelt_gkg
TSLA,2025-06-14,Francuscy kierowcy pozywają Teslę . Chodzi o polityczne skojarzenia,https://wiadomosci.wp.pl/francuscy-kierowcy-pozywaja-tesle-chodzi-o-polityczne-skojarzenia-7167637645077120a,wiadomosci.wp.pl,Polish,0.0,gdelt_gkg
TSLA,2025-06-14,JD Vance : I  Suspect  Elon Musk Wants to Return to Team Trump,https://www.breitbart.com/politics/2025/06/13/jd-vance-suspect-elon-musk-wants-return-team-trump/,breitbart.com,English,0.0,gdelt_gkg
TSLA,2025-06-14,El espectáculo más grande de las redes,https://www.elmanana.com/opinion/columnas/el-espectaculo-mas-grande-de-las-redes-5991763.html,elmanana.com,Spanish,0.0,gdelt_gkg
TSLA,2025-06-14,Une Peugeot 208 GTI qui revient affublée de  e  et des Polestar qui débarquent,https://www.caradisiac.com/une-peugeot-208-gti-qui-revient-affublee-de-e-et-des-polestar-qui-debarquent-216251.htm,caradisiac.com,French,0.0,gdelt_gkg
TSLA,2025-06-14,"Tesla union disputes : Swedish pension fund AP7 blacklists Tesla , says union rights violations in U . S . crossed the ethical line",https://economictimes.indiatimes.com/news/international/us/swedish-pension-fund-ap7-blacklists-tesla-says-union-rights-violations-in-u-s-crossed-the-ethical-line-tesla-news/articleshow/121849533.cms,economictimes.indiatimes.com,English,0.0,gdelt_gkg
TSLA,2025-06-14,"Things to do in the Loveland area Saturday : Sierra Race Against Meningitis , car shows , protests and more – Loveland Reporter - Herald",https://www.reporterherald.com/2025/06/14/things-to-do-in-the-loveland-area-saturday-sierras-race-against-meningitis-car-shows-protests-and-more/,reporterherald.com,English,0.0,gdelt_gkg
TSLA,2025-06-14,Austin residents rally against Tesla robotaxi launch,https://www.neowin.net/news/austin-residents-rally-against-teslas-robotaxi-launch/,neowin.net,English,0.0,gdelt_gkg
TSLA,2025-06-14,Promising Automotive Stocks To Watch Today – June 13th,https://www.dailypolitical.com/2025/06/14/promising-automotive-stocks-to-watch-today-june-13th.html,dailypolitical.com,English,0.0,gdelt_gkg
TSLA,2025-06-14,最大变化是改色 ， 特斯拉发布 Model S / X 小改款 ， 美国网友 ： 还想不想卖了,https://finance.sina.com.cn/tech/roll/2025-06-14/doc-infaaaui1730238.shtml,finance.sina.com.cn,Chinese,0.0,gdelt_gkg
TSLA,2025-06-14,"Tesla , Inc . ( NASDAQ : TSLA ) Shares Purchased by Avaii Wealth Management LLC",https://www.dailypolitical.com/2025/06/14/tesla-inc-nasdaqtsla-shares-purchased-by-avaii-wealth-management-llc.html,dailypolitical.com,English,0.0,gdelt_gkg
TSLA,2025-06-14,"  조 · 방 · 원 , 지금 샀다 떨어지면 ? 눈치 보는 개미들 … 전문가 조언은 [ 부꾸미 ] ",https://news.mt.co.kr/mtview.php?no=2025061311260478404&MTS_P,news.mt.co.kr,Korean,0.0,gdelt_gkg
TSLA,2025-06-14,"Wrogowie Tesli łączą siły . I pokazują , jak zły jest autopilot Tesli",https://www.auto-swiat.pl/wiadomosci/aktualnosci/wrogowie-tesli-lacza-sily-i-pokazuja-jak-zly-jest-autopilot-tesli/ld2c9e9,auto-swiat.pl,Polish,0.0,gdelt_gkg
TSLA,2025-06-14,"Trump , Tesla und die große Unsicherheit an der Börse",https://www.capital.de/geld-versicherungen/trump--tesla-und-die-grosse-unsicherheit-an-der-boerse-35807444.html,capital.de,German,0.0,gdelt_gkg
TSLA,2025-06-14,Minnesota Lawmaker Killed : Timeline Of Escalating Political Violence In The US,https://www.newsx.com/world/minnesota-lawmaker-killed-timeline-of-escalating-political-violence-in-the-us-4401/,newsx.com,English,0.0,gdelt_gkg
TSLA,2025-06-14,El final de una era : Porsche cesará el Boxster y el Cayman en octubre,https://laopinion.com/2025/06/14/porsche-pone-fin-al-718-adios-al-boxster-y-al-cayman/,laopinion.com,Spanish,0.0,gdelt_gkg
TSLA,2025-06-14,"No la tiene ni BYD , ni CATL ni Tesla : La mejor batería del mundo carga en menos de 20 segundos",https://www.ecoticias.com/movilidad-electrica/mejor-bateria-del-mundo,ecoticias.com,Spanish,0.0,gdelt_gkg
TSLA,2025-06-14,5 Stocks To Buy As The Stock Market Nears All - Time Highs,https://www.forbes.com/sites/investor-hub/article/5-best-stocks-buy-stock-market-near-all-time-highs/,forbes.com,English,0.0,gdelt_gkg
TSLA,2025-06-14,Tim Walz lets loose in rant - filled talk with liberal think tank,https://www.yahoo.com/news/tim-walz-lets-loose-rant-110046001.html,yahoo.com,English,0.0,gdelt_gkg
TSLA,2025-06-14,IPOs That Launched Like Rockets or Flew Straight Into a Wall,https://www.pymnts.com/the-weekender/2025/ipos-that-launched-like-rockets-and-those-that-flew-straight-into-a-wall/,pymnts.com,English,0.0,gdelt_gkg
TSLA,2025-06-14,"Buffett BYD bet outshines Tesla slump , Berkshire China play defies EV price war and hype , value over volatility drives EV future",https://timesofindia.indiatimes.com/business/india-business/buffetts-byd-bet-outshines-tesla-slump-berkshires-china-play-defies-ev-price-war-and-hype-value-over-volatility-drives-ev-future/articleshow/121849177.cms,timesofindia.indiatimes.com,English,0.0,gdelt_gkg
TSLA,2025-06-14,"Les trajets en robotaxis Waymo coûtent plus cher que ceux proposés par Uber ou Lyft , mais les gens sont prêts à payer plus cher pour la nouveauté , le confort et lattrait de voyager seuls",https://embarque.developpez.com/actu/372968/Les-trajets-en-robotaxis-Waymo-coutent-plus-cher-que-ceux-proposes-par-Uber-ou-Lyft-mais-les-gens-sont-prets-a-payer-plus-cher-pour-la-nouveaute-le-confort-et-l-attrait-de-voyager-seuls/,embarque.developpez.com,French,0.0,gdelt_gkg
TSLA,2025-06-14,BYD  matará  Tesla com sistema  God Eye  ,https://www.brasil247.com:443/blog/byd-matara-tesla-com-sistema-god-s-eye,brasil247.com,Portuguese,0.0,gdelt_gkg
TSLA,2025-06-14,California Will Collapse . Let It . ,https://www.dailysignal.com/2025/06/14/let-california-collapse-let-rest-america-learn/,dailysignal.com,English,0.0,gdelt_gkg
TSLA,2025-06-14,Est - il risqué de laisser un chargeur branché en permanence  ? ,https://www.lepoint.fr/eureka/est-il-risque-de-laisser-un-chargeur-branche-en-permanence-14-06-2025-2592000_4706.php,lepoint.fr,French,0.0,gdelt_gkg
TSLA,2025-06-14,小米YU7来袭 ， 高端纯电SUV市场格局即将重塑 ？- 智能汽车 - ITBear科技资讯,http://www.itbear.com.cn/html/2025-06/854986.html,itbear.com.cn,Chinese,0.0,gdelt_gkg
TSLA,2025-06-14,最大变化是改色 ， 特斯拉发布 Model S / X 小改款 ， 美国网友 ： 还想不想卖了,https://tech.ifeng.com/c/8kBVZpSD8Lm,tech.ifeng.com,Chinese,0.0,gdelt_gkg
TSLA,2025-06-14,URGN SHAREHOLDERS : UroGen Pharma Ltd . Investors are,https://www.globenewswire.com/news-release/2025/06/14/3099374/0/en/URGN-SHAREHOLDERS-UroGen-Pharma-Ltd-Investors-are-Reminded-of-the-Pending-Securities-Fraud-Class-Action-Contact-BFA-Law-by-July-28-Deadline-NASDAQ-URGN.html,globenewswire.com,English,0.0,gdelt_gkg
TSLA,2025-06-14,  Era um campo de futebol voando : como a passagem do Graf Zeppelin surpreendeu Porto Alegre em 1934,https://gauchazh.clicrbs.com.br/porto-alegre/noticia/2025/06/era-um-campo-de-futebol-voando-como-foi-a-passagem-do-graf-zeppelin-pelo-rs-em-1934-cmbjnpc9c0032014fd6u1now5.html,gauchazh.clicrbs.com.br,Portuguese,0.0,gdelt_gkg
TSLA,2025-06-14,Svenska pensionsfonden svartlistar Tesla :  De har problem  ,https://www.dagensps.se/fonder/svenska-pensionsfonden-svartlistar-tesla-de-har-problem/,dagensps.se,Swedish,0.0,gdelt_gkg
TSLA,2025-06-14,OGN SHAREHOLDERS : Organon & Co . Investors are Reminded of,https://www.globenewswire.com/news-release/2025/06/14/3099371/0/en/OGN-SHAREHOLDERS-Organon-Co-Investors-are-Reminded-of-the-Pending-Securities-Fraud-Class-Action-Contact-BFA-Law-by-July-22-Deadline-NYSE-OGN.html,globenewswire.com,English,0.0,gdelt_gkg
TSLA,2025-06-14,"CIVI SHAREHOLDERS : Civitas Resources , Inc . Investors are",https://www.globenewswire.com/news-release/2025/06/14/3099375/0/en/CIVI-SHAREHOLDERS-Civitas-Resources-Inc-Investors-are-Reminded-of-the-Pending-Securities-Fraud-Class-Action-Contact-BFA-Law-by-July-1-Deadline-NYSE-CIVI.html,globenewswire.com,English,0.0,gdelt_gkg
TSLA,2025-06-14,到店试驾丰田bZ5 ： 日系电车没啥惊喜 ， 亟待摆脱  杂牌  印象 ？- 新浪汽车,https://k.sina.com.cn/article_5953189932_162d6782c06702tk3s.html,k.sina.com.cn,Chinese,0.0,gdelt_gkg
TSLA,2025-06-14,全球市场 ： 美股三大指数均跌超1 % 国际油价涨逾7 % 国际黄金结算价创新高 _ 证券要闻 _ 财经 _ 中金在线,http://news.cnfol.com/zhengquanyaowen/20250614/31389484.shtml,news.cnfol.com,Chinese,0.0,gdelt_gkg
TSLA,2025-06-14,Why Waymo cars became sitting ducks during the L . A . protests,https://www.yahoo.com/news/why-waymo-cars-became-sitting-120041320.html,yahoo.com,English,0.0,gdelt_gkg
TSLA,2025-06-14,Baystreet . ca - TSX Solidly in Green,http://baystreet.ca/articles/marketupdates/112289/TSX-Solidly-in-Green,baystreet.ca,English,0.0,gdelt_gkg
TSLA,2025-06-14,عبر  ستارلينك .. ماسك يفعل خدمة الإنترنت لإيران,https://www.alkhabarkw.com/world/143419.html,alkhabarkw.com,Arabic,0.0,gdelt_gkg
TSLA,2025-06-14,"IOVA SHAREHOLDERS : Iovance Biotherapeutics , Inc . Investors are Reminded of the Pending Securities Fraud Class Action – Contact BFA Law by July 14 Deadline ( NASDAQ : IOVA ) ",https://portal.sina.com.hk/finance/finance-globenewswire/globenewswire/2025/06/14/1213164/iova-shareholders-iovance-biotherapeutics-inc-investors-are-reminded-of-the-pending-securities-fraud-class-action-contact-bfa-law-by-july-14-deadline-nasdaqiova/,portal.sina.com.hk,English,0.0,gdelt_gkg
TSLA,2025-06-14,"Lakeridge Wealth Management LLC Sells 416 Shares of Tesla , Inc . ( NASDAQ : TSLA ) ",https://www.dailypolitical.com/2025/06/14/lakeridge-wealth-management-llc-sells-416-shares-of-tesla-inc-nasdaqtsla.html,dailypolitical.com,English,0.0,gdelt_gkg
TSLA,2025-06-14,Tesla präsentiert neustes Projekt in Paris – und kann wieder beeindrucken,https://www.az-online.de/wirtschaft/zwischen-robotern-und-revolutionen-entfesselt-tesla-das-cybercab-zr-93785127.html,az-online.de,German,0.0,gdelt_gkg
TSLA,2025-06-14,Hundreds of Teslas are parked at the Quaker Bridge Mall in N . J . Here why . ,https://www.inquirer.com/news/new-jersey/teslas-quaker-bridge-mall-nj-parking-20250614.html,inquirer.com,English,0.0,gdelt_gkg
TSLA,2025-06-14,Where Will Tesla Stock Be in 5 Years ? ,https://finance.yahoo.com/news/where-tesla-stock-5-years-152400243.html,finance.yahoo.com,English,0.0,gdelt_gkg
TSLA,2025-06-14,最大变化是改色 ， 特斯拉发布 Model S / X 小改款 ， 美国网友 ： 还想不想卖了,https://k.sina.com.cn/article_5953740931_162dee08306701qxt0.html,k.sina.com.cn,Chinese,0.0,gdelt_gkg
TSLA,2025-06-14,再遭列入黑名单 特斯拉惨遭沽空 ! | 财经,https://www.orientaldaily.com.my/news/business/2025/06/14/740201,orientaldaily.com.my,Chinese,0.0,gdelt_gkg
TSLA,2025-06-14,车圈的  比亚迪病 ， 60天治不好 _ 凤凰网,https://tech.ifeng.com/c/8kBAlKD55lL,tech.ifeng.com,Chinese,0.0,gdelt_gkg
TSLA,2025-06-14,10 New Jobs Emerging from Real - World Trends,https://listverse.com/2025/06/13/10-new-jobs-emerging-from-real-world-trends/,listverse.com,English,0.0,gdelt_gkg
TSLA,2025-06-14,上交會觀察 ： 全球創新要素的流動之旅,https://portal.sina.com.hk/news-china/sina/2025/06/14/1213072/%E4%B8%8A%E4%BA%A4%E6%9C%83%E8%A7%80%E5%AF%9F%EF%BC%9A%E5%85%A8%E7%90%83%E5%89%B5%E6%96%B0%E8%A6%81%E7%B4%A0%E7%9A%84%E6%B5%81%E5%8B%95%E4%B9%8B%E6%97%85/,portal.sina.com.hk,Chinese,0.0,gdelt_gkg
TSLA,2025-06-14,"MOV Climate Corner : Dont fall for it | News , Sports , Jobs",https://www.mariettatimes.com/opinion/local-columns/2025/06/mov-climate-corner-dont-fall-for-it/,mariettatimes.com,English,0.0,gdelt_gkg
TSLA,2025-06-14,什么原因导致印航787空难 ； 洛杉矶44名移民被捕点燃全美怒火 ； 专家称中东处于  最危险  时刻| 一周国际财经,https://www.nbd.com.cn/articles/2025-06-14/3908332.html,nbd.com.cn,Chinese,0.0,gdelt_gkg
TSLA,2025-06-14,"Jízdu v levém pruhu nejen na dálnici : Policie ji hlídá , hrozí vysoká pokuta",https://www.auto.cz/zaplatil-jsem-pokutu-a-mam-z-toho-radost-policie-hlida-i-to-co-me-samotneho-stve-157127,auto.cz,Czech,0.0,gdelt_gkg
TSLA,2025-06-14,特斯拉电摩来袭 ， 不足5000元挑战国产大牌 ， 能否颠覆电动两轮车市场 ？- 智能汽车 - ITBear科技资讯,http://www.itbear.com.cn/html/2025-06/854939.html,itbear.com.cn,Chinese,0.0,gdelt_gkg
TSLA,2025-06-14,Polacy uwielbiają powypadkowe i stare auta . Raport CARFAX,https://www.instalki.pl/news/motoryzacja/carfax-polacy-kupuja-coraz-bardziej-zuzyte-i-stare-samochody/,instalki.pl,Polish,0.0,gdelt_gkg
TSLA,2025-06-14,Android Auto 14 . 4 wydane . Nie klikaj w ten wpis,https://www.instalki.pl/news/software/android-auto-14-4-co-nowego/,instalki.pl,Polish,0.0,gdelt_gkg
TSLA,2025-06-14,Dummy Child Doesnt Stand a Chance Against Tesla,https://www.dailydot.com/news/tesla-dummy-child/,dailydot.com,English,0.0,gdelt_gkg
TSLA,2025-06-14,You May Hate Elon But Tesla 2025 Model Y Is Still The EV SUV To Beat,https://www.forbes.com/sites/jamesmorris/2025/06/14/you-may-hate-elon-but-teslas-2025-model-y-is-still-the-ev-suv-to-beat/,forbes.com,English,0.0,gdelt_gkg
TSLA,2025-06-14,The 2025 stock market rally is about more than just the  Magnificent 7 : Morning Brief,https://finance.yahoo.com/news/the-2025-stock-market-rally-is-about-more-than-just-the-magnificent-7-morning-brief-100042029.html,finance.yahoo.com,English,0.0,gdelt_gkg
TSLA,2025-06-14,豪车也有  坑 ？ 这三款座驾让土豪秒变  专职司机 ！- 智能汽车 - ITBear科技资讯,http://www.itbear.com.cn/html/2025-06/854940.html,itbear.com.cn,Chinese,0.0,gdelt_gkg
TSLA,2025-06-14,У Полтаві  Тесла  влетіла у стоянку – п  ятеро постраждалих,https://www.pravda.com.ua/news/2025/06/14/7517109/,pravda.com.ua,Ukrainian,0.0,gdelt_gkg
TSLA,2025-06-14,潮声丨  大公司病 ， 治得好吗 ？ ,https://baijiahao.baidu.com/s?id=1834856867709877899,baijiahao.baidu.com,Chinese,0.0,gdelt_gkg
TSLA,2025-06-14,3 Magnificent S & P 500 Dividend Stocks Down 15 % to 65 % to Buy and Hold Forever,https://www.fool.com/investing/2025/06/14/3-magnificent-sp-500-dividend-stocks-down-15-to-65/?source=iedfolrf0000001,fool.com,English,0.0,gdelt_gkg
TSLA,2025-06-14,Why Bitcoin Could Outperform Stocks Over the Next 5 Years,https://www.fool.com/investing/2025/06/14/why-bitcoin-could-outperform-stocks-over-the-next/?source=iedfolrf0000001,fool.com,English,0.0,gdelt_gkg
TSLA,2025-06-14,"Dragan Mićanović u teškoj poziciji :  Posle Zorana Đinđića , ovo mi je teško palo  ",https://www.blic.rs/zabava/dragan-micanovic-u-teskoj-poziciji-posle-zorana-djindjica-ovo-mi-je-tesko-palo/71vcxbd,blic.rs,Serbian,0.0,gdelt_gkg
TSLA,2025-06-14,Is Tesla Pain Rivian Gain ? ,https://finance.yahoo.com/news/teslas-pain-rivians-gain-070500847.html,finance.yahoo.com,English,0.0,gdelt_gkg
TSLA,2025-06-14,不到168万 ！ 广汽首款量产飞行汽车来了 ， 但我并不看好,https://k.sina.com.cn/article_5953741034_162dee0ea067022qw4.html,k.sina.com.cn,Chinese,0.0,gdelt_gkg
TSLA,2025-06-14,Trump Bill Would End EV Subsidies : Could That Bankrupt Lucid Group ? ,https://www.fool.com/investing/2025/06/14/trump-bill-end-ev-subsidies-lucid-group-stock/?source=iedfolrf0000001,fool.com,English,0.0,gdelt_gkg
TSLA,2025-06-14,"  My role eliminated at Tesla again : Employee claims she was laid off , exposes grim state of job market",https://www.hindustantimes.com/trending/my-role-eliminated-at-tesla-again-employee-claims-she-was-laid-off-exposes-grim-state-of-job-market-101749891472207.html,hindustantimes.com,English,0.0,gdelt_gkg
TSLA,2025-06-14,  AMPC 빼면 적자  파나소닉 배터리 사업 … 올해는 반등할 것  ,https://www.edaily.co.kr/News/Read?newsId=02105766642201720&mediaCodeNo=257,edaily.co.kr,Korean,0.0,gdelt_gkg
TSLA,2025-06-14,特斯拉遭歐系退休基金封殺 ！ 勞權爭議惡化 「 3大國聯手撤資 」 ESG風險惹怒投資人,https://www.storm.mg/article/11045607,storm.mg,Chinese,0.0,gdelt_gkg
TSLA,2025-06-14,Tesla Owners Are So Tired Of Musk  Far Right  Antics Theyre Suing Tesla,https://carbuzz.com/tesla-owners-lawsuit-musk-conduct-france/,carbuzz.com,English,0.0,gdelt_gkg
TSLA,2025-06-14,O co chodzi w awanturze Trump - Musk ? Komentują Cejrowski i Lisicki,https://dorzeczy.pl/plus/antysystem/741375/o-co-chodzi-w-awanturze-trump-musk-komentuja-cejrowski-i-lisicki.html,dorzeczy.pl,Polish,0.0,gdelt_gkg
TSLA,2025-06-14,Elon Musk transgender daughter Vivian Jenna Wilson dances with Trans Pride flag at drag show raising cash for immigrant legal bills,https://www.dailymail.co.uk/news/article-14812123/Elon-Musks-transgender-daughter-Vivian-Jenna-Wilson-dances-Trans-Pride-flag-drag-raising-cash-immigrants-legal-bills.html,dailymail.co.uk,English,0.0,gdelt_gkg
TSLA,2025-06-14,"Want Exposure to Nvidia , Microsoft , and Tesla ? This New ETF Covers Them All . ",https://finance.yahoo.com/news/want-exposure-nvidia-microsoft-tesla-094500328.html,finance.yahoo.com,English,0.0,gdelt_gkg
TSLA,2025-06-14,和AI聊太深 ？ 他们离婚 、 跳楼 、 自杀了 ！ ChatGPT精神病正在爆发,https://www.163.com/dy/article/K21MGA740511ABV6.html,163.com,Chinese,0.0,gdelt_gkg
TSLA,2025-06-14,Tesla em testes da conduo autónoma na Europa e foi a Roma,https://pplware.sapo.pt/motores/tesla-continua-a-testar-a-conducao-autonoma-na-europa-e-desta-vez-esteve-em-roma/,pplware.sapo.pt,Portuguese,0.0,gdelt_gkg
TSLA,2025-06-14,不到168万 ！ 广汽首款量产飞行汽车来了 ， 但我并不看好,https://www.163.com/dy/article/K21FU3ED0552YPJK.html,163.com,Chinese,0.0,gdelt_gkg
TSLA,2025-06-14,美阅兵彩排现场曝光 60人抗议被逮捕 民主危机加剧 _ 新闻频道 _ 中华网,https://news.china.com/socialgd/10000169/20250614/48468188.html,news.china.com,Chinese,0.0,gdelt_gkg
TSLA,2025-06-14,"Es el mejor coche eléctrico del mundo , pero no se vende : estos son los motivos",https://www.mundodeportivo.com/actualidad/20250614/1002482754/es-el-mejor-coche-electrico-del-mundo-pero-no-se-vende-estos-son-los-motivos-cnt-pau.html,mundodeportivo.com,Spanish,0.0,gdelt_gkg
TSLA,2025-06-14,阿维塔11与012双车亮相2025香港车博会,https://k.sina.com.cn/article_2778068424_a595f5c802701fg9y.html,k.sina.com.cn,Chinese,0.0,gdelt_gkg
TSLA,2025-06-14,今年前5月上海电商交易额同比增长6 . 1 %！ 2025上海数字生活节开幕,https://baijiahao.baidu.com/s?id=1834888415015586635,baijiahao.baidu.com,Chinese,0.0,gdelt_gkg
TSLA,2025-06-14,Названі найпопулярніші серед українців вживані авто з США – Конгрес  Світ  ,https://worldua.net/main/%D0%BD%D0%B0%D0%B7%D0%B2%D0%B0%D0%BD%D1%96-%D0%BD%D0%B0%D0%B9%D0%BF%D0%BE%D0%BF%D1%83%D0%BB%D1%8F%D1%80%D0%BD%D1%96%D1%88%D1%96-%D1%81%D0%B5%D1%80%D0%B5%D0%B4-%D1%83%D0%BA%D1%80%D0%B0%D1%97%D0%BD.html,worldua.net,Ukrainian,0.0,gdelt_gkg
TSLA,2025-06-14,Elon Musk : un nouveau coup dur signé Trump,https://lanouvelletribune.info/2025/06/elon-musk-un-nouveau-coup-dur-signe-trump/,lanouvelletribune.info,French,0.0,gdelt_gkg
TSLA,2025-06-14,Najbohatší človek nakoniec pokľakol pred najmocnejším mužom sveta ( týždeň vo svetovej ekonomike ) ,https://www.aktuality.sk/clanok/uRBNBv0/najbohatsi-clovek-nakoniec-poklakol-pred-najmocnejsim-muzom-sveta-tyzden-vo-svetovej-ekonomike/,aktuality.sk,Slovak,0.0,gdelt_gkg
TSLA,2025-06-14,特斯拉旗艦車大漲30萬 馬力沒變 、 極速卻更慢 ！ | 汽車 | 三立新聞網 SETN . COM,https://www.setn.com/News.aspx?NewsID=1672197,setn.com,Chinese,0.0,gdelt_gkg
TSLA,2025-06-14,极越宣布售后部件问题基本解决 ， 甚至还有OTA升级,https://finance.sina.com.cn/tech/roll/2025-06-14/doc-inezzsep1937608.shtml,finance.sina.com.cn,Chinese,0.0,gdelt_gkg
TSLA,2025-06-14,When a Twitter user told Elon Musk on Boeing whistleblowers : And what insane …. is all these whistleblowers keep ending up dead,https://timesofindia.indiatimes.com/technology/tech-news/when-a-twitter-user-told-elon-musk-on-boeing-whistleblowers-and-whats-insane-is-all-these-whistleblowers-keep-ending-up-dead/articleshow/121845194.cms,timesofindia.indiatimes.com,English,0.0,gdelt_gkg
TSLA,2025-06-14,صندوق التقاعد السويدي يبيع حصته في تسلا بسبب حقوق العمال | اقتصاد,https://www.aljazeera.net/ebusiness/2025/6/14/swedish-pension-labor-rights-tesla,aljazeera.net,Arabic,0.0,gdelt_gkg
TSLA,2025-06-14,BYD Sealion 7 Review,https://www.team-bhp.com/forum/electric-cars/291189-byd-sealion-7-review-7.html,team-bhp.com,English,0.0,gdelt_gkg
TSLA,2025-06-14,Paul Butler | The Startup Soil of America,https://signalscv.com/2025/06/paul-butler-the-startup-soil-of-america/,signalscv.com,English,0.0,gdelt_gkg
TSLA,2025-06-14,Driverless Teslas Hit the Streets Analyst Sees More Upside for Tesla ( TSLA ) ,https://finance.yahoo.com/news/driverless-teslas-hit-streets-analyst-031153040.html,finance.yahoo.com,English,0.0,gdelt_gkg
TSLA,2025-06-14,Motorrad - Reisebericht Kroatien - Zadar,https://www.1000ps.at/reisestories-3012651-kroatien-motorradreise,1000ps.at,German,0.0,gdelt_gkg
TSLA,2025-06-14,今年前5月上海电商交易额同比增长6 . 1 %！ 2025上海数字生活节开幕,https://www.163.com/dy/article/K21A33V405506BEH.html,163.com,Chinese,0.0,gdelt_gkg
TSLA,2025-06-14,小鹏G7来袭 ！ 动感外观续航超700Km ， 预售23 . 58万挑战特斯拉Model Y - 智能汽车 - ITBear科技资讯,http://www.itbear.com.cn/html/2025-06/854848.html,itbear.com.cn,Chinese,0.0,gdelt_gkg
TSLA,2025-06-14,"Republican enthusiasm for Musk cools after his feud with Trump , a new AP - NORC poll finds",https://www.texarkanagazette.com/news/2025/jun/13/republican-enthusiasm-for-musk-cools-after-his/,texarkanagazette.com,English,0.0,gdelt_gkg
TSLA,2025-06-14,指控偷特斯拉技术 ！ 马斯克起诉华人前员工,https://www.163.com/dy/article/K2188DOR0511CPVM.html,163.com,Chinese,0.0,gdelt_gkg
TSLA,2025-06-14,Grupos chinos elevan resultados y presionan a los gigantes del motor,https://www.df.cl/senal-df/el-deal/grupos-chinos-elevan-resultados-y-presionan-a-los-gigantes-del-motor,df.cl,Spanish,0.0,gdelt_gkg
TSLA,2025-06-14,자기 이름 내건 하이볼 론칭 파티에 또 40분 늦어 ...  지각대장  지드래곤 변명 들어보니,https://www.insight.co.kr/news/507136,insight.co.kr,Korean,0.0,gdelt_gkg
TSLA,2025-06-14,Why Most Texans Are Avoiding Electric Cars in 2025,https://keanradio.com/ixp/195/p/texas-ev-interest-declines/,keanradio.com,English,0.0,gdelt_gkg
TSLA,2025-06-14,10 notícias mais importantes da semana ( 09 / 06 a 13 / 06 ) ,https://www.tecmundo.com.br/mercado/405159-10-noticias-mais-importantes-da-semana-0906-a-1306.htm,tecmundo.com.br,Portuguese,0.0,gdelt_gkg
TSLA,2025-06-14,Teslu tužilo 10 . 000 ljudi odjednom,https://www.b92.net/automobili/aktuelno/137678/teslu-tuzilo-10000-ljudi-odjednom/vest,b92.net,Serbian,0.0,gdelt_gkg
TSLA,2025-06-14,"कभी FIAT बनाती थी एक साल में 20 लाख से ज्यादा गाड़ियां ; अब 4 से भी कम हिस्सेदारी , जानिए पीछे की कहानी - Fiat Fall Giant From World 3rd Largest Carmaker to Under 4 percent Market Share",https://www.jagran.com/automobile/latest-news-fiat-fall-giant-from-world-3rd-largest-carmaker-to-under-4-percent-market-share-23963803.html,jagran.com,Hindi,0.0,gdelt_gkg
TSLA,2025-06-14,Coinbase CEO Brian Armstrong : Ballooning government debt may make bitcoin the world reserve currency,https://finance.yahoo.com/news/coinbase-ceo-brian-armstrong-ballooning-government-debt-may-make-bitcoin-the-worlds-reserve-currency-090043817.html,finance.yahoo.com,English,0.0,gdelt_gkg
TSLA,2025-06-14,Más allá de la Casa Blanca : la competitividad de China hunde a Tesla en bolsa,https://www.eleconomista.es/mercados-cotizaciones/noticias/13413677/06/25/mas-alla-de-la-casa-blanca-la-competitividad-de-china-hunde-a-tesla-en-bolsa.html,eleconomista.es,Spanish,0.0,gdelt_gkg
TSLA,2025-06-14,Yhden konsernin tuotteet ylivoimaisia sähköautotestin lataustehoissa – joko lataustauot ovat tarpeeksi lyhyitä kaikille ? ,https://moottori.fi/uutinen/yhden-konsernin-tuotteet-ylivoimaisia-sahkoautotestin-lataustehoissa-joko-lataustauot-ovat-tarpeeksi-lyhyita-kaikille/,moottori.fi,Finnish,0.0,gdelt_gkg
TSLA,2025-06-14,ভারতে গাড়ি উৎপাদনে আগ্রহী নয় টেসলা,https://www.arthosuchak.com/archives/915544/%E0%A6%AD%E0%A6%BE%E0%A6%B0%E0%A6%A4%E0%A7%87-%E0%A6%97%E0%A6%BE%E0%A6%A1%E0%A6%BC%E0%A6%BF-%E0%A6%89%E0%A7%8E%E0%A6%AA%E0%A6%BE%E0%A6%A6%E0%A6%A8%E0%A7%87-%E0%A6%86%E0%A6%97%E0%A7%8D%E0%A6%B0/,arthosuchak.com,Bengali,0.0,gdelt_gkg
TSLA,2025-06-14,Tesla sube 5 . 000 dólares los precios del Model S y el Model X en Estados Unidos,https://www.eleconomista.es/motor/noticias/13415736/06/25/tesla-sube-5000-dolares-los-precios-del-model-s-y-el-model-x-en-estados-unidos.html,eleconomista.es,Spanish,0.0,gdelt_gkg
TSLA,2025-06-14, 「 GD活動遲到40分鐘惹怒韓國記者 」 公司急發聲 同步宣布捐出8 . 8億 | ETtoday星光雲,https://star.ettoday.net/news/2978422,star.ettoday.net,Chinese,0.0,gdelt_gkg
TSLA,2025-06-14,特斯拉7座Model Y体验 ： 陈震苦笑 ， 中国家庭会买单吗 ？- 智能汽车 - ITBear科技资讯,http://www.itbear.com.cn/html/2025-06/854775.html,itbear.com.cn,Chinese,0.0,gdelt_gkg
TSLA,2025-06-14,特斯拉改款Model S / X来袭 ， 寒霜蓝新配色引领高端电动车新风尚 - 智能汽车 - ITBear科技资讯,http://www.itbear.com.cn/html/2025-06/854587.html,itbear.com.cn,Chinese,0.0,gdelt_gkg
TSLA,2025-06-14,When Genius Turns Dangerous : Lessons from William Shockley to Elon Musk . ,https://thyblackman.com/2025/06/13/when-genius-turns-dangerous-lessons-from-william-shockley-to-elon-musk/,thyblackman.com,English,0.0,gdelt_gkg
TSLA,2025-06-14,Tomorrow is the US Army 250th Birthday - Dont Let The Commies Win,https://victorygirlsblog.com/tomorrow-is-the-us-armys-250th-birthday-dont-let-the-commies-win/,victorygirlsblog.com,English,0.0,gdelt_gkg
TSLA,2025-06-14,一手交钱一手拿货 ， 车企们连这都做不到 ？ ,https://k.sina.com.cn/article_7096020371_1a6f4ad9301901hwfc.html,k.sina.com.cn,Chinese,0.0,gdelt_gkg
TSLA,2025-06-14,"Tesla FSD Runs Over Child Mannequin , But It Not To Blame",https://www.carscoops.com/2025/06/teslas-fsd-botches-another-test-but-its-not-to-blame/,carscoops.com,English,0.0,gdelt_gkg
TSLA,2025-06-14,美股大跌 、 原油黄金大涨 ， 这一夜发生了什么 ？ ,https://finance.ifeng.com/c/8kAhUPkHuIA,finance.ifeng.com,Chinese,0.0,gdelt_gkg
TSLA,2025-06-14,瑞典养老金AP7  拉黑  特斯拉 ， 清仓13 . 6亿美元持股 ， 称其侵犯劳工权利 _ 凤凰网,https://finance.ifeng.com/c/8kAiLSdbhiS,finance.ifeng.com,Chinese,0.0,gdelt_gkg
TSLA,2025-06-14,Tech versus tech in marijuana drug enforcement,https://www.drugwarrant.com/2025/06/tech-versus-tech-in-marijuana-drug-enforcement/comment-page-1/,drugwarrant.com,English,0.0,gdelt_gkg
TSLA,2025-06-14,新华社点赞小米SU7 Ultra纽北7分04秒957成绩 ： 中国汽车凭实力崛起,https://finance.sina.com.cn/tech/roll/2025-06-14/doc-inezzfqt2158079.shtml,finance.sina.com.cn,Chinese,0.0,gdelt_gkg
TSLA,2025-06-14, ¿ Make America Great Again ? Casi la mitad de las cotizadas estadounidenses caen en Bolsa | Mercados Financieros,https://cincodias.elpais.com/mercados-financieros/2025-06-14/make-america-great-again-casi-la-mitad-de-las-cotizadas-estadounidenses-caen-en-bolsa.html,cincodias.elpais.com,Spanish,0.0,gdelt_gkg
TSLA,2025-06-14,ماسك يراهن على  روبوتاكسي  للخروج من عاصفة ترمب وإطفاء حرائق  تسلا  ,https://www.aleqt.com/2025/06/14/article_2762494.html,aleqt.com,Arabic,0.0,gdelt_gkg
TSLA,2025-06-14,上交会观察 ： 全球创新要素的流动之旅,http://sh.people.com.cn/n2/2025/0614/c134768-41259788.html,sh.people.com.cn,Chinese,0.0,gdelt_gkg
TSLA,2025-06-14,白宫正在审查SpaceX合同 此前白宫  感谢  马斯克,https://www.wenxuecity.com/news/2025/06/13/126205250.html,wenxuecity.com,Chinese,0.0,gdelt_gkg
TSLA,2025-06-14,"Stocks sink , oil jumps as Mideast tensions build",https://www.moneycontrol.com/news/business/markets/stocks-sink-oil-jumps-as-mideast-tensions-build-13120603.html,moneycontrol.com,English,0.0,gdelt_gkg
TSLA,2025-06-14,Tesla ( TSLA ) Jumps on Looming Robotaxi Launch,https://finance.yahoo.com/news/tesla-tsla-jumps-looming-robotaxi-223309514.html,finance.yahoo.com,English,0.0,gdelt_gkg
TSLA,2025-06-14,火爆賓士女挑釁特斯拉下秒自撞 身分曝光 ！ 疑車主照被挖出網譙翻 - 社會,https://www.chinatimes.com/realtimenews/20250614001529-260402,chinatimes.com,Chinese,0.0,gdelt_gkg
TSLA,2025-06-14,"Tesla sube 5 mil dólares los modelos S y X en EU – Periódico Zócalo | Noticias de Saltillo , Torreón , Piedras Negras , Monclova , Acuña",https://www.zocalo.com.mx/tesla-sube-5-mil-dolares-los-modelos-s-y-x-en-eu/,zocalo.com.mx,Spanish,0.0,gdelt_gkg
TSLA,2025-06-14,消息称腾讯未考虑收购 Nexon ； 追觅否认 「 断指计划 」； 李国庆与俞渝就财产分割达成最终和解 | 极客早知道,https://www.163.com/dy/article/K20KP28H05119FMA.html,163.com,Chinese,0.0,gdelt_gkg
TSLA,2025-06-14,U . S . stocks tumble as Middle East tensions flare,https://en.apa.az/america/us-stocks-tumble-as-middle-east-tensions-flare-470213,en.apa.az,English,0.0,gdelt_gkg
TSLA,2025-06-14,Gabriela Toscano y Luis Machín :  Poner el cuerpo es la manera de defendernos  | Protagonizan  Relatividad  en El Picadero,https://www.pagina12.com.ar/833866-gabriela-toscano-y-luis-machin-poner-el-cuerpo-es-la-manera-,pagina12.com.ar,Spanish,0.0,gdelt_gkg
TSLA,2025-06-14,全球无人驾驶浪潮已至 ： 黄仁勋称迎来黄金十年,https://baijiahao.baidu.com/s?id=1834826349505841328,baijiahao.baidu.com,Chinese,0.0,gdelt_gkg
TSLA,2025-06-14,Adam : Protests are supposed to make us uncomfortable . We dont need more rules restricting them,https://www.timminstimes.com:443/opinion/protests-make-us-uncomfortable/wcm/19fafff5-b913-4a1b-ad10-58cfe31d7fac,timminstimes.com,English,0.0,gdelt_gkg
TSLA,2025-06-14,冲突升级 ！ 欧美股市收跌 ！ ,http://www.stcn.com/article/detail/2041006.html,stcn.com,Chinese,0.0,gdelt_gkg
TSLA,2025-06-14,Tesla faces protests in Austin over Musk robotaxi plans,https://www.nbcsandiego.com/news/business/money-report/tesla-faces-protests-in-austin-over-musks-robotaxi-plans/3847803/,nbcsandiego.com,English,0.0,gdelt_gkg
TSLA,2025-06-14,Classic Car Games To Play On Your Washington Road Trip,https://1027kord.com/ixp/1137/p/classic-road-trip-activities/,1027kord.com,English,0.0,gdelt_gkg
TSLA,2025-06-14,AI早报 | 腾讯元宝  高考志愿咨询  能力上线 ； Scale AI获Meta重大新投资|黄仁勋|人工智能|meta|知名企业|scale,https://www.163.com/dy/article/K20K79VO0534A4SC.html,163.com,Chinese,0.0,gdelt_gkg
TSLA,2025-06-14,特斯拉1原因慘遭歐系養老基金列黑名單 出清套現400億 | ETtoday財經雲,https://finance.ettoday.net/news/2978261,finance.ettoday.net,Chinese,0.0,gdelt_gkg
TSLA,2025-06-14,Musk Pins Teslas Comeback on Robotaxis After Retreat From Feud,https://www.livemint.com/companies/news/musk-pins-teslas-comeback-on-robotaxis-after-retreat-from-feud-11749860105728.html,livemint.com,English,0.0,gdelt_gkg
TSLA,2025-06-14,全球化  退潮  下美股海外业务的隐忧 七问美股海外经营状况 _ 东方财富网,https://finance.eastmoney.com/a/202506143430706995.html,finance.eastmoney.com,Chinese,0.0,gdelt_gkg
TSLA,2025-06-14,瑞典养老金AP7  拉黑  特斯拉 ， 清仓13 . 6亿美元持股 ， 称其侵犯劳工权利 - CFi . CN 中财网,http://www.cfi.net.cn/p20250614000031.html,cfi.net.cn,Chinese,0.0,gdelt_gkg
TSLA,2025-06-14,突发 ！ 特斯拉 ， 涨价 ！ |特斯拉 _ 新浪财经 _ 新浪网,https://finance.sina.com.cn/roll/2025-06-13/doc-inezxhxh5968284.shtml,finance.sina.com.cn,Chinese,0.0,gdelt_gkg
TSLA,2025-06-14,Classic Car Games To Play On Your Washington Road Trip,https://kffm.com/ixp/1137/p/classic-road-trip-activities/,kffm.com,English,0.0,gdelt_gkg
TSLA,2025-06-14,Trump - Musk feud continues ? White House orders review of SpaceX contracts after fallout : Report,https://timesofindia.indiatimes.com/business/international-business/trump-musk-feud-continues-white-house-orders-review-of-spacex-contracts-after-fallout-report/articleshow/121841289.cms,timesofindia.indiatimes.com,English,0.0,gdelt_gkg
TSLA,2025-06-14,Tesla faces protests in Austin over Musk robotaxi plans,https://www.nbcdfw.com/news/business/money-report/tesla-faces-protests-in-austin-over-musks-robotaxi-plans/3863623/,nbcdfw.com,English,0.0,gdelt_gkg
TSLA,2025-06-14,"India must stay nimble as  old multilateral architecture  breaks down , says Sanjeev Sanyal",https://www.livemint.com/economy/sanjeev-sanyal-interview-india-economic-growth-pms-economic-advisory-council-us-reshoring-india-india-population-11749813753237.html,livemint.com,English,0.0,gdelt_gkg
TSLA,2025-06-14,伊朗对以发射数百枚导弹 ！ 伊最高领袖 ： 将彻底摧毁以色列政权 ！ 普京表态 _ 东方财富网,https://finance.eastmoney.com/a/202506143430697041.html,finance.eastmoney.com,Chinese,0.0,gdelt_gkg
TSLA,2025-06-14,A股为何总是  随份子 ？ 外部冲击频繁干扰 _ 新闻频道 _ 中华网,https://news.china.com/socialgd/10000169/20250614/48467131.html,news.china.com,Chinese,0.0,gdelt_gkg
TSLA,2025-06-14,Momentum stocks that helped drive the market epic recovery are stalling . Get ready for a  buyable  pullback . ,https://finance.yahoo.com/news/momentum-stocks-helped-drive-market-204600551.html,finance.yahoo.com,English,0.0,gdelt_gkg
TSLA,2025-06-14,何小鹏开启算力角逐 ： 从  造车  到  造脑  的AI汽车突围战|图灵|英伟达|特斯拉|智能驾驶|ai汽车,https://www.163.com/dy/article/K20O7IAE05199NPP.html,163.com,Chinese,0.0,gdelt_gkg
TSLA,2025-06-14,失效的  肾上腺素 ： 为什么价格战救不了中国车企 ？- 钛媒体官方网站,https://www.tmtpost.com/7596455.html,tmtpost.com,Chinese,0.0,gdelt_gkg
TSLA,2025-06-14,苹果 、 亚马逊 ， 发出预警 ！ – 华侨网,https://www.chinesepress.com/2025/05/02/%E8%8B%B9%E6%9E%9C%E3%80%81%E4%BA%9A%E9%A9%AC%E9%80%8A%EF%BC%8C%E5%8F%91%E5%87%BA%E9%A2%84%E8%AD%A6%EF%BC%81/,chinesepress.com,Chinese,0.0,gdelt_gkg
TSLA,2025-06-14,  No King protests planned across Michigan and nationwide . Here what to know,https://www.clickondetroit.com/news/local/2025/06/13/no-kings-protests-planned-across-michigan-and-nationwide-heres-what-to-know/,clickondetroit.com,English,0.0,gdelt_gkg
TSLA,2025-06-14,马斯克父亲说和中国人作对太荒谬 利益博弈下的调和信号 _ 新闻频道 _ 中华网,https://news.china.com/socialgd/10000169/20250614/48466934.html,news.china.com,Chinese,0.0,gdelt_gkg
TSLA,2025-06-14,সফল হতে এলন মাস্কের এই ৫টি অভ্যাস আপনাকেও বদলে দিতে পারে ! ,https://www.dailyjanakantha.com/lifestyle/news/818713,dailyjanakantha.com,Bengali,0.0,gdelt_gkg
TSLA,2025-06-14,Adam : Protests are supposed to make us uncomfortable . We dont need more rules restricting them,https://www.saultstar.com:443/opinion/protests-make-us-uncomfortable/wcm/19fafff5-b913-4a1b-ad10-58cfe31d7fac,saultstar.com,English,0.0,gdelt_gkg
TSLA,2025-06-14,道指暴跌近770点 ， 美股三大指数齐挫 ， 能源与军工股逆势上涨,https://www.yicai.com/news/102663492.html,yicai.com,Chinese,0.0,gdelt_gkg
TSLA,2025-06-14,Estados Unidos flexibilizará normas que frenaban el robotaxi de Tesla,https://www.perfil.com/noticias/bloomberg/bc-eeuu-flexibilizara-normas-que-frenaban-el-robotaxi-de-tesla.phtml,perfil.com,Spanish,0.0,gdelt_gkg
TSLA,2025-06-14,Tesla faces protests in Austin over Musk robotaxi plans,https://www.nbcconnecticut.com/news/business/money-report/tesla-faces-protests-in-austin-over-musks-robotaxi-plans/3587003/,nbcconnecticut.com,English,0.0,gdelt_gkg
TSLA,2025-06-14,伊朗发动  真实诺言 - 3  行动 ： 对以发射数百枚导弹 ， 已致1死50伤 ， 击落2架以战机 ！ 伊最高领袖 ： 将彻底摧毁以色列政权 ！ 普京表态,https://www.163.com/dy/article/K20I9AVQ0512B07B.html,163.com,Chinese,0.0,gdelt_gkg
TSLA,2025-06-14,Tesla faces protests in Austin over Musk robotaxi plans,https://www.nbclosangeles.com/news/business/money-report/tesla-faces-protests-in-austin-over-musks-robotaxi-plans/3723945/,nbclosangeles.com,English,0.0,gdelt_gkg
TSLA,2025-06-14,Livro sobre OpenAi trata empresa como império colonial - 13 / 06 / 2025 - Mercado,https://www1.folha.uol.com.br/mercado/2025/06/livro-retrata-a-openai-e-industria-de-ia-como-imperios-coloniais-que-sugam-dados-agua-e-energia.shtml,folha.uol.com.br,Portuguese,0.0,gdelt_gkg
TSLA,2025-06-14,陈震体验7座特斯拉Model Y哭笑不得,https://finance.sina.com.cn/tech/roll/2025-06-14/doc-inezzfqn5594855.shtml,finance.sina.com.cn,Chinese,0.0,gdelt_gkg
TSLA,2025-06-14,Trump blocks California ban on new sales of gas - powered cars,https://www.yahoo.com/news/trump-blocks-california-ban-sales-232759481.html,yahoo.com,English,0.0,gdelt_gkg
TSLA,2025-06-14,The Latest : Hundreds of  No King protests and rallies planned for Saturday over Trump policies | iNFOnews,https://infotel.ca/newsitem/world/cp1687816270,infotel.ca,English,0.0,gdelt_gkg
TSLA,2025-06-14,"ELV SHAREHOLDERS : Elevance Health , Inc . Investors are",https://www.globenewswire.com/news-release/2025/06/14/3099380/0/en/ELV-SHAREHOLDERS-Elevance-Health-Inc-Investors-are-Reminded-of-the-Pending-Securities-Fraud-Class-Action-Contact-BFA-Law-by-July-11-Deadline-NYSE-ELV.html,globenewswire.com,English,0.0,gdelt_gkg
TSLA,2025-06-14,"Por que motoristas franceses estão processando a Tesla , de Elon Muk",https://revistaforum.com.br/global/2025/6/13/por-que-motoristas-franceses-esto-processando-tesla-de-elon-muk-181475.html,revistaforum.com.br,Portuguese,0.0,gdelt_gkg
TSLA,2025-06-14,Tesla sube en US$5 mil dólares los precios del Model S y Model X en Estados Unidos,https://www.prensalibre.com/economia/tesla-sube-en-us5-mil-dolares-los-precios-del-model-s-refresh-y-model-x-en-estados-unidos/,prensalibre.com,Spanish,0.0,gdelt_gkg
TSLA,2025-06-14,伊朗向以色列发射150枚导弹 ， 美油一度暴涨13 %！ 全球股市普跌 、 黄金急升,https://finance.sina.com.cn/roll/2025-06-14/doc-inezyzhs3461062.shtml,finance.sina.com.cn,Chinese,0.0,gdelt_gkg
TSLA,2025-06-14,Tesla faces protests in Austin over Musk robotaxi plans,https://www.cnbc.com/2025/06/13/tesla-faces-protests-in-austin-over-musks-robotaxi-plans-.html,cnbc.com,English,0.0,gdelt_gkg
TSLA,2025-06-14,The Latest : Hundreds of  No King protests and rallies planned for Saturday over Trump policies | Nation,https://www.yakimaherald.com/news/nation_and_world/nation/the-latest-hundreds-of-no-kings-protests-and-rallies-planned-for-saturday-over-trump-s/article_2ab3dfb0-e508-503e-883a-31ec0418d338.html,yakimaherald.com,English,0.0,gdelt_gkg
TSLA,2025-06-14,"Swedish pension fund AP7 blacklists Tesla , has sold entire stake",https://www.cnbc.com/2025/06/13/swedish-pension-fund-ap7-blacklists-tesla-has-sold-entire-stake.html,cnbc.com,English,0.0,gdelt_gkg
TSLA,2025-06-14,Tesla faces protests in Austin over Musk robotaxi plans,https://biztoc.com/x/7a76d03da84c8847,biztoc.com,English,0.0,gdelt_gkg
TSLA,2025-06-14,采购需求井喷释放 ， 展贸平台链接产销两端｜2025世界电源产业博览会迎万亿级商贸潮,https://baijiahao.baidu.com/s?id=1834778243124483892,baijiahao.baidu.com,Chinese,0.0,gdelt_gkg
TSLA,2025-06-14,Classic Car Games To Play On Your Washington Road Trip,https://keyw.com/ixp/1137/p/classic-road-trip-activities/,keyw.com,English,0.0,gdelt_gkg
TSLA,2025-06-14,Börse Express - Tesla Aktie : Befreiungsschlag oder Strohfeuer ? ,https://www.boerse-express.com/news/articles/tesla-aktie-befreiungsschlag-oder-strohfeuer-799900,boerse-express.com,German,0.0,gdelt_gkg
TSLA,2025-06-14,6月13日國際聚焦 英航母進入印太 將參加19國 「 護身軍刀 」 演習 | 威爾斯親王號 | 護身軍刀軍演 | 菲日合作,https://www.ntdtv.com/b5/2025/06/14/a103995545.html,ntdtv.com,Chinese,0.0,gdelt_gkg
TSLA,2025-06-14,Tesla faces protests in Austin over Musk robotaxi plans,https://www.nbcphiladelphia.com/news/business/money-report/tesla-faces-protests-in-austin-over-musks-robotaxi-plans/4209698/,nbcphiladelphia.com,English,0.0,gdelt_gkg
TSLA,2025-06-14,小米YU7有望6月底正式上市 标配激光雷达 / 续航最高835km,https://k.sina.com.cn/article_2298836177_890574d102001c8qi.html,k.sina.com.cn,Chinese,0.0,gdelt_gkg
TSLA,2025-06-14,Joan Baez to join Bay Area  No King protests against Trump,https://www.eastbaytimes.com/2025/06/13/joan-baez-bay-area-no-kings-protests-trump/,eastbaytimes.com,English,0.0,gdelt_gkg
TSLA,2025-06-14,Can Florida drivers run over protesters without consequence ? – NBC 6 South Florida,https://www.nbcmiami.com/news/politics/politifact/can-florida-drivers-run-over-protesters-without-consequence/3637181/,nbcmiami.com,English,0.0,gdelt_gkg
TSLA,2025-06-14,"  조 · 방 · 원 , 지금 샀다 떨어지면 ? 눈치 보는 개미들 … 전문가 조언은 [ 부꾸미 ] ",https://news.mt.co.kr/mtview.php?no=2025061311260478404,news.mt.co.kr,Korean,0.0,gdelt_gkg
TSLA,2025-06-14,The Latest : Hundreds of  No King protests and rallies planned for Saturday over Trump policies | Associated Press National,https://www.nvdaily.com/associated_press_national/the-latest-hundreds-of-no-kings-protests-and-rallies-planned-for-saturday-over-trump-s/article_50f51783-2f24-5845-8797-cae9942db73d.html,nvdaily.com,English,0.0,gdelt_gkg
TSLA,2025-06-14,2025第七届贵州汽车交易会 ： 倒计时7天开幕 ！_ 中华网,https://hea.china.com/articles/20250614/202506141685874.html,hea.china.com,Chinese,0.0,gdelt_gkg
TSLA,2025-06-14,特斯拉被瑞典养老基金  拉黑 、 清仓 ！ _ 东方财富网,https://finance.eastmoney.com/a/202506143430728191.html,finance.eastmoney.com,Chinese,0.0,gdelt_gkg
TSLA,2025-06-14,"EV Klub Polska : na stacjach ładowania ceny rosną , pojawiły się też taryfy dynamiczne","https://www.wnp.pl/rynki/ev-klub-polska-na-stacjach-ladowania-ceny-rosna-pojawily-sie-tez-taryfy-dynamiczne,955077.html",wnp.pl,Polish,0.0,gdelt_gkg
TSLA,2025-06-14,This Kia Is the Most Fuel - Efficient Hybrid SUV You Can Buy In 2025,https://www.topspeed.com/most-fuel-efficient-hybrid-suv/,topspeed.com,English,0.0,gdelt_gkg
TSLA,2025-06-14,"WTFGO In Politics : ICE Raids , Trump Vs . Musk & More",https://blackamericaweb.com/2025/06/13/wtfgo-in-politics-ice-raids-trump-vs-musk-more/,blackamericaweb.com,English,0.0,gdelt_gkg
TSLA,2025-06-14,美股 - 我们可能面对一个多大的牛市 ？ - 博客,https://blog.wenxuecity.com/myblog/80385/202506/10975.html,blog.wenxuecity.com,Chinese,0.0,gdelt_gkg
TSLA,2025-06-14,إيلون ماسك يفعل خدمة الإنترنت لإيران عبر ستارلينك - بوابة الشروق,https://www.shorouknews.com/news/view.aspx?cdate=14062025&id=15e7bd92-2ecf-4843-8d20-933b9c106f4f,shorouknews.com,Arabic,0.0,gdelt_gkg
TSLA,2025-06-14,Tesla Updated Model S And X Are A Gift To Rivian and Lucid,https://insideevs.com:443/features/762728/tesla-model-s-model-x-competition/,insideevs.com,English,0.0,gdelt_gkg
TSLA,2025-06-14,Adam : Protests are supposed to make us uncomfortable . We dont need more rules restricting them,https://www.thesudburystar.com:443/opinion/protests-make-us-uncomfortable/wcm/19fafff5-b913-4a1b-ad10-58cfe31d7fac,thesudburystar.com,English,0.0,gdelt_gkg
TSLA,2025-06-14,The Latest : Hundreds of  No King protests and rallies planned for Saturday over Trump policies | Nation / world,https://www.ivpressonline.com/news/nation/the-latest-hundreds-of-no-kings-protests-and-rallies-planned-for-saturday-over-trump-s/article_3a5d846f-f3be-5ad4-a666-07eacfbffd68.html,ivpressonline.com,English,0.0,gdelt_gkg
TSLA,2025-06-14,Tesla - Aktie im Blick : Das sagen ehemalige Tesla - Mitarbeiter über Elon Musks Arbeitskultur,https://www.finanzen.ch/nachrichten/aktien/tesla-aktie-im-blick-das-sagen-ehemalige-tesla-mitarbeiter-ueber-elon-musks-arbeitskultur-1034817379,finanzen.ch,German,0.0,gdelt_gkg
TSLA,2025-06-14,Elon Musk : Tesla quiere salir de la crisis subiendo precios de sus autos,https://gestion.pe/mundo/internacional/elon-musk-tesla-quiere-salir-de-la-crisis-subiendo-precios-de-sus-autos-noticia/,gestion.pe,Spanish,0.0,gdelt_gkg
TSLA,2025-06-14,伊朗对以发动导弹袭击 ， 特朗普发声 ！ 油价飙升 ， 金价大涨 ！ ,http://www.stcn.com/article/detail/2040882.html,stcn.com,Chinese,0.0,gdelt_gkg
TSLA,2025-06-14,2025 汽车年中大戏 ： 迟来的承诺和并不难算的账,https://www.163.com/dy/article/K1VDUQ970531M1CO.html,163.com,Chinese,0.0,gdelt_gkg
TSLA,2025-06-14,Tesla faces protests in Austin over Musk robotaxi plans,https://www.nbcchicago.com/news/business/money-report/tesla-faces-protests-in-austin-over-musks-robotaxi-plans/3768103/,nbcchicago.com,English,0.0,gdelt_gkg
TSLA,2025-06-14,"Nvidia CEO Jensen Huang Is Motivated By  Fear , Guilt , Anxiety , Reveals Biographer :  Gets Very Uncomfortable ... Nervous When Things Are Going Well  - NVIDIA ( NASDAQ : NVDA ), Tesla ( NASDAQ : TSLA ) ",https://www.benzinga.com/markets/tech/25/06/45937538/jensen-huang-is-motivated-by-fear-guilt-anxiety-reveals-nvidia-ceos-biographer-gets-very-uncomfortable-nervous-when-things-are-going-well,benzinga.com,English,0.0,gdelt_gkg
TSLA,2025-06-14,分析｜為何特斯拉Robotaxi測試 被馬斯克推遲 ？ ,https://inews.hket.com/article/3964075/%E5%88%86%E6%9E%90%EF%BD%9C%E7%82%BA%E4%BD%95%E7%89%B9%E6%96%AF%E6%8B%89Robotaxi%E6%B8%AC%E8%A9%A6%E3%80%80%E8%A2%AB%E9%A6%AC%E6%96%AF%E5%85%8B%E6%8E%A8%E9%81%B2%EF%BC%9F?mtc=80010,inews.hket.com,Chinese,0.0,gdelt_gkg
TSLA,2025-06-14,伊朗对以发动导弹袭击 ， 特朗普发声 ！ 油价飙升 ， 金价大涨 ！ ,https://baijiahao.baidu.com/s?id=1834859498145371720,baijiahao.baidu.com,Chinese,0.0,gdelt_gkg
TSLA,2025-06-14,Adam : Protests are supposed to make us uncomfortable . We dont need more rules restricting them,https://www.nugget.ca:443/opinion/protests-make-us-uncomfortable/wcm/19fafff5-b913-4a1b-ad10-58cfe31d7fac,nugget.ca,English,0.0,gdelt_gkg
TSLA,2025-06-14,Adam : Protests are supposed to make us uncomfortable . We dont need more rules restricting them,https://www.cochranetimespost.ca:443/opinion/protests-make-us-uncomfortable/wcm/19fafff5-b913-4a1b-ad10-58cfe31d7fac,cochranetimespost.ca,English,0.0,gdelt_gkg
TSLA,2025-06-14,The Latest : Hundreds of  No King protests and rallies planned for Saturday over Trump policies,https://www.newsday.com/news/nation/trump-california-iran-israel-military-parade-protest-n14323,newsday.com,English,0.0,gdelt_gkg
TSLA,2025-06-14,对法律人工智能 ， 我们能期待什么 ？ ,https://finance.sina.com.cn/jjxw/2025-06-14/doc-inezyuyq5255952.shtml,finance.sina.com.cn,Chinese,0.0,gdelt_gkg
TSLA,2025-06-14,瑞典养老金AP7  拉黑  特斯拉 （ TSLA . US ）， 清仓13 . 6亿美元持股 ， 称其侵犯劳工权利,https://finance.sina.com.cn/stock/hkstock/hkstocknews/2025-06-14/doc-inezyuyx2369142.shtml,finance.sina.com.cn,Chinese,0.0,gdelt_gkg
TSLA,2025-06-14,Börse Express - Tesla Aktie : Befreiungsschlag oder Strohfeuer ? ,http://www.be24.at/news/articles/tesla-aktie-befreiungsschlag-oder-strohfeuer-799900,be24.at,German,0.0,gdelt_gkg
TSLA,2025-06-14,US markets end in red as tensions in Middle East intensify,https://invezz.com/news/2025/06/13/us-markets-end-in-red-as-tensions-in-middle-east-intensify/,invezz.com,English,0.0,gdelt_gkg
TSLA,2025-06-14,Börse Express - Tesla Aktie : Befreiungsschlag oder Strohfeuer ? ,http://www.foonds.com/news/articles/tesla-aktie-befreiungsschlag-oder-strohfeuer-799900,foonds.com,German,0.0,gdelt_gkg
TSLA,2025-06-14,El KIA EV3 revoluciona el mercado de eléctricos : claves de un fenómeno comercial,https://www.esdiario.com/motor/250614/161117/kia-ev3-revoluciona-mercado-electricos-claves-fenomeno-comercial.html,esdiario.com,Spanish,0.0,gdelt_gkg
TSLA,2025-06-14, [ 뉴욕증시 ] 이란 - 이스라엘 충돌에 급락 … 방산 · 에너지 뛰고 여행업종 추락하고,https://www.fnnews.com/news/202506140551333413,fnnews.com,Korean,0.0,gdelt_gkg
TSLA,2025-06-14,资讯AI速递 ： 昨夜今晨热点一览 丨2025年6月14日,https://news.sina.com.cn/zx/ds/2025-06-14/doc-inezyuys5800796.shtml,news.sina.com.cn,Chinese,0.0,gdelt_gkg
TSLA,2025-06-14,"Pour écouler ses stocks , Tesla na dautre choix que de baisser fortement le prix de ces véhicules",https://www.lesnumeriques.com/voiture-electrique/pour-ecouler-ses-stocks-tesla-n-a-d-autre-choix-que-de-baisser-fortement-le-prix-de-ces-vehicules-n238096.html,lesnumeriques.com,French,0.0,gdelt_gkg
TSLA,2025-06-14,全球市场 ： 美股三大指数均跌超1 % 国际油价涨逾7 % 国际黄金结算价创新高 _ 东方财富网,https://finance.eastmoney.com/a/202506143430516762.html,finance.eastmoney.com,Chinese,0.0,gdelt_gkg
TSLA,2025-06-14,道指暴跌近770点 ， 美股三大指数齐挫 ， 能源与军工股逆势上涨,https://www.163.com/dy/article/K20EK8BI0519DDQ2.html,163.com,Chinese,0.0,gdelt_gkg
TSLA,2025-06-14,Classic Car Games To Play On Your Washington Road Trip,https://katsfm.com/ixp/1137/p/classic-road-trip-activities/,katsfm.com,English,0.0,gdelt_gkg
TSLA,2025-06-14,Joan Baez to join Bay Area  No King protests against Trump,https://www.mercurynews.com/2025/06/13/joan-baez-bay-area-no-kings-protests-trump/,mercurynews.com,English,0.0,gdelt_gkg
TSLA,2025-06-14,  삼천피 뚫는다   허니문 랠리  에 코스피 낙관론 확산 … 빚투  도 이달들어 5800억 증가 [ 투자360 ] ,https://biz.heraldcorp.com/article/10509082,biz.heraldcorp.com,Korean,0.0,gdelt_gkg
TSLA,2025-06-14,Tesla faces protests in Austin over Musk robotaxi plans,https://www.nbcmiami.com/news/business/money-report/tesla-faces-protests-in-austin-over-musks-robotaxi-plans/3637219/,nbcmiami.com,English,0.0,gdelt_gkg
TSLA,2025-06-14,伊朗发动  真实诺言 - 3  行动 ： 对以发射数百枚导弹 ， 已致1死50伤 ！ 伊最高领袖 ： 将彻底摧毁以色列政权 _ 新浪新闻,https://news.sina.com.cn/w/2025-06-14/doc-inezyzhv2255492.shtml,news.sina.com.cn,Chinese,0.0,gdelt_gkg
TSLA,2025-06-14,IONIQ 6 N : el deportivo eléctrico más audaz y extremo de Hyundai,https://laopinion.com/2025/06/13/hyundai-estrena-el-nuevo-ioniq-6-n-un-electrico-extremo/,laopinion.com,Spanish,0.0,gdelt_gkg
TSLA,2025-06-14,出海新跳板 ！ 11家中国汽车奔赴香港车博会 ， 全球化再进一程 ！ ,https://k.sina.com.cn/article_1296119181_4d41358d02701ksog.html,k.sina.com.cn,Chinese,0.0,gdelt_gkg
TSLA,2025-06-14,汉堡王中国将关闭部分门店 ； 李国庆离婚财产分割达成和解丨邦早报,https://www.163.com/dy/article/K20IJJBM05119C3G.html,163.com,Chinese,0.0,gdelt_gkg
TSLA,2025-08-01,Cupra  pushing really hard  for connected services in Australia,https://www.inverelltimes.com.au/story/9031272/cupra-pushing-really-hard-for-connected-services-in-australia/,inverelltimes.com.au,English,0.0,gdelt_gkg
TSLA,2025-08-01,El jurado dice que Tesla fue en parte culpable del accidente fatal,https://diario.mx/estados-unidos/2025/aug/01/el-jurado-dice-que-tesla-fue-en-parte-culpable-del-accidente-fatal-1078155.html,diario.mx,Spanish,0.0,gdelt_gkg
TSLA,2025-08-01,Tesla ordered by Florida jury to pay $329 million in Autopilot crash,https://us.cnn.com/2025/08/01/business/tesla-autopilot-crash-lawsuit,us.cnn.com,English,0.0,gdelt_gkg
TSLA,2025-08-01,Tesla Tug - of - War : Why the Future Still Belongs to Elon Musk,https://biztoc.com/x/a096f42d311912e5,biztoc.com,English,0.0,gdelt_gkg
TSLA,2025-08-01,Jury awards $329 million in case that blamed Tesla Autopilot for deadly crash,https://www.krtv.com/us-news/jury-awards-329-million-in-case-that-blamed-teslas-autopilot-for-deadly-crash,krtv.com,English,0.0,gdelt_gkg
TSLA,2025-08-01,Jury orders Tesla to pay more than $240 million in Autopilot crash case,https://biztoc.com/x/bd585b69a7ab3e41,biztoc.com,English,0.0,gdelt_gkg
TSLA,2025-08-01,Jury orders Tesla to pay more than $200 million in Autopilot crash case,https://www.wpbf.com/article/tesla-autopilot-crash-miami-jury-verdict-249m/65577895,wpbf.com,English,0.0,gdelt_gkg
TSLA,2025-08-01,Jury orders Tesla to pay more than $200 million in Autopilot crash case,https://abcnews.go.com/Business/wireStory/jury-orders-tesla-pay-200-million-autopilot-crash-124286491,abcnews.go.com,English,0.0,gdelt_gkg
TSLA,2025-08-01,Musk insta a países a salir de la UE por esta razón,https://actualidad.rt.com/actualidad/559833-musk-instar-paises-salir-ue-razon,actualidad.rt.com,Spanish,0.0,gdelt_gkg
TSLA,2025-08-01,道指收市挫542點 亞馬遜市值蒸發逾2000億美元,https://finance.now.com/news/post.php?id=933902,finance.now.com,Chinese,0.0,gdelt_gkg
TSLA,2025-08-01,Jury finds Tesla partially liable in fatal Autopilot crash,https://biztoc.com/x/59cb1bc0317c3ee5,biztoc.com,English,0.0,gdelt_gkg
TSLA,2025-08-01,Jury awards $329 million in case that blamed Tesla Autopilot for deadly crash,https://www.kristv.com/us-news/jury-awards-329-million-in-case-that-blamed-teslas-autopilot-for-deadly-crash,kristv.com,English,0.0,gdelt_gkg
TSLA,2025-08-01,Tesla ante millonaria indemnización por muerte a causa de autopiloto,https://www.diariolasamericas.com/economia/tesla-millonaria-indemnizacion-muerte-causa-autopiloto-n5380110,diariolasamericas.com,Spanish,0.0,gdelt_gkg
TSLA,2025-08-01,Cupra  pushing really hard  for connected services in Australia,https://www.cootamundraherald.com.au/story/9031272/cupra-pushing-really-hard-for-connected-services-in-australia/,cootamundraherald.com.au,English,0.0,gdelt_gkg
TSLA,2025-08-01,AP News Summary at 6 : 24 p . m . EDT,https://www.hngnews.com/nation_world/ap-news-summary-at-6-24-p-m-edt/article_4329bad2-d8e3-5305-b1da-0bf495ddf473.html,hngnews.com,English,0.0,gdelt_gkg
TSLA,2025-08-01,Cupra  pushing really hard  for connected services in Australia,https://www.begadistrictnews.com.au/story/9031272/cupra-pushing-really-hard-for-connected-services-in-australia/,begadistrictnews.com.au,English,0.0,gdelt_gkg
TSLA,2025-08-01,"Tesla skal betale 1 , 5 milliard kroner efter autopilot - ulykke",https://www.dr.dk/nyheder/udland/tesla-skal-betale-15-milliard-kroner-efter-autopilot-ulykke,dr.dk,Danish,0.0,gdelt_gkg
TSLA,2025-08-01,Accidente fatal con autopiloto : Tesla condenada a pagar 329 millones,https://www.noticiassin.com/accidente-fatal-con-autopiloto-tesla-condenada-a-pagar-329-millones-2000902,noticiassin.com,Spanish,0.0,gdelt_gkg
TSLA,2025-08-01,Jury orders Tesla to pay more than $240 million in Autopilot crash case,https://www.standardspeaker.com/2025/08/01/tesla-miami-case/,standardspeaker.com,English,0.0,gdelt_gkg
TSLA,2025-08-01,Cupra  pushing really hard  for connected services in Australia,https://www.dailyadvertiser.com.au/story/9031272/cupra-pushing-really-hard-for-connected-services-in-australia/,dailyadvertiser.com.au,English,0.0,gdelt_gkg
TSLA,2025-08-01,Jury orders Tesla to pay more than $240 million in Autopilot crash case,https://www.mendocinobeacon.com/2025/08/01/tesla-miami-case/,mendocinobeacon.com,English,0.0,gdelt_gkg
TSLA,2025-08-01,Miami jury orders Tesla to pay more than $240 million in Autopilot crash case in Florida Keys,https://www.wlrn.org/business/2025-08-01/miami-jury-orders-tesla-to-pay-more-than-240-million-in-autopilot-crash-case-in-florida-keys,wlrn.org,English,0.0,gdelt_gkg
TSLA,2025-08-01,Tesla condenada a pagar quase 300 milhões após acidente com piloto automático,https://rr.pt/noticia/mundo/2025/08/01/tesla-condenada-a-pagar-quase-300-milhoes-apos-acidente-com-piloto-automatico/434840/,rr.pt,Portuguese,0.0,gdelt_gkg
TSLA,2025-08-01,Jury orders Tesla to pay more than $240 million in Autopilot crash case,https://www.ocregister.com/2025/08/01/tesla-miami-case/,ocregister.com,English,0.0,gdelt_gkg
TSLA,2025-08-01,Jury orders Tesla to pay more than $240 million in Autopilot crash case,https://www.yumasun.com/news/national_news/jury-orders-tesla-to-pay-more-than-240-million-in-autopilot-crash-case/article_66475a05-06f4-5933-adb6-95d9e39f6022.html,yumasun.com,English,0.0,gdelt_gkg
TSLA,2025-08-01,Jurado ordena a Tesla pagar 329 millones de dólares,https://www.elcaribe.com.do/panorama/internacionales/jurado-ordena-a-tesla-pagar-329-millones-de-dolares/,elcaribe.com.do,Spanish,0.0,gdelt_gkg
TSLA,2025-08-01,The Naked Gun Spoofs  Genius Who Gonna Save The World With His Electric Car . Whoever That Is,https://www.forbes.com/sites/carltonreid/2025/08/01/the-naked-gun-spoofs-genius-whos-gonna-save-the-world-with-his-electric-cars-whoever-that-is/,forbes.com,English,0.0,gdelt_gkg
TSLA,2025-08-01,Jury orders Tesla to pay more than $200 million in Autopilot crash case,https://www.wgal.com/article/tesla-autopilot-crash-miami-jury-verdict-249m/65577895,wgal.com,English,0.0,gdelt_gkg
TSLA,2025-08-01,"Jury orders Tesla to pay more than $240 million in Autopilot crash case - WSVN 7News | Miami News , Weather , Sports",https://wsvn.com/news/local/miami-dade/jury-orders-tesla-to-pay-more-than-240-million-in-autopilot-crash-case/,wsvn.com,English,0.0,gdelt_gkg
TSLA,2025-08-01,Vietnam Reaches Medical Milestone With First Robotic Brain Surgery on Child with Drug - Resistant Epilepsy,https://www.medicaldaily.com/vietnam-reaches-medical-milestone-first-robotic-brain-surgery-child-drug-resistant-epilepsy-473727,medicaldaily.com,English,0.0,gdelt_gkg
TSLA,2025-08-01,Cupra  pushing really hard  for connected services in Australia,https://www.bordermail.com.au/story/9031272/cupra-pushing-really-hard-for-connected-services-in-australia/,bordermail.com.au,English,0.0,gdelt_gkg
TSLA,2025-08-01,E - Cite Motors ( VAPR ) Outpaces EV Industry in Stock Performance This Week and YTD,http://www.phoenixherald.com/news/278483108/e-cite-motors-vapr-outpaces-ev-industry-in-stock-performance-this-week-and-ytd,phoenixherald.com,English,0.0,gdelt_gkg
TSLA,2025-08-01,Los planes de pensiones más rentables para todos los perfiles,https://www.expansion.com/mercados/2025/08/01/688d223de5fdea52358b457d.html,expansion.com,Spanish,0.0,gdelt_gkg
TSLA,2025-08-01,Jury awards $329 million in case that blamed Tesla Autopilot for deadly crash,https://www.kbzk.com/us-news/jury-awards-329-million-in-case-that-blamed-teslas-autopilot-for-deadly-crash,kbzk.com,English,0.0,gdelt_gkg
TSLA,2025-08-01,"Tesla must pay $329 million in Autopilot case , jury finds",https://www.wtol.com/article/news/nation-world/tesla-jury-trial-verdict/507-72b56fbd-430b-4064-89a7-52e05174e27b,wtol.com,English,0.0,gdelt_gkg
TSLA,2025-08-01,Tesla condenada a pagar mais de 200 milhões de dólares a vítimas de acidente mortal,https://www.jn.pt/mundo/artigo/tesla-condenada-a-pagar-mais-de-200-milhoes-de-dolares-a-vitimas-de-acidente-mortal/17856985,jn.pt,Portuguese,0.0,gdelt_gkg
TSLA,2025-08-01,E - Cite Motors ( VAPR ) Outpaces EV Industry in Stock Performance This Week and YTD,http://www.stlouisstar.com/news/278483107/e-cite-motors-vapr-outpaces-ev-industry-in-stock-performance-this-week-and-ytd,stlouisstar.com,English,0.0,gdelt_gkg
TSLA,2025-08-01,E - Cite Motors ( VAPR ) Outpaces EV Industry in Stock Performance This Week and YTD,http://www.californiatelegraph.com/news/278483107/e-cite-motors-vapr-outpaces-ev-industry-in-stock-performance-this-week-and-ytd,californiatelegraph.com,English,0.0,gdelt_gkg
TSLA,2025-08-01,Tesla dømt til å betale milliarder etter dødsulykke med autopilot i Florida,https://www.dagsavisen.no/nyheter/tesla-ma-betale-mer-enn-3-milliarder-i-erstatning-etter-dodsulykke/9886904,dagsavisen.no,Norwegian,0.0,gdelt_gkg
TSLA,2025-08-01,E - Cite Motors ( VAPR ) Outpaces EV Industry in Stock Performance This Week and YTD,http://www.bostonstar.com/news/278483108/e-cite-motors-vapr-outpaces-ev-industry-in-stock-performance-this-week-and-ytd,bostonstar.com,English,0.0,gdelt_gkg
TSLA,2025-08-01,特斯拉自動駕駛致命車禍 判賠逾2億美元,https://www.singtaousa.com/2025-08-01/news-jury-orders-tesla-to-pay-more-than-200-million-in-autopilot-crash-case/5294212,singtaousa.com,Chinese,0.0,gdelt_gkg
TSLA,2025-08-01,E - Cite Motors ( VAPR ) Outpaces EV Industry in Stock Performance This Week and YTD,http://www.stlouisstar.com/news/278483108/e-cite-motors-vapr-outpaces-ev-industry-in-stock-performance-this-week-and-ytd,stlouisstar.com,English,0.0,gdelt_gkg
TSLA,2025-08-01,E - Cite Motors ( VAPR ) Outpaces EV Industry in Stock Performance This Week and YTD,http://www.phoenixherald.com/news/278483107/e-cite-motors-vapr-outpaces-ev-industry-in-stock-performance-this-week-and-ytd,phoenixherald.com,English,0.0,gdelt_gkg
TSLA,2025-08-01,E - Cite Motors ( VAPR ) Outpaces EV Industry in Stock Performance This Week and YTD,http://www.californiatelegraph.com/news/278483108/e-cite-motors-vapr-outpaces-ev-industry-in-stock-performance-this-week-and-ytd,californiatelegraph.com,English,0.0,gdelt_gkg
TSLA,2025-08-01,Tesla a pagar $329 millones por muerte causada por autopilot – Telemundo Dallas ( 39 ) ,https://www.telemundodallas.com/noticias/eeuu/tesla-tendra-que-pagar-329-millones-por-la-muerte-de-una-joven/2526113/,telemundodallas.com,Spanish,0.0,gdelt_gkg
TSLA,2025-08-01,Jury orders Tesla to pay more than $200 million in Autopilot crash case,https://www.wyff4.com/article/tesla-autopilot-crash-miami-jury-verdict-249m/65577895,wyff4.com,English,0.0,gdelt_gkg
TSLA,2025-08-01,Man faces charges in Waldo shooting late Sunday night,https://www.yahoo.com/news/articles/man-faces-charges-waldo-shooting-195637437.html,yahoo.com,English,0.0,gdelt_gkg
TSLA,2025-08-01,"Jury Finds Elon Musk Tesla Partly at Fault in Autopilot Crash Lawsuit , Awards $200 Million in Damages",https://www.breitbart.com/tech/2025/08/01/jury-finds-elon-musks-tesla-partly-at-fault-in-florida-autopilot-crash-lawsuit/,breitbart.com,English,0.0,gdelt_gkg
TSLA,2025-08-01,KBS 뉴스,https://news.kbs.co.kr/news/pc/view/view.do?ncd=8319947,news.kbs.co.kr,Korean,0.0,gdelt_gkg
TSLA,2025-08-01,每周车圈新鲜事 ： 新款途岳新锐上市|蔚来股价大涨近8 % |仰望U8L开启预售,https://biz.zol.com.cn/1023/10232706.html,biz.zol.com.cn,Chinese,0.0,gdelt_gkg
TSLA,2025-08-01,Cupra  pushing really hard  for connected services in Australia,https://www.dailyliberal.com.au/story/9031272/cupra-pushing-really-hard-for-connected-services-in-australia/,dailyliberal.com.au,English,0.0,gdelt_gkg
TSLA,2025-08-01,Tesla må betale mer enn 3 milliarder i erstatning etter dødsulykke,https://www.aftenposten.no/okonomi/i/nyqozm/tesla-maa-betale-mer-enn-3-milliarder-i-erstatning-etter-doedsulykke,aftenposten.no,Norwegian,0.0,gdelt_gkg
TSLA,2025-08-01,Jury awards $329 million in case that blamed Tesla Autopilot for deadly crash,https://www.wkbw.com/us-news/jury-awards-329-million-in-case-that-blamed-teslas-autopilot-for-deadly-crash,wkbw.com,English,0.0,gdelt_gkg
TSLA,2025-08-01,Juez ordena a Tesla pagar US$243 millones por muerte causada por el asistente  Autopilot  ,https://www.prensalibre.com/ahora/internacional/juez-ordena-a-tesla-pagar-us243-millones-por-muerte-causada-por-el-asistente-autopilot/,prensalibre.com,Spanish,0.0,gdelt_gkg
TSLA,2025-08-01,Jury orders Tesla to pay more than $240 million in Autopilot crash case,https://www.yankton.net/news/national_ap/article_68080fb4-b640-577d-a89a-dd626f1f0f3a.html,yankton.net,English,0.0,gdelt_gkg
TSLA,2025-08-01,Jury orders Tesla to pay more than $200 million in Autopilot crash case,https://www.4029tv.com/article/tesla-autopilot-crash-miami-jury-verdict-249m/65577895,4029tv.com,English,0.0,gdelt_gkg
TSLA,2025-08-01,Jury hits Tesla with $243 million verdict,https://www.businessinsurance.com/jury-hits-tesla-with-329-million-verdict/,businessinsurance.com,English,0.0,gdelt_gkg
TSLA,2025-08-01,Jury i united states : Tesla ska betala miljarder för olycka,https://www.sydsvenskan.se/2025-08-01/jury-i-usa-tesla-ska-betala-miljarder-for-olycka/,sydsvenskan.se,Swedish,0.0,gdelt_gkg
TSLA,2025-08-01,Jury orders Tesla to pay more than $240 million in Autopilot crash case,https://www.fortmorgantimes.com/2025/08/01/tesla-miami-case/,fortmorgantimes.com,English,0.0,gdelt_gkg
TSLA,2025-08-01,美증시 덮친 고용 쇼크 … 판 뒤집힐 수도 [ 뉴욕마감 ] ,https://news.mt.co.kr/mtview.php?no=2025080207040626215&MTS_P,news.mt.co.kr,Korean,0.0,gdelt_gkg
TSLA,2025-08-01,Cupra  pushing really hard  for connected services in Australia,https://www.muswellbrookchronicle.com.au/story/9031272/cupra-pushing-really-hard-for-connected-services-in-australia/,muswellbrookchronicle.com.au,English,0.0,gdelt_gkg
TSLA,2025-08-01,"Tesla liable for $243m in fatal Key Largo crash , jury blames autopilot",https://www.nzherald.co.nz/world/tesla-liable-for-243m-in-fatal-key-largo-crash-jury-blames-autopilot/RNFPNX4PEJDOHMYSJH7KJ5NVJM/,nzherald.co.nz,English,0.0,gdelt_gkg
TSLA,2025-08-01,Jury orders Tesla to pay more than $200 million in Autopilot crash case,https://www.wlwt.com/article/tesla-autopilot-crash-miami-jury-verdict-249m/65577895,wlwt.com,English,0.0,gdelt_gkg
TSLA,2025-08-01,Jury orders Tesla to pay more than $240 million in Autopilot crash case,https://www.pilotonline.com/2025/08/01/tesla-miami-case/,pilotonline.com,English,0.0,gdelt_gkg
TSLA,2025-08-01,"Jury orders Tesla to pay $329M in Autopilot crash case , opening it up to other costly lawsuits",https://www.siliconvalley.com/2025/08/01/jury-orders-tesla-to-pay-329-million-autopilot-crash/,siliconvalley.com,English,0.0,gdelt_gkg
TSLA,2025-08-01,Tesla ordered to pay more than $US200m in Autopilot crash case,https://www.theage.com.au/business/companies/tesla-ordered-to-pay-more-than-us200m-in-autopilot-crash-case-20250802-p5mjq5.html,theage.com.au,English,0.0,gdelt_gkg
TSLA,2025-08-01,因6年前一起自动驾驶致命车祸 特斯拉 ( TSLA . US ) 被判赔偿3 . 29亿美元,https://www.163.com/dy/article/K5UIJKR005198UNI.html,163.com,Chinese,0.0,gdelt_gkg
TSLA,2025-08-01,Jurado ordena a Tesla pagar 329 millones por accidente fatal con piloto automático,https://www.ejecentral.com.mx/nuestro-eje/jurado-ordena-a-tesla-pagar-329-millones-por-accidente-fatal-con-piloto-automatico,ejecentral.com.mx,Spanish,0.0,gdelt_gkg
TSLA,2025-08-01,Jury orders Tesla to pay more than $240 million in Autopilot crash case,https://www.wandtv.com/news/national/jury-orders-tesla-to-pay-more-than-240-million-in-autopilot-crash-case/article_2570078a-1148-5371-a979-03d13b3427ad.html,wandtv.com,English,0.0,gdelt_gkg
TSLA,2025-08-01,Cupra  pushing really hard  for connected services in Australia,https://www.camdencourier.com.au/story/9031272/cupra-pushing-really-hard-for-connected-services-in-australia/,camdencourier.com.au,English,0.0,gdelt_gkg
TSLA,2025-08-01,全球市场 ： 欧美股市全线收跌 纳指跌超2 % 国际油价跌近3 % _ 东方财富网,https://finance.eastmoney.com/a/202508023474248696.html,finance.eastmoney.com,Chinese,0.0,gdelt_gkg
TSLA,2025-08-01,Cupra  pushing really hard  for connected services in Australia,https://www.areanews.com.au/story/9031272/cupra-pushing-really-hard-for-connected-services-in-australia/,areanews.com.au,English,0.0,gdelt_gkg
TSLA,2025-08-01,Jury orders Tesla to pay more than $240 million in Autopilot crash case,https://www.thereminder.ca/the-mix/jury-orders-tesla-to-pay-more-than-240-million-in-autopilot-crash-case-11024752,thereminder.ca,English,0.0,gdelt_gkg
TSLA,2025-08-01,Tesla ordered to pay $242 mn for deadly 2019 Autopilot crash,http://thepeninsulaqatar.com/article/01/08/2025/tesla-ordered-to-pay-242-mn-for-deadly-2019-autopilot-crash,thepeninsulaqatar.com,English,0.0,gdelt_gkg
TSLA,2025-08-01,Tesla found partly to blame for fatal Autopilot crash,https://www.bbc.com/news/articles/c93dqpkwx4xo,bbc.com,English,0.0,gdelt_gkg
TSLA,2025-08-01,Jury orders Tesla to pay more than $240 million in Autopilot crash case,https://www.capitalgazette.com/2025/08/01/tesla-miami-case/,capitalgazette.com,English,0.0,gdelt_gkg
TSLA,2025-08-01,Florida Jury Hits Tesla with $329M Verdict in Fatal Autopilot Crash,https://www.webpronews.com/florida-jury-hits-tesla-with-329m-verdict-in-fatal-autopilot-crash/,webpronews.com,English,0.0,gdelt_gkg
TSLA,2025-08-01,USA : Tesla condamné à payer 242 millions de dollars pour un accident mortel lié à la conduite autonome,https://www.la-croix.com/usa-tesla-condamne-a-payer-242-millions-de-dollars-pour-un-accident-mortel-lie-a-la-conduite-autonome-20250801,la-croix.com,French,0.0,gdelt_gkg
TSLA,2025-08-01,Jury orders Tesla to pay more than $240 million in Autopilot crash case,https://www.denverpost.com/2025/08/01/tesla-miami-case/,denverpost.com,English,0.0,gdelt_gkg
TSLA,2025-08-01,Cupra  pushing really hard  for connected services in Australia,https://www.katherinetimes.com.au/story/9031272/cupra-pushing-really-hard-for-connected-services-in-australia/,katherinetimes.com.au,English,0.0,gdelt_gkg
TSLA,2025-08-01,Los jóvenes valencianos que conquistan a Amazon y Google con su IA para la gestión del inventario,https://www.lasprovincias.es/economia/startups/jovenes-valencianos-conquistan-amazon-google-ia-gestion-20250731010027-nt.html,lasprovincias.es,Spanish,0.0,gdelt_gkg
TSLA,2025-08-01,E - Cite Motors ( VAPR ) Outpaces EV Industry in Stock Performance This Week and YTD,http://www.dallassun.com/news/278483108/e-cite-motors-vapr-outpaces-ev-industry-in-stock-performance-this-week-and-ytd,dallassun.com,English,0.0,gdelt_gkg
TSLA,2025-08-01,President Donald Trump Bets  Hundreds of Billion on Golden Dome  Win  Right Before 2028 Election,https://www.thedailybeast.com/president-donald-trump-bets-hundreds-of-billions-on-golden-dome-win-right-before-2028-election/,thedailybeast.com,English,0.0,gdelt_gkg
TSLA,2025-08-01,Cupra  pushing really hard  for connected services in Australia,https://www.portstephensexaminer.com.au/story/9031272/cupra-pushing-really-hard-for-connected-services-in-australia/,portstephensexaminer.com.au,English,0.0,gdelt_gkg
TSLA,2025-08-01,Jury orders Tesla to pay more than $240 million in Autopilot crash case,https://www.smdailyjournal.com/business/jury-orders-tesla-to-pay-more-than-240-million-in-autopilot-crash-case/article_a980c469-622d-5251-9b40-3888901fccac.html,smdailyjournal.com,English,0.0,gdelt_gkg
TSLA,2025-08-01,Cupra  pushing really hard  for connected services in Australia,https://www.queanbeyanage.com.au/story/9031272/cupra-pushing-really-hard-for-connected-services-in-australia/,queanbeyanage.com.au,English,0.0,gdelt_gkg
TSLA,2025-08-01,因6年前一起自动驾驶致命车祸 特斯拉 ( TSLA . US ) 被判赔偿3 . 29亿美元 _ 股市直播 _ 市场 _ 中金在线,http://sc.stock.cnfol.com/gushizhibo/20250802/31515866.shtml,sc.stock.cnfol.com,Chinese,0.0,gdelt_gkg
TSLA,2025-08-01,"Tesla Diner Collapse Injures Mother , Sparks Lawsuit and Safety Scrutiny",https://www.webpronews.com/tesla-diner-collapse-injures-mother-sparks-lawsuit-and-safety-scrutiny/,webpronews.com,English,0.0,gdelt_gkg
TSLA,2025-08-01,Jury orders Tesla to pay more than $200 million in Autopilot crash case,https://www.wlky.com/article/tesla-autopilot-crash-miami-jury-verdict-249m/65577895,wlky.com,English,0.0,gdelt_gkg
TSLA,2025-08-01,Tesla debe pagar US$ 329 millones por un accidente fatal con su piloto automático,https://eleconomista.com.ar/autos/tesla-debe-pagar-us-329-millones-accidente-fatal-su-piloto-automatico-n87219,eleconomista.com.ar,Spanish,0.0,gdelt_gkg
TSLA,2025-08-01,Celebrating the State Success | Greenville Business Magazine,https://www.greenvillebusinessmag.com/2025/08/01/541466/celebrating-the-states-success,greenvillebusinessmag.com,English,0.0,gdelt_gkg
TSLA,2025-08-01,Cupra  pushing really hard  for connected services in Australia,https://www.blayneychronicle.com.au/story/9031272/cupra-pushing-really-hard-for-connected-services-in-australia/,blayneychronicle.com.au,English,0.0,gdelt_gkg
TSLA,2025-08-01," ¿ Cuánto cuesta comer en Tesla Diner , el restaurante futurista de Elon Musk ? ",https://www.nacion.com/viva/cuanto-cuesta-comer-en-tesla-diner-el-restaurante/GDVL5XBWY5FRPKFFNTAGUSG4UM/story/,nacion.com,Spanish,0.0,gdelt_gkg
TSLA,2025-08-01,"자율주행으로 달리다 쾅 … 美법원  테슬라 책임 , 3400억 배상  ",https://news.mt.co.kr/mtview.php?no=2025080207250965705&MTS_P,news.mt.co.kr,Korean,0.0,gdelt_gkg
TSLA,2025-08-01,Tesla to pay $243M for deadly 2019 Florida Keys accident,https://www.yahoo.com/news/articles/tesla-pay-243m-deadly-2019-221356024.html,yahoo.com,English,0.0,gdelt_gkg
TSLA,2025-08-01,Samsung posts brutal financials as chip business profits plunge by 94 % ,https://www.techspot.com/news/108897-samsung-posts-brutal-financials-chip-business-profits-plunge.html,techspot.com,English,0.0,gdelt_gkg
TSLA,2025-08-01,Jury orders Tesla to pay more than $240 million in Autopilot crash case,https://www.dailycamera.com/2025/08/01/tesla-miami-case/,dailycamera.com,English,0.0,gdelt_gkg
TSLA,2025-08-01,Accidente fatal con autopiloto : Tesla condenada a pagar 329 millones,https://www.noticiassin.com/jurado-ordena-a-tesla-pagar-329-millones-de-dolares-por-accidente-fatal-con-su-autopiloto-2000902,noticiassin.com,Spanish,0.0,gdelt_gkg
TSLA,2025-08-01,特斯拉季度营收迎十年来最大滑坡 马斯克坦承前路多艰,https://k.sina.com.cn/article_1650111241_625ab30902001dxhk.html,k.sina.com.cn,Chinese,0.0,gdelt_gkg
TSLA,2025-08-01,Jury orders Tesla to pay more than $240 million in Autopilot crash case,https://thebusinessjournal.com/jury-orders-tesla-to-pay-more-than-240-million-in-autopilot-crash-case/,thebusinessjournal.com,English,0.0,gdelt_gkg
TSLA,2025-08-01,Jury orders Tesla to pay more than $240 million in Autopilot crash case,https://www.reporterherald.com/2025/08/01/tesla-miami-case/,reporterherald.com,English,0.0,gdelt_gkg
TSLA,2025-08-01,Jury orders Tesla to pay more than $240 million in Autopilot crash case,https://www.citizensvoice.com/2025/08/01/tesla-miami-case/,citizensvoice.com,English,0.0,gdelt_gkg
TSLA,2025-08-01,Jury orders Tesla to pay more than $240 million in Autopilot crash case,https://www.nydailynews.com/2025/08/01/tesla-miami-case/,nydailynews.com,English,0.0,gdelt_gkg
TSLA,2025-08-01,Jury orders Tesla to pay more than $240 million in Autopilot crash case,https://www.wgauradio.com/news/jury-orders-tesla/RIIIM6RRMFHZ3A4TMYZXOP5AWY/,wgauradio.com,English,0.0,gdelt_gkg
TSLA,2025-08-01,HNonline . sk - Nečakaný krok Tesly bez vysvetlenia . Z Európy potichu mizne dvojica jej modelov,https://hnonline.sk/auto/novinky/96227582-necakany-krok-tesly-bez-vysvetlenia-z-europy-potichu-mizne-dvojica-jej-modelov,hnonline.sk,Slovak,0.0,gdelt_gkg
TSLA,2025-08-01,The Fight for Free Speech Goes Corporate,https://www.cjr.org/feature/paramount-trump-lawsuit-settlement-skydance-merger-press-freedom.php,cjr.org,English,0.0,gdelt_gkg
TSLA,2025-08-01,Cupra  pushing really hard  for connected services in Australia,https://www.theleader.com.au/story/9031272/cupra-pushing-really-hard-for-connected-services-in-australia/,theleader.com.au,English,0.0,gdelt_gkg
TSLA,2025-08-01,Jury orders Tesla to pay more than $200 million in Autopilot crash case,https://www.ketv.com/article/tesla-autopilot-crash-miami-jury-verdict-249m/65577895,ketv.com,English,0.0,gdelt_gkg
TSLA,2025-08-01,Tesla condamné à payer 242 millions de dollars pour un accident mortel sous « Autopilot » survenu en 2019,https://www.leparisien.fr/automobile/tesla-condamne-a-payer-242-millions-de-dollars-pour-un-accident-mortel-sous-autopilot-survenu-en-2019-01-08-2025-XKS65WVMMBBMJIWQAGJZR7O4CY.php,leparisien.fr,French,0.0,gdelt_gkg
TSLA,2025-08-01,周六你需要知道的隔夜全球要闻 _ 东方财富网,https://finance.eastmoney.com/a/202508023474265612.html,finance.eastmoney.com,Chinese,0.0,gdelt_gkg
TSLA,2025-08-01,Cupra  pushing really hard  for connected services in Australia,https://www.irrigator.com.au/story/9031272/cupra-pushing-really-hard-for-connected-services-in-australia/,irrigator.com.au,English,0.0,gdelt_gkg
TSLA,2025-08-01,Jury orders Tesla to pay more than $200 million in Autopilot crash case,https://www.southernminn.com/owatonna_peoples_press/news/state/jury-orders-tesla-to-pay-more-than-200-million-in-autopilot-crash-case/article_0c7ef23d-8fe2-4d80-ba22-fcb22ca07d6e.html,southernminn.com,English,0.0,gdelt_gkg
TSLA,2025-08-01,Jury awards $329 million in case that blamed Tesla Autopilot for deadly crash,https://www.kpax.com/us-news/jury-awards-329-million-in-case-that-blamed-teslas-autopilot-for-deadly-crash,kpax.com,English,0.0,gdelt_gkg
TSLA,2025-08-01,Miami jury orders Tesla to pay more than $200 million in Autopilot crash case,https://www.nbcconnecticut.com/news/national-international/jury-says-tesla-must-pay-for-deadly-crash-involving-autopilot-in-key-largo/3620155/,nbcconnecticut.com,English,0.0,gdelt_gkg
TSLA,2025-08-01,Cupra  pushing really hard  for connected services in Australia,https://www.therural.com.au/story/9031272/cupra-pushing-really-hard-for-connected-services-in-australia/,therural.com.au,English,0.0,gdelt_gkg
TSLA,2025-08-01,Tesla es declarado parcialmente responsable del accidente fatal de 2019 ; el jurado ordena 200 millones de dólares en daños,https://www.infobae.com/wapo/2025/08/01/tesla-es-declarado-parcialmente-responsable-del-accidente-fatal-de-2019-el-jurado-ordena-200-millones-de-dolares-en-danos/,infobae.com,Spanish,0.0,gdelt_gkg
TSLA,2025-08-01,Cupra  pushing really hard  for connected services in Australia,https://www.manningrivertimes.com.au/story/9031272/cupra-pushing-really-hard-for-connected-services-in-australia/,manningrivertimes.com.au,English,0.0,gdelt_gkg
TSLA,2025-08-01,E - Cite Motors ( VAPR ) Outpaces EV Industry in Stock Performance This Week and YTD,http://www.saltlakecitysun.com/news/278483108/e-cite-motors-vapr-outpaces-ev-industry-in-stock-performance-this-week-and-ytd,saltlakecitysun.com,English,0.0,gdelt_gkg
TSLA,2025-08-01,Jury awards $329 million in case that blamed Tesla Autopilot for deadly crash,https://www.10news.com/us-news/jury-awards-329-million-in-case-that-blamed-teslas-autopilot-for-deadly-crash,10news.com,English,0.0,gdelt_gkg
TSLA,2025-08-01,Why This Time It Different ! AI Tech Stocks Blow Off Top Earnings Season :: The Market Oracle :: ,https://www.marketoracle.co.uk/Article71496.html,marketoracle.co.uk,English,0.0,gdelt_gkg
TSLA,2025-08-01,Jury orders Tesla to pay more than $240 million in Autopilot crash case,https://www.sun-sentinel.com/2025/08/01/jury-orders-tesla-to-pay-more-than-240-million-in-autopilot-crash-case/,sun-sentinel.com,English,0.0,gdelt_gkg
TSLA,2025-08-01,Jury orders Tesla to pay more than $240 million in Autopilot crash case,https://www.orlandosentinel.com/2025/08/01/jury-orders-tesla-to-pay-more-than-240-million-in-autopilot-crash-case/,orlandosentinel.com,English,0.0,gdelt_gkg
TSLA,2025-08-01,Tesla deve pagar mais de US$ 200 mi nos EUA por acidente fatal com piloto automático | Tribuna Online,https://tribunaonline.com.br/internacional/tesla-deve-pagar-mais-de-us-200-mi-nos-eua-por-acidente-fatal-com-piloto-automatico-270149,tribunaonline.com.br,Portuguese,0.0,gdelt_gkg
TSLA,2025-08-01,Tesla to appeal Florida autopilot crash verdict,https://biztoc.com/x/b3815241e21735e2,biztoc.com,English,0.0,gdelt_gkg
TSLA,2025-08-01,"Tesla terá que pagar US$ 243 mil ( R$ 1 , 3 milhão ) em danos por acidente fatal com carro sem motorista",https://epocanegocios.globo.com/empresas/noticia/2025/08/tesla-tera-que-pagar-us-243-mil-tesla-tera-que-us-243-milhoes-em-danos-por-acidente-fatal-com-carro-sem-motoristaazs.ghtml,epocanegocios.globo.com,Portuguese,0.0,gdelt_gkg
TSLA,2025-08-01,Produo da BYD em julho cai pela primeira vez em 17 meses,https://www1.folha.uol.com.br/mercado/2025/08/producao-da-byd-em-julho-cai-pela-primeira-vez-em-17-meses.shtml,folha.uol.com.br,Portuguese,0.0,gdelt_gkg
TSLA,2025-08-01,Teslan kantaisä :  Cybertruck on roskalaatikko  ,https://www.uusisuomi.fi/uutiset/a/4465b78c-a29c-480d-bec1-3009a70613e7,uusisuomi.fi,Finnish,0.0,gdelt_gkg
TSLA,2025-08-01,Tesla ordered by Florida jury to pay $329 million in Autopilot crash,https://www.yahoo.com/news/articles/tesla-ordered-florida-jury-pay-192910721.html,yahoo.com,English,0.0,gdelt_gkg
TSLA,2025-08-01,"Tesla partly liable in Florida Autopilot trial , jury awards $329M in damages",https://biztoc.com/x/3cacc647e86fe595,biztoc.com,English,0.0,gdelt_gkg
TSLA,2025-08-01,Jury orders Tesla to pay more than $200 million in Autopilot crash case,https://www.tdtnews.com/news/nation_world/article_edb06c4a-40ea-5101-a7b2-0e7b58577584.html,tdtnews.com,English,0.0,gdelt_gkg
TSLA,2025-08-01,Physics - Chiral Superconductivity in Rhombohedral Graphene,https://physics.aps.org/articles/v18/143,physics.aps.org,English,0.0,gdelt_gkg
TSLA,2025-08-01,"In $329M verdict , Miami federal jury finds Tesla partly liable in Autopilot crash suit",https://www.local10.com/news/local/2025/08/01/in-300m-verdict-miami-federal-jury-finds-tesla-partly-liable-in-autopilot-crash-suit/,local10.com,English,0.0,gdelt_gkg
TSLA,2025-08-01,Tesla Model 3 Performance Swap : How It Works,https://insideevs.com:443/news/767686/tesla-model-3-awd-performance-swap/,insideevs.com,English,0.0,gdelt_gkg
TSLA,2025-08-01,Miami Jury Orders Tesla to Pay Nine - Figure Verdict | NewsRadio WIOD,https://wiod.iheart.com/featured/florida-news/content/2025-08-01-miami-jury-orders-tesla-to-pay-nine-figure-verdict/,wiod.iheart.com,English,0.0,gdelt_gkg
TSLA,2025-08-01,Jury orders Tesla to pay more than $200 million in Autopilot crash case,https://isp.netscape.com/pf/story/0001/20250801/c342f2716b1ec4e9ede09b8e958751b7,isp.netscape.com,English,0.0,gdelt_gkg
TSLA,2025-08-01,Jury orders Tesla to pay more than $200 million in Autopilot crash case,https://biztoc.com/x/2cee69938bca6748,biztoc.com,English,0.0,gdelt_gkg
TSLA,2025-08-01,Tesla ordered to pay more than $200 million over fatal Autopilot crash,https://www.theglobeandmail.com/business/article-tesla-ordered-to-pay-more-than-200-million-over-fatal-autopilot-crash/,theglobeandmail.com,English,0.0,gdelt_gkg
TSLA,2025-08-01,"Jury orders Tesla to pay $329M in Autopilot crash case , opening it up to other costly lawsuits",https://biztoc.com/x/aee3a93d22451925,biztoc.com,English,0.0,gdelt_gkg
TSLA,2025-08-01,Miami jury orders Tesla to pay more than $200 million in Autopilot crash case,https://www.nbcdfw.com/news/national-international/jury-says-tesla-must-pay-for-deadly-crash-involving-autopilot-in-key-largo/3898873/,nbcdfw.com,English,0.0,gdelt_gkg
TSLA,2025-08-01,"Tesla ordered to pay $329 million in autopilot crash case , impacting safety reputation",https://kval.com/news/nation-world/tesla-329-million-autopilot-crash-case-safety-reputaiton-autopilot-driver-assistance-elon-musk-florida,kval.com,English,0.0,gdelt_gkg
TSLA,2025-08-01,American Eagle Responds to Sydney Sweeney Jeans Ad Controversy,https://www.businessinsider.com/american-eagle-response-sydney-sweeney-good-jeans-ad-controversy-2025-8,businessinsider.com,English,0.0,gdelt_gkg
TSLA,2025-08-01,Promueven vacaciones científicas en Parque Infantil,https://eldiariodesonora.com.mx/sonora/2025/08/01/promueven-vacaciones-cientificas-parque-infantil.html,eldiariodesonora.com.mx,Spanish,0.0,gdelt_gkg
TSLA,2025-08-01,Jury awards $329 million in case that blamed Tesla Autopilot for deadly crash,https://www.koaa.com/us-news/jury-awards-329-million-in-case-that-blamed-teslas-autopilot-for-deadly-crash,koaa.com,English,0.0,gdelt_gkg
TSLA,2025-08-01,Tesla condamné à payer 242 millions de dollars pour un accident mortel lié à la conduite autonome,https://www.sudouest.fr/international/tesla-condamne-a-payer-242-millions-de-dollars-pour-un-accident-mortel-lie-a-la-conduite-autonome-25451653.php,sudouest.fr,French,0.0,gdelt_gkg
TSLA,2025-08-01,حكم قضائي يُلزم  تسلا  بدفع 329 مليون دولار بسبب حادث مميت,https://www.hespress.com/%D8%AD%D9%83%D9%85-%D9%82%D8%B6%D8%A7%D8%A6%D9%8A-%D9%8A%D9%8F%D9%84%D8%B2%D9%85-%D8%AA%D8%B3%D9%84%D8%A7-%D8%A8%D8%AF%D9%81%D8%B9-329-%D9%85%D9%84%D9%8A%D9%88%D9%86-%D8%AF%D9%88%D9%84%D8%A7%D8%B1-1602816.html,hespress.com,Arabic,0.0,gdelt_gkg
TSLA,2025-08-01,Tesla ordered to pay more than $US200m in Autopilot crash case,https://www.watoday.com.au/business/companies/tesla-ordered-to-pay-more-than-us200m-in-autopilot-crash-case-20250802-p5mjq5.html,watoday.com.au,English,0.0,gdelt_gkg
TSLA,2025-08-01,Jury awards $329 million in case that blamed Tesla Autopilot for deadly crash,https://www.fox13now.com/us-news/jury-awards-329-million-in-case-that-blamed-teslas-autopilot-for-deadly-crash,fox13now.com,English,0.0,gdelt_gkg
TSLA,2025-08-01,Jury awards $329 million in case that blamed Tesla Autopilot for deadly crash,https://www.fox17online.com/us-news/jury-awards-329-million-in-case-that-blamed-teslas-autopilot-for-deadly-crash,fox17online.com,English,0.0,gdelt_gkg
TSLA,2025-08-01,Jury awards $329 million in case that blamed Tesla Autopilot for deadly crash,https://www.wtxl.com/us-news/jury-awards-329-million-in-case-that-blamed-teslas-autopilot-for-deadly-crash,wtxl.com,English,0.0,gdelt_gkg
TSLA,2025-08-01,"INVESTOR NOTICE : Hims & Hers Health , Inc . ( HIMS ) Investors Are Reminded ... ",https://www.pr-inside.com/investor-notice-hims-hers-health-inc-hims-investors-are-reminded-r5124386.htm,pr-inside.com,English,0.0,gdelt_gkg
TSLA,2025-08-01,Miami jury orders Tesla to pay more than $200 million in Autopilot crash case,https://www.nbcphiladelphia.com/news/national-international/jury-says-tesla-must-pay-for-deadly-crash-involving-autopilot-in-key-largo/4247769/,nbcphiladelphia.com,English,0.0,gdelt_gkg
TSLA,2025-08-01,Tesla Stock Falls As EV Giant Found Liable In Autopilot Trial | Investor Business Daily,https://www.investors.com/news/tesla-stock-falls-ev-giant-liable-autopilot-trial-robotaxi/,investors.com,English,0.0,gdelt_gkg
TSLA,2025-08-01,Un jury de Floride condamne Tesla à verser 329 millions de dollars après un accident mortel impliquant lAutopilot,https://www.zonebourse.com/actualite-bourse/un-jury-de-floride-condamne-tesla-a-verser-329-millions-de-dollars-apres-un-accident-mortel-impliqua-ce7c5fd3dd8af423,zonebourse.com,French,0.0,gdelt_gkg
TSLA,2025-08-01,Conduite autonome | Tesla condamné à payer 242 millions pour un accident mortel,https://www.lapresse.ca/international/etats-unis/2025-08-01/conduite-autonome/tesla-condamne-a-payer-242-millions-pour-un-accident-mortel.php,lapresse.ca,French,0.0,gdelt_gkg
TSLA,2025-08-01,"What EPA targeting of vehicle pollution rules means for carmakers | News , Sports , Jobs",https://www.ironmountaindailynews.com/news/business/2025/08/what-epas-targeting-of-vehicle-pollution-rules-means-for-carmakers/,ironmountaindailynews.com,English,0.0,gdelt_gkg
TSLA,2025-08-01,"Tesla must pay $329 million in Autopilot case , jury finds",https://www.kgw.com/article/news/nation-world/tesla-jury-trial-verdict/507-72b56fbd-430b-4064-89a7-52e05174e27b,kgw.com,English,0.0,gdelt_gkg
TSLA,2025-08-01,Jury orders Tesla to pay more than $200 million in Autopilot crash case,https://www.wfmz.com/business/jury-orders-tesla-to-pay-more-than-200-million-in-autopilot-crash-case/article_ec4b3161-593e-5195-9ac2-3e268bcbc731.html,wfmz.com,English,0.0,gdelt_gkg
TSLA,2025-08-01,SRN - US News - Taylorville Daily News,https://taylorvilledailynews.com/local-news/srn-us-news/a836ddefba81f01cf3120bc646360ca6,taylorvilledailynews.com,English,0.0,gdelt_gkg
TSLA,2025-08-01,Miami jury finds Tesla partly liable in Autopilot crash,https://biztoc.com/x/3df4036d654aa453,biztoc.com,English,0.0,gdelt_gkg
TSLA,2025-08-01,"Tesla driver charged in Stafford County road rage incident after pointing BB gun , deputies say",https://www.yahoo.com/news/articles/tesla-driver-charged-stafford-county-161858023.html,yahoo.com,English,0.0,gdelt_gkg
TSLA,2025-08-01,"Tesla must pay $329 million in Autopilot case , jury finds",https://www.abc10.com/article/news/nation-world/tesla-jury-trial-verdict/507-72b56fbd-430b-4064-89a7-52e05174e27b,abc10.com,English,0.0,gdelt_gkg
TSLA,2025-08-01,"Tesla must pay $329 million in Autopilot case , jury finds",https://www.wkyc.com/article/news/nation-world/tesla-jury-trial-verdict/507-72b56fbd-430b-4064-89a7-52e05174e27b,wkyc.com,English,0.0,gdelt_gkg
TSLA,2025-08-01,SJM BREAKING NEWS : The J . M . Smucker Co . Stock Declines over 18 % After Significant Impairment Charges – BFA Law is Investigating and Urges Investors with Losses to Contact the Firm,https://www.marketscreener.com/news/sjm-breaking-news-the-j-m-smucker-co-stock-declines-over-18-after-significant-impairment-charges-ce7c5fd3dd8bf722,marketscreener.com,English,0.0,gdelt_gkg
TSLA,2025-08-01,Jury awards $329 million in case that blamed Tesla Autopilot for deadly crash,https://www.abcactionnews.com/us-news/jury-awards-329-million-in-case-that-blamed-teslas-autopilot-for-deadly-crash,abcactionnews.com,English,0.0,gdelt_gkg
TSLA,2025-08-01,Jury orders Tesla to pay more than $200 million in Autopilot crash case,https://www.piquenewsmagazine.com/national-business/jury-orders-tesla-to-pay-more-than-200-million-in-autopilot-crash-case-11024755,piquenewsmagazine.com,English,0.0,gdelt_gkg
TSLA,2025-08-01,Jury awards $329 million in case that blamed Tesla Autopilot for deadly crash,https://www.wcpo.com/us-news/jury-awards-329-million-in-case-that-blamed-teslas-autopilot-for-deadly-crash,wcpo.com,English,0.0,gdelt_gkg
TSLA,2025-08-01,Tesla to open 1st charging station in India next week – Bilkul Online,https://bilkulonline.com/2025/08/01/tesla-to-open-1st-charging-station-in-india-next-week/,bilkulonline.com,English,0.0,gdelt_gkg
TSLA,2025-08-01,  特斯拉杀手  车型周销量 ： 小鹏G7超小米YU7排第一 - 新浪汽车,https://k.sina.com.cn/article_5952915705_162d248f906701px0s.html,k.sina.com.cn,Chinese,0.0,gdelt_gkg
TSLA,2025-08-01,Tesla must pay millions to victims in Autopilot crash case,https://www.cp24.com/news/world/2025/08/01/jury-orders-tesla-to-pay-more-than-us200-million-in-autopilot-crash-case/,cp24.com,English,0.0,gdelt_gkg
TSLA,2025-08-01,Jury orders Tesla to pay more than $200 million in Autopilot crash case,https://www.sun-sentinel.com/2025/08/01/jury-orders-tesla-to-pay-more-than-200-million-in-autopilot-crash-case/,sun-sentinel.com,English,0.0,gdelt_gkg
TSLA,2025-08-01,Jury awards $329 million in case that blamed Tesla Autopilot for deadly crash,https://www.ktvq.com/us-news/jury-awards-329-million-in-case-that-blamed-teslas-autopilot-for-deadly-crash,ktvq.com,English,0.0,gdelt_gkg
TSLA,2025-08-01,Tesla ordered by Florida jury to pay $329 million in Autopilot crash,https://finance.yahoo.com/news/tesla-ordered-florida-jury-pay-192910068.html,finance.yahoo.com,English,0.0,gdelt_gkg
TSLA,2025-08-01,"Tesla must pay $329 million in damages after fatal Autopilot crash , jury says",https://biztoc.com/x/016674050bd2c1dd,biztoc.com,English,0.0,gdelt_gkg
TSLA,2025-08-01,"Tesla must pay $329 million in Autopilot case , jury finds",https://www.wzzm13.com/article/news/nation-world/tesla-jury-trial-verdict/507-72b56fbd-430b-4064-89a7-52e05174e27b,wzzm13.com,English,0.0,gdelt_gkg
TSLA,2025-08-01,Jury awards $329 million in case that blamed Tesla Autopilot for deadly crash,https://www.scrippsnews.com/us-news/jury-awards-329-million-in-case-that-blamed-teslas-autopilot-for-deadly-crash,scrippsnews.com,English,0.0,gdelt_gkg
TSLA,2025-08-01,Tesla must pay $329 million in damages after fatal autopilot crash,https://www.cnbc.com/2025/08/01/tesla-must-pay-329-million-in-damages-in-fatal-autopilot-case.html,cnbc.com,English,0.0,gdelt_gkg
TSLA,2025-08-01,"Jury orders Tesla to pay $329M in Autopilot crash case , opening it up to other costly lawsuits",https://www.cecildaily.com/ap/nation/jury-orders-tesla-to-pay-329m-in-autopilot-crash-case-opening-it-up-to-other/article_2863575c-4451-531b-af83-d811c9f482ae.html,cecildaily.com,English,0.0,gdelt_gkg
TSLA,2025-08-01,The Rule That Keeps Cars Clean Might Not Survive the Year,https://www.popularmechanics.com/science/environment/a65554998/endangerment-finding/,popularmechanics.com,English,0.0,gdelt_gkg
TSLA,2025-08-01,"Tesla must pay $329 million in Autopilot case , jury finds",https://www.wfaa.com/article/news/nation-world/tesla-jury-trial-verdict/507-72b56fbd-430b-4064-89a7-52e05174e27b,wfaa.com,English,0.0,gdelt_gkg
TSLA,2025-08-01,Miami jury orders Tesla to pay more than $200 million in Autopilot crash case,https://www.nbcchicago.com/news/national-international/jury-says-tesla-must-pay-for-deadly-crash-involving-autopilot-in-key-largo/3803437/,nbcchicago.com,English,0.0,gdelt_gkg
TSLA,2025-08-01,Jury orders Tesla to pay more than $200 million in Autopilot crash case,https://www.wdrb.com/news/national/jury-orders-tesla-to-pay-more-than-200-million-in-autopilot-crash-case/article_5e804358-669d-5939-ad1c-61ec9deabb5e.html,wdrb.com,English,0.0,gdelt_gkg
TSLA,2025-08-01,Jury orders Tesla to pay more than $200 million in Autopilot crash case,https://www.bakersfield.com/ap/news/jury-orders-tesla-to-pay-more-than-200-million-in-autopilot-crash-case/article_b4f4035d-203a-55bb-917e-80635787a0ca.html,bakersfield.com,English,0.0,gdelt_gkg
TSLA,2025-08-01,"Tesla must pay $329 million in Autopilot case , jury finds",https://www.10tv.com/article/news/nation-world/tesla-jury-trial-verdict/507-72b56fbd-430b-4064-89a7-52e05174e27b,10tv.com,English,0.0,gdelt_gkg
TSLA,2025-08-01,"Jury orders Tesla to pay $329M in Autopilot crash case , opening it up to other costly lawsuits",https://www.mercurynews.com/2025/08/01/jury-orders-tesla-to-pay-329-million-autopilot-crash/,mercurynews.com,English,0.0,gdelt_gkg
TSLA,2025-08-01,Evropska komisija načrtuje prepoved prodaje vozil z motorjem z notranjim zgorevanjem za najem do leta 2030,https://www.zurnal24.si/avto/na-strom/kako-realen-je-nacrt-evropska-komisija-da-bomo-pol-leta-2030-najemali-le-se-elektricna-vozila-najem-444872,zurnal24.si,Slovenian,0.0,gdelt_gkg
TSLA,2025-08-01,"美법원 , 오토파일럿 사망사고 테슬라 책임 일부 인정 … 3377억원 배상 ( 종합 ) ",https://www.fnnews.com/news/202508020608530325,fnnews.com,Korean,0.0,gdelt_gkg
TSLA,2025-08-01,Tesla a pagar $329 millones por muerte causada por autopilot – Telemundo Miami ( 51 ) ,https://www.telemundo51.com/noticias/local/tesla-tendra-que-pagar-329-millones-por-la-muerte-de-una-joven/2682972/,telemundo51.com,Spanish,0.0,gdelt_gkg
TSLA,2025-08-01,E - Cite Motors ( VAPR ) Outpaces EV Industry in Stock Performance This Week and YTD,http://www.tennesseedaily.com/news/278483107/e-cite-motors-vapr-outpaces-ev-industry-in-stock-performance-this-week-and-ytd,tennesseedaily.com,English,0.0,gdelt_gkg
TSLA,2025-08-01,Jury awards $329 million in case that blamed Tesla Autopilot for deadly crash,https://www.wptv.com/us-news/jury-awards-329-million-in-case-that-blamed-teslas-autopilot-for-deadly-crash,wptv.com,English,0.0,gdelt_gkg
TSLA,2025-08-01,SUD PRESUDIO PROTIV TESLE Auto - pilot odveo ženu u smrt – porodica dobija 329 miliona,https://www.alo.rs/vesti/svet/1096578/sud-presudio-protiv-tesle-auto-pilot-odveo-zenu-u-smrt-porodica-dobija-329-miliona/vest,alo.rs,Serbian,0.0,gdelt_gkg
TSLA,2025-08-01,Tesla ordered to pay $329M in Florida Autopilot crash case,https://www.wptv.com/money/consumer/automotive/jury-orders-tesla-to-pay-329m-in-florida-autopilot-crash-case-opening-it-up-to-other-costly-lawsuits,wptv.com,English,0.0,gdelt_gkg
TSLA,2025-08-01,Tesla Found Partly Liable in 2019 Autopilot Death,https://www.wired.com/story/tesla-liable-2019-autopilot-crash-death/,wired.com,English,0.0,gdelt_gkg
TSLA,2025-08-01,Tesla ordered to pay $242 million in Autopilot death,https://timesofmalta.com/article/tesla-ordered-pay-242-million-autopilot-death.1114041,timesofmalta.com,English,0.0,gdelt_gkg
TSLA,2025-08-01,Jury orders Tesla to pay more than $200 million in Autopilot crash case,https://www.wisn.com/article/tesla-autopilot-crash-miami-jury-verdict-249m/65577895,wisn.com,English,0.0,gdelt_gkg
TSLA,2025-08-01,"Tesla must pay $329 million in Autopilot case , jury finds",https://www.ksdk.com/article/news/nation-world/tesla-jury-trial-verdict/507-72b56fbd-430b-4064-89a7-52e05174e27b,ksdk.com,English,0.0,gdelt_gkg
TSLA,2025-08-01,International Business : Tesla sales plummet in Europe,https://www.gdnonline.com:443/Details/1359782,gdnonline.com,English,0.0,gdelt_gkg
TSLA,2025-08-01,Tesla condamné à payer 242 millions de dollars pour un accident mortel lié à la conduite autonome,https://www.journaldemontreal.com/2025/08/01/tesla-condamne-a-payer-242-millions-de-dollars-pour-un-accident-mortel-lie-a-la-conduite-autonome,journaldemontreal.com,French,0.0,gdelt_gkg
TSLA,2025-08-01,"Elon Musk le negó la Gigafactory a México : Y se fue a Corea con más de US$ 16 , 000 millones",https://www.ecoportal.net/energia/elon-musk-corea-chips-tesla/,ecoportal.net,Spanish,0.0,gdelt_gkg
TSLA,2025-08-01,"Tesla skal betale 1 , 5 milliard kroner efter autopilot - ulykke",https://politiken.dk/internationalt/art10499535/Tesla-skal-betale-15-milliard-kroner-efter-autopilot-ulykke,politiken.dk,Danish,0.0,gdelt_gkg
TSLA,2025-08-01,"Tesla partly liable in Florida Autopilot trial , jury awards $329M in damages",https://biztoc.com/x/0d5a577a3b88b421,biztoc.com,English,0.0,gdelt_gkg
TSLA,2025-08-01,E - Cite Motors ( VAPR ) Outpaces EV Industry in Stock Performance This Week and YTD,http://www.tennesseedaily.com/news/278483108/e-cite-motors-vapr-outpaces-ev-industry-in-stock-performance-this-week-and-ytd,tennesseedaily.com,English,0.0,gdelt_gkg
TSLA,2025-08-01,Tesla ordered by Florida jury to pay $329 million in Autopilot crash,https://www.erienewsnow.com/story/52971510/tesla-ordered-by-florida-jury-to-pay-329-million-in-autopilot-crash,erienewsnow.com,English,0.0,gdelt_gkg
TSLA,2025-08-01,Did Apple Fall From Benzinga Top 20 Searched Tickers In July ? ,https://www.benzinga.com/trading-ideas/long-ideas/25/08/46810519/exclusive-julys-20-most-searched-tickers-on-benzinga-pro-where-do-opendoor-nvidia-apple-stock-rank,benzinga.com,English,0.0,gdelt_gkg
TSLA,2025-08-01,"Tesla must pay $329 million in Autopilot case , jury finds",https://www.wcnc.com/article/news/nation-world/tesla-jury-trial-verdict/507-72b56fbd-430b-4064-89a7-52e05174e27b,wcnc.com,English,0.0,gdelt_gkg
TSLA,2025-08-01,Tesla condamné à $243 mlns en Floride après un décès impliquant Autopilot,https://www.zonebourse.com/actualite-bourse/tesla-condamne-a-243-mlns-en-floride-apres-un-deces-impliquant-autopilot-ce7c5fd3dc8bf020,zonebourse.com,French,0.0,gdelt_gkg
TSLA,2025-08-01,Un jurado ordena a Tesla pagar 329 millones de dólares por accidente fatal con su autopiloto,https://www.elperiodico.com/es/economia/20250801/jurado-ordena-tesla-pagar-329-millones-accidente-120284226,elperiodico.com,Spanish,0.0,gdelt_gkg
TSLA,2025-08-01,"Tesla must pay $329 million in Autopilot case , jury finds",https://www.cbs8.com/article/news/nation-world/tesla-jury-trial-verdict/507-72b56fbd-430b-4064-89a7-52e05174e27b,cbs8.com,English,0.0,gdelt_gkg
TSLA,2025-08-01,Jury awards $329 million in case that blamed Tesla Autopilot for deadly crash,https://www.abc15.com/us-news/jury-awards-329-million-in-case-that-blamed-teslas-autopilot-for-deadly-crash,abc15.com,English,0.0,gdelt_gkg
TSLA,2025-08-01,E - Cite Motors ( VAPR ) Outpaces EV Industry in Stock Performance This Week and YTD,http://www.bostonstar.com/news/278483107/e-cite-motors-vapr-outpaces-ev-industry-in-stock-performance-this-week-and-ytd,bostonstar.com,English,0.0,gdelt_gkg
TSLA,2025-08-01,"ऑटोपायलट हादसे में टेस्ला को देना होगा 329 मिलियन डॉलर का हर्जाना , जानें पूरा मामला - tesla to pay 329 million in autopilot crash us jury verdict",https://www.punjabkesari.in/international/news/tesla-to-pay-329-million-in-autopilot-crash-us-jury-verdict-2190458,punjabkesari.in,Hindi,0.0,gdelt_gkg
TSLA,2025-08-01,Jury awards $329 million in case that blamed Tesla Autopilot for deadly crash,https://www.kshb.com/us-news/jury-awards-329-million-in-case-that-blamed-teslas-autopilot-for-deadly-crash,kshb.com,English,0.0,gdelt_gkg
TSLA,2025-08-01,He was married to one of the world most notorious sex traffickers . But the CEO rebounded spectacularly ... and is living like a king,https://www.dailymail.co.uk/news/article-14956283/CEO-rebounds-marriage-sex-trafficker.html,dailymail.co.uk,English,0.0,gdelt_gkg
TSLA,2025-08-01,Jury i united states : Tesla ska betala miljarder för olycka,https://www.expressen.se/nyheter/expressen-direkt/?post=6d67a2a6-953a-4a62-9661-7969aeeaf677,expressen.se,Swedish,0.0,gdelt_gkg
TSLA,2025-08-01,特斯拉自动驾驶致命车祸 被判赔偿逾2亿美元,https://www.wenxuecity.com/news/2025/08/01/126270883.html,wenxuecity.com,Chinese,0.0,gdelt_gkg
TSLA,2025-08-01,"  Le verdict daujourdhui est une erreur : poursuivi après un accident mortel , Tesla réagit suite à sa lourde sanction",https://www.lalibre.be/economie/entreprises-startup/2025/08/01/le-verdict-daujourdhui-est-une-erreur-poursuivi-apres-un-accident-mortel-tesla-reagit-suite-a-sa-lourde-sanction-53HWDG37ZBAGLN6T42V7ETUGRQ/,lalibre.be,French,0.0,gdelt_gkg
TSLA,2025-08-01,Jury Orders Tesla to Pay $249M in Fatal Crash,https://www.newser.com/story/372878/jury-orders-tesla-to-pay-249m-in-fatal-crash.html,newser.com,English,0.0,gdelt_gkg
TSLA,2025-08-01,Tesla deve pagar mais de US$ 200 mi nos EUA por acidente fatal com piloto automático - 01 / 08 / 2025,https://www.dgabc.com.br/Noticia/4249148/tesla-deve-pagar-mais-de-us-200-mi-nos-eua-por-acidente-fatal-com-piloto-automatico,dgabc.com.br,Portuguese,0.0,gdelt_gkg
TSLA,2025-08-01,"Jury orders Tesla to pay $329M in Autopilot crash case , opening it up to other costly lawsuits",https://www.somdnews.com/ap/nation/jury-orders-tesla-to-pay-329m-in-autopilot-crash-case-opening-it-up-to-other/article_78115c5f-da46-51ff-be6e-ae853e5891a4.html,somdnews.com,English,0.0,gdelt_gkg
TSLA,2025-08-01,Jury orders Tesla to pay more than $200 million in Autopilot crash case,https://www.ksbw.com/article/tesla-autopilot-crash-miami-jury-verdict-249m/65577895,ksbw.com,English,0.0,gdelt_gkg
TSLA,2025-08-01, [ 뉴욕증시 ] 7월 고용쇼크에 패닉 … M7 빅테크도 일제히 하락,https://www.fnnews.com/news/202508020531429657,fnnews.com,Korean,0.0,gdelt_gkg
TSLA,2025-08-01,Golpe a Elon Musk : Falla en el sistema  autopilot  de un Tesla provocó fatal accidente y ahora tendrá que pagar casi 250mdd en daños y perjuicios,https://www.elimparcial.com/mundo/2025/08/01/golpe-a-elon-musk-falla-en-el-sistema-autopilot-de-un-tesla-provoco-fatal-accidente-y-ahora-tendra-que-pagar-casi-250mdd-en-danos-y-perjuicios/,elimparcial.com,Spanish,0.0,gdelt_gkg
TSLA,2025-08-01,Jury orders Tesla to pay more than $240 million in Autopilot crash case,https://www.kob.com/ap-top-news/jury-orders-tesla-to-pay-more-than-240-million-in-autopilot-crash-case/,kob.com,English,0.0,gdelt_gkg
TSLA,2025-08-01,Tesla ordered to pay $243m over Autopilot crash,https://www.yahoo.com/news/articles/tesla-ordered-pay-243m-over-200148251.html,yahoo.com,English,0.0,gdelt_gkg
TSLA,2025-08-01,Nach tödlichem Autopilot - Unfall : Tesla muss 329 Millionen Dollar Strafe zahlen,https://t3n.de/news/autopilot-unfall-tesla-strafe-1700451/,t3n.de,German,0.0,gdelt_gkg
TSLA,2025-08-01,特斯拉季度营收迎十年来最大滑坡 马斯克坦承前路多艰,https://finance.sina.com.cn/jjxw/2025-08-02/doc-infiprkm2961798.shtml,finance.sina.com.cn,Chinese,0.0,gdelt_gkg
TSLA,2025-08-01,États - Unis : Tesla condamné à payer 242 millions après un accident mortel,https://www.lematin.ch/story/etats-unis-tesla-condamne-a-payer-242-millions-apres-un-accident-mortel-103391945,lematin.ch,French,0.0,gdelt_gkg
TSLA,2025-08-01,Ford to release info on new low - cost electric vehicle on August 11,https://mobilesyrup.com/2025/08/01/ford-release-more-new-low-cost-electric-vehicle-on-august-11/,mobilesyrup.com,English,0.0,gdelt_gkg
TSLA,2025-08-01,Self - Driving Cars : Why Arent They Viable Yet ? ,https://carbuzz.com/why-arent-self-driving-cars-viable-yet/,carbuzz.com,English,0.0,gdelt_gkg
TSLA,2025-08-01,Jury orders Tesla to pay more than $200 million in Autopilot crash case,https://www.wesh.com/article/tesla-autopilot-crash-miami-jury-verdict-249m/65577895,wesh.com,English,0.0,gdelt_gkg
TSLA,2025-08-01,"The Hyundai Ioniq 6 Is The Cheapest , Safest EV In America This Year",https://carbuzz.com/the-cheapest-safest-ev-in-america-this-year/,carbuzz.com,English,0.0,gdelt_gkg
TSLA,2025-08-01,Tesla ordered by Florida jury to pay $329m in fatal crash,https://www.irishtimes.com/business/2025/08/01/tesla-ordered-by-florida-jury-to-pay-329m-in-fatal-crash/,irishtimes.com,English,0.0,gdelt_gkg
TSLA,2025-08-01,Jury awards $329 million in case that blamed Tesla Autopilot for deadly crash,https://www.kjrh.com/us-news/jury-awards-329-million-in-case-that-blamed-teslas-autopilot-for-deadly-crash,kjrh.com,English,0.0,gdelt_gkg
TSLA,2025-08-01,10 stocks favored to gain up to 30 % in a sector that has missed this year rally,https://finance.yahoo.com/news/10-stocks-favored-gain-30-135200331.html,finance.yahoo.com,English,0.0,gdelt_gkg
TSLA,2025-08-01,Porsche to launch gas Macan successor in 2028,https://driving.ca:443/auto-news/news/2028-porsche-macan-gas-successor-new-suv,driving.ca,English,0.0,gdelt_gkg
TSLA,2025-08-01,Quebec class - action over key fobs may be worth $1 billion,https://driving.ca:443/auto-news/local-content/quebec-class-action-lawsuit-key-fobs-smart-car-theft-compensation,driving.ca,English,0.0,gdelt_gkg
TSLA,2025-08-01,Tesla må betale mer enn 3 milliarder i erstatning etter dødsulykke,https://www.abcnyheter.no/nyheter/tesla-ma-betale-mer-enn-3-milliarder-i-erstatning-etter-dodsulykke/1155844,abcnyheter.no,Norwegian,0.0,gdelt_gkg
TSLA,2025-08-01,"Jury orders Tesla to pay $329M in Florida Autopilot crash case , opening it up to other costly lawsuits",https://www.wflx.com/2025/08/01/jury-orders-tesla-pay-329m-florida-autopilot-crash-case-opening-it-up-other-costly-lawsuits/,wflx.com,English,0.0,gdelt_gkg
TSLA,2025-08-01,Jury i united states : Tesla ska betala miljarder för olycka,https://www.sydsvenskan.se/artikel/jury-i-usa-tesla-ska-betala-miljarder-for-olycka/,sydsvenskan.se,Swedish,0.0,gdelt_gkg
TSLA,2025-08-01,高雄女載2幼女撞車 「 忘拉手煞 」 無人駕駛沿路滑行撞特斯拉 - 社會,https://www.chinatimes.com/realtimenews/20250802000052-260402,chinatimes.com,Chinese,0.0,gdelt_gkg
TSLA,2025-08-01,Tesla partiellement responsable dun accident mortel impliquant lAutopilot en Floride,https://www.lopinion.fr/economie/tesla-condamne-a-payer-242-millions-de-dollars-pour-un-accident-mortel-lie-a-la-conduite-autonome,lopinion.fr,French,0.0,gdelt_gkg
TSLA,2025-08-01,I found the best used EVs at basically every price point,https://www.pocket-lint.com/used-evs-from-real-luxury-to-true-value-at-budget-prices/,pocket-lint.com,English,0.0,gdelt_gkg
TSLA,2025-08-01,上汽智己  恒星  增程系统亮相 ， 超长续航与顶级电车体验引领新潮流 - 智能汽车 - ITBear科技资讯,http://www.itbear.com.cn/html/2025-08/903952.html,itbear.com.cn,Chinese,0.0,gdelt_gkg
TSLA,2025-08-01,Nach tödlichem Autopilot - Unfall : Tesla muss 329 Millionen Dollar Strafe zahlen,https://www.finanznachrichten.de/nachrichten-2025-08/66070578-nach-toedlichem-autopilot-unfall-tesla-muss-329-millionen-dollar-strafe-zahlen-397.htm,finanznachrichten.de,German,0.0,gdelt_gkg
TSLA,2025-08-01,"Jury orders Tesla to pay $329M in Autopilot crash case , opening it up to other costly lawsuits",https://www.eastbaytimes.com/2025/08/01/jury-orders-tesla-to-pay-329-million-autopilot-crash/,eastbaytimes.com,English,0.0,gdelt_gkg
TSLA,2025-08-01,USA : Tesla condamné à payer 242 millions de dollars pour un accident mortel lié à la conduite autonome - 01 / 08 / 2025 à 22 : 36,https://www.boursorama.com/bourse/actualites/usa-tesla-condamne-a-payer-242-millions-de-dollars-pour-un-accident-mortel-lie-a-la-conduite-autonome-0c2c8f2437b438a9c38babf632e3ba10,boursorama.com,French,0.0,gdelt_gkg
TSLA,2025-08-01,Indemnizao Recorde : Júri ordena Tesla a pagar por acidente fatal na Florida,https://www.dn.pt/internacional/j%C3%BAri-da-florida-ordena-%C3%A0-tesla-pagarmais-de-300-milh%C3%B5es-por-acidente-fatal-com-autopilot,dn.pt,Portuguese,0.0,gdelt_gkg
TSLA,2025-08-01,Tesla condamné à payer 242 millions de dollars pour un accident mortel lié à la conduite autonome,https://www.tvanouvelles.ca/2025/08/01/tesla-condamne-a-payer-242-millions-de-dollars-pour-un-accident-mortel-lie-a-la-conduite-autonome,tvanouvelles.ca,French,0.0,gdelt_gkg
TSLA,2025-08-01,Jury orders Tesla to pay more than $200 million in Autopilot crash case,https://www.wbaltv.com/article/tesla-autopilot-crash-miami-jury-verdict-249m/65577895,wbaltv.com,English,0.0,gdelt_gkg
TSLA,2025-08-01,"Tesla must pay $329 million in Autopilot case , jury finds",https://www.king5.com/article/news/nation-world/tesla-jury-trial-verdict/507-72b56fbd-430b-4064-89a7-52e05174e27b,king5.com,English,0.0,gdelt_gkg
TSLA,2025-08-01,"Tesla found partly liable for fatal Autopilot crash , must pay over US$200M - National",https://globalnews.ca/news/11315329/tesla-autopilot-driver-assist-crash-miami-verdict-penalty/,globalnews.ca,English,0.0,gdelt_gkg
TSLA,2025-10-01,"Hot Topics in International Trade - October 2025 - Sanctions , Bans , and Tariffs How The U . S . is Fueling Chinese Innovation | Braumiller Law Group , PLLC",https://www.jdsupra.com/legalnews/hot-topics-in-international-trade-2348459/,jdsupra.com,English,0.0,gdelt_gkg
TSLA,2025-10-01,Tesla Pi Phone vs Apple iPhone Is Elon Musk About to Spark a Smartphone War ? ,https://www.ibtimes.com/tesla-pi-phone-vs-apple-iphone-elon-musk-about-spark-smartphone-war-3785152,ibtimes.com,English,0.0,gdelt_gkg
TSLA,2025-10-01,كيا EV4 موديل 2026 شبيهة تسلا بأسعار منافسة .. صور,https://slaati.com/post/%D9%83%D9%8A%D8%A7-ev4-%D9%85%D9%88%D8%AF%D9%8A%D9%84-2026-%D8%B4%D8%A8%D9%8A%D9%87%D8%A9-%D8%AA%D8%B3%D9%84%D8%A7-%D8%A8%D8%A3%D8%B3%D8%B9%D8%A7%D8%B1-%D9%85%D9%86%D8%A7%D9%81%D8%B3%D8%A9-%D8%B5%D9%88%D8%B1,slaati.com,Arabic,0.0,gdelt_gkg
TSLA,2025-10-01,"Elon Musk rzuca wyzwanie Wikipedii . Wiadomo , jak będzie się nazywał nowy projekt","https://forsal.pl/biznes/technologie/artykuly/9915491,elon-musk-rzuca-wyzwanie-wikipedii-wiadomo-jak-bedzie-sie-nazywal-no.html",forsal.pl,Polish,0.0,gdelt_gkg
TSLA,2025-10-01,"Elon Musk se convierte en la primera persona en alcanzar los casi 500 mil millones de dólares en patrimonio , asegura Forbes",https://www.elimparcial.com/dinero/2025/10/01/elon-musk-se-convierte-en-la-primera-persona-en-alcanzar-los-casi-500-mil-millones-de-dolares-en-patrimonio-asegura-forbes/,elimparcial.com,Spanish,0.0,gdelt_gkg
TSLA,2025-10-01,I Wrote That $420 Was the  Magic Number  for Tesla Stock . Here How to Trade Its Next Move Higher . ,https://finance.yahoo.com/news/wrote-420-magic-number-tesla-151545142.html,finance.yahoo.com,English,0.0,gdelt_gkg
TSLA,2025-10-01,82万缺口 ， 却是  高危职业 ？ |维修|比亚迪|新能源车|汽车行业,https://www.163.com/dy/article/KARLSBTV0514BE2Q.html,163.com,Chinese,0.0,gdelt_gkg
TSLA,2025-10-01,Elon Musk ya es la primera persona en tener un patrimonio personal de 500 . 000 millones de dólares,https://actualidad.rt.com/actualidad/567083-musk-primera-persona-patrimonio-500000-millones-dolares,actualidad.rt.com,Spanish,0.0,gdelt_gkg
TSLA,2025-10-01,This Big Egg Company Just Held Its First - Ever Earnings Conference Call . Here Why . ,https://www.investopedia.com/this-big-egg-company-just-held-its-first-ever-earnings-conference-call-here-s-why-11822738,investopedia.com,English,0.0,gdelt_gkg
TSLA,2025-10-01, [ GAM ] 아마존의 숨은 성장 엔진 ②  M7 중 최하위  37 % 상승 예고,https://www.newspim.com/news/view/20251001000904,newspim.com,Korean,0.0,gdelt_gkg
TSLA,2025-10-01,Los fantasmas del Nobel : los grandes genios que no recibieron el Premio,https://www.perfil.com/noticias/sociedad/a35-los-fantasmas-del-nobel-los-grandes-genios-que-no-recibieron-el-premio.phtml,perfil.com,Spanish,0.0,gdelt_gkg
TSLA,2025-10-01,جريدة الرياض | إيلون ماسك أول شخص في التاريخ يبلغ صافي ثروته 500 مليار دولار,https://www.alriyadh.com/2153804,alriyadh.com,Arabic,0.0,gdelt_gkg
TSLA,2025-10-01,陸電動車進擊 美日車企皮皮剉 - 兩岸新聞,https://www.chinatimes.com/newspapers/20251002000718-260303,chinatimes.com,Chinese,0.0,gdelt_gkg
TSLA,2025-10-01,QuantumScape Corp ( QS ): Why the Stock Surged 18 . 34 % on Breakthrough Battery Partnership,https://www.wealthdaily.com/quantumscape-corp-qs-why-the-stock-surged-1834-on-breakthrough-battery-partnership-1/,wealthdaily.com,English,0.0,gdelt_gkg
TSLA,2025-10-01,Trump mass firings decimate a city  largest employer  in this deep - red state,https://www.alternet.org/utah-trump-irs-doge/,alternet.org,English,0.0,gdelt_gkg
TSLA,2025-10-01,  Totally unacceptable : GOP senators condemn Trump  aggressive  gutting of government,https://www.alternet.org/gop-trump-shutdow/,alternet.org,English,0.0,gdelt_gkg
TSLA,2025-10-01,Tesla lancerer første V4 Supercharger : Ekstrem hurtig opladning,https://www.nyheder.dk/nyheder/tesla-lancerer-forste-v4-supercharger-ekstrem-hurtig-opladning/2255911,nyheder.dk,Danish,0.0,gdelt_gkg
TSLA,2025-10-01,"Elon Musk se torna a primeira pessoa a ter uma fortuna avaliada em US$ 500 bilhões ( R$ 2 , 6 trilhões ) ",https://epocanegocios.globo.com/empresas/noticia/2025/10/elon-musk-se-torna-a-primeira-pessoa-a-ter-uma-fortuna-avaliada-em-us-500-bilhoes.ghtml,epocanegocios.globo.com,Portuguese,0.0,gdelt_gkg
TSLA,2025-10-01,"ACS , Acciona y Ferrovial ganan obras por 25 . 000 millones con el  boom  militar",https://www.expansion.com/empresas/inmobiliario/2025/10/02/68dd8980e5fdea01208b459a.html,expansion.com,Spanish,0.0,gdelt_gkg
TSLA,2025-10-01,Tesla  : le Cybertruck dElon Musk ne sera pas vendu en Europe,https://www.challenges.fr/automobile/nouveau-revers-pour-le-cybertruck-de-tesla-le-pick-up-delon-musk-ne-sera-jamais-vendu-en-europe_626235,challenges.fr,French,0.0,gdelt_gkg
TSLA,2025-10-01,马斯克成为有史以来首位个人财富达5000亿美元的人,https://www.163.com/dy/article/KARJODP50511B8LM.html,163.com,Chinese,0.0,gdelt_gkg
TSLA,2025-10-01,"Ventas de BYD caen por primera vez desde 2020 - El Sol de México | Noticias , Deportes , Gossip , Columnas",https://oem.com.mx:443/elsoldemexico/finanzas/ventas-de-byd-caen-por-primera-vez-desde-2020-26067097,oem.com.mx,Spanish,0.0,gdelt_gkg
TSLA,2025-10-01,KBS 뉴스,https://news.kbs.co.kr/news/pc/view/view.do?ncd=8373197,news.kbs.co.kr,Korean,0.0,gdelt_gkg
TSLA,2025-10-01,테슬라 고공행진에 머스크 자산↑ … 사상 첫  700조원 부자  ,https://www.edaily.co.kr/News/Read?newsId=02079526642328984&mediaCodeNo=257,edaily.co.kr,Korean,0.0,gdelt_gkg
TSLA,2025-10-01,"Chevrolet Equinox Sales Doubled In Q3 2025 , Equinox EV Up 156 % ",https://carbuzz.com/chevrolet-equinox-coming-in-hot/,carbuzz.com,English,0.0,gdelt_gkg
TSLA,2025-10-01,"머스크 , 인류 역사상 최초  조만장자  도전도 가능 ?… 첫  700조 부자  등극 [ 투자360 ] ",https://biz.heraldcorp.com/article/10588187,biz.heraldcorp.com,Korean,0.0,gdelt_gkg
TSLA,2025-10-01,"Apple , OpenAI ask U . S . judge to dismiss Elon Musk lawsuit over competition claims",https://macdailynews.com/2025/10/01/apple-openai-ask-u-s-judge-to-dismiss-elon-musks-lawsuit-over-competition-claims/,macdailynews.com,English,0.0,gdelt_gkg
TSLA,2025-10-01,DAVID BLACKMON : America Troubled EV Industry Loses Its Subsidized Advantage – Now What ? ,https://dailycaller.com/2025/10/01/opinion-americas-troubled-ev-industry-loses-its-subsidized-advantage-now-what-david-blackmon/,dailycaller.com,English,0.0,gdelt_gkg
TSLA,2025-10-01,10月2日美股成交额前20 ： 马斯克成为史上首位财富达5000亿美元的人,https://finance.sina.com.cn/stock/usstock/c/2025-10-02/doc-infsmtfy6656880.shtml,finance.sina.com.cn,Chinese,0.0,gdelt_gkg
TSLA,2025-10-01,"Tesla Pi Phone Rumors : What We Know , What We Dont , and Why the Hype Wont Stop",https://el-balad.com/5010233,el-balad.com,English,0.0,gdelt_gkg
TSLA,2025-10-01,D4vd queda fuera de Lollapalooza Chile tras vinculación con caso de homicidio en EE . UU . ,https://puranoticia.pnt.cl/espectaculos/d4vd-queda-fuera-de-lollapalooza-chile-tras-vinculacion-con-caso-de,puranoticia.pnt.cl,Spanish,0.0,gdelt_gkg
TSLA,2025-10-01,"Wall Street renovó máximos ante expectativas por recortes de tasas , a pesar del cierre del Gobierno de EEUU",https://www.ambito.com/finanzas/wall-street-renovo-maximos-expectativas-recortes-tasas-pesar-del-cierre-del-gobierno-eeuu-n6196945,ambito.com,Spanish,0.0,gdelt_gkg
TSLA,2025-10-01,Codziennie Europa traci tereny zielone o wielkości ... 600 boisk piłkarskich . Polska w czołówce zestawienia,"https://forsal.pl/gospodarka/klimat/artykuly/9915486,codziennie-europa-traci-tereny-zielone-o-wielkosci-600-boisk-pilkar.html",forsal.pl,Polish,0.0,gdelt_gkg
TSLA,2025-10-01,Poderoso JP Morgan lanza biblia para inversores : qué CEDEAR de empresas recomienda,https://www.iprofesional.com/economia/438688-poderoso-jp-morgan-lanza-biblia-para-inversores-que-cedear-de-empresas-recomienda,iprofesional.com,Spanish,0.0,gdelt_gkg
TSLA,2025-10-01,美股收盘 ： 三大指数录得四连涨 道指 、 标普 、 英伟达续收新高,https://news.sina.com.cn/w/2025-10-02/doc-infsmxpy0757420.shtml,news.sina.com.cn,Chinese,0.0,gdelt_gkg
TSLA,2025-10-01,Tesla sales slump eases in Q3 as Wall Street bets on recovery,https://investinglive.com:443/stocks/tesla-sales-slump-eases-in-q3-as-wall-street-bets-on-recovery-20251001/,investinglive.com,English,0.0,gdelt_gkg
TSLA,2025-10-01,elon musk net worth : Musk becomes first to touch half a trillion dollars in valuation on back of soaring Tesla shares,https://economictimes.indiatimes.com/news/international/us/musk-becomes-first-to-touch-half-a-trillion-dollars-in-valuation-on-back-of-soaring-tesla-shares/articleshow/124266204.cms,economictimes.indiatimes.com,English,0.0,gdelt_gkg
TSLA,2025-10-01,D4vd Family Home  Swatted  Amid Celeste Rivas Investigation,https://www.yahoo.com/entertainment/celebrity/articles/d4vds-family-home-swatted-amid-184744625.html,yahoo.com,English,0.0,gdelt_gkg
TSLA,2025-10-01,"Ako se ovako nastavi u Evropi će biti pakao za život ? Satelitski snimci otkrili horor , da li je vredno rizika ? ",https://www.telegraf.rs/vesti/svet/4189462-ako-se-ovako-nastavi-u-evropi-ce-biti-pakao-za-zivot-satelitski-snimci-otkrili-horor-da-li-je-vredno-rizika,telegraf.rs,Serbian,0.0,gdelt_gkg
TSLA,2025-10-01,Apex Announces Update on Financing,https://www.cantechletter.com/newswires/apex-announces-update-on-financing/,cantechletter.com,English,0.0,gdelt_gkg
TSLA,2025-10-01,Elon Musk arma boicot contra Netflix y provoca cancelación masiva de suscripciones,https://www.eluniversal.com.mx/espectaculos/elon-musk-arma-boicot-contra-netflix-y-provoca-cancelacion-masiva-de-suscripciones/,eluniversal.com.mx,Spanish,0.0,gdelt_gkg
TSLA,2025-10-01,Jmění Elona Muska překonalo 500 miliard dolarů . Je první na světě,https://www.denik.cz/ze_sveta/elon-musk-bloomberg-prvni-clovek-500-miliard-dolaru.html,denik.cz,Czech,0.0,gdelt_gkg
TSLA,2025-10-01,D4vd manager breaks his silence on the teenager found dead in trunk,https://www.dailymail.co.uk/tvshowbiz/article-15153959/D4vds-manager-breaks-silence-teenager-dead-clients-trunk.html,dailymail.co.uk,English,0.0,gdelt_gkg
TSLA,2025-10-01, _ 三花智控 ( 002050 ) 股吧 _ 东方财富网股吧,"https://guba.eastmoney.com/o/news,002050,1607579225.html",guba.eastmoney.com,Chinese,0.0,gdelt_gkg
TSLA,2025-10-01,ماسك يصبح أول شخص في العالم بصافي ثروة  500 مليار دولار  ,https://www.vetogate.com/5503660,vetogate.com,Arabic,0.0,gdelt_gkg
TSLA,2025-10-01,無懼政府關門 ！ 美股4大指數收紅 台積電ADR漲逾3 ％ | ETtoday國際新聞,https://www.ettoday.net/news/20251002/3043520.htm,ettoday.net,Chinese,0.0,gdelt_gkg
TSLA,2025-10-01,جريدة النهار الكويتية | القيمة السوقية لـ « تسلا » تعادل صناعة السيارات العالمية بأكملها,https://www.annaharkw.com/annahar/Article.aspx?id=1030136,annaharkw.com,Arabic,0.0,gdelt_gkg
TSLA,2025-10-01,Musk Axed X Engineer After Harsh Truth About His Poor - Performing Posts,https://www.thedailybeast.com/musk-axed-x-engineer-after-harsh-truth-about-his-poor-performing-posts/,thedailybeast.com,English,0.0,gdelt_gkg
TSLA,2025-10-01,Thursday big stock stories : What likely to move the market in the next trading session,https://www.cnbc.com/2025/10/01/thursdays-big-stock-stories-whats-likely-to-move-the-market-in-the-next-trading-session.html,cnbc.com,English,0.0,gdelt_gkg
TSLA,2025-10-01,D4VD Texas Home Was Swatted Amidst Ongoing Dead Body Investigation,https://www.vice.com/en/article/d4vds-texas-home-was-swatted-amidst-ongoing-dead-body-investigation/,vice.com,English,0.0,gdelt_gkg
TSLA,2025-10-01,马斯克成为有史以来首位个人财富达5000亿美元的人,https://www.163.com/dy/article/KARH2SMP05198NMR.html,163.com,Chinese,0.0,gdelt_gkg
TSLA,2025-10-01,PI Says Teen Tragedy Was  Bad Decision  as D4vd Hires Blair Berk,https://lamag.com/crimeinla/d4vd-hires-criminal-defense-attorney-to-the-stars-while-experts-believe-celeste-rivas-hernandez-may-not-be-a-homicide/,lamag.com,English,0.0,gdelt_gkg
TSLA,2025-10-01,全球市场 ： 道指 、 标普刷新纪录高位 英特尔涨超7 %、 美光涨超8 % 金价续创新高 _ 东方财富网,https://finance.eastmoney.com/a/202510023528072036.html,finance.eastmoney.com,Chinese,0.0,gdelt_gkg
TSLA,2025-10-01,Wall Street sluit hoger na zwak banencijfer,https://www.belegger.nl/Nieuws/835261/Wall-Street-sluit-hoger-na-zwak-banencijfer.aspx,belegger.nl,Dutch,0.0,gdelt_gkg
TSLA,2025-10-01,Muskův majetek překonal hranici 500 miliard USD,https://www.ceskenoviny.cz/zpravy/muskuv-majetek-prekonal-hranici-500-miliard-usd/2728472,ceskenoviny.cz,Czech,0.0,gdelt_gkg
TSLA,2025-10-01,ماسك يصبح أول شخص في العالم بصافي ثروة  500 مليار دولار  ,https://www.eremnews.com/entertainment/fd78kta,eremnews.com,Arabic,0.0,gdelt_gkg
TSLA,2025-10-01,Elon Musk calls for Netflix users to cancel subscriptions over woke cartoon features trans gay boy and bisexual autistic girl,https://www.dailymail.co.uk/news/article-15153755/elon-musk-netflix-cancel-cartoon-hamish-steele.html,dailymail.co.uk,English,0.0,gdelt_gkg
TSLA,2025-10-01,"Wall Street Closes Higher As Healthcare , Lower Yields Offset Shutdown Jitters",https://www.ibtimes.com/wall-street-closes-higher-healthcare-lower-yields-offset-shutdown-jitters-3785141,ibtimes.com,English,0.0,gdelt_gkg
TSLA,2025-10-01,"Musk becomes first person to hit $500 billion net worth , Forbes list shows",https://www.thehindu.com/news/international/musk-becomes-first-person-to-hit-500-billion-net-worth-forbes-list-shows/article70116735.ece,thehindu.com,English,0.0,gdelt_gkg
TSLA,2025-10-01,Tesla Model 3 Competitors And How They Compare In Terms Of Range,https://carbuzz.com/tesla-model-3-competitors-ranked-by-range/,carbuzz.com,English,0.0,gdelt_gkg
TSLA,2025-10-01,Elon Musk becomes first person worth $US500 billion,https://www.9news.com.au/finance/elon-musk-now-worth-500-billion-us-dollars/b84b09c9-e9df-4809-b37a-e7591b862150,9news.com.au,English,0.0,gdelt_gkg
TSLA,2025-10-01,美股收盘 ： 三大指数录得四连涨 道指 、 标普 、 英伟达续收新高,https://baijiahao.baidu.com/s?id=1844819122150516329,baijiahao.baidu.com,Chinese,0.0,gdelt_gkg
TSLA,2025-10-01,"EXCLUSIVE : Comedian Donnell Rawlings talks Chappelle Show , Elon Musk ahead of Jax show – 104 . 5 WOKV",https://www.wokv.com/news/local/exclusive-comedian-donnell-rawlings-talks-chappelles-show-elon-musk-ahead-jax-show/S3537UFCOZFRFLG7VCTJCWCW6A/,wokv.com,English,0.0,gdelt_gkg
TSLA,2025-10-01,"Evropa gubi 600 fudbalskih terena , prirodnih i obradivih površina dnevno",https://informer.rs/drustvo/nauka/1055276/evropa-ubrzano-gubi-zelene-povrsine,informer.rs,Serbian,0.0,gdelt_gkg
TSLA,2025-10-01,Forbes : Dez maiores bilionários do mundo ficaram US$ 201 bilhões mais ricos em setembro ; veja a lista,https://oglobo.globo.com/economia/noticia/2025/10/01/forbes-dez-maiores-bilionarios-do-mundo-ficaram-us-201-bilhoes-mais-ricos-em-setembro-veja-a-lista.ghtml,oglobo.globo.com,Portuguese,0.0,gdelt_gkg
TSLA,2025-10-01,"The Best AI Stock to Buy Right Now , According to a Wall Street Analyst ( Hint : Not Nvidia or Palantir ) ",https://www.fool.com/investing/2025/10/01/best-ai-stock-buy-now-wall-street-nvidia-palantir/,fool.com,English,0.0,gdelt_gkg
TSLA,2025-10-01,"1 dead , 2 hospitalized after multi - car crash leads to car fire in North Miami Beach ; westbound NE 163rd St closed - WSVN 7News | Miami News , Weather , Sports",https://wsvn.com/news/local/miami-dade/1-dead-2-hospitalized-after-multi-car-crash-leads-to-car-fire-in-north-miami-beach-westbound-ne-163rd-st-closed/,wsvn.com,English,0.0,gdelt_gkg
TSLA,2025-10-01,10月2日外盘头条 ： 马斯克净资产接近5000亿美元 英国拟对新上市公司股票免征印花税 英特尔拟为AMD代工芯片,https://finance.sina.com.cn/stock/usstock/c/2025-10-02/doc-infsmthc9374278.shtml,finance.sina.com.cn,Chinese,0.0,gdelt_gkg
TSLA,2025-10-01,特朗普宣布对所有进口汽车征25 % 关税 ！ 汽车成本将增加6000美元 – 华侨网,https://www.chinesepress.com/2025/03/27/%E7%89%B9%E6%9C%97%E6%99%AE%E5%AE%A3%E5%B8%83%E5%AF%B9%E6%89%80%E6%9C%89%E8%BF%9B%E5%8F%A3%E6%B1%BD%E8%BD%A6%E5%BE%8125%E5%85%B3%E7%A8%8E%EF%BC%81%E6%B1%BD%E8%BD%A6%E6%88%90%E6%9C%AC%E5%B0%86%E5%A2%9E/,chinesepress.com,Chinese,0.0,gdelt_gkg
TSLA,2025-10-01,Santoli Wednesday market wrap - up : Resilient tape pushes stocks to new highs,https://www.cnbc.com/2025/10/01/santolis-wednesday-market-wrap-up-resilient-tape-pushes-stocks-to-new-highs.html,cnbc.com,English,0.0,gdelt_gkg
TSLA,2025-10-01,Big Orange Pep Rally,https://www.wivk.com/2025/09/10/big-orange-pep-rally/,wivk.com,English,0.0,gdelt_gkg
TSLA,2025-10-01,Elon Musk sigue siendo el hombre más rico del mundo pero quiere más dinero,https://www.perfil.com/noticias/protagonistas/elon-musk-sigue-siendo-el-hombre-mas-rico-del-mundo-pero-quiere-mas-dinero-a35.phtml,perfil.com,Spanish,0.0,gdelt_gkg
TSLA,2025-10-01,Los estadounidenses alcanzan un récord de inversión en acciones : ¿ por qué es un signo de alarma ? ,https://eldiariony.com/2025/10/01/los-estadounidenses-alcanzan-un-record-de-inversion-en-acciones-por-que-es-un-signo-de-alarma/,eldiariony.com,Spanish,0.0,gdelt_gkg
TSLA,2025-10-01,Elon Musk Declares He Ready to  Die on Mar In Bizarre Post,https://radaronline.com/p/elon-musk-dead-on-mars-red-planet-humans-and-cities/,radaronline.com,English,0.0,gdelt_gkg
TSLA,2025-10-01,Analyst Explains Why He Downgraded Tesla ( TSLA ) to Sell Ahead of Upcoming Earnings,https://www.insidermonkey.com/blog/analyst-explains-why-he-downgraded-tesla-tsla-to-sell-ahead-of-upcoming-earnings-1621205/,insidermonkey.com,English,0.0,gdelt_gkg
TSLA,2025-10-01,CNN Dana Bash Flattered by Acronym for Jane Fonda Hollywood Anti - Trump  Resistance  Group,https://twitchy.com/dougp/2025/10/01/cnns-dana-bash-flattered-by-acronym-for-jane-fondas-hollywood-anti-trump-resistance-group-n2419767,twitchy.com,English,0.0,gdelt_gkg
TSLA,2025-10-01,Meet activists who have rallied at Portland ICE facility for months . Here what theyve observed . ,https://bendbulletin.com/2025/09/30/meet-activists-who-have-rallied-portlands-ice-facility-for-months-heres-what-theyve-observed/,bendbulletin.com,English,0.0,gdelt_gkg
TSLA,2025-10-01,Should investors be worried about  toxic Tesla  culture ? ,https://moneyweek.com/investments/stocks-and-shares/tesla-governance-concerns,moneyweek.com,English,0.0,gdelt_gkg
TSLA,2025-10-01,Forbes : voici les 5 hommes les plus riches en octobre 2025,https://lanouvelletribune.info/2025/10/forbes-voici-les-5-hommes-les-plus-riches-en-octobre-2025/,lanouvelletribune.info,French,0.0,gdelt_gkg
TSLA,2025-10-01,Elon Musk je první s majetkem přes 500 miliard dolarů | Ekonomika,https://www.lidovky.cz/byznys/elon-musk-prvni-clovek-s-majetkem-pul-bilionu-dolaru.A251001_230307_ln_ekonomika_lsva,lidovky.cz,Czech,0.0,gdelt_gkg
TSLA,2025-10-01,"ASX 200 LIVE : Australian shares are poised to open higher , Wall St edges higher , Tesla reprieve",https://www.afr.com/markets/equity-markets/asx-to-rise-wall-st-edges-higher-20251002-p5mzfj,afr.com,English,0.0,gdelt_gkg
TSLA,2025-10-01,Elon Musk Just Became The First Person Ever Worth $500 Billion,https://www.forbes.com/sites/mattdurot/2025/10/01/elon-musk-just-became-the-first-person-ever-worth-500-billion/,forbes.com,English,0.0,gdelt_gkg
TSLA,2025-10-01,Na 6 jaar stilstand : Tesla van politie Zaventem kan eindelijk de baan op,https://www.vrt.be/vrtnws/nl/2025/10/01/tesla-zaventem-politie-6-jaar-klaar/,vrt.be,Dutch,0.0,gdelt_gkg
TSLA,2025-10-01,Comeback oder Täuschung ? Tesla - Aktie im Aufwind – doch Experten warnen vor Blick hinter die Zahlen,https://www.boersennews.de/nachrichten/artikel/boersennews/comeback-oder-taeuschung-tesla-aktie-im-aufwind-doch-experten-warnen-vor-blick-hinter-die-zahlen/4906404/,boersennews.de,German,0.0,gdelt_gkg
TSLA,2025-10-01,Life News | Elon Musk Reposts Erika Kirk Message :  Go to Church  ,https://www.christianitydaily.com:443/news/elon-musk-reposts-erika-kirks-message-go-to-church.html,christianitydaily.com,English,0.0,gdelt_gkg
TSLA,2025-10-01,"Tesla Model Y Performance Is A $57 . 5k Bargain , But There A Downside",https://www.carscoops.com/2025/10/teslas-model-y-performance-is-a-57-5k-bargain-but-theres-a-downside/,carscoops.com,English,0.0,gdelt_gkg
TSLA,2025-10-01,Les hybrides plus populaires que les véhicules zéro émission au Canada,https://www.guideautoweb.com/articles/79944/les-hybrides-plus-populaires-que-les-vehicules-zero-emission-au-canada/,guideautoweb.com,French,0.0,gdelt_gkg
TSLA,2025-10-01,New York - börserna sjunker efter budgetkris och jobbdata,https://www.privataaffarer.se/alla-nyheter/borstelegram/rott-pa-usa-borserna-rQyot/,privataaffarer.se,Swedish,0.0,gdelt_gkg
TSLA,2025-10-01,TSMC : The Unseen Shield – How Taiwan Chip Giant Dominates Global Geopolitics,https://markets.financialcontent.com/stocks/article/marketminute-2025-10-1-tsmc-the-unseen-shield-how-taiwans-chip-giant-dominates-global-geopolitics,markets.financialcontent.com,English,0.0,gdelt_gkg
TSLA,2025-10-01,Elon Musk pide a padres de familia cancelar Netflix por serie infantil que promueve la  agenda woke transgénero  ,https://www.elimparcial.com/espectaculos/2025/10/01/elon-musk-pide-a-padres-de-familia-cancelar-netflix-por-serie-infantil-que-promueve-la-agenda-woke-transgenero/,elimparcial.com,Spanish,0.0,gdelt_gkg
TSLA,2025-10-01,UK Labour government plans permanent fracking ban,https://www.marketscreener.com/news/uk-s-labour-government-plans-permanent-fracking-ban-ce7d5bd9de8cfe26,marketscreener.com,English,0.0,gdelt_gkg
TSLA,2025-10-01,国庆出行无忧 ！ 特斯拉贵州V4超充  三连更  助力绿色乡村游 - 业界动态 - ITBear科技资讯,https://www.itbear.com.cn/html/2025-10/975052.html,itbear.com.cn,Chinese,0.0,gdelt_gkg
TSLA,2025-10-01,美股 ， 突发 ！ 追踪  特朗普 ， 谁能入选 ？ ,http://www.stcn.com/article/detail/3366853.html,stcn.com,Chinese,0.0,gdelt_gkg
TSLA,2025-10-01,Predaje Tesly sa v niektorých štátoch Európy vrátili k rastu,https://www.teraz.sk/ekonomika/auto-predaje-tesly-sa-v-niektorych-st/910221-clanok.html,teraz.sk,Slovak,0.0,gdelt_gkg
TSLA,2025-10-01,Musk ještě větším ultraboháčem . Prolomil dosud nevídanou hranici majetku,https://zpravy.aktualne.cz/ekonomika/musk-ultrabohacem-prolomil-dosud-nevidanou-hranici-majetku/r~904d94489f0411f0b689ac1f6b220ee8/,zpravy.aktualne.cz,Czech,0.0,gdelt_gkg
TSLA,2025-10-01,Tesla is set to report Q3 deliveries amid a surge in EV demand tied to the expired tax credit,https://seekingalpha.com/news/4500731-tesla-is-set-to-report-q3-deliveries-amid-a-surge-in-ev-demand-tied-to-the-expired-tax-credit,seekingalpha.com,English,0.0,gdelt_gkg
TSLA,2025-10-01,Elon Musk je první s majetkem přes 500 miliard dolarů,https://www.idnes.cz/ekonomika/zahranicni/elon-musk-prvni-clovek-s-majetkem-pul-bilionu-dolaru.A251001_215250_eko-zahranicni_lupr,idnes.cz,Czech,0.0,gdelt_gkg
TSLA,2025-10-01,Grokipedia : la nueva plataforma de Elon Musk que competirá con Wikipedia,https://www.sdpnoticias.com/tecnologia/grokipedia-la-nueva-plataforma-de-elon-musk-que-competira-con-wikipedia/,sdpnoticias.com,Spanish,0.0,gdelt_gkg
TSLA,2025-10-01,"Top Stock Movers Now : Nike , Eli Lilly , Corteva , AES , and More",https://finance.yahoo.com/news/top-stock-movers-now-nike-163541033.html,finance.yahoo.com,English,0.0,gdelt_gkg
TSLA,2025-10-01,"GM Q3 sales jump 8 %, matching rival Ford",https://finance.yahoo.com/news/gm-q3-sales-jump-8-matching-rival-ford-162632652.html,finance.yahoo.com,English,0.0,gdelt_gkg
TSLA,2025-10-01,Estos son los coches más vendidos en España : Tesla protagoniza una gran remontada y el Dacia Sandero sigue imbatible,https://www.lavanguardia.com/motor/actualidad/20251001/11117510/son-coches-mas-vendidos-espana-tesla-protagoniza-gran-remontada-dacia-sandero-sigue-imbatible.html,lavanguardia.com,Spanish,0.0,gdelt_gkg
TSLA,2025-10-01,2025款改款特斯拉Model 3上市 ， 车标全黑加摄像头 ， 4 - 6周可提车 - 业界动态 - ITBear科技资讯,https://www.itbear.com.cn/html/2025-10/975076.html,itbear.com.cn,Chinese,0.0,gdelt_gkg
TSLA,2025-10-01,9月新造车销量频创新高 ， 特斯拉仍领跑 ， 车企产能面临大考 - 业界动态 - ITBear科技资讯,https://www.itbear.com.cn/html/2025-10/975070.html,itbear.com.cn,Chinese,0.0,gdelt_gkg
TSLA,2025-10-01,国庆租车热潮涌动 ： 价格飙升三倍 ， 新能源婚车走俏 ， 小米SU7受青睐 - 业界动态 - ITBear科技资讯,https://www.itbear.com.cn/html/2025-10/975079.html,itbear.com.cn,Chinese,0.0,gdelt_gkg
TSLA,2025-10-01,Elon Musk Plans to Take on Wikipedia With  Grokipedia  ,https://www.pcmag.com/news/elon-musk-plans-to-take-on-wikipedia-with-grokipedia,pcmag.com,English,0.0,gdelt_gkg
TSLA,2025-10-01,UK Labour govt plans permanent fracking ban,https://www.terradaily.com/afp/251001155033.5l56vh7q.html,terradaily.com,English,0.0,gdelt_gkg
TSLA,2025-10-01,"2 yrs into failed takeover , Elon Musk announces own Wikipedia",https://www.ummid.com/news/2025/october/01-10-2025/2-yrs-into-failed-takeover-elon-musk-announces-own-wikipedia.html,ummid.com,English,0.0,gdelt_gkg
TSLA,2025-10-01,营造汽车产业全球化发展更加良好环境 _ 央广网,https://auto.cnr.cn/yc/20251001/t20251001_527382966.shtml,auto.cnr.cn,Chinese,0.0,gdelt_gkg
TSLA,2025-10-01,Phantom 3500 : première commande géante pour le jet  façon Tesla  qui fait trembler laviation,https://www.clubic.com/actualite-581473-phantom-3500-premiere-commande-geante-pour-le-jet-facon-tesla-qui-fait-trembler-le-monde-de-l-aviation.html,clubic.com,French,0.0,gdelt_gkg
TSLA,2025-10-01,Elon Musk xAI unveils  Grokipedia  to rival Wikipedia,https://thehill.com/policy/technology/5530991-musk-xai-grokipedia-wikipedia/,thehill.com,English,0.0,gdelt_gkg
TSLA,2025-10-01,Electric car registrations soar 73 % higher in September,https://www.rte.ie/news/business/2025/1001/1536274-simi-car-registration-figures/,rte.ie,English,0.0,gdelt_gkg
TSLA,2025-10-01,Tesla Gears Up for Crucial Q3 Delivery Announcement Amid High Expectations and Market Scrutiny,https://markets.financialcontent.com/stocks/article/marketminute-2025-10-1-tesla-gears-up-for-crucial-q3-delivery-announcement-amid-high-expectations-and-market-scrutiny,markets.financialcontent.com,English,0.0,gdelt_gkg
TSLA,2025-10-01,September car sales in Spain soar to highest figure since before Covid pandemic,https://www.theolivepress.es/spain-news/2025/10/01/september-car-sales-in-spain-soar-to-highest-figure-since-before-covid-pandemic/,theolivepress.es,English,0.0,gdelt_gkg
TSLA,2025-10-01,"Im the CEO of an AI startup that finds blind spots in visual data . If missed , it can cripple your AI models",https://fortune.com/2025/10/01/im-the-ceo-of-an-ai-startup-that-finds-blind-spots-in-visual-data-if-missed-it-can-cripple-your-ai-models/,fortune.com,English,0.0,gdelt_gkg
TSLA,2025-10-01,Verkoop van nieuwe auto in Nederland trekt aan : bijna helft verkochte wagens nu hybride,https://www.telegraaf.nl/financieel/nieuws/verkoop-van-nieuwe-auto-s-in-nederland-trekt-aan-bijna-helft-verkochte-wagens-is-hybride/94330159.html,telegraaf.nl,Dutch,0.0,gdelt_gkg
TSLA,2025-10-01,Las ventas de turismos en septiembre superan por primera vez las cifras prepandemia,https://www.elcomercio.es/motor/economia/ventas-turismos-septiembre-superan-primera-vez-cifras-20251001131039-ntrc.html,elcomercio.es,Spanish,0.0,gdelt_gkg
TSLA,2025-10-01,青城山试驾奥迪E5 Sportback ： 德系驾控遇上中式智慧 ， 豪华纯电新标杆 - 业界动态 - ITBear科技资讯,https://www.itbear.com.cn/html/2025-10/974871.html,itbear.com.cn,Chinese,0.0,gdelt_gkg
TSLA,2025-10-01,突发 ， 黑天鹅 ！ ,http://www.stcn.com/article/detail/3366812.html,stcn.com,Chinese,0.0,gdelt_gkg
TSLA,2025-10-01,Tesla drivers to pay the price after subsidies disappear,https://www.proactiveinvestors.com/companies/news/1079513/tesla-drivers-to-pay-the-price-after-subsidies-disappear-1079513.html,proactiveinvestors.com,English,0.0,gdelt_gkg
TSLA,2025-10-01,Bilbrist försenar leveranser – Teslas svenska ras fortsätter,https://www.nyteknik.se/elbilar/bilbrist-forsenar-leveranser-teslas-svenska-ras-fortsatter/4397167,nyteknik.se,Swedish,0.0,gdelt_gkg
TSLA,2025-10-01,Elon Musk zapowiada Grokipedię . To będzie konkurencja dla Wikipedii,"https://biznes.interia.pl/gospodarka/news-elon-musk-zapowiada-rewolucje-niezbedny-krok-do-zrozumienia,nId,22425980",biznes.interia.pl,Polish,0.0,gdelt_gkg
TSLA,2025-10-01,Ni ud af ti nyregistrerede privatbiler i september kører på el,https://jyllands-posten.dk/indland/ECE18591109/ni-ud-af-ti-nyregistrerede-privatbiler-i-september-koerer-paa-el?fp-exp=60320002&fp-alg=603200020,jyllands-posten.dk,Danish,0.0,gdelt_gkg
TSLA,2025-10-01,"Elon Musk face à une vague de départ , son management en cause",https://lanouvelletribune.info/2025/10/elon-musk-face-a-une-vague-de-depart-son-management-en-cause/,lanouvelletribune.info,French,0.0,gdelt_gkg
TSLA,2025-10-01,最高優惠10萬 ！ 特斯拉 「 新款房車 ＆ 休旅車 」 台灣開賣 可0頭款入主 | ETtoday車雲,https://speed.ettoday.net/news/3043427,speed.ettoday.net,Chinese,0.0,gdelt_gkg
TSLA,2025-10-01,"理想汽车9月交付新车33 , 951辆 ， 环比增长19 % ",https://tech.ifeng.com/c/8n5lmSKo2ew,tech.ifeng.com,Chinese,0.0,gdelt_gkg
TSLA,2025-10-01,  中国电车撼动了日本皇冠上的明珠 - 新浪汽车,https://k.sina.com.cn/article_5953190046_162d6789e067024kf2.html,k.sina.com.cn,Chinese,0.0,gdelt_gkg
TSLA,2025-10-01,"Tomasz Hajto , który śmiertelnie potrącił kobietę na pasach , został twarzą ... HAMULCÓW SAMOCHODOWYCH ! ",https://www.pudelek.pl/tomasz-hajto-ktory-smiertelnie-potracil-kobiete-na-pasach-zostal-twarza-hamulcow-samochodowych-7206145302895360a,pudelek.pl,Polish,0.0,gdelt_gkg
TSLA,2025-10-01,Elon Musk cancels Netflix subscription after TV series creator is accused of calling Charlie Kirk a nazi,https://www.dailymail.co.uk/news/article-15151569/Elon-Musk-cancels-Netflix-subscription-TV-series-creator-accused-calling-Charlie-Kirk-nazi.html,dailymail.co.uk,English,0.0,gdelt_gkg
TSLA,2025-10-01,Netflix submergé par une vague de désabonnements,https://www.telesatellite.com/actu/67565-netflix-submerge-par-une-vague-de-desabonnements.html,telesatellite.com,French,0.0,gdelt_gkg
TSLA,2025-10-01,Dacia Sandero precio : Las ventas de coches nuevos en España superan por primera vez los niveles prepandemia,https://www.expansion.com/empresas/motor/2025/10/01/68dd0c90e5fdeaa5398b457d.html,expansion.com,Spanish,0.0,gdelt_gkg
TSLA,2025-10-01,La inteligencia artificial entra en una fase de crecimiento acelerado,https://www.eluniversal.com.mx/opinion/miguel-sandoval-lara/la-inteligencia-artificial-entra-en-una-fase-de-crecimiento-acelerado/,eluniversal.com.mx,Spanish,0.0,gdelt_gkg
TSLA,2025-10-01,Comment les théories nazies ont façonné le monde du travail,https://www.lalibre.be/culture/livres-bd/2025/10/01/comment-les-theories-nazies-ont-faconne-le-monde-du-travail-5TOXPOTO5NHCRJWFIULSKDXP2M/,lalibre.be,French,0.0,gdelt_gkg
TSLA,2025-10-01, @ LAAutoShow Zero - Emission Vehicle ZEVAS Award Voting Opens 10 / 1,https://www.autoconnectedcar.com/2025/10/laautoshow-zero-emission-vehicle-zevas-award-voting-opens-10-1/,autoconnectedcar.com,English,0.0,gdelt_gkg
TSLA,2025-10-01,光復鄉重災Day9 ！ 250萬 「 特斯拉皮卡 」 變物資運輸車 他見親舅家 ： 怎清 ? | 社會,https://www.setn.com/News.aspx?NewsID=1729630,setn.com,Chinese,0.0,gdelt_gkg
TSLA,2025-10-01,美股盤前｜美國政府停擺 金價創新高撲3900美元關 道指期貨跌234點 （ 不斷更新 ） ,https://inews.hket.com/article/4015795/?mtc=80002,inews.hket.com,Chinese,0.0,gdelt_gkg
TSLA,2025-10-01,"OpenAI presenta Sora 2 , el modelo de generación de vídeo por AI  más avanzado  ",https://wapa.tv/noticias/tecnologia/openai-presenta-sora-2-el-modelo-de-generaci-n-de-v-deo-por-ai-m/article_b23e172b-458b-4510-911b-3ffea1ac9993.html,wapa.tv,Spanish,0.0,gdelt_gkg
TSLA,2025-10-01,إيلون ماسك : قد أعيش وأموت في المريخ,https://www.eremnews.com/entertainment/e69r3o2,eremnews.com,Arabic,0.0,gdelt_gkg
TSLA,2025-10-01,Historia de la Radio 2025,https://www.ure.es/foros/diplomas/historia-de-la-radio-2025/,ure.es,Spanish,0.0,gdelt_gkg
TSLA,2025-10-01,Tesla augmente ses tarifs de location après la fin du crédit dimpôt pour véhicules électriques aux États - Unis,https://www.zonebourse.com/actualite-bourse/tesla-augmente-ses-tarifs-de-location-apres-la-fin-du-credit-d-impot-pour-vehicules-electriques-aux-ce7d5bd9d88ef621,zonebourse.com,French,0.0,gdelt_gkg
TSLA,2025-10-01,特斯拉 初代  网红股  强势回归 ！ - 华尔街见闻发表于 财经新闻 - 论坛,https://bbs.wenxuecity.com/bbs/financenews/31209.html,bbs.wenxuecity.com,Chinese,0.0,gdelt_gkg
TSLA,2025-10-01,比亚迪销售  撞飞  两对手 仅剩一日系品牌未失守 | 财经 | 東方網 馬來西亞東方日報,https://www.orientaldaily.com.my/news/business/2025/10/01/765458,orientaldaily.com.my,Chinese,0.0,gdelt_gkg
TSLA,2025-10-01,"Silent joy : When off - road motorcycle riding , the electric Can - Am is the way to go",https://www.theglobeandmail.com/drive/reviews/article-silent-joy-when-off-road-motorcycle-riding-the-electric-can-am-is-the/,theglobeandmail.com,English,0.0,gdelt_gkg
TSLA,2025-10-01,狂砸資金 ， 人形機器人真的離實用更近了嗎 ？ ,https://technews.tw/2025/10/01/humanoid-robot-is-coming-soon/,technews.tw,Chinese,0.0,gdelt_gkg
TSLA,2025-10-01,"Tesla monthly sales rise in France , Denmark for first time in 2025",https://www.marketscreener.com/news/tesla-s-monthly-sales-rise-in-france-denmark-for-first-time-in-2025-ce7d5bd9db88f725,marketscreener.com,English,0.0,gdelt_gkg
TSLA,2025-10-01,Musk wants to replace Wikipedia with Grokipedia,https://www.fudzilla.com/news/61799-musk-wants-to-replace-wikipedia-with-grokipedia,fudzilla.com,English,0.0,gdelt_gkg
TSLA,2025-10-01,Elon Musk rzuca wyzwanie Wikipedii .  Budujemy Grokipedię  ,https://wiadomosci.onet.pl/swiat/elon-musk-rzuca-wyzwanie-wikipedii-budujemy-grokipedie/7p3w7zr,wiadomosci.onet.pl,Polish,0.0,gdelt_gkg
TSLA,2025-10-01,X conteste la décision de justice indienne sur le retrait de contenus,https://www.fredzone.org/x-conteste-la-decision-de-justice-indienne-sur-le-retrait-de-contenus/,fredzone.org,French,0.0,gdelt_gkg
TSLA,2025-10-01,Un écran incurvé unique au monde : le nouveau Porsche Cayenne électrique peut - il faire trembler Tesla ? ,https://www.presse-citron.net/ecran-incurve-unique-nouveau-porsche-cayenne-electrique-trembler-tesla/,presse-citron.net,French,0.0,gdelt_gkg
TSLA,2025-10-01,Senators Slam Tesla Full Self - Driving System - Tesla ( NASDAQ : TSLA ) ,https://www.benzinga.com/markets/tech/25/10/47961478/senators-slam-teslas-full-self-driving-system-urge-nhtsa-probe-amid-fears-of-deadly-railroad-collisi,benzinga.com,English,0.0,gdelt_gkg
TSLA,2025-10-01,Ni ud af ti nyregistrerede privatbiler i september kører på el,https://jyllands-posten.dk/indland/ECE18591109/ni-ud-af-ti-nyregistrerede-privatbiler-i-september-koerer-paa-el?fp-exp=60300005&fp-alg=603000050,jyllands-posten.dk,Danish,0.0,gdelt_gkg
TSLA,2025-10-01,Trump and America tech giants : Coexistence or collaboration ? ,https://www.japantimes.co.jp/commentary/2025/10/01/world/trump-and-the-tech-giants/,japantimes.co.jp,English,0.0,gdelt_gkg
TSLA,2025-10-01,Or à 5000 dollars : nouvelle ère pour les actifs refuges,https://agefi.com/actualites/marches/le-nouvel-equilibre-de-lor-se-situe-autour-de-5000-dollars,agefi.com,French,0.0,gdelt_gkg
TSLA,2025-10-01,2025新能源充电座插头十大品牌 ： 技术领航绘就产业新蓝图 - 业界动态 - ITBear科技资讯,https://www.itbear.com.cn/html/2025-10/974638.html,itbear.com.cn,Chinese,0.0,gdelt_gkg
TSLA,2025-10-01,中大型SUV竞争白热化 陷入  以价换量  怪圈 ？_ 央广网,https://auto.cnr.cn/2015xc/20251001/t20251001_527382970.shtml,auto.cnr.cn,Chinese,0.0,gdelt_gkg
TSLA,2025-10-01,福特CEO ： 在蓝领工业 ， 我们远远落后中国 ， 我们太卑微了,https://news.ifeng.com/c/8n63yNdY4k5,news.ifeng.com,Chinese,0.0,gdelt_gkg
TSLA,2025-10-01,"Lee Johnson Capital Management LLC Increases Position in Tesla , Inc . $TSLA",https://www.tickerreport.com/banking-finance/13175949/lee-johnson-capital-management-llc-increases-position-in-tesla-inc-tsla.html,tickerreport.com,English,0.0,gdelt_gkg
TSLA,2025-10-01,可能与火车相撞 ， 特斯拉FSD铁路道口风险引担忧,https://tech.ifeng.com/c/8n62UB7ZvMl,tech.ifeng.com,Chinese,0.0,gdelt_gkg
TSLA,2025-10-01,理想汽车9月交付新车33951辆 三季度交付93211辆 _ 新车上市 _ 汽车 _ 中金在线,http://auto.cnfol.com/xincheshangshi/20251001/31687024.shtml,auto.cnfol.com,Chinese,0.0,gdelt_gkg
TSLA,2025-10-01,炸了 ！ 创业板暴涨12 % 创三年新高 ， 宁德时代反超茅台 ， 这三大赛道藏着暴富密码 ！_ 财富号 _ 东方财富网,https://caifuhao.eastmoney.com/news/20250930171921834766130,caifuhao.eastmoney.com,Chinese,0.0,gdelt_gkg
TSLA,2025-10-01,ยอดชอปปิงออนไลน์เกาหลีใต้เพิ่มขึ้น 6 . 6 % ในเดือนส . ค . ,https://www.ryt9.com/s/iq28/12752436,ryt9.com,Thai,0.0,gdelt_gkg
TSLA,2025-10-01,"Elon Musk cancels his Netflix subscription , here why",https://www.moneycontrol.com/technology/elon-musk-cancels-his-netflix-subscription-here-s-why-article-13592457.html,moneycontrol.com,English,0.0,gdelt_gkg
TSLA,2025-10-01,How China is pushing its tech ambitions despite US restrictions,https://www.moneycontrol.com/world/how-china-is-pushing-its-tech-ambitions-despite-us-restrictions-article-13592693.html,moneycontrol.com,English,0.0,gdelt_gkg
TSLA,2025-10-01,ADL retires extremist glossary after backlash for listing TPUSA as a hate group,https://www.foxnews.com/us/anti-defamation-league-retires-glossary-extremist-groups-after-backlash-including-charlie-kirks-tpusa,foxnews.com,English,0.0,gdelt_gkg
TSLA,2025-10-01,Tesla skruvar upp effekten – nu är första 500 kW - laddaren invigd,https://www.nyteknik.se/elbilar/tesla-skruvar-upp-effekten-nu-ar-forsta-500-kw-laddaren-invigd/4396894,nyteknik.se,Swedish,0.0,gdelt_gkg
TSLA,2025-10-01,5100万美元 ， 特斯拉面临合理索赔还是过高要价 ？_ 财富号评论 ( cfhpl ) 股吧 _ 东方财富网股吧,"https://guba.eastmoney.com/o/news,gssz,1607535970.html",guba.eastmoney.com,Chinese,0.0,gdelt_gkg
TSLA,2025-10-01,盘后利好堆积 也有天雷滚滚 _ 财富号 _ 东方财富网,https://caifuhao.eastmoney.com/news/20251001071527344171160,caifuhao.eastmoney.com,Chinese,0.0,gdelt_gkg
TSLA,2025-10-01,Senators Slam Tesla Full Self - Driving System - Tesla ( NASDAQ : TSLA ) ,https://www.benzinga.com/markets/tech/25/10/47961478/senators-slam-teslas-full-self-driving-system-urge-nhtsa-probe-amid-fears-of-deadly-railroad-collisions,benzinga.com,English,0.0,gdelt_gkg
TSLA,2025-10-01,Man Killed on Antelope Valley Freeway in Palmdale After Getting Out of Car,https://mynewsla.com/life/2025/09/30/man-killed-on-antelope-valley-freeway-in-palmdale-after-getting-out-of-car/,mynewsla.com,English,0.0,gdelt_gkg
TSLA,2025-10-01,26100亿 ！ 固态电池重大突破 ， 宁王  创造奇迹 _ 财富号 _ 东方财富网,https://caifuhao.eastmoney.com/news/20251001130413020374490,caifuhao.eastmoney.com,Chinese,0.0,gdelt_gkg
TSLA,2025-10-01,十月首日长阳启动三浪五 ！_ 财富号 _ 东方财富网,https://caifuhao.eastmoney.com/news/20251001080309579180550,caifuhao.eastmoney.com,Chinese,0.0,gdelt_gkg
TSLA,2025-10-01,Никодијевић : Завршена реконструкциЈа Булевара Николе Тесле након одржавања Војне параде,https://www.beograd.rs/cir/beoinfo-vesti/a110185/Nikodijevic-Zavrsena-rekonstrukciJa-Bulevara-Nikole-Tesle-nakon-odrzavanja-Vojne-parade.html,beograd.rs,Serbian,0.0,gdelt_gkg
TSLA,2025-10-01,Alloy raises AUD $4 . 5m to solve data challenges in robotics,https://channellife.com.au/story/alloy-raises-aud-4-5m-to-solve-data-challenges-in-robotics,channellife.com.au,English,0.0,gdelt_gkg
TSLA,2025-10-01,Tesla Patents Airbag For The Cybertruck To Improve Its Aero While Towing,https://carbuzz.com/tesla-patent-aerodynamic-airbag-not-safety/,carbuzz.com,English,0.0,gdelt_gkg
TSLA,2025-10-01,Elon Musk Joins Netflix Boycott as Mass Cancellations Grow Here the Kid Show and Comments That Sparked Outrage,https://www.ibtimes.co.uk/elon-musk-joins-netflix-boycott-mass-cancellations-grow-heres-kids-show-comments-that-1745951,ibtimes.co.uk,English,0.0,gdelt_gkg
TSLA,2025-10-01,可能与火车相撞 ， 特斯拉FSD铁路道口风险引担忧,https://finance.sina.com.cn/roll/2025-10-01/doc-infskmnu0057301.shtml,finance.sina.com.cn,Chinese,0.0,gdelt_gkg
TSLA,2025-10-01,Elon Musk drives away key managers with tough approach,https://www.marketscreener.com/news/elon-musk-drives-away-key-managers-with-tough-approach-ce7d5bd8d081f321,marketscreener.com,English,0.0,gdelt_gkg
TSLA,2025-10-01,테슬라 판매 호조에 … 온라인 쇼핑 거래액 역대 최대,https://biz.heraldcorp.com/article/10587873,biz.heraldcorp.com,Korean,0.0,gdelt_gkg
TSLA,2025-10-01,Was Celeste Rivas a victim at home ? Ex - Boyfriend reveals escape plans as YouTube comment alleges she would come to school with bruises,https://www.indiatimes.com/trending/was-celeste-rivas-a-victim-at-home-ex-boyfriend-reveals-escape-plans-as-youtube-comment-alleges-she-would-come-to-school-with-bruises/articleshow/124247510.html,indiatimes.com,English,0.0,gdelt_gkg
TSLA,2025-10-01,ＳＥＣがテキサス証取設立を承認 、 来年初めに取引開始へ,https://jp.reuters.com/markets/japan/KC7IXDUAVROKFCSJQ4VFSZNCSA-2025-10-01/,jp.reuters.com,Japanese,0.0,gdelt_gkg
TSLA,2025-10-01,Električne kljuke na udaru : Preiskava zaradi težav pri odpiranju vrat v nesrečah,https://www.zurnal24.si/avto/popularna-novost-na-avtomobilih-se-je-izkazala-za-potencialno-nevarno-447589,zurnal24.si,Slovenian,0.0,gdelt_gkg
TSLA,2025-10-01,"Fortuna de Trump quase dobra em um ano , mas ele ainda está longe dos mais ricos do mundo ; veja os líderes do ranking",https://www.estadao.com.br/economia/fortuna-donald-trump-presidente-eua-forbes-mais-ricos-nprei/,estadao.com.br,Portuguese,0.0,gdelt_gkg
TSLA,2025-10-01,Optimus 3年杪亮相 特斯拉2030年前要产100万架 | 财经,https://www.orientaldaily.com.my/news/business/2025/10/01/765371,orientaldaily.com.my,Chinese,0.0,gdelt_gkg
TSLA,2025-10-01,D4vd Swatted Days After Teen Body Found in Tesla,https://allhiphop.com/news/d4vd-swatted-days-after-teens-body-found-in-tesla/,allhiphop.com,English,0.0,gdelt_gkg
TSLA,2025-10-01,"  Trop voyant , trop dangereux  : lEurope ferme la porte au Cybertruck , et les raisons sont claires",https://www.lesnumeriques.com/voiture-electrique/trop-voyant-trop-dangereux-l-europe-ferme-la-porte-au-cybertruck-et-les-raisons-sont-claires-n243169.html,lesnumeriques.com,French,0.0,gdelt_gkg
TSLA,2025-10-01,Darum steckt Tesla in Europa in der Krise,https://www.watson.ch/digital/elektroauto/636038153-darum-steckt-tesla-in-europa-in-der-krise,watson.ch,German,0.0,gdelt_gkg
TSLA,2025-10-01,S . Korea online shopping rises 6 . 6 pct in August - Xinhua,https://english.news.cn/20251001/ca24c0da940e44e0bf66ea8442820170/c.html,english.news.cn,English,0.0,gdelt_gkg
TSLA,2025-10-01,小米超越理想 、 蔚来 ！ 新势力车企最新销量公布 _ 东方财富网,https://finance.eastmoney.com/a/202510013528059886.html,finance.eastmoney.com,Chinese,0.0,gdelt_gkg
TSLA,2025-10-01, _ 三花智控 ( 002050 ) 股吧 _ 东方财富网股吧,"https://guba.eastmoney.com/o/news,002050,1607531129.html",guba.eastmoney.com,Chinese,0.0,gdelt_gkg
TSLA,2025-10-01,BYD Aktie : Aufrüttelnde Neuigkeiten ! ,https://www.stock-world.de/byd-aktie-aufruettelnde-neuigkeiten/,stock-world.de,German,0.0,gdelt_gkg
TSLA,2025-10-01,La Bolsa de Valores de Texas podría listar acciones en 2026,https://www.eleconomista.com.mx/mercados/bolsa-valores-texas-listar-acciones-20250930-779471.html,eleconomista.com.mx,Spanish,0.0,gdelt_gkg
TSLA,2025-10-01,台灣9月新車銷量 「 特斯拉Model Y霸榜第2名 」！ 貨物稅減免奏效了 | ETtoday車雲,https://speed.ettoday.net/news/3043080,speed.ettoday.net,Chinese,0.0,gdelt_gkg
TSLA,2025-10-01,2026年或迎变革 ： 14 . 5万元人形机器人量产 ， 生活与就业将如何改写 ？- 智能汽车 - ITBear科技资讯,https://www.itbear.com.cn/html/2025-10/974376.html,itbear.com.cn,Chinese,0.0,gdelt_gkg
TSLA,2025-10-01,新能源二手车怎么挑 ？ 3种实用方法助你轻松获取电池真实状态 - 业界动态 - ITBear科技资讯,https://www.itbear.com.cn/html/2025-10/974399.html,itbear.com.cn,Chinese,0.0,gdelt_gkg
TSLA,2025-10-01,Elon Musk cancels Netflix subscription over director Hamish Steele Charlie Kirk remarks,https://www.hindustantimes.com/trending/elon-musk-cancels-netflix-subscription-over-director-hamish-steele-s-charlie-kirk-remarks-101759289521708.html,hindustantimes.com,English,0.0,gdelt_gkg
TSLA,2025-10-01,配置机器人 ， 你有格局么 ？ ,https://finance.ifeng.com/c/8n5Z0xyt1Fz,finance.ifeng.com,Chinese,0.0,gdelt_gkg
TSLA,2025-10-01,雷军的演讲失去了  魔力 _ 凤凰网,https://finance.ifeng.com/c/8n5abule8Fa,finance.ifeng.com,Chinese,0.0,gdelt_gkg
TSLA,2025-10-01,李斌苦练易筋经 - DoNews专栏,https://www.donews.com/article/detail/6885/90789.html,donews.com,Chinese,0.0,gdelt_gkg
TSLA,2025-10-01,特斯拉推出3000元闪电造型龙舌兰酒,https://game.zol.com.cn/1056/10563987.html,game.zol.com.cn,Chinese,0.0,gdelt_gkg
TSLA,2025-10-01,"EV tax credits end September 30 , and sales have spiked : NPR",https://www.npr.org/transcripts/nx-s1-5557153,npr.org,English,0.0,gdelt_gkg
TSLA,2025-10-01,Australia : AGL 1GWh Liddell BESS in NSW registers with AEMO,https://www.energy-storage.news/australia-agls-1000mwh-liddell-bess-in-new-south-wales-registers-with-aemo/,energy-storage.news,English,0.0,gdelt_gkg
TSLA,2025-10-01,月销超6万 ， 零跑汽车完美演绎  慢即是快  的长期主义胜利|中国新能源 _ 新浪财经 _ 新浪网,https://finance.sina.com.cn/roll/2025-10-01/doc-infskfes7309243.shtml,finance.sina.com.cn,Chinese,0.0,gdelt_gkg
TSLA,2025-10-01,BMW reveals bold new plan to solve high - rise charging problems,https://www.cairnspost.com.au/motoring/on-the-road/bmw-plans-for-life-after-evs/news-story/e8cd0366db7547edafc392f9c458ac02?nk=c2a48b0e4d5f696012714de321cf8916-1759290421,cairnspost.com.au,English,0.0,gdelt_gkg
TSLA,2025-10-01,  Based  Portland Resident Upends Oregon Democrat Narratives About Rioters in Blistering Statement,https://redstate.com/sister-toldjah/2025/09/30/based-portland-resident-upends-oregon-democrat-narratives-about-rioters-in-blistering-statement-n2194602,redstate.com,English,0.0,gdelt_gkg
TSLA,2025-10-01,地下室起步 ， 两个北航学霸用20年 ， 干出500亿电动车龙头,https://www.163.com/dy/article/KAMONIKG0514E1H1.html,163.com,Chinese,0.0,gdelt_gkg
TSLA,2025-10-01,月销超6万 ， 零跑汽车完美演绎  慢即是快  的长期主义胜利|新势力|颠覆性,https://www.163.com/dy/article/KAPGHBFS05199DKK.html,163.com,Chinese,0.0,gdelt_gkg
TSLA,2025-10-01,"Sin determinar , muerte de hispana hallada en auto de cantante en Los Ángeles",https://laopinion.com/2025/09/30/sin-causa-clara-la-muerte-de-hispana-hallada-en-auto-de-cantante-en-los-angeles/,laopinion.com,Spanish,0.0,gdelt_gkg
TSLA,2025-10-01,特斯拉 、 蘋果 掀玻璃基板戰火 | 產經,https://news.ustv.com.tw/newsdetail/20251001A001008,news.ustv.com.tw,Chinese,0.0,gdelt_gkg
TSLA,2025-10-01,马斯克带头抵制Netflix ！ 动画片竟向儿童推广跨性别觉醒 _ 3DM单机,https://www.3dmgame.com/news/202510/3928973.html,3dmgame.com,Chinese,0.0,gdelt_gkg
TSLA,2025-10-01,New Tesla Model Y Performance review : family SUV is supercar fast but not supercar fun,https://www.autoexpress.co.uk/tesla/model-y/367921/new-tesla-model-y-performance-review-family-suv-supercar-fast-not-supercar-fun,autoexpress.co.uk,English,0.0,gdelt_gkg
TSLA,2025-10-01, 【 美股盤後 】 無懼政府停擺危機 ！ 四大指數齊揚 道瓊 、 費半創新高 | 國際,https://news.ustv.com.tw/newsdetail/20251001A001001?newsall=true&type=104,news.ustv.com.tw,Chinese,0.0,gdelt_gkg
TSLA,2025-10-01,Börse Express - Tesla Aktie : Durchbruch nach Upgrade ? ,https://www.boerse-express.com/news/articles/tesla-aktie-durchbruch-nach-upgrade-829612,boerse-express.com,German,0.0,gdelt_gkg
TSLA,2025-10-01,一句话点评理想i系列 ： i8拉稀 ， i6就不拉稀 ！ ,https://www.163.com/dy/article/KAO75M6G0527DMH3.html,163.com,Chinese,0.0,gdelt_gkg
TSLA,2025-10-01,"Goodbye to the $7 , 500 EV tax credit | What that mean for EV prices ? ",https://abc11.com/post/goodbye-7500-ev-tax-credit-whats-mean-prices/17910958/,abc11.com,English,0.0,gdelt_gkg
TSLA,2025-10-01,Celeste Rivas Hernandez Was Not Pregnant Before Her Body Was Found in D4vd Car,https://www.yahoo.com/news/articles/celeste-rivas-hernandez-not-pregnant-185337982.html,yahoo.com,English,0.0,gdelt_gkg
TSLA,2025-10-01,"Elon Musk Optimus Robots Face Speedy Downfall On Mars , Scholar Says",https://www.forbes.com/sites/kevinholdenplatt/2025/09/30/elon-musks-optimus-robots-face-speedy-downfall-on-mars-scholar-says/,forbes.com,English,0.0,gdelt_gkg
TSLA,2025-10-01,隐藏式门把手  大限将至 ， 新国标下实用安全成设计新标杆 - 智能汽车 - ITBear科技资讯,https://www.itbear.com.cn/html/2025-10/974385.html,itbear.com.cn,Chinese,0.0,gdelt_gkg
TSLA,2025-10-01,  中国电动汽车崛起 ， 撼动了日本皇冠上的明珠 - 新浪汽车,https://k.sina.com.cn/article_1887344341_707e96d502001ob12.html,k.sina.com.cn,Chinese,0.0,gdelt_gkg
TSLA,2025-10-01,美股收盘 ： 三大指数集体上涨 道指 、 英伟达双双收新高,https://baijiahao.baidu.com/s?id=1844728180100054474,baijiahao.baidu.com,Chinese,0.0,gdelt_gkg
TSLA,2025-10-01,得力官方就辞退跛脚员工致歉 ； 罗永浩称不是替小米说公道话丨早报,https://www.163.com/dy/article/KAP9QU4J05119C3G.html,163.com,Chinese,0.0,gdelt_gkg
TSLA,2025-10-01,Portland | President authorizes using full force against U . S . citizens,https://augustafreepress.com/news/heaven-or-hell-president-paints-portland-as-war-torn-city-authorizes-using-full-force-against-u-s-citizens/,augustafreepress.com,English,0.0,gdelt_gkg
TSLA,2025-10-01,  中国电车撼动了日本皇冠上的明珠 - 新浪汽车,https://k.sina.com.cn/article_1887344341_707e96d502001ob10.html,k.sina.com.cn,Chinese,0.0,gdelt_gkg
TSLA,2025-10-01,  坚持用  小米  做高端 ， 雷军这次赌对了  |苹果|对标|国产手机,https://www.163.com/dy/article/KAPAMR76051481US.html,163.com,Chinese,0.0,gdelt_gkg
TSLA,2025-10-01,  中国电车撼动了日本皇冠上的明珠  |丰田|本田|比亚迪,https://www.163.com/dy/article/KAPBAV78051481US.html,163.com,Chinese,0.0,gdelt_gkg
TSLA,2025-10-01,It was time to upgrade everything | Columnists | napavalleyregister . com,https://napavalleyregister.com/opinion/column/kevin-courtney-napa-technology/article_9ff97b29-c2b7-41fa-a87f-d47fc70ab0e8.html,napavalleyregister.com,English,0.0,gdelt_gkg
TSLA,2025-10-01,网红户晨风被全网销号 - DoNews,https://www.donews.com/news/detail/1/6157336.html,donews.com,Chinese,0.0,gdelt_gkg
TSLA,2025-10-01,"Kompüterlərin sonu yaxınlaşır , yerini görün nə tutacaq",https://musavat.com/news/komputerlerin-sonu-yaxinlasir-yerini-gorun-ne-tutacaq_1204833.html,musavat.com,Azerbaijani,0.0,gdelt_gkg
TSLA,2025-10-01,"Neko Case : Songwriting , Production & Authenticity",https://tapeop.com/interviews/127/neko-case-songwriting-production-and-being-real,tapeop.com,English,0.0,gdelt_gkg
TSLA,2025-10-01,芯片巨头 ， 历史新高 ！ |美股|特朗普|国际金价|标普指数|道琼斯指数,https://www.163.com/dy/article/KAP9K0H4053469LG.html,163.com,Chinese,0.0,gdelt_gkg
TSLA,2025-10-01,美國政府面臨停擺危機 美元股市同步下跌 | 金價 | 美元指數 | 美股,https://www.ntdtv.com/b5/2025/09/30/a104024851.html,ntdtv.com,Chinese,0.0,gdelt_gkg
TSLA,2025-10-01,全网被封后 ！ 发明  苹果人  安卓人  的网红户晨风正被销号 _ 凤凰网,https://tech.ifeng.com/c/8n5RFGrwJOR,tech.ifeng.com,Chinese,0.0,gdelt_gkg
TSLA,2025-10-01," [ IB토마토 ] 미래에셋벤처투자 ,  IPO 잭팟  예고 … 변수는 밸류 산정법",http://www.newstomato.com/ReadNews.aspx?no=1276554,newstomato.com,Korean,0.0,gdelt_gkg
TSLA,2025-10-01,美股9月强劲收官 ， 标普500录得14年来最佳表现,https://www.163.com/dy/article/KAP9HS36055040N3.html,163.com,Chinese,0.0,gdelt_gkg
TSLA,2025-10-01,"Bill Harris launches Evergreen Wealth , recalls PayPal  chao with Elon Musk",https://www.investmentnews.com/ria-news/bill-harris-launches-evergreen-wealth-recalls-paypal-chaos-with-elon-musk/262338,investmentnews.com,English,0.0,gdelt_gkg
TSLA,2025-10-01,陸電動汽車崛起 外媒 ： 撼動了日本皇冠上的明珠 - 兩岸,https://www.chinatimes.com/realtimenews/20251001001626-260409,chinatimes.com,Chinese,0.0,gdelt_gkg
TSLA,2025-10-01,讨厌隐藏式门把手的用户们 如今终于胜利了,https://tech.ifeng.com/c/8n55hv3wrXX,tech.ifeng.com,Chinese,0.0,gdelt_gkg
TSLA,2025-10-01,NASDAQ - Aktie Tesla im Blick : Vollautonom ? Influencer crasht nach 100 km - FSD blamiert sich erneut,https://www.finanzen.net/nachricht/aktien/fsd-unter-kritik-tesla-aktie-im-blick-autonomes-fahren-weiter-in-der-kritik-influencer-test-misslingt-00-14885071,finanzen.net,German,0.0,gdelt_gkg
TSLA,2025-10-01,美國根本拚不過 ！ 福特執行長認了 ： 陸電動車完全制霸 - 財經,https://www.chinatimes.com/realtimenews/20251001000986-260410,chinatimes.com,Chinese,0.0,gdelt_gkg
TSLA,2025-10-01,Billionaire Tim Draper Thinks Retailers Will Only Accept Bitcoin,https://bitcoinmagazine.com/business/billionaire-tim-draper-predicts-future-where-retailers-accept-only-bitcoin-payments,bitcoinmagazine.com,English,0.0,gdelt_gkg
TSLA,2025-10-01,特朗普 ： 将与哈佛大学达成协议 ； 标普中国被北京证监局出具警示函 ； 辞退跛脚员工 ， 得力集团致歉 ； 航班因机械故障延误 ， 东航道歉丨每经早参,https://www.nbd.com.cn/articles/2025-10-01/4081580.html,nbd.com.cn,Chinese,0.0,gdelt_gkg
TSLA,2025-10-01,美股小幅收涨 ！ 英伟达收创新高 ， 市值突破4 . 5万亿美元 ！ 金价续刷纪录高位 ， 美参议院否决政府拨款法案,https://www.nbd.com.cn/articles/2025-10-01/4081574.html,nbd.com.cn,Chinese,0.0,gdelt_gkg
TSLA,2025-10-01,"What Metallica , Buffalo And North Carolina Have In Common : Workforce Development",https://www.forbes.com/sites/jimvinoski/2025/09/30/what-metallica-buffalo-and-north-carolina-have-in-common-workforce-development/,forbes.com,English,0.0,gdelt_gkg
TSLA,2025-10-01,How Labubu Became An Unlikely Soft Power Symbol,https://www.forbes.com/sites/kianbakhtiari/2025/09/30/how-labubu-became-an-unlikely-soft-power-symbol/,forbes.com,English,0.0,gdelt_gkg
TSLA,2025-10-01,美股9月收官 ： 纳指连续第六个月上涨 ！ 特斯拉累涨33 . 2 %， 台积电累涨21 . 35 %_ 股市直播 _ 市场 _ 中金在线,http://sc.stock.cnfol.com/gushizhibo/20251001/31686232.shtml,sc.stock.cnfol.com,Chinese,0.0,gdelt_gkg
TSLA,2025-10-01,Škoda 110 R Concept : Another Design Gem That Probably Wont Be Built,https://www.thetruthaboutcars.com/cars/news-blog/koda-110-r-concept-another-design-gem-that-probably-wont-be-built-45131344,thetruthaboutcars.com,English,0.0,gdelt_gkg
TSLA,2025-10-01,比亚迪新能源  全球开花 ， 在欧洲街头 ， 已全面领先特斯拉 ！- 新浪汽车,https://k.sina.com.cn/article_1751603632_686759b000101892s.html,k.sina.com.cn,Chinese,0.0,gdelt_gkg
TSLA,2025-10-01,8 Cars You Didnt Know Were Lighter Than The Ford Mustang GTD,https://carbuzz.com/cars-weigh-less-than-ford-mustang-gtd/,carbuzz.com,English,0.0,gdelt_gkg
TSLA,2025-10-01,美股9月收官 ： 纳指连续第六个月上涨 ！ 特斯拉累涨33 . 2 %， 台积电累涨21 . 35 % ,https://finance.sina.com.cn/stock/bxjj/2025-10-01/doc-infsiuqv0062163.shtml,finance.sina.com.cn,Chinese,0.0,gdelt_gkg
TSLA,2025-10-01,Ford : Un camino lleno de sorpresas y retos bajo el liderazgo de Jim Farley,http://larepublica.es/2025/10/01/ford-un-camino-lleno-de-sorpresas-y-retos-bajo-el-liderazgo-de-jim-farley/,larepublica.es,Spanish,0.0,gdelt_gkg
TSLA,2025-10-01,特斯拉 初代  网红股  强势回归 _ 凤凰网,https://tech.ifeng.com/c/8n52rHAfGMe,tech.ifeng.com,Chinese,0.0,gdelt_gkg
TSLA,2025-10-01,"Tesla Cybertruck Denied Entry To Germany , Even At The US Army Request",https://carbuzz.com/government-tesla-cybertruck-denied-entry-germany-us-army/,carbuzz.com,English,0.0,gdelt_gkg
TSLA,2025-11-01,Strange Items & Other Evidence Found Inside D4vd Former Rental Home,https://wibb.iheart.com/content/2025-10-31-strange-items-other-evidence-found-inside-d4vds-former-rental-home/,wibb.iheart.com,English,0.0,gdelt_gkg
TSLA,2025-11-01,They Had An 798 Credit Score But Still Got Rejected For A Personal Loan . Here The Unusual Mistake They Kept Making Over And Over,https://www.benzinga.com/personal-finance/management/25/11/48578266/they-had-an-798-credit-score-but-still-got-rejected-for-a-personal-loan-heres-the-unusual-mistake-they-kept-making-over-and-over,benzinga.com,English,0.0,gdelt_gkg
TSLA,2025-11-01,Trump White House makeover continues with Lincoln Bathroom,https://www.mtdemocrat.com/news/national/trumps-white-house-makeover-continues-with-lincoln-bathroom/article_8e9cf239-484f-5e9f-ac3d-01c918e8cce3.html,mtdemocrat.com,English,0.0,gdelt_gkg
TSLA,2025-11-01,特斯拉坐不下 ... 十億女星出手了 ！ 為草泥馬買新車 ： 富養寵物 | ETtoday星光雲,https://star.ettoday.net/news/3060148,star.ettoday.net,Chinese,0.0,gdelt_gkg
TSLA,2025-11-01,NEO : The pricey new robot that a domestic dream,https://www.ynetnews.com/tech-and-digital/article/hkq6sazkzl,ynetnews.com,English,0.0,gdelt_gkg
TSLA,2025-11-01,Strange Items & Other Evidence Found Inside D4vd Former Rental Home,https://961wtth.iheart.com/content/2025-10-31-strange-items-other-evidence-found-inside-d4vds-former-rental-home/?pname=www.961wtth.com&sc=dnsredirect,961wtth.iheart.com,English,0.0,gdelt_gkg
TSLA,2025-11-01,"Les immatriculations de voitures neuves en France en hausse de 2 , 94 % en octobre , selon la PFA",https://www.zonebourse.com/actualite-bourse/les-immatriculations-de-voitures-neuves-en-france-en-hausse-de-2-94-en-octobre-selon-la-pfa-ce7d5cd8da8ff724,zonebourse.com,French,0.0,gdelt_gkg
TSLA,2025-11-01,特斯拉或年内发布飞行汽车原型,https://news.ifeng.com/c/8nv1SobctyH,news.ifeng.com,Chinese,0.0,gdelt_gkg
TSLA,2025-11-01,Strange Items & Other Evidence Found Inside D4vd Former Rental Home,https://beatcolorado.iheart.com/content/2025-10-31-strange-items-other-evidence-found-inside-d4vds-former-rental-home/,beatcolorado.iheart.com,English,0.0,gdelt_gkg
TSLA,2025-11-01,US close : Stocks edge higher after choppy session as earnings largely impress,https://www.sharecast.com/news/market-report-us-close/us-close-stocks-edge-higher-after-choppy-session-as-earnings-largely-impress--21143003.html,sharecast.com,English,0.0,gdelt_gkg
TSLA,2025-11-01,Strange Items & Other Evidence Found Inside D4vd Former Rental Home,https://wild104.iheart.com/content/2025-10-31-strange-items-other-evidence-found-inside-d4vds-former-rental-home/,wild104.iheart.com,English,0.0,gdelt_gkg
TSLA,2025-11-01,"France - Les immatriculations de voitures neuves en hausse de 2 , 94 % en octobre - PFA",https://www.zonebourse.com/actualite-bourse/france-les-immatriculations-de-voitures-neuves-en-hausse-de-2-94-en-octobre-pfa-ce7d5cd8da8cfe2c,zonebourse.com,French,0.0,gdelt_gkg
TSLA,2025-11-01,"Ford to ramp up EV offering in Europe , plans major battery facility in Turkey",https://www.rashtranews.com/ford-to-ramp-up-ev-offering-in-europe-plans-major-battery-facility-in-turkey/,rashtranews.com,English,0.0,gdelt_gkg
TSLA,2025-11-01,埃安UT super即将发布 ： 搭载华为云车机与换电技术,https://auto.zol.com.cn/1072/10727572.html,auto.zol.com.cn,Chinese,0.0,gdelt_gkg
TSLA,2025-11-01,理想为车辆起火事件致歉 ； 文远知行CFO炮轰小马智行丨邦早报,https://www.163.com/dy/article/KD94ADI305119C3G.html,163.com,Chinese,0.0,gdelt_gkg
TSLA,2025-11-01,"New Car Registrations in France Rise by 2 . 94 % in October , Says PFA",https://www.marketscreener.com/news/new-car-registrations-in-france-rise-by-2-94-in-october-says-pfa-ce7d5cd8da8cfe2c,marketscreener.com,English,0.0,gdelt_gkg
TSLA,2025-11-01,美股10月收官 ： 纳指月线7连涨 ！ 美光 、 谷歌A 、 博通及亚马逊累涨超10 %， Meta连跌三月 _ 市场分析 _ 港股 _ 中金在线,http://hkstock.cnfol.com/shichangfenxi/20251101/31758187.shtml,hkstock.cnfol.com,Chinese,0.0,gdelt_gkg
TSLA,2025-11-01,Stocks Settle Lower as Megacap Technology Stocks Slide,https://finance.yahoo.com/news/stocks-settle-lower-megacap-technology-203304397.html,finance.yahoo.com,English,0.0,gdelt_gkg
TSLA,2025-11-01,特斯拉國道墜橋 「 車斷兩截起火 」 運安會調查 ： 時速飆破200 | ETtoday生活新聞,https://www.ettoday.net/news/20251101/3059985.htm,ettoday.net,Chinese,0.0,gdelt_gkg
TSLA,2025-11-01,"Marché : France - Les immatriculations de voitures neuves en hausse de 2 , 94 % en octobre - PFA",https://www.tradingsat.com/actualites/marches-financiers/marche-france-les-immatriculations-de-voitures-neuves-en-hausse-de-294-en-octobre-pfa-1149678.html,tradingsat.com,French,0.0,gdelt_gkg
TSLA,2025-11-01,黄仁勋 、 马斯克背书 世界模型何以成为通往物理AI的钥匙 ？ _ 东方财富网,https://finance.eastmoney.com/a/202511013552455998.html,finance.eastmoney.com,Chinese,0.0,gdelt_gkg
TSLA,2025-11-01,Trump White House makeover continues with Lincoln Bathroom,https://www.insidenova.com/news/national/trumps-white-house-makeover-continues-with-lincoln-bathroom/article_8e44bd47-6769-5eaa-bfcb-1d2ff269ccc3.html,insidenova.com,English,0.0,gdelt_gkg
TSLA,2025-11-01,2025世界物博会启幕 ： 物联网前沿成果亮相 引领智慧生活新潮流 - 业界动态 - ITBear科技资讯,https://www.itbear.com.cn/html/2025-11/1005676.html,itbear.com.cn,Chinese,0.0,gdelt_gkg
TSLA,2025-11-01,特朗普呼吁动用  核选项  遭共和党高层立即抵制 ！ _ 东方财富网,https://finance.eastmoney.com/a/202511013552453663.html,finance.eastmoney.com,Chinese,0.0,gdelt_gkg
TSLA,2025-11-01,Polestar gets Nasdaq notice on potential delisting due to slumping stock,https://www.thestar.com.my/tech/tech-news/2025/11/01/polestar-gets-nasdaq-notice-on-potential-delisting-due-to-slumping-stock,thestar.com.my,English,0.0,gdelt_gkg
TSLA,2025-11-01,"US stock market October market performance : US stock market ends the October on a strong note How did the S & P 500 , Nasdaq and Dow perform ? Here the top gainers and losers on Wall Street",https://economictimes.indiatimes.com/news/international/us/us-stock-market-ends-the-october-on-a-strong-note-how-did-the-sp-500-nasdaq-and-dow-perform-heres-the-top-gainers-and-losers-on-wall-street/articleshow/125008358.cms,economictimes.indiatimes.com,English,0.0,gdelt_gkg
TSLA,2025-11-01,"France - Les immatriculations de voitures neuves en hausse de 2 , 94 % en octobre - PFA - 01 / 11 / 2025 à 02 : 02",https://www.boursorama.com/bourse/actualites/france-les-immatriculations-de-voitures-neuves-en-hausse-de-2-94-en-octobre-pfa-1d8ea89b42d0cc8425dffd98ac990b2e,boursorama.com,French,0.0,gdelt_gkg
TSLA,2025-11-01,"Automakers take a hit from tariffs , but some still see strong earnings",https://www.ijpr.org/npr-news/2025-10-31/automakers-take-a-hit-from-tariffs-but-some-still-see-strong-earnings,ijpr.org,English,0.0,gdelt_gkg
TSLA,2025-11-01,"Trailing behind China in EV race , how Japan carmakers are planning a reboot | Explained News",https://indianexpress.com/article/explained/explained-economics/trailing-behind-china-in-ev-race-how-japans-carmakers-are-planning-a-reboot-10338862/,indianexpress.com,English,0.0,gdelt_gkg
TSLA,2025-11-01,"Jensen Huang Says Nvidia Has Visibility Into  Half A Trillion Dollar In Revenue As It Surpasses Apple , Microsoft To Hit $5 Trillion Valuation",https://finance.yahoo.com/news/jensen-huang-says-nvidia-visibility-213130540.html,finance.yahoo.com,English,0.0,gdelt_gkg
TSLA,2025-11-01,Passing Driver Causes Head - On Crash on Highway 154,https://www.independent.com/2025/10/31/passing-driver-causes-head-on-crash-on-highway-154/,independent.com,English,0.0,gdelt_gkg
TSLA,2025-11-01,谁是AI之王 ？ 聊聊备受争议的AI评测与崛起的LMArena,https://www.163.com/dy/article/KD984BHD05566OCK.html,163.com,Chinese,0.0,gdelt_gkg
TSLA,2025-11-01,Les Mercedes - Benz ont maintenant accès au réseau de bornes Tesla au Canada,https://www.fm1047.ca/nouvelles/734433/les-mercedes-benz-ont-maintenant-acces-au-reseau-de-bornes-tesla-au-canada,fm1047.ca,French,0.0,gdelt_gkg
TSLA,2025-11-01,Strange Items & Other Evidence Found Inside D4vd Former Rental Home,https://kiisfm.iheart.com/content/2025-10-31-strange-items-other-evidence-found-inside-d4vds-former-rental-home/,kiisfm.iheart.com,English,0.0,gdelt_gkg
TSLA,2025-11-01,L2奶爸车用VLA变Robotaxi ！ 深圳物理AI独角兽 ， 率先无锡换道超车 _ 创事记 _ 新浪科技 _ 新浪网,https://finance.sina.com.cn/tech/csj/2025-11-01/doc-infvwfmt7912778.shtml,finance.sina.com.cn,Chinese,0.0,gdelt_gkg
TSLA,2025-11-01, 《 大賣空 》 本尊貝瑞回來了 ！ 示警AI狂潮泡沫 「 唯一贏法 」 ,https://ec.ltn.com.tw/article/breakingnews/5230754,ec.ltn.com.tw,Chinese,0.0,gdelt_gkg
TSLA,2025-11-01,蘋果 、 亞馬遜救火 美股回神收紅 ！ 台積電ADR逆勢下殺 - 財經,https://www.chinatimes.com/realtimenews/20251101001034-260410,chinatimes.com,Chinese,0.0,gdelt_gkg
TSLA,2025-11-01,全球最封闭的汽车市场 ， 被撕开了一道裂缝,https://www.163.com/dy/article/KD9AD9J20519DDQ2.html,163.com,Chinese,0.0,gdelt_gkg
TSLA,2025-11-01,奥尔特曼因七年等待终结退订特斯拉Roadster,https://ai.zol.com.cn/1072/10728293.html,ai.zol.com.cn,Chinese,0.0,gdelt_gkg
TSLA,2025-11-01,Meta股价暴跌 ， 扎克伯格一天损失290亿美元,https://tech.ifeng.com/c/8nv309TQk06,tech.ifeng.com,Chinese,0.0,gdelt_gkg
TSLA,2025-11-01,特斯拉自撞1死2傷 ！ 運安會曝 「 時速破200 」 狂燒4hrs畫面曝光 | ETtoday社會新聞,https://www.ettoday.net/news/20251101/3060048.htm,ettoday.net,Chinese,0.0,gdelt_gkg
TSLA,2025-11-01,"Militia attack on hospital in Darfur came in waves , WHO says",https://www.9news.com.au/world/militia-attack-on-hospital-in-darfur-came-in-waves-who-says/f3a03c9f-3484-45a9-8fd2-d0034020d251,9news.com.au,English,0.0,gdelt_gkg
TSLA,2025-11-01,Canada case for dropping Chinese EV tariffs grows stronger,https://www.durhamregion.com/news/canada-chinese-ev-tariffs-update/article_9b364243-75b1-54d3-923e-612875bfe0d1.html,durhamregion.com,English,0.0,gdelt_gkg
TSLA,2025-11-01,全球最封闭的汽车市场 ， 被撕开了一道裂缝,https://www.yicai.com/news/102891021.html,yicai.com,Chinese,0.0,gdelt_gkg
TSLA,2025-11-01,Les Mercedes - Benz ont maintenant accès au réseau de bornes Tesla au Canada,https://www.985fm.ca/nouvelles/734433/les-mercedes-benz-ont-maintenant-acces-au-reseau-de-bornes-tesla-au-canada,985fm.ca,French,0.0,gdelt_gkg
TSLA,2025-11-01,"亚马逊业绩提振科技股 , 美国股指收高 , 加密货币反弹",https://www.6park.com/view/news/753602.html,6park.com,Chinese,0.0,gdelt_gkg
TSLA,2025-11-01,特朗普呼吁动用  核选项 ， 遭共和党高层立即抵制 ！ 美国政府  停摆  满月 ， 美股集体上涨 ， 多位美联储高官表态 ： 反对继续降息,https://www.nbd.com.cn/articles/2025-11-01/4126334.html,nbd.com.cn,Chinese,0.0,gdelt_gkg
TSLA,2025-11-01,黄仁勋 、 马斯克背书 世界模型何以成为通往物理AI的钥匙 ？ _ 东方财富网,https://finance.eastmoney.com/a/202511013552456822.html,finance.eastmoney.com,Chinese,0.0,gdelt_gkg
TSLA,2025-11-01,全球最封闭的汽车市场 ， 被撕开了一道裂缝 _ 东方财富网,https://finance.eastmoney.com/a/202511013552464455.html,finance.eastmoney.com,Chinese,0.0,gdelt_gkg
TSLA,2025-11-01,黄仁勋 、 马斯克背书 世界模型何以成为通往物理AI的钥匙 ？ ,https://www.163.com/dy/article/KD942UJ005198CJN.html,163.com,Chinese,0.0,gdelt_gkg
TSLA,2025-11-01,Elon Musk Warns Social Security Could Run Out By 2032 :  Were Going Bankrupt ... - Tesla ( NASDAQ : TSLA ) ,https://www.benzinga.com/markets/tech/25/10/48577467/elon-musk-warns-social-security-could-run-out-by-2032-were-going-bankrupt,benzinga.com,English,0.0,gdelt_gkg
TSLA,2025-11-01,"기아 , 37 . 4 % 로 국내 친환경차 시장 점유율 1위",http://www.newstomato.com/ReadNews.aspx?no=1280028,newstomato.com,Korean,0.0,gdelt_gkg
TSLA,2025-11-01,誰是AI之王 ？ 聊聊備受爭議的AI評測與崛起的LMArena,https://portal.sina.com.hk/technology/sina/2025/11/01/1364058/%E8%AA%B0%E6%98%AFai%E4%B9%8B%E7%8E%8B%EF%BC%9F%E8%81%8A%E8%81%8A%E5%82%99%E5%8F%97%E7%88%AD%E8%AD%B0%E7%9A%84ai%E8%A9%95%E6%B8%AC%E8%88%87%E5%B4%9B%E8%B5%B7%E7%9A%84lmarena/,portal.sina.com.hk,Chinese,0.0,gdelt_gkg
TSLA,2025-11-01,HALLOWEEN 2025 : What The SPOOKIEST Car Journey Or Encounter YOUVE Ever Experienced ? ,https://www.autospies.com/news/index.aspx?submissionid=127363,autospies.com,English,0.0,gdelt_gkg
TSLA,2025-11-01,Les Mercedes - Benz ont maintenant accès au réseau de bornes Tesla au Canada,https://www.lechodemaskinonge.com/actualites-automobile/les-mercedes-benz-ont-maintenant-acces-au-reseau-de-bornes-tesla-au-canada/,lechodemaskinonge.com,French,0.0,gdelt_gkg
TSLA,2025-11-01,"BlackRock hit by  breathtaking  $500 million scam , Indian - origin CEO Brahmbhatt vanishes – Firstpost",https://www.firstpost.com/world/blackrock-hit-by-breathtaking-500-million-scam-indian-origin-ceo-brahmbhatt-vanishes-13946888.html,firstpost.com,English,0.0,gdelt_gkg
TSLA,2025-11-01,"France - Les immatriculations de voitures neuves en hausse de 2 , 94 % en octobre - PFA",https://www.challenges.fr/economie/france-les-immatriculations-de-voitures-neuves-en-hausse-de-294-en-octobre-pfa_629317,challenges.fr,French,0.0,gdelt_gkg
TSLA,2025-11-01,马斯克的命运之战 ， 还有5天揭晓答案,https://www.163.com/dy/article/KD9DPUGU0550ANUU.html,163.com,Chinese,0.0,gdelt_gkg
TSLA,2025-11-01,"Jaký byl listopad 1985 : Praha rozšířila metro , v Kolumbii zabíjela sopka",https://www.denik.cz/historie/jaky-byl-listopad-1985-praha-rozsirila-metro-v-kolumbii-zabijela-sopka.html,denik.cz,Czech,0.0,gdelt_gkg
TSLA,2025-11-01,Elon Musk Warns Social Security Could Run Out By 2032 :  Were Going Bankrupt ... ,https://biztoc.com/x/c7e7fa3ed2123620,biztoc.com,English,0.0,gdelt_gkg
TSLA,2025-11-01,Who is Bankim Brahmbhatt ? Indian - origin man accused of  breathtaking  $500mn Blackrock loan fraud,https://www.hindustantimes.com/india-news/who-is-bankim-brahmbhatt-indian-origin-man-accused-of-breathtaking-500-million-blackrock-linked-fraud-101761959165664.html,hindustantimes.com,English,0.0,gdelt_gkg
TSLA,2025-11-01,The $500 Million Question : How a missing Indian - origin CEO fooled BlackRock for four years,https://economictimes.indiatimes.com/nri/latest-updates/the-500-million-question-how-a-missing-indian-origin-ceo-fooled-blackrock-for-four-years/articleshow/125009210.cms,economictimes.indiatimes.com,English,0.0,gdelt_gkg
TSLA,2025-11-01,"Uber , NVIDIA , & Stellantis Team Up On Robotaxis & AI",https://cleantechnica.com/2025/10/31/uber-nvidia-stellantis-team-up-on-robotaxis-ai/,cleantechnica.com,English,0.0,gdelt_gkg
TSLA,2025-11-01,Les Mercedes - Benz ont maintenant accès au réseau de bornes Tesla au Canada,https://www.journalleguide.com/actualites-automobile/les-mercedes-benz-ont-maintenant-acces-au-reseau-de-bornes-tesla-au-canada/,journalleguide.com,French,0.0,gdelt_gkg
TSLA,2025-11-01,Entre los riesgos y el miedo a perderse las subidas : el difícil equilibrio de una Bolsa en máximos,https://cincodias.elpais.com/mercados-financieros/2025-11-01/entre-los-riesgos-y-el-miedo-a-perderse-las-subidas-el-dificil-equilibrio-de-una-bolsa-en-maximos.html,cincodias.elpais.com,Spanish,0.0,gdelt_gkg
TSLA,2025-11-01,谷歌前CEO栽了 ！ 花1亿养情人 ， 逼婚被拒撕破脸,https://www.163.com/dy/article/KD9FA9MT051100B9.html,163.com,Chinese,0.0,gdelt_gkg
TSLA,2025-11-01,特斯拉國道墜橋斷成2截起火 運安會調查 ： 時速逾200 | 生活,https://www.cna.com.tw:443/news/ahel/202511010075.aspx,cna.com.tw,Chinese,0.0,gdelt_gkg
TSLA,2025-11-01,Ai+应用 ， 重点七大核心领域 _ 中金在线财经号,http://mp.cnfol.com/8601/article/1761963819-142094475.html,mp.cnfol.com,Chinese,0.0,gdelt_gkg
TSLA,2025-11-01,Waymo confirms its robotaxi killed beloved bodega cat  KitKat  in SF :  It darted under our vehicle  ,https://www.hindustantimes.com/world-news/us-news/waymo-confirms-its-robotaxi-killed-beloved-bodega-cat-kitkat-in-sf-it-darted-under-our-vehicle-101761957159988.html,hindustantimes.com,English,0.0,gdelt_gkg
TSLA,2025-11-01,Les Mercedes - Benz ont maintenant accès au réseau de bornes Tesla au Canada,https://www.fm1077.ca/nouvelles/734433/les-mercedes-benz-ont-maintenant-acces-au-reseau-de-bornes-tesla-au-canada,fm1077.ca,French,0.0,gdelt_gkg
TSLA,2025-11-01,Amazon shares soar as AI boom fuels stellar growth in AWS cloud unit,https://indianexpress.com/article/technology/tech-news-technology/amazon-shares-soar-as-ai-boom-fuels-stellar-growth-in-aws-cloud-unit-10339498/,indianexpress.com,English,0.0,gdelt_gkg
TSLA,2025-11-01,特斯拉國道墜橋 「 斷兩截燒成火球 」！ 運安會曝原因 ： 時速飆破200 | 生活 | 三立新聞網 SETN . COM,https://www.setn.com/News.aspx?NewsID=1745064,setn.com,Chinese,0.0,gdelt_gkg
TSLA,2025-11-01,人形机器人进厂  打螺丝 ， 灵巧手寿命和成本仍是待突破瓶颈|电机,https://www.163.com/dy/article/KD9HIH7H0514R9P4.html,163.com,Chinese,0.0,gdelt_gkg
TSLA,2025-11-01,Les Mercedes - Benz ont maintenant accès au réseau de bornes Tesla au Canada,https://www.lhebdojournal.com/actualites-automobile/les-mercedes-benz-ont-maintenant-acces-au-reseau-de-bornes-tesla-au-canada/,lhebdojournal.com,French,0.0,gdelt_gkg
TSLA,2025-11-01,"Nvidia CEO , Jen - Hsun Huang , Receives a Brand New Tesla Model X P90D - Congratulates Elon Musk and Nvidia Team",https://wccftech.com/nvidia-ceo-jen-hsun-huang-tesla-model-x/,wccftech.com,English,0.0,gdelt_gkg
TSLA,2025-11-01,"Another Chinese SUV Coming To Australia , This Time From Hyundai",https://www.carscoops.com/2025/10/hyundais-new-aussie-bound-ev-actually-comes-from-china/,carscoops.com,English,0.0,gdelt_gkg
TSLA,2025-11-01,Elon Musk se escarnio de un coche volátil que puede ser el  producto más célebre de todos los tiempos  durante el hostigación mediático,https://bitacora.com.uy/elon-musk-se-escarnio-de-un-coche-volatil-que-puede-ser-el-producto-mas-celebre-de-todos-los-tiempos-durante-el-hostigacion-mediatico/,bitacora.com.uy,Spanish,0.0,gdelt_gkg
TSLA,2025-11-01,2025年中央空调品牌一线 ， 家用中央空调生产厂哪家技术强 _ 中华网,https://m.tech.china.com/redian/2025/1101/112025_1757650.html,m.tech.china.com,Chinese,0.0,gdelt_gkg
TSLA,2025-11-01,Tesla CEO Elon Musk says  Civil war in Britain is inevitable . Just a question of … ,https://timesofindia.indiatimes.com/technology/social/tesla-ceo-elon-musk-says-civil-war-in-britain-is-inevitable-just-a-question-of/articleshow/125010549.cms,timesofindia.indiatimes.com,English,0.0,gdelt_gkg
TSLA,2025-11-01,特斯拉或年內發佈飛行汽車原型,https://portal.sina.com.hk/news-china/sina/2025/11/01/1363947/%E7%89%B9%E6%96%AF%E6%8B%89%E6%88%96%E5%B9%B4%E5%85%A7%E7%99%BC%E4%BD%88%E9%A3%9B%E8%A1%8C%E6%B1%BD%E8%BB%8A%E5%8E%9F%E5%9E%8B/,portal.sina.com.hk,Chinese,0.0,gdelt_gkg
TSLA,2025-11-01,蔚来交付第10000辆全新ES8 ， 欧摩威与华为引望达成合作|一周车闻,https://www.163.com/dy/article/KD9JCH1O0519DDQ2.html,163.com,Chinese,0.0,gdelt_gkg
TSLA,2025-11-01,"BYD , the Chinese car manufacturer that Musk mocked ( and now fears ) ",https://english.elpais.com/economy-and-business/2025-11-01/byd-the-chinese-car-manufacturer-that-musk-mocked-and-now-fears.html,english.elpais.com,English,0.0,gdelt_gkg
TSLA,2025-11-01,人形机器人进厂  打螺丝  灵巧手寿命和成本仍是待突破瓶颈 _ 东方财富网,https://finance.eastmoney.com/a/202511013552510147.html,finance.eastmoney.com,Chinese,0.0,gdelt_gkg
TSLA,2025-11-01,Desde que descubrí las rutinas de Android Auto viajar en coche es otro mundo :  Parece que he cambiado mi viejo coche por un Tesla  ,https://computerhoy.20minutos.es/movilidad/desde-que-descubri-las-rutinas-android-auto-viajar-coche-es-otro-mundo-parece-que-he-cambiado-mi-viejo-coche-por-un-tesla_6661617_0.html,computerhoy.20minutos.es,Spanish,0.0,gdelt_gkg
TSLA,2025-11-01,Ripple - Backed Evernorth Eyes $1B IPO To Become World Largest XRP Treasury Company,https://finance.yahoo.com/news/ripple-backed-evernorth-eyes-1b-230136963.html,finance.yahoo.com,English,0.0,gdelt_gkg
TSLA,2025-11-01,Why Teslas are the  modern - day ghost hunter  this Halloween,https://www.azfamily.com/2025/11/01/why-teslas-are-modern-day-ghost-hunter-this-halloween/,azfamily.com,English,0.0,gdelt_gkg
TSLA,2025-11-01,"  달리면서 자동차 충전 현실화 … 佛 , 세계 최초 무선 충전 고속도로 가동",https://zdnet.co.kr/view/?no=20251101074005,zdnet.co.kr,Korean,0.0,gdelt_gkg
TSLA,2025-11-01,La historia desconocida del piloto argentino que lidera la estrategia mundial de Ford,https://www.lanacion.com.ar/economia/la-historia-desconocida-del-piloto-argentino-que-lidera-la-estrategia-mundial-de-ford-nid01112025/,lanacion.com.ar,Spanish,0.0,gdelt_gkg
TSLA,2025-11-01,第四届粤港澳大湾区服务贸易大会开幕 ！ 签约总额突破11亿元,https://m.mp.oeeee.com/a/BAAFRD0000202511011241831.html,m.mp.oeeee.com,Chinese,0.0,gdelt_gkg
TSLA,2025-11-01,蔚来交付第10000辆全新ES8 ， 欧摩威与华为引望达成合作,https://www.yicai.com/news/102891142.html,yicai.com,Chinese,0.0,gdelt_gkg
TSLA,2025-11-01,Amazon shares soar as AI boom fuels stellar growth in AWS cloud unit,https://www.thehindu.com/sci-tech/technology/amazon-shares-soar-as-ai-boom-fuels-stellar-growth-in-aws-cloud-unit/article70228433.ece,thehindu.com,English,0.0,gdelt_gkg
TSLA,2025-11-01,Stock Market Week Ahead : October Marks Nasdaq 7 - Year Best | Investor Business Daily,https://www.investors.com:443/research/investing-action-plan/stock-market-week-ahead-october-marks-a-7-year-best-for-the-nasdaq/,investors.com,English,0.0,gdelt_gkg
TSLA,2025-11-01,  This is the future !: inside the next generation of electric cars that fly and drive themselves ( but the doors are a bit tricky ) ,https://www.enviweb.cz/rss/387616,enviweb.cz,English,0.0,gdelt_gkg
TSLA,2025-11-01,Tesla : Hoffnungsträger Cybertruck – Drama ohne Ende,https://www.deraktionaer.de/artikel/aktien/tesla-hoffnungstraeger-cybertruck-drama-ohne-ende-20389557.html,deraktionaer.de,German,0.0,gdelt_gkg
TSLA,2025-11-01,La euforia del  cloud  y la IA generaliza las ventas récords en las grandes tecnológicas,https://www.eleconomista.es/tecnologia/noticias/13622324/10/25/la-euforia-del-cloud-y-la-ia-generaliza-las-ventas-records-en-las-grandes-tecnologicas.html,eleconomista.es,Spanish,0.0,gdelt_gkg
TSLA,2025-11-01,"Michael Dell Joins Cathie Wood , Jim Cramer To Defend Elon Musk $1 Trillion Tesla Pay : ... Shareholders Will Win Big Through  ",https://biztoc.com/x/2893968a4c60fe6f,biztoc.com,English,0.0,gdelt_gkg
TSLA,2025-11-01,"Špiónky v lodičkách . Ženy z Ruska a Číny lovia technologické tajomstvá cez lásku , sobáš aj deti",https://www.ta3.com/clanok/1018209/spionky-v-lodickach-zeny-z-ruska-a-ciny-lovia-technologicke-tajomstva-cez-lasku-sobas-aj-deti,ta3.com,Slovak,0.0,gdelt_gkg
TSLA,2025-11-01,"Who is Bankim Brahmbhatt , Indian - origin CEO of telecom company accused of duping BlackRock of millions of dollars",https://timesofindia.indiatimes.com/technology/tech-news/who-is-bankim-brahmbhatt-indian-origin-ceo-of-telecom-company-accused-of-duping-blackrock-of-millions-of-dollars/articleshow/125011519.cms,timesofindia.indiatimes.com,English,0.0,gdelt_gkg
TSLA,2025-11-01,马斯克最新承诺 ： 2025 年底演示会  飞  的特斯拉 Roadster|跑车|埃隆 _ 马斯克|spacex,https://www.163.com/dy/article/KD9ODRSG0511B8LM.html,163.com,Chinese,0.0,gdelt_gkg
TSLA,2025-11-01,How did Indian - origin Bankim Brahmbhatt allegedly defraud BlackRock of $500 million ? ,https://www.theweek.in/news/biz-tech/2025/11/01/how-did-indian-origin-telecom-exec-defraud-black-rock-500-million-dollars-wsj.html,theweek.in,English,0.0,gdelt_gkg
TSLA,2025-11-01,"Sam Altman Says He Still Waiting For His Tesla After 7 . 5 Years , Seeks Refund",https://www.freepressjournal.in/tech/sam-altman-says-hes-still-waiting-for-his-tesla-after-75-years-seeks-refund,freepressjournal.in,English,0.0,gdelt_gkg
TSLA,2025-11-01,A $20K Humanoid Robot to Help Around the House ? The Price Isnt the Only Caveat,https://www.cnet.com/tech/a-20k-humanoid-robot-to-help-around-the-house-the-price-isnt-the-only-caveat/,cnet.com,English,0.0,gdelt_gkg
TSLA,2025-11-01,Les Mercedes - Benz ont maintenant accès au réseau de bornes Tesla au Canada,https://www.lavoixdusud.com/actualites-automobile/les-mercedes-benz-ont-maintenant-acces-au-reseau-de-bornes-tesla-au-canada/,lavoixdusud.com,French,0.0,gdelt_gkg
TSLA,2025-11-01,Steve Jobs Once Stressed The Importance Of  Spontaneous Meeting Now Jamie Dimon Warns  Young People Are Being Left Behind  For The Same Reason,https://finance.yahoo.com/news/steve-jobs-once-stressed-importance-033131021.html,finance.yahoo.com,English,0.0,gdelt_gkg
TSLA,2025-11-01,Les Mercedes - Benz ont maintenant accès au réseau de bornes Tesla au Canada,https://www.lerefletdulac.com/actualites-automobile/les-mercedes-benz-ont-maintenant-acces-au-reseau-de-bornes-tesla-au-canada/,lerefletdulac.com,French,0.0,gdelt_gkg
TSLA,2025-11-01,Tesla : Hoffnungsträger Cybertruck – Drama ohne Ende () ,https://www.aktiencheck.de/exklusiv/Artikel-Tesla_Hoffnungstraeger_Cybertruck_Drama_ohne_Ende-19167029,aktiencheck.de,German,0.0,gdelt_gkg
TSLA,2025-11-01,"Elon Musk thinks Bill Gates is not strong in sciences ; says : In my direct conversations with him , he is ... ",https://timesofindia.indiatimes.com/technology/tech-news/elon-musk-thinks-bill-gates-is-not-strong-in-sciences-says-in-my-direct-conversations-with-him-he-is-/articleshow/125012423.cms,timesofindia.indiatimes.com,English,0.0,gdelt_gkg
TSLA,2025-11-01,Les Mercedes - Benz ont maintenant accès au réseau de bornes Tesla au Canada,https://www.lhebdodustmaurice.com/actualites-automobile/les-mercedes-benz-ont-maintenant-acces-au-reseau-de-bornes-tesla-au-canada/,lhebdodustmaurice.com,French,0.0,gdelt_gkg
TSLA,2025-11-01,Tesla - Aktie : Tesla nimmt Entwicklung günstiger E - Autos wieder auf,https://www.finanzen.ch/nachrichten/aktien/tesla-aktie-tesla-nimmt-entwicklung-guenstiger-e-autos-wieder-auf-1035455140,finanzen.ch,German,0.0,gdelt_gkg
TSLA,2025-11-01,Here why the P / E ratio of Tesla stock looks ridiculous,https://www.fool.co.uk/2025/11/01/heres-why-the-p-e-ratio-of-tesla-stock-looks-ridiculous/,fool.co.uk,English,0.0,gdelt_gkg
TSLA,2025-11-01,  飛行特斯拉  要來了 ? 馬斯克掛保證 ： 絕對難忘 | 國際,https://news.ustv.com.tw/newsdetail/20251101A007?newsall=true&type=104,news.ustv.com.tw,Chinese,0.0,gdelt_gkg
TSLA,2025-11-01,Climate Gates : Maybe we dont need billionaire opinions on everything,https://countercurrents.org/2025/11/climate-gates-maybe-we-dont-need-billionaire-opinions-on-everything/,countercurrents.org,English,0.0,gdelt_gkg
TSLA,2025-11-01,  飛行特斯拉  要來了 ? 馬斯克掛保證 ： 絕對難忘 | 國際,https://news.ustv.com.tw/newsdetail/20251101A007,news.ustv.com.tw,Chinese,0.0,gdelt_gkg
TSLA,2025-11-01,47公司获得推荐评级 - 更新中 - CFi . CN 中财网,http://www.cfi.net.cn/p20251101000097.html,cfi.net.cn,Chinese,0.0,gdelt_gkg
TSLA,2025-11-01,Les Mercedes - Benz ont maintenant accès au réseau de bornes Tesla au Canada,https://www.courrierfrontenac.qc.ca/automobile/les-mercedes-benz-ont-maintenant-acces-au-reseau-de-bornes-tesla-au-canada/,courrierfrontenac.qc.ca,French,0.0,gdelt_gkg
TSLA,2025-11-01,Renault sera - t - il le grand gagnant du leasing social 2025  ? ,https://www.caradisiac.com/renault-sera-t-il-le-grand-gagnant-du-leasing-social-2025-218672.htm,caradisiac.com,French,0.0,gdelt_gkg
TSLA,2025-11-01,5 Things Investors Need to Know After Tesla Earnings Report,https://www.fool.com/investing/2025/11/01/5-things-investors-need-to-know-after-teslas-earni/?source=iedfolrf0000001,fool.com,English,0.0,gdelt_gkg
TSLA,2025-11-01,Tesla shifts gears in China with robotaxi debut at Shanghai import expo,https://finance.yahoo.com/news/tesla-shifts-gears-china-robotaxi-093000827.html,finance.yahoo.com,English,0.0,gdelt_gkg
TSLA,2025-11-01,Tesla trillion - dollar plea : Wont somebody think of Elon Musk ? – The Irish Times,https://www.irishtimes.com/your-money/2025/11/01/teslas-trillion-dollar-plea-wont-somebody-think-of-elon-musk/,irishtimes.com,English,0.0,gdelt_gkg
TSLA,2025-11-01,拆完東廂再改造白宮 川普公布林肯浴室奢華裝潢 | 國際,https://www.cna.com.tw/news/aopl/202511010120.aspx,cna.com.tw,Chinese,0.0,gdelt_gkg
TSLA,2025-11-01,Dell CEO sends  Vote For  message to Tesla shareholders ; Elon Musk replies,https://timesofindia.indiatimes.com/technology/tech-news/dell-ceo-sends-vote-for-message-to-tesla-shareholders-elon-musk-replies/articleshow/125013272.cms,timesofindia.indiatimes.com,English,0.0,gdelt_gkg
TSLA,2025-11-01,"Украинские дроны  погасили  Подмосковье , Трамп хочет воевать с Венесуэлой",https://gazeta.ua/ru/articles/poglyad/_ukrainskie-drony-pogasili-podmoskove-tramp-hochet-voevat-s-venesueloj/1234539,gazeta.ua,Russian,0.0,gdelt_gkg
TSLA,2025-11-01,Amazon shares soar as AI boom fuels stellar growth in AWS cloud unit,https://finance.yahoo.com/news/amazon-shares-soar-ai-boom-093023700.html,finance.yahoo.com,English,0.0,gdelt_gkg
TSLA,2025-11-01,Измене у јавном превозу на Новом Београду до 3 . новембра због радова,https://www.politika.rs/scc/clanak/707529/izmene-u-javnom-prevozu-na-novom-beogradu-do-3-novembra-zbog-radova,politika.rs,Serbian,0.0,gdelt_gkg
TSLA,2025-11-01,BYD : la croissance folle du concurrent chinois de Tesla ralentit ( et inquiète ) ,https://www.clubic.com/actualite-585424-byd-la-croissance-folle-du-concurrent-chinois-de-tesla-ralentit-et-inquiete.html,clubic.com,French,0.0,gdelt_gkg
TSLA,2025-11-01,Michael Burry reaparece tras 2 años y lanza una inquietante advertencia sobre otra burbuja,https://www.euribor.com.es/2025/11/01/michael-burry-reaparece-tras-2-anos-y-lanza-una-inquietante-advertencia-sobre-otra-burbuja/,euribor.com.es,Spanish,0.0,gdelt_gkg
TSLA,2025-11-01,"Conjuntos residenciales y carros eléctricos , ¿ se deben instalar estaciones de carga , comprar seguros y adaptar las zonas comunes ? ",https://www.eltiempo.com/economia/finanzas-personales/conjuntos-residenciales-y-carros-electricos-se-deben-instalar-estaciones-de-carga-comprar-seguros-y-adaptar-las-zonas-comunes-3505013,eltiempo.com,Spanish,0.0,gdelt_gkg
TSLA,2025-11-01,Elon Musk says Tesla long - delayed Roadster could  fly  by end of year – Firstpost,https://www.firstpost.com/tech/elon-musk-says-teslas-long-delayed-roadster-could-fly-by-end-of-year-ws-e-13946966.html,firstpost.com,English,0.0,gdelt_gkg
TSLA,2025-11-01,Tesla Owners Are Losing More Range Than Expected – Here What They Say,https://www.slashgear.com/2008627/tesla-owners-reported-battery-range-loss/,slashgear.com,English,0.0,gdelt_gkg
TSLA,2025-11-01,财经晚报AI速递 ： 今日财经热点一览 丨2025年11月1日,https://news.sina.com.cn/zx/ds/2025-11-01/doc-infvwwim7625477.shtml,news.sina.com.cn,Chinese,0.0,gdelt_gkg
TSLA,2025-11-01,How likely is your car to get stolen ? Search your model to find out how likely it is to be targeted by thieves - and see if it on the list of Britain most commonly nicked motors,https://www.dailymail.co.uk/news/article-15219595/likely-car-stolen-search-model-thieves-britain-motors.html,dailymail.co.uk,English,0.0,gdelt_gkg
TSLA,2025-11-01,美政府  停摆  满月 ， 4200万人或挨饿 ； 吃炸鸡 、 喝啤酒 ， 黄仁勋在韩国拿下100亿美元大单 ； 史上最大IPO要来了 | 一周国际财经,https://www.nbd.com.cn/articles/2025-11-01/4126545.html,nbd.com.cn,Chinese,0.0,gdelt_gkg
TSLA,2025-11-01,El plan de China para el 2040 asusta : Cambiará a todo el planeta y para siempre,https://www.ecoticias.com/movilidad-electrica/plan-china-electromovilidad,ecoticias.com,Spanish,0.0,gdelt_gkg
TSLA,2025-11-01,"Hiltzik : Meme stocks are still with us , offering dangerous temptations for unwary and novice investors",https://finance.yahoo.com/news/hiltzik-meme-stocks-still-us-100000306.html,finance.yahoo.com,English,0.0,gdelt_gkg
TSLA,2025-11-01,Elon Musk asegura que desde que él compró Twitter hay menos niños que se autocalifican como trans,https://www.20minutos.es/internacional/elon-musk-asegura-desde-compro-twitter-menos-ninos-autocalifican-como-trans_6663618_0.html,20minutos.es,Spanish,0.0,gdelt_gkg
TSLA,2025-11-01,Всемирный день мужчин 2025 : Как изменились мечты и желания парней за последние 20 лет,https://life.ru/p/1805501,life.ru,Russian,0.0,gdelt_gkg
TSLA,2025-11-01,JHX INVESTOR REMINDER : James Hardie Industries plc,https://www.globenewswire.com/news-release/2025/11/01/3178715/0/en/JHX-INVESTOR-REMINDER-James-Hardie-Industries-plc-Investors-may-have-been-Affected-by-Fraud-Contact-BFA-Law-if-You-Suffered-Losses.html,globenewswire.com,English,0.0,gdelt_gkg
TSLA,2025-11-01,JAMF INVESTOR NOTICE : Jamf Holding Corp . Shareholders May,https://www.globenewswire.com/news-release/2025/11/01/3178717/0/en/JAMF-INVESTOR-NOTICE-Jamf-Holding-Corp-Shareholders-May-have-Rights-in-the-Upcoming-Take-Private-Deal-Contact-BFA-Law.html,globenewswire.com,English,0.0,gdelt_gkg
TSLA,2025-11-01,Robots from the likes of Tesla could be the next frontier in the AI revolution : Should you invest ? ,https://www.thisismoney.co.uk/money/investing/article-15199305/Robots-likes-Tesla-frontier-AI-revolution-you-invest.html,thisismoney.co.uk,English,0.0,gdelt_gkg
TSLA,2025-11-01,"LRN INVESTOR NOTICE : Stride , Inc . Investors may have been",https://www.globenewswire.com/news-release/2025/11/01/3178718/0/en/LRN-INVESTOR-NOTICE-Stride-Inc-Investors-may-have-been-Affected-by-Fraud-Contact-BFA-Law-if-You-Suffered-Losses.html,globenewswire.com,English,0.0,gdelt_gkg
TSLA,2025-11-01,الذكاء النفسي طريقك إلى الثراء .. دروس مِنْ فكَّرْ لتصبح غنياً,https://www.argaam.com/ar/article/articledetail/id/1853314,argaam.com,Arabic,0.0,gdelt_gkg
TSLA,2025-11-01,全球市场 ： 美股三大指数收涨 纳指月线7连涨 亚马逊涨超9 % 创新高 _ 证券要闻 _ 财经 _ 中金在线,http://news.cnfol.com/zhengquanyaowen/20251101/31758330.shtml,news.cnfol.com,Chinese,0.0,gdelt_gkg
TSLA,2025-11-01,Сонячним панелям знайшли заміну в Японії : нове джерело забезпечить « нескінченною » енергією,https://focus.ua/uk/digital/730367-sonyachnim-panelyam-znayshli-zaminu-v-yaponiji-nove-dzherelo-zabezpechit-neskinchennoyu-energiyeyu,focus.ua,Ukrainian,0.0,gdelt_gkg
TSLA,2025-11-01,Seeon - Seebruck :  Zwei Verletzte bei zwei Unfällen,"https://www.traunsteiner-tagblatt.de/region/landkreis-traunstein/seeon-seebruck_artikel,-zwei-verletzte-bei-zwei-unfaellen-_arid,964560.html",traunsteiner-tagblatt.de,German,0.0,gdelt_gkg
TSLA,2025-11-01,Bill Gates : Elon Musk estime quil « nest pas fort en sciences » – La Nouvelle Tribune,https://lanouvelletribune.info/2025/11/bill-gates-elon-musk-estime-quil-nest-pas-fort-en-sciences/,lanouvelletribune.info,French,0.0,gdelt_gkg
TSLA,2025-11-01,I tried a Tesla FSD dupe . It challenging how I think about the technology,https://biztoc.com/x/fcf7cb351eef3fc4,biztoc.com,English,0.0,gdelt_gkg
TSLA,2025-11-01,"Mumbai News : Despite Multiple Extensions , BMC  Civic Health Collaboration Model  For CT / MRI Services Struggles To Attract Contractors",https://www.freepressjournal.in/mumbai/mumbai-news-despite-multiple-extensions-bmcs-civic-health-collaboration-model-for-ctmri-services-struggles-to-attract-contractors,freepressjournal.in,English,0.0,gdelt_gkg
TSLA,2025-11-01,固态电池2027量产在即 ： 工艺设备革新破局 ， 新能源汽车续航安全迎质变契机 - 业界动态 - ITBear科技资讯,https://www.itbear.com.cn/html/2025-11/1006219.html,itbear.com.cn,Chinese,0.0,gdelt_gkg
TSLA,2025-11-01,Así terminará la humanidad : los científicos revelaron qué nos llevará a la destrucción,https://www.lanacion.com.ar/lifestyle/en-las-redes/asi-terminara-la-humanidad-los-cientificos-revelaron-que-nos-llevara-a-la-destruccion-nid01112025/,lanacion.com.ar,Spanish,0.0,gdelt_gkg
TSLA,2025-11-01,I Tried Wayve  Tesla FSD . It Raises Questions About Tesla Tech . ,https://www.businessinsider.com/wayve-tesla-full-self-driving-comparison-adas-2025-10,businessinsider.com,English,0.0,gdelt_gkg
TSLA,2025-11-01,El último capricho de Shaquille ONeal era un Range Rover de 180 . 000 dólares hecho a su medida . Puede que nunca llegue a conducirlo porque se lo han robado,https://www.motorpasion.com/cine-tv-juegos/ultimo-capricho-shaquille-neal-era-range-rover-180-000-dolares-hecho-a-su-medida-puede-que-nunca-llegue-a-conducirlo-porque-se-han-robado,motorpasion.com,Spanish,0.0,gdelt_gkg
TSLA,2025-11-01,"Elon Musk teases Tesla flying Roadster prototype , promises  crazy technology  on Rogan podcast",https://www.livemint.com/technology/tech-news/elon-musk-teases-tesla-s-flying-roadster-prototype-promises-crazy-technology-on-rogan-podcast-11761990312934.html,livemint.com,English,0.0,gdelt_gkg
TSLA,2025-11-01,"Rapper D4vd , whose Tesla trunk contained dead teen girl , had  farm  tools that  could be used to get rid of a body : investigator",https://nypost.com/2025/11/01/us-news/rapper-d4vd-whose-tesla-trunk-contained-the-body-of-teen-girl-had-farm-tools-in-his-la-mansion-investigation/,nypost.com,English,0.0,gdelt_gkg
TSLA,2025-11-01,Saturday Citations : Test flight of the X - 59 ; a confounding quantum calculation ; the universe is not simulated,https://phys.org/news/2025-10-saturday-citations-flight-confounding-quantum.html,phys.org,English,0.0,gdelt_gkg
TSLA,2025-11-01,"  HVALILI SU ME , TO JE TAKO ODVRATNO : Uloga koju je Božović prezirao -  Nikada više takvu ne bih igrao  ",https://nportal.novosti.rs/vest/120689/stars/poznati/petar-bozovic-najgora-uloga,nportal.novosti.rs,Serbian,0.0,gdelt_gkg
TSLA,2025-11-01,Big Tech AI spending faces investor reality check,https://rollingout.com/2025/11/01/big-tech-spending-faces-investor-reality/,rollingout.com,English,0.0,gdelt_gkg
TSLA,2025-11-01,有影了 ！ 馬斯克 ： 年底推出飛天車Roadster 保證令人難忘 - 國際,https://news.ltn.com.tw/news/world/breakingnews/5231422,news.ltn.com.tw,Chinese,0.0,gdelt_gkg
TSLA,2025-11-01,"DeepSeek , Qwen AI Besting ChatGPT , Grok , Gemini In AI Crypto Trading Challenge",https://finance.yahoo.com/news/deepseek-qwen-ai-besting-chatgpt-135433659.html,finance.yahoo.com,English,0.0,gdelt_gkg
TSLA,2025-11-01,关键一战 ： 马斯克 ， 突爆大消息,https://finance.ifeng.com/c/8nw0R4S3yKC,finance.ifeng.com,Chinese,0.0,gdelt_gkg
TSLA,2025-11-01,A Dave Ramsey Caller Says Her Husband Plans To Leave His Assistant Manager Job To Drive For Uber With A Car Loan He Cant Afford,https://www.benzinga.com/personal-finance/management/25/11/48578221/a-dave-ramsey-caller-says-her-husband-plans-to-leave-his-assistant-manager-job-to-drive-for-uber-with-a-car-loan-he-cant-afford,benzinga.com,English,0.0,gdelt_gkg
TSLA,2025-11-01,有多少年轻人 ， 被新能源甩晕在通勤路上 ？ ,https://www.163.com/dy/article/KDAGISTA0519E3QB.html,163.com,Chinese,0.0,gdelt_gkg
TSLA,2025-11-01,Elon Musk asegura que desde que él compró Twitter hay menos niños que se autocalifican como trans,https://www.menorca.info/actualidad/sociedad/2025/11/01/2503453/elon-musk-asegura-desde-compro-twitter-hay-menos-ninos-autocalifican-como-trans.html,menorca.info,Spanish,0.0,gdelt_gkg
TSLA,2025-11-01,Some think 3I / Atlas is a comet . This scientist says it may be a UFO,https://www.thetimes.com/us/news-today/article/some-think-3iatlas-is-a-comet-this-scientist-says-it-may-be-a-ufo-d8723h9c9,thetimes.com,English,0.0,gdelt_gkg
TSLA,2025-11-01,Sam Altman tahab oma 50 000 dollarit tagasi : kaheksa aastat hiljem pole Roadster ikka veel tootmisjärgus,https://forte.delfi.ee/artikkel/120414297/sam-altman-tahab-oma-50-000-dollarit-tagasi-kaheksa-aastat-hiljem-pole-roadster-ikka-veel-tootmisjargus,forte.delfi.ee,Estonian,0.0,gdelt_gkg
TSLA,2025-11-01,"LRN INVESTOR NOTICE : Stride , Inc . Investors may have been Affected by Fraud Contact BFA Law if You Suffered Losses",https://portal.sina.com.hk/finance/finance-globenewswire/globenewswire/2025/11/01/1364424/lrn-investor-notice-stride-inc-investors-may-have-been-affected-by-fraud-contact-bfa-law-if-you-suffered-losses/,portal.sina.com.hk,English,0.0,gdelt_gkg
TSLA,2025-11-01,Megagiełda wraca do hossy,https://wgospodarce.pl/informacje/153178-megagielda-wraca-do-hossy,wgospodarce.pl,Polish,0.0,gdelt_gkg
TSLA,2025-11-01,Indian telecom player Bankim Brahmbhatt bunks US after $ 500 million rip - off,https://timesofindia.indiatimes.com/business/india-business/indian-telecom-player-bankim-brahmbhatt-bunks-us-after-500-rip-off/articleshow/125017555.cms,timesofindia.indiatimes.com,English,0.0,gdelt_gkg
TSLA,2025-11-01,Elon Musk makes  Big  Neuralink prediction : Recipients can ultimately beat all humans at … ,https://timesofindia.indiatimes.com/technology/tech-news/elon-musk-makes-big-prediction-for-neuralink-patients-can-soon-beat-all-humans-at/articleshow/125018147.cms,timesofindia.indiatimes.com,English,0.0,gdelt_gkg
TSLA,2025-11-01,Tata tops electric motor car registrations in October 2025,https://www.thehindubusinessline.com/companies/tata-tops-electric-motor-car-registrations-in-october-2025/article70229502.ece,thehindubusinessline.com,English,0.0,gdelt_gkg
TSLA,2025-11-01,Aes de IA : concentrao nos EUA preocupa investidores - 01 / 11 / 2025 - Mercado,https://www1.folha.uol.com.br/mercado/2025/11/boom-da-inteligencia-artificial-cria-concentracao-historica-no-mercado-de-acoes-dos-eua.shtml,folha.uol.com.br,Portuguese,0.0,gdelt_gkg
TSLA,2025-11-01,Vozač Tesle zaspao za volanom i zakucao se u policijsko vozilo - kriv mu autopilot,https://naslovi.net/2025-11-01/b92/vozac-tesle-zaspao-za-volanom-i-zakucao-se-u-policijsko-vozilo-kriv-mu-autopilot/40790398,naslovi.net,Serbian,0.0,gdelt_gkg
TSLA,2025-11-01,"Tests , série , analyses … Les articles du Club iGen publiés en octobre",https://www.macg.co/macgeneration/2025/10/tests-serie-analyses-les-articles-du-club-igen-publies-en-octobre-304691,macg.co,French,0.0,gdelt_gkg
TSLA,2025-11-01,"Balentine LLC Raises Stock Holdings in Tesla , Inc . $TSLA",https://www.themarketsdaily.com/2025/11/01/balentine-llc-raises-stock-holdings-in-tesla-inc-tsla.html,themarketsdaily.com,English,0.0,gdelt_gkg
TSLA,2025-11-01,China And The U . S . Are Racing To Deploy Robotaxis . Neither Has A Clear Lead,https://insideevs.com:443/news/776837/china-us-robotaxi-fleet-comparison/,insideevs.com,English,0.0,gdelt_gkg
TSLA,2025-11-01,"3 Index ETFs to Buy With $1 , 000 and Hold Forever",https://finance.yahoo.com/news/3-index-etfs-buy-1-150700554.html,finance.yahoo.com,English,0.0,gdelt_gkg
TSLA,2025-11-01,马斯克回应奥尔特曼Roadster退订争议 ： 24小时内已退款,https://www.163.com/dy/article/KDAKV36U0511B8LM.html,163.com,Chinese,0.0,gdelt_gkg
TSLA,2025-11-01,Bitcoin had a wildly volatile first half . Here are 5 of the biggest risks ahead,https://www.cnbcafrica.com/2021/bitcoin-had-a-wildly-volatile-first-half-here-are-5-of-the-biggest-risks-ahead,cnbcafrica.com,English,0.0,gdelt_gkg
TSLA,2025-11-01,"Enough , Already . It Time To Give Up On The  2020  Tesla Roadster",https://insideevs.com:443/features/777629/tesla-roadster-delays-musk-altman/,insideevs.com,English,0.0,gdelt_gkg
TSLA,2025-11-01,马斯克回怼奥尔特曼  特斯拉 Roadster 跑车退订失败 ： 24 小时内就退给你了怎么不提 ？ |跑车|特斯拉,https://finance.sina.com.cn/tech/digi/2025-11-01/doc-infvxpfc7300468.shtml,finance.sina.com.cn,Chinese,0.0,gdelt_gkg
TSLA,2025-11-01,马斯克再画  天上大饼 ： 特斯拉或年内发布飞行汽车原型|伊隆 - 马斯克|飞行汽车,https://finance.sina.com.cn/tech/roll/2025-11-01/doc-infvwwim7610848.shtml,finance.sina.com.cn,Chinese,0.0,gdelt_gkg
TSLA,2025-11-01,Zakladatel ChatGPT čekal 7 let na auto . Teď mu došla trpělivost,https://www.auto.cz/zakladatel-chatgpt-cekal-7-let-na-auto-ted-mu-dosla-trpelivost-158797,auto.cz,Czech,0.0,gdelt_gkg
TSLA,2025-11-01,Vozač Tesle zaspao za volanom i udario u policijski auto ; Tvrdio da je autopilot vozio umesto njega ! ,https://www.b92.net/automobili/zanimljivosti/177337/vozac-tesle-zaspao-za-volanom-i-udario-u-policijski-auto-tvrdio-da-je-autopilot-vozio-umesto-njega/vest,b92.net,Bosnian,0.0,gdelt_gkg
TSLA,2025-11-01,亚马逊万人大裁员细节曝光 ， 有员工清早就收到  失业通知  短信|谷歌|遣散费|企业文化|知名企业,https://www.163.com/dy/article/KDAM5IG70511B8LM.html,163.com,Chinese,0.0,gdelt_gkg
TSLA,2025-11-01,GM software head exits after organizational shuffle,https://www.courant.com/2025/10/31/gm-software-head-exits-after-organizational-shuffle-2/,courant.com,English,0.0,gdelt_gkg
TSLA,2025-11-01,"Maye , madre de Elon Musk , deslumbrante Cruella de Vil en Halloween",https://www.larazon.es/gente/famosos/maye-madre-elon-musk-deslumbrante-cruella-vil-halloween_202511016906252d9de7280e3d3c1230.html,larazon.es,Spanish,0.0,gdelt_gkg
TSLA,2025-11-01,特斯拉Cybercab实车曝光 ， 前脸精致部件更新 ， 或加速迈向量产阶段 - 业界动态 - ITBear科技资讯,https://www.itbear.com.cn/html/2025-11/1006313.html,itbear.com.cn,Chinese,0.0,gdelt_gkg
TSLA,2025-11-01,Coche autónomo : futuro o presente ( casi ) inmediato,https://www.expansion.com/empresas/motor/2025/11/01/6905fb07468aeb78528b4596.html,expansion.com,Spanish,0.0,gdelt_gkg
TSLA,2025-11-01,Tesla : Hoffnungsträger Cybertruck – Drama ohne Ende () ,https://www.aktiencheck.de/news/Artikel-Tesla_Hoffnungstraeger_Cybertruck_Drama_ohne_Ende-19167029,aktiencheck.de,German,0.0,gdelt_gkg
TSLA,2025-11-01,Bayswater : Manhunt under way after man alllegedly shot in Melbourne shopping centre carpark,https://www.9news.com.au/national/bayswater-melbourne-police-investigate-alleged-shooting/ba8810d3-f542-424d-8705-623c9ab58dde,9news.com.au,English,0.0,gdelt_gkg
TSLA,2025-11-01,Trojica pijana vozača privedena u samo jednoj noći,https://sbonline.net/trojica-pijana-vozaca-privedena-u-samo-jednoj-noci-723,sbonline.net,Croatian,0.0,gdelt_gkg
TSLA,2025-11-01,Covid legacy : Science on the ropes,https://www.nbr.co.nz/book-review/covids-legacy-science-on-the-ropes/,nbr.co.nz,English,0.0,gdelt_gkg
TSLA,2025-11-01,"10 For 10 : Top Compliance Stories For the Week Ending , November 1 , 2025 | Thomas Fox - Compliance Evangelist",https://www.jdsupra.com/legalnews/10-for-10-top-compliance-stories-for-th-82514/,jdsupra.com,English,0.0,gdelt_gkg
TSLA,2025-11-01,Investigator gives update on items discovered in D4vd house after 15 - year - old body found in his Tesla,https://www.ladbible.com/news/us-news/d4vd-tesla-body-celeste-hernandez-private-investigator-la-mansion-568397-20251101,ladbible.com,English,0.0,gdelt_gkg
TSLA,2025-11-01,Elon Musk on Messaging Platform X Chat Features and Bitcoin - Like P2P Encryption,https://www.coindesk.com/tech/2025/11/01/tesla-ceo-elon-musk-says-x-chat-s-new-p2p-encryption-system-is-similar-to-bitcoin-s,coindesk.com,English,0.0,gdelt_gkg
TSLA,2025-11-01,"3 Index ETFs to Buy With $1 , 000 and Hold Forever",https://www.fool.com/investing/2025/11/01/3-index-etfs-to-buy-with-1000-and-hold-forever/?source=iedfolrf0000001,fool.com,English,0.0,gdelt_gkg
TSLA,2025-11-01,Explained : How an Indian - origin entrepreneur  borrowed  $500 million from the world biggest asset manager | Business,https://timesofindia.indiatimes.com/business/international-business/explained-how-an-indian-origin-entrepreneur-borrowed-500-million-from-the-worlds-biggest-asset-manager/articleshow/125019184.cms,timesofindia.indiatimes.com,English,0.0,gdelt_gkg
TSLA,2025-11-01,Откриха мъртъв търсения за убийството на жена в София,https://www.vesti.bg/bulgaria/otkriha-myrtyv-tyrseniia-za-ubijstvoto-na-zhena-v-sofiia-6242749,vesti.bg,Bulgarian,0.0,gdelt_gkg
TSLA,2025-11-01,"The 10 Best Electric Vehicles , According To Consumer Reports",https://www.bgr.com/2007971/best-electric-vehicles-according-consumer-report/,bgr.com,English,0.0,gdelt_gkg
TSLA,2025-11-01,"$20K Humanoid Robot Offers Home Help , But Challenges Remain",https://www.el-balad.com/6752008,el-balad.com,English,0.0,gdelt_gkg
TSLA,2025-11-01,Trump Family Delves Deeper Into Crypto With Truth Social Prediction Market Feature,https://finance.yahoo.com/news/trump-family-delves-deeper-crypto-173103577.html,finance.yahoo.com,English,0.0,gdelt_gkg
TSLA,2025-11-01,  WhatsApp knows what youre messaging : Elon Musk serious allegation against Mark Zuckerberg app,https://www.india.com/business/whatsapp-knows-what-youre-messaging-elon-musks-serious-allegation-against-mark-zuckerbergs-app-makes-big-announcement-tesla-starlink-xchat-joe-rogan-podcast-meta-platforms-8161331/,india.com,English,0.0,gdelt_gkg
TSLA,2025-11-01,Is Tesla Vote on $1T Pay for Elon Musk Risky for TSLA Stock ? BofA Weighs In,https://biztoc.com/x/54c5a1e7dbb630a7,biztoc.com,English,0.0,gdelt_gkg
TSLA,2025-11-01,"Käyttötesti käytetyllä : Toyota Prius on auto , jolla ei saa ketn kateelliseksi",https://moottori.fi/testi/kayttotesti-kaytetylla-toyota-prius-on-auto-jolla-ei-saa-ketaan-kateelliseksi/,moottori.fi,Finnish,0.0,gdelt_gkg
TSLA,2025-11-01,Школьники погрузились в мир энергетики в рамках профориентационных мероприятий,https://pda.tumen.kp.ru/online/news/6650170/,pda.tumen.kp.ru,Russian,0.0,gdelt_gkg
TSLA,2025-11-01,Subaru Ascent Is Good At Everything Except Winning You Over | Review,https://www.carscoops.com/2025/11/the-ascent-is-the-perfect-three-row-suv-for-subaru-lovers-review/,carscoops.com,English,0.0,gdelt_gkg
TSLA,2025-11-01,China Is Offering More Bang For Your Buck Than The US,https://carbuzz.com/china-is-crushing-the-usa-in-the-hp-per-dollar-wars/,carbuzz.com,English,0.0,gdelt_gkg
TSLA,2025-11-01,Dropbox CEO Drew Houston Shares The Two Marketing Hacks He Used To Get Millions Of Paying Customers :  Give People Tools To Spread The Word  - Dropbox ( NASDAQ : DBX ) ,https://www.benzinga.com/news/topics/25/11/48578394/dropbox-ceo-drew-houston-shares-the-two-marketing-hacks-he-used-to-get-millions-of-paying-customers-give-people-tools-to-spread-the-word,benzinga.com,English,0.0,gdelt_gkg
TSLA,2025-11-01,"Elon Musk Tells Joe Rogan :  Trump Actually Is Not Perfect , but He Not Evil  ",https://www.benzinga.com/news/politics/25/11/48578660/elon-musk-tells-joe-rogan-trump-actually-is-not-perfect-but-hes-not-evil,benzinga.com,English,0.0,gdelt_gkg
TSLA,2025-11-01,"Elon Musk Tells Joe Rogan :  Trump Actually Is Not Perfect , but He Not Evil  ",https://www.yahoo.com/news/articles/elon-musk-tells-joe-rogan-181628699.html,yahoo.com,English,0.0,gdelt_gkg
TSLA,2025-11-01,BofA Analyzes Tesla $1T Pay Proposal Impact on TSLA Stock,https://www.el-balad.com/6752047,el-balad.com,English,0.0,gdelt_gkg
TSLA,2025-11-01,Zaspao za volanom i zakucao se u policiju : Kriv mu autopilot,https://www.oslobodjenje.ba/magazin/auto-svijet/zaspao-za-volanom-i-zakucao-se-u-policiju-kriv-mu-autopilot-1087786/,oslobodjenje.ba,Croatian,0.0,gdelt_gkg
TSLA,2025-11-01,"Мъжът , застрелял бизнесдамата , се е самоубил",https://www.168chasa.bg/Article/21629068,168chasa.bg,Bulgarian,0.0,gdelt_gkg
TSLA,2025-11-01,Oito big techs ligadas à inteligência artificial dominam 36 % do mercado americano : o que acontece se uma delas cair ? ,https://epocanegocios.globo.com/empresas/noticia/2025/11/oito-big-techs-dominam-36percent-do-mercado-americano-quais-sao-os-riscos-desse-monopolio.ghtml,epocanegocios.globo.com,Portuguese,0.0,gdelt_gkg
TSLA,2025-11-01,California could cost Elon Musk $1 trillion years after his vocal  Texit  ,https://biztoc.com/x/3e07fc0a4937fa28,biztoc.com,English,0.0,gdelt_gkg
TSLA,2025-11-01,"Grâce à lIA , Nvidia devient la première entreprise à valoir 5 000 milliards de dollars",https://www.aruco.com/intelligence-artificielle/ia-nvidia-capitalisation-boursiere/,aruco.com,French,0.0,gdelt_gkg
TSLA,2025-11-01,Elon Musk Says Sam Altman Got Refund for Roadster  Within 24 Hours  ,https://www.businessinsider.com/elon-musk-response-sam-altman-tesla-roadster-refund-2025-11,businessinsider.com,English,0.0,gdelt_gkg
TSLA,2025-11-01,"엘론 머스크 , 민주당 이민 정책 비판 .. 미국 민주주의 훼손 주장",https://www.radioseoul1650.com/archives/116246,radioseoul1650.com,Korean,0.0,gdelt_gkg
TSLA,2025-11-01,Todas las marcas de autos del mundo en vilo : BYD revela su arma secreta para el 2026,https://www.ecoportal.net/motor/byd-revela-arma-secreta-2026-dolphin/,ecoportal.net,Spanish,0.0,gdelt_gkg
TSLA,2025-11-01,These Pedestrian Traffic Signals Are Confusing Drivers,https://www.yahoo.com/news/articles/pedestrian-traffic-signals-confusing-drivers-190500135.html,yahoo.com,English,0.0,gdelt_gkg
TSLA,2025-11-01,"  It Not My Fault You Picked A Low - Paying Career , Says 28 - Year - Old Tech Worker Earning $130K Who Splits Bills 50 / 50 With His $45K Teacher Girlfriend",https://www.benzinga.com/news/topics/25/11/48578718/its-not-my-fault-you-picked-a-low-paying-career-says-28-year-old-tech-worker-earning-130k-who-splits-bills-50-50-with-his-45k-teacher-girlfriend,benzinga.com,English,0.0,gdelt_gkg
TSLA,2025-11-01,亚马逊万人大裁员细节曝光 ， 有员工清早起床就收到  失业通知  短信|亚马逊,https://finance.sina.com.cn/tech/digi/2025-11-01/doc-infvxpfc7303061.shtml,finance.sina.com.cn,Chinese,0.0,gdelt_gkg
TSLA,2025-11-01,Importante top : las marcas más confiables para toda la vida,https://laopinion.com/2025/11/01/importante-top-las-marcas-mas-confiables-para-toda-la-vida/,laopinion.com,Spanish,0.0,gdelt_gkg
TSLA,2025-11-01,Tesla planeia lançar um carro voador ! Elon Musk deixou a promessa no ar,https://pplware.sapo.pt/motores/tesla-planeia-lancar-num-carro-voador-elon-musk-deixou-a-promessa-no-ar/,pplware.sapo.pt,Portuguese,0.0,gdelt_gkg
TSLA,2025-11-01,"Elon Musk Mom on Bond With His Kids , Heidi Klum Halloween Party",https://www.eonline.com/news/1424532/elon-musks-mom-on-bond-with-his-kids-heidi-klum-halloween-party,eonline.com,English,0.0,gdelt_gkg
TSLA,2025-11-01,"  Flying  Tesla Roadster to Demo in 2025 , Musk Claims",https://www.pcmag.com/news/flying-tesla-roadster-to-demo-in-2025-musk-claims,pcmag.com,English,0.0,gdelt_gkg
TSLA,2025-11-01,I Have Concluded That This eCommerce Company Is Winning The Internet ( And It Isnt Amazon ) ,https://www.slashgear.com/2012844/ecommerce-company-shopify-taking-over-internet/,slashgear.com,English,0.0,gdelt_gkg
TSLA,2025-11-01,TOP of the WEEK : O poder das máquinas e das mentes,https://sapo.pt/artigo/top-of-the-week-o-poder-das-maquinas-e-das-mentes-6906664045ba24640991b950,sapo.pt,Portuguese,0.0,gdelt_gkg
TSLA,2025-11-01,MidiaNews | Atendimentos e mutirões são intensificados no São Benedito,https://www.midianews.com.br/cotidiano/atendimentos-e-mutiroes-sao-intensificados-no-sao-benedito/507153,midianews.com.br,Portuguese,0.0,gdelt_gkg
TSLA,2025-11-01,The Future Is Feeling : How Smart Tech Is Reshaping Cars,https://www.newsnationnow.com/business/tech/the-future-is-feeling-how-smart-tech-is-reshaping-cars/,newsnationnow.com,English,0.0,gdelt_gkg
TSLA,2025-11-01,Elon Musk Faces $1 Trillion California Cost Despite  Texit  Shift,https://www.el-balad.com/6752187,el-balad.com,English,0.0,gdelt_gkg
TSLA,2025-11-01,PARAENSE 3ª DIVISÃO : Quartas de final têm um jogo marcado para este sábado,https://www.futebolinterior.com.br/paraense-3-divisao-tem-rodada-fds/,futebolinterior.com.br,Portuguese,0.0,gdelt_gkg
TSLA,2025-11-01,Tesla Reveals New Model Y Performance Design Philosophy,https://www.el-balad.com/6752221,el-balad.com,English,0.0,gdelt_gkg
TSLA,2025-11-01,Elon Musk teases a flying car on Joe Rogan show,https://biztoc.com/x/6527ebea33d56b7b,biztoc.com,English,0.0,gdelt_gkg
TSLA,2025-11-01,Elon Musk Tesla Recalls Cybertruck for 10th Time in Less Than 2 Years,https://www.breitbart.com/tech/2025/10/31/elon-musks-tesla-recalls-cybertruck-for-10th-time-in-less-than-2-years/,breitbart.com,English,0.0,gdelt_gkg
TSLA,2025-11-01,Vozač Tesle zaspao za volanom i zakucao se u policijsko vozilo,https://naslovi.net/2025-11-01/vesti-online/vozac-tesle-zaspao-za-volanom-i-zakucao-se-u-policijsko-vozilo/40791967,naslovi.net,Serbian,0.0,gdelt_gkg
TSLA,2025-11-01,What is a carbon footprint and how to reduce it,https://news.az/news/what-is-a-carbon-footprint-and-how-to-reduce-it,news.az,English,0.0,gdelt_gkg
TSLA,2025-11-01,Elon Musk mom Maye Musk shares rare insight into bond with his kids,https://www.nbcconnecticut.com/entertainment/entertainment-news/elon-musks-mom-on-bond-with-his-kids-heidi-klum-halloween-party/3659241/,nbcconnecticut.com,English,0.0,gdelt_gkg
TSLA,2025-11-01,Officials investigate  intentional  explosion at Harvard University,https://www.9news.com.au/world/police-investigate-explosion-harvard-university-medical-building/0f50f09e-0216-439d-8f78-805775b62008,9news.com.au,English,0.0,gdelt_gkg
TSLA,2025-11-01,Weather news : Four people hospitalised after giant hailstones pummel school fair in south - east Queensland,https://www.9news.com.au/national/queensland-weather-supercell-storm-destructive-hail/6ded9dc6-7119-445d-8f30-0eca8c737514,9news.com.au,English,0.0,gdelt_gkg
TSLA,2025-11-01,Yale Graduate Takes His Family Apple Farm From Brink Of Ruin And Turns It Into $4 Million Per Year Operation,https://www.benzinga.com/news/topics/25/11/48578800/yale-graduate-takes-his-familys-apple-farm-from-brink-of-ruin-and-turns-it-into-4-million-per-year-operation,benzinga.com,English,0.0,gdelt_gkg
TSLA,2025-11-01,Elon Musk Tesla Recalls Cybertruck for 10th Time in Less Than 2 Years,https://www.breitbart.com/politics/2025/10/31/elon-musks-tesla-recalls-cybertruck-for-10th-time-in-less-than-2-years/,breitbart.com,English,0.0,gdelt_gkg
TSLA,2025-11-01,Elon Musk mom Maye Musk shares rare insight into bond with his kids,https://www.nbcdfw.com/entertainment/entertainment-news/elon-musks-mom-on-bond-with-his-kids-heidi-klum-halloween-party/3939749/,nbcdfw.com,English,0.0,gdelt_gkg
TSLA,2025-11-01,"New Mexico State Investment Council , Educational Retirement Board Vote Against Tesla CEO $1 Trillion Pay Package",https://ladailypost.com/new-mexico-state-investment-council-educational-retirement-board-vote-against-1-trillion-pay-package-for-tesla-ceo-musk/,ladailypost.com,English,0.0,gdelt_gkg
TSLA,2025-11-01,Elon Musk wants you to know that Sam Altman got a refund for his Tesla Roadster,https://techcrunch.com/2025/11/01/elon-musk-wants-you-to-know-that-sam-altman-got-a-refund-for-his-tesla-roadster/,techcrunch.com,English,0.0,gdelt_gkg
TSLA,2025-11-01,马斯克出现  急速衰老 ! 医生警告 : 身体已亮红灯 - 6park . com,https://www.6park.com/view/news/753726.html,6park.com,Chinese,0.0,gdelt_gkg
TSLA,2025-11-01,马斯克勾勒未来手机新形态 ： AI主导影音呈现 告别传统OS与应用 - 人工智能 - ITBear科技资讯,https://www.itbear.com.cn/html/2025-11/1006578.html,itbear.com.cn,Chinese,0.0,gdelt_gkg
TSLA,2025-11-01,تفاقم هيمنة شركات التكنولوجيا الكبرى على أسواق الأسهم,https://www.albayan.ae/financial-times/798314,albayan.ae,Arabic,0.0,gdelt_gkg
TSLA,2025-11-01,  I fear a significant decline in the S & P 500 : Do I sell my tech stocks before it too late ? ,https://www.morningstar.com/news/marketwatch/20251031419/i-fear-a-significant-decline-in-the-sp-500-do-i-sell-my-tech-stocks-before-its-too-late,morningstar.com,English,0.0,gdelt_gkg
TSLA,2025-11-01,Are You A Rich Retiree Or Just Upper - Middle Class ? Here The Net Worth That Separates The Two,https://finance.yahoo.com/news/rich-retiree-just-upper-middle-160208453.html,finance.yahoo.com,English,0.0,gdelt_gkg
TSLA,2025-11-01,英伟达宣布和三星共建AI工厂 _ 东方财富网,https://finance.eastmoney.com/a/202511013552453186.html,finance.eastmoney.com,Chinese,0.0,gdelt_gkg
