ticker,date,title,url,domain,language,tone,source
PANW,2021-02-17,"vArmour the multi - cloud security startup , raises $58M en route to IPO – TechCrunch",https://techcrunch.com/2021/02/17/varmour-the-multi-cloud-security-startup-raises-58m-en-route-to-ipo/,techcrunch.com,English,0.0,gdelt_gkg
PANW,2021-02-17,Palo Alto Networks launches cloud - delivered platform to secure remote workforces,https://www.lightreading.com/security/palo-alto-networks-launches-cloud-delivered-platform-to-secure-remote-workforces/d/d-id/767437,lightreading.com,English,0.0,gdelt_gkg
PANW,2021-02-17,"Palo Alto to acquire Bridgecrew , to strengthen its focus on cloud security",https://www.itp.net/security/96094-palo-alto-to-acquire-bridgecrew-to-strengthen-its-focus-on-cloud-security,itp.net,English,0.0,gdelt_gkg
PANW,2021-02-17,Stanley Druckenmiller dumped $100 million of Netflix stock,https://www.businessinsider.com/stanley-druckenmiller-duquesne-family-fund-netflix-stock-cybersecurity-investments-position-2021-2,businessinsider.com,English,0.0,gdelt_gkg
PANW,2021-02-17,mxHERO Announces Strategic Partnership with Carahsoft,https://www.tmcnet.com/usubmit/2021/02/17/9309589.htm,tmcnet.com,English,0.0,gdelt_gkg
PANW,2021-02-17,The Worldwide 5G Security Industry is Expected to Reach $5 . 2 Billion by 2026 - ResearchAndMarkets . com - Press Release,http://www.digitaljournal.com/pr/4977626,digitaljournal.com,English,0.0,gdelt_gkg
PANW,2021-02-17,SHI Tops $11 Billion in Revenue for the First Time in 2020,http://DigitalMediaNet.com/shi-tops-11-billion-in-revenue-for-the-first-time-in-2020/,digitalmedianet.com,English,0.0,gdelt_gkg
PANW,2021-02-17,Palo Alto se chystá převzít odborníka na bezpečnost DevOps Bridgecrew,https://channelworld.cz/novinky/palo-alto-se-chysta-prevzit-odbornika-na-bezpecnost-devops-bridgecrew-25987,channelworld.cz,Czech,0.0,gdelt_gkg
PANW,2021-02-17,Global Medical Device Cybersecurity Solutions Market Trends and Vendors Analysis after Covid - 19 Pandemic Opportunities Scenario Highlighting Major Drivers & Trends 2021 - 2028 – KSU,https://ksusentinel.com/2021/02/17/global-medical-device-cybersecurity-solutions-market-trends-and-vendors-analysis-after-covid-19-pandemic-opportunities-scenario-highlighting-major-drivers-trends-2021-2028/,ksusentinel.com,English,0.0,gdelt_gkg
PANW,2021-02-17,Middle East & Africa Cybersecurity Market Analysis and Forecast 2021 - 2026 - ResearchAndMarkets . com,https://www.oaoa.com/news/business/middle-east-africa-cybersecurity-market-analysis-and-forecast-2021-2026---researchandmarkets-com/article_6a9ef0ca-6318-53b3-95fb-9c3eb2cff8f7.html,oaoa.com,English,0.0,gdelt_gkg
PANW,2021-02-17,Find The Best Stocks To Buy And Watch With IBD Screen Of The Day,https://www.investors.com/research/best-stocks-to-buy-watch-ibd-screen-of-the-day/,investors.com,English,0.0,gdelt_gkg
PANW,2021-02-17,"Security Orchestration Automation and Response ( SOAR ) Market Growing at a CAGR 15 . 6 % | Key Player FireEye , Cisco Systems , Rapid7 , Splunk , Swimlane",https://www.marketwatch.com/press-release/security-orchestration-automation-and-response-soar-market-growing-at-a-cagr-156-key-player-fireeye-cisco-systems-rapid7-splunk-swimlane-2021-02-17,marketwatch.com,English,0.0,gdelt_gkg
PANW,2021-02-17,Chinese construction firm redesigns major road in South Sudan,https://www.beijingbulletin.com/news/267853257/chinese-construction-firm-redesigns-major-road-in-south-sudan,beijingbulletin.com,English,0.0,gdelt_gkg
PANW,2021-02-17,The Cybersecurity 202 : A top official urged Congress to guarantee election security funding,http://www.msn.com/en-us/news/politics/the-cybersecurity-202-a-top-official-urged-congress-to-guarantee-election-security-funding/ar-BB1dLbXr,msn.com,English,0.0,gdelt_gkg
PANW,2021-02-17,Stanley Druckenmiller family office dumped more than $100 million of Netflix stock and boosted cybersecurity investment by more than 400 % in the 4th quarter,https://www.businessinsider.in/stock-market/news/stanley-druckenmillers-family-office-dumped-more-than-100-million-of-netflix-stock-and-boosted-cybersecurity-investment-by-more-than-400-in-the-4th-quarter/articleshow/81076271.cms,businessinsider.in,English,0.0,gdelt_gkg
PANW,2021-02-17,Sandworm in French software supply chain . DPRK hacked COVID vaccine providers ? Iran Static Kitten active against UAE targets . ,https://thecyberwire.com/newsletters/daily-briefing/10/30,thecyberwire.com,English,0.0,gdelt_gkg
PANW,2021-02-17,Weather forecast for world cities -- Feb . 18,https://www.beijingbulletin.com/news/267853106/weather-forecast-for-world-cities----feb-18,beijingbulletin.com,English,0.0,gdelt_gkg
PANW,2021-02-17,Baidu | Benzinga,https://www.benzinga.com/topic/baidu,benzinga.com,English,0.0,gdelt_gkg
PANW,2021-02-17,Senegal to receive Chinese COVID - 19 vaccines,https://www.beijingbulletin.com/news/267853036/senegal-to-receive-chinese-covid-19-vaccines,beijingbulletin.com,English,0.0,gdelt_gkg
PANW,2021-02-17,Palo Alto Networks drops $156m to absorb DevSecOps firm Bridgecrew,https://www.theregister.com/2021/02/17/palo_alto_networks_bridgecrew_buyout/,theregister.com,English,0.0,gdelt_gkg
PANW,2021-02-17,GLOBALink | Waste sorting boosts China rural vitalization,https://www.beijingbulletin.com/news/267852945/globalink--waste-sorting-boosts-chinas-rural-vitalization,beijingbulletin.com,English,0.0,gdelt_gkg
PANW,2021-02-17,GLOBALink | Thai professor celebrates Spring Festival in China,https://www.beijingbulletin.com/news/267852850/globalink--thai-professor-celebrates-spring-festival-in-china,beijingbulletin.com,English,0.0,gdelt_gkg
PANW,2021-02-17,Palo Alto Networks to acquire Bridgecrew for $156 million,https://www.cloudpro.co.uk/it-infrastructure/security/8943/palo-alto-networks-to-acquire-bridgecrew-for-156-million,cloudpro.co.uk,English,0.0,gdelt_gkg
PANW,2021-02-17,Middle East & Africa Cybersecurity Market Analysis and Forecast 2021 - 2026 - ResearchAndMarkets . com - Press Release,http://www.digitaljournal.com/pr/4976997,digitaljournal.com,English,0.0,gdelt_gkg
PANW,2021-02-17,The Cybersecurity 202 : A top official urged Congress to guarantee election security funding,https://www.washingtonpost.com/politics/2021/02/17/cybersecurity-202-top-official-urged-congress-guarantee-election-security-funding/,washingtonpost.com,English,0.0,gdelt_gkg
PANW,2021-02-17,Middle East & Africa Cybersecurity Market Analysis and Forecast 2021 - 2026 - ResearchAndMarkets . com,https://www.businesswire.com/news/home/20210217005521/en/Middle-East-Africa-Cybersecurity-Market-Analysis-and-Forecast-2021-2026---ResearchAndMarkets.com,businesswire.com,English,0.0,gdelt_gkg
PANW,2021-02-17,Palo Alto splurges $156m on cloud security startup,https://www.channelweb.co.uk/news/4027307/palo-alto-splurges-usd156m-cloud-security-startup,channelweb.co.uk,English,0.0,gdelt_gkg
PANW,2021-02-17,In pics : Celebrating the Year of the Ox with ox - themed artworks,https://www.beijingbulletin.com/news/267853083/in-pics-celebrating-the-year-of-the-ox-with-ox-themed-artworks,beijingbulletin.com,English,0.0,gdelt_gkg
PANW,2021-02-18,Evolv Technology Appoints Tech Industry Veteran Merline Saintil to its Board of Directors,https://www.tmcnet.com/usubmit/2021/02/18/9310464.htm,tmcnet.com,English,0.0,gdelt_gkg
PANW,2021-02-18,"Cloud Security Market Global Size , Growth , Demand and Application 2025",https://www.tmcnet.com/usubmit/2021/02/18/9309895.htm,tmcnet.com,English,0.0,gdelt_gkg
PANW,2021-02-18,Akamai Names Carahsoft North American Partner of the Year for 2020,http://www.itnewsonline.com/GlobeNewswire/Akamai-Names-Carahsoft-North-American-Partner-of-the-Year-for-2020/15839,itnewsonline.com,English,0.0,gdelt_gkg
PANW,2021-02-18,Evolv Technology Appoints Tech Industry Veteran Merline Saintil to its Board of Directors,https://www.marketwatch.com/press-release/evolv-technology-appoints-tech-industry-veteran-merline-saintil-to-its-board-of-directors-2021-02-18,marketwatch.com,English,0.0,gdelt_gkg
PANW,2021-02-18,"Mobile Data Security Software Market to Witness Massive Growth by Trend Micro , SyncDog , WinMagic",https://markets.financialcontent.com/stocks/news/read/41005903/mobile_data_security_software_market_to_witness_massive_growth_by_trend_micro,markets.financialcontent.com,English,0.0,gdelt_gkg
PANW,2021-02-18,Endpoint Security Market Outlook 2021 : Big Things are Happening | FinancialContent Business Page,https://markets.financialcontent.com/stocks/news/read/41006178/endpoint_security_market_outlook_2021,markets.financialcontent.com,English,0.0,gdelt_gkg
PANW,2021-02-18,SHI tops $11bn in revenue for first time,https://www.channelweb.co.uk/news/4027385/shi-tops-usd11bn-revenue,channelweb.co.uk,English,0.0,gdelt_gkg
PANW,2021-02-18,"Global Medical Device Cybersecurity Solutions Market Along With Covid - 19 Impact Analysis and Demand Outlook 2026||Symantec Corporation , IBM Corporation , GENERAL ELECTRIC COMPANY , Koninklijke Philips N . V ., Broadcom – KSU",https://ksusentinel.com/2021/02/18/global-medical-device-cybersecurity-solutions-market-along-with-covid-19-impact-analysis-and-demand-outlook-2026symantec-corporation-ibm-corporation-general-electric-company-koninklijke-philips-n/,ksusentinel.com,English,0.0,gdelt_gkg
PANW,2021-02-18,Akamai Names Carahsoft North American Partner of the Year for 2020,https://www.tmcnet.com/usubmit/2021/02/18/9310570.htm,tmcnet.com,English,0.0,gdelt_gkg
PANW,2021-02-18,Torii announces $10M Series A to automate SaaS management – TechCrunch,https://techcrunch.com/2021/02/18/torii-announces-10m-series-a-to-automate-saas-management-with-workflows/,techcrunch.com,English,0.0,gdelt_gkg
PANW,2021-02-18,Evolv Technology Appoints Tech Industry Veteran Merline Saintil to its Board of Directors,https://www.tmcnet.com/usubmit/-evolv-technology-appoints-tech-industry-veteran-merline-saintil-/2021/02/18/9310464.htm,tmcnet.com,English,0.0,gdelt_gkg
PANW,2021-02-18,"The Cybersecurity Market in the Middle East & Africa , Forecast to 2026 with COVID - 19 Impact Assessment",https://www.benzinga.com/pressreleases/21/02/g19721622/the-cybersecurity-market-in-the-middle-east-africa-forecast-to-2026-with-covid-19-impact-assessmen,benzinga.com,English,0.0,gdelt_gkg
PANW,2021-02-18,"Software - Defined Perimeter ( SDP ) Market 2021 Global Industry Size , Share , Price , Trend and Forecast to 2026",https://www.texasguardian.com/news/267859623/software-defined-perimeter-sdp-market-2021-global-industry-size-share-price-trend-and-forecast-to-2026,texasguardian.com,English,0.0,gdelt_gkg
PANW,2021-02-18,$110 Billion Worldwide Internet Security Global Market to 2027 - Impact of COVID - 19 on the Market,https://apnews.com/press-release/business-wire/technology-business-greater-china-north-america-covid-19-pandemic-af24c79e10324d2eaa7e0a95f1e910dc,apnews.com,English,0.0,gdelt_gkg
PANW,2021-02-18,"Enterprise Cyber Security Market 2021 Strategic Assessment – Symantec , HP , Intel , Cisco , Trend Micro , IBM , Juniper , Dell – KSU",https://ksusentinel.com/2021/02/18/enterprise-cyber-security-market-2021-strategic-assessment-symantec-hp-intel-cisco-trend-micro-ibm-juniper-dell/,ksusentinel.com,English,0.0,gdelt_gkg
PANW,2021-02-18,Middle East & Africa Cybersecurity Market Analysis and Forecast 2021 - 2026 - ResearchAndMarkets . com,https://www.naija247news.com/2021/02/18/middle-east-africa-cybersecurity-market-analysis-and-forecast-2021-2026-researchandmarkets-com/,naija247news.com,English,0.0,gdelt_gkg
PANW,2021-02-18,Live Webinar | The EVIL - Ution Of Ransomware In 2021 - Top Protection Tips,https://www.bankinfosecurity.com/webinars/live-webinar-evil-ution-ransomware-in-2021-top-protection-tips-w-2919,bankinfosecurity.com,English,0.0,gdelt_gkg
PANW,2021-02-18,"Windows , Linux Devices Hijacked In Two - Year Cryptojacking Campaign",https://threatpost.com/windows-linux-devices-hijacked-in-two-year-cryptojacking-campaign/164048/,threatpost.com,English,0.0,gdelt_gkg
PANW,2021-02-18,"The Cybersecurity Market in the Middle East & Africa , Forecast to 2026 with COVID - 19 Impact Assessment - Press Release",http://www.digitaljournal.com/pr/4978303,digitaljournal.com,English,0.0,gdelt_gkg
PANW,2021-02-18,"Software - Defined Perimeter ( SDP ) Market 2021 Global Industry Size , Share , Price , Trend and Forecast to 2026",https://www.sandiegosun.com/news/267859623/software-defined-perimeter-sdp-market-2021-global-industry-size-share-price-trend-and-forecast-to-2026,sandiegosun.com,English,0.0,gdelt_gkg
PANW,2021-02-18,"Software - Defined Perimeter ( SDP ) Market 2021 Global Industry Size , Share , Price , Trend and Forecast to 2026",https://www.newyorktelegraph.com/news/267859623/software-defined-perimeter-sdp-market-2021-global-industry-size-share-price-trend-and-forecast-to-2026,newyorktelegraph.com,English,0.0,gdelt_gkg
PANW,2021-02-18,Akamai Names Carahsoft North American Partner of the Year for 2020,http://sip-trunking.tmcnet.com/news/2021/02/18/9310570.htm,sip-trunking.tmcnet.com,English,0.0,gdelt_gkg
PANW,2021-02-18,"Jim Kavanaugh : WWT Will Add Over 1 , 000 New Jobs In 2021",https://www.crn.com/news/data-center/jim-kavanaugh-wwt-will-add-over-1-000-new-jobs-in-2021,crn.com,English,0.0,gdelt_gkg
PANW,2021-02-19,"Palo Alto Networks , Inc . ( NYSE : PANW ) - Earnings Outlook for Palo Alto Networks",https://www.benzinga.com/news/earnings/21/02/19748993/earnings-outlook-for-palo-alto-networks,benzinga.com,English,0.0,gdelt_gkg
PANW,2021-02-19,Inside the Battle to Control Enterprise Security Data Lakes,https://www.securityweek.com/inside-battle-control-enterprise-security-data-lakes,securityweek.com,English,0.0,gdelt_gkg
PANW,2021-02-19,5 Companies That Came To Win This Week,https://www.crn.com/news/channel-programs/5-companies-that-came-to-win-this-week-february-19,crn.com,English,0.0,gdelt_gkg
PANW,2021-02-19,5G Stocks Beyond Apple 5G : How The Best Could Shift From Smartphones To Enterprise Plays,https://www.investors.com/news/technology/5g-stocks-beyond-apple-5g-best-could-shift-from-smartphones-to-enterprise-plays/,investors.com,English,0.0,gdelt_gkg
PANW,2021-02-19,Palo Alto ramps up remote working security with launch of Prisma Access 2 . 0,https://www.itp.net/security/96126-palo-alto-ramps-up-remote-working-security-with-launch-of-prisma-access-20,itp.net,English,0.0,gdelt_gkg
PANW,2021-02-19,"IPO Stocks Airbnb , DoorDash To Report ; New EV Stocks , Software Leaders Due",https://www.investors.com/research/investing-action-plan/ipo-stocks-airbnb-doordash-report-new-ev-stocks-software-leaders-due/,investors.com,English,0.0,gdelt_gkg
PANW,2021-02-19,Palo Alto Networks to Present at Upcoming Investor Event,https://www.prnewswire.com:443/news-releases/palo-alto-networks-to-present-at-upcoming-investor-event-301231501.html,prnewswire.com,English,0.0,gdelt_gkg
PANW,2021-02-19,Palo Alto Networks to Present at Upcoming Investor Event,https://www.prnewswire.com/news-releases/palo-alto-networks-to-present-at-upcoming-investor-event-301231501.html,prnewswire.com,English,0.0,gdelt_gkg
PANW,2021-02-19,"Security Policy Management Market 2021 - 2027 – Market Estimate , Competitive Landdscape , Industry Size || IBM Corporation , Juniper Networks , Inc ., Sophos Ltd ., Tufin , Cisco , Micro Focus , McAfee LLC , HelpSystems – KSU",https://ksusentinel.com/2021/02/19/security-policy-management-market-2021-2027-market-estimate-competitive-landdscape-industry-size-ibm-corporation-juniper-networks-inc-sophos-ltd-tufin-cisco-micro-focus-mcafee/,ksusentinel.com,English,0.0,gdelt_gkg
PANW,2021-02-19,Arista Networks ( ANET ) Q4 2020 Earnings Call Transcript,https://www.fool.com/earnings/call-transcripts/2021/02/18/arista-networks-anet-q4-2020-earnings-call-transcr/?source=iedfolrf0000001,fool.com,English,0.0,gdelt_gkg
PANW,2021-02-19,"Vláda nesplnila své sliby o digitalizaci , z Windows mizí Flash , SSD se prodává více než HDD",https://www.lupa.cz/clanky/vlada-nesplnila-sve-sliby-o-digitalizaci-z-windows-mizi-flash-ssd-se-prodava-vice-nez-hdd/,lupa.cz,Czech,0.0,gdelt_gkg
PANW,2021-02-19,SolarWinds Attackers Breached 100+ Private Firms - Infosecurity Magazine,https://www.infosecurity-magazine.com:443/news/solarwinds-attackers-breached-100/,infosecurity-magazine.com,English,0.0,gdelt_gkg
PANW,2021-02-19,パロアルトネットワークス 、 ホストとコンテナ向けセキュリティを強化した 「 Prisma Cloud 」 新版を提供開始,https://cloud.watch.impress.co.jp/docs/news/1307341.html,cloud.watch.impress.co.jp,Japanese,0.0,gdelt_gkg
PANW,2021-02-19,"Cloud Application Security Service Market Next Big Thing | Major Giants - Microsoft , Cisco Systems , Fortinet , Skyhigh Networks , IBM",https://www.newyorktelegraph.com/news/267871598/cloud-application-security-service-market-next-big-thing--major-giants--microsoft-cisco-systems-fortinet-skyhigh-networks-ibm,newyorktelegraph.com,English,0.0,gdelt_gkg
PANW,2021-02-19,"Cloud Application Security Service Market Next Big Thing | Major Giants - Microsoft , Cisco Systems , Fortinet , Skyhigh Networks , IBM",https://www.texasguardian.com/news/267871598/cloud-application-security-service-market-next-big-thing--major-giants--microsoft-cisco-systems-fortinet-skyhigh-networks-ibm,texasguardian.com,English,0.0,gdelt_gkg
PANW,2021-02-19,$110 Billion Worldwide Internet Security Global Market to 2027 – Impact of COVID - 19 on the Market – ResearchAndMarkets . com,https://www.financialbuzz.com/110-billion-worldwide-internet-security-global-market-to-2027-impact-of-covid-19-on-the-market-researchandmarkets-com/,financialbuzz.com,English,0.0,gdelt_gkg
PANW,2021-02-19,Evolv Technology appoints Merline Saintil to its Board of Directors,https://www.sourcesecurity.com/news/evolv-technology-announces-appointment-tech-industry-co-5857-ga-co-15172-ga-co-1519211272-ga-co-1609931068-ga-co-1613659869-ga-co-1613724261-ga-co-1613728457-ga-co-1613728924-ga.1613730480.html,sourcesecurity.com,English,0.0,gdelt_gkg
PANW,2021-02-19,"Cloud Application Security Service Market Next Big Thing | Major Giants - Microsoft , Cisco Systems , Fortinet , Skyhigh Networks , IBM",https://www.sandiegosun.com/news/267871598/cloud-application-security-service-market-next-big-thing--major-giants--microsoft-cisco-systems-fortinet-skyhigh-networks-ibm,sandiegosun.com,English,0.0,gdelt_gkg
PANW,2021-02-20,"Cyber Crisis Management Market Report 2021 : Global Methodology , Research Findings , Size And Forecast To 2025 – KSU",https://ksusentinel.com/2021/02/20/cyber-crisis-management-market-report-2021-global-methodology-research-findings-size-and-forecast-to-2025/,ksusentinel.com,English,0.0,gdelt_gkg
PANW,2021-02-20,איך הגיעה ברידג  קרו לאקזיט של 200 מיליון דולר בתוך שנתיים בלבד ? ,https://www.globes.co.il/news/article.aspx?did=1001361354,globes.co.il,Hebrew,0.0,gdelt_gkg
PANW,2021-02-20,M & A Update : CrowdStrike to Acquire Humio for $400 Million,https://www.bankinfosecurity.com/ma-update-crowdstrike-to-acquire-humio-for-400-million-a-16033,bankinfosecurity.com,English,0.0,gdelt_gkg
PANW,2021-02-20,M & A Update : CrowdStrike to Acquire Humio for $400 Million,https://www.govinfosecurity.com/ma-update-crowdstrike-to-acquire-humio-for-400-million-a-16033,govinfosecurity.com,English,0.0,gdelt_gkg
PANW,2021-02-20,"Global Next - generation Firewall Market Moving Toward 2026 with New Procedures , Challenges",https://www.briefingwire.com/pr/global-next-generation-firewall-market-moving-toward-2026-with-new-procedures-challenges,briefingwire.com,English,0.0,gdelt_gkg
PANW,2021-02-20,"Global Web Filtering Market ( 2021 to 2026 ) – Growth , Trends , COVID - 19 Impact , and Forecasts – ResearchAndMarkets . com",https://www.financialbuzz.com/global-web-filtering-market-2021-to-2026-growth-trends-covid-19-impact-and-forecasts-researchandmarkets-com/,financialbuzz.com,English,0.0,gdelt_gkg
PANW,2021-02-20,Palo Alto Networks Appoints Dr . Helene D . Gayle to Its Board of Directors,https://www.marketwatch.com/press-release/palo-alto-networks-appoints-dr-helene-d-gayle-to-its-board-of-directors-2021-02-19,marketwatch.com,English,0.0,gdelt_gkg
PANW,2021-02-20,Palo Alto Networks Appoints Dr . Helene D . Gayle to Its Board of Directors,https://menafn.com/1101630227/Palo-Alto-Networks-Appoints-Dr-Helene-D-Gayle-to-Its-Board-of-Directors&source=29,menafn.com,English,0.0,gdelt_gkg
PANW,2021-02-20,Palo Alto Networks Appoints Dr . Helene D . Gayle to Its Board of Directors,https://www.tmcnet.com/usubmit/2021/02/19/9311241.htm,tmcnet.com,English,0.0,gdelt_gkg
PANW,2021-02-20,Palo Alto Networks Appoints Dr . Helene D . Gayle to Its Board of Directors,https://finance.yahoo.com/news/palo-alto-networks-appoints-dr-233700989.html,finance.yahoo.com,English,0.0,gdelt_gkg
PANW,2021-02-20,Forescout CMO Leaving Company As Exec Turnover Continues,https://www.crn.com/news/security/forescout-cmo-leaving-company-as-exec-turnover-continues,crn.com,English,0.0,gdelt_gkg
PANW,2021-02-20,Palo Alto Networks Appoints Dr . Helene D . Gayle to Its Board of Directors,https://www.prnewswire.com:443/news-releases/palo-alto-networks-appoints-dr-helene-d-gayle-to-its-board-of-directors-301231945.html,prnewswire.com,English,0.0,gdelt_gkg
PANW,2021-02-20,Palo Alto Networks Appoints Dr . Helene D . Gayle to Its Board of Directors,http://www.itnewsonline.com/PRNewswire/Palo-Alto-Networks-Appoints-Dr.-Helene-D.-Gayle-to-Its-Board-of-Directors/734397,itnewsonline.com,English,0.0,gdelt_gkg
PANW,2021-02-20,Palo Alto Networks Appoints Dr . Helene D . Gayle to Its Board of Directors,https://www.prnewswire.com/news-releases/palo-alto-networks-appoints-dr-helene-d-gayle-to-its-board-of-directors-301231945.html,prnewswire.com,English,0.0,gdelt_gkg
PANW,2021-02-21,"Earnings to Watch Next Week : Palo Alto Networks , Home Depot , Nvidia and Salesforce in Focus",https://news.yahoo.com/earnings-watch-next-week-palo-084356010.html,news.yahoo.com,English,0.0,gdelt_gkg
PANW,2021-02-21,"Airbnb , DoorDash , DraftKings , Home Depot , Nvidia and More Major Earnings Coming This Week",http://www.msn.com/en-us/money/personalfinance/airbnb-doordash-draftkings-home-depot-nvidia-and-more-major-earnings-coming-this-week/ar-BB1dSmO9,msn.com,English,0.0,gdelt_gkg
PANW,2021-02-21,The Smartest Billionaires on Wall Street Are Buying Up These 3 Stocks,https://www.fool.com/investing/2021/02/21/the-smartest-billionaires-on-wall-street-are-buyin/?source=iedfolrf0000001,fool.com,English,0.0,gdelt_gkg
PANW,2021-02-21,Rapid7 Aiming To Grow 20 % In 2021,https://www.forbes.com/sites/petercohan/2021/02/21/rapid7-aiming-to-grow-20-in-2021/,forbes.com,English,0.0,gdelt_gkg
PANW,2021-02-21,Israel Torii raises $10 million series A led by Wing Venture Capital,"https://www.calcalistech.com/ctech/articles/0,7340,L-3894921,00.html",calcalistech.com,English,0.0,gdelt_gkg
PANW,2021-02-21,Egregor ransomware group explained : And how to defend against it,https://www.arnnet.com.au/article/686399/egregor-ransomware-group-explained-how-defend-against-it/,arnnet.com.au,English,0.0,gdelt_gkg
PANW,2021-02-21,"Earnings Previews : Air Lease , Occidental , Home Depot , Macy , Palo Alto Networks",http://www.msn.com/en-us/money/companies/earnings-previews-air-lease-occidental-home-depot-macy-s-palo-alto-networks/ar-BB1dQb79,msn.com,English,0.0,gdelt_gkg
PANW,2021-02-21,Egregor ransomware group explained : And how to defend against it,https://www.reseller.co.nz/article/686399/egregor-ransomware-group-explained-how-defend-against-it/,reseller.co.nz,English,0.0,gdelt_gkg
PANW,2021-02-21,Week Ahead : US consumer confidence shaky while rising yields impact markets,https://global.markets.com/enknowledge/insights/week-ahead-us-consumer-confidence-shaky-while-rising-yields-impact-markets/,global.markets.com,English,0.0,gdelt_gkg
PANW,2021-02-21,The Smartest Billionaires on Wall Street Are Buying Up These 3 Stocks,https://www.fool.com/investing/2021/02/21/the-smartest-billionaires-on-wall-street-are-buyin/,fool.com,English,0.0,gdelt_gkg
PANW,2021-02-22,Exclusive Networks adds Fortinet to X - OD platform as service goes live in new countries,https://www.channelweb.co.uk/news/4027509/exclusive-networks-adds-fortinet-od-platform-service-goes-live-countries,channelweb.co.uk,English,0.0,gdelt_gkg
PANW,2021-02-22,"Zscaler , CrowdStrike : Cybersecurity Stocks To Watch After The SolarWinds Attack -- Trefis",https://www.trefis.com/stock/crwd/articles/509252/zscaler-crowdstrike-cybersecurity-stocks-to-watch-after-the-solarwinds-attack/2021-02-22,trefis.com,English,0.0,gdelt_gkg
PANW,2021-02-22,"Global Medical Device Cybersecurity Solutions Market Size , Share , Demand , Trends , Industry Analysis , Statistics worldwide 2028 – KSU",https://ksusentinel.com/2021/02/22/global-medical-device-cybersecurity-solutions-market-size-share-demand-trends-industry-analysis-statistics-worldwide-2028/,ksusentinel.com,English,0.0,gdelt_gkg
PANW,2021-02-22,"Cloud Sandboxing Market Drive Big Growth | Cisco Systems ( US ), Fireeye ( US ), Fortinet ( US ), Juniper Networks ( US ) ",https://www.sandiegosun.com/news/267903985/cloud-sandboxing-market-drive-big-growth--cisco-systems-us-fireeye-us-fortinet-us-juniper-networks-us,sandiegosun.com,English,0.0,gdelt_gkg
PANW,2021-02-22,Why Alteryx Stock Was Sliding Today | The Motley Fool,https://www.fool.com/investing/2021/02/22/why-alteryx-stock-was-sliding-today/?source=iedfolrf0000001,fool.com,English,0.0,gdelt_gkg
PANW,2021-02-22,"Cloud Sandboxing Market Drive Big Growth | Cisco Systems ( US ), Fireeye ( US ), Fortinet ( US ), Juniper Networks ( US ) ",https://www.texasguardian.com/news/267903985/cloud-sandboxing-market-drive-big-growth--cisco-systems-us-fireeye-us-fortinet-us-juniper-networks-us,texasguardian.com,English,0.0,gdelt_gkg
PANW,2021-02-22,"Cloud Sandboxing Market Drive Big Growth | Cisco Systems ( US ), Fireeye ( US ), Fortinet ( US ), Juniper Networks ( US ) ",https://www.newyorktelegraph.com/news/267903985/cloud-sandboxing-market-drive-big-growth--cisco-systems-us-fireeye-us-fortinet-us-juniper-networks-us,newyorktelegraph.com,English,0.0,gdelt_gkg
PANW,2021-02-22,Global 5G Security Industry to 2026 - Increasing Operator Investments for Dynamic Infrastructure Presents Opportunities,https://www.prnewswire.com:443/news-releases/global-5g-security-industry-to-2026---increasing-operator-investments-for-dynamic-infrastructure-presents-opportunities-301232458.html,prnewswire.com,English,0.0,gdelt_gkg
PANW,2021-02-22,"Industrial Control Systems Security Market is Booming Worldwide | Airbus , Palo Alto Networks , Rockwell Automation",https://www.newyorktelegraph.com/news/267904696/industrial-control-systems-security-market-is-booming-worldwide--airbus-palo-alto-networks-rockwell-automation,newyorktelegraph.com,English,0.0,gdelt_gkg
PANW,2021-02-22,12 Stocks Moving In Monday After - Hours Session,https://www.benzinga.com/news/21/02/19786277/12-stocks-moving-in-mondays-after-hours-session,benzinga.com,English,0.0,gdelt_gkg
PANW,2021-02-22,Dow Jones Futures Rise After Tech Stocks Sell Off As Tesla Stock Dives ; 3 Earnings Movers Late,https://www.investors.com/market-trend/stock-market-today/dow-jones-futures-stock-market-rally-tesla-stock-apple-stock-zoominfo-cadence-palo-alto-earnings/,investors.com,English,0.0,gdelt_gkg
PANW,2021-02-22,Palo Alto Network Stock Is Down . Strong Earnings Isnt Helping . ,https://www.marketwatch.com/articles/palo-alto-network-stock-is-down-strong-earnings-isnt-helping-51614035554,marketwatch.com,English,0.0,gdelt_gkg
PANW,2021-02-22,"Stocks Making the Biggest Moves After the Bell : Carnival , Palo Alto Networks , RealReal & More",https://www.nbcphiladelphia.com/news/business/money-report/stocks-making-the-biggest-moves-after-the-bell-carnival-palo-alto-networks-realreal-more/2715020/,nbcphiladelphia.com,English,0.0,gdelt_gkg
PANW,2021-02-22,"Industrial Control Systems Security Market is Booming Worldwide | Airbus , Palo Alto Networks , Rockwell Automation",https://www.sandiegosun.com/news/267904696/industrial-control-systems-security-market-is-booming-worldwide--airbus-palo-alto-networks-rockwell-automation,sandiegosun.com,English,0.0,gdelt_gkg
PANW,2021-02-22,Palo Alto Networks stock declines on outlook while quarterly results beat Street,https://www.marketwatch.com/story/palo-alto-networks-stock-declines-on-outlook-while-quarterly-results-beat-street-11614029334,marketwatch.com,English,0.0,gdelt_gkg
PANW,2021-02-22,Palo Alto Networks Reports Fiscal Second Quarter 2021 Financial Results,https://www.prnewswire.com:443/news-releases/palo-alto-networks-reports-fiscal-second-quarter-2021-financial-results-301232681.html,prnewswire.com,English,0.0,gdelt_gkg
PANW,2021-02-22,Exclusive Networks expands X - OD,https://www.computerweekly.com/microscope/news/252496685/Exclusive-Networks-expands-X-OD,computerweekly.com,English,0.0,gdelt_gkg
PANW,2021-02-22,North America Malware Analysis Market is Estimated To Record Double - Digit Growth Over Coming Year 2027 – KSU,https://ksusentinel.com/2021/02/22/north-america-malware-analysis-market-is-estimated-to-record-double-digit-growth-over-coming-year-2027/,ksusentinel.com,English,0.0,gdelt_gkg
PANW,2021-02-22,TAGESVORSCHAU : Termine am 22 . Februar 2021,https://www.finanznachrichten.de/nachrichten-2021-02/52078287-tagesvorschau-termine-am-22-februar-2021-016.htm,finanznachrichten.de,German,0.0,gdelt_gkg
PANW,2021-02-22,"Nvidia , Mattel , Domino and Other Stocks to Watch Out This Week",https://www.coinspeaker.com/nvidia-mattel-dominos-this-week/,coinspeaker.com,English,0.0,gdelt_gkg
PANW,2021-02-22,newratings . de,http://www.newratings.de/du/main/company_headline.m?nid=12640644,newratings.de,German,0.0,gdelt_gkg
PANW,2021-02-22,Börse Express - TAGESVORSCHAU : Termine am 22 . Februar 2021,https://www.boerse-express.com/news/articles/tagesvorschau-termine-am-22-februar-2021-297961,boerse-express.com,German,0.0,gdelt_gkg
PANW,2021-02-22,"Earnings Scheduled For February 22 , 2021",https://www.benzinga.com/news/earnings/21/02/19766963/earnings-scheduled-for-february-22-2021,benzinga.com,English,0.0,gdelt_gkg
PANW,2021-02-22,"5 Stocks To Watch For February 22 , 2021",https://www.benzinga.com/news/earnings/21/02/19767249/5-stocks-to-watch-for-february-22-2021,benzinga.com,English,0.0,gdelt_gkg
PANW,2021-02-22,Palo Alto Networks names new member to board of directors,https://www.telecompaper.com/news/palo-alto-networks-names-new-member-to-board-of-directors--1373215,telecompaper.com,English,0.0,gdelt_gkg
PANW,2021-02-22,SHI International saw its sales top $11 billion – Channel EYE,http://channeleye.co.uk/shi-international-saw-its-sales-top-11-billion/,channeleye.co.uk,English,0.0,gdelt_gkg
PANW,2021-02-22,2 timeless lessons for investors from the past year : Morning Brief,https://news.yahoo.com/stock-market-investor-lessons-coronavirus-pandemic-one-year-later-morning-brief-112011081.html,news.yahoo.com,English,0.0,gdelt_gkg
PANW,2021-02-22,"Incident Response Services Insights , Outlook till 2026 – KSU",https://ksusentinel.com/2021/02/22/incident-response-services-insights-outlook-till-2026/,ksusentinel.com,English,0.0,gdelt_gkg
PANW,2021-02-22,4 Reasons to Buy CyberArk After Its Q4 Earnings Beat,https://www.fool.com/investing/2021/02/22/4-reasons-to-buy-cyberark-after-q4-earnings-beat/?source=iedfolrf0000001,fool.com,English,0.0,gdelt_gkg
PANW,2021-02-22,"Futures Tumble , Cryptos Crumble As Yield Blowout Accelerates",https://www.zerohedge.com/markets/futures-tumble-cryptos-crumble-yield-blowout-accelerates,zerohedge.com,English,0.0,gdelt_gkg
PANW,2021-02-22,"Boeing Grounds Dow Jones Today , Stocks Slump As Bitcoin , Tesla Retreat : Virus Declines Continue",https://www.investors.com/market-trend/stock-market-today/boeing-dow-jones-today-stocks-futures-bitcoin-58000-coronavirus-declines/,investors.com,English,0.0,gdelt_gkg
PANW,2021-02-22,ענקית השבבים שצפויה לזנק ב - 20 % ועוד שתי מניות שאלטשולר צופים שיזנקו,https://www.bizportal.co.il/globalmarkets/news/article/789624,bizportal.co.il,Hebrew,0.0,gdelt_gkg
PANW,2021-02-22,What to Watch Today : Stocks Fall as S & P 500 and Nasdaq Try to Shake Off Down Week,https://www.nbcconnecticut.com/news/business/money-report/what-to-watch-today-stocks-fall-as-sp-and-nasdaq-try-to-shake-off-down-week/2428030/,nbcconnecticut.com,English,0.0,gdelt_gkg
PANW,2021-02-22,Palo Alto Networks Sends Cautionary Technical Signals Ahead of Earnings,https://realmoney.thestreet.com/investing/stocks/palo-alto-networks-sends-cautionary-technical-signals-ahead-of-earnings-15573326,realmoney.thestreet.com,English,0.0,gdelt_gkg
PANW,2021-02-22,NVIDIA and Salesforce to report earnings,http://www.proactiveinvestors.com/companies/news/941883/nvidia-and-salesforce-to-report-earnings-941883.html,proactiveinvestors.com,English,0.0,gdelt_gkg
PANW,2021-02-22,NVIDIA and Salesforce to report earnings,http://www.proactiveinvestors.co.uk/companies/news/941883/nvidia-and-salesforce-to-report-earnings-941883.html,proactiveinvestors.co.uk,English,0.0,gdelt_gkg
PANW,2021-02-23,S & P 500 Forecast : Day Ahead Outlook Tech suffers as Oil and consumer stocks rally,https://www.fxstreet.com/news/sp-500-forecast-day-ahead-outlook-tech-suffers-as-oil-and-consumer-stocks-rally-202102231425,fxstreet.com,English,0.0,gdelt_gkg
PANW,2021-02-23,Tempus Resource by ProSymmetry Now Available on Carahsoft SEWP V and NASPO Contracts,http://www.itnewsonline.com/GlobeNewswire/Tempus-Resource-by-ProSymmetry-Now-Available-on-Carahsoft-SEWP-Vand-NASPO-Contracts/16076,itnewsonline.com,English,0.0,gdelt_gkg
PANW,2021-02-23,"Palo Alto Networks , Inc . ( NYSE : PANW ) - Looking Into Palo Alto Networks Return On Capital Employed",https://www.benzinga.com/news/earnings/21/02/19798898/looking-into-palo-alto-networkss-return-on-capital-employed,benzinga.com,English,0.0,gdelt_gkg
PANW,2021-02-23,"Cybersecurity in Education Market SWOT Analysis By Key Players McAfee , Micro Focus , Microsoft",https://www.texasguardian.com/news/267910328/cybersecurity-in-education-market-swot-analysis-by-key-players-mcafee-micro-focus-microsoft,texasguardian.com,English,0.0,gdelt_gkg
PANW,2021-02-23,"Benzinga Top Ratings Upgrades , Downgrades For February 23 , 2021",https://www.benzinga.com/analyst-ratings/upgrades/21/02/19799074/benzingas-top-ratings-upgrades-downgrades-for-february-23-2021,benzinga.com,English,0.0,gdelt_gkg
PANW,2021-02-23,"23Feb2021 Pre - Market Commentary : Wall Street Futures Tumble As Tech Stocks , Cryptocurrencies Crash , DOW Up 16 Points , Nasdaq Down - 1 . 8 %, WTI Crude Rises 62 . 01 , Bitcoin Sinks 48600",http://econintersect.com/pages/market/market.php?post=202102230743,econintersect.com,English,0.0,gdelt_gkg
PANW,2021-02-23,Tempus Resource by ProSymmetry Now Available on Carahsoft SEWP V and NASPO Contracts,https://www.tmcnet.com/usubmit/-tempus-resource-prosymmetry-now-available-carahsoft-sewp-v-/2021/02/23/9313001.htm,tmcnet.com,English,0.0,gdelt_gkg
PANW,2021-02-23,Tempus Resource by ProSymmetry Now Available on Carahsoft SEWP V and NASPO Contracts,https://www.tmcnet.com/usubmit/2021/02/23/9313001.htm,tmcnet.com,English,0.0,gdelt_gkg
PANW,2021-02-23,U . S . Stocks Firmly Negative After Failed Recovery Attempt,https://www.finanznachrichten.de/nachrichten-2021-02/52100974-u-s-stocks-firmly-negative-after-failed-recovery-attempt-020.htm,finanznachrichten.de,English,0.0,gdelt_gkg
PANW,2021-02-23,Thomson Reuter fourth - quarter revenue comes in better than last year . ,https://invezz.com/news/2021/02/23/thomson-reuters-fourth-quarter-revenue-comes-in-better-than-last-year/,invezz.com,English,0.0,gdelt_gkg
PANW,2021-02-23,Digital Journal : A Global Digital Media Network,http://m.digitaljournal.com/pr/4983513,m.digitaljournal.com,English,0.0,gdelt_gkg
PANW,2021-02-23,Cloud Network Security Market 2020 | Overview with Detailed,https://www.openpr.com/news/2247466/cloud-network-security-market-2020-overview-with-detailed,openpr.com,English,0.0,gdelt_gkg
PANW,2021-02-23,Palo Alto Networks Posts First $1 Billion Sales Quarter,https://www.datacenterknowledge.com:443/investing/palo-alto-networks-posts-first-1-billion-sales-quarter,datacenterknowledge.com,English,0.0,gdelt_gkg
PANW,2021-02-23,"Nautilus , Cracker Barrell fall ; Ingersoll , Extra Space rise",https://www.chron.com/business/article/Nautilus-Cracker-Barrell-fall-Ingersoll-Extra-15973425.php,chron.com,English,0.0,gdelt_gkg
PANW,2021-02-23,"Nautilus , Cracker Barrell fall ; Ingersoll , Extra Space rise",http://www.therepublic.com/2021/02/23/financial-markets-stocks-13/,therepublic.com,English,0.0,gdelt_gkg
PANW,2021-02-23,"Cybersecurity in Education Market SWOT Analysis By Key Players McAfee , Micro Focus , Microsoft",https://www.sandiegosun.com/news/267910328/cybersecurity-in-education-market-swot-analysis-by-key-players-mcafee-micro-focus-microsoft,sandiegosun.com,English,0.0,gdelt_gkg
PANW,2021-02-23,Securing enterprise IoT devices with an advanced SD - WAN edge platform,https://www.networkworld.com/article/3608989/securing-enterprise-iot-devices-with-an-advanced-sd-wan-edge-platform.html,networkworld.com,English,0.0,gdelt_gkg
PANW,2021-02-23,"Nautilus , Cracker Barrell fall ; Ingersoll , Extra Space rise",https://www.washingtontimes.com/news/2021/feb/23/nautilus-cracker-barrell-fall-ingersoll-extra-spac/,washingtontimes.com,English,0.0,gdelt_gkg
PANW,2021-02-23,"Nautilus , Cracker Barrell fall ; Ingersoll , Extra Space rise",https://abcnews.go.com/Business/wireStory/nautilus-cracker-barrell-fall-ingersoll-extra-space-rise-76073144,abcnews.go.com,English,0.0,gdelt_gkg
PANW,2021-02-23,"Cybersecurity in Education Market SWOT Analysis By Key Players McAfee , Micro Focus , Microsoft",https://www.newyorktelegraph.com/news/267910328/cybersecurity-in-education-market-swot-analysis-by-key-players-mcafee-micro-focus-microsoft,newyorktelegraph.com,English,0.0,gdelt_gkg
PANW,2021-02-23,The Network : The Washington Post regular survey of cybersecurity experts,https://www.washingtonpost.com/politics/2021/02/23/cybersecurity-202-network/?arc404=true,washingtonpost.com,English,0.0,gdelt_gkg
PANW,2021-02-23,"Dow Jones Shows Strength Amid Tech Sell - Off ; Bitcoin Dives , But Shopify Stock Bounces Off Key Support Level",https://www.investors.com/market-trend/stock-market-today/dow-jones-shows-strength-amid-tech-sell-off-bitcoin-dives/,investors.com,English,0.0,gdelt_gkg
PANW,2021-02-23,"Remote Access Management Market Next Big Thing | Major Giants Cisco Systems , Juniper Networks , VMware",https://www.texasguardian.com/news/267911695/remote-access-management-market-next-big-thing--major-giants-cisco-systems-juniper-networks-vmware,texasguardian.com,English,0.0,gdelt_gkg
PANW,2021-02-23,"Remote Access Management Market Next Big Thing | Major Giants Cisco Systems , Juniper Networks , VMware",https://www.sandiegosun.com/news/267911695/remote-access-management-market-next-big-thing--major-giants-cisco-systems-juniper-networks-vmware,sandiegosun.com,English,0.0,gdelt_gkg
PANW,2021-02-23,"Nautilus , Cracker Barrell fall ; Ingersoll , Extra Space rise",https://www.sfgate.com/business/article/Nautilus-Cracker-Barrell-fall-Ingersoll-Extra-15973425.php,sfgate.com,English,0.0,gdelt_gkg
PANW,2021-02-23,"Global Cloud Access Security Brokers Market 2020 Report - Trends in Technological Strategies , Business Advancements and Top - Vendor Landscape to 2025",https://www.marketwatch.com/press-release/global-cloud-access-security-brokers-market-2020-report---trends-in-technological-strategies-business-advancements-and-top-vendor-landscape-to-2025-2021-02-23,marketwatch.com,English,0.0,gdelt_gkg
PANW,2021-02-23,"Remote Access Management Market Next Big Thing | Major Giants Cisco Systems , Juniper Networks , VMware",https://www.newyorktelegraph.com/news/267911695/remote-access-management-market-next-big-thing--major-giants-cisco-systems-juniper-networks-vmware,newyorktelegraph.com,English,0.0,gdelt_gkg
PANW,2021-02-23,"Night - Time Running and Trading , Tech Beatdown , Yellen on Bitcoin , My Nvidia Plan",https://realmoney.thestreet.com/investing/stocks/night-time-running-and-trading-tech-beatdown-yellen-on-bitcoin-my-nvidia-plan-15574556,realmoney.thestreet.com,English,0.0,gdelt_gkg
PANW,2021-02-23,"Palo Alto Networks Probes New Equity Structure For Cloud , AI Unit",https://www.crn.com/news/security/palo-alto-networks-probes-new-equity-structure-for-cloud-ai-unit,crn.com,English,0.0,gdelt_gkg
PANW,2021-02-23,"5 Stocks To Watch For February 23 , 2021",https://www.benzinga.com/news/earnings/21/02/19790151/5-stocks-to-watch-for-february-23-2021,benzinga.com,English,0.0,gdelt_gkg
PANW,2021-02-23,Palo Alto Networks ( PANW ) Q2 2021 Earnings Call Transcript,https://www.fool.com/earnings/call-transcripts/2021/02/23/palo-alto-networks-panw-q2-2021-earnings-call-tran/?source=iedfolrf0000001,fool.com,English,0.0,gdelt_gkg
PANW,2021-02-23,Extreme Networks Signs Deal with MLB for Analytics,https://www.eweek.com/big-data-and-analytics/extreme-networks-signs-partnership-with-mlb-for-analytics/,eweek.com,English,0.0,gdelt_gkg
PANW,2021-02-23,Security giant Palo Alto Networks posts strong earnings results,https://siliconangle.com/2021/02/22/palo-alto-networks-posts-strong-q2-results/,siliconangle.com,English,0.0,gdelt_gkg
PANW,2021-02-23,Palo Alto Networks reports £101 million of loss in fiscal Q2 . ,https://invezz.com/news/2021/02/22/palo-alto-networks-reports-101-million-of-loss-in-fiscal-q2/,invezz.com,English,0.0,gdelt_gkg
PANW,2021-02-23,Palo Alto Stock Falls ; Earnings Guidance Meets Expectations | Investor Business Daily,https://www.investors.com/news/technology/palo-alto-stock-panw-palo-alto-earnings-q42020/,investors.com,English,0.0,gdelt_gkg
PANW,2021-02-23,"Stocks Making the Biggest Moves After the Bell : Carnival , Palo Alto Networks , RealReal & More",https://www.nbcconnecticut.com/news/business/money-report/stocks-making-the-biggest-moves-after-the-bell-carnival-palo-alto-networks-realreal-more/2428527/,nbcconnecticut.com,English,0.0,gdelt_gkg
PANW,2021-02-23,Market movers : Stocks seeing action on Tuesday - and why,https://www.theglobeandmail.com/investing/markets/inside-the-market/article-market-movers-stocks-seeing-action-on-tuesday-and-why-91/,theglobeandmail.com,English,0.0,gdelt_gkg
PANW,2021-02-23,"Zscaler , CrowdStrike : Cybersecurity Stocks To Watch After The SolarWinds Attack",https://www.forbes.com/sites/greatspeculations/2021/02/23/zscaler-crowdstrike-cybersecurity-stocks-to-watch-after-the-solarwinds-attack/,forbes.com,English,0.0,gdelt_gkg
PANW,2021-02-23,Palo Alto Networks Reports Fiscal Second Quarter 2021 Financial Results,https://www.marketwatch.com/press-release/palo-alto-networks-reports-fiscal-second-quarter-2021-financial-results-2021-02-22,marketwatch.com,English,0.0,gdelt_gkg
PANW,2021-02-23,Global 5G Security Industry to 2026 - Increasing Operator Investments for Dynamic Infrastructure Presents Opportunities,https://www.tmcnet.com/usubmit/2021/02/22/9311903.htm,tmcnet.com,English,0.0,gdelt_gkg
PANW,2021-02-23,A Peek Into The Markets : US Stock Futures Edge Lower Ahead Of Powell Testimony,https://www.benzinga.com/news/earnings/21/02/19791811/a-peek-into-the-markets-us-stock-futures-down-ahead-of-powell-testimony,benzinga.com,English,0.0,gdelt_gkg
PANW,2021-02-23,"Industrial Control Systems Security Market is Booming Worldwide | Airbus , Palo Alto Networks , Rockwell Automation",https://www.texasguardian.com/news/267904696/industrial-control-systems-security-market-is-booming-worldwide--airbus-palo-alto-networks-rockwell-automation,texasguardian.com,English,0.0,gdelt_gkg
PANW,2021-02-23,"Cloud Security Posture Management Market Size , Share and Global Market Forecast to 2026",http://www.comunicati.net/comunicati/aziende/informatica/information_technology/690983.html,comunicati.net,English,0.0,gdelt_gkg
PANW,2021-02-23,"Palo Alto Networks Falls Despite Earnings Beat , Upgraded Outlook",http://www.msn.com/en-us/money/topstocks/palo-alto-networks-falls-despite-earnings-beat-upgraded-outlook/ar-BB1dUXs3,msn.com,English,0.0,gdelt_gkg
PANW,2021-02-23,Maturing Your Cloud Security Program - InformationWeek,https://www.informationweek.com/strategic-cio/maturing-your-cloud-security-program/d/d-id/1340035?cid=smartbox_techweb_whitepaper_14.500004418&_mc=smartbox_techweb_whitepaper_14.500004418,informationweek.com,English,0.0,gdelt_gkg
PANW,2021-02-23,"Stocks Making the Biggest Moves Premarket : Home Depot , Palo Alto Networks , Shopify , AMC & More",https://www.nbcphiladelphia.com/news/business/money-report/stocks-making-the-biggest-moves-premarket-home-depot-palo-alto-networks-shopify-amc-more/2715572/,nbcphiladelphia.com,English,0.0,gdelt_gkg
PANW,2021-02-23,Palo Alto Networks snaps up Bridgecrew – Channel EYE,http://channeleye.co.uk/palo-alto-networks-snaps-up-bridgecrew/,channeleye.co.uk,English,0.0,gdelt_gkg
PANW,2021-02-23,"Unified Threat Management Market Size , Share , Company Profile , Regional Trends and Industry Expansion Strategies 2023",https://www.marketwatch.com/press-release/unified-threat-management-market-size-share-company-profile-regional-trends-and-industry-expansion-strategies-2023-2021-02-23,marketwatch.com,English,0.0,gdelt_gkg
PANW,2021-02-23,"Home Depot , Tesla Fall Premarket ; Macy Rises By Investing . com",https://www.investing.com/news/stock-market-news/home-depot-tesla-fall-premarket-macys-rises-2426742,investing.com,English,0.0,gdelt_gkg
PANW,2021-02-23,"Stocks Making the Biggest Moves Premarket : Home Depot , Palo Alto Networks , Shopify , AMC & More",https://www.nbcconnecticut.com/news/business/money-report/stocks-making-the-biggest-moves-premarket-home-depot-palo-alto-networks-shopify-amc-more/2428831/,nbcconnecticut.com,English,0.0,gdelt_gkg
PANW,2021-02-23,Bridgecrew – Channel EYE,http://channeleye.co.uk/tag/bridgecrew/,channeleye.co.uk,English,0.0,gdelt_gkg
PANW,2021-02-23,The Mimecast Ecosystem Now Offers Over 60 Cybersecurity and Compliance Integrations,https://www.tmcnet.com/usubmit/2021/02/23/9312220.htm,tmcnet.com,English,0.0,gdelt_gkg
PANW,2021-02-23,10 Biggest Price Target Changes For Tuesday,https://www.benzinga.com/markets/penny-stocks/21/02/19793942/10-biggest-price-target-changes-for-tuesday,benzinga.com,English,0.0,gdelt_gkg
PANW,2021-02-23,Exclusive Networks widens X - OD options – Channel EYE,http://channeleye.co.uk/exclusive-networks-widens-x-od-options/,channeleye.co.uk,English,0.0,gdelt_gkg
PANW,2021-02-24,World Largest Virtual Gathering of Technology Entrepreneurs Happening at TiEcon 2021,https://www.prnewswire.com/news-releases/worlds-largest-virtual-gathering-of-technology-entrepreneurs-happening-at-tiecon-2021-301234680.html,prnewswire.com,English,0.0,gdelt_gkg
PANW,2021-02-24,The Mimecast Ecosystem now offers over 60 cybersecurity and compliance integrations,https://www.zawya.com/mena/en/press-releases/story/The_Mimecast_Ecosystem_now_offers_over_60_cybersecurity_and_compliance_integrations-ZAWYA20210224055757/,zawya.com,English,0.0,gdelt_gkg
PANW,2021-02-24,The Realities of Extended Detection and Response ... ,https://www.darkreading.com/vulnerabilities---threats/the-realities-of-extended-detection-and-response-(xdr)-technology-/a/d-id/1340201,darkreading.com,English,0.0,gdelt_gkg
PANW,2021-02-24,"MEA Cybersecurity Market Forecast to 2023 by Solutions , Services , Major Vendors , Security Type , Deployment Mode , Organization Size , Verticals",https://www.marketwatch.com/press-release/mea-cybersecurity-market-forecast-to-2023-by-solutions-services-major-vendors-security-type-deployment-mode-organization-size-verticals-2021-02-24,marketwatch.com,English,0.0,gdelt_gkg
PANW,2021-02-24,"Web Filtering Market to 2027 , Future Outlook , COVID - 19 Impact",https://www.openpr.com/news/2248216/web-filtering-market-to-2027-future-outlook-covid-19-impact,openpr.com,English,0.0,gdelt_gkg
PANW,2021-02-24,"5G Security Market Size , Industry Share , Trends , Growth Analysis , Applications and Forecast to 2027 – KSU",https://ksusentinel.com/2021/02/24/5g-security-market-size-industry-share-trends-growth-analysis-applications-and-forecast-to-2027/,ksusentinel.com,English,0.0,gdelt_gkg
PANW,2021-02-24,World Largest Virtual Gathering of Technology Entrepreneurs Happening at TiEcon 2021,https://www.prnewswire.com:443/news-releases/worlds-largest-virtual-gathering-of-technology-entrepreneurs-happening-at-tiecon-2021-301234680.html,prnewswire.com,English,0.0,gdelt_gkg
PANW,2021-02-24,Tempus Resource by ProSymmetry Now Available on Carahsoft SEWP V and NASPO Contracts,https://www.marketwatch.com/press-release/tempus-resource-by-prosymmetry-now-available-on-carahsoft-sewp-v-and-naspo-contracts-2021-02-23,marketwatch.com,English,0.0,gdelt_gkg
PANW,2021-02-24,Cloud Security Market In - Depth Analysis with Booming Trends Supporting Growth and Forecast 2020 - 2027,https://www.marketwatch.com/press-release/cloud-security-market-in-depth-analysis-with-booming-trends-supporting-growth-and-forecast-2020-2027-2021-02-24,marketwatch.com,English,0.0,gdelt_gkg
PANW,2021-02-24,Президент Армении поздравил Гарибашвили в связи с вступлением в должность премьер - министра Грузии | Новости Армении - АРМЕНПРЕСС Армянское информационное агентство,https://armenpress.am/rus/news/1044408/,armenpress.am,Russian,0.0,gdelt_gkg
PANW,2021-02-24,"Nautilus , Cracker Barrell fall ; Ingersoll , Extra Space rise",http://www.tribtown.com/2021/02/23/financial-markets-stocks-13/,tribtown.com,English,0.0,gdelt_gkg
PANW,2021-02-24,"Nautilus , Cracker Barrell fall ; Ingersoll , Extra Space rise",http://www.dailyjournal.net/2021/02/23/financial-markets-stocks-13/,dailyjournal.net,English,0.0,gdelt_gkg
PANW,2021-02-24,Palo Alto ( PANW ) 2020 Q4 Earnings Results,https://www.insidermonkey.com/blog/palo-alto-panw-2020-q4-earnings-results-921424/,insidermonkey.com,English,0.0,gdelt_gkg
PANW,2021-02-24,"Cloud Security Posture Management Market : Special Emphasis on Market Size , Industry Outlook , Competitive Intelligence , & Forecast till 2026 – KSU",https://ksusentinel.com/2021/02/24/cloud-security-posture-management-market-special-emphasis-on-market-size-industry-outlook-competitive-intelligence-forecast-till-2026/,ksusentinel.com,English,0.0,gdelt_gkg
PANW,2021-02-24,Palo Alto Networks ( PANW ) Q2 2021 Earnings Call Transcript,https://www.fool.com/earnings/call-transcripts/2021/02/23/palo-alto-networks-panw-q2-2021-earnings-call-tran/,fool.com,English,0.0,gdelt_gkg
PANW,2021-02-25,Global Cloud Network Security Software Industry ( 2020 to 2027 ) - Market Trajectory & Analytics - Press Release,http://www.digitaljournal.com/pr/4986547,digitaljournal.com,English,0.0,gdelt_gkg
PANW,2021-02-25,Mimecast bolsters security alliances to improve threat detection and response offerings,https://www.itp.net/security/96210-mimecast-expands-security-ecosystem-to-improve-threat-detection-and-response-offerings,itp.net,English,0.0,gdelt_gkg
PANW,2021-02-25,Worldwide Cybersecurity Industry to 2026 - Government Driven 5G Replacement Presents Opportunities - ResearchAndMarkets . com,https://www.businesswire.com/news/home/20210225005961/en/Worldwide-Cybersecurity-Industry-to-2026---Government-Driven-5G-Replacement-Presents-Opportunities---ResearchAndMarkets.com,businesswire.com,English,0.0,gdelt_gkg
PANW,2021-02-25,Carahsoft Expands Access to IT Asset Management and Cybersecurity Solutions for U . S . Department of Defense,https://www.tmcnet.com/usubmit/2021/02/25/9315086.htm,tmcnet.com,English,0.0,gdelt_gkg
PANW,2021-02-25,"Global $11 . 35 Billion 5G IoT Market Share , Size , Trends , Industry Analysis to 2027",https://apnews.com/press-release/business-wire/technology-business-corporate-news-products-and-services-communication-technology-496de6a28c3142e48ecaba784a572220,apnews.com,English,0.0,gdelt_gkg
PANW,2021-02-25,Palo Alto on refreshed programme :  New specialisations will drive partner expertise in high growth markets  ,https://www.channelweb.co.uk/news/4027702/palo-alto-refreshed-programme-specialisations-drive-partner-expertise-growth-markets,channelweb.co.uk,English,0.0,gdelt_gkg
PANW,2021-02-25,5 Big Changes Coming To Palo Alto Network Partner Program,https://www.crn.com/news/security/5-big-changes-coming-to-palo-alto-networks-partner-program,crn.com,English,0.0,gdelt_gkg
PANW,2021-02-25,Educational Adaptation Required to Close the Cyber - Skills Gap,https://www.infosecurity-magazine.com:443/news/adapting-education-close-cyber/,infosecurity-magazine.com,English,0.0,gdelt_gkg
PANW,2021-02-25,"Palo Alto Networks Launches NextWave 3 . 0 to Help Partners Build Expertise in Dynamic , High - Growth Security Markets",https://www.prnewswire.com:443/news-releases/palo-alto-networks-launches-nextwave-3-0-to-help-partners-build-expertise-in-dynamic-high-growth-security-markets-301235447.html,prnewswire.com,English,0.0,gdelt_gkg
PANW,2021-02-25,Cyren Ltd : Cyren Joins Palo Alto Networks Cortex XSOAR Marketplace,https://www.finanznachrichten.de/nachrichten-2021-02/52125572-cyren-ltd-cyren-joins-palo-alto-networks-cortex-xsoar-marketplace-200.htm,finanznachrichten.de,English,0.0,gdelt_gkg
PANW,2021-02-25,Partner specialisation kick - starts new channel direction for Palo Alto Networks,https://www.arnnet.com.au/article/686550/partner-specialisation-kick-starts-new-channel-direction-palo-alto-networks/,arnnet.com.au,English,0.0,gdelt_gkg
PANW,2021-02-25,Proactive Security Market is Expected to Register a CAGR of 16 . 4 % During The Forecast Period to Reach USD 43 . 4 billion by 2024,https://www.marketwatch.com/press-release/proactive-security-market-is-expected-to-register-a-cagr-of-164-during-the-forecast-period-to-reach-usd-434-billion-by-2024-2021-02-25,marketwatch.com,English,0.0,gdelt_gkg
PANW,2021-02-25,"Operational Technology Endpoint Security Market Global Industry Size Analysis 2021 By Major Key Players are Microsoft , CrowdStrike , Symantec Corporation , Trend Micro Incorporated , Sophos Ltd , McAfee , LLC , – KSU",https://ksusentinel.com/2021/02/25/operational-technology-endpoint-security-market-global-industry-size-analysis-2021-by-major-key-players-are-microsoft-crowdstrike-symantec-corporation-trend-micro-incorporated-sophos-ltd-mcafee/,ksusentinel.com,English,0.0,gdelt_gkg
PANW,2021-02-25,The Changing Needs for Enterprise DLP,https://www.bankinfosecurity.com/changing-needs-for-enterprise-dlp-a-16051,bankinfosecurity.com,English,0.0,gdelt_gkg
PANW,2021-02-25,Container Security : Which solution is best ? ,https://www.idgconnect.com/article/3608954/container-security-which-solution-is-best.html,idgconnect.com,English,0.0,gdelt_gkg
PANW,2021-02-25,Partner specialisation kick - starts new channel direction for Palo Alto Networks,https://www.reseller.co.nz/article/686550/partner-specialisation-kick-starts-new-channel-direction-palo-alto-networks/,reseller.co.nz,English,0.0,gdelt_gkg
PANW,2021-02-25,IT News Online - Cyren Joins Palo Alto Networks Cortex XSOAR Marketplace,http://www.itnewsonline.com/news/Cyren-Joins-Palo-Alto-Networks-Cortex-XSOAR-Marketplace/3341,itnewsonline.com,English,0.0,gdelt_gkg
PANW,2021-02-26,"USA , Germany , united kingdom : From systems engineer to data centre mechanics guru , here are this week jobs",https://www.theregister.com/2021/02/26/jobs_alert/,theregister.com,English,0.0,gdelt_gkg
PANW,2021-02-26,"Insights on the Cloud Network Security Software Global Market to 2027 - Featuring Cisco Systems , Dell Technologies & Digital Guardian Among Others",https://www.tmcnet.com/usubmit/2021/02/26/9315819.htm,tmcnet.com,English,0.0,gdelt_gkg
PANW,2021-02-26,5 Companies That Came To Win This Week,https://www.crn.com/news/channel-programs/5-companies-that-came-to-win-this-week-feb-26,crn.com,English,0.0,gdelt_gkg
PANW,2021-02-26,Everything you need to know about Darktrace,https://www.cityindex.co.uk/market-analysis/everything-you-need-to-know-about-darktrace/,cityindex.co.uk,English,0.0,gdelt_gkg
PANW,2021-02-26,"Insights on the Cloud Network Security Software Global Market to 2027 - Featuring Cisco Systems , Dell Technologies & Digital Guardian Among Others",https://www.prnewswire.com:443/news-releases/insights-on-the-cloud-network-security-software-global-market-to-2027---featuring-cisco-systems-dell-technologies--digital-guardian-among-others-301236655.html,prnewswire.com,English,0.0,gdelt_gkg
PANW,2021-02-26,Artificial Intelligence in Security Market Statistics and Research Analysis Detailed in Latest Research Report 2021 - 2028,https://www.marketwatch.com/press-release/artificial-intelligence-in-security-market-statistics-and-research-analysis-detailed-in-latest-research-report-2021-2028-2021-02-26,marketwatch.com,English,0.0,gdelt_gkg
PANW,2021-02-26,"Insights on the Cloud Network Security Software Global Market to 2027 - Featuring Cisco Systems , Dell Technologies & Digital Guardian Among Others",https://www.prnewswire.com/news-releases/insights-on-the-cloud-network-security-software-global-market-to-2027---featuring-cisco-systems-dell-technologies--digital-guardian-among-others-301236655.html,prnewswire.com,English,0.0,gdelt_gkg
PANW,2021-02-26,Security Appliances Market 2020 - Industry Forecast & Leading Key Players Analysis Report by 2025,http://www.comunicati.net/comunicati/arte/teatro/692063.html,comunicati.net,English,0.0,gdelt_gkg
PANW,2021-02-26,"5G Security Market Growing at a CAGR 44 . 3 % | Key Player Ericsson , Cisco , Huawei , Nokia , Juniper Networks",https://www.marketwatch.com/press-release/5g-security-market-growing-at-a-cagr-443-key-player-ericsson-cisco-huawei-nokia-juniper-networks-2021-02-25,marketwatch.com,English,0.0,gdelt_gkg
PANW,2021-02-26,Zscaler Rides Channel Wave To Go After Smaller Enterprises,https://www.crn.com/news/security/zscaler-rides-channel-wave-to-go-after-smaller-enterprises,crn.com,English,0.0,gdelt_gkg
PANW,2021-02-26,Webinar | The EVIL - Ution Of Ransomware In 2021 - Top Protection Tips,https://www.bankinfosecurity.com/webinars/webinar-evil-ution-ransomware-in-2021-top-protection-tips-w-2919,bankinfosecurity.com,English,0.0,gdelt_gkg
PANW,2021-02-26,4 big changes coming to Palo Alto Network partner program - Networking,https://www.crn.com.au/news/4-big-changes-coming-to-palo-alto-networks-partner-program-561514,crn.com.au,English,0.0,gdelt_gkg
PANW,2021-02-26,Global Zero Trust Security Market Report 2021 : Market is Projected to Grow from $19 . 6 Billion in 2020 to $51 . 6 Billion by 2026,http://www.globenewswire.com/news-release/2021/02/26/2183403/0/en/Global-Zero-Trust-Security-Market-Report-2021-Market-is-Projected-to-Grow-from-19-6-Billion-in-2020-to-51-6-Billion-by-2026.html,globenewswire.com,English,0.0,gdelt_gkg
PANW,2021-02-26,Webinar | The EVIL - Ution Of Ransomware In 2021 - Top Protection Tips,https://www.govinfosecurity.com/webinars/webinar-evil-ution-ransomware-in-2021-top-protection-tips-w-2919,govinfosecurity.com,English,0.0,gdelt_gkg
PANW,2021-02-27,Billionaire Stan Druckenmiller Top 10 Stock Picks,https://www.insidermonkey.com/blog/billionaire-stan-druckenmillers-top-10-stock-picks-921729/,insidermonkey.com,English,0.0,gdelt_gkg
PANW,2021-02-28,5 No - Brainer Stocks to Buy in a Biden Bull Market,https://www.fool.com/investing/2021/02/28/5-no-brainer-stocks-to-buy-in-a-biden-bull-market/,fool.com,English,0.0,gdelt_gkg
PANW,2021-02-28,GOOD NEWS FROM AMAZING ISRAEL FROM MICHAEL ORDMAN,http://www.ruthfullyyours.com/2021/02/28/good-news-from-amazing-israel-from-michael-ordman-122/,ruthfullyyours.com,English,0.0,gdelt_gkg
PANW,2021-02-28,2 compelling ASX shares to buy in March 2021,https://www.fool.com.au/2021/02/28/2-compelling-asx-shares-to-buy-in-march-2021/,fool.com.au,English,0.0,gdelt_gkg
PANW,2021-02-28,5 No - Brainer Stocks to Buy in a Biden Bull Market,https://www.fool.com/investing/2021/02/28/5-no-brainer-stocks-to-buy-in-a-biden-bull-market/?source=iedfolrf0000001,fool.com,English,0.0,gdelt_gkg
PANW,2021-03-01,Panorays Recognized as a Strong Performer by Independent Research Firm in Cybersecurity Risk Ratings Platforms Report,https://insurancenewsnet.com/oarticle/panorays-recognized-as-a-strong-performer-by-independent-research-firm-in-cybersecurity-risk-ratings-platforms-report,insurancenewsnet.com,English,0.0,gdelt_gkg
PANW,2021-03-01,Arista Networks Correction Does Not Appear to Be Over,https://realmoney.thestreet.com/investing/stocks/arista-networks-correction-does-not-appear-to-be-over-15580762,realmoney.thestreet.com,English,0.0,gdelt_gkg
PANW,2021-03-01,"Palo Alto Networks appoints Valluri as regional VP for India , SAARC",https://www.thehindu.com/business/palo-alto-networks-appoints-valluri-as-regional-vp-for-india-saarc/article33965921.ece,thehindu.com,English,0.0,gdelt_gkg
PANW,2021-03-01,SentinelOne eyes US$10b IPO : report,https://www.crn.com.au/news/sentinelone-eyes-us10b-ipo-report-561631,crn.com.au,English,0.0,gdelt_gkg
PANW,2021-03-01,5 Reasons to Buy Palo Alto Network Post - Earnings Dip,https://www.fool.com/investing/2021/03/01/5-reasons-to-buy-palo-alto-networks-post-earnings/?source=iedfolrf0000001,fool.com,English,0.0,gdelt_gkg
PANW,2021-03-01,SentinelOne Eyes $10B IPO For Later This Year : Report,https://www.crn.com/news/security/sentinelone-eyes-10b-ipo-for-later-this-year-report,crn.com,English,0.0,gdelt_gkg
PANW,2021-03-01,"Robin . io Embraces IBM Cloud Satellite with Container - Native Storage , Advanced Data Management Capabilities",https://www.prweb.com/releases/robin_io_embraces_ibm_cloud_satellite_with_container_native_storage_advanced_data_management_capabilities/prweb17760916.htm,prweb.com,English,0.0,gdelt_gkg
PANW,2021-03-01,Making sense of the united kingdom Cybersecurity Sector - When IT Meets Politics,https://www.computerweekly.com/blog/When-IT-Meets-Politics/Making-sense-of-the-UK-Cybersecurity-Scene,computerweekly.com,English,0.0,gdelt_gkg
PANW,2021-03-01,Palo Alto Networks boosts partner expertise with NextWave 3 . 0,https://www.itp.net/business/96268-palo-alto-networks-boosts-partners-expertise-with-nextwave-30,itp.net,English,0.0,gdelt_gkg
PANW,2021-03-01,ITArmi : Playing matchmaker for a global IT engineering workforce,https://www.siliconrepublic.com/start-ups/itarmi-it-engineers-app-location,siliconrepublic.com,English,0.0,gdelt_gkg
PANW,2021-03-01,Tesserent losses deepen to $6M after 5 acquisitions in 6 months,https://www.arnnet.com.au/article/686586/tesserent-losses-deepen-6m-after-5-acquisitions-6-months/,arnnet.com.au,English,0.0,gdelt_gkg
PANW,2021-03-01,"Global Zero Trust Security Market Report 2021 - 2025 : Market Dynamics , Value Chain Analysis , Use Cases , Ecosystem , Technology , Pricing Model , Patent Analysis",https://www.prnewswire.com:443/news-releases/global-zero-trust-security-market-report-2021-2025-market-dynamics-value-chain-analysis-use-cases-ecosystemtechnology-pricing-model-patent-analysis-301237468.html,prnewswire.com,English,0.0,gdelt_gkg
PANW,2021-03-01,Robust solutions identified to close the human talent gap in Cyber Security and Artificial Intelligence,https://www.prweb.com/releases/robust_solutions_identified_to_close_the_human_talent_gap_in_cyber_security_and_artificial_intelligence/prweb17758761.htm,prweb.com,English,0.0,gdelt_gkg
PANW,2021-03-01,Three young cyber companies are about to join Israel stable of unicorns,"https://www.calcalistech.com/ctech/articles/0,7340,L-3896098,00.html",calcalistech.com,English,0.0,gdelt_gkg
PANW,2021-03-01,קדחת היוניקורן : 3 חברות נוספות בדרך למיליארד,"https://www.calcalist.co.il/internet/articles/0,7340,L-3896030,00.html",calcalist.co.il,Hebrew,0.0,gdelt_gkg
PANW,2021-03-01,Corporate sustainability initiatives may open doors for carbon offset startups – TechCrunch,https://techcrunch.com/2021/03/01/corporate-sustainability-initiatives-may-open-doors-for-carbon-offset-startups/,techcrunch.com,English,0.0,gdelt_gkg
PANW,2021-04-28,"User Behavior Analytics Market – Major Technology Giants in Buzz Again | Bay Dynamics , Gurucul , Splunk – KSU",https://ksusentinel.com/2021/04/28/user-behavior-analytics-market-major-technology-giants-in-buzz-again-bay-dynamics-gurucul-splunk/,ksusentinel.com,English,0.0,gdelt_gkg
PANW,2021-04-28,Microsoft weighs revamping flaw disclosures after suspected leak,https://www.mdjonline.com/tribune/business/microsoft-weighs-revamping-flaw-disclosures-after-suspected-leak/article_6e7e8c79-fb2c-541c-bc1c-1ce44e1e176c.html,mdjonline.com,English,0.0,gdelt_gkg
PANW,2021-04-28,"Virtual Firewalls Market Investment Analysis | Cisco Systems Inc , Quick Heal Technologies Ltd , Sentia Solutions – KSU",https://ksusentinel.com/2021/04/28/virtual-firewalls-market-investment-analysis-cisco-systems-inc-quick-heal-technologies-ltd-sentia-solutions/,ksusentinel.com,English,0.0,gdelt_gkg
PANW,2021-04-28,Illumio Eyes $250M Funding Round At $2 . 9B Valuation : Report,https://www.crn.com/news/security/illumio-eyes-250m-funding-round-at-2-9b-valuation-report,crn.com,English,0.0,gdelt_gkg
PANW,2021-04-28,Enterprise Security at Home : Remote Access Options,https://www.eweek.com/security/enterprise-security-at-home-remote-access-options/,eweek.com,English,0.0,gdelt_gkg
PANW,2021-04-28,Microsoft weighs revamping flaw disclosures after suspected leak,https://techxplore.com/news/2021-04-microsoft-revamping-flaw-disclosures-leak.html,techxplore.com,English,0.0,gdelt_gkg
PANW,2021-04-28,Operatix has Supported 30 Vendors on Their Path to Acquisition,https://www.prnewswire.com/news-releases/operatix-has-supported-30-vendors-on-their-path-to-acquisition-301279305.html,prnewswire.com,English,0.0,gdelt_gkg
PANW,2021-04-28,Operatix has Supported 30 Vendors on Their Path to Acquisition,https://www.finanznachrichten.de/nachrichten-2021-04/52714743-operatix-has-supported-30-vendors-on-their-path-to-acquisition-008.htm,finanznachrichten.de,English,0.0,gdelt_gkg
PANW,2021-04-28,Cybersecurity Becomes A Government Priority,https://www.esecurityplanet.com/trends/cybersecurity-becomes-a-government-priority/,esecurityplanet.com,English,0.0,gdelt_gkg
PANW,2021-04-28,Cyber directorate warns of anticipated attacks to mark Iran  Jerusalem Day  ,https://www.timesofisrael.com/cyber-directorate-warns-of-anticipated-attacks-to-mark-irans-jerusalem-day/,timesofisrael.com,English,0.0,gdelt_gkg
PANW,2021-04-28,Investing in These Stocks Now Could Make You a Millionaire Retiree,https://www.fool.com/investing/2021/04/28/investing-in-these-stocks-now-could-make-you-a-mil/,fool.com,English,0.0,gdelt_gkg
PANW,2021-04-28,Operatix has Supported 30 Vendors on Their Path to Acquisition,https://www.finanznachrichten.de/nachrichten-2021-04/52713995-operatix-has-supported-30-vendors-on-their-path-to-acquisition-008.htm,finanznachrichten.de,English,0.0,gdelt_gkg
PANW,2021-04-28,Investing in These Stocks Now Could Make You a Millionaire Retiree,https://www.kxly.com/i/investing-in-these-stocks-now-could-make-you-a-millionaire-retiree-2/,kxly.com,English,0.0,gdelt_gkg
PANW,2021-04-28,Investing in These Stocks Now Could Make You a Millionaire Retiree,https://magicvalley.com/business/investment/personal-finance/investing-in-these-stocks-now-could-make-you-a-millionaire-retiree/article_82f94875-3c5a-5097-add3-45437ac0b56c.html,magicvalley.com,English,0.0,gdelt_gkg
PANW,2021-04-28,Investing in These Stocks Now Could Make You a Millionaire Retiree,https://www.news8000.com/i/investing-in-these-stocks-now-could-make-you-a-millionaire-retiree-2/,news8000.com,English,0.0,gdelt_gkg
PANW,2021-04-28,Operatix has Supported 30 Vendors on Their Path to Acquisition,https://www.prnewswire.com:443/news-releases/operatix-has-supported-30-vendors-on-their-path-to-acquisition-301279305.html,prnewswire.com,English,0.0,gdelt_gkg
PANW,2021-04-28,Sysdig Raises $188M To Take On Palo Alto Networks In Cloud,https://www.crn.com/news/security/sysdig-raises-188m-to-take-on-palo-alto-networks-in-cloud,crn.com,English,0.0,gdelt_gkg
PANW,2021-04-28,Investing in These Stocks Now Could Make You a Millionaire Retiree,https://omaha.com/business/investment/personal-finance/investing-in-these-stocks-now-could-make-you-a-millionaire-retiree/article_344211bd-3cdb-543c-bae4-5727b8f97009.html,omaha.com,English,0.0,gdelt_gkg
PANW,2021-04-28,Investing in These Stocks Now Could Make You a Millionaire Retiree,https://www.stltoday.com/business/investment/personal-finance/investing-in-these-stocks-now-could-make-you-a-millionaire-retiree/article_f0fbc735-63db-5c4f-b697-fc606404798c.html,stltoday.com,English,0.0,gdelt_gkg
PANW,2021-04-28,Microsoft weighs revamping flaw disclosures after suspected leak,https://www.straitstimes.com/world/united-states/microsoft-weighs-revamping-flaw-disclosures-after-suspected-leak,straitstimes.com,English,0.0,gdelt_gkg
PANW,2021-04-28,PixelMEDIA and Docmation Join Forces for Turn - Key Digital Commerce Offering,https://www.prleap.com/pr/280473/pixelmedia-and-docmation-join-forces-for-turn-key-digital-commerce-offering,prleap.com,English,0.0,gdelt_gkg
PANW,2021-04-29,"EXPLAINER : No ransomware silver bullet , crooks out of reach",https://siouxcityjournal.com/news/national/govt-and-politics/explainer-no-ransomware-silver-bullet-crooks-out-of-reach/article_e10c0c18-6331-5bd3-b081-668a07b4fe6d.html,siouxcityjournal.com,English,0.0,gdelt_gkg
PANW,2021-04-29,"In The Ransomware Battle , Cybercriminals Have The Upper Hand",https://www.wcbe.org/post/ransomware-battle-cyber-criminals-have-upper-hand,wcbe.org,English,0.0,gdelt_gkg
PANW,2021-04-29,"EXPLAINER : No ransomware silver bullet , crooks out of reach",https://herald-review.com/news/national/govt-and-politics/explainer-no-ransomware-silver-bullet-crooks-out-of-reach/article_761aad44-4d6e-51a9-9675-1dd91d9ea1ef.html,herald-review.com,English,0.0,gdelt_gkg
PANW,2021-04-29,"In The Ransomware Battle , Cyber Criminals Have The Upper Hand",https://www.kwbu.org/post/ransomware-battle-cyber-criminals-have-upper-hand,kwbu.org,English,0.0,gdelt_gkg
PANW,2021-04-29,"In The Ransomware Battle , Cyber Criminals Have The Upper Hand",https://www.kvnf.org/post/ransomware-battle-cyber-criminals-have-upper-hand,kvnf.org,English,0.0,gdelt_gkg
PANW,2021-04-29,"In The Ransomware Battle , Cyber Criminals Have The Upper Hand",https://www.mynspr.org/2021-04-29/in-the-ransomware-battle-cyber-criminals-have-the-upper-hand,mynspr.org,English,0.0,gdelt_gkg
PANW,2021-04-29,"EXPLAINER : No ransomware silver bullet , crooks out of reach",https://tdn.com/news/national/govt-and-politics/explainer-no-ransomware-silver-bullet-crooks-out-of-reach/article_b44c910c-7168-5909-bc1d-382187dcaf98.html,tdn.com,English,0.0,gdelt_gkg
PANW,2021-04-29,"EXPLAINER : No ransomware silver bullet , crooks out of reach",https://missoulian.com/news/national/govt-and-politics/explainer-no-ransomware-silver-bullet-crooks-out-of-reach/article_13424c0a-8131-5cd3-9d03-0284320bc3d4.html,missoulian.com,English,0.0,gdelt_gkg
PANW,2021-04-29,"EXPLAINER : No ransomware silver bullet , crooks out of reach",https://www.ctpost.com/news/article/Ransomware-explained-No-silver-bullet-16137963.php,ctpost.com,English,0.0,gdelt_gkg
PANW,2021-04-29,"In The Ransomware Battle , Cyber Criminals Have The Upper Hand",https://www.ktep.org/post/ransomware-battle-cyber-criminals-have-upper-hand,ktep.org,English,0.0,gdelt_gkg
PANW,2021-04-29,"EXPLAINER : No ransomware silver bullet , crooks out of reach",https://www.washingtontimes.com/news/2021/apr/29/ransomware-explained-no-silver-bullet-out-of-reach/,washingtontimes.com,English,0.0,gdelt_gkg
PANW,2021-04-29,"EXPLAINER : No ransomware silver bullet , crooks out of reach",https://rapidcityjournal.com/news/national/govt-and-politics/explainer-no-ransomware-silver-bullet-crooks-out-of-reach/article_85661336-daa8-5799-965b-25d5941b2587.html,rapidcityjournal.com,English,0.0,gdelt_gkg
PANW,2021-04-29,"EXPLAINER : No ransomware silver bullet , crooks out of reach",https://journalnow.com/news/national/govt-and-politics/explainer-no-ransomware-silver-bullet-crooks-out-of-reach/article_d45a3ecf-ea07-586c-9632-488924c68e9e.html,journalnow.com,English,0.0,gdelt_gkg
PANW,2021-04-29,"In The Ransomware Battle , Cybercriminals Have The Upper Hand",https://www.ypradio.org/2021-04-29/in-the-ransomware-battle-cyber-criminals-have-the-upper-hand,ypradio.org,English,0.0,gdelt_gkg
PANW,2021-04-29,"EXPLAINER : No ransomware silver bullet , crooks out of reach",https://buffalonews.com/news/national/govt-and-politics/ransomware-explained-no-silver-bullet-out-of-reach-crooks/article_f5d1af65-2c48-5a52-a25d-7c4b310a480a.html,buffalonews.com,English,0.0,gdelt_gkg
PANW,2021-04-29,"EXPLAINER : No ransomware silver bullet , crooks out of reach",https://martinsvillebulletin.com/news/national/govt-and-politics/explainer-no-ransomware-silver-bullet-crooks-out-of-reach/article_7144e9e0-050d-57c9-9e56-44a5bc8cd5e8.html,martinsvillebulletin.com,English,0.0,gdelt_gkg
PANW,2021-04-29,"EXPLAINER : No ransomware silver bullet , crooks out of reach",https://omaha.com/news/national/govt-and-politics/explainer-no-ransomware-silver-bullet-crooks-out-of-reach/article_a9517e07-4316-56ad-b4c5-6ff7f60103ee.html,omaha.com,English,0.0,gdelt_gkg
PANW,2021-04-29,"EXPLAINER : No ransomware silver bullet , crooks out of reach",https://mcdowellnews.com/news/national/govt-and-politics/explainer-no-ransomware-silver-bullet-crooks-out-of-reach/article_cd503711-85c7-5b2c-9c8f-bc061ed0199f.html,mcdowellnews.com,English,0.0,gdelt_gkg
PANW,2021-04-29,"EXPLAINER : No ransomware silver bullet , crooks out of reach",https://www.wiscnews.com/news/national/govt-and-politics/explainer-no-ransomware-silver-bullet-crooks-out-of-reach/article_60e85528-f80c-5b0b-8267-f43d89e66a9d.html,wiscnews.com,English,0.0,gdelt_gkg
PANW,2021-04-29,"EXPLAINER : No ransomware silver bullet , crooks out of reach",https://www.wfmz.com/news/ap/ap-business/explainer-no-ransomware-silver-bullet-crooks-out-of-reach/article_afa09016-4dc5-5d51-94ff-8c4e5072bb8a.html,wfmz.com,English,0.0,gdelt_gkg
PANW,2021-04-29,"In The Ransomware Battle , Cybercriminals Have The Upper Hand",https://www.kenw.org/post/ransomware-battle-cyber-criminals-have-upper-hand,kenw.org,English,0.0,gdelt_gkg
PANW,2021-04-29,"EXPLAINER : No ransomware silver bullet , crooks out of reach",https://www.nwitimes.com/news/national/govt-and-politics/explainer-no-ransomware-silver-bullet-crooks-out-of-reach/article_8b79c448-3a51-56bc-b431-3d9db5b09fa7.html,nwitimes.com,English,0.0,gdelt_gkg
PANW,2021-04-29,"EXPLAINER : No ransomware silver bullet , crooks out of reach",https://buffalonews.com/news/national/govt-and-politics/explainer-no-ransomware-silver-bullet-crooks-out-of-reach/article_f5d1af65-2c48-5a52-a25d-7c4b310a480a.html,buffalonews.com,English,0.0,gdelt_gkg
PANW,2021-04-29,"Audio : In The Ransomware Battle , Cyber Criminals Have The Upper Hand",https://scpr.org/news/2021/04/29/97627/in-the-ransomware-battle-cyber-criminals-have-the/,scpr.org,English,0.0,gdelt_gkg
PANW,2021-04-29,"In The Ransomware Battle , Cyber Criminals Have The Upper Hand",https://www.publicradiotulsa.org/post/ransomware-battle-cyber-criminals-have-upper-hand,publicradiotulsa.org,English,0.0,gdelt_gkg
PANW,2021-04-29,"In The Ransomware Battle , Cybercriminals Have The Upper Hand",https://www.wprl.org/post/ransomware-battle-cyber-criminals-have-upper-hand,wprl.org,English,0.0,gdelt_gkg
PANW,2021-04-29,"In The Ransomware Battle , Cybercriminals Have The Upper Hand",https://www.wnmufm.org/post/ransomware-battle-cyber-criminals-have-upper-hand,wnmufm.org,English,0.0,gdelt_gkg
PANW,2021-04-29,"Ransomware explained : No silver bullet , out - of - reach crooks",https://www.bgdailynews.com/news/politics/ransomware-explained-no-silver-bullet-out-of-reach-crooks/article_d4ad4115-8f48-53f6-a3b2-636a0f744504.html,bgdailynews.com,English,0.0,gdelt_gkg
PANW,2021-04-29,White House Called on to Address Surge in Ransomware Attacks,https://www.wtma.com/news/white-house-called-on-to-address-surge-in-ransomware-attacks/,wtma.com,English,0.0,gdelt_gkg
PANW,2021-04-29,"EXPLAINER : No ransomware silver bullet , crooks out of reach",https://www.kob.com/news/ransomware-explained-no-silver-bullet-out-of-reach-crooks/6090344/?cat=606,kob.com,English,0.0,gdelt_gkg
PANW,2021-04-29,"In The Ransomware Battle , Cybercriminals Have The Upper Hand",https://www.ketr.org/post/ransomware-battle-cyber-criminals-have-upper-hand,ketr.org,English,0.0,gdelt_gkg
PANW,2021-04-29,"EXPLAINER : No ransomware silver bullet , crooks out of reach",https://gazette.com/ap/business/explainer-no-ransomware-silver-bullet-crooks-out-of-reach/article_830755da-a585-56f1-9465-a65162a6c97c.html,gazette.com,English,0.0,gdelt_gkg
PANW,2021-04-29,"In The Ransomware Battle , Cybercriminals Have The Upper Hand",https://vpm.org/articles/npr/991684891/in-the-ransomware-battle-cybercriminals-have-the-upper-hand,vpm.org,English,0.0,gdelt_gkg
PANW,2021-04-29,"EXPLAINER : No ransomware silver bullet , crooks out of reach",https://www.thepublicopinion.com/ap/politics/explainer-no-ransomware-silver-bullet-crooks-out-of-reach/article_e83e743b-c4b9-5157-a50f-ecee648f4f56.html,thepublicopinion.com,English,0.0,gdelt_gkg
PANW,2021-04-29,"EXPLAINER : No ransomware silver bullet , crooks out of reach",https://www.kob.com/news/ransomware-explained-no-silver-bullet-out-of-reach-crooks/6090344/?cat=649,kob.com,English,0.0,gdelt_gkg
PANW,2021-04-29,"In The Ransomware Battle , Cybercriminals Have The Upper Hand",https://www.wknofm.org/post/ransomware-battle-cyber-criminals-have-upper-hand,wknofm.org,English,0.0,gdelt_gkg
PANW,2021-04-29,"EXPLAINER : No ransomware silver bullet , crooks out of reach",https://www.northwestgeorgianews.com/associated_press/explainer-no-ransomware-silver-bullet-crooks-out-of-reach/article_022aeecb-a93f-5f2f-87f1-72ce864cdc98.html,northwestgeorgianews.com,English,0.0,gdelt_gkg
PANW,2021-04-29,"In The Ransomware Battle , Cybercriminals Have The Upper Hand",https://www.wesa.fm/2021-04-29/in-the-ransomware-battle-cyber-criminals-have-the-upper-hand,wesa.fm,English,0.0,gdelt_gkg
PANW,2021-04-29,White House Called on to Address Surge in Ransomware Attacks,https://www.kkoh.com/news/white-house-called-on-to-address-surge-in-ransomware-attacks/,kkoh.com,English,0.0,gdelt_gkg
PANW,2021-04-29,"Ransomware explained : No silver bullet , out - of - reach crooks",https://www.570news.com/2021/04/29/ransomware-explained-no-silver-bullet-out-of-reach-crooks/,570news.com,English,0.0,gdelt_gkg
PANW,2021-04-29,"In The Ransomware Battle , Cybercriminals Have The Upper Hand",https://www.spokanepublicradio.org/post/ransomware-battle-cyber-criminals-have-upper-hand,spokanepublicradio.org,English,0.0,gdelt_gkg
PANW,2021-04-29,"EXPLAINER : No ransomware silver bullet , crooks out of reach",https://www.trumbulltimes.com/news/article/Ransomware-explained-No-silver-bullet-16137963.php,trumbulltimes.com,English,0.0,gdelt_gkg
PANW,2021-04-29,"EXPLAINER : No ransomware silver bullet , crooks out of reach",https://www.dailyfreeman.com/news/national/explainer-no-ransomware-silver-bullet-crooks-out-of-reach/article_6e6e5bdd-a311-59a4-bd4f-6184f810c638.html,dailyfreeman.com,English,0.0,gdelt_gkg
PANW,2021-04-29,"EXPLAINER : No ransomware silver bullet , crooks out of reach",https://www.kenoshanews.com/news/national/govt-and-politics/ransomware-explained-no-silver-bullet-out-of-reach-crooks/article_1fca35ff-69e8-5e61-b634-7f91c565c88d.html,kenoshanews.com,English,0.0,gdelt_gkg
PANW,2021-04-29,"In The Ransomware Battle , Cybercriminals Have The Upper Hand",https://www.wxxinews.org/post/ransomware-battle-cyber-criminals-have-upper-hand,wxxinews.org,English,0.0,gdelt_gkg
PANW,2021-04-29,"EXPLAINER : No Ransomware Silver Bullet , Crooks Out of Reach",https://www.courthousenews.com/explainer-no-ransomware-silver-bullet-crooks-out-of-reach/,courthousenews.com,English,0.0,gdelt_gkg
PANW,2021-04-29,"In The Ransomware Battle , Cyber Criminals Have The Upper Hand",https://www.redriverradio.org/post/ransomware-battle-cyber-criminals-have-upper-hand,redriverradio.org,English,0.0,gdelt_gkg
PANW,2021-04-29,"In The Ransomware Battle , Cybercriminals Have The Upper Hand",https://www.peoriapublicradio.org/post/ransomware-battle-cyber-criminals-have-upper-hand,peoriapublicradio.org,English,0.0,gdelt_gkg
PANW,2021-04-29,"In The Ransomware Battle , Cybercriminals Have The Upper Hand",https://knpr.org/npr/2021-04/ransomware-battle-cybercriminals-have-upper-hand,knpr.org,English,0.0,gdelt_gkg
PANW,2021-04-29,"In The Ransomware Battle , Cybercriminals Have The Upper Hand",https://www.wypr.org/2021-04-29/in-the-ransomware-battle-cyber-criminals-have-the-upper-hand,wypr.org,English,0.0,gdelt_gkg
PANW,2021-04-29,"Ransomware explained : No silver bullet , out - of - reach crooks",https://www.wbal.com/article/511747/127/ransomware-explained-no-silver-bullet-out-of-reach-crooks,wbal.com,English,0.0,gdelt_gkg
PANW,2021-04-29,"EXPLAINER : No ransomware silver bullet , crooks out of reach",https://www.stltoday.com/news/national/govt-and-politics/explainer-no-ransomware-silver-bullet-crooks-out-of-reach/article_ab6c17d1-b6a5-5c2d-a598-322b7809e28b.html,stltoday.com,English,0.0,gdelt_gkg
PANW,2021-04-29,"Ransomware explained : No silver bullet , out - of - reach crooks",https://www.chron.com/news/article/Ransomware-explained-No-silver-bullet-16137963.php,chron.com,English,0.0,gdelt_gkg
PANW,2021-04-29,"EXPLAINER : No ransomware silver bullet , crooks out of reach",https://abcnews.go.com/Politics/wireStory/ransomware-explained-silver-bullet-reach-crooks-77390918,abcnews.go.com,English,0.0,gdelt_gkg
PANW,2021-04-29,"In The Ransomware Battle , Cyber Criminals Have The Upper Hand",https://www.wamc.org/post/ransomware-battle-cyber-criminals-have-upper-hand,wamc.org,English,0.0,gdelt_gkg
PANW,2021-04-29,"In The Ransomware Battle , Cyber Criminals Have The Upper Hand",https://www.krwg.org/post/ransomware-battle-cyber-criminals-have-upper-hand,krwg.org,English,0.0,gdelt_gkg
PANW,2021-04-29,"In The Ransomware Battle , Cyber Criminals Have The Upper Hand",https://www.hppr.org/post/ransomware-battle-cyber-criminals-have-upper-hand,hppr.org,English,0.0,gdelt_gkg
PANW,2021-04-29,"Ransomware explained : No silver bullet , out - of - reach crooks",https://qctimes.com/news/national/govt-and-politics/ransomware-explained-no-silver-bullet-out-of-reach-crooks/article_4c791855-b2ff-5d02-916a-27e6ff4859e0.html,qctimes.com,English,0.0,gdelt_gkg
PANW,2021-04-29,"Ransomware explained : No silver bullet , out - of - reach crooks",https://www.darientimes.com/news/article/Ransomware-explained-No-silver-bullet-16137963.php,darientimes.com,English,0.0,gdelt_gkg
PANW,2021-04-29,"In The Ransomware Battle , Cyber Criminals Have The Upper Hand",https://www.wrvo.org/post/ransomware-battle-cyber-criminals-have-upper-hand,wrvo.org,English,0.0,gdelt_gkg
PANW,2021-04-29,"Ransomware explained : No silver bullet , out - of - reach crooks",https://www.sfgate.com/news/article/Ransomware-explained-No-silver-bullet-16137963.php,sfgate.com,English,0.0,gdelt_gkg
PANW,2021-04-29,"Ransomware explained : No silver bullet , out - of - reach crooks",https://www.nhregister.com/news/article/Ransomware-explained-No-silver-bullet-16137963.php,nhregister.com,English,0.0,gdelt_gkg
PANW,2021-04-29,"In The Ransomware Battle , Cyber Criminals Have The Upper Hand",https://www.krcu.org/post/ransomware-battle-cyber-criminals-have-upper-hand,krcu.org,English,0.0,gdelt_gkg
PANW,2021-04-29,"Ransomware explained : No silver bullet , out - of - reach crooks",https://apnews.com/288c8979c10b648ba72a4b0fc34b02ac,apnews.com,English,0.0,gdelt_gkg
PANW,2021-04-29,"In The Ransomware Battle , Cyber Criminals Have The Upper Hand",https://www.upr.org/post/ransomware-battle-cyber-criminals-have-upper-hand,upr.org,English,0.0,gdelt_gkg
PANW,2021-04-29,"Ransomware explained : No silver bullet , out - of - reach crooks",https://www.seattlepi.com/news/article/Ransomware-explained-No-silver-bullet-16137963.php,seattlepi.com,English,0.0,gdelt_gkg
PANW,2021-04-29,"EXPLAINER : No ransomware silver bullet , crooks out of reach",https://www.stamfordadvocate.com/news/article/Ransomware-explained-No-silver-bullet-16137963.php,stamfordadvocate.com,English,0.0,gdelt_gkg
PANW,2021-04-29,"In The Ransomware Battle , Cyber Criminals Have The Upper Hand",https://www.weaa.org/post/ransomware-battle-cyber-criminals-have-upper-hand,weaa.org,English,0.0,gdelt_gkg
PANW,2021-04-29,"In The Ransomware Battle , Cyber Criminals Have The Upper Hand",https://www.npr.org/2021/04/29/991684891/in-the-ransomware-battle-cyber-criminals-have-the-upper-hand,npr.org,English,0.0,gdelt_gkg
PANW,2021-04-29,"In The Ransomware Battle , Cyber Criminals Have The Upper Hand",https://www.kasu.org/2021-04-29/in-the-ransomware-battle-cyber-criminals-have-the-upper-hand,kasu.org,English,0.0,gdelt_gkg
PANW,2021-04-29,"Less complexity , more control : the role of multi - cloud networking in digital transformation",http://www.tynmagazine.com/less-complexity-more-control-the-role-of-multi-cloud-networking-in-digital-transformation/,tynmagazine.com,English,0.0,gdelt_gkg
PANW,2021-04-29,Analyst Opinions Are Mixed on These Technology Stocks : Cadence Design ( NASDAQ : CDNS ) and Check Point ( NASDAQ : CHKP ) ,https://www.analystratings.com/articles/analysts-opinions-are-mixed-on-these-technology-stocks-cadence-design-nasdaq-cdns-and-check-point-nasdaq-chkp/,analystratings.com,English,0.0,gdelt_gkg
PANW,2021-04-29,"In The Ransomware Battle , Cyber Criminals Have The Upper Hand",https://www.publicradioeast.org/post/ransomware-battle-cyber-criminals-have-upper-hand,publicradioeast.org,English,0.0,gdelt_gkg
PANW,2021-04-29,"Ransomware explained : No silver bullet , out - of - reach crooks",https://www.680news.com/2021/04/29/ransomware-explained-no-silver-bullet-out-of-reach-crooks/,680news.com,English,0.0,gdelt_gkg
PANW,2021-04-29,"Ransomware explained : No silver bullet , out - of - reach crooks",https://www.ncadvertiser.com/news/article/Ransomware-explained-No-silver-bullet-16137963.php,ncadvertiser.com,English,0.0,gdelt_gkg
PANW,2021-04-29,"In The Ransomware Battle , Cyber Criminals Have The Upper Hand",https://www.wrkf.org/2021-04-29/in-the-ransomware-battle-cyber-criminals-have-the-upper-hand,wrkf.org,English,0.0,gdelt_gkg
PANW,2021-04-29,Sequoia Shaun Maguire and Vise Samir Vasavada will talk success in fintech on Extra Crunch Live – TechCrunch,https://techcrunch.com/2021/04/29/sequoias-shaun-maguire-and-vises-samir-vasavada-will-talk-success-in-fintech-on-extra-crunch-live/,techcrunch.com,English,0.0,gdelt_gkg
PANW,2021-04-29,"Ransomware explained : No silver bullet , out - of - reach crooks",https://www.ivpressonline.com/news/tech/ransomware-explained-no-silver-bullet-out-of-reach-crooks/article_a70a0670-2d1c-5ac4-afe2-71054ae38b42.html,ivpressonline.com,English,0.0,gdelt_gkg
PANW,2021-04-29,"Ransomware explained : No silver bullet , out - of - reach crooks",https://www.middletownpress.com/shorelinenews/article/Ransomware-explained-No-silver-bullet-16137963.php,middletownpress.com,English,0.0,gdelt_gkg
PANW,2021-04-29,"48 ways you can avoid file - scrambling , data - stealing miscreants – or so says the Ransomware Task Force",https://www.theregister.com/2021/04/29/ransomware_task_force_offers_48/,theregister.com,English,0.0,gdelt_gkg
PANW,2021-04-29,"In The Ransomware Battle , Cyber Criminals Have The Upper Hand",https://www.wkar.org/post/ransomware-battle-cyber-criminals-have-upper-hand,wkar.org,English,0.0,gdelt_gkg
PANW,2021-04-29,"In The Ransomware Battle , Cyber Criminals Have The Upper Hand",https://news.wjct.org/post/ransomware-battle-cyber-criminals-have-upper-hand,news.wjct.org,English,0.0,gdelt_gkg
PANW,2021-04-29,"EXPLAINER : No ransomware silver bullet , crooks out of reach",https://tucson.com/news/national/govt-and-politics/ransomware-explained-no-silver-bullet-out-of-reach-crooks/article_77228f7c-2f8f-55b2-a869-36ca51765acd.html,tucson.com,English,0.0,gdelt_gkg
PANW,2021-04-29,"EXPLAINER : No ransomware silver bullet , crooks out of reach",https://www.registercitizen.com/news/article/Ransomware-explained-No-silver-bullet-16137963.php,registercitizen.com,English,0.0,gdelt_gkg
PANW,2021-04-29,"In The Ransomware Battle , Cyber Criminals Have The Upper Hand",https://www.wqcs.org/2021-04-29/in-the-ransomware-battle-cyber-criminals-have-the-upper-hand,wqcs.org,English,0.0,gdelt_gkg
PANW,2021-04-29,"EXPLAINER : No ransomware silver bullet , crooks out of reach",https://www.newstimes.com/news/article/Ransomware-explained-No-silver-bullet-16137963.php,newstimes.com,English,0.0,gdelt_gkg
PANW,2021-04-29,"In The Ransomware Battle , Cybercriminals Have The Upper Hand",https://news.wfsu.org/all-npr-news/2021-04-29/in-the-ransomware-battle-cyber-criminals-have-the-upper-hand,news.wfsu.org,English,0.0,gdelt_gkg
PANW,2021-04-29,"In The Ransomware Battle , Cyber Criminals Have The Upper Hand",https://www.ksmu.org/post/ransomware-battle-cyber-criminals-have-upper-hand,ksmu.org,English,0.0,gdelt_gkg
PANW,2021-04-29,"Ransomware explained : No silver bullet , out - of - reach crooks",https://mtstandard.com/news/national/govt-and-politics/ransomware-explained-no-silver-bullet-out-of-reach-crooks/article_2bcba66b-db9c-58be-878a-56aaa49a2cd8.html,mtstandard.com,English,0.0,gdelt_gkg
PANW,2021-04-29,"Ransomware explained : No silver bullet , out - of - reach crooks",https://www.thehour.com/news/article/Ransomware-explained-No-silver-bullet-16137963.php,thehour.com,English,0.0,gdelt_gkg
PANW,2021-04-29,"In The Ransomware Battle , Cyber Criminals Have The Upper Hand",https://www.klcc.org/post/ransomware-battle-cyber-criminals-have-upper-hand,klcc.org,English,0.0,gdelt_gkg
PANW,2021-04-29,"EXPLAINER : No ransomware silver bullet , crooks out of reach",https://www.timesunion.com/news/article/Ransomware-explained-No-silver-bullet-16137963.php,timesunion.com,English,0.0,gdelt_gkg
PANW,2021-04-29,"Ransomware explained : No silver bullet , out - of - reach crooks",https://www.milfordmirror.com/news/article/Ransomware-explained-No-silver-bullet-16137963.php,milfordmirror.com,English,0.0,gdelt_gkg
PANW,2021-04-29,"EXPLAINER : No ransomware silver bullet , crooks out of reach",https://www.greenwichtime.com/news/article/Ransomware-explained-No-silver-bullet-16137963.php,greenwichtime.com,English,0.0,gdelt_gkg
PANW,2021-04-29,"In The Ransomware Battle , Cyber Criminals Have The Upper Hand",https://www.wcsufm.org/post/ransomware-battle-cyber-criminals-have-upper-hand,wcsufm.org,English,0.0,gdelt_gkg
PANW,2021-04-29,"In The Ransomware Battle , Cyber Criminals Have The Upper Hand",https://www.kanw.com/post/ransomware-battle-cyber-criminals-have-upper-hand,kanw.com,English,0.0,gdelt_gkg
PANW,2021-04-29,"In The Ransomware Battle , Cyber Criminals Have The Upper Hand",https://www.kzyx.org/post/ransomware-battle-cyber-criminals-have-upper-hand,kzyx.org,English,0.0,gdelt_gkg
PANW,2021-04-29,"In The Ransomware Battle , Cyber Criminals Have The Upper Hand",https://www.boisestatepublicradio.org/2021-04-29/in-the-ransomware-battle-cyber-criminals-have-the-upper-hand,boisestatepublicradio.org,English,0.0,gdelt_gkg
PANW,2021-04-29,"In The Ransomware Battle , Cyber Criminals Have The Upper Hand",https://www.wfdd.org/story/ransomware-battle-cyber-criminals-have-upper-hand,wfdd.org,English,0.0,gdelt_gkg
PANW,2021-04-29,"EXPLAINER : No ransomware silver bullet , crooks out of reach",https://www.fairfieldcitizenonline.com/news/article/Ransomware-explained-No-silver-bullet-16137963.php,fairfieldcitizenonline.com,English,0.0,gdelt_gkg
PANW,2021-04-29,"In The Ransomware Battle , Cyber Criminals Have The Upper Hand",https://www.kazu.org/post/ransomware-battle-cyber-criminals-have-upper-hand,kazu.org,English,0.0,gdelt_gkg
PANW,2021-04-29,White House Called on to Address Surge in Ransomware Attacks,https://www.wgowam.com/news/white-house-called-on-to-address-surge-in-ransomware-attacks/,wgowam.com,English,0.0,gdelt_gkg
PANW,2021-04-29,White House Called on to Address Surge in Ransomware Attacks,https://www.wmal.com/news/white-house-called-on-to-address-surge-in-ransomware-attacks/,wmal.com,English,0.0,gdelt_gkg
PANW,2021-04-29,"EXPLAINER : No ransomware silver bullet , crooks out of reach",https://www.middletownpress.com/news/article/Ransomware-explained-No-silver-bullet-16137963.php,middletownpress.com,English,0.0,gdelt_gkg
PANW,2021-04-29,"Ransomware explained : No silver bullet , out - of - reach crooks",https://mynorthwest.com/2852694/ransomware-explained-no-silver-bullet-out-of-reach-crooks/,mynorthwest.com,English,0.0,gdelt_gkg
PANW,2021-04-29,"Ransomware explained : No silver bullet , out - of - reach crooks",https://fredericksburg.com/news/national/govt-and-politics/ransomware-explained-no-silver-bullet-out-of-reach-crooks/article_70a2740a-1bf1-59d3-8437-26280cfd715e.html,fredericksburg.com,English,0.0,gdelt_gkg
PANW,2021-04-29,"EXPLAINER : No ransomware silver bullet , crooks out of reach",https://www.aspendailynews.com/associated_press/explainer-no-ransomware-silver-bullet-crooks-out-of-reach/article_48c4b5d5-0459-57e4-98f5-a57101f7f907.html,aspendailynews.com,English,0.0,gdelt_gkg
PANW,2021-04-29,"EXPLAINER : No ransomware silver bullet , crooks out of reach",https://nonpareilonline.com/news/national/govt-and-politics/explainer-no-ransomware-silver-bullet-crooks-out-of-reach/article_37e33e24-f792-5a64-84e3-a32c54bfaaca.html,nonpareilonline.com,English,0.0,gdelt_gkg
PANW,2021-04-29,"EXPLAINER : No ransomware silver bullet , crooks out of reach",http://www.dailyjournal.net/2021/04/29/us-cybersecurity-explainer-ransomware-2/,dailyjournal.net,English,0.0,gdelt_gkg
PANW,2021-04-29,"Thu . 9 : 24 a . m .: No ransomware silver bullet ; crooks out of reach | News , Sports , Jobs",https://www.vindy.com/news/latest-news/2021/04/thu-924-a-m-no-ransomware-silver-bullet-crooks-out-of-reach/,vindy.com,English,0.0,gdelt_gkg
PANW,2021-04-29,"No ransomware silver bullet , crooks out of reach",https://www.stripes.com/news/us/no-ransomware-silver-bullet-crooks-out-of-reach-1.671585,stripes.com,English,0.0,gdelt_gkg
PANW,2021-04-29,"In The Ransomware Battle , Cybercriminals Have The Upper Hand",https://www.hppr.org/post/ransomware-battle-cybercriminals-have-upper-hand,hppr.org,English,0.0,gdelt_gkg
PANW,2021-04-29,"EXPLAINER : No ransomware silver bullet , crooks out of reach",https://www.gillettenewsrecord.com/news/national_world/article_754d3edd-4de4-5732-a064-7f0a9937cb86.html,gillettenewsrecord.com,English,0.0,gdelt_gkg
PANW,2021-04-29,"EXPLAINER : No ransomware silver bullet , crooks out of reach",https://tucson.com/news/national/govt-and-politics/explainer-no-ransomware-silver-bullet-crooks-out-of-reach/article_77228f7c-2f8f-55b2-a869-36ca51765acd.html,tucson.com,English,0.0,gdelt_gkg
PANW,2021-04-29,"EXPLAINER : No ransomware silver bullet , crooks out of reach",http://www.dailyjournal.net/2021/04/29/us-cybersecurity-explainer-ransomware-3/,dailyjournal.net,English,0.0,gdelt_gkg
PANW,2021-04-29,"In The Ransomware Battle , Cybercriminals Have The Upper Hand",https://www.waer.org/post/ransomware-battle-cybercriminals-have-upper-hand,waer.org,English,0.0,gdelt_gkg
PANW,2021-04-29,"EXPLAINER : No ransomware silver bullet , crooks out of reach",http://www.tribtown.com/2021/04/29/us-cybersecurity-explainer-ransomware-3/,tribtown.com,English,0.0,gdelt_gkg
PANW,2021-04-29,"EXPLAINER : No ransomware silver bullet , crooks out of reach",https://www.ncnewsonline.com/news/national/explainer-no-ransomware-silver-bullet-crooks-out-of-reach/article_851fc904-be51-5056-9fec-722bfc42a7ac.html,ncnewsonline.com,English,0.0,gdelt_gkg
PANW,2021-04-29,"In The Ransomware Battle , Cybercriminals Have The Upper Hand",https://www.iowapublicradio.org/news-from-npr/2021-04-29/in-the-ransomware-battle-cyber-criminals-have-the-upper-hand,iowapublicradio.org,English,0.0,gdelt_gkg
PANW,2021-04-29,"In The Ransomware Battle , Cybercriminals Have The Upper Hand",https://www.wlrn.org/2021-04-29/in-the-ransomware-battle-cyber-criminals-have-the-upper-hand,wlrn.org,English,0.0,gdelt_gkg
PANW,2021-04-29,"EXPLAINER : No ransomware silver bullet , crooks out of reach",https://apnews.com/article/united-states-russia-coronavirus-government-and-politics-ap-top-news-288c8979c10b648ba72a4b0fc34b02ac,apnews.com,English,0.0,gdelt_gkg
PANW,2021-04-29,White House urged to address surge in ransomware attacks,https://www.newsindiatimes.com/white-house-urged-to-address-surge-in-ransomware-attacks/,newsindiatimes.com,English,0.0,gdelt_gkg
PANW,2021-04-29,Ransomware attacks : What are they ? Can they be stopped ? ,http://www.chicagotribune.com/business/ct-biz-cb-ransomware-cyberattacks-computer-security-20210429-yewql3wcszas5g2xc7uf4gdbm4-story.html,chicagotribune.com,English,0.0,gdelt_gkg
PANW,2021-04-29,"Ransomware explained : No silver bullet , out - of - reach crooks",https://www.winchesterstar.com/associated_press/washington/ransomware-explained-no-silver-bullet-out-of-reach-crooks/article_f38be711-1db9-5f0e-a0b4-ed62e4897289.html,winchesterstar.com,English,0.0,gdelt_gkg
PANW,2021-04-29,White House Called on to Address Surge in Ransomware Attacks,https://www.kmjnow.com/news/white-house-called-on-to-address-surge-in-ransomware-attacks/,kmjnow.com,English,0.0,gdelt_gkg
PANW,2021-04-29,"Global Security Services Market Research Report By Leading Players , Challenges , Opportunity and Latest Trends 2021 - 2026",https://www.marketwatch.com/press-release/global-security-services-market-research-report-by-leading-players-challenges-opportunity-and-latest-trends-2021-2026-2021-04-29,marketwatch.com,English,0.0,gdelt_gkg
PANW,2021-04-29,"EXPLAINER : No ransomware silver bullet , crooks out of reach",https://www.berkshireeagle.com/us-politics/explainer-no-ransomware-silver-bullet-crooks-out-of-reach/article_7a8b68c6-3794-5d9d-b023-20a92a479efb.html,berkshireeagle.com,English,0.0,gdelt_gkg
PANW,2021-04-29,Ransomware attacks launched by cybercriminal mafias in foreign safe havens,https://www.sunjournal.com/2021/04/29/ransomware-attacks-launched-by-cybercriminal-mafias-in-foreign-safe-havens/,sunjournal.com,English,0.0,gdelt_gkg
PANW,2021-04-29,"EXPLAINER : No ransomware silver bullet , crooks out of reach",https://techxplore.com/news/2021-04-ransomware-silver-bullet-crooks.html,techxplore.com,English,0.0,gdelt_gkg
PANW,2021-04-29,Microsoft May Update Its Vulnerability - Sharing Program,https://www.govtech.com/security/microsoft-may-update-its-vulnerability-sharing-program,govtech.com,English,0.0,gdelt_gkg
PANW,2021-04-29,"EXPLAINER : No ransomware silver bullet , crooks out of reach",http://www.tribtown.com/2021/04/29/us-cybersecurity-explainer-ransomware-2/,tribtown.com,English,0.0,gdelt_gkg
PANW,2021-04-29,"In The Ransomware Battle , Cyber Criminals Have The Upper Hand",https://www.kawc.org/post/ransomware-battle-cyber-criminals-have-upper-hand,kawc.org,English,0.0,gdelt_gkg
PANW,2021-04-29,"EXPLAINER : No ransomware silver bullet , crooks out of reach",https://www.eagletribune.com/region/explainer-no-ransomware-silver-bullet-crooks-out-of-reach/article_6a3d3903-5eaa-5265-8cdf-71f361793eb0.html,eagletribune.com,English,0.0,gdelt_gkg
PANW,2021-04-29,"Global Zero Trust Security Market ( 2020 to 2026 ) - by Solution Type , Authentication Type , Organization Size , Deployment Type , Vertical and Region",https://www.prnewswire.com:443/news-releases/global-zero-trust-security-market-2020-to-2026---by-solution-type-authentication-type-organization-size-deployment-type-vertical-and-region-301280211.html,prnewswire.com,English,0.0,gdelt_gkg
PANW,2021-04-29,"EXPLAINER : No ransomware silver bullet , crooks out of reach",https://www.caledonianrecord.com/news/national/explainer-no-ransomware-silver-bullet-crooks-out-of-reach/article_3356214a-092b-51a7-8a8d-5aaad9b04ec7.html,caledonianrecord.com,English,0.0,gdelt_gkg
PANW,2021-04-29,"In The Ransomware Battle , Cybercriminals Have The Upper Hand",https://www.wfdd.org/story/ransomware-battle-cybercriminals-have-upper-hand,wfdd.org,English,0.0,gdelt_gkg
PANW,2021-04-29,"In The Ransomware Battle , Cybercriminals Have The Upper Hand",https://www.wvasfm.org/post/ransomware-battle-cyber-criminals-have-upper-hand,wvasfm.org,English,0.0,gdelt_gkg
PANW,2021-04-29,"Cyber Security in BFSI Market is Booming Worldwide | IBM , Symantec , Palo Alto Networks",https://www.texasguardian.com/news/269104894/cyber-security-in-bfsi-market-is-booming-worldwide--ibm-symantec-palo-alto-networks,texasguardian.com,English,0.0,gdelt_gkg
PANW,2021-04-29,"EXPLAINER : No ransomware silver bullet , crooks out of reach",https://www.ivpressonline.com/news/tech/explainer-no-ransomware-silver-bullet-crooks-out-of-reach/article_a70a0670-2d1c-5ac4-afe2-71054ae38b42.html,ivpressonline.com,English,0.0,gdelt_gkg
PANW,2021-04-29,White House Asked to Increase Crypto Regulation - Infosecurity Magazine,https://www.infosecurity-magazine.com:443/news/white-house-asked-to-increase/,infosecurity-magazine.com,English,0.0,gdelt_gkg
PANW,2021-04-29,"EXPLAINER : No ransomware silver bullet , crooks out of reach",http://www.tribtown.com/2021/04/29/us-cybersecurity-explainer-ransomware-4/,tribtown.com,English,0.0,gdelt_gkg
PANW,2021-04-29,"Fortinet Stock Rises As Fortinet Earnings , Guidance Top Views | Investor Business Daily",https://www.investors.com/news/technology/fortinet-stock-fortinet-ftnt-earnings-q12021/,investors.com,English,0.0,gdelt_gkg
PANW,2021-04-29,"Global Zero Trust Security Market ( 2020 to 2026 ) - by Solution Type , Authentication Type , Organization Size , Deployment Type , Vertical and Region",https://www.tmcnet.com/usubmit/2021/04/29/9358325.htm,tmcnet.com,English,0.0,gdelt_gkg
PANW,2021-04-29,"No ransomware silver bullet , crooks out of reach",https://finance-commerce.com/2021/04/no-ransomware-silver-bullet-crooks-out-of-reach/,finance-commerce.com,English,0.0,gdelt_gkg
PANW,2021-04-29,"With Ransomware Attacks , Criminals Have The Upper Hand : NPR",https://www.npr.org/transcripts/991684891,npr.org,English,0.0,gdelt_gkg
PANW,2021-04-29,"Global Zero Trust Security Market ( 2020 to 2026 ) - by Solution Type , Authentication Type , Organization Size , Deployment Type , Vertical and Region",https://www.prnewswire.com/news-releases/global-zero-trust-security-market-2020-to-2026---by-solution-type-authentication-type-organization-size-deployment-type-vertical-and-region-301280211.html,prnewswire.com,English,0.0,gdelt_gkg
PANW,2021-04-29,"EXPLAINER : No ransomware silver bullet , crooks out of reach",https://pressofatlanticcity.com/news/national/govt-and-politics/explainer-no-ransomware-silver-bullet-crooks-out-of-reach/article_57f8a69a-67c8-547a-aae4-8d76443ac28e.html,pressofatlanticcity.com,English,0.0,gdelt_gkg
PANW,2021-04-29,"EXPLAINER : No ransomware silver bullet , crooks out of reach",https://www.hjnews.com/world/explainer-no-ransomware-silver-bullet-crooks-out-of-reach/article_99c52e68-5a59-59b0-b693-298cfd64a635.html,hjnews.com,English,0.0,gdelt_gkg
PANW,2021-04-29,"EXPLAINER : No ransomware silver bullet , crooks out of reach",http://www.dailyjournal.net/2021/04/29/us-cybersecurity-explainer-ransomware-4/,dailyjournal.net,English,0.0,gdelt_gkg
PANW,2021-04-29,"EXPLAINER : No ransomware silver bullet , crooks out of reach",https://poststar.com/news/national/govt-and-politics/explainer-no-ransomware-silver-bullet-crooks-out-of-reach/article_8b99e627-3039-5459-9833-7dc7b9f86bb8.html,poststar.com,English,0.0,gdelt_gkg
PANW,2021-04-29,"EXPLAINER : No ransomware silver bullet , crooks out of reach",https://www.oskaloosa.com/news/politics/explainer-no-ransomware-silver-bullet-crooks-out-of-reach/article_50b32c00-c84c-5e96-8c45-36424e27df96.html,oskaloosa.com,English,0.0,gdelt_gkg
PANW,2021-04-29,"The Cybersecurity 202 : A group of industry , government and cyber experts have a big plan to disrupt the ransomware crisis",https://www.washingtonpost.com/politics/2021/04/29/cybersecurity-202-group-industry-government-cyber-experts-have-big-plan-disrupt-ransomware-crisis/,washingtonpost.com,English,0.0,gdelt_gkg
PANW,2021-04-29,White House Asked to Increase Crypto Regulation - Infosecurity Magazine,https://www.infosecurity-magazine.com/news/white-house-asked-to-increase/,infosecurity-magazine.com,English,0.0,gdelt_gkg
PANW,2021-04-29,"EXPLAINER : No ransomware silver bullet , crooks out of reach",https://apnews.com/article/europe-canada-health-coronavirus-technology-288c8979c10b648ba72a4b0fc34b02ac,apnews.com,English,0.0,gdelt_gkg
PANW,2021-04-29,"EXPLAINER : No ransomware silver bullet , crooks out of reach",https://www.moultrieobserver.com/news/explainer-no-ransomware-silver-bullet-crooks-out-of-reach/article_f9c22632-a8f0-11eb-ad45-c37214a03d25.html,moultrieobserver.com,English,0.0,gdelt_gkg
PANW,2021-04-29,Task force calls for international action against ransomware,https://www.itworldcanada.com/article/task-force-calls-for-international-action-against-ransomware/446710,itworldcanada.com,English,0.0,gdelt_gkg
PANW,2021-04-29,"As ransomware hits more U . S . agencies and companies , the crooks stay out of reach",https://www.pressherald.com/2021/04/29/as-ransomware-hits-more-u-s-agencies-and-companies-the-crooks-stay-out-of-reach/,pressherald.com,English,0.0,gdelt_gkg
PANW,2021-04-29,"In The Ransomware Battle , Cybercriminals Have The Upper Hand",https://www.wbaa.org/post/ransomware-battle-cyber-criminals-have-upper-hand,wbaa.org,English,0.0,gdelt_gkg
PANW,2021-04-29,"EXPLAINER : No ransomware silver bullet , crooks out of reach",https://www.lmtonline.com/news/article/Ransomware-explained-No-silver-bullet-16137963.php,lmtonline.com,English,0.0,gdelt_gkg
PANW,2021-04-29,"EXPLAINER : No ransomware silver bullet , crooks out of reach",https://www.meadvilletribune.com/cnhi_network/explainer-no-ransomware-silver-bullet-crooks-out-of-reach/article_f0673458-0913-5c0d-a233-6b56d63dd76d.html,meadvilletribune.com,English,0.0,gdelt_gkg
PANW,2021-04-29,"In The Ransomware Battle , Cybercriminals Have The Upper Hand",https://www.wuwf.org/post/ransomware-battle-cyber-criminals-have-upper-hand,wuwf.org,English,0.0,gdelt_gkg
PANW,2021-04-29,"EXPLAINER : No ransomware silver bullet , crooks out of reach",https://yorknewstimes.com/news/national/govt-and-politics/explainer-no-ransomware-silver-bullet-crooks-out-of-reach/article_12c63e41-726e-5861-b5e8-ace3287a2c02.html,yorknewstimes.com,English,0.0,gdelt_gkg
PANW,2021-04-29,White House urged to address surge in ransomware attacks,https://www.stripes.com/news/us/white-house-urged-to-address-surge-in-ransomware-attacks-1.671577,stripes.com,English,0.0,gdelt_gkg
PANW,2021-04-29,"EXPLAINER : No ransomware silver bullet , crooks out of reach",https://fremonttribune.com/news/national/govt-and-politics/explainer-no-ransomware-silver-bullet-crooks-out-of-reach/article_683f8f5c-c414-5537-8947-4a811978c88d.html,fremonttribune.com,English,0.0,gdelt_gkg
PANW,2021-04-29,"EXPLAINER : No ransomware silver bullet , crooks out of reach",https://thetandd.com/news/national/govt-and-politics/explainer-no-ransomware-silver-bullet-crooks-out-of-reach/article_a27c2d9d-1c3d-5bc0-a0d1-48fb8df85721.html,thetandd.com,English,0.0,gdelt_gkg
PANW,2021-04-29,"EXPLAINER : No ransomware silver bullet , crooks out of reach",https://www.kenoshanews.com/news/national/govt-and-politics/explainer-no-ransomware-silver-bullet-crooks-out-of-reach/article_1fca35ff-69e8-5e61-b634-7f91c565c88d.html,kenoshanews.com,English,0.0,gdelt_gkg
PANW,2021-04-29,"EXPLAINER : No ransomware silver bullet , crooks out of reach",https://statesville.com/news/national/govt-and-politics/explainer-no-ransomware-silver-bullet-crooks-out-of-reach/article_fd49b70d-3bdb-5b6a-b97f-158278394a7a.html,statesville.com,English,0.0,gdelt_gkg
PANW,2021-04-29,"In The Ransomware Battle , Cybercriminals Have The Upper Hand",https://www.bpr.org/post/ransomware-battle-cyber-criminals-have-upper-hand,bpr.org,English,0.0,gdelt_gkg
PANW,2021-04-29,"EXPLAINER : No ransomware silver bullet , crooks out of reach",https://www.news-gazette.com/news/nation-world/explainer-no-ransomware-silver-bullet-crooks-out-of-reach/article_c6ea4c11-0a2d-585b-9b2d-c7dc35826070.html,news-gazette.com,English,0.0,gdelt_gkg
PANW,2021-04-29,"EXPLAINER : No ransomware silver bullet , crooks out of reach",https://hickoryrecord.com/news/national/govt-and-politics/explainer-no-ransomware-silver-bullet-crooks-out-of-reach/article_efc1de0a-667f-534e-8687-9df644fe15f1.html,hickoryrecord.com,English,0.0,gdelt_gkg
PANW,2021-04-29,"EXPLAINER : No ransomware silver bullet , crooks out of reach",https://cumberlink.com/news/state-and-regional/explainer-no-ransomware-silver-bullet-crooks-out-of-reach/article_40c813a0-4ea2-5a5f-b50c-24a3563846ef.html,cumberlink.com,English,0.0,gdelt_gkg
PANW,2021-04-29,"In The Ransomware Battle , Cybercriminals Have The Upper Hand",https://www.capradio.org/news/npr/story?storyid=991684891,capradio.org,English,0.0,gdelt_gkg
PANW,2021-04-29,US creates tasks force to tackle ransomware security threat,https://www.foxnews.com/us/u-s-tasks-force-attack-ransomware-security-threat,foxnews.com,English,0.0,gdelt_gkg
PANW,2021-04-29,Fortinet Extends Security Fabric with World Fastest Next - Generation Firewall and 5G Connectivity for SASE,https://www.tmcnet.com/usubmit/2021/04/29/9357838.htm,tmcnet.com,English,0.0,gdelt_gkg
PANW,2021-04-29,"In The Ransomware Battle , Cybercriminals Have The Upper Hand",https://www.wncw.org/2021-04-29/in-the-ransomware-battle-cyber-criminals-have-the-upper-hand,wncw.org,English,0.0,gdelt_gkg
PANW,2021-04-29,"EXPLAINER : No ransomware silver bullet , crooks out of reach",https://globegazette.com/news/national/govt-and-politics/explainer-no-ransomware-silver-bullet-crooks-out-of-reach/article_c5da9ff1-180d-5c3c-bd8d-722cf28e40ce.html,globegazette.com,English,0.0,gdelt_gkg
PANW,2021-04-29,"EXPLAINER : No ransomware silver bullet , crooks out of reach",https://cumberlink.com/news/national/govt-and-politics/explainer-no-ransomware-silver-bullet-crooks-out-of-reach/article_b2387633-7a4b-5b76-b8d6-04c7aa88bf06.html,cumberlink.com,English,0.0,gdelt_gkg
PANW,2021-04-29,"In The Ransomware Battle , Cybercriminals Have The Upper Hand",https://www.wjsu.org/post/ransomware-battle-cyber-criminals-have-upper-hand,wjsu.org,English,0.0,gdelt_gkg
PANW,2021-04-29,"EXPLAINER : No ransomware silver bullet , crooks out of reach",https://www.wiltonbulletin.com/news/article/Ransomware-explained-No-silver-bullet-16137963.php,wiltonbulletin.com,English,0.0,gdelt_gkg
PANW,2021-04-29,"EXPLAINER : No ransomware silver bullet , crooks out of reach",https://www.sheltonherald.com/news/article/Ransomware-explained-No-silver-bullet-16137963.php,sheltonherald.com,English,0.0,gdelt_gkg
PANW,2021-04-29,"EXPLAINER : No ransomware silver bullet , crooks out of reach",http://www.therepublic.com/2021/04/29/us-cybersecurity-explainer-ransomware-2/,therepublic.com,English,0.0,gdelt_gkg
PANW,2021-04-29,"In The Ransomware Battle , Cybercriminals Have The Upper Hand",https://www.kacu.org/post/ransomware-battle-cyber-criminals-have-upper-hand,kacu.org,English,0.0,gdelt_gkg
PANW,2021-04-29,"EXPLAINER : No ransomware silver bullet , crooks out of reach",https://www.goshennews.com/news/national_news/explainer-no-ransomware-silver-bullet-crooks-out-of-reach/article_fc86922d-4fc3-5a94-badb-1fc390983bac.html,goshennews.com,English,0.0,gdelt_gkg
PANW,2021-04-29,"EXPLAINER : No ransomware silver bullet , crooks out of reach",https://auburnpub.com/news/national/govt-and-politics/explainer-no-ransomware-silver-bullet-crooks-out-of-reach/article_22b05475-ffbd-5978-b6d7-19383d8999e0.html,auburnpub.com,English,0.0,gdelt_gkg
PANW,2021-04-29,"EXPLAINER : No ransomware silver bullet , crooks out of reach",https://journaltimes.com/news/national/govt-and-politics/explainer-no-ransomware-silver-bullet-crooks-out-of-reach/article_4d43f102-fd73-5008-960c-ffd5b0eb8270.html,journaltimes.com,English,0.0,gdelt_gkg
PANW,2021-04-29,"In The Ransomware Battle , Cybercriminals Have The Upper Hand",https://www.northcountrypublicradio.org/news/npr/991684891/in-the-ransomware-battle-cybercriminals-have-the-upper-hand,northcountrypublicradio.org,English,0.0,gdelt_gkg
PANW,2021-04-29,"EXPLAINER : No ransomware silver bullet , crooks out of reach",https://www.oneidadispatch.com/news/national/explainer-no-ransomware-silver-bullet-crooks-out-of-reach/article_d98984c5-a994-5dca-ac26-590e2ce9c682.html,oneidadispatch.com,English,0.0,gdelt_gkg
PANW,2021-04-29,"EXPLAINER : No ransomware silver bullet , crooks out of reach",https://www.swoknews.com/ap/politics/explainer-no-ransomware-silver-bullet-crooks-out-of-reach/article_1555344e-2879-561d-855e-fbdcba8699bf.html,swoknews.com,English,0.0,gdelt_gkg
PANW,2021-04-29,"EXPLAINER : No ransomware silver bullet , crooks out of reach",https://madison.com/news/national/govt-and-politics/explainer-no-ransomware-silver-bullet-crooks-out-of-reach/article_16a67ad0-3f94-5147-854d-e578553a4371.html,madison.com,English,0.0,gdelt_gkg
PANW,2021-04-29,"EXPLAINER : No ransomware silver bullet , crooks out of reach",https://wtmj.com/national/2021/04/29/explainer-no-ransomware-silver-bullet-crooks-out-of-reach-3/,wtmj.com,English,0.0,gdelt_gkg
PANW,2021-04-29,"EXPLAINER : No ransomware silver bullet , crooks out of reach",https://www.thedailytimes.com/business/explainer-no-ransomware-silver-bullet-crooks-out-of-reach/article_c0527adf-e2f4-5b46-b84b-95349d56e469.html,thedailytimes.com,English,0.0,gdelt_gkg
PANW,2021-04-29,"EXPLAINER : No ransomware silver bullet , crooks out of reach",https://www.newmilfordspectrum.com/news/article/Ransomware-explained-No-silver-bullet-16137963.php,newmilfordspectrum.com,English,0.0,gdelt_gkg
PANW,2021-04-29,"Audio : In The Ransomware Battle , Cyber Criminals Have The Upper Hand",https://www.scpr.org/news/2021/04/29/97627/in-the-ransomware-battle-cyber-criminals-have-the/,scpr.org,English,0.0,gdelt_gkg
PANW,2021-04-29,"EXPLAINER : No ransomware silver bullet , crooks out of reach",https://www.ottumwacourier.com/news/business/explainer-no-ransomware-silver-bullet-crooks-out-of-reach/article_9ff60309-aecc-5e38-a41d-051a893e3dac.html,ottumwacourier.com,English,0.0,gdelt_gkg
PANW,2021-04-29,"In The Ransomware Battle , Cybercriminals Have The Upper Hand",https://www.southcarolinapublicradio.org/2021-04-29/in-the-ransomware-battle-cyber-criminals-have-the-upper-hand,southcarolinapublicradio.org,English,0.0,gdelt_gkg
PANW,2021-04-29,"In The Ransomware Battle , Cybercriminals Have The Upper Hand",https://www.wvik.org/post/ransomware-battle-cyber-criminals-have-upper-hand,wvik.org,English,0.0,gdelt_gkg
PANW,2021-04-29,"EXPLAINER : No ransomware silver bullet , crooks out of reach",https://www.smdailyjournal.com/business/explainer-no-ransomware-silver-bullet-crooks-out-of-reach/article_cbd91aef-68d1-5a20-a72c-410e42256051.html,smdailyjournal.com,English,0.0,gdelt_gkg
PANW,2021-04-29,"In The Ransomware Battle , Cybercriminals Have The Upper Hand",https://www.kunc.org/npr-news/2021-04-29/in-the-ransomware-battle-cyber-criminals-have-the-upper-hand,kunc.org,English,0.0,gdelt_gkg
PANW,2021-04-29,White House Called on to Address Surge in Ransomware Attacks,https://www.wbap.com/news/white-house-called-on-to-address-surge-in-ransomware-attacks/,wbap.com,English,0.0,gdelt_gkg
PANW,2021-04-29,"EXPLAINER : No ransomware silver bullet , crooks out of reach",https://www.theridgefieldpress.com/news/article/Ransomware-explained-No-silver-bullet-16137963.php,theridgefieldpress.com,English,0.0,gdelt_gkg
PANW,2021-04-29,"EXPLAINER : No ransomware silver bullet , crooks out of reach",https://www.westport-news.com/news/article/Ransomware-explained-No-silver-bullet-16137963.php,westport-news.com,English,0.0,gdelt_gkg
PANW,2021-04-29,"EXPLAINER : No ransomware silver bullet , crooks out of reach",https://columbustelegram.com/news/national/govt-and-politics/explainer-no-ransomware-silver-bullet-crooks-out-of-reach/article_89c7f9df-35b0-5109-aeb2-0cd7366c0b32.html,columbustelegram.com,English,0.0,gdelt_gkg
PANW,2021-04-29,"EXPLAINER : No ransomware silver bullet , crooks out of reach",https://santamariatimes.com/news/national/govt-and-politics/explainer-no-ransomware-silver-bullet-crooks-out-of-reach/article_bda721ab-8617-5de2-beac-44024c34742a.html,santamariatimes.com,English,0.0,gdelt_gkg
PANW,2021-04-29,"Thu . 9 : 24 a . m .: No ransomware silver bullet ; crooks out of reach | News , Sports , Jobs",https://www.tribtoday.com/news/latest-news/2021/04/thu-924-a-m-no-ransomware-silver-bullet-crooks-out-of-reach/,tribtoday.com,English,0.0,gdelt_gkg
PANW,2021-04-29,"EXPLAINER : No ransomware silver bullet , crooks out of reach",https://www.leadertelegram.com/news/nation-world/explainer-no-ransomware-silver-bullet-crooks-out-of-reach/article_7c8ff04e-896e-53c5-9a6c-a4b67eeee75b.html,leadertelegram.com,English,0.0,gdelt_gkg
PANW,2021-04-29,"In The Ransomware Battle , Cybercriminals Have The Upper Hand",https://www.wmot.org/post/ransomware-battle-cyber-criminals-have-upper-hand,wmot.org,English,0.0,gdelt_gkg
PANW,2021-04-29,White House Called on to Address Surge in Ransomware Attacks,https://www.kvor.com/news/white-house-called-on-to-address-surge-in-ransomware-attacks/,kvor.com,English,0.0,gdelt_gkg
PANW,2021-04-29,"In The Ransomware Battle , Cybercriminals Have The Upper Hand",https://www.kios.org/post/ransomware-battle-cyber-criminals-have-upper-hand,kios.org,English,0.0,gdelt_gkg
PANW,2021-04-29,"In The Ransomware Battle , Cyber Criminals Have The Upper Hand",https://wusfnews.wusf.usf.edu/2021-04-29/in-the-ransomware-battle-cyber-criminals-have-the-upper-hand,wusfnews.wusf.usf.edu,English,0.0,gdelt_gkg
PANW,2021-04-29,"EXPLAINER : No ransomware silver bullet , crooks out of reach",https://www.mymotherlode.com/news/national/us-government/1696907/ransomware-explained-no-silver-bullet-out-of-reach-crooks.html,mymotherlode.com,English,0.0,gdelt_gkg
PANW,2021-04-29,"In The Ransomware Battle , Cybercriminals Have The Upper Hand",https://www.wyomingpublicmedia.org/post/ransomware-battle-cyber-criminals-have-upper-hand,wyomingpublicmedia.org,English,0.0,gdelt_gkg
PANW,2021-04-29,"EXPLAINER : No ransomware silver bullet , crooks out of reach",https://chippewa.com/news/national/govt-and-politics/explainer-no-ransomware-silver-bullet-crooks-out-of-reach/article_271b5f4d-9351-50e3-8246-43c9e0c04026.html,chippewa.com,English,0.0,gdelt_gkg
PANW,2021-04-30,5 Companies That Came To Win This Week,https://www.crn.com/news/channel-programs/5-companies-that-came-to-win-this-week-april-30,crn.com,English,0.0,gdelt_gkg
PANW,2021-04-30,"Explainer : No ransomware silver bullet ; task force recommends concerted diplomatic , legal and law enforcement",https://www.msn.com/en-in/money/topstories/explainer-no-ransomware-silver-bullet-task-force-recommends-concerted-diplomatic-legal-and-law-enforcement/ar-BB1gcJmw,msn.com,English,0.0,gdelt_gkg
PANW,2021-04-30,DHS : Ransomware Is National Security Threat,https://breakingdefense.com/2021/04/ransomware-a-national-security-issue-new-report-argues-yes/,breakingdefense.com,English,0.0,gdelt_gkg
PANW,2021-04-30,"Ransomware explained : No silver bullet , crooks out of reach",https://www.thestar.com.my/tech/tech-news/2021/04/30/ransomware-explained-no-silver-bullet-crooks-out-of-reach,thestar.com.my,English,0.0,gdelt_gkg
PANW,2021-04-30,Top Stocks 2021 : 11 Bullseye Stock Picks for Your Must - Buy List,https://investorplace.com/2021/04/top-stocks-2021-11-bullseye-stock-picks-for-your-must-buy-list-doge-eth-zom-li/,investorplace.com,English,0.0,gdelt_gkg
PANW,2021-04-30,"No Ransomware Silver Bullet , Crooks Out of Reach",https://www.claimsjournal.com/news/national/2021/04/30/303470.htm,claimsjournal.com,English,0.0,gdelt_gkg
PANW,2021-04-30,"As Ransomware Criminals Get More Ruthless , Experts Call for Multi - Pronged Response",https://www.insurancejournal.com/news/national/2021/04/30/612273.htm,insurancejournal.com,English,0.0,gdelt_gkg
PANW,2021-04-30,"As ransomware hits more U . S . agencies and companies , the crooks stay out of reach",https://www.centralmaine.com/2021/04/29/as-ransomware-hits-more-u-s-agencies-and-companies-the-crooks-stay-out-of-reach/,centralmaine.com,English,0.0,gdelt_gkg
PANW,2021-04-30,"EXPLAINER : No ransomware silver bullet , crooks out of reach | News , Sports , Jobs",https://www.lewistownsentinel.com/news/business/2021/04/explainer-no-ransomware-silver-bullet-crooks-out-of-reach/,lewistownsentinel.com,English,0.0,gdelt_gkg
PANW,2021-04-30,"No ransomware silver bullet , crooks out of reach",https://www.keysnews.com/ap/national/no-ransomware-silver-bullet-crooks-out-of-reach/article_23c92492-a961-11eb-a796-33a34413d117.html,keysnews.com,English,0.0,gdelt_gkg
PANW,2021-04-30,"As ransomware hits more U . S . agencies and companies , the crooks stay out of reach",https://www.sunjournal.com/2021/04/29/as-ransomware-hits-more-u-s-agencies-and-companies-the-crooks-stay-out-of-reach/,sunjournal.com,English,0.0,gdelt_gkg
PANW,2021-04-30,White House urged to address surge in ransomware attacks,https://www.iol.co.za/technology/software-and-internet/white-house-urged-to-address-surge-in-ransomware-attacks-60b22640-7e36-4a31-91ff-16e0be439934,iol.co.za,English,0.0,gdelt_gkg
PANW,2021-04-30,White House urged to address surge in ransomware attacks,https://www.thestar.com.my/tech/tech-news/2021/04/30/white-house-urged-to-address-surge-in-ransomware-attacks,thestar.com.my,English,0.0,gdelt_gkg
PANW,2021-04-30,WeSteal : A Cryptocurrency - Stealing Tool That Does Just That,https://threatpost.com/westeal-cryptocurrency-stealing-tool/165762/,threatpost.com,English,0.0,gdelt_gkg
PANW,2021-05-01,The State of Cybersecurity Incident Response,https://informationweek.com/whitepaper/security-management-and-analytics/cybersecurity/the-state-of-cybersecurity-incident-response/427273?gset=yes&cid=smartbox_techweb_whitepaper_14.500004528&_mc=smartbox_techweb_whitepaper_14.500004528,informationweek.com,English,0.0,gdelt_gkg
PANW,2021-05-01,"No ransomware silver bullet , crooks out of reach - New Delhi Times - India Only International Newspaper",https://www.newdelhitimes.com/no-ransomware-silver-bullet-crooks-out-of-reach/,newdelhitimes.com,English,0.0,gdelt_gkg
PANW,2021-05-01,"Deepfake nudes change the face of cyber threats , revenge porn and scams",https://www.9news.com.au/national/deepfake-nude-how-rise-of-bots-and-ai-could-make-you-a-victim/5d834b26-db9e-4cfe-8541-298dd3f64d01,9news.com.au,English,0.0,gdelt_gkg
PANW,2021-06-19,Hit by a ransomware attack ? Your payment may be deductible,https://bismarcktribune.com/news/national/govt-and-politics/hit-by-a-ransomware-attack-your-payment-may-be-deductible/article_04299291-902c-5bdb-a895-b225d353ad36.html,bismarcktribune.com,English,0.0,gdelt_gkg
PANW,2021-06-19,Hit by a ransomware attack ? Your payment may be deductible,https://muscatinejournal.com/news/national/govt-and-politics/hit-by-a-ransomware-attack-your-payment-may-be-deductible/article_b1af0ce9-4a78-5f17-8b42-f0841b9ce33f.html,muscatinejournal.com,English,0.0,gdelt_gkg
PANW,2021-06-19,The FBI says businesses shouldnt pay cybercriminals . But some ransomware payments are deductible,https://www.wxii12.com/article/ransomware-attack-payments-deductible/36771565,wxii12.com,English,0.0,gdelt_gkg
PANW,2021-06-19,The FBI says businesses shouldnt pay cybercriminals . But some ransomware payments are deductible,https://www.kcra.com/article/ransomware-attack-payments-deductible/36771565,kcra.com,English,0.0,gdelt_gkg
PANW,2021-06-19,Hit by a Ransomware Attack ? Your Payment May Be Deductible,https://www.nbcphiladelphia.com/news/national-international/hit-by-a-ransomware-attack-your-payment-may-be-deductible/2853477/,nbcphiladelphia.com,English,0.0,gdelt_gkg
PANW,2021-06-19,"Global Endpoint Security Market 2021 By End - User , Growth Potential , Deployment , Industry Size , Competitive Analysis – KSU",https://ksusentinel.com/2021/06/19/global-endpoint-security-market-2021-by-end-user-growth-potential-deployment-industry-size-competitive-analysis/,ksusentinel.com,English,0.0,gdelt_gkg
PANW,2021-06-19,Hit by a ransomware attack ? Your payment may be deductible,https://elkodaily.com/news/national/govt-and-politics/hit-by-a-ransomware-attack-your-payment-may-be-deductible/article_90ee23ac-d52d-5f69-9c7f-e3531bc54162.html,elkodaily.com,English,0.0,gdelt_gkg
PANW,2021-06-19,Hit by a ransomware attack ? Your payment may be deductible,https://www.thedailytimes.com/news/nation_world/hit-by-a-ransomware-attack-your-payment-may-be-deductible/article_7c84a17d-c05e-59a3-842f-f60cbc9b2744.html,thedailytimes.com,English,0.0,gdelt_gkg
PANW,2021-06-19,Tax experts : Ransomware payments might be deductible,https://www.wcnc.com/article/news/nation-world/ransomware-payments-tax-deductible/507-0d54b334-1a9c-4ed3-9181-86e7efeb4cb3,wcnc.com,English,0.0,gdelt_gkg
PANW,2021-06-19,Hit by a ransomware attack ? Your payment may be deductible,https://www.berkshireeagle.com/us-politics/hit-by-a-ransomware-attack-your-payment-may-be-deductible/article_1d574f5a-2536-5d54-b215-6d50bd70982b.html,berkshireeagle.com,English,0.0,gdelt_gkg
PANW,2021-06-19,Tax experts : Ransomware payments might be deductible,https://www.wtol.com/article/news/nation-world/ransomware-payments-tax-deductible/507-0d54b334-1a9c-4ed3-9181-86e7efeb4cb3,wtol.com,English,0.0,gdelt_gkg
PANW,2021-06-19,Hit by a ransomware attack ? Your payment may be deductible,https://lancasteronline.com/business/nation/hit-by-a-ransomware-attack-your-payment-may-be-deductible/article_12856638-bab1-5151-bdab-12503c1cfedf.html,lancasteronline.com,English,0.0,gdelt_gkg
PANW,2021-06-19,Tax experts : Ransomware payments might be deductible,https://www.thv11.com/article/news/nation-world/ransomware-payments-tax-deductible/507-0d54b334-1a9c-4ed3-9181-86e7efeb4cb3,thv11.com,English,0.0,gdelt_gkg
PANW,2021-06-19,Hit by a ransomware attack ? Your payment may be deductible,https://timesofindia.indiatimes.com/business/international-business/hit-by-a-ransomware-attack-your-payment-may-be-deductible/articleshow/83665348.cms,timesofindia.indiatimes.com,English,0.0,gdelt_gkg
PANW,2021-06-19,Hit by a Ransomware Attack ? Your Payment May Be Deductible,https://www.nbcdfw.com/news/national-international/hit-by-a-ransomware-attack-your-payment-may-be-deductible/2661151/,nbcdfw.com,English,0.0,gdelt_gkg
PANW,2021-06-19,Indian - origin execs lead 60 billion dollar companies abroad,https://www.msn.com/en-in/money/topstories/indian-origin-execs-lead-60-billion-dollar-companies-abroad/ar-AALd6K3,msn.com,English,0.0,gdelt_gkg
PANW,2021-06-19,Hit by a ransomware attack ? Your payment may be deductible,https://abcnews.go.com/Business/wireStory/hit-ransomware-attack-payment-deductible-78373692,abcnews.go.com,English,0.0,gdelt_gkg
PANW,2021-06-19,Hit by a ransomware attack ? Your payment may be deductible,https://wcfcourier.com/news/national/govt-and-politics/hit-by-a-ransomware-attack-your-payment-may-be-deductible/article_4e865c6e-3a76-5fdb-96d3-f3199d7b9a7b.html,wcfcourier.com,English,0.0,gdelt_gkg
PANW,2021-06-19,Hit by a ransomware attack ? Your payment may be deductible,https://dothaneagle.com/news/national/govt-and-politics/hit-by-a-ransomware-attack-your-payment-may-be-deductible/article_01c2b79e-69b7-5f87-88ab-3217330717b5.html,dothaneagle.com,English,0.0,gdelt_gkg
PANW,2021-06-19,Hit by a ransomware attack ? Your payment may be deductible,https://www.tribdem.com/news/hit-by-a-ransomware-attack-your-payment-may-be-deductible/article_b5ae3308-533d-56bd-a386-8e129ee07075.html,tribdem.com,English,0.0,gdelt_gkg
PANW,2021-06-19,Hit by a Ransomware Attack ? Your Payment May Be Deductible,https://www.nbcsandiego.com/news/national-international/hit-by-a-ransomware-attack-your-payment-may-be-deductible/2635335/,nbcsandiego.com,English,0.0,gdelt_gkg
PANW,2021-06-19,Hit by a ransomware attack ? Your payment may be deductible,http://www.dailyjournal.net/2021/06/19/us-cybersecurity-ransomware-taxes-3/,dailyjournal.net,English,0.0,gdelt_gkg
PANW,2021-06-19,Hit by a Ransomware Attack ? Your Payment May Be Deductible,https://www.nbcconnecticut.com/news/national-international/hit-by-a-ransomware-attack-your-payment-may-be-deductible/2511443/,nbcconnecticut.com,English,0.0,gdelt_gkg
PANW,2021-06-19,The FBI says businesses shouldnt pay cybercriminals . But some ransomware payments are deductible,https://www.4029tv.com/article/ransomware-attack-payments-deductible/36771565,4029tv.com,English,0.0,gdelt_gkg
PANW,2021-06-19,Hit by a ransomware attack ? Your payment may be deductible :: WRAL . com,https://www.wral.com/hit-by-a-ransomware-attack-your-payment-may-be-deductible/19733424/,wral.com,English,0.0,gdelt_gkg
PANW,2021-06-19,Hit by a ransomware attack ? Your payment may be deductible,https://www.newstimes.com/business/article/Hit-by-a-ransomware-attack-Your-payment-may-be-16259018.php,newstimes.com,English,0.0,gdelt_gkg
PANW,2021-06-19,Hit by a ransomware attack ? Your payment may be deductible,https://www.chron.com/business/article/Hit-by-a-ransomware-attack-Your-payment-may-be-16259018.php,chron.com,English,0.0,gdelt_gkg
PANW,2021-06-19,Hit by a Ransomware Attack ? Your Payment May Be Deductible,https://www.nbcchicago.com/news/national-international/hit-by-a-ransomware-attack-your-payment-may-be-deductible/2536182/,nbcchicago.com,English,0.0,gdelt_gkg
PANW,2021-06-19,Hit by a ransomware attack ? Your payment may be deductible,https://www.expressnews.com/news/article/Hit-by-a-ransomware-attack-Your-payment-may-be-16259018.php,expressnews.com,English,0.0,gdelt_gkg
PANW,2021-06-19,Hit by a ransomware attack ? Your payment may be deductible,https://www.caledonianrecord.com/news/national/hit-by-a-ransomware-attack-your-payment-may-be-deductible/article_5fd952cb-8567-551a-90fa-58e31fda3dba.html,caledonianrecord.com,English,0.0,gdelt_gkg
PANW,2021-06-19,Hit by a ransomware attack ? Your payment may be deductible,https://www.standard-journal.com/news/news_ap/article_5f0ac928-0fca-57f8-815f-d3891b4fc328.html,standard-journal.com,English,0.0,gdelt_gkg
PANW,2021-06-19,Hit by a ransomware attack ? Your payment may be deductible,https://techxplore.com/news/2021-06-ransomware-payment-deductible.html,techxplore.com,English,0.0,gdelt_gkg
PANW,2021-06-19,Hit by a ransomware attack ? Your payment may be deductible,https://www.galvnews.com/news_ap/business/article_0a5ece88-9ec9-577f-8a10-c28adad09007.html,galvnews.com,English,0.0,gdelt_gkg
PANW,2021-06-19,Hit by a ransomware attack ? Your payment may be deductible,https://www.smdailyjournal.com/business/hit-by-a-ransomware-attack-your-payment-may-be-deductible/article_1a6aa23c-a5cc-5e83-aa2d-15cc5c7c3eff.html,smdailyjournal.com,English,0.0,gdelt_gkg
PANW,2021-06-19,Hit by a ransomware attack ? Your payment may be deductible,https://kdhnews.com/news/politics/hit-by-a-ransomware-attack-your-payment-may-be-deductible/article_41ba3d64-869a-5cc3-a16f-e3f28856673f.html,kdhnews.com,English,0.0,gdelt_gkg
PANW,2021-06-19,Hit by a ransomware attack ? Your payment may be deductible,https://www.thedailytimes.com/business/hit-by-a-ransomware-attack-your-payment-may-be-deductible/article_7c84a17d-c05e-59a3-842f-f60cbc9b2744.html,thedailytimes.com,English,0.0,gdelt_gkg
PANW,2021-06-19,"Police , fire , EMS preparedness for cyberattack ( Webinar ) ",https://www.firerescue1.com/cybersecurity/articles/webinar-understand-the-risks-and-prepare-your-department-for-a-cyberattack-m6foVSmumbXDOW7E/,firerescue1.com,English,0.0,gdelt_gkg
PANW,2021-06-19,"Bitcoin : Kryptowährung mit Kursrutsch , Ransomware und Cyber - Attacken schaden Ruf",https://www.manager-magazin.de/finanzen/bitcoin-kryptowaehrung-mit-kurssturz-unter-35-000-us-dollar-ransomware-attacken-nehmen-zu-a-9ae6df8e-432b-450e-bfad-84d5d5f5c6c6,manager-magazin.de,German,0.0,gdelt_gkg
PANW,2021-06-19,"Ransomware attack payments might be tax deductible , says US government",https://www.fox2detroit.com/news/ransomware-attack-payments-might-be-tax-deductible-says-us-government,fox2detroit.com,English,0.0,gdelt_gkg
PANW,2021-06-19,Hit by a ransomware attack ? Your payment may be deductible,https://www.beloitdailynews.com/news/national-news/hit-by-a-ransomware-attack-your-payment-may-be-deductible/article_9502d692-69e5-5ff4-8066-7c170400751f.html,beloitdailynews.com,English,0.0,gdelt_gkg
PANW,2021-06-19,The FBI says businesses shouldnt pay cybercriminals . But some ransomware payments are deductible,https://www.wdsu.com/article/ransomware-attack-payments-deductible/36771565,wdsu.com,English,0.0,gdelt_gkg
PANW,2021-06-19,Hit by a ransomware attack ? Your payment may be deductible,https://triblive.com/news/wire-stories/hit-by-a-ransomware-attack-your-payment-may-be-deductible/,triblive.com,English,0.0,gdelt_gkg
PANW,2021-06-19,Hit by a ransomware attack ? Your payment may be deductible,https://www.bdtonline.com/news/hit-by-a-ransomware-attack-your-payment-may-be-deductible/article_fb1baf39-4e4b-51dc-b7e3-aac4196d99df.html,bdtonline.com,English,0.0,gdelt_gkg
PANW,2021-06-19,Biden Tells Putin To Crack Down On Ransomware . What Are The Odds He Will ? ,https://www.northcountrypublicradio.org/news/npr/1007632156/biden-tells-putin-to-crack-down-on-ransomware-what-are-the-odds-he-will,northcountrypublicradio.org,English,0.0,gdelt_gkg
PANW,2021-06-19,The FBI says businesses shouldnt pay cybercriminals . But some ransomware payments are deductible,https://www.wmur.com/article/ransomware-attack-payments-deductible/36771565,wmur.com,English,0.0,gdelt_gkg
PANW,2021-06-19,Hit by a ransomware attack ? Your payment may be deductible,https://www.wiltonbulletin.com/business/article/Hit-by-a-ransomware-attack-Your-payment-may-be-16259018.php,wiltonbulletin.com,English,0.0,gdelt_gkg
PANW,2021-06-19,Stars and Stripes - Hit by a ransomware attack ? Your payment may be deductible,https://www.stripes.com/theaters/us/2021-06-19/Hit-by-a-ransomware-attack-Your-payment-may-be-deductible-1738732.html,stripes.com,English,0.0,gdelt_gkg
PANW,2021-06-19,Hit by a ransomware attack ? Your payment may be deductible,https://www.sfgate.com/business/article/Hit-by-a-ransomware-attack-Your-payment-may-be-16259018.php,sfgate.com,English,0.0,gdelt_gkg
PANW,2021-06-19,The FBI says businesses shouldnt pay cybercriminals . But some ransomware payments are deductible,https://www.wcvb.com/article/ransomware-attack-payments-deductible/36771565,wcvb.com,English,0.0,gdelt_gkg
PANW,2021-06-19,Hit by a ransomware attack ? Your payment may be deductible,https://www.ctpost.com/business/article/Hit-by-a-ransomware-attack-Your-payment-may-be-16259018.php,ctpost.com,English,0.0,gdelt_gkg
PANW,2021-06-19,Hit by a ransomware attack ? Your payment may be deductible,https://www.stamfordadvocate.com/business/article/Hit-by-a-ransomware-attack-Your-payment-may-be-16259018.php,stamfordadvocate.com,English,0.0,gdelt_gkg
PANW,2021-06-19,The FBI says businesses shouldnt pay cybercriminals . But some ransomware payments are deductible,https://www.wyff4.com/article/ransomware-attack-payments-deductible/36771565,wyff4.com,English,0.0,gdelt_gkg
PANW,2021-06-19,Hit by a ransomware attack ? Your payment may be deductible,https://www.sfchronicle.com/business/article/Hit-by-a-ransomware-attack-Your-payment-may-be-16259018.php,sfchronicle.com,English,0.0,gdelt_gkg
PANW,2021-06-19,The US government may start tax deductible incentive payments for ransomware attacks,https://www.jagran.com/world/america-the-us-government-may-start-tax-deductible-incentive-payments-for-ransomware-attacks-21754087.html,jagran.com,Hindi,0.0,gdelt_gkg
PANW,2021-06-19,Hit by a ransomware attack ? Your payment may be deductible,https://www.nhregister.com/business/article/Hit-by-a-ransomware-attack-Your-payment-may-be-16259018.php,nhregister.com,English,0.0,gdelt_gkg
PANW,2021-06-19,Hit by a ransomware attack ? Your payment may be deductible,https://www.darientimes.com/business/article/Hit-by-a-ransomware-attack-Your-payment-may-be-16259018.php,darientimes.com,English,0.0,gdelt_gkg
PANW,2021-06-19,The FBI says businesses shouldnt pay cybercriminals . But some ransomware payments are deductible,https://www.wjcl.com/article/ransomware-attack-payments-deductible/36771565,wjcl.com,English,0.0,gdelt_gkg
PANW,2021-06-19,Hit by a ransomware attack ? Your payment may be deductible,https://www.680news.com/2021/06/19/hit-by-a-ransomware-attack-your-payment-may-be-deductible-2/,680news.com,English,0.0,gdelt_gkg
PANW,2021-06-19,Hit by a ransomware attack ? Your payment may be deductible,https://www.ncadvertiser.com/business/article/Hit-by-a-ransomware-attack-Your-payment-may-be-16259018.php,ncadvertiser.com,English,0.0,gdelt_gkg
PANW,2021-06-19,The FBI says businesses shouldnt pay cybercriminals . But some ransomware payments are deductible,https://www.kcci.com/article/ransomware-attack-payments-deductible/36771565,kcci.com,English,0.0,gdelt_gkg
PANW,2021-06-19,Hit by a ransomware attack ? Your payment may be deductible,https://www.sheltonherald.com/business/article/Hit-by-a-ransomware-attack-Your-payment-may-be-16259018.php,sheltonherald.com,English,0.0,gdelt_gkg
PANW,2021-06-19,The FBI says businesses shouldnt pay cybercriminals . But some ransomware payments are deductible,https://www.wisn.com/article/ransomware-attack-payments-deductible/36771565,wisn.com,English,0.0,gdelt_gkg
PANW,2021-06-19,The FBI says businesses shouldnt pay cybercriminals . But some ransomware payments are deductible,https://www.wtae.com/article/ransomware-attack-payments-deductible/36771565,wtae.com,English,0.0,gdelt_gkg
PANW,2021-06-19,Hit by a ransomware attack ? Your payment may be deductible,https://www.fairfieldcitizenonline.com/business/article/Hit-by-a-ransomware-attack-Your-payment-may-be-16259018.php,fairfieldcitizenonline.com,English,0.0,gdelt_gkg
PANW,2021-06-19,Hit by a ransomware attack ? Your payment may be deductible,https://www.columbian.com/news/2021/jun/19/hit-by-a-ransomware-attack-your-payment-may-be-deductible/,columbian.com,English,0.0,gdelt_gkg
PANW,2021-06-19,Hit by a ransomware attack ? Your payment may be deductible,https://www.middletownpress.com/business/article/Hit-by-a-ransomware-attack-Your-payment-may-be-16259018.php,middletownpress.com,English,0.0,gdelt_gkg
PANW,2021-06-19,The FBI says businesses shouldnt pay cybercriminals . But some ransomware payments are deductible,https://www.mynbc5.com/article/ransomware-attack-payments-deductible/36771565,mynbc5.com,English,0.0,gdelt_gkg
PANW,2021-06-19,Hit by a ransomware attack ? Your payment may be deductible,https://www.seattlepi.com/business/article/Hit-by-a-ransomware-attack-Your-payment-may-be-16259018.php,seattlepi.com,English,0.0,gdelt_gkg
PANW,2021-06-19,Hit by a ransomware attack ? Your payment may be deductible,https://www.thehour.com/business/article/Hit-by-a-ransomware-attack-Your-payment-may-be-16259018.php,thehour.com,English,0.0,gdelt_gkg
PANW,2021-06-19,Hit by a ransomware attack ? Your payment may be deductible,https://www.greenwichtime.com/business/article/Hit-by-a-ransomware-attack-Your-payment-may-be-16259018.php,greenwichtime.com,English,0.0,gdelt_gkg
PANW,2021-06-19,Hit by a ransomware attack ? Your payment may be tax deductible,https://www.marketwatch.com/story/hit-by-a-ransomware-attack-your-payment-may-be-tax-deductible-01624129627,marketwatch.com,English,0.0,gdelt_gkg
PANW,2021-06-19,Hit by a ransomware attack ? Your payment may be deductible - New Delhi Times - India Only International Newspaper,https://www.newdelhitimes.com/hit-by-a-ransomware-attack-your-payment-may-be-deductible/,newdelhitimes.com,English,0.0,gdelt_gkg
PANW,2021-06-19,The FBI says businesses shouldnt pay cybercriminals . But some ransomware payments are deductible,https://www.wapt.com/article/ransomware-attack-payments-deductible/36771565,wapt.com,English,0.0,gdelt_gkg
PANW,2021-06-19,Hit by a ransomware attack ? Your payment may be deductible,https://www.registercitizen.com/business/article/Hit-by-a-ransomware-attack-Your-payment-may-be-16259018.php,registercitizen.com,English,0.0,gdelt_gkg
PANW,2021-06-19,Hit by a ransomware attack ? Your payment may be deductible,https://www.pressenterpriseonline.com/apnews/hit-by-a-ransomware-attack-your-payment-may-be-deductible,pressenterpriseonline.com,English,0.0,gdelt_gkg
PANW,2021-06-19,Hit by a ransomware attack ? Your payment may be deductible,https://www.theridgefieldpress.com/business/article/Hit-by-a-ransomware-attack-Your-payment-may-be-16259018.php,theridgefieldpress.com,English,0.0,gdelt_gkg
PANW,2021-06-19,Hit by a ransomware attack ? Your payment may be deductible,https://www.middletownpress.com/shorelinebusiness/article/Hit-by-a-ransomware-attack-Your-payment-may-be-16259018.php,middletownpress.com,English,0.0,gdelt_gkg
PANW,2021-06-19,Hit by a ransomware attack ? Your payment may be deductible,https://www.trumbulltimes.com/business/article/Hit-by-a-ransomware-attack-Your-payment-may-be-16259018.php,trumbulltimes.com,English,0.0,gdelt_gkg
PANW,2021-06-19,Hit by a ransomware attack ? Your payment may be deductible,https://www.milfordmirror.com/business/article/Hit-by-a-ransomware-attack-Your-payment-may-be-16259018.php,milfordmirror.com,English,0.0,gdelt_gkg
PANW,2021-06-19,Hit by a ransomware attack ? Your payment may be deductible,https://www.newmilfordspectrum.com/business/article/Hit-by-a-ransomware-attack-Your-payment-may-be-16259018.php,newmilfordspectrum.com,English,0.0,gdelt_gkg
PANW,2021-06-19,Palo Alto Networks Zero Trust Maturity Model,https://informationweek.com/whitepaper/security-monitoring/security/palo-alto-networks-zero-trust-maturity-model/428953?gset=yes&cid=smartbox_techweb_whitepaper_14.500004613&_mc=smartbox_techweb_whitepaper_14.500004613,informationweek.com,English,0.0,gdelt_gkg
PANW,2021-06-19,The FBI says businesses shouldnt pay cybercriminals . But some ransomware payments are deductible,https://www.wesh.com/article/ransomware-attack-payments-deductible/36771565,wesh.com,English,0.0,gdelt_gkg
PANW,2021-06-19,Hit by a ransomware attack ? Your payment may be deductible,https://www.westport-news.com/business/article/Hit-by-a-ransomware-attack-Your-payment-may-be-16259018.php,westport-news.com,English,0.0,gdelt_gkg
PANW,2021-06-20,The Dogecoin Bubble Will Burst : Buy These Surefire Stocks Instead,https://www.fool.com/investing/2021/06/20/the-dogecoin-bubble-will-burst-buy-surefire-stocks/,fool.com,English,0.0,gdelt_gkg
PANW,2021-06-20,US Government : Ransomware attacks may be deductible,https://www.newstribune.com/news/national/story/2021/jun/20/us-government-ransomware-attacks-may-be-deductible/875720/,newstribune.com,English,0.0,gdelt_gkg
PANW,2021-06-20,Robin . io Raises $38M in Series C Funding,https://www.finsmes.com/2021/06/robin-io-raises-38m-in-series-c-funding.html,finsmes.com,English,0.0,gdelt_gkg
PANW,2021-06-20,Biden Tells Putin To Crack Down On Ransomware . What Are The Odds He Will ? ,https://www.aspenpublicradio.org/2021-06-17/biden-tells-putin-to-crack-down-on-ransomware-what-are-the-odds-he-will,aspenpublicradio.org,English,0.0,gdelt_gkg
PANW,2021-06-20,Hit by a ransomware attack ? Your payment may be deductible,https://www.wyomingnews.com/rawlinstimes/rawlinstimes/news/hit-by-a-ransomware-attack-your-payment-may-be-deductible/article_a566d8c6-228f-52b1-8a5c-aec45d387c90.html,wyomingnews.com,English,0.0,gdelt_gkg
PANW,2021-06-20,The Dogecoin Bubble Will Burst : Buy These Surefire Stocks Instead,https://www.fool.com/investing/2021/06/20/the-dogecoin-bubble-will-burst-buy-surefire-stocks/?source=iedfolrf0000001,fool.com,English,0.0,gdelt_gkg
PANW,2021-06-20,Biden Tells Putin To Crack Down On Ransomware . What Are The Odds He Will ? ,https://www.wncw.org/2021-06-17/biden-tells-putin-to-crack-down-on-ransomware-what-are-the-odds-he-will,wncw.org,English,0.0,gdelt_gkg
PANW,2021-06-20,Hit by a Ransomware Attack ? Your Payment May Be Deductible,https://www.nbclosangeles.com/news/national-international/hit-by-a-ransomware-attack-your-payment-may-be-deductible/2620683/,nbclosangeles.com,English,0.0,gdelt_gkg
PANW,2021-06-20,Biden Tells Putin To Crack Down On Ransomware . What Are The Odds He Will ? ,https://news.wfsu.org/all-npr-news/2021-06-17/biden-tells-putin-to-crack-down-on-ransomware-what-are-the-odds-he-will,news.wfsu.org,English,0.0,gdelt_gkg
PANW,2021-06-20,Biden Tells Putin To Crack Down On Ransomware . What Are The Odds He Will ? ,https://www.kclu.org/science-technology/2021-06-17/biden-tells-putin-to-crack-down-on-ransomware-what-are-the-odds-he-will,kclu.org,English,0.0,gdelt_gkg
PANW,2021-06-20,Hit by a ransomware attack ? Your payment may be deductible,https://www.santafenewmexican.com/news/hit-by-a-ransomware-attack-your-payment-may-be-deductible/article_3c56a386-9ca2-54e2-b502-551e81516087.html,santafenewmexican.com,English,0.0,gdelt_gkg
PANW,2021-06-20,Biden Tells Putin To Crack Down On Ransomware . What Are The Odds He Will ? ,https://www.wypr.org/2021-06-17/biden-tells-putin-to-crack-down-on-ransomware-what-are-the-odds-he-will,wypr.org,English,0.0,gdelt_gkg
PANW,2021-06-20,Biden Tells Putin To Crack Down On Ransomware . What Are The Odds He Will ? ,https://www.wkms.org/npr-news/2021-06-17/biden-tells-putin-to-crack-down-on-ransomware-what-are-the-odds-he-will,wkms.org,English,0.0,gdelt_gkg
PANW,2021-06-20,Hit by a ransomware attack ? Your payment may be deductible,https://www.messenger-inquirer.com/news/hit-by-a-ransomware-attack-your-payment-may-be-deductible/article_ed3829cd-38f4-53b2-95c3-7026fb8991ed.html,messenger-inquirer.com,English,0.0,gdelt_gkg
PANW,2021-06-20,Biden Tells Putin To Crack Down On Ransomware . What Are The Odds He Will ? ,https://www.iowapublicradio.org/news-from-npr/2021-06-17/biden-tells-putin-to-crack-down-on-ransomware-what-are-the-odds-he-will,iowapublicradio.org,English,0.0,gdelt_gkg
PANW,2021-06-20,Biden Tells Putin To Crack Down On Ransomware . What Are The Odds He Will ? ,https://www.kasu.org/2021-06-17/biden-tells-putin-to-crack-down-on-ransomware-what-are-the-odds-he-will,kasu.org,English,0.0,gdelt_gkg
PANW,2021-06-20,Hit by a ransomware attack ? Your payment may be deductible,https://www.pressherald.com/2021/06/19/hit-by-a-ransomware-attack-your-payment-may-be-deductible/,pressherald.com,English,0.0,gdelt_gkg
PANW,2021-06-20,"Firewall as arvice ( FWaaS ) Market Size and Forecast to 2027 | Key Players – CheckPoint Software Technologies , Palo Alto Networks , Fortinet , Cisco Systems , Intel ( McAfee ), Hewlett Packard Enterprise , Symantec , Tufin – KSU",https://ksusentinel.com/2021/06/20/firewall-as-arvice-fwaas-market-size-and-forecast-to-2027-key-players-checkpoint-software-technologies-palo-alto-networks-fortinet-cisco-systems-intel-mcafee-hewlett-packard-enterprise-s/,ksusentinel.com,English,0.0,gdelt_gkg
PANW,2021-06-20,Biden Tells Putin To Crack Down On Ransomware . What Are The Odds He Will ? ,https://www.kuer.org/2021-06-17/biden-tells-putin-to-crack-down-on-ransomware-what-are-the-odds-he-will,kuer.org,English,0.0,gdelt_gkg
PANW,2021-06-20,Biden Tells Putin To Crack Down On Ransomware . What Are The Odds He Will ? ,https://www.mynspr.org/2021-06-17/biden-tells-putin-to-crack-down-on-ransomware-what-are-the-odds-he-will,mynspr.org,English,0.0,gdelt_gkg
PANW,2021-06-20,Should You Ignore CrowdStrike High Valuation ? ,https://www.fool.com/investing/2021/06/20/should-you-ignore-crowdstrikes-high-valuation/?source=iedfolrf0000001,fool.com,English,0.0,gdelt_gkg
PANW,2021-06-20,Biden Tells Putin To Crack Down On Ransomware . What Are The Odds He Will ? ,https://www.wvik.org/2021-06-17/biden-tells-putin-to-crack-down-on-ransomware-what-are-the-odds-he-will,wvik.org,English,0.0,gdelt_gkg
PANW,2021-06-20,Suffered a ransomware attack ? You may in turn save tax,https://zeenews.india.com/technology/suffered-a-ransomware-attack-you-may-in-turn-save-tax-2370532.html,zeenews.india.com,English,0.0,gdelt_gkg
PANW,2021-06-20,Biden Tells Putin To Crack Down On Ransomware . What Are The Odds He Will ? ,https://www.wqcs.org/2021-06-17/biden-tells-putin-to-crack-down-on-ransomware-what-are-the-odds-he-will,wqcs.org,English,0.0,gdelt_gkg
PANW,2021-06-20,Biden Tells Putin To Crack Down On Ransomware . What Are The Odds He Will ? ,https://www.kbia.org/2021-06-17/biden-tells-putin-to-crack-down-on-ransomware-what-are-the-odds-he-will,kbia.org,English,0.0,gdelt_gkg
PANW,2021-06-20,Biden Tells Putin To Crack Down On Ransomware . What Are The Odds He Will ? ,https://www.wrkf.org/2021-06-17/biden-tells-putin-to-crack-down-on-ransomware-what-are-the-odds-he-will,wrkf.org,English,0.0,gdelt_gkg
PANW,2021-06-20,Biden Tells Putin To Crack Down On Ransomware . What Are The Odds He Will ? ,https://www.kalw.org/npr-news/2021-06-17/biden-tells-putin-to-crack-down-on-ransomware-what-are-the-odds-he-will,kalw.org,English,0.0,gdelt_gkg
PANW,2021-06-20,"Cloud Application Security Service Market Size and Forecast to 2027 | Key Players – Cisco Systems ( US ), Fortinet ( US ), Microsoft ( US ), Oracle ( US ), Palo Alto Networks ( US ), Proofpoint ( US ), Symantec ( US ), Bitglass ( US ) – KSU",https://ksusentinel.com/2021/06/20/cloud-application-security-service-market-size-and-forecast-to-2027-key-players-cisco-systems-us-fortinet-us-microsoft-us-oracle-us-palo-alto-networks-us-proofpoint-us-symantec/,ksusentinel.com,English,0.0,gdelt_gkg
PANW,2021-06-20,"Global Medical Device Cybersecurity Solutions Market Size , Share , Latest Trends , Growth Opportunities and Forecast 2027 : DBMR Updates – KSU",https://ksusentinel.com/2021/06/20/global-medical-device-cybersecurity-solutions-market-size-share-latest-trends-growth-opportunities-and-forecast-2027dbmr-updates/,ksusentinel.com,English,0.0,gdelt_gkg
PANW,2021-06-20,Biden Tells Putin To Crack Down On Ransomware . What Are The Odds He Will ? ,https://www.capeandislands.org/2021-06-17/biden-tells-putin-to-crack-down-on-ransomware-what-are-the-odds-he-will,capeandislands.org,English,0.0,gdelt_gkg
PANW,2021-06-20,Biden Tells Putin To Crack Down On Ransomware . What Are The Odds He Will ? ,https://www.interlochenpublicradio.org/2021-06-17/biden-tells-putin-to-crack-down-on-ransomware-what-are-the-odds-he-will,interlochenpublicradio.org,English,0.0,gdelt_gkg
PANW,2021-06-20,Biden Tells Putin To Crack Down On Ransomware . What Are The Odds He Will ? ,https://www.boisestatepublicradio.org/2021-06-17/biden-tells-putin-to-crack-down-on-ransomware-what-are-the-odds-he-will,boisestatepublicradio.org,English,0.0,gdelt_gkg
PANW,2021-06-20,Biden Tells Putin To Crack Down On Ransomware . What Are The Odds He Will ? ,https://www.ypradio.org/2021-06-17/biden-tells-putin-to-crack-down-on-ransomware-what-are-the-odds-he-will,ypradio.org,English,0.0,gdelt_gkg
PANW,2021-06-20,Biden Tells Putin To Crack Down On Ransomware . What Are The Odds He Will ? ,https://www.hppr.org/2021-06-17/biden-tells-putin-to-crack-down-on-ransomware-what-are-the-odds-he-will,hppr.org,English,0.0,gdelt_gkg
PANW,2021-06-21,Glilot Capital mulls $200 - 300m Wall Street SPAC IPO,https://en.globes.co.il/en/article-glilot-capital-mulls-200-300m-wall-street-spac-ipo-1001375352,en.globes.co.il,English,0.0,gdelt_gkg
PANW,2021-06-21,Hit by a ransomware attack ? Your payment may be deductible,https://lasvegassun.com/news/2021/jun/21/hit-by-a-ransomware-attack-your-payment-may-be-ded/,lasvegassun.com,English,0.0,gdelt_gkg
PANW,2021-06-21,Suffered a Ransomware Attack ? You May Be Able to Deduct Your Payment,https://www.mbtmag.com:443/security/news/21520952/suffered-a-ransomware-attack-you-may-be-able-to-deduct-your-payment,mbtmag.com,English,0.0,gdelt_gkg
PANW,2021-06-21,Hit by a ransomware attack ? Your payment may be deductible,https://m.lasvegassun.com/news/2021/jun/21/hit-by-a-ransomware-attack-your-payment-may-be-ded/,m.lasvegassun.com,English,0.0,gdelt_gkg
PANW,2021-06-21,Hit by a ransomware attack ? Your payment may be deductible,https://neworleanscitybusiness.com/blog/2021/06/21/hit-by-a-ransomware-attack-your-payment-may-be-deductible/,neworleanscitybusiness.com,English,0.0,gdelt_gkg
PANW,2021-06-21,Using Automation to Update a SOC,https://www.govinfosecurity.com/using-automation-to-update-soc-a-16897,govinfosecurity.com,English,0.0,gdelt_gkg
PANW,2021-06-21,Channel Asia unveils record - breaking number of finalists for new - look Women in ICT Awards,https://www.channelasia.tech/article/689208/channel-asia-unveils-record-breaking-number-finalists-new-look-women-ict-awards/,channelasia.tech,English,0.0,gdelt_gkg
PANW,2021-06-21,Hit by a ransomware attack ? Your payment may be deductible,https://www.abqjournal.com/2402046/hit-by-a-ransomware-attack-your-payment-may-be-deductible.html,abqjournal.com,English,0.0,gdelt_gkg
PANW,2021-06-21,Suffered a Ransomware Attack ? You May Be Able to Deduct Your Payment,https://www.inddist.com:443/home/news/21520952/suffered-a-ransomware-attack-you-may-be-able-to-deduct-your-payment,inddist.com,English,0.0,gdelt_gkg
PANW,2021-06-21,JBS attack points to food industry cyber weaknesses ; Singapore vulnerable too,https://www.straitstimes.com/tech/tech-news/jbs-attack-points-to-food-industry-cyber-weaknesses-singapore-vulnerable-too,straitstimes.com,English,0.0,gdelt_gkg
PANW,2021-06-21,Extorted by ransomware gangs ? The payments may be tax - deductible,https://www.cbsnews.com/news/ransomware-payments-may-be-tax-deductible/,cbsnews.com,English,0.0,gdelt_gkg
PANW,2021-06-21,FBI Says Dont Pay Ransom While Tax Advisors Say Payment May Be Tax Deductible,https://www.insurancejournal.com/news/national/2021/06/21/619439.htm,insurancejournal.com,English,0.0,gdelt_gkg
PANW,2021-06-21,Your ransomware payment may be deductible,https://finance-commerce.com/2021/06/your-ransomware-payment-may-be-deductible/,finance-commerce.com,English,0.0,gdelt_gkg
PANW,2021-06-21,Using Automation to Update a SOC,https://www.bankinfosecurity.com/using-automation-to-update-soc-a-16897,bankinfosecurity.com,English,0.0,gdelt_gkg
PANW,2021-06-21,Suffered a Ransomware Attack ? You May Be Able to Deduct Your Payment,https://www.manufacturing.net:443/home/news/21520952/suffered-a-ransomware-attack-you-may-be-able-to-deduct-your-payment,manufacturing.net,English,0.0,gdelt_gkg
PANW,2021-06-22,Why cyber criminals are interested in attacking vital Kansas companies,https://www.cjonline.com/story/news/2021/06/22/why-cyber-criminals-interested-attacking-vital-kansas-companies/5305694001/,cjonline.com,English,0.0,gdelt_gkg
PANW,2021-06-22,Hit by a ransomware attack ? Your payment may be deductible,https://www.thedailycitizen.com/business/hit-by-a-ransomware-attack-your-payment-may-be-deductible/article_bd2cfce0-38d0-5041-b802-781457c7f96e.html,thedailycitizen.com,English,0.0,gdelt_gkg
PANW,2021-06-22,Global Cyber Security Market Is Expected to Flourish At A CAGR Of 10 . 44 % During Forecast Period 2019 - 2027 . – KSU,https://ksusentinel.com/2021/06/22/global-cyber-security-market-is-expected-to-flourish-at-a-cagr-of-10-44-during-forecast-period-2019-2027/,ksusentinel.com,English,0.0,gdelt_gkg
PANW,2021-06-22,2021年 、 ニューノーマル時代の記者会見の在り方とは ？ 【 2021年度版 オンライン会見の手引き 前編 】 午前10時の会見はもはや定番,https://internet.watch.impress.co.jp/docs/special/1332889.html,internet.watch.impress.co.jp,Japanese,0.0,gdelt_gkg
PANW,2021-06-22,Global Web Filtering Service Market Shares Reflect Significant Growth of Mn US$ During 2020 - 2025 – KSU,https://ksusentinel.com/2021/06/22/global-web-filtering-service-market-shares-reflect-significant-growth-of-mn-us-during-2020-2025/,ksusentinel.com,English,0.0,gdelt_gkg
PANW,2021-06-22,"Dont make paying off ransomware hackers illegal , by Stephen L . Carter",https://pressofatlanticcity.com/opinion/columnists/dont-make-paying-off-ransomware-hackers-illegal-by-stephen-l-carter/article_bcbafa4a-0178-5ae0-9aae-7e50f5ac5cdf.html,pressofatlanticcity.com,English,0.0,gdelt_gkg
PANW,2021-06-22,JBS attack points to cyber weaknesses ; Spore vulnerable too,https://www.straitstimes.com/tech/tech-news/jbs-attack-points-to-cyber-weaknesses-spore-vulnerable-too,straitstimes.com,English,0.0,gdelt_gkg
PANW,2021-06-22,"Software Defined Networking Market Size , Share and Global Industry Report 2021 - 2026",https://www.briefingwire.com/pr/software-defined-networking-market-size-share-and-global-industry-report-2021-2026,briefingwire.com,English,0.0,gdelt_gkg
PANW,2021-06-22,  Any electronic device attached to the internet is at risk : Why cyber criminals are eyeing Kansas companies,https://www.msn.com/en-us/money/other/any-electronic-device-attached-to-the-internet-is-at-risk-why-cyber-criminals-are-eyeing-kansas-companies/ar-AALkaJe,msn.com,English,0.0,gdelt_gkg
PANW,2021-06-22,"Global Enterprise Cyber Security Market 2021 Statistical Analysis , Key Segments , Opportunity and Forecast , 2026",https://www.bignewsnetwork.com/news/270010421/global-enterprise-cyber-security-market-2021-statistical-analysis-key-segments-opportunity-and-forecast-2026,bignewsnetwork.com,English,0.0,gdelt_gkg
PANW,2021-06-22,PixelMEDIA and Docmation Build Momentum with a Combined Ecommerce - Focused Agency,https://www.prleap.com/pr/280897/pixelmedia-and-docmation-build-momentum-with-a-combined-ecommerce-focused-agency,prleap.com,English,0.0,gdelt_gkg
PANW,2021-06-22,Lucky Star Casinos Shutter Following Ransomware Attack,https://www.casino.org/news/lucky-star-casinos-shutter-following-ransomware-attack/,casino.org,English,0.0,gdelt_gkg
PANW,2021-06-22,Hit by a ransomware attack ? Your payment may be deductible,https://www.bedfordgazette.com/ap/business/hit-by-a-ransomware-attack-your-payment-may-be-deductible/article_6335fb90-3861-5559-97fc-94a3ffff9eac.html,bedfordgazette.com,English,0.0,gdelt_gkg
PANW,2021-06-22,"Healthcare Cybersecurity Market Trends , Companies , Driver , Segmentation , Forecast to 2025",https://www.marketwatch.com/press-release/healthcare-cybersecurity-market-trends-companies-driver-segmentation-forecast-to-2025-2021-06-22,marketwatch.com,English,0.0,gdelt_gkg
PANW,2021-06-23,Non - techies lead Israeli tech industry pay boom,https://en.globes.co.il/en/article-non-techies-lead-israeli-tech-industry-pay-boom-1001375563,en.globes.co.il,English,0.0,gdelt_gkg
PANW,2021-06-23,"ZTNA as a Service Solutions Market Analysis Reveals Explosive Growth by 2026 |Netskope , Verizon Business , Proofpoint",https://www.texasguardian.com/news/270021353/ztna-as-a-service-solutions-market-analysis-reveals-explosive-growth-by-2026-netskope-verizon-business-proofpoint,texasguardian.com,English,0.0,gdelt_gkg
PANW,2021-06-23,"Internet Security Audit Market May Set Epic Growth Story | Symantec , Intel Security , IBM , Cisco",https://www.newyorktelegraph.com/news/270015147/internet-security-audit-market-may-set-epic-growth-story--symantec-intel-security-ibm-cisco,newyorktelegraph.com,English,0.0,gdelt_gkg
PANW,2021-06-23,"ZTNA as a Service Solutions Market Analysis Reveals Explosive Growth by 2026 |Netskope , Verizon Business , Proofpoint",https://www.sandiegosun.com/news/270021353/ztna-as-a-service-solutions-market-analysis-reveals-explosive-growth-by-2026-netskope-verizon-business-proofpoint,sandiegosun.com,English,0.0,gdelt_gkg
PANW,2021-06-23,"Internet Security Audit Market May Set Epic Growth Story | Symantec , Intel Security , IBM , Cisco",https://www.sandiegosun.com/news/270015147/internet-security-audit-market-may-set-epic-growth-story--symantec-intel-security-ibm-cisco,sandiegosun.com,English,0.0,gdelt_gkg
PANW,2021-06-23,"Internet Security Audit Market May Set Epic Growth Story | Symantec , Intel Security , IBM , Cisco",https://www.texasguardian.com/news/270015147/internet-security-audit-market-may-set-epic-growth-story--symantec-intel-security-ibm-cisco,texasguardian.com,English,0.0,gdelt_gkg
PANW,2021-06-23,The 5 pillars of SASE,https://bitpipe.computerweekly.com/detail/RES/1623967234_384.html,bitpipe.computerweekly.com,English,0.0,gdelt_gkg
PANW,2021-06-23,"Cybersecurity Stocks Rise , And IBD 50 Stock To Watch CrowdStrike Scores Powerful Breakout",https://www.investors.com/research/cybersecurity-stocks-rise-and-ibd-50-stock-to-watch-crowdstrike-scores-powerful-breakout/,investors.com,English,0.0,gdelt_gkg
PANW,2021-06-23,Sepa cyber attack recovery could take years,https://www.bbc.co.uk/news/uk-scotland-57578762,bbc.co.uk,English,0.0,gdelt_gkg
PANW,2021-06-23,"Uptime . com Named a Top Performer in G2 . com , Inc . Summer 2021 Grid® and Index Reports",https://www.prnewswire.com:443/news-releases/uptimecom-named-a-top-performer-in-g2com-incs-summer-2021-grid-and-index-reports-301318453.html,prnewswire.com,English,0.0,gdelt_gkg
PANW,2021-06-23,"Can Machine Learning Deliver on Zero Trust , Recruitment Goals ? ",https://www.govtech.com/security/can-machine-learning-deliver-on-zero-trust-recruitment-goals,govtech.com,English,0.0,gdelt_gkg
PANW,2021-06-23,"ZTNA as a Service Solutions Market Analysis Reveals Explosive Growth by 2026 |Netskope , Verizon Business , Proofpoint",https://www.newyorktelegraph.com/news/270021353/ztna-as-a-service-solutions-market-analysis-reveals-explosive-growth-by-2026-netskope-verizon-business-proofpoint,newyorktelegraph.com,English,0.0,gdelt_gkg
PANW,2021-06-24,auckland . scoop . co . nz » PwC And Palo Alto Networks Partner To Boost Cybersecurity Defences In New Zealand,http://auckland.scoop.co.nz/2021/06/pwc-and-palo-alto-networks-partner-to-boost-cybersecurity-defences-in-new-zealand/,auckland.scoop.co.nz,English,0.0,gdelt_gkg
PANW,2021-06-24,Experts warn Kansas utilities could be targets of Colonial Pipeline - style cyber attack,https://shawneemissionpost.com/2021/06/23/cyber-criminals-kansas-utilities-125562/,shawneemissionpost.com,English,0.0,gdelt_gkg
PANW,2021-06-24,PwC and Palo Alto networks partner to boost cybersecurity defences in NZ,http://www.voxy.co.nz/business/5/389183,voxy.co.nz,English,0.0,gdelt_gkg
PANW,2021-06-24,Дельташтамм . Все последние новости на тему - Дельташтамм / ФРАЗА,https://fraza.com/tags/%D0%B4%D0%B5%D0%BB%D1%8C%D1%82%D0%B0-%D1%88%D1%82%D0%B0%D0%BC%D0%BC,fraza.com,Russian,0.0,gdelt_gkg
PANW,2021-06-24,PwC And Palo Alto Networks Partner To Boost Cybersecurity Defences In New Zealand,https://www.scoop.co.nz/stories/BU2106/S00466/pwc-and-palo-alto-networks-partner-to-boost-cybersecurity-defences-in-new-zealand.htm,scoop.co.nz,English,0.0,gdelt_gkg
PANW,2021-06-24,"DevOps Institute Announces Upcoming Virtual Conference Lineup to Upskill IT Professionals , DevOps Practitioners and Decision - Makers",https://www.tmcnet.com/usubmit/2021/06/24/9397069.htm,tmcnet.com,English,0.0,gdelt_gkg
PANW,2021-06-24,"3 Tech Stocks with 35 % to 54 % Upside , According to Wall Street",https://www.fool.com/investing/2021/06/24/3-tech-stocks-with-35-to-54-upside/,fool.com,English,0.0,gdelt_gkg
PANW,2021-06-24,Cybersecurity SailPoint Technologies Stock Earns Rising Relative Strength,https://www.investors.com/news/technology/cybersecurity-sailpoint-technologies-stock-shows-rising-relative-strength/,investors.com,English,0.0,gdelt_gkg
PANW,2021-06-24,PwC brings extended Palo Alto partnership to NZ,https://www.reseller.co.nz/article/689341/pwc-new-zealand-expands-partnership-palo-alto/,reseller.co.nz,English,0.0,gdelt_gkg
PANW,2021-06-24,"DevOps Institute Announces Upcoming Virtual Conference Lineup to Upskill IT Professionals , DevOps Practitioners and Decision - Makers",https://www.prnewswire.com:443/news-releases/devops-institute-announces-upcoming-virtual-conference-lineup-to-upskill-it-professionals-devops-practitioners-and-decision-makers-301318792.html,prnewswire.com,English,0.0,gdelt_gkg
PANW,2021-06-24,SASE needs a new approach to SD - WAN,https://bitpipe.computerweekly.com/detail/RES/1623967234_705.html,bitpipe.computerweekly.com,English,0.0,gdelt_gkg
PANW,2021-06-24,HPE Project Aurora Tackles Cybersecurity Issues  Head - On  ,https://www.crn.com/news/security/hpe-s-project-aurora-tackles-cybersecurity-issues-head-on-,crn.com,English,0.0,gdelt_gkg
PANW,2021-06-24,Cybercriminal Are Now Relying on Call Centres,https://news.softpedia.com/news/cybercriminal-call-centre-can-trick-you-to-download-ransomware-533324.shtml,news.softpedia.com,English,0.0,gdelt_gkg
PANW,2021-06-24,Ransomware variants & trends in 2021,https://bitpipe.computerweekly.com/detail/RES/1623963200_64.html,bitpipe.computerweekly.com,English,0.0,gdelt_gkg
PANW,2021-06-24,Business Scoop » PwC And Palo Alto Networks Partner To Boost Cybersecurity Defences In New Zealand,http://business.scoop.co.nz/2021/06/24/pwc-and-palo-alto-networks-partner-to-boost-cybersecurity-defences-in-new-zealand/,business.scoop.co.nz,English,0.0,gdelt_gkg
PANW,2021-06-25,Zero Trust Network Access vs . Zero Trust,https://bitpipe.computerweekly.com/detail/RES/1623967234_764.html,bitpipe.computerweekly.com,English,0.0,gdelt_gkg
PANW,2021-06-25,  Ransomware will continue to be one of the biggest threats  ,https://www.siliconrepublic.com/enterprise/security-teams-palo-alto-networks,siliconrepublic.com,English,0.0,gdelt_gkg
PANW,2021-06-25,A guide to MITRE round 3 evaluations,https://bitpipe.computerweekly.com/detail/RES/1623963200_912.html,bitpipe.computerweekly.com,English,0.0,gdelt_gkg
PANW,2021-06-25,"Cloud secure web gateway : Web security anywhere , any user , any device",https://bitpipe.computerweekly.com/detail/RES/1624374876_227.html,bitpipe.computerweekly.com,English,0.0,gdelt_gkg
PANW,2021-06-25,Cloud - delivered security : safely support your remote workforce,https://bitpipe.computerweekly.com/detail/RES/1624374876_785.html,bitpipe.computerweekly.com,English,0.0,gdelt_gkg
PANW,2021-06-25,"Arrow , Palo Alto Networks Brand Posts",https://www.arnnet.com.au/brand-post/322/arrow-palo-alto-networks/,arnnet.com.au,English,0.0,gdelt_gkg
PANW,2021-06-25,パロアルトPrisma Accessとラック監視サービスが提示 、 ゼロトラストセキュリティのあるべき姿,https://japan.zdnet.com/paper/30001446/30004806/,japan.zdnet.com,Japanese,0.0,gdelt_gkg
PANW,2021-06-25,"Global Cyber Incident Management Software Market 2021 Industry Outlook , Present Scenario of Manufacturers , Analysis and Research Study by 2026",https://www.bignewsnetwork.com/news/270039988/global-cyber-incident-management-software-market-2021-industry-outlook-present-scenario-of-manufacturers-analysis-and-research-study-by-2026,bignewsnetwork.com,English,0.0,gdelt_gkg
PANW,2021-06-25,How to solve the MTTR challenge,https://bitpipe.computerweekly.com/detail/RES/1623967235_171.html,bitpipe.computerweekly.com,English,0.0,gdelt_gkg
PANW,2021-06-25,Hit by a ransomware attack ? Your payment may be deductible,https://apnews.com/article/technology-business-government-and-politics-d8c1e9958ad1e89eab83f44e6ca70a94,apnews.com,English,0.0,gdelt_gkg
PANW,2021-06-25,"Advanced Persistent Threats Protection Market Next Big Thing | Major Giants Cisco , Carbon Black , Microsoft",https://www.texasguardian.com/news/270050549/advanced-persistent-threats-protection-market-next-big-thing--major-giants-cisco-carbon-black-microsoft,texasguardian.com,English,0.0,gdelt_gkg
PANW,2021-06-25,"Advanced Persistent Threats Protection Market Next Big Thing | Major Giants Cisco , Carbon Black , Microsoft",https://www.sandiegosun.com/news/270050549/advanced-persistent-threats-protection-market-next-big-thing--major-giants-cisco-carbon-black-microsoft,sandiegosun.com,English,0.0,gdelt_gkg
PANW,2021-06-25,16 companies hiring for infosec and cybersecurity roles,https://www.siliconrepublic.com/jobs/hiring-infosec-cybersecurity-roles,siliconrepublic.com,English,0.0,gdelt_gkg
PANW,2021-06-25,Buy These 8 Stocks to Play the Rise of Cybersecurity Spending : Wedbush,https://www.businessinsider.com/tech-stocks-to-buy-higher-cybersecurity-spending-wedbush-analyst-ives-2021-6,businessinsider.com,English,0.0,gdelt_gkg
PANW,2021-06-25,SASE for a secure remote workforce,https://bitpipe.computerweekly.com/detail/RES/1624374876_804.html,bitpipe.computerweekly.com,English,0.0,gdelt_gkg
PANW,2021-06-25,Winners of 2021 SeattleCIO ORBIE Awards Announced,https://www.prweb.com/releases/winners_of_2021_seattlecio_orbie_awards_announced/prweb18009205.htm,prweb.com,English,0.0,gdelt_gkg
PANW,2021-06-25,Clarity and confidence in your SASE efforts,https://bitpipe.computerweekly.com/detail/RES/1623967234_774.html,bitpipe.computerweekly.com,English,0.0,gdelt_gkg
PANW,2021-06-25,Get exceptional UX without sacrificing security,https://bitpipe.computerweekly.com/detail/RES/1624374876_843.html,bitpipe.computerweekly.com,English,0.0,gdelt_gkg
PANW,2021-06-26,"Intrusion Detection and Prevention Systems ( IDPS ) Market Giants Spending Is Going to Boom with Cisco Systems , IBM , McAfee – KSU",https://ksusentinel.com/2021/06/26/intrusion-detection-and-prevention-systems-idps-market-giants-spending-is-going-to-boom-with-cisco-systems-ibm-mcafee/,ksusentinel.com,English,0.0,gdelt_gkg
PANW,2021-06-26,"Advanced Persistent Threats Protection Market Next Big Thing | Major Giants Cisco , Carbon Black , Microsoft",https://www.newyorktelegraph.com/news/270050549/advanced-persistent-threats-protection-market-next-big-thing--major-giants-cisco-carbon-black-microsoft,newyorktelegraph.com,English,0.0,gdelt_gkg
PANW,2021-06-26,"Cyber Security in Healthcare Market to Develop New Growth Story | Kaspersky Labs , FireEye , Cisco Systems",https://www.marketwatch.com/press-release/cyber-security-in-healthcare-market-to-develop-new-growth-story-kaspersky-labs-fireeye-cisco-systems-2021-06-25,marketwatch.com,English,0.0,gdelt_gkg
PANW,2021-06-27,"Ransomware Protection Software Market to Eyewitness Massive Growth by 2028 : Microsoft , Sophos , Intel Security",https://www.newyorktelegraph.com/news/270070064/ransomware-protection-software-market-to-eyewitness-massive-growth-by-2028-microsoft-sophos-intel-security,newyorktelegraph.com,English,0.0,gdelt_gkg
PANW,2021-06-27,Payments of ransomware could be tax deductible | Business,https://www.journalgazette.net/business/20210627/payments-of-ransomware-could-be-tax-deductible,journalgazette.net,English,0.0,gdelt_gkg
PANW,2021-06-27,بالو ألتو نتوركس : 75 % من الهجمات الإلكترونية على الشبكات خطرة,https://www.emaratalyoum.com/business/arab-and-inter/2021-06-27-1.1507320,emaratalyoum.com,Arabic,0.0,gdelt_gkg
PANW,2021-06-27,"States Software Defined Perimeter ( SDP ) Market R & D including top key players Cisco Systems ( US ), Intel ( US ), Certes Networks",https://www.texasguardian.com/news/270074894/states-software-defined-perimeter-sdp-market-r--d-including-top-key-players-cisco-systems-us-intel-us-certes-networks,texasguardian.com,English,0.0,gdelt_gkg
PANW,2021-06-27,Dish hopes to supply a new type of 5G network,https://www.wiredprnews.com/dish-hopes-to-supply-a-new-type-of-5g-network/,wiredprnews.com,English,0.0,gdelt_gkg
PANW,2021-06-27,"Ransomware Protection Software Market to Eyewitness Massive Growth by 2028 : Microsoft , Sophos , Intel Security",https://www.texasguardian.com/news/270070064/ransomware-protection-software-market-to-eyewitness-massive-growth-by-2028-microsoft-sophos-intel-security,texasguardian.com,English,0.0,gdelt_gkg
PANW,2021-06-27,Dish hopes to serve up new kind of 5G network,https://readymadeinvest.com/dish-hopes-to-serve-up-new-kind-of-5g-network/,readymadeinvest.com,English,0.0,gdelt_gkg
PANW,2021-06-27,"Ransomware Protection Software Market to Eyewitness Massive Growth by 2028 : Microsoft , Sophos , Intel Security",https://www.sandiegosun.com/news/270070064/ransomware-protection-software-market-to-eyewitness-massive-growth-by-2028-microsoft-sophos-intel-security,sandiegosun.com,English,0.0,gdelt_gkg
PANW,2021-06-27,"States Software Defined Perimeter ( SDP ) Market Future Scope including key players Cisco Systems ( US ), Intel ( US ), Certes Networks",https://www.newyorktelegraph.com/news/270074896/states-software-defined-perimeter-sdp-market-future-scope-including-key-players-cisco-systems-us-intel-us-certes-networks,newyorktelegraph.com,English,0.0,gdelt_gkg
PANW,2021-06-27,"States Software Defined Perimeter ( SDP ) Market R & D including top key players Cisco Systems ( US ), Intel ( US ), Certes Networks",https://www.sandiegosun.com/news/270074894/states-software-defined-perimeter-sdp-market-r--d-including-top-key-players-cisco-systems-us-intel-us-certes-networks,sandiegosun.com,English,0.0,gdelt_gkg
PANW,2021-06-27,"States Software Defined Perimeter ( SDP ) Market Future Scope including key players Cisco Systems ( US ), Intel ( US ), Certes Networks",https://www.sandiegosun.com/news/270074896/states-software-defined-perimeter-sdp-market-future-scope-including-key-players-cisco-systems-us-intel-us-certes-networks,sandiegosun.com,English,0.0,gdelt_gkg
PANW,2021-06-27,"States Software Defined Perimeter ( SDP ) Market Future Scope including key players Cisco Systems ( US ), Intel ( US ), Certes Networks",https://www.texasguardian.com/news/270074896/states-software-defined-perimeter-sdp-market-future-scope-including-key-players-cisco-systems-us-intel-us-certes-networks,texasguardian.com,English,0.0,gdelt_gkg
PANW,2021-06-27,"States Software Defined Perimeter ( SDP ) Market R & D including top key players Cisco Systems ( US ), Intel ( US ), Certes Networks",https://www.newyorktelegraph.com/news/270074894/states-software-defined-perimeter-sdp-market-r--d-including-top-key-players-cisco-systems-us-intel-us-certes-networks,newyorktelegraph.com,English,0.0,gdelt_gkg
PANW,2021-06-28,Flashpoint Named Key Partner of Palo Alto Network New Cortex XSOAR Threat Intelligence Management 2 . 0 Helping Security Teams Tackle Global Threats at Unprecedented Scale,https://www.tmcnet.com/usubmit/2021/06/28/9398779.htm,tmcnet.com,English,0.0,gdelt_gkg
PANW,2021-06-28,Apiiro Adds John Leon from GitHub as VP of Business Development to Leadership Team,https://www.tmcnet.com/usubmit/2021/06/28/9398949.htm,tmcnet.com,English,0.0,gdelt_gkg
PANW,2021-06-28,"Intelligent Security Market Witness Significant Growth by 2028 | Amazon , iCare , Fortinet , Inc ., IBM Corporation , Intel – KSU",https://ksusentinel.com/2021/06/28/intelligent-security-market-witness-significant-growth-by-2028-amazon-icare-fortinet-inc-ibm-corporation-intel/,ksusentinel.com,English,0.0,gdelt_gkg
PANW,2021-06-28,"Analysis 2021 - 2030 : Global Remote Access Management System Market Rebounding , But Faces Multiple Threats",https://www.marketwatch.com/press-release/analysis-2021-2030-global-remote-access-management-system-market-rebounding-but-faces-multiple-threats-2021-06-28,marketwatch.com,English,0.0,gdelt_gkg
PANW,2021-06-28,Apiiro Adds John Leon from GitHub as VP of Business Development to Leadership Team,https://apnews.com/press-release/pr-newswire/technology-3d457aa8426040d427692ec3f463a1ae,apnews.com,English,0.0,gdelt_gkg
PANW,2021-06-28,Apiiro Adds John Leon from GitHub as VP of Business Development to Leadership Team,https://www.tmcnet.com/usubmit/-apiiro-adds-john-leon-from-github-as-vp-/2021/06/28/9398949.htm,tmcnet.com,English,0.0,gdelt_gkg
PANW,2021-06-28,SASE & the future of IoT security,https://bitpipe.computerweekly.com/detail/RES/1623967235_412.html,bitpipe.computerweekly.com,English,0.0,gdelt_gkg
PANW,2021-06-28,Flashpoint Named Key Partner of Palo Alto Network New Cortex XSOAR Threat Intelligence Management 2 . 0 Helping Security Teams Tackle Global Threats at Unprecedented Scale,https://www.businesswire.com/news/home/20210628005468/en/Flashpoint-Named-Key-Partner-of-Palo-Alto-Networks%E2%80%99-New-Cortex-XSOAR-Threat-Intelligence-Management-2.0-Helping-Security-Teams-Tackle-Global-Threats-at-Unprecedented-Scale,businesswire.com,English,0.0,gdelt_gkg
PANW,2021-06-28,"Cortex XDR : Prevent , detect , investigate , and respond to all threats",https://bitpipe.computerweekly.com/detail/RES/1624374876_975.html,bitpipe.computerweekly.com,English,0.0,gdelt_gkg
PANW,2021-06-28,Financial impacts : Palo Alto network security & SD - WAN,https://bitpipe.computerweekly.com/detail/RES/1624374876_327.html,bitpipe.computerweekly.com,English,0.0,gdelt_gkg
PANW,2021-06-28,Apiiro Adds John Leon from GitHub as VP of Business Development to Leadership Team,https://www.prnewswire.com:443/news-releases/apiiro-adds-john-leon-from-github-as-vp-of-business-development-to-leadership-team-301321073.html,prnewswire.com,English,0.0,gdelt_gkg
PANW,2021-06-29,"Cybersecurity AI Market Drive Big Growth | BAE Systems , Cisco , Fortinet , FireEye – Business",http://ipsnews.net/business/2021/06/29/cybersecurity-ai-market-drive-big-growth-bae-systems-cisco-fortinet-fireeye/,ipsnews.net,English,0.0,gdelt_gkg
PANW,2021-06-29,Creating a positive cyber security narrative in A / NZ,https://www.arnnet.com.au/brand-post/content/689406/creating-a-positive-cyber-security-narrative-in-anz/,arnnet.com.au,English,0.0,gdelt_gkg
PANW,2021-06-29,"Global Cloud Access Security Broker ( CASB ) Application Market 2021 Company Overview , Major Manufacturers , Valuable Growth Prospects and Industry Development to 2026",https://www.bignewsnetwork.com/news/270105425/global-cloud-access-security-broker-casb-application-market-2021-company-overview-major-manufacturers-valuable-growth-prospects-and-industry-development-to-2026,bignewsnetwork.com,English,0.0,gdelt_gkg
PANW,2021-06-29,10 most powerful companies in enterprise networking 2021,https://www.networkworld.com/article/3622247/10-most-powerful-companies-in-enterprise-networking-2021.html,networkworld.com,English,0.0,gdelt_gkg
PANW,2021-06-29,"Cybersecurity AI Market Drive Big Growth | BAE Systems , Cisco , Fortinet , FireEye",https://www.sandiegosun.com/news/270096678/cybersecurity-ai-market-drive-big-growth--bae-systems-cisco-fortinet-fireeye,sandiegosun.com,English,0.0,gdelt_gkg
PANW,2021-06-29,Internet Noise Contributing to Unnecessary Alert ... ,https://www.darkreading.com/operations/internet-noise-contributing-to-unnecessary-alert-overload-for-soc-teams/d/d-id/1341431,darkreading.com,English,0.0,gdelt_gkg
PANW,2021-06-29,DevOps platform JFrog acquires AI - based IoT and connected device security specialist Vdoo for $300M – TechCrunch,https://techcrunch.com/2021/06/29/devops-platform-jfrog-acquires-ai-based-iot-and-connected-device-security-specialist-vdoo-for-300m/,techcrunch.com,English,0.0,gdelt_gkg
PANW,2021-06-29,10 Best Dividend Stocks to Buy According to Al Gore and David Blood,https://www.insidermonkey.com/blog/10-best-dividend-stocks-to-buy-according-to-al-gore-and-david-blood-951025/,insidermonkey.com,English,0.0,gdelt_gkg
PANW,2021-06-29,"Cybersecurity AI Market Drive Big Growth | BAE Systems , Cisco , Fortinet , FireEye",https://www.newyorktelegraph.com/news/270096678/cybersecurity-ai-market-drive-big-growth--bae-systems-cisco-fortinet-fireeye,newyorktelegraph.com,English,0.0,gdelt_gkg
PANW,2021-06-29,"Cybersecurity AI Market Drive Big Growth | BAE Systems , Cisco , Fortinet , FireEye",https://www.texasguardian.com/news/270096678/cybersecurity-ai-market-drive-big-growth--bae-systems-cisco-fortinet-fireeye,texasguardian.com,English,0.0,gdelt_gkg
PANW,2021-06-29,Cybersecurity Market worth $345 . 4 billion by 2026 - Exclusive Report by MarketsandMarkets™,https://www.tmcnet.com/usubmit/2021/06/29/9399726.htm,tmcnet.com,English,0.0,gdelt_gkg
PANW,2021-06-30,AI - powered automatic IT support startup Moveworks raises $200M at $2 . 1B valuation,https://siliconangle.com/2021/06/30/ai-powered-automatic-support-startup-moveworks-raises-200m-2-1b-valuation/,siliconangle.com,English,0.0,gdelt_gkg
PANW,2021-06-30,גיוס של 60 מיליון דולר לסטארט - אפ ישראלי שמאבטח ממשקי API,https://www.globes.co.il/news/article.aspx?did=1001376409,globes.co.il,Hebrew,0.0,gdelt_gkg
PANW,2021-06-30,Palo Alto Networks Inc ( PANW ): Price Now Near $373 ; Daily Chart Shows An Uptrend on 20 Day Basis,https://etfdailynews.com/news/palo-alto-networks-inc-panw-price-now-near-373-daily-chart-shows-an-uptrend-on-20-day-basis/,etfdailynews.com,English,0.0,gdelt_gkg
PANW,2021-06-30,Versa Networks Raises $84M In Funding To Fuel SASE Strategy,https://www.crn.com/news/networking/versa-networks-raises-84m-in-funding-to-fuel-sase-strategy,crn.com,English,0.0,gdelt_gkg
PANW,2021-06-30,Cloud Growth vs . Cloud Security Incidents,https://bitpipe.computerweekly.com/detail/RES/1624973386_980.html,bitpipe.computerweekly.com,English,0.0,gdelt_gkg
PANW,2021-06-30,Black Hat united states 2021 : Full Schedule & Hybrid Event Programming,https://www.tmcnet.com/usubmit/2021/06/30/9401478.htm,tmcnet.com,English,0.0,gdelt_gkg
PANW,2021-06-30,SentinelOne IPO : How The Company Is Riding The AI Wave,https://www.forbes.com/sites/tomtaulli/2021/06/30/sentinelone-ipo-how-the-company-is-riding-the-ai-wave/,forbes.com,English,0.0,gdelt_gkg
PANW,2021-07-01,ReliaQuest Expands Board of Directors With Veteran Technology Leaders,https://www.businesswire.com/news/home/20210701005244/en/ReliaQuest-Expands-Board-of-Directors-With-Veteran-Technology-Leaders,businesswire.com,English,0.0,gdelt_gkg
PANW,2021-07-01,"Global Telecom Network Infrastructure Market 2021 Growth by Top Companies , Key Trends , Industry Dynamics and Future Growth by 2026",https://www.bignewsnetwork.com/news/270130658/global-telecom-network-infrastructure-market-2021-growth-by-top-companies-key-trends-industry-dynamics-and-future-growth-by-2026,bignewsnetwork.com,English,0.0,gdelt_gkg
PANW,2021-07-01,Barracuda acquires Skout Cybersecurity to enter the XDR market – TechCrunch,https://techcrunch.com/2021/07/01/barracuda-enters-xdr-market-with-skout-cybersecurity-acquisition/,techcrunch.com,English,0.0,gdelt_gkg
PANW,2021-07-01,Moveworks Raises $200M in Series C Funding,https://www.finsmes.com/2021/07/moveworks-raises-200m-in-series-c-funding.html,finsmes.com,English,0.0,gdelt_gkg
PANW,2021-07-01,SentinelOne share price jumps 21 % on NYSE debut,https://en.globes.co.il/en/article-sentinelones-share-price-jumps-21-on-nyse-debut-1001376563,en.globes.co.il,English,0.0,gdelt_gkg
PANW,2021-07-01,SCSK 、 パブリッククラウド環境のセキュリティ設定状況を監視 ・ 診断するサービス,https://cloud.watch.impress.co.jp/docs/news/1335415.html,cloud.watch.impress.co.jp,Japanese,0.0,gdelt_gkg
PANW,2021-07-01,"Police , fire , EMS preparedness for ransomware attacks",https://www.ems1.com/cyber-attacks/articles/on-demand-webinar-the-growing-threat-of-ransomware-attacks-on-public-safety-agencies-DEajuKrbciGHjM0J/,ems1.com,English,0.0,gdelt_gkg
PANW,2021-07-01,How to enhance container security,https://bitpipe.computerweekly.com/detail/RES/1624973387_253.html,bitpipe.computerweekly.com,English,0.0,gdelt_gkg
PANW,2021-07-01,Palo Alto Networks Inc ( PANW ): Price Now Near $369 . 68 ; Daily Chart Shows An Uptrend on 50 Day Basis,https://etfdailynews.com/news/palo-alto-networks-inc-panw-price-now-near-369-68-daily-chart-shows-an-uptrend-on-50-day-basis/,etfdailynews.com,English,0.0,gdelt_gkg
PANW,2021-07-01,Top 5 Security Threats : Das droht der Healthcare - Branche 2021,https://computerwelt.at/news/top-5-security-threats-das-droht-der-healthcare-branche-2021/,computerwelt.at,German,0.0,gdelt_gkg
PANW,2021-07-01,Are We Taking Zero Trust Too Far in Cybersecurity ? ,https://www.govtech.com/opinion/are-we-taking-zero-trust-too-far-in-cybersecurity,govtech.com,English,0.0,gdelt_gkg
PANW,2021-07-01,Free 82 - page e - book :  The State of the Kubernetes Ecosystem  ,https://bitpipe.computerweekly.com/detail/RES/1624973387_278.html,bitpipe.computerweekly.com,English,0.0,gdelt_gkg
PANW,2021-07-01,"Next - generation Security Solutions Market Shaping From Growth To Value | Citrix Systems , FireEye , Microsoft – KSU",https://ksusentinel.com/2021/07/01/next-generation-security-solutions-market-shaping-from-growth-to-value-citrix-systems-fireeye-microsoft/,ksusentinel.com,English,0.0,gdelt_gkg
PANW,2021-07-01,Robin . io Platform on QCT Servers Accelerates Cloud - native Transformation,https://www.prweb.com/releases/robin_io_platform_on_qct_servers_accelerates_cloud_native_transformation/prweb18038126.htm,prweb.com,English,0.0,gdelt_gkg
PANW,2021-08-20,Fed Officials Will Seek to Avoid a Tantrum as They Keep  Taper Talk  Going at Jackson Hole – NBC10 Philadelphia,https://www.nbcphiladelphia.com/news/business/money-report/fed-officials-will-seek-to-avoid-a-tantrum-as-they-keep-taper-talk-going-at-jackson-hole/2933375/,nbcphiladelphia.com,English,0.0,gdelt_gkg
PANW,2021-08-20,Fed Officials Will Seek to Avoid a Tantrum as They Keep  Taper Talk  Going at Jackson Hole – NBC 6 South Florida,https://www.nbcmiami.com/news/business/money-report/fed-officials-will-seek-to-avoid-a-tantrum-as-they-keep-taper-talk-going-at-jackson-hole/2533970/,nbcmiami.com,English,0.0,gdelt_gkg
PANW,2021-08-20,Fed Officials Will Seek to Avoid a Tantrum as They Keep  Taper Talk  Going at Jackson Hole – NBC New York,https://www.nbcnewyork.com/news/business/money-report/fed-officials-will-seek-to-avoid-a-tantrum-as-they-keep-taper-talk-going-at-jackson-hole/3232910/,nbcnewyork.com,English,0.0,gdelt_gkg
PANW,2021-08-20,"A $20 . 1 Billion Global Opportunity for Cloud Application Security by 2026 , According to a New Study by Global Industry Analysts",https://www.tmcnet.com/usubmit/-201-billion-global-opportunity-cloud-application-security-2026-/2021/08/20/9434942.htm,tmcnet.com,English,0.0,gdelt_gkg
PANW,2021-08-20,Fed Officials Will Seek to Avoid a Tantrum as They Keep  Taper Talk  Going at Jackson Hole – NBC Connecticut,https://www.nbcconnecticut.com/news/business/money-report/fed-officials-will-seek-to-avoid-a-tantrum-as-they-keep-taper-talk-going-at-jackson-hole/2565538/,nbcconnecticut.com,English,0.0,gdelt_gkg
PANW,2021-08-20,"The Week Ahead : Jackson Hole Symposium ; Bridgepoint , Salesforce Results",https://www.cmcmarkets.com/en/news-and-analysis/the-week-ahead-jackson-hole-symposium-bridgepoint-salesforce-results,cmcmarkets.com,English,0.0,gdelt_gkg
PANW,2021-08-21,Can anyone tame the identity access beast ? Okta aims to try,https://siliconangle.com/2021/08/20/can-anyone-tame-identity-access-beast-okta-aims-try/,siliconangle.com,English,0.0,gdelt_gkg
PANW,2021-08-21,"Cyber Incident Management Software Market is Going to Boom with IBM , Rapid7 , Konfidas",https://www.newyorktelegraph.com/news/270810606/cyber-incident-management-software-market-is-going-to-boom-with-ibm-rapid7-konfidas,newyorktelegraph.com,English,0.0,gdelt_gkg
PANW,2021-08-21,"Cyber Incident Management Software Market is Going to Boom with IBM , Rapid7 , Konfidas",https://www.sandiegosun.com/news/270810606/cyber-incident-management-software-market-is-going-to-boom-with-ibm-rapid7-konfidas,sandiegosun.com,English,0.0,gdelt_gkg
PANW,2021-08-21,Al Gore Investment Firm Made Big Bets in Alibaba and Intel Stock,https://www.marketwatch.com/articles/al-gore-alibaba-intel-stock-51629388037,marketwatch.com,English,0.0,gdelt_gkg
PANW,2021-08-21,"Cyber Incident Management Software Market is Going to Boom with IBM , Rapid7 , Konfidas",https://www.bignewsnetwork.com/news/270810606/cyber-incident-management-software-market-is-going-to-boom-with-ibm-rapid7-konfidas,bignewsnetwork.com,English,0.0,gdelt_gkg
PANW,2021-08-21,"Cyber Incident Management Software Market is Going to Boom with IBM , Rapid7 , Konfidas",https://www.texasguardian.com/news/270810606/cyber-incident-management-software-market-is-going-to-boom-with-ibm-rapid7-konfidas,texasguardian.com,English,0.0,gdelt_gkg
PANW,2021-08-22,Top 5 Things to Watch in Markets in the Week Ahead By Investing . com,https://www.investing.com/news/economy/top-5-things-to-watch-in-markets-in-the-week-ahead-2596280,investing.com,English,0.0,gdelt_gkg
PANW,2021-08-22,3 Things to Watch in the Stock Market This Week,https://www.fool.com/investing/2021/08/22/3-things-to-watch-in-the-stock-market-this-week/?source=iedfolrf0000001,fool.com,English,0.0,gdelt_gkg
PANW,2021-08-22,"Три знака зодиака справятся с любыми проблемами сегодня , астролог",https://ukranews.com/news/796534-tri-znaka-zodiaka-spravyatsya-s-lyubymi-problemami-segodnya-astrolog,ukranews.com,Russian,0.0,gdelt_gkg
PANW,2021-08-22,Инвесткомпания Альберта Гора сделала ставку на акции Alibaba и Intel,https://quote.rbc.ru/news/short_article/6121218c9a7947514fc5157f,quote.rbc.ru,Russian,0.0,gdelt_gkg
PANW,2021-08-22,"House budget resolution vote , Fed Jackson Hole meeting , Best Buy earnings top week ahead",https://www.foxbusiness.com/markets/house-budget-resolution-vote-fed-jackson-hole-best-buy-earnings-week-ahead,foxbusiness.com,English,0.0,gdelt_gkg
PANW,2021-08-23,Global ransomware payments skyrocket,https://www.bangkokpost.com/business/2169543/global-ransomware-payments-skyrocket,bangkokpost.com,English,0.0,gdelt_gkg
PANW,2021-08-23,Palo Alto Networks Jumps on Robust Profit Forecast,https://www.nbcphiladelphia.com/news/business/money-report/palo-alto-networks-jumps-on-robust-profit-forecast/2935847/,nbcphiladelphia.com,English,0.0,gdelt_gkg
PANW,2021-08-23,"Dow Jones Futures : Pfizer Covid - 19 Vaccine FDA Approval Boosts Market , But Fed Summit Looms",https://www.investors.com/market-trend/stock-market-today/dow-jones-futures-pfizer-covid-19-vaccine-fda-approval-boosts-market-but-fed-summit-looms/,investors.com,English,0.0,gdelt_gkg
PANW,2021-08-23,Palo Alto : Reports Fiscal Fourth Quarter 2021 Financial Results ( Form 8 - K ) ,https://www.marketscreener.com/quote/stock/PALO-ALTO-NETWORKS-INC-11067980/news/Palo-Alto-Reports-Fiscal-Fourth-Quarter-2021-Financial-Results-Form-8-K-36229523/,marketscreener.com,English,0.0,gdelt_gkg
PANW,2021-08-23,2 ETFs To Consider Buying ( And 1 To Avoid ) This Week,https://www.msn.com/en-us/money/other/2-etfs-to-consider-buying-and-1-to-avoid-this-week/ar-AANBM2h,msn.com,English,0.0,gdelt_gkg
PANW,2021-08-23,Palo Alto Networks Stock Spikes as Profits Top Outlook,https://www.marketwatch.com/articles/palo-alto-networks-stock-spikes-as-profits-top-outlook-51629752760,marketwatch.com,English,0.0,gdelt_gkg
PANW,2021-08-23,Palo Alto Networks Jumps on Robust Profit Forecast,https://www.nbcmiami.com/news/business/money-report/palo-alto-networks-jumps-on-robust-profit-forecast/2535566/,nbcmiami.com,English,0.0,gdelt_gkg
PANW,2021-08-23,"PANW Stock Pops On Earnings Beat , Palo Alto Stock Guidance | Investor Business Daily",https://www.investors.com/news/technology/panw-stock-pops-on-earnings-beat-sales-and-billings-guidance/,investors.com,English,0.0,gdelt_gkg
PANW,2021-08-23,Palo Alto Network 4Q Revenue Growth Beats Projections,https://www.marketwatch.com/story/palo-alto-networks-4q-revenue-growth-beats-projections-271629749670,marketwatch.com,English,0.0,gdelt_gkg
PANW,2021-08-23,ND K - 12 students urged to install anti - malware as new school year begins,https://www.wahpetondailynews.com/news/nd-k-12-students-urged-to-install-anti-malware-as-new-school-year-begins/article_fc671ac6-045a-11ec-a2a5-3fa3b2153c77.html,wahpetondailynews.com,English,0.0,gdelt_gkg
PANW,2021-08-23,Palo Alto Networks Reports Fiscal Fourth Quarter 2021 Financial Results,https://www.prnewswire.com:443/news-releases/palo-alto-networks-reports-fiscal-fourth-quarter-2021-financial-results-301360820.html,prnewswire.com,English,0.0,gdelt_gkg
PANW,2021-08-23,Palo Alto Networks jumps on robust profit forecast,https://www.msn.com/en-us/money/companies/palo-alto-networks-jumps-on-robust-profit-forecast/ar-AANEnaE,msn.com,English,0.0,gdelt_gkg
PANW,2021-08-23,"Palo Alto Networks stock rallies as results , outlook blow past Wall Street estimates",https://www.marketwatch.com/story/palo-alto-networks-stock-rallies-as-results-outlook-blow-past-wall-street-estimates-11629749784,marketwatch.com,English,0.0,gdelt_gkg
PANW,2021-08-23,Global ransomware payments skyrocket,https://www.bangkokpost.com/tech/2169543/global-ransomware-payments-skyrocket,bangkokpost.com,English,0.0,gdelt_gkg
PANW,2021-08-23,Here why Palo Alto stock is about 10 % up in extended trading,https://invezz.com/news/2021/08/23/heres-why-palo-alto-stock-is-about-10-up-in-extended-trading/,invezz.com,English,0.0,gdelt_gkg
PANW,2021-08-23,Wahab Yusoff Joins on the Board of Cybersecurity Firm Vehere in Singapore,https://apnews.com/press-release/business-wire/business-singapore-a6c6787899704c279e034ffcbd1b420e,apnews.com,English,0.0,gdelt_gkg
PANW,2021-08-23,How Does Palo Alto Networks Stock Look Ahead of Earnings ? ,https://realmoney.thestreet.com/investing/stocks/traders-may-want-to-be-flat-palo-alto-networks-ahead-of-earnings-15748097,realmoney.thestreet.com,English,0.0,gdelt_gkg
PANW,2021-08-23,"Wirtschaftskalender : Fünf Dinge , die für Anleger diese Woche wichtig werden Von Investing . com",https://de.investing.com/news/economy/wirtschaftskalender-funf-dinge-die-fur-anleger-diese-woche-wichtig-werden-2161798,de.investing.com,German,0.0,gdelt_gkg
PANW,2021-08-23,"5 No - Brainer Stocks to Invest $1 , 000 in Right Now",https://www.fool.com/investing/2021/08/23/5-no-brainer-stocks-to-invest-1000-in-right-now/,fool.com,English,0.0,gdelt_gkg
PANW,2021-08-23,Realtek SDK Vulnerabilities Exploited in Attacks Days After Disclosure,https://www.securityweek.com/realtek-sdk-vulnerabilities-exploited-attacks-days-after-disclosure,securityweek.com,English,0.0,gdelt_gkg
PANW,2021-08-23,North American Morning Briefing : Stock Furures - 3 - ,https://www.morningstar.com/news/dow-jones/202108232606/north-american-morning-briefing-stock-furures-3,morningstar.com,English,0.0,gdelt_gkg
PANW,2021-08-23,Wahab Yusoff Joins on the Board of Cybersecurity Firm Vehere in Singapore,https://www.businesswire.com/news/home/20210822005011/en/Wahab-Yusoff-Joins-on-the-Board-of-Cybersecurity-Firm-Vehere-in-Singapore,businesswire.com,English,0.0,gdelt_gkg
PANW,2021-08-23,PANW Stock Loses Momentum Ahead Of Earnings Report | Investor Business Daily,https://www.investors.com/news/technology/panw-stock-loses-momentum-ahead-of-earnings-report/,investors.com,English,0.0,gdelt_gkg
PANW,2021-08-23,"Stocks Stage Recovery as Jackson Hole Week Arrives , with PMI Data Ahead Monday",https://www.marketwatch.com/articles/stock-market-today-51629710984,marketwatch.com,English,0.0,gdelt_gkg
PANW,2021-08-23,"Here are your stock picks for the week : August 23 , 2021 | FinancialContent Business Page",https://markets.financialcontent.com/stocks/news/read/41726261/here_are_your_stock_picks_for_the_week,markets.financialcontent.com,English,0.0,gdelt_gkg
PANW,2021-08-23,Palo Alto Networks Reports Monday : Here My Plan to Trade the Stock,https://realmoney.thestreet.com/investing/palo-alto-networks-reports-monday-here-s-my-plan-to-trade-the-stock-15748114,realmoney.thestreet.com,English,0.0,gdelt_gkg
PANW,2021-08-23,12 most influential CEOs from India Worldwide,https://www.tbsnews.net/world/12-most-influential-ceos-india-worldwide-291799,tbsnews.net,English,0.0,gdelt_gkg
PANW,2021-08-23,"5 No - Brainer Stocks to Invest $1 , 000 in Right Now",https://www.fool.com/investing/2021/08/23/5-no-brainer-stocks-to-invest-1000-in-right-now/?source=iedfolrf0000001,fool.com,English,0.0,gdelt_gkg
PANW,2021-08-24,"Stocks making the biggest moves midday : Best Buy , Palo Alto Networks , JD . com and more",https://www.msn.com/en-us/money/markets/stocks-making-the-biggest-moves-midday-best-buy-palo-alto-networks-jdcom-and-more/ar-AANH2cQ,msn.com,English,0.0,gdelt_gkg
PANW,2021-08-24,"Palo Alto Networks , Best Buy rise ; Walmart , Southern fall",https://www.chron.com/business/article/Palo-Alto-Networks-Best-Buy-rise-Walmart-16409035.php,chron.com,English,0.0,gdelt_gkg
PANW,2021-08-24,Aktien New York : Moderate Gewinne halten Nasdaq und S & P auf Rekordjagd,https://www.finanznachrichten.de/nachrichten-2021-08/53763169-aktien-new-york-moderate-gewinne-halten-nasdaq-und-s-p-auf-rekordjagd-016.htm,finanznachrichten.de,German,0.0,gdelt_gkg
PANW,2021-08-24,US stocks close higher after Pfizer COVID - 19 vaccine wins full regulatory approval,https://www.proactiveinvestors.com/companies/news/958466/us-stocks-extend-gains-midday-as-tapering-concerns-ease-958466.html,proactiveinvestors.com,English,0.0,gdelt_gkg
PANW,2021-08-24,Aktien New York : Moderate Gewinne halten Nasdaq und S & P auf Rekordjagd,https://www.t-online.de/finanzen/boerse/news/id_90680282/aktien-new-york-moderate-gewinne-halten-nasdaq-und-s-p-auf-rekordjagd.html,t-online.de,German,0.0,gdelt_gkg
PANW,2021-08-24,"S & P 500 , Nasdaq set for all - time closing highs as markets coast on vaccine hopes",https://www.reuters.com/article/us-usa-stocks/sp-500-nasdaq-set-for-all-time-closing-highs-as-markets-coast-on-vaccine-hopes-idUSKBN2FP0WS,reuters.com,English,0.0,gdelt_gkg
PANW,2021-08-24,"S & P 500 , Nasdaq set for all - time closing highs as markets coast on vaccine hopes",https://www.reuters.com/article/topNews/idUSKBN2FP0WS,reuters.com,English,0.0,gdelt_gkg
PANW,2021-08-24,"Dow Jones Rises , Nasdaq Hits New High As These Top Growth Stocks Rally On Earnings",https://www.investors.com/market-trend/stock-market-today/dow-jones-rises-nasdaq-hits-new-high-top-growth-stocks-rally-on-earnings/,investors.com,English,0.0,gdelt_gkg
PANW,2021-08-24,"Palo Alto Networks stock heads for best day ever , record prices as acquisition spree returns results",https://www.marketwatch.com/story/palo-alto-networks-stock-heads-for-best-day-ever-record-prices-as-acquisition-spree-returns-results-11629824843,marketwatch.com,English,0.0,gdelt_gkg
PANW,2021-08-24,"Palo Alto Networks , Best Buy rise ; Walmart , Southern fall",https://www.sfgate.com/business/article/Palo-Alto-Networks-Best-Buy-rise-Walmart-16409035.php,sfgate.com,English,0.0,gdelt_gkg
PANW,2021-08-24,Cameyo Introduces Secure Cloud Tunneling to Further Reduce the Attack Surface for Remote & Hybrid Work,https://www.darkreading.com/perimeter/cameyo-introduces-secure-cloud-tunneling-to-further-reduce-the-attack-surface-for-remote-hybrid-work,darkreading.com,English,0.0,gdelt_gkg
PANW,2021-08-24,Palo Alto Networks Positioned as a Leader in Inaugural Zero Trust Network Access Report by Leading Independent Research Firm,https://www.tmcnet.com/usubmit/2021/08/24/9436591.htm,tmcnet.com,English,0.0,gdelt_gkg
PANW,2021-08-24,"Stocks Making the Biggest Moves Midday : Best Buy , Palo Alto Networks , JD . com and More",https://www.nbcdfw.com/news/business/money-report/stocks-making-the-biggest-moves-midday-best-buy-palo-alto-networks-jd-com-and-more/2725904/,nbcdfw.com,English,0.0,gdelt_gkg
PANW,2021-08-24,Palo Alto Networks Will Blow Up Its Charts With Earnings Beat,https://realmoney.thestreet.com/investing/stocks/palo-alto-networks-will-blow-up-its-charts-with-earnings-beat-15748967,realmoney.thestreet.com,English,0.0,gdelt_gkg
PANW,2021-08-24,Threat hunting cybersecurity startup Hunters raises $30M to drive innovation,https://siliconangle.com/2021/08/24/threat-hunting-cybersecurity-startup-hunters-raises-30m-drive-innovation/,siliconangle.com,English,0.0,gdelt_gkg
PANW,2021-08-24,"Palo Alto Networks , Best Buy rise ; Walmart , Southern fall",https://www.dailyherald.com/article/20210824/business/308249927/,dailyherald.com,English,0.0,gdelt_gkg
PANW,2021-08-24,"Wall St Extends Rally , with Nasdaq Topping 15K for First Time Ever",https://www.kvor.com/news/wall-st-extends-rally-with-nasdaq-topping-15k-for-first-time-ever/,kvor.com,English,0.0,gdelt_gkg
PANW,2021-08-24,"Wall St Extends Rally , with Nasdaq Topping 15K for First Time Ever",https://www.wftw.com/news/wall-st-extends-rally-with-nasdaq-topping-15k-for-first-time-ever/,wftw.com,English,0.0,gdelt_gkg
PANW,2021-08-24,"Stocks Making the Biggest Moves Midday : Best Buy , Palo Alto Networks , JD . com and More",https://www.nbcsandiego.com/news/business/money-report/stocks-making-the-biggest-moves-midday-best-buy-palo-alto-networks-jd-com-and-more/2700839/,nbcsandiego.com,English,0.0,gdelt_gkg
PANW,2021-08-24,S & P 500 and Nasdaq hit record highs with oil and travel - related stocks extending gains,https://www.dailymail.co.uk/news/article-9923575/US-STOCKS-Wall-St-extends-rally-pushing-S-P-500-50th-time-high-close-year.html,dailymail.co.uk,English,0.0,gdelt_gkg
PANW,2021-08-24,"Wall St Extends Rally , with Nasdaq Topping 15K for First Time Ever",https://www.newsradio1029.com/news/wall-st-extends-rally-with-nasdaq-topping-15k-for-first-time-ever/,newsradio1029.com,English,0.0,gdelt_gkg
PANW,2021-08-24,"Wall St Extends Rally , Pushing S & P 500 to 50th All - time High Close This Year",https://www.newsradio1029.com/news/wall-st-extends-rally-pushing-sp-500-to-50th-all-time-high-close-this-year/,newsradio1029.com,English,0.0,gdelt_gkg
PANW,2021-08-24,"Wall St extends rally , pushing S & P 500 to 50th all - time high close this year",https://www.reuters.com/business/wall-st-extends-rally-pushing-sp-500-50th-all-time-high-close-this-year-2021-08-24/,reuters.com,English,0.0,gdelt_gkg
PANW,2021-08-24,Why Palo Alto Networks Stock Surged Today,https://www.fool.com/investing/2021/08/24/why-palo-alto-networks-stock-surged-today/?source=iedfolrf0000001,fool.com,English,0.0,gdelt_gkg
PANW,2021-08-24,"Dow Jones Futures : Nasdaq Hits Milestone ; Shopify , Palo Alto , Airbnb Lead 7 Stocks Flashing Buy Signals",https://www.investors.com/market-trend/stock-market-today/dow-jones-futures-nasdaq-hits-milestone-shopify-palo-alto-airbnb-clear-buy-points-gamestop-amc-soar/,investors.com,English,0.0,gdelt_gkg
PANW,2021-08-24,"Wall St Extends Rally , with Nasdaq Topping 15K for First Time Ever",https://www.1490wosh.com/news/wall-st-extends-rally-with-nasdaq-topping-15k-for-first-time-ever/,1490wosh.com,English,0.0,gdelt_gkg
PANW,2021-08-24,"Palo Alto Networks , Best Buy rise ; Walmart , Southern fall",https://abcnews.go.com/Business/wireStory/palo-alto-networks-best-buy-rise-walmart-southern-79626085,abcnews.go.com,English,0.0,gdelt_gkg
PANW,2021-08-24,Palo Alto Networks Positioned as a Leader in Inaugural Zero Trust Network Access Report by Leading Independent Research Firm,https://finance.yahoo.com/news/palo-alto-networks-positioned-leader-161400848.html,finance.yahoo.com,English,0.0,gdelt_gkg
PANW,2021-08-24,"Wall St Extends Rally , Pushing S & P 500 to 50th All - time High Close This Year",https://www.kvor.com/news/wall-st-extends-rally-pushing-sp-500-to-50th-all-time-high-close-this-year/,kvor.com,English,0.0,gdelt_gkg
PANW,2021-08-24,"Wall St Extends Rally , with Nasdaq Topping 15K for First Time Ever",https://www.wbap.com/news/wall-st-extends-rally-with-nasdaq-topping-15k-for-first-time-ever/,wbap.com,English,0.0,gdelt_gkg
PANW,2021-08-24,Stanley Druckenmiller is Selling These 12 Stocks,https://www.insidermonkey.com/blog/stanley-druckenmiller-is-selling-these-12-stocks-974253/,insidermonkey.com,English,0.0,gdelt_gkg
PANW,2021-08-24,"Wall St Extends Rally , with Nasdaq Topping 15K for First Time Ever",https://www.kmaj1440.com/news/wall-st-extends-rally-with-nasdaq-topping-15k-for-first-time-ever/,kmaj1440.com,English,0.0,gdelt_gkg
PANW,2021-08-24,Palo Alto Networks : Kräftiger Kurssprung nach den Zahlen,https://www.deraktionaer.de/artikel/medien-ittk-technologie/palo-alto-networks-kraeftiger-kurssprung-nach-den-zahlen--20236143.html,deraktionaer.de,German,0.0,gdelt_gkg
PANW,2021-08-24,"Wall St advances , pushing S & P 500 to 50th record high close this year",https://www.reuters.com/business/wall-st-advances-pushing-sp-500-50th-record-high-close-this-year-2021-08-24/,reuters.com,English,0.0,gdelt_gkg
PANW,2021-08-24,Slight Shifts in Action Spur Strategy Switch - Ups Amid Strong Day,https://realmoney.thestreet.com/investing/stocks/slight-shifts-spur-strategy-strong-day-15750030,realmoney.thestreet.com,English,0.0,gdelt_gkg
PANW,2021-08-24,"Wall St Extends Rally , Pushing S & P 500 to 50th All - time High Close This Year",https://www.1490wosh.com/news/wall-st-extends-rally-pushing-sp-500-to-50th-all-time-high-close-this-year/,1490wosh.com,English,0.0,gdelt_gkg
PANW,2021-08-24,"Vulnerability Scanning Market Research Report with Size , Share , Value , CAGR , Outlook , Analysis , Latest Updates , Data , and News Forecast Year to 2020 - 2025 . ",https://industrytoday.co.uk/market-research-industry-today/vulnerability-scanning-market-research-report-with-size--share--value--cagr--outlook--analysis--latest-updates--data--and-news-forecast-year-to-2020-2025-,industrytoday.co.uk,English,0.0,gdelt_gkg
PANW,2021-08-24,"Top US stocks : Alphabet , Best Buy and Medtronic",https://www.cityindex.co.uk/market-analysis/top-us-stocks-alphabet-best-buy-and-medtronic/,cityindex.co.uk,English,0.0,gdelt_gkg
PANW,2021-08-24,"Stocks Making the Biggest Moves Midday : Best Buy , Palo Alto Networks , JD . com and More",https://www.nbcmiami.com/news/business/money-report/stocks-making-the-biggest-moves-midday-best-buy-palo-alto-networks-jd-com-and-more/2536195/,nbcmiami.com,English,0.0,gdelt_gkg
PANW,2021-08-24,"Web Filtering Market Trends 2021 | Segmentation , Outlook , ",https://www.openpr.com/news/2365401/web-filtering-market-trends-2021-segmentation-outlook,openpr.com,English,0.0,gdelt_gkg
PANW,2021-08-24,Palo Alto Networks Stock Hits Record Highs as Cyber Attack Threats Boost Sales,https://www.msn.com/en-us/money/topstocks/palo-alto-networks-stock-hits-record-highs-as-cyber-attack-threats-boost-sales/ar-AANGvC9,msn.com,English,0.0,gdelt_gkg
PANW,2021-08-24,"Another Day , Another Record High For Futures As China Stocks Bounce , Brent Back Over $70",https://www.zerohedge.com/markets/another-day-another-record-high-futures-china-stocks-bounce-brent-back-over-70,zerohedge.com,English,0.0,gdelt_gkg
PANW,2021-08-24,Wake Up Wall Street SPY : More records as the dip does not last,https://www.fxstreet.com/news/wake-up-wall-street-spy-more-records-as-the-dip-does-not-last-202108241232,fxstreet.com,English,0.0,gdelt_gkg
PANW,2021-08-24,"Stocks making the biggest moves in the premarket : Best Buy , Palo Alto Networks , Camping World and more",https://biztoc.com/p/v6dbsq4r,biztoc.com,English,0.0,gdelt_gkg
PANW,2021-08-24,Women in CyberSecurity ( WiCyS ) conference set for Colorado,https://www.prweb.com/releases/women_in_cybersecurity_wicys_conference_set_for_colorado/prweb18123329.htm,prweb.com,English,0.0,gdelt_gkg
PANW,2021-08-24,"S & P 500 , Nasdaq hit record highs on recovery optimism",https://www.marketscreener.com/news/latest/S-P-500-Nasdaq-hit-record-highs-on-recovery-optimism--36233400/,marketscreener.com,English,0.0,gdelt_gkg
PANW,2021-08-24,"Comirnaty , Semiconductor - Palooza , Infrastructure Snag , Trading Cybersecurity",https://realmoney.thestreet.com/investing/stocks/cormirnaty-semiconductor-palooza-infrastructure-snag-trading-cybersecurity-15748690,realmoney.thestreet.com,English,0.0,gdelt_gkg
PANW,2021-08-24,"European stocks drift , as US stocks hit new records",https://www.cmcmarkets.com/en-nz/news-and-analysis/european-stocks-drift-as-us-stocks-hit-new-records,cmcmarkets.com,English,0.0,gdelt_gkg
PANW,2021-08-24,Cameyo Introduces Secure Cloud Tunneling to Further Reduce the Attack Surface for Remote & Hybrid Work Without VPNs,https://www.prweb.com/releases/cameyo_introduces_secure_cloud_tunneling_to_further_reduce_the_attack_surface_for_remote_hybrid_work_without_vpns/prweb18148670.htm,prweb.com,English,0.0,gdelt_gkg
PANW,2021-08-24,Netskope names Raphael Bousquet SVP EMEA and LATAM,https://www.information-age.com/netskope-names-raphael-bousquet-senior-vice-president-emea-latam-123496634/,information-age.com,English,0.0,gdelt_gkg
PANW,2021-08-24,CISA Joint Cyber Defense Collaborative : Why it just might work,https://www.csoonline.com/article/3630452/cisa-s-joint-cyber-defense-collaborative-why-it-just-might-work.html,csoonline.com,English,0.0,gdelt_gkg
PANW,2021-08-24,"Web Filtering Market 2016 | Trends , Growth Demand , ",https://www.openpr.com/news/2364468/web-filtering-market-2016-trends-growth-demand,openpr.com,English,0.0,gdelt_gkg
PANW,2021-08-24,Today Market Wrap Up and a Glimpse Into Tuesday,https://finance.yahoo.com/news/today-market-wrap-glimpse-tuesday-222214626.html,finance.yahoo.com,English,0.0,gdelt_gkg
PANW,2021-08-24,These 2 Stocks Just Soared After Hours Monday,https://www.fool.com/investing/2021/08/23/these-2-stocks-just-soared-after-hours-monday/?source=iedfolrf0000001,fool.com,English,0.0,gdelt_gkg
PANW,2021-08-24,These 2 Stocks Just Soared After Hours Monday,https://www.fool.com/investing/2021/08/23/these-2-stocks-just-soared-after-hours-monday/,fool.com,English,0.0,gdelt_gkg
PANW,2021-08-24,"U . S . stocks open slightly higher , with S & P 500 on track for record",https://www.msn.com/en-us/money/markets/us-stocks-open-slightly-higher-with-s-p-500-on-track-for-record/ar-AANFYug,msn.com,English,0.0,gdelt_gkg
PANW,2021-08-24,Palo Alto Networks Positioned as a Leader in Inaugural Zero Trust Network Access Report by Leading Independent Research Firm,http://www.itnewsonline.com/PRNewswire/Palo-Alto-Networks-Positioned-as-a-Leader-in-Inaugural-Zero-Trust-Network-Access-Report-by-Leading-Independent-Research-Firm/778191,itnewsonline.com,English,0.0,gdelt_gkg
PANW,2021-08-24,Palo Alto Network stock jumps on another solid earnings beat,https://siliconangle.com/2021/08/23/palo-alto-networks-stock-jumps-another-solid-earnings-beat/,siliconangle.com,English,0.0,gdelt_gkg
PANW,2021-08-24,"Wall Street Update : S & P 500 , Nasdaq hit record highs on recovery optimism",https://www.business-standard.com/article/international/wall-street-update-s-p-500-nasdaq-hit-record-highs-on-recovery-optimism-121082401328_1.html,business-standard.com,English,0.0,gdelt_gkg
PANW,2021-08-24,Palo Alto Networks ( PANW ) Q4 2021 Earnings Call Transcript,https://www.fool.com/earnings/call-transcripts/2021/08/24/palo-alto-networks-panw-q4-2021-earnings-call-tran/?source=iedfolrf0000001,fool.com,English,0.0,gdelt_gkg
PANW,2021-08-24,"White House cybersecurity summit to include Amazon Andy Jassy , Microsoft Satya Nadella",https://www.geekwire.com/2021/white-house-cybersecurity-summit-include-amazons-andy-jassy-microsofts-satya-nadella/,geekwire.com,English,0.0,gdelt_gkg
PANW,2021-08-24,Palo Alto Networks Positioned as a Leader in Inaugural Zero Trust Network Access Report by Leading Independent Research Firm,https://www.prnewswire.com/news-releases/palo-alto-networks-positioned-as-a-leader-in-inaugural-zero-trust-network-access-report-by-leading-independent-research-firm-301361808.html,prnewswire.com,English,0.0,gdelt_gkg
PANW,2021-08-24,Palo Alto Networks Stock - How Far Can It Rally After Earnings ? ,https://www.thestreet.com/investing/trading-palo-alto-networks-panw-stock-earnings-rally-all-time-highs,thestreet.com,English,0.0,gdelt_gkg
PANW,2021-08-24,Palo Alto Networks Positioned as a Leader in Inaugural Zero Trust Network Access Report by Leading Independent Research Firm,https://www.prnewswire.com:443/news-releases/palo-alto-networks-positioned-as-a-leader-in-inaugural-zero-trust-network-access-report-by-leading-independent-research-firm-301361808.html,prnewswire.com,English,0.0,gdelt_gkg
PANW,2021-08-24,"S & P 500 , Nasdaq hit record highs on recovery optimism",https://www.deccanherald.com/business/business-news/sp-500-nasdaq-hit-record-highs-on-recovery-optimism-1023106.html,deccanherald.com,English,0.0,gdelt_gkg
PANW,2021-08-24,Palo Alto Networks on Track for Record Closing on Bullish Outlook,https://www.marketwatch.com/story/palo-alto-networks-on-track-for-record-closing-on-bullish-outlook-271629820372,marketwatch.com,English,0.0,gdelt_gkg
PANW,2021-08-24,"Need to Know : There a market conundrum developing that casts a shadow over risk taking , Bank of America technical analyst says",https://mrtopstep.com/need-to-know-theres-a-market-conundrum-developing-that-casts-a-shadow-over-risk-taking-bank-of-america-technical-analyst-says/,mrtopstep.com,English,0.0,gdelt_gkg
PANW,2021-08-24,"Web Filtering Market Trends , Share , Industry Size , Growth , ",https://www.openpr.com/news/2365372/web-filtering-market-trends-share-industry-size-growth,openpr.com,English,0.0,gdelt_gkg
PANW,2021-08-24,IRONSCALES Joins Palo Alto Networks Cortex XSOAR Marketplace,https://www.prweb.com/releases/ironscales_joins_palo_alto_networks_cortex_xsoar_marketplace/prweb18143635.htm,prweb.com,English,0.0,gdelt_gkg
PANW,2021-08-24,US stocks hold firm mid - morning ; new homes sales data little changed,https://www.proactiveinvestors.com/companies/news/958466/us-stocks-hold-firm-mid-morning-new-homes-sales-data-little-changed-958466.html,proactiveinvestors.com,English,0.0,gdelt_gkg
PANW,2021-08-24,Palo Alto Networks : Were Not Looking For More Large M & A,https://www.crn.com/news/security/palo-alto-networks-we-re-not-looking-for-more-large-m-a,crn.com,English,0.0,gdelt_gkg
PANW,2021-08-24,"Pfizer , Boeing , Best Buy , Palo Alto Networks : 5 Things You Must Know",https://www.thestreet.com/markets/5-things-you-must-know-before-market-opens-tuesday-082421,thestreet.com,English,0.0,gdelt_gkg
PANW,2021-08-24,Lightstream Welcomes Denise Anderson as Senior Director of Partner Business Development,https://www.prnewswire.com:443/news-releases/lightstream-welcomes-denise-anderson-as-senior-director-of-partner-business-development-301361695.html,prnewswire.com,English,0.0,gdelt_gkg
PANW,2021-08-24,"The Annual Insider Risk Summit Adds Experts from Accenture , Aberdeen , Deloitte , IDC and PwC to Speaker Roster",https://www.tmcnet.com/usubmit/2021/08/24/9436464.htm,tmcnet.com,English,0.0,gdelt_gkg
PANW,2021-08-24,"S & P 500 , Nasdaq hit record highs on recovery optimism - Netscape Money & Business",https://isp.netscape.com/pf/story/0002/20210824/KBN2FP0WS_4,isp.netscape.com,English,0.0,gdelt_gkg
PANW,2021-08-24,Palo Alto Networks Stock Spikes Because Cybersecurity Is a Very Profitable Business,https://www.marketwatch.com/articles/palo-alto-networks-stock-earnings-51629752760,marketwatch.com,English,0.0,gdelt_gkg
PANW,2021-08-24,"Dow Jones Rallies As Tesla Stock Hits Buy Point ; Best Buy , Palo Alto Surge On Earnings",https://www.investors.com/market-trend/stock-market-today/dow-jones-futures-rally-as-tesla-stock-hits-buy-point-best-buy-palo-alto-surge-on-earnings/,investors.com,English,0.0,gdelt_gkg
PANW,2021-08-24,"Palo Alto Networks , Best Buy rise ; Walmart , Southern fall",https://www.marketscreener.com/quote/stock/SOUTHERN-COMPANY-14441/news/Palo-Alto-Networks-Best-Buy-rise-Walmart-Southern-fall-36239087/,marketscreener.com,English,0.0,gdelt_gkg
PANW,2021-08-24,米国株式市場＝Ｓ ＆ Ｐとナスダック最高値 、 リスク選好継続,https://jp.reuters.com/article/ny-stx-us-idJPKBN2FP1YM,jp.reuters.com,Japanese,0.0,gdelt_gkg
PANW,2021-08-24,"Wall St Extends Rally , Pushing S & P 500 to 50th All - time High Close This Year",https://www.980waav.com/news/wall-st-extends-rally-pushing-sp-500-to-50th-all-time-high-close-this-year/,980waav.com,English,0.0,gdelt_gkg
PANW,2021-08-24,"Wall St Extends Rally , with Nasdaq Topping 15K for First Time Ever",https://www.980waav.com/news/wall-st-extends-rally-with-nasdaq-topping-15k-for-first-time-ever/,980waav.com,English,0.0,gdelt_gkg
PANW,2021-08-24,"Wall St Extends Rally , Pushing S & P 500 to 50th All - time High Close This Year",https://www.wgowam.com/news/wall-st-extends-rally-pushing-sp-500-to-50th-all-time-high-close-this-year/,wgowam.com,English,0.0,gdelt_gkg
PANW,2021-08-24,米国株式市場＝Ｓ ＆ Ｐとナスダック最高値 、 リスク選好継続,https://jp.reuters.com/article/ny-stx-us-idJPL4N2PV3NM,jp.reuters.com,Japanese,0.0,gdelt_gkg
PANW,2021-08-24,"Wall St Extends Rally , with Nasdaq Topping 15K for First Time Ever",https://www.wgowam.com/news/wall-st-extends-rally-with-nasdaq-topping-15k-for-first-time-ever/,wgowam.com,English,0.0,gdelt_gkg
PANW,2021-08-24,"Wall St Extends Rally , with Nasdaq Topping 15K for First Time Ever",https://www.kmjnow.com/news/wall-st-extends-rally-with-nasdaq-topping-15k-for-first-time-ever/,kmjnow.com,English,0.0,gdelt_gkg
PANW,2021-08-24,"Palo Alto Networks , Best Buy rise ; Walmart , Southern fall",https://www.ctpost.com/business/article/Palo-Alto-Networks-Best-Buy-rise-Walmart-16409035.php,ctpost.com,English,0.0,gdelt_gkg
PANW,2021-08-24,"Wall St Extends Rally , Pushing S & P 500 to 50th All - time High Close This Year",https://www.klif.com/news/wall-st-extends-rally-pushing-sp-500-to-50th-all-time-high-close-this-year/,klif.com,English,0.0,gdelt_gkg
PANW,2021-08-24,"Wall St Extends Rally , with Nasdaq Topping 15K for First Time Ever",https://www.klif.com/news/wall-st-extends-rally-with-nasdaq-topping-15k-for-first-time-ever/,klif.com,English,0.0,gdelt_gkg
PANW,2021-08-24,"Wall St Extends Rally , Pushing S & P 500 to 50th All - time High Close This Year",https://www.kmjnow.com/news/wall-st-extends-rally-pushing-sp-500-to-50th-all-time-high-close-this-year/,kmjnow.com,English,0.0,gdelt_gkg
PANW,2021-08-24,"Wall St Extends Rally , with Nasdaq Topping 15K for First Time Ever",https://www.wtma.com/news/wall-st-extends-rally-with-nasdaq-topping-15k-for-first-time-ever/,wtma.com,English,0.0,gdelt_gkg
PANW,2021-08-24,"Palo Alto Networks stock logs best day ever , record price as acquisition spree returns results",https://biztoc.com/p/3exg4xuv,biztoc.com,English,0.0,gdelt_gkg
PANW,2021-08-24,Aktien New York Schluss : Leichte Gewinne - Nasdaq und S & P auf Rekordjagd,https://www.t-online.de/finanzen/boerse/news/id_90680492/aktien-new-york-schluss-leichte-gewinne-nasdaq-und-s-p-auf-rekordjagd.html,t-online.de,German,0.0,gdelt_gkg
PANW,2021-08-24,"Wall St Extends Rally , Pushing S & P 500 to 50th All - time High Close This Year",https://www.wtma.com/news/wall-st-extends-rally-pushing-sp-500-to-50th-all-time-high-close-this-year/,wtma.com,English,0.0,gdelt_gkg
PANW,2021-08-25,Cyberwar - Part One,https://www.gatestoneinstitute.org/17654/cyberwar-part-one,gatestoneinstitute.org,English,0.0,gdelt_gkg
PANW,2021-08-25,The global C4ISR market was valued at USD 97 Billion in 2017 and,https://www.openpr.com/news/2367919/the-global-c4isr-market-was-valued-at-usd-97-billion-in-2017-and,openpr.com,English,0.0,gdelt_gkg
PANW,2021-08-25,"New Barracuda Networks CEO on united kingdom plans , Kaseya cyber - attack and why he is not yet declaring a vaccine mandate",https://www.channelweb.co.uk/news/4036268/barracuda-networks-ceo-uk-plans-kaseya-cyber-attack-declaring-vaccine-mandate,channelweb.co.uk,English,0.0,gdelt_gkg
PANW,2021-08-25,Secure Access Service Edge ( SASE ) Market worth $4 . 1 billion by 2026 - Exclusive Report by MarketsandMarkets™,https://www.prnewswire.com:443/news-releases/secure-access-service-edge-sase-market-worth-4-1-billion-by-2026--exclusive-report-by-marketsandmarkets-301362594.html,prnewswire.com,English,0.0,gdelt_gkg
PANW,2021-08-25,Secure Access Service Edge ( SASE ) Market worth $4 . 1 billion by 2026 - Exclusive Report by MarketsandMarkets™,https://www.prnewswire.com/news-releases/secure-access-service-edge-sase-market-worth-4-1-billion-by-2026--exclusive-report-by-marketsandmarkets-301362594.html,prnewswire.com,English,0.0,gdelt_gkg
PANW,2021-08-25,Secure Access Service Edge ( SASE ) Market worth $4 . 1 billion by 2026 - Exclusive Report by MarketsandMarkets,https://www.finanznachrichten.de/nachrichten-2021-08/53773039-secure-access-service-edge-sase-market-worth-dollar-4-1-billion-by-2026-exclusive-report-by-marketsandmarkets-008.htm,finanznachrichten.de,English,0.0,gdelt_gkg
PANW,2021-08-25,Palo Alto Networks surges 19 % on strong 4th - quarter earnings as cybersecurity sector booms,https://www.businessinsider.in/stock-market/news/palo-alto-networks-surges-19-on-strong-4th-quarter-earnings-as-cybersecurity-sector-booms/articleshow/85603876.cms,businessinsider.in,English,0.0,gdelt_gkg
PANW,2021-08-25,Cyberwar Part One,https://www.theepochtimes.com/cyberwar-part-one_3965122.html,theepochtimes.com,English,0.0,gdelt_gkg
PANW,2021-08-25,Россиян с иностранным гражданством примут на госслужбу « в исключительных случаях » ,https://iz.ru/1212486/2021-08-25/rossiian-s-inostrannym-grazhdanstvom-primut-na-gossluzhbu-v-iskliuchitelnykh-sluchaiakh,iz.ru,Russian,0.0,gdelt_gkg
PANW,2021-08-25,"What up with ... Intelsat , Intel & Wind River , Xiaomi , Access Evolution",https://www.telecomtv.com/content/access-evolution/what-s-up-with-intelsat-intel-wind-river-xiaomi-42251/,telecomtv.com,English,0.0,gdelt_gkg
PANW,2021-08-25,Mirai - style IoT botnet is now scanning for router - pwning critical vuln in Realtek kit,https://www.theregister.com/2021/08/25/mirai_botnet_critical_vuln_realtek_radware/,theregister.com,English,0.0,gdelt_gkg
PANW,2021-08-25,Realtek SDK bugs targeted to spread Mirai bot variant,https://www.computing.co.uk/news/4036266/realtek-sdk-bugs-targeted-spread-mirai-bot-variant,computing.co.uk,English,0.0,gdelt_gkg
PANW,2021-08-25,Неизвестный открыл стрельбу рядом с посольством Франции в Танзании,https://armenpress.am/rus/news/1061624.html,armenpress.am,Russian,0.0,gdelt_gkg
PANW,2021-08-25,Cyberwar – Part One by Peter Schweizer | RUTHFULLY YOURS,http://www.ruthfullyyours.com/2021/08/25/cyberwar-part-one-by-peter-schweizer/,ruthfullyyours.com,English,0.0,gdelt_gkg
PANW,2021-08-25,MORNING BRIEFING - Deutschland / Europa - 2 - ,https://www.finanznachrichten.de/nachrichten-2021-08/53766218-morning-briefing-deutschland-europa-2-015.htm,finanznachrichten.de,German,0.0,gdelt_gkg
PANW,2021-08-25,Индексы S & P 500 и Nasdaq во вторник обновили рекорды,https://www.interfax.ru/business/786377,interfax.ru,Russian,0.0,gdelt_gkg
PANW,2021-08-25,"Palo Alto Networks , Best Buy rise ; Walmart , Southern fall",https://www.registercitizen.com/business/article/Palo-Alto-Networks-Best-Buy-rise-Walmart-16409035.php,registercitizen.com,English,0.0,gdelt_gkg
PANW,2021-08-25,"Wall St Extends Rally , with Nasdaq Topping 15K for First Time Ever",https://www.997wtn.com/news/wall-st-extends-rally-with-nasdaq-topping-15k-for-first-time-ever/,997wtn.com,English,0.0,gdelt_gkg
PANW,2021-08-25,"Wall St Extends Rally , Pushing S & P 500 to 50th All - time High Close This Year",https://www.kkoh.com/news/wall-st-extends-rally-pushing-sp-500-to-50th-all-time-high-close-this-year/,kkoh.com,English,0.0,gdelt_gkg
PANW,2021-08-25,"Wall St Extends Rally , Pushing S & P 500 to 50th All - time High Close This Year",https://www.kmaj1440.com/news/wall-st-extends-rally-pushing-sp-500-to-50th-all-time-high-close-this-year/,kmaj1440.com,English,0.0,gdelt_gkg
PANW,2021-08-25,"Wall St Extends Rally , Pushing S & P 500 to 50th All - time High Close This Year",https://www.wftw.com/news/wall-st-extends-rally-pushing-sp-500-to-50th-all-time-high-close-this-year/,wftw.com,English,0.0,gdelt_gkg
PANW,2021-08-25,"Wall St Extends Rally , Pushing S & P 500 to 50th All - time High Close This Year",https://www.997wtn.com/news/wall-st-extends-rally-pushing-sp-500-to-50th-all-time-high-close-this-year/,997wtn.com,English,0.0,gdelt_gkg
PANW,2021-08-25,"Wall St Extends Rally , with Nasdaq Topping 15K for First Time Ever",https://www.kkoh.com/news/wall-st-extends-rally-with-nasdaq-topping-15k-for-first-time-ever/,kkoh.com,English,0.0,gdelt_gkg
PANW,2021-08-25,Aktien New York Schluss : Leichte Gewinne - Nasdaq und S & P auf Rekordjagd | Newsticker,https://www.fuw.ch/newsticker/202108241165/aktien-new-york-schluss-leichte-gewinne-nasdaq-und-sp-auf-rekordjagd/,fuw.ch,German,0.0,gdelt_gkg
PANW,2021-08-25,"Wall St Extends Rally , Pushing S & P 500 to 50th All - time High Close This Year",https://www.wjr.com/news/wall-st-extends-rally-pushing-sp-500-to-50th-all-time-high-close-this-year/,wjr.com,English,0.0,gdelt_gkg
PANW,2021-08-25,Nexon Asia Pacific acquires cyber security provider Equate Technologies,https://www.arnnet.com.au/article/690779/nexon-asia-pacific-acquires-cyber-security-provider-equate-technologies/,arnnet.com.au,English,0.0,gdelt_gkg
PANW,2021-08-25,"Wall St extends rally , pushing S & P 500 to 50th all - time high close this year",https://isp.netscape.com/pf/story/0002/20210824/KBN2FP0WS_10,isp.netscape.com,English,0.0,gdelt_gkg
PANW,2021-08-25,"Wall St Extends Rally , Pushing S & P 500 to 50th All - time High Close This Year",https://www.wbap.com/news/wall-st-extends-rally-pushing-sp-500-to-50th-all-time-high-close-this-year/,wbap.com,English,0.0,gdelt_gkg
PANW,2021-08-25,"Wall St Extends Rally , Pushing S & P 500 to 50th All - time High Close This Year",https://www.wvlkam.com/news/wall-st-extends-rally-pushing-sp-500-to-50th-all-time-high-close-this-year/,wvlkam.com,English,0.0,gdelt_gkg
PANW,2021-08-25,"Wall St Extends Rally , with Nasdaq Topping 15K for First Time Ever",https://www.wvlkam.com/news/wall-st-extends-rally-with-nasdaq-topping-15k-for-first-time-ever/,wvlkam.com,English,0.0,gdelt_gkg
PANW,2021-08-25,"24Aug2021 Market Close : SP 500 , Nasdaq Composite Finish At Record Highs , DOW Up 31 Points , Nasdaq Up 0 . 5 %, WTI Crude Higher At 67 . 64 , Bitcoin Slips Fractionally 48200 , New Home Sales Show Significant Slowing",http://econintersect.com/pages/market/market.php?post=202108241521,econintersect.com,English,0.0,gdelt_gkg
PANW,2021-08-25,US stocks close higher after Pfizer COVID - 19 vaccine wins full regulatory approval,http://www.proactiveinvestors.com/companies/news/958466/us-stocks-close-higher-after-pfizers-covid-19-vaccine-wins-full-regulatory-approval-958466.html,proactiveinvestors.com,English,0.0,gdelt_gkg
PANW,2021-08-25,"Wall St Extends Rally , with Nasdaq Topping 15K for First Time Ever",https://www.wjr.com/news/wall-st-extends-rally-with-nasdaq-topping-15k-for-first-time-ever/,wjr.com,English,0.0,gdelt_gkg
PANW,2021-08-26,52pc of Irish cybersecurity teams feel at risk of major breach – EY report,https://www.siliconrepublic.com/enterprise/ey-cybersecurity-report-2021,siliconrepublic.com,English,0.0,gdelt_gkg
PANW,2021-08-26,Intellectual Property Bulletin - Summer 2021 | Fenwick & West LLP,https://www.jdsupra.com/legalnews/intellectual-property-bulletin-summer-1545077/,jdsupra.com,English,0.0,gdelt_gkg
PANW,2021-08-26,Vier neue Ransomware - Gangs,https://computerwelt.at/news/vier-neue-ransomware-gangs/,computerwelt.at,German,0.0,gdelt_gkg
PANW,2021-08-26,Seasoned Cybersecurity Professionals and Hacker Valley Studio Hosts Chris Cochran and Ron Eddings Join Axonius,https://www.tmcnet.com/usubmit/2021/08/26/9438073.htm,tmcnet.com,English,0.0,gdelt_gkg
PANW,2021-08-26,ND K - 12 students urged to install anti - malware as school year begins,https://www.devilslakejournal.com/story/news/2021/08/26/nd-k-12-students-urged-install-anti-malware-school-year-begins/8243944002/,devilslakejournal.com,English,0.0,gdelt_gkg
PANW,2021-08-26,Dow Jones Futures : Market Rally Retreats Before Fed Chief Powell ; Tesla Stays In Its Lane Amid Elon Musk Claims,https://www.investors.com/market-trend/stock-market-today/dow-jones-futures-market-rally-awaits-fed-chief-powell-tesla-stays-in-lane-amid-musk-fsd-claims/,investors.com,English,0.0,gdelt_gkg
PANW,2021-08-26,تقرير : 3 نصائح للأمن الإلكتروني مع موسم العودة إلى المدارس 2021,https://www.dostor.org/3552164,dostor.org,Arabic,0.0,gdelt_gkg
PANW,2021-08-26,"Secure Access Service Edge Market Size Worth $11 . 29 Billion By 2028 : Grand View Research , Inc . ",https://www.finanznachrichten.de/nachrichten-2021-08/53781373-secure-access-service-edge-market-size-worth-dollar-11-29-billion-by-2028-grand-view-research-inc-008.htm,finanznachrichten.de,English,0.0,gdelt_gkg
PANW,2021-08-26,Elastic N V ( ESTC ) Q1 2022 Earnings Call Transcript,https://www.fool.com/earnings/call-transcripts/2021/08/26/elastic-n-v-estc-q1-2022-earnings-call-transcript/?source=iedfolrf0000001,fool.com,English,0.0,gdelt_gkg
PANW,2021-08-26,"The SEC and the DOJ just charged this startup founder with fraud , saying he lied to Tiger and others – TechCrunch",https://techcrunch.com/2021/08/25/the-sec-and-the-doj-just-charged-this-startup-ceo-with-fraud-saying-he-lied-to-tiger-and-others/,techcrunch.com,English,0.0,gdelt_gkg
PANW,2021-08-26, « Фридом Финанс »: В ожидании новостей от ФРС,https://sia.ru/?section=501&action=show_news&id=420636,sia.ru,Russian,0.0,gdelt_gkg
PANW,2021-08-26,Is It Too Late to Buy Palo Alto Networks Stock ? ,https://www.fool.com/investing/2021/08/26/is-it-too-late-to-buy-palo-alto-networks-stock/?source=iedfolrf0000001,fool.com,English,0.0,gdelt_gkg
PANW,2021-08-26,Дорога икра к обеду : почему подорожал деликатес и каким будет ценник к Новому году,https://ampravda.ru/2021/08/26/0106683.html,ampravda.ru,Russian,0.0,gdelt_gkg
PANW,2021-08-26,"Secure Access Service Edge Market Size Worth $11 . 29 Billion By 2028 : Grand View Research , Inc . ",https://www.prnewswire.com/news-releases/secure-access-service-edge-market-size-worth-11-29-billion-by-2028-grand-view-research-inc-301363396.html,prnewswire.com,English,0.0,gdelt_gkg
PANW,2021-08-26,Hacker bieten Erpressungssoftware zum Mieten an,https://www.it-business.de:443/hacker-bieten-erpressungssoftware-zum-mieten-an-a-1050931/,it-business.de,German,0.0,gdelt_gkg
PANW,2021-08-26,"Secure Access Service Edge Market Size Worth $11 . 29 Billion By 2028 : Grand View Research , Inc . ",https://www.prnewswire.com:443/news-releases/secure-access-service-edge-market-size-worth-11-29-billion-by-2028-grand-view-research-inc-301363396.html,prnewswire.com,English,0.0,gdelt_gkg
PANW,2021-08-27,Sistas In Sales Announces Keynote Speakers and Sponsors for Virtual Summit 2021,https://www.tmcnet.com/usubmit/2021/08/27/9438850.htm,tmcnet.com,English,0.0,gdelt_gkg
PANW,2021-08-27,Sistas In Sales Announces Keynote Speakers and Sponsors for Virtual Summit 2021,https://www.prnewswire.com:443/news-releases/sistas-in-sales-announces-keynote-speakers-and-sponsors-for-virtual-summit-2021-301364487.html,prnewswire.com,English,0.0,gdelt_gkg
PANW,2021-08-27,JBCC 、 クラウドセキュリティを強化する 「 マネージドサービス for SASE Plus 」 を発表,https://cloud.watch.impress.co.jp/docs/news/1346684.html,cloud.watch.impress.co.jp,Japanese,0.0,gdelt_gkg
PANW,2021-08-27,Data Privacy + Cybersecurity Insider - August 2021 # 4 | Robinson & Cole LLP,https://www.jdsupra.com/legalnews/data-privacy-cybersecurity-insider-8809275/,jdsupra.com,English,0.0,gdelt_gkg
PANW,2021-08-27,Sistas In Sales Announces Keynote Speakers and Sponsors for Virtual Summit 2021,https://www.prnewswire.com/news-releases/sistas-in-sales-announces-keynote-speakers-and-sponsors-for-virtual-summit-2021-301364487.html,prnewswire.com,English,0.0,gdelt_gkg
PANW,2021-08-27,Emerging Ransomware Groups Getting into the Action | Robinson+Cole Data Privacy + Security Insider,https://www.jdsupra.com/legalnews/emerging-ransomware-groups-getting-into-8736104/,jdsupra.com,English,0.0,gdelt_gkg
PANW,2021-08-27,Palo Alto Unit 42 Claims New Ransomware Groups Emerging,https://www.natlawreview.com/article/emerging-ransomware-groups-getting-action,natlawreview.com,English,0.0,gdelt_gkg
PANW,2021-08-27,Palo Alto Networks to Present at Upcoming Investor Events,https://www.tmcnet.com/usubmit/2021/08/27/9438646.htm,tmcnet.com,English,0.0,gdelt_gkg
PANW,2021-08-27,Palo Alto Networks to Present at Upcoming Investor Events,https://www.prnewswire.com:443/news-releases/palo-alto-networks-to-present-at-upcoming-investor-events-301364071.html,prnewswire.com,English,0.0,gdelt_gkg
PANW,2021-08-27,Global Enterprise Vulnerability Scanning Market 2021 & Increasing demand in future,https://www.briefingwire.com/pr/global-enterprise-vulnerability-scanning-market-2021-increasing-demand-in-future-symantec,briefingwire.com,English,0.0,gdelt_gkg
PANW,2021-08-27,"EduSkills , AICTE and Ministry of Education launched 5 Lakh virtual internships",https://www.aninews.in/news/business/business/eduskills-aicte-and-ministry-of-education-launched-5-lakh-virtual-internships20210827130701/,aninews.in,English,0.0,gdelt_gkg
PANW,2021-08-27,"EduSkills , AICTE and MoE launch virtual internships",https://www.indiagazette.com/news/270896893/eduskills-aicte-and-moe-launch-virtual-internships,indiagazette.com,English,0.0,gdelt_gkg
PANW,2021-08-27,Why Is Everyone Talking About CrowdStrike Stock ? ,https://www.fool.com/investing/2021/08/27/why-is-everyone-talking-about-crowdstrike-stock/?source=iedfolrf0000001,fool.com,English,0.0,gdelt_gkg
PANW,2021-08-27,"EduSkills , AICTE and Ministry of Education launched 5 Lakh virtual internships",https://www.business-standard.com/content/press-releases-ani/eduskills-aicte-and-ministry-of-education-launched-5-lakh-virtual-internships-121082700654_1.html,business-standard.com,English,0.0,gdelt_gkg
PANW,2021-08-28,Hackerattacken nehmen zu – Techkonzerne versprechen Milliardeninvestitionen in Cybersecurity,https://www.berneroberlaender.ch/techkonzerne-versprechen-milliardeninvestitionen-in-cybersecurity-455674448261,berneroberlaender.ch,German,0.0,gdelt_gkg
PANW,2021-08-28,Hackerattacken nehmen zu – Techkonzerne versprechen Milliardeninvestitionen in Cybersecurity,https://www.derbund.ch/techkonzerne-versprechen-milliardeninvestitionen-in-cybersecurity-455674448261,derbund.ch,German,0.0,gdelt_gkg
PANW,2021-08-28,Hackerattacken nehmen zu – Techkonzerne versprechen Milliardeninvestitionen in Cybersecurity,https://www.bernerzeitung.ch/techkonzerne-versprechen-milliardeninvestitionen-in-cybersecurity-455674448261,bernerzeitung.ch,German,0.0,gdelt_gkg
PANW,2021-08-28,Hackerattacken nehmen zu – Techkonzerne versprechen Milliardeninvestitionen in Cybersecurity,https://www.landbote.ch/techkonzerne-versprechen-milliardeninvestitionen-in-cybersecurity-455674448261,landbote.ch,German,0.0,gdelt_gkg
PANW,2021-08-28,  Ransomware will dominate the cybercrime landscape : Anil Valluri,https://www.thehindu.com/business/Industry/ransomware-will-dominate-the-cybercrime-landscape-anil-valluri/article36158030.ece,thehindu.com,English,0.0,gdelt_gkg
PANW,2021-08-28,Hot hand : Tech earnings signal a continued booming market,https://siliconangle.com/2021/08/28/hot-hand-tech-earnings-signal-continued-booming-market/,siliconangle.com,English,0.0,gdelt_gkg
PANW,2021-08-28,Hackerattacken nehmen zu – Techkonzerne versprechen Milliardeninvestitionen in Cybersecurity,https://www.zsz.ch/techkonzerne-versprechen-milliardeninvestitionen-in-cybersecurity-455674448261,zsz.ch,German,0.0,gdelt_gkg
PANW,2021-08-28,Hackerattacken nehmen zu – Techkonzerne versprechen Milliardeninvestitionen in Cybersecurity,https://www.tagesanzeiger.ch/techkonzerne-versprechen-milliardeninvestitionen-in-cybersecurity-455674448261,tagesanzeiger.ch,German,0.0,gdelt_gkg
PANW,2021-08-28,Hackerattacken nehmen zu – Techkonzerne versprechen Milliardeninvestitionen in Cybersecurity,https://www.bazonline.ch/techkonzerne-versprechen-milliardeninvestitionen-in-cybersecurity-455674448261,bazonline.ch,German,0.0,gdelt_gkg
PANW,2021-08-28,Is It Too Late to Buy Palo Alto Networks Stock ? ,https://www.fool.com/investing/2021/08/28/is-it-too-late-to-buy-palo-alto-networks-stock/?source=iedfolrf0000001,fool.com,English,0.0,gdelt_gkg
PANW,2021-08-28,Assignor Estoppel : When Are Inventors Allowed to Attack Their Own Inventions ? | Fenwick & West LLP,https://www.jdsupra.com/legalnews/assignor-estoppel-when-are-inventors-6125006/,jdsupra.com,English,0.0,gdelt_gkg
PANW,2021-08-29,Angriffe aus dem Netz : Kampf an 1000 Einfallstoren - Wissen,https://www.tagesspiegel.de/wissen/angriffe-aus-dem-netz-kampf-an-1000-einfallstoren/27560206.html,tagesspiegel.de,German,0.0,gdelt_gkg
PANW,2021-08-30,Network Forensics Market is anticipated to exhibit a CAGR of 12 . 6 % over the next Ten Years,https://www.tmcnet.com/usubmit/2021/08/30/9439152.htm,tmcnet.com,English,0.0,gdelt_gkg
PANW,2021-08-30,Network Forensics Market is anticipated to exhibit a CAGR of 12 . 6 % over the next Ten Years,https://www.prnewswire.com:443/news-releases/network-forensics-market-is-anticipated-to-exhibit-a-cagr-of-12-6-over-the-next-ten-years-301365051.html,prnewswire.com,English,0.0,gdelt_gkg
PANW,2021-08-30,Kāinga Ora in the vanguard as government targets  zero trust  security,https://www.reseller.co.nz/article/690888/k-inga-ora-vanguard-government-targets-zero-trust-security/,reseller.co.nz,English,0.0,gdelt_gkg
PANW,2021-08-30,"Global Advanced Persistent Threat ( APT ) Protection Market Predicted to Generate a Revenue of $20 , 290 . 7 Million at a CAGR of 20 . 9 % from 2020 to 2027",https://finance.yahoo.com/news/global-advanced-persistent-threat-apt-114500060.html,finance.yahoo.com,English,0.0,gdelt_gkg
PANW,2021-08-31,"The Organizing Committee of BCS2021 : BCS2021 Held in Beijing , Focusing on Operation Security",https://www.finanznachrichten.de/nachrichten-2021-08/53816910-the-organizing-committee-of-bcs2021-bcs2021-held-in-beijing-focusing-on-operation-security-008.htm,finanznachrichten.de,English,0.0,gdelt_gkg
PANW,2021-08-31,"BCS2021 held in Beijing , focusing on operation security",https://tass.com/press-releases/1332133,tass.com,English,0.0,gdelt_gkg
PANW,2021-08-31,"BCS2021 Held in Beijing , Focusing on Operation Security",https://www.tmcnet.com/usubmit/2021/08/31/9439651.htm,tmcnet.com,English,0.0,gdelt_gkg
PANW,2021-08-31,"BCS2021 Held in Beijing , Focusing on Operation Security",https://www.prnewswire.com:443/news-releases/bcs2021-held-in-beijing-focusing-on-operation-security-301365842.html,prnewswire.com,English,0.0,gdelt_gkg
PANW,2021-08-31,Prisma Cloud Adds Multi - Cloud Drift Detection to Bridgecrew to Help Organizations Keep Cloud Infrastructure Aligned and Secure,https://www.prnewswire.com/news-releases/prisma-cloud-adds-multi-cloud-drift-detection-to-bridgecrew-to-help-organizations-keep-cloud-infrastructure-aligned-and-secure-301365896.html,prnewswire.com,English,0.0,gdelt_gkg
PANW,2021-08-31,"Ransomware Protection Market is ready for its next Big Move | Intel Security , CyberSponse Inc ., Hexadite , Swimlane LLC",https://www.texasguardian.com/news/270953782/ransomware-protection-market-is-ready-for-its-next-big-move--intel-security-cybersponse-inc-hexadite-swimlane-llc,texasguardian.com,English,0.0,gdelt_gkg
PANW,2021-08-31,"BCS2021 Held in Beijing , Focusing on Operation Security",https://www.prnewswire.com/news-releases/bcs2021-held-in-beijing-focusing-on-operation-security-301365842.html,prnewswire.com,English,0.0,gdelt_gkg
PANW,2021-08-31,"Nutanix Unveils Programming for the 2021 Global . NEXT Digital Experience , the Leading Hybrid Multicloud Conference",https://www.tmcnet.com/usubmit/-nutanix-unveils-programming-the-2021-global-next-digital-/2021/08/31/9440134.htm,tmcnet.com,English,0.0,gdelt_gkg
PANW,2021-08-31,"Ransomware Protection Market is ready for its next Big Move | Intel Security , CyberSponse Inc ., Hexadite , Swimlane LLC",https://www.sandiegosun.com/news/270953782/ransomware-protection-market-is-ready-for-its-next-big-move--intel-security-cybersponse-inc-hexadite-swimlane-llc,sandiegosun.com,English,0.0,gdelt_gkg
PANW,2021-08-31,Here Where I Start Paying Attention to CrowdStrike Shares,https://realmoney.thestreet.com/investing/here-s-where-i-start-paying-attention-to-crowdstrike-shares-15755360,realmoney.thestreet.com,English,0.0,gdelt_gkg
PANW,2021-08-31,Prisma Cloud Adds Multi - Cloud Drift Detection to Bridgecrew to Help Organizations Keep Cloud Infrastructure Aligned and Secure,https://www.pressreleasepoint.com/prisma-cloud-adds-multi-cloud-drift-detection-bridgecrew-help-organizations-keep-cloud,pressreleasepoint.com,English,0.0,gdelt_gkg
PANW,2021-08-31,Chenxi Wang : From Security Research to Developing the Next Generation of Security Leaders,https://www.darkreading.com/edge-articles/chenxi-wang-from-security-research-to-developing-the-next-generation-of-security-leaders,darkreading.com,English,0.0,gdelt_gkg
PANW,2021-08-31,Prisma Cloud Adds Multi - Cloud Drift Detection to Bridgecrew to Help Organizations Keep Cloud Infrastructure Aligned and Secure,https://www.prnewswire.com:443/news-releases/prisma-cloud-adds-multi-cloud-drift-detection-to-bridgecrew-to-help-organizations-keep-cloud-infrastructure-aligned-and-secure-301365896.html,prnewswire.com,English,0.0,gdelt_gkg
PANW,2021-08-31,"Ransomware Protection Market is ready for its next Big Move | Intel Security , CyberSponse Inc ., Hexadite , Swimlane LLC",https://www.newyorktelegraph.com/news/270953782/ransomware-protection-market-is-ready-for-its-next-big-move--intel-security-cybersponse-inc-hexadite-swimlane-llc,newyorktelegraph.com,English,0.0,gdelt_gkg
PANW,2021-09-01,"Global Network Detection and Response ( NDR ) Software Market 2021 Industry Statistics , Product Portfolio , and Emerging Opportunities with Current Trends Analysis 2027",https://www.bignewsnetwork.com/news/270973527/global-network-detection-and-response-ndr-software-market-2021-industry-statistics-product-portfolio-and-emerging-opportunities-with-current-trends-analysis-2027,bignewsnetwork.com,English,0.0,gdelt_gkg
PANW,2021-09-01,"Advanced Persistent Threat Solution Market May Set New Growth Story | Blue Coat Systems , Palo Alto Networks , Symantec",https://www.newyorktelegraph.com/news/270965541/advanced-persistent-threat-solution-market-may-set-new-growth-story--blue-coat-systems-palo-alto-networks-symantec,newyorktelegraph.com,English,0.0,gdelt_gkg
PANW,2021-09-01,"BCS2021 Held in Beijing , Focusing on Operation Security",https://newsmakers.pk/bcs2021-held-in-beijing-focusing-on-operation-security/,newsmakers.pk,English,0.0,gdelt_gkg
PANW,2021-09-01,Women in CyberSecurity ( WiCyS ) Mentorship Program open to applicants,https://www.prweb.com/releases/women_in_cybersecurity_wicys_mentorship_program_open_to_applicants/prweb18164692.htm,prweb.com,English,0.0,gdelt_gkg
PANW,2021-09-01,"Global Endpoint Security & Protection Software Market 2021 Growth by Top Companies , Key Trends , Industry Dynamics and Future Growth by 2027",https://www.bignewsnetwork.com/news/270972893/global-endpoint-security--protection-software-market-2021-growth-by-top-companies-key-trends-industry-dynamics-and-future-growth-by-2027,bignewsnetwork.com,English,0.0,gdelt_gkg
PANW,2021-09-01,Кучми на них немає : чому Україну порівнюють з Афганістаном,https://24tv.ua/kuchmi-nih-nemaye-chomu-ukrayinu-porivnyuyut-afganistanom_n1727551,24tv.ua,Russian,0.0,gdelt_gkg
PANW,2021-09-01,This Week Hottest Meme Stocks | SafeHaven . com,https://safehaven.com/investing/stocks/This-Weeks-Hottest-Meme-Stocks.html,safehaven.com,English,0.0,gdelt_gkg
PANW,2021-09-01,"BCS2021 Held in Beijing , Focusing on Operation Security",https://www.israelherald.com/newsr/13027,israelherald.com,English,0.0,gdelt_gkg
PANW,2021-09-01,Business Scoop » Nutanix unveils . NEXT Digital Experience conference program,http://business.scoop.co.nz/2021/09/01/nutanix-unveils-next-digital-experience-conference-program/,business.scoop.co.nz,English,0.0,gdelt_gkg
PANW,2021-09-01,חגיגות המי מונה : מי בא ומי הלך השבוע ? ,https://finance.walla.co.il/item/3456889,finance.walla.co.il,Hebrew,0.0,gdelt_gkg
PANW,2021-09-01,Buy the Dip in CrowdStrike Stock on Earnings Selloff,https://www.msn.com/en-us/money/topstocks/buy-the-dip-in-crowdstrike-stock-on-earnings-selloff/ar-AANZhJf,msn.com,English,0.0,gdelt_gkg
PANW,2021-09-01,Investegate |Panorays Announcements | Panorays : Panorays Partners with Camwey Technology to Deliver Automated Third - Party Security Risk Management to the united kingdom Market,https://www.investegate.co.uk/panorays/gnw/panorays-partners-with-camwey-technology-to-deliver-automated-third-party-security-risk-management-to-the-uk-market/20210901120000H8046/,investegate.co.uk,English,0.0,gdelt_gkg
PANW,2021-09-01,Torii Releases SaaS Application Comparison,https://www.prnewswire.com:443/news-releases/torii-releases-saas-application-comparison-301366741.html,prnewswire.com,English,0.0,gdelt_gkg
PANW,2021-09-01,Torii Releases SaaS Application Comparison,https://www.prnewswire.com/news-releases/torii-releases-saas-application-comparison-301366741.html,prnewswire.com,English,0.0,gdelt_gkg
PANW,2021-09-01,"Advanced Persistent Threat Solution Market May Set New Growth Story | Blue Coat Systems , Palo Alto Networks , Symantec",https://www.sandiegosun.com/news/270965541/advanced-persistent-threat-solution-market-may-set-new-growth-story--blue-coat-systems-palo-alto-networks-symantec,sandiegosun.com,English,0.0,gdelt_gkg
PANW,2021-09-01,Panorays Partners with Camwey Technology to Deliver Automated Third - Party Security Risk Management to the united kingdom Market,https://www.tmcnet.com/usubmit/2021/09/01/9440839.htm,tmcnet.com,English,0.0,gdelt_gkg
PANW,2021-09-01,Remote work shift saw organisations struggle with network security,https://www.siliconrepublic.com/enterprise/network-security-challenges-remote-working-palo-alto,siliconrepublic.com,English,0.0,gdelt_gkg
PANW,2021-09-01,Panorays Partners with Camwey Technology to Deliver Automated Third - Party Security Risk Management to the united kingdom Market,https://www.finanznachrichten.de/nachrichten-2021-09/53829963-panorays-partners-with-camwey-technology-to-deliver-automated-third-party-security-risk-management-to-the-uk-market-399.htm,finanznachrichten.de,English,0.0,gdelt_gkg
PANW,2021-09-01,"Advanced Persistent Threat Solution Market May Set New Growth Story | Blue Coat Systems , Palo Alto Networks , Symantec",https://www.texasguardian.com/news/270965541/advanced-persistent-threat-solution-market-may-set-new-growth-story--blue-coat-systems-palo-alto-networks-symantec,texasguardian.com,English,0.0,gdelt_gkg
PANW,2021-11-13,Security vendor stirs controversy using undisclosed flaw for months,https://www.itnews.com.au/news/security-vendor-stirs-controversy-using-undisclosed-flaw-for-months-572649,itnews.com.au,English,0.0,gdelt_gkg
PANW,2021-11-13,"AI in Defense and Security Market Overview Analysis with leading key players : IBM , Microsoft , BAE Systems , Cisco , Fortinet , FireEye",https://www.texasguardian.com/news/271716126/ai-in-defense-and-security-market-overview-analysis-with-leading-key-players-ibm-microsoft-bae-systems-cisco-fortinet-fireeye,texasguardian.com,English,0.0,gdelt_gkg
PANW,2021-11-13,Nvidia : So wurden aus 1 . 000 Euro in wenigen Monaten 5 . 655 Euro,https://www.deraktionaer.de/artikel/derivate/nvidia-so-wurden-aus-1000-euro-in-wenigen-monaten-5655-euro-20240784.html,deraktionaer.de,German,0.0,gdelt_gkg
PANW,2021-11-13,Dave Vellante Breaking Analysis : The complete collection,https://siliconangle.com/2021/11/12/dave-vellantes-breaking-analysis-complete-collection/,siliconangle.com,English,0.0,gdelt_gkg
PANW,2021-11-13,"AI in Defense and Security Market Overview Analysis with leading key players : IBM , Microsoft , BAE Systems , Cisco , Fortinet , FireEye",https://www.newyorktelegraph.com/news/271716126/ai-in-defense-and-security-market-overview-analysis-with-leading-key-players-ibm-microsoft-bae-systems-cisco-fortinet-fireeye,newyorktelegraph.com,English,0.0,gdelt_gkg
PANW,2021-11-13,"Cramer Week Ahead : Retail Earnings to Reveal How Consumers Feel About Economy , Higher Prices",https://www.nbcmiami.com/news/business/money-report/cramers-week-ahead-retail-earnings-will-reveal-how-consumers-feel-about-the-economy-higher-prices/2619639/,nbcmiami.com,English,0.0,gdelt_gkg
PANW,2021-11-14,Tech Earnings to watch out for upcoming week 15 - 19Nov 2021,https://techstory.in/tech-earnings-to-watch-out-for-upcoming-week-15-19nov-2021/,techstory.in,English,0.0,gdelt_gkg
PANW,2021-11-14,Huntington Avenue Ventures Announces $1M First - Close Investing in Northeastern University - affiliated Companies,https://www.prnewswire.com/news-releases/huntington-avenue-ventures-announces-1m-first-close-investing-in-northeastern-university-affiliated-companies-301287230.html,prnewswire.com,English,0.0,gdelt_gkg
PANW,2021-11-15,Data Extrusion Market Analysis & Forecast for Next 5 Years,http://www.sbwire.com/press-releases/data-extrusion-market-next-big-thing-major-giants-cisco-systems-trend-micro-alert-logic-1349037.htm,sbwire.com,English,0.0,gdelt_gkg
PANW,2021-11-15,The Federal Executive Forum Defense and Homeland Cloud Computing in Government,https://federalnewsnetwork.com/cme-event/the-federal-executive-forums-defense-and-homeland-cloud-computing-in-government/,federalnewsnetwork.com,English,0.0,gdelt_gkg
PANW,2021-11-15,Worldwide Serverless Security Industry to 2027 - Easier Operational Management is Driving the Market - ResearchAndMarkets . com,https://www.businesswire.com/news/home/20211115005897/en/Worldwide-Serverless-Security-Industry-to-2027---Easier-Operational-Management-is-Driving-the-Market---ResearchAndMarkets.com,businesswire.com,English,0.0,gdelt_gkg
PANW,2021-11-15,"2021 Report Package Focusing on AI , Digital Twins , and Human and Machine Trust / Threat Detection in Cybersecurity",https://www.tmcnet.com/usubmit/2021/11/15/9492435.htm,tmcnet.com,English,0.0,gdelt_gkg
PANW,2021-11-15,"2021 Report Package Focusing on AI , Digital Twins , and Human and Machine Trust / Threat Detection in Cybersecurity",https://www.prnewswire.com/news-releases/2021-report-package-focusing-on-ai-digital-twins-and-human-and-machine-trustthreat-detection-in-cybersecurity-301424126.html,prnewswire.com,English,0.0,gdelt_gkg
PANW,2021-11-15,U . S . Treasury Department & Israel Form Joint Venture to Combat Cyber Crime,https://beincrypto.com/u-s-treasury-department-israel-form-joint-venture-to-combat-cyber-crime/,beincrypto.com,English,0.0,gdelt_gkg
PANW,2021-11-15,"2021 Report Package Focusing on AI , Digital Twins , and Human and Machine Trust / Threat Detection in Cybersecurity",https://www.prnewswire.com:443/news-releases/2021-report-package-focusing-on-ai-digital-twins-and-human-and-machine-trustthreat-detection-in-cybersecurity-301424126.html,prnewswire.com,English,0.0,gdelt_gkg
PANW,2021-11-15,Nvidia announces new InfiniBand networking hardware,https://www.networkworld.com/article/3640612/nvidia-announces-new-infiniband-networking-hardware.html,networkworld.com,English,0.0,gdelt_gkg
PANW,2021-11-15,JAL Ventures announces new $105 million fund,"https://www.calcalistech.com/ctech/articles/0,7340,L-3922537,00.html",calcalistech.com,English,0.0,gdelt_gkg
PANW,2021-11-15,"JAL Ventures Closes Second Fund , at $105M",https://www.finsmes.com/2021/11/jal-ventures-closes-second-fund-at-105m.html,finsmes.com,English,0.0,gdelt_gkg
PANW,2021-11-15,"Conspiracy theories are an election security threat , new report says",https://www.washingtonpost.com/politics/2021/11/15/conspiracy-theories-are-an-election-security-threat-new-report-says/,washingtonpost.com,English,0.0,gdelt_gkg
PANW,2021-11-15,What Fuels The Stock Market Now ? ,https://www.fxempire.com/forecasts/article/what-fuels-the-stock-market-now-808482,fxempire.com,English,0.0,gdelt_gkg
PANW,2021-11-15,"Virtual Router Market 2021 - 2030 : Trends and Growth , Segmenta ... ",https://menafn.com/1103171217/Virtual-Router-Market-2021-2030-Trends-and-Growth-Segmentation-and-Key-Companies-with-Industry-analysis,menafn.com,English,0.0,gdelt_gkg
PANW,2021-11-15,What fuels the stock market now ? ,https://www.fxstreet.com/analysis/what-fuels-the-stock-market-now-202111150348,fxstreet.com,English,0.0,gdelt_gkg
PANW,2021-11-15,JAL Ventures closes $105m second Israel VC fund,https://en.globes.co.il/en/article-jal-ventures-closes-105m-second-israel-vc-fund-1001390946,en.globes.co.il,English,0.0,gdelt_gkg
PANW,2021-11-16,"Insights on the Secure Access Service Edge Global Market to 2027 - Featuring Cisco Systems , Palo Alto Networks and Dell Technologies Among Others",https://www.prnewswire.com:443/news-releases/insights-on-the-secure-access-service-edge-global-market-to-2027---featuring-cisco-systems-palo-alto-networks-and-dell-technologies-among-others-301425443.html,prnewswire.com,English,0.0,gdelt_gkg
PANW,2021-11-16,Ransomware hackers have the upper hand - The Washington Post,https://www.washingtonpost.com/politics/2021/11/16/ransomware-hackers-have-upper-hand/,washingtonpost.com,English,0.0,gdelt_gkg
PANW,2021-11-16,8 Hot New Palo Alto Networks Tools And Features At Ignite  21,https://www.crn.com/slide-shows/security/8-hot-new-palo-alto-networks-tools-and-features-at-ignite-21,crn.com,English,0.0,gdelt_gkg
PANW,2021-11-16,"Insights on the Secure Access Service Edge Global Market to 2027 - Featuring Cisco Systems , Palo Alto Networks and Dell Technologies Among Others",https://www.tmcnet.com/usubmit/2021/11/16/9493815.htm,tmcnet.com,English,0.0,gdelt_gkg
PANW,2021-11-16,"Insights on the Secure Access Service Edge Global Market to 2027 - Featuring Cisco Systems , Palo Alto Networks and Dell Technologies Among Others",https://www.prnewswire.com/news-releases/insights-on-the-secure-access-service-edge-global-market-to-2027---featuring-cisco-systems-palo-alto-networks-and-dell-technologies-among-others-301425443.html,prnewswire.com,English,0.0,gdelt_gkg
PANW,2021-11-16,Palo Alto Networks Launches Cortex eXtended Managed Detection and Response ( XMDR ) Partner Specialization,https://www.tmcnet.com/usubmit/2021/11/16/9493112.htm,tmcnet.com,English,0.0,gdelt_gkg
PANW,2021-11-16,Encryption Software Industry Predicted to Grow at 16 . 3 % CAG ... ,https://menafn.com/1103183950/Encryption-Software-Industry-Predicted-to-Grow-at-163-CAGR-by-2027-Says-Allied-Market-Research&source=26,menafn.com,English,0.0,gdelt_gkg
PANW,2021-11-16,Palo Alto software advances end - to - end enterprise cloud security,https://www.networkworld.com/article/3640545/palo-alto-software-advances-end-to-end-enterprise-cloud-security.html,networkworld.com,English,0.0,gdelt_gkg
PANW,2021-11-16,Palo Alto Networks doubles down on cloud security with latest product updates,https://siliconangle.com/2021/11/16/palo-alto-networks-doubles-cloud-security-latest-product-updates/,siliconangle.com,English,0.0,gdelt_gkg
PANW,2021-11-16,Palo Alto software advances end - to - end enterprise cloud security,https://www.reseller.co.nz/article/693130/palo-alto-software-advances-end-to-end-enterprise-cloud-security/,reseller.co.nz,English,0.0,gdelt_gkg
PANW,2021-11-16,"Healthtech co Even partners with Fortis , Narayana and Aster Hospitals",https://www.biospectrumindia.com/news/77/19981/healthtech-co-even-partners-with-fortis-narayana-and-aster-hospitals.html,biospectrumindia.com,English,0.0,gdelt_gkg
PANW,2021-11-16,Encryption Software Industry Predicted to Grow at 16 . 3 % CAG ... ,https://menafn.com/1103183950/Encryption-Software-Industry-Predicted-to-Grow-at-163-CAGR-by-2027-Says-Allied-Market-Research,menafn.com,English,0.0,gdelt_gkg
PANW,2021-11-16,Palo Alto Networks Shifts Left With Prisma Cloud 3 . 0 : The Industry First Integrated Platform to Secure the Full Application Lifecycle,https://www.tmcnet.com/usubmit/2021/11/16/9493098.htm,tmcnet.com,English,0.0,gdelt_gkg
PANW,2021-11-16,Palo Alto Networks Introduces Next - Generation CASB to Help Organizations Secure Soaring SaaS Usage,https://www.tmcnet.com/usubmit/2021/11/16/9493081.htm,tmcnet.com,English,0.0,gdelt_gkg
PANW,2021-11-16,Palo Alto Networks Launches Cortex eXtended Managed Detection and Response ( XMDR ) Partner Specialization,https://www.prnewswire.com:443/news-releases/palo-alto-networks-launches-cortex-extended-managed-detection-and-response-xmdr-partner-specialization-301425309.html,prnewswire.com,English,0.0,gdelt_gkg
PANW,2021-11-16,Palo Alto Networks Launches Cortex eXtended Managed Detection and Response ( XMDR ) Partner Specialization,https://www.prnewswire.com/news-releases/palo-alto-networks-launches-cortex-extended-managed-detection-and-response-xmdr-partner-specialization-301425309.html,prnewswire.com,English,0.0,gdelt_gkg
PANW,2021-11-16,Palo Alto Networks Delivers What Next in Security at Ignite  21,https://www.prnewswire.com:443/news-releases/palo-alto-networks-delivers-whats-next-in-security-at-ignite-21-301425320.html,prnewswire.com,English,0.0,gdelt_gkg
PANW,2021-11-16,Palo Alto Networks Introduces Next - Generation CASB to Help Organizations Secure Soaring SaaS Usage,https://www.prnewswire.com/news-releases/palo-alto-networks-introduces-next-generation-casb-to-help-organizations-secure-soaring-saas-usage-301425297.html,prnewswire.com,English,0.0,gdelt_gkg
PANW,2021-11-16,Palo Alto Networks Introduces Next - Generation CASB to Help Organizations Secure Soaring SaaS Usage,https://www.prnewswire.com:443/news-releases/palo-alto-networks-introduces-next-generation-casb-to-help-organizations-secure-soaring-saas-usage-301425297.html,prnewswire.com,English,0.0,gdelt_gkg
PANW,2021-11-16,Palo Alto Networks Shifts Left With Prisma Cloud 3 . 0 : The Industry First Integrated Platform to Secure the Full Application Lifecycle,https://www.prnewswire.com/news-releases/palo-alto-networks-shifts-left-with-prisma-cloud-3-0-the-industrys-first-integrated-platform-to-secure-the-full-application-lifecycle-301425301.html,prnewswire.com,English,0.0,gdelt_gkg
PANW,2021-11-16,Palo Alto Networks Shifts Left With Prisma Cloud 3 . 0 : The Industry First Integrated Platform to Secure the Full Application Lifecycle,https://www.prnewswire.com:443/news-releases/palo-alto-networks-shifts-left-with-prisma-cloud-3-0-the-industrys-first-integrated-platform-to-secure-the-full-application-lifecycle-301425301.html,prnewswire.com,English,0.0,gdelt_gkg
PANW,2021-11-16,Outlook on the Serverless Security Global Market to 2027 - Key Industry Analysis Report and Forecasts,https://www.prnewswire.com/news-releases/outlook-on-the-serverless-security-global-market-to-2027---key-industry-analysis-report-and-forecasts-301425128.html,prnewswire.com,English,0.0,gdelt_gkg
PANW,2021-11-16,Outlook on the Serverless Security Global Market to 2027 - Key Industry Analysis Report and Forecasts,https://www.prnewswire.com:443/news-releases/outlook-on-the-serverless-security-global-market-to-2027---key-industry-analysis-report-and-forecasts-301425128.html,prnewswire.com,English,0.0,gdelt_gkg
PANW,2021-11-16,"Healthtech co Even partners with Fortis , Narayana and Aster Hospitals",https://www.biospectrumindia.com/news/75/19981/healthtech-co-even-partners-with-fortis-narayana-and-aster-hospitals.html,biospectrumindia.com,English,0.0,gdelt_gkg
PANW,2021-11-16,Palo Alto Networks Delivers What Next in Security at Ignite  21,https://www.prnewswire.com/news-releases/palo-alto-networks-delivers-whats-next-in-security-at-ignite-21-301425320.html,prnewswire.com,English,0.0,gdelt_gkg
PANW,2021-11-17,Stock Futures Are Flat After Dow Pulls Back in Regular Session,https://www.nbcconnecticut.com/news/business/money-report/dow-futures-are-flat-after-dow-pulls-back-in-regular-session/2654802/,nbcconnecticut.com,English,0.0,gdelt_gkg
PANW,2021-11-17,"If Youd Invested $5 , 000 in CrowdStrike in 2019 , This Is How Much Youd Have Today",https://www.fool.com/investing/2021/11/17/if-you-invested-crowdstrike-in-2019-how-much-today/?source=iedfolrf0000001,fool.com,English,0.0,gdelt_gkg
PANW,2021-11-17,Ermetic Named Tomorrow Top Growth Company by Qumra Capital at Calcalist Mind the Tech NY 2021,https://www.tmcnet.com/usubmit/2021/11/17/9494787.htm,tmcnet.com,English,0.0,gdelt_gkg
PANW,2021-11-17,It been one year since Trump fired the CISA director,https://www.washingtonpost.com/politics/2021/11/17/it-been-one-year-since-trump-fired-cisa-director/,washingtonpost.com,English,0.0,gdelt_gkg
PANW,2021-11-17,Cohesity To Launch New SaaS Solutions To Fight Ransomware,https://www.crn.com/news/channel-programs/cohesity-to-launch-new-saas-solutions-to-fight-ransomware,crn.com,English,0.0,gdelt_gkg
PANW,2021-11-17,Palo Alto Networks Cortex XMDR Specialization empowers customer security operations,https://www.helpnetsecurity.com/2021/11/17/palo-alto-networks-cortex-xmdr-specialization/,helpnetsecurity.com,English,0.0,gdelt_gkg
PANW,2021-11-17,Palo Alto software advances end - to - end enterprise cloud security,https://www.arnnet.com.au/article/693130/palo-alto-software-advances-end-to-end-enterprise-cloud-security/,arnnet.com.au,English,0.0,gdelt_gkg
PANW,2021-11-17,"Zoho hit by cyberattack , affecting customers : Here how it went down",https://www.medianama.com/2021/11/223-zoho-manageengine-cyberattack-critical-sectors/,medianama.com,English,0.0,gdelt_gkg
PANW,2021-11-18,Wedbush Picks Apple as Favorite 2022 FAANG Stock,https://www.msn.com/en-us/money/other/wedbush-picks-apple-as-favorite-2022-faang-stock/ar-AAQSoD3,msn.com,English,0.0,gdelt_gkg
PANW,2021-11-18,The DOD just made cloud connections more secure with less latency,https://breakingdefense.com/2021/11/the-dod-just-made-cloud-connections-more-secure-with-less-latency/,breakingdefense.com,English,0.0,gdelt_gkg
PANW,2021-11-18,"IDC : Cisco , Fortinet , HPE - Aruba , VMware lead hot SD - WAN market",https://www.networkworld.com/article/3641253/idc-cisco-fortinet-hpe-aruba-vmware-lead-hot-sd-wan-market.html,networkworld.com,English,0.0,gdelt_gkg
PANW,2021-11-18,Раввинат преднамеренно создает сложности репатриантам,https://www.7kanal.co.il/News/News.aspx/233982,7kanal.co.il,Russian,0.0,gdelt_gkg
PANW,2021-11-18,"The Nasdaq will surge 19 % in 2022 as easing chip shortage extends bull market cycle for tech stocks , Wedbush says",https://www.businessinsider.com.au/stock-market-2022-outlook-nasdaq-chip-shortage-eases-bull-cycle-2021-11,businessinsider.com.au,English,0.0,gdelt_gkg
PANW,2021-11-18,"Palo Alto Networks Raises FY Revenue , Billings Guidance",https://www.marketwatch.com/story/palo-alto-networks-raises-fy-revenue-billings-guidance-271637271188,marketwatch.com,English,0.0,gdelt_gkg
PANW,2021-11-18,"Palo Alto Networks tops Street view , raises outlook , shares slip",https://www.marketwatch.com/story/palo-alto-networks-tops-street-view-raises-outlook-shares-slip-11637270501,marketwatch.com,English,0.0,gdelt_gkg
PANW,2021-11-18,PANW Stock Price | Palo Alto Networks Inc . Stock Quote ( U . S .: Nasdaq ) ,https://www.marketwatch.com/investing/stock/panw,marketwatch.com,English,0.0,gdelt_gkg
PANW,2021-11-18,"Palo Alto Network 1Q Revenue , Billings Growth Beat Projections",https://www.marketwatch.com/story/palo-alto-networks-1q-revenue-billings-growth-beat-projections-271637270783,marketwatch.com,English,0.0,gdelt_gkg
PANW,2021-11-18,Palo Alto Networks Reports Fiscal First Quarter 2022 Financial Results,https://www.prnewswire.com:443/news-releases/palo-alto-networks-reports-fiscal-first-quarter-2022-financial-results-301428522.html,prnewswire.com,English,0.0,gdelt_gkg
PANW,2021-11-18,Netskope Names John Giacomini to Lead North America Sales,https://www.prnewswire.com:443/news-releases/netskope-names-john-giacomini-to-lead-north-america-sales-301426342.html,prnewswire.com,English,0.0,gdelt_gkg
PANW,2021-11-18,Cyber boom leaves Check Point trailing,https://en.globes.co.il/en/article-cyber-boom-leaves-check-point-trailing-1001391484,en.globes.co.il,English,0.0,gdelt_gkg
PANW,2021-11-18,Encrypted messaging apps present a dilemma for law enforcement,https://www.washingtonpost.com/politics/2021/11/18/encrypted-messaging-apps-present-dilemma-law-enforcement/,washingtonpost.com,English,0.0,gdelt_gkg
PANW,2021-11-18,Global Cyber Security Market Is About To Gain Huge Growth During 2021 - 2028,https://www.prnewswire.com:443/news-releases/global-cyber-security-market-is-about-to-gain-huge-growth-during-2021-2028--up-market-research-301427856.html,prnewswire.com,English,0.0,gdelt_gkg
PANW,2021-11-18,Encrypted messaging apps present a dilemma for law enforcement,https://www.msn.com/en-us/news/us/encrypted-messaging-apps-present-a-dilemma-for-law-enforcement/ar-AAQR7eu,msn.com,English,0.0,gdelt_gkg
PANW,2021-11-18,Global Cyber Security Market Is About To Gain Huge Growth During 2021 - 2028,https://www.prnewswire.com/news-releases/global-cyber-security-market-is-about-to-gain-huge-growth-during-2021-2028--up-market-research-301427856.html,prnewswire.com,English,0.0,gdelt_gkg
PANW,2021-11-18,Global Cyber Security Market Is About To Gain Huge Growth During 2021 - 2028,https://www.tmcnet.com/usubmit/2021/11/18/9495600.htm,tmcnet.com,English,0.0,gdelt_gkg
PANW,2021-11-18,Why consumers are still spending in the face of soaring inflation : Morning Brief,https://www.msn.com/en-us/money/topstocks/why-consumers-are-still-spending-in-the-face-of-soaring-inflation-morning-brief/ar-AAQQTC1,msn.com,English,0.0,gdelt_gkg
PANW,2021-11-18,Palo Alto Aktie - A1JZ0Q - US6974351057,https://www.deraktionaer.de/aktien/kurse/paloalto-us6974351057.html,deraktionaer.de,German,0.0,gdelt_gkg
PANW,2021-11-18,Palo Alto Networks modifies Technology Partner Program,https://www.arnnet.com.au/article/693195/palo-alto-networks-modifies-technology-partner-program/,arnnet.com.au,English,0.0,gdelt_gkg
PANW,2021-11-18,NVIDIA Corporation ( NVDA ) Q3 2021 Earnings Call Transcript,https://www.fool.com/earnings/call-transcripts/2021/11/18/nvidia-corporation-nvda-q3-2021-earnings-call-tran/?source=iedfolrf0000001,fool.com,English,0.0,gdelt_gkg
PANW,2021-11-18,Palo Alto Networks modifies Technology Partner Program,https://www.reseller.co.nz/article/693195/palo-alto-networks-modifies-technology-partner-program/,reseller.co.nz,English,0.0,gdelt_gkg
PANW,2021-11-18,North American Morning Briefing : Stock Futures - 3 - ,https://www.morningstar.com/news/dow-jones/202111184419/north-american-morning-briefing-stock-futures-3,morningstar.com,English,0.0,gdelt_gkg
PANW,2021-11-19,Nasdaq Reaches New Record High But Dow Sees Further Downside,https://www.finanznachrichten.de/nachrichten-2021-11/54542837-nasdaq-reaches-new-record-high-but-dow-sees-further-downside-020.htm,finanznachrichten.de,English,0.0,gdelt_gkg
PANW,2021-11-19,Securing IoT Networks and Systems is a Substantial Market,https://www.globenewswire.com/news-release/2021/11/19/2338099/28124/en/Securing-IoT-Networks-and-Systems-is-a-Substantial-Market-Opportunity-for-Enterprise-and-Industrial-Segments.html,globenewswire.com,English,0.0,gdelt_gkg
PANW,2021-11-19,"U . S . Stocks Mixed as House Passes Spending Bill , Europe Virus Wave Weighs",https://www.msn.com/en-us/money/topstocks/us-stocks-mixed-as-house-passes-spending-bill-europe-virus-wave-weighs/ar-AAQUtAP,msn.com,English,0.0,gdelt_gkg
PANW,2021-11-19,Winners of 2021 NewYorkCIO ORBIE Awards Announced,https://www.prweb.com/releases/winners_of_2021_newyorkcio_orbie_awards_announced/prweb18335535.htm,prweb.com,English,0.0,gdelt_gkg
PANW,2021-11-19,"Stock Market Rally Near Highs As Megacaps Lead ; Nvidia , Macy , Target Are Earnings Movers : Weekly Review",https://www.investors.com/news/stock-market-rally-near-highs-as-megacaps-lead-nvidia-macys-target-are-big-earnings-movers/,investors.com,English,0.0,gdelt_gkg
PANW,2021-11-19,"Carnival , Royal Caribbean , And Norwegian Cruise Line Down On COVID Concerns",https://www.forbes.com/sites/jjkinahan/2021/11/19/carnival-royal-caribbean-and-norwegian-cruise-line-down-on-covid-concerns/,forbes.com,English,0.0,gdelt_gkg
PANW,2021-11-19,Major Averages Continue To Turn In Mixed Performance In Afternoon Trading,https://www.finanznachrichten.de/nachrichten-2021-11/54543737-major-averages-continue-to-turn-in-mixed-performance-in-afternoon-trading-020.htm,finanznachrichten.de,English,0.0,gdelt_gkg
PANW,2021-11-19,LATE BRIEFING - Unternehmen und Märkte - 2 - ,https://www.finanznachrichten.de/nachrichten-2021-11/54543837-late-briefing-unternehmen-und-maerkte-2-015.htm,finanznachrichten.de,German,0.0,gdelt_gkg
PANW,2021-11-19,Wake Up Wall Street ( SPY ) ( QQQ ): Lagarde talks transitory and takes everything down,https://www.fxstreet.com/news/wake-up-wall-street-spy-qqq-lagarde-talks-transitory-and-takes-everything-down-202111191318,fxstreet.com,English,0.0,gdelt_gkg
PANW,2021-11-19,"Nasdaq Reaches New Record Closing High , But Dow Sees Further Downside",https://www.finanznachrichten.de/nachrichten-2021-11/54544848-nasdaq-reaches-new-record-closing-high-but-dow-sees-further-downside-020.htm,finanznachrichten.de,English,0.0,gdelt_gkg
PANW,2021-11-19,Here How Id Day Trade Palo Alto Networks Friday,https://realmoney.thestreet.com/investing/here-s-how-i-d-day-trade-palo-alto-networks-friday-15839191,realmoney.thestreet.com,English,0.0,gdelt_gkg
PANW,2021-11-19,U . S . Stocks May Turn In Mixed Performance In Early Trading,https://www.finanznachrichten.de/nachrichten-2021-11/54541636-u-s-stocks-may-turn-in-mixed-performance-in-early-trading-020.htm,finanznachrichten.de,English,0.0,gdelt_gkg
PANW,2021-11-19,Palo Alto awards top performing JAPAC partners,https://www.arnnet.com.au/article/693221/palo-alto-awards-top-performing-japac-partners/,arnnet.com.au,English,0.0,gdelt_gkg
PANW,2021-11-19,"Stocks Making the Biggest Moves Premarket : Foot Locker , Dillard , Farfetch and Others",https://www.nbcphiladelphia.com/news/business/money-report/stocks-making-the-biggest-moves-premarket-foot-locker-dillards-farfetch-and-others/3053525/,nbcphiladelphia.com,English,0.0,gdelt_gkg
PANW,2021-11-19,צ  ק פוינט מבטיחה צמיחה ורווחיות . למה שוק ההון כבר לא מאוהב בה ? ,https://www.globes.co.il/news/article.aspx?did=1001391428,globes.co.il,Hebrew,0.0,gdelt_gkg
PANW,2021-11-19,Palo Alto Networks Reports Fiscal First Quarter 2022 Financial Results,https://techstory.in/palo-alto-networks-reports-fiscal-first-quarter-2022-financial-results/,techstory.in,English,0.0,gdelt_gkg
PANW,2021-11-19,"Cisco , Fortinet , HPE - Aruba and VMware lead hot SD - WAN market",https://www.reseller.co.nz/article/693213/cisco-fortinet-hpe-aruba-vmware-lead-hot-sd-wan-market/,reseller.co.nz,English,0.0,gdelt_gkg
PANW,2021-11-19,"Cisco , Fortinet , HPE - Aruba and VMware lead hot SD - WAN market",https://www.arnnet.com.au/article/693213/cisco-fortinet-hpe-aruba-vmware-lead-hot-sd-wan-market/,arnnet.com.au,English,0.0,gdelt_gkg
PANW,2021-11-19,"With strong earnings , Palo Alto Networks offers bullish guidance for the rest of the year",https://siliconangle.com/2021/11/18/strong-q1-results-palo-alto-networks-offers-bullish-guidance-rest-year/,siliconangle.com,English,0.0,gdelt_gkg
PANW,2021-11-19,Palo Alto Unit 42 : Poor supply chain hygiene impacts cloud infrastructure – Manila Bulletin,https://mb.com.ph/2021/11/19/palo-altos-unit-42-poor-supply-chain-hygiene-impacts-cloud-infrastructure/,mb.com.ph,English,0.0,gdelt_gkg
PANW,2021-11-19,Dow Jones Futures : Beware The Megacap Rally ; AMAT Stock Leads 5 Key Earnings,https://www.investors.com/market-trend/stock-market-today/dow-jones-futures-apple-amazon-nvidia-rally-rivian-lucid-dive-applied-materials-earnings/,investors.com,English,0.0,gdelt_gkg
PANW,2021-11-19,"PANW Stock Slips As Revenue , Profit And Billings Guidance Meet Views",https://www.investors.com/news/technology/panw-stock-palo-alto-stock-earnings-oct21/,investors.com,English,0.0,gdelt_gkg
PANW,2021-11-19,Palo Alto Networks 18 - 24 Months Ahead Of Cloud Rivals : Nikesh Arora,https://www.crn.com/news/security/palo-alto-networks-18-24-months-ahead-of-cloud-rivals-nikesh-arora,crn.com,English,0.0,gdelt_gkg
PANW,2021-11-19,"Futures Tumble , Oil And Treasury Yields Plunge As Lockdowns Return",https://www.zerohedge.com/markets/futures-tumble-oil-and-treasury-yields-plunge-lockdowns-return,zerohedge.com,English,0.0,gdelt_gkg
PANW,2021-11-20,"Cyber Security Market May See a Big Move | Major Giants Symantec , F5networks , Microsoft",https://www.newyorktelegraph.com/news/271771024/cyber-security-market-may-see-a-big-move--major-giants-symantec-f5networks-microsoft,newyorktelegraph.com,English,0.0,gdelt_gkg
PANW,2021-11-20,"Cyber Security Market May See a Big Move | Major Giants Symantec , F5networks , Microsoft",https://www.texasguardian.com/news/271771024/cyber-security-market-may-see-a-big-move--major-giants-symantec-f5networks-microsoft,texasguardian.com,English,0.0,gdelt_gkg
PANW,2021-11-20,Investors cash in as users fight a perpetual cyberwar,https://siliconangle.com/2021/11/20/investors-cash-users-fight-perpetual-cyberwar/,siliconangle.com,English,0.0,gdelt_gkg
PANW,2021-11-20,Dave Vellante Breaking Analysis : The complete collection,https://siliconangle.com/2021/11/19/dave-vellantes-breaking-analysis-complete-collection/,siliconangle.com,English,0.0,gdelt_gkg
PANW,2021-11-20,"Cyber Security Market May See a Big Move | Major Giants Symantec , F5networks , Microsoft",https://www.bignewsnetwork.com/news/271771024/cyber-security-market-may-see-a-big-move--major-giants-symantec-f5networks-microsoft,bignewsnetwork.com,English,0.0,gdelt_gkg
PANW,2021-11-21,"Cyber Security Market May See a Big Move | Major Giants Symantec , F5networks , Microsoft",https://www.sandiegosun.com/news/271771024/cyber-security-market-may-see-a-big-move--major-giants-symantec-f5networks-microsoft,sandiegosun.com,English,0.0,gdelt_gkg
PANW,2021-11-21,Good Stocks To Buy Now ? 4 Enterprise Software Stocks In Focus,http://finance.dailyherald.com/dailyherald/news/read/41999756/good_stocks_to_buy_now,finance.dailyherald.com,English,0.0,gdelt_gkg
PANW,2021-11-21,Good Stocks To Buy Now ? 4 Enterprise Software Stocks In Focus,http://kokomoperspective.com/stock_market/news/good-stocks-to-buy-now-4-enterprise-software-stocks-in-focus/article_c70dd81b-e5fa-5b17-b61f-0bffb7d16fce.html,kokomoperspective.com,English,0.0,gdelt_gkg
PANW,2021-11-22,Exclusive Networks to offer Alkira cloud networking as - a - service platform,https://www.channelweb.co.uk/news/4040809/exclusive-networks-offer-alkira-cloud-networking-service-platform,channelweb.co.uk,English,0.0,gdelt_gkg
PANW,2021-11-22,China Stock Market Expected To Stay Rangebound On Monday,https://www.finanznachrichten.de/nachrichten-2021-11/54548901-china-stock-market-expected-to-stay-rangebound-on-monday-020.htm,finanznachrichten.de,English,0.0,gdelt_gkg
PANW,2021-11-22,Alkira Appoints Exclusive Networks as a Global Specialist Partner,https://www.eagletribune.com/region/alkira-appoints-exclusive-networks-as-a-global-specialist-partner/article_1abc6927-8113-576b-912c-593a6d30a552.html,eagletribune.com,English,0.0,gdelt_gkg
PANW,2021-11-22,Alkira Appoints Exclusive Networks as a Global Specialist Partner,https://www.marketscreener.com/news/latest/Alkira-Appoints-Exclusive-Networks-as-a-Global-Specialist-Partner--37098537/,marketscreener.com,English,0.0,gdelt_gkg
PANW,2021-11-22,"Our Palo Alto Networks Strategy Remains Bullish , but With a Tweak",https://realmoney.thestreet.com/investing/stocks/our-palo-alto-networks-strategy-remains-bullish-but-with-a-tweak-15840104,realmoney.thestreet.com,English,0.0,gdelt_gkg
PANW,2021-11-22,Resilience Cyber Closes $80M Funding Round to Further Expand Into Middle Market,https://www.insurancejournal.com/news/national/2021/11/22/643148.htm,insurancejournal.com,English,0.0,gdelt_gkg
PANW,2021-11-22,Intrusion Detection and Prevention Systems Market Growing at ... ,https://menafn.com/1103231024/Intrusion-Detection-and-Prevention-Systems-Market-Growing-at-a-CAGR-54-Key-Player-Darktrace-Fortinet-Alert-Logic-Mcafee-Trend-Micro&source=29,menafn.com,English,0.0,gdelt_gkg
PANW,2021-11-22,The impact of XDR in the modern SOC,https://bitpipe.computerweekly.com/detail/RES/1637341036_312.html,bitpipe.computerweekly.com,English,0.0,gdelt_gkg
PANW,2021-11-23,Blue Origin announces third space tourism trip that will launch in December,https://www.dailymail.co.uk/sciencetech/article-10234201/Blue-Origin-announces-space-tourism-trip-launch-December.html,dailymail.co.uk,English,0.0,gdelt_gkg
PANW,2021-11-23,"GMA Co - anchor Michael Strahan , Alan Shepard Daughter to Fly to Space with 4 Others on Blue Origin New Shepard Vehicle – Parabolic Arc",http://www.parabolicarc.com/2021/11/23/gma-co-anchor-michael-strahan-alan-shepards-daughter-to-fly-to-space-with-4-others-on-blue-origins-new-shepard-vehicle/,parabolicarc.com,English,0.0,gdelt_gkg
PANW,2021-11-23,Alan Shepard Daughter and Michael Strahan Are Headed to Space,https://www.flyingmag.com/alan-shepards-daughter-and-michael-strahan-are-headed-to-space/,flyingmag.com,English,0.0,gdelt_gkg
PANW,2021-11-23,מנכ  ל פאלו אלטו :  מקדימים ב - 18 - 24 חודשים באבטחת ענן את המתחרים  - ,https://www.pc.co.il/news/350454/,pc.co.il,Hebrew,0.0,gdelt_gkg
PANW,2021-11-23,Silicon Wafer Reclaim Market Expected to Hit USD 1254 . 05 Million at a CAGR of 16 . 55 % by 2025 – Report by Market Research Future ( MRFR ) ,http://www.padovanews.it/2021/11/23/silicon-wafer-reclaim-market-expected-to-hit-usd-1254-05-million-at-a-cagr-of-16-55-by-2025-report-by-market-research-future-mrfr/,padovanews.it,English,0.0,gdelt_gkg
PANW,2021-11-23,4 Things to Like About the Tech Sector ... And 4 Things to Be Worried About,https://realmoney.thestreet.com/investing/technology/4-things-to-like-about-the-tech-sector-and-4-things-to-be-worried-about-15841890,realmoney.thestreet.com,English,0.0,gdelt_gkg
PANW,2021-11-23,"Cybersecurity Services Market COVID 19 Impact Analysis SWOT Analysis , Key Indicators , Forecast 2027 The Top Companies IBM , Trend Micro , Symantec , Splunk , Sophos , RSA Security , Rapid7 , Qualys",https://www.bignewsnetwork.com/news/271791992/cybersecurity-services-market-covid-19-impact-analysis-swot-analysis-key-indicators-forecast-2027-the-top-companies-ibm-trend-micro-symantec-splunk-sophos-rsa-security-rapid7-qualys,bignewsnetwork.com,English,0.0,gdelt_gkg
PANW,2021-11-23,"Cybersecurity Services Market COVID 19 Impact Analysis SWOT Analysis , Key Indicators , Forecast 2027 The Top Companies IBM , Trend Micro , Symantec , Splunk , Sophos , RSA Security , Rapid7 , Qualys",https://www.sandiegosun.com/news/271791992/cybersecurity-services-market-covid-19-impact-analysis-swot-analysis-key-indicators-forecast-2027-the-top-companies-ibm-trend-micro-symantec-splunk-sophos-rsa-security-rapid7-qualys,sandiegosun.com,English,0.0,gdelt_gkg
PANW,2021-11-23,"Cybersecurity Services Market COVID 19 Impact Analysis SWOT Analysis , Key Indicators , Forecast 2027 The Top Companies IBM , Trend Micro , Symantec , Splunk , Sophos , RSA Security , Rapid7 , Qualys",https://www.newyorktelegraph.com/news/271791992/cybersecurity-services-market-covid-19-impact-analysis-swot-analysis-key-indicators-forecast-2027-the-top-companies-ibm-trend-micro-symantec-splunk-sophos-rsa-security-rapid7-qualys,newyorktelegraph.com,English,0.0,gdelt_gkg
PANW,2021-11-23,"Cybersecurity Services Market COVID 19 Impact Analysis SWOT Analysis , Key Indicators , Forecast 2027 The Top Companies IBM , Trend Micro , Symantec , Splunk , Sophos , RSA Security , Rapid7 , Qualys",https://www.texasguardian.com/news/271791992/cybersecurity-services-market-covid-19-impact-analysis-swot-analysis-key-indicators-forecast-2027-the-top-companies-ibm-trend-micro-symantec-splunk-sophos-rsa-security-rapid7-qualys,texasguardian.com,English,0.0,gdelt_gkg
PANW,2021-11-23,"Snowflake Stock , High Flying Software Stocks Retreat As Nasdaq Falls",https://www.investors.com/news/technology/snowflake-stock-high-flying-software-stocks-retreat-as-nasdaq-falls/,investors.com,English,0.0,gdelt_gkg
PANW,2021-11-24,CIO Leadership : Shining a Beacon on the Future of Business,https://www.globenewswire.com/news-release/2021/11/24/2340718/0/en/CIO-Leadership-Shining-a-Beacon-on-the-Future-of-Business-and-the-Evolving-Workplace-Will-Power-the-Discussion-at-the-In-Person-2021-HMG-Live-New-York-CIO-Summit-of-America-on-Dece.html,globenewswire.com,English,0.0,gdelt_gkg
PANW,2021-11-24,Cloud Security Market Growing at a CAGR 14 . 7 % | Key Player T ... ,https://menafn.com/1103245674/Cloud-Security-Market-Growing-at-a-CAGR-147-Key-Player-Trend-Micro-Mcafee-Qualys-Amazon-Web-Services-Broadcom&source=26,menafn.com,English,0.0,gdelt_gkg
PANW,2021-11-24,2 Cybersecurity Stocks Well - Positioned Amid Increased Ransomware Attacks,https://www.morningstar.com/articles/1069103/2-cybersecurity-stocks-well-positioned-amid-increased-ransomware-attacks,morningstar.com,English,0.0,gdelt_gkg
PANW,2021-11-24,Palo Alto Networks to Present at Upcoming Investor Events,https://www.prnewswire.com:443/news-releases/palo-alto-networks-to-present-at-upcoming-investor-events-301431325.html,prnewswire.com,English,0.0,gdelt_gkg
PANW,2021-11-24,Blue Origin Announces Crew for NS - 19 | Aero - News Network,http://aero-news.net/annticker.cfm?do=main.textpost&id=64698f1f-5946-4e66-90b8-eb06f5c84059,aero-news.net,English,0.0,gdelt_gkg
PANW,2021-11-24,Хакеры обнаруживают и взламывают уязвимые облачные сервисы за 24 часа,https://www.securitylab.ru/news/526806.php,securitylab.ru,Russian,0.0,gdelt_gkg
PANW,2021-11-24,Blue Origin Announces Crew for NS - 19 | Aero - News Network,http://aero-news.net/subsite.cfm?do=main.textpost&id=64698f1f-5946-4e66-90b8-eb06f5c84059,aero-news.net,English,0.0,gdelt_gkg
PANW,2021-11-24,Jim Cramer Says Buy These Best - Of - Breed Tech Stocks First as Nasdaq Gets Hit,https://www.nbcphiladelphia.com/news/business/money-report/jim-cramer-says-buy-these-best-of-breed-tech-stocks-first-as-nasdaq-gets-hit/3057831/,nbcphiladelphia.com,English,0.0,gdelt_gkg
PANW,2021-11-24,Jim Cramer Says Buy These Best - Of - Breed Tech Stocks First as Nasdaq Gets Hit,https://www.nbcconnecticut.com/news/business/money-report/jim-cramer-says-buy-these-best-of-breed-tech-stocks-first-as-nasdaq-gets-hit/2658816/,nbcconnecticut.com,English,0.0,gdelt_gkg
PANW,2021-11-24,Jim Cramer Says Buy These Best - Of - Breed Tech Stocks First as Nasdaq Gets Hit,https://www.nbcmiami.com/news/business/money-report/jim-cramer-says-buy-these-best-of-breed-tech-stocks-first-as-nasdaq-gets-hit/2627408/,nbcmiami.com,English,0.0,gdelt_gkg
PANW,2021-11-24,Jim Cramer Says Buy These Best - Of - Breed Tech Stocks First as Nasdaq Gets Hit,https://www.nbcnewyork.com/news/business/money-report/jim-cramer-says-buy-these-best-of-breed-tech-stocks-first-as-nasdaq-gets-hit/3417564/,nbcnewyork.com,English,0.0,gdelt_gkg
PANW,2021-11-24,Jim Cramer Says Buy These Best - Of - Breed Tech Stocks First as Nasdaq Gets Hit,https://www.nbcdfw.com/news/business/money-report/jim-cramer-says-buy-these-best-of-breed-tech-stocks-first-as-nasdaq-gets-hit/2823610/,nbcdfw.com,English,0.0,gdelt_gkg
PANW,2021-11-24,Cloud Security Market Growing at a CAGR 14 . 7 % | Key Player T ... ,https://menafn.com/1103245674/Cloud-Security-Market-Growing-at-a-CAGR-147-Key-Player-Trend-Micro-Mcafee-Qualys-Amazon-Web-Services-Broadcom&source=29,menafn.com,English,0.0,gdelt_gkg
PANW,2021-11-24,7 Stocks to Buy On the Heels of the Biden - Xi Virtual China Summit,https://www.entrepreneur.com/article/399067,entrepreneur.com,English,0.0,gdelt_gkg
PANW,2021-11-24,Blue Origin Announces Crew for NS - 19 | Aero - News Network,http://aero-news.net/index.cfm?do=main.textpost&id=64698f1f-5946-4e66-90b8-eb06f5c84059,aero-news.net,English,0.0,gdelt_gkg
PANW,2021-11-24,Current security approaches can create  an ever - increasing spiral  of issues,https://www.siliconrepublic.com/enterprise/security-infosec-bt-donal-munnelly,siliconrepublic.com,English,0.0,gdelt_gkg
PANW,2021-11-25,Picus Security announces SOCReLoad 2021 event centred on building a Modern SOC,https://www.finanznachrichten.de/nachrichten-2021-11/54588274-picus-security-announces-socreload-2021-event-centred-on-building-a-modern-soc-008.htm,finanznachrichten.de,English,0.0,gdelt_gkg
PANW,2021-11-25,The united kingdom Just Banned Default Passwords and We Should Too,https://www.gizmodo.com.au/2021/11/the-uk-just-banned-default-passwords-and-we-should-too/,gizmodo.com.au,English,0.0,gdelt_gkg
PANW,2021-11-25,Blue Origin Announces Crew for NS - 19 | Aero - News Network,http://aero-news.net/Subscribe.cfm?do=main.textpost&id=64698f1f-5946-4e66-90b8-eb06f5c84059,aero-news.net,English,0.0,gdelt_gkg
PANW,2021-11-25,Industrial Control Systems Security Market to grow by USD 8 . 72 billion | Evolving Opportunities with ABB Ltd . & AO Kaspersky Lab emerge,https://www.prnewswire.com:443/news-releases/industrial-control-systems-security-market-to-grow-by-usd-8-72-billion--evolving-opportunities-with-abb-ltd--ao-kaspersky-lab-emerge17000-technavio-reports-301430932.html,prnewswire.com,English,0.0,gdelt_gkg
PANW,2021-11-25,Industrial Control Systems Security Market to grow by USD 8 . 72 billion | Evolving Opportunities with ABB Ltd . & AO Kaspersky Lab emerge,https://www.prnewswire.com/news-releases/industrial-control-systems-security-market-to-grow-by-usd-8-72-billion--evolving-opportunities-with-abb-ltd--ao-kaspersky-lab-emerge17000-technavio-reports-301430932.html,prnewswire.com,English,0.0,gdelt_gkg
PANW,2021-11-25,Industrial Control Systems Security Market Size Projected to ... ,https://menafn.com/1103248447/Industrial-Control-Systems-Security-Market-Size-Projected-to-Reach-USD-2201-Billion-By-2028,menafn.com,English,0.0,gdelt_gkg
PANW,2021-11-25,Picus Security announces SOCReLoad 2021 event centred on building a Modern SOC,https://www.prnewswire.com/news-releases/picus-security-announces-socreload-2021-event-centred-on-building-a-modern-soc-301432076.html,prnewswire.com,English,0.0,gdelt_gkg
PANW,2021-11-25,Picus Security announces SOCReLoad 2021 event centred on building a Modern SOC,https://www.prnewswire.com:443/news-releases/picus-security-announces-socreload-2021-event-centred-on-building-a-modern-soc-301432076.html,prnewswire.com,English,0.0,gdelt_gkg
PANW,2021-11-25,Industrial Control Systems ( ICS ) Security Market worth $23 . 5 billion by 2026 - Exclusive Report by MarketsandMarkets,https://www.finanznachrichten.de/nachrichten-2021-11/54590307-industrial-control-systems-ics-security-market-worth-dollar-23-5-billion-by-2026-exclusive-report-by-marketsandmarkets-008.htm,finanznachrichten.de,English,0.0,gdelt_gkg
PANW,2021-11-25,Industrial Control Systems ( ICS ) Security Market worth $23 . 5 billion by 2026 - Exclusive Report by MarketsandMarkets™,https://www.prnewswire.com:443/news-releases/industrial-control-systems-ics-security-market-worth-23-5-billion-by-2026--exclusive-report-by-marketsandmarkets-301432071.html,prnewswire.com,English,0.0,gdelt_gkg
PANW,2021-11-25,Industrial Control Systems ( ICS ) Security Market worth $23 . 5 billion by 2026 - Exclusive Report by MarketsandMarkets™,https://www.prnewswire.com/news-releases/industrial-control-systems-ics-security-market-worth-23-5-billion-by-2026--exclusive-report-by-marketsandmarkets-301432071.html,prnewswire.com,English,0.0,gdelt_gkg
PANW,2021-11-26,Cloud Firewall Management Market to Witness a Pronounce Growth During 2021 - 2031,http://www.comunicati.net/comunicati/arte/varie/743361.html,comunicati.net,English,0.0,gdelt_gkg
PANW,2021-11-26,Global IoT Security and Privacy Market Report 2021 : A $52 . 3 Billion Market by 2026,https://www.prnewswire.com/news-releases/global-iot-security-and-privacy-market-report-2021-a-52-3-billion-market-by-2026--301432385.html,prnewswire.com,English,0.0,gdelt_gkg
PANW,2021-11-26,Global IoT Security and Privacy Market Report 2021 : A $52 . 3 Billion Market by 2026,https://www.prnewswire.com:443/news-releases/global-iot-security-and-privacy-market-report-2021-a-52-3-billion-market-by-2026--301432385.html,prnewswire.com,English,0.0,gdelt_gkg
PANW,2021-11-26,"Application Gateway Market Next Big Thing | Major Giants Microsoft , Citrix , Akamai , F5 Networks",https://www.sandiegosun.com/news/271811176/application-gateway-market-next-big-thing--major-giants-microsoft-citrix-akamai-f5-networks,sandiegosun.com,English,0.0,gdelt_gkg
PANW,2021-11-26,"Application Gateway Market Next Big Thing | Major Giants Microsoft , Citrix , Akamai , F5 Networks",https://www.texasguardian.com/news/271811176/application-gateway-market-next-big-thing--major-giants-microsoft-citrix-akamai-f5-networks,texasguardian.com,English,0.0,gdelt_gkg
PANW,2021-11-26,"Application Gateway Market Next Big Thing | Major Giants Microsoft , Citrix , Akamai , F5 Networks",https://www.newyorktelegraph.com/news/271811176/application-gateway-market-next-big-thing--major-giants-microsoft-citrix-akamai-f5-networks,newyorktelegraph.com,English,0.0,gdelt_gkg
PANW,2021-11-26,Global Software Defined Perimeter Market Is Expected To Grow Steadily At CAGR Of 34 % In The Forecast Period Of 2021 - 2026,https://www.newyorktelegraph.com/news/271808226/global-software-defined-perimeter-market-is-expected-to-grow-steadily-at-cagr-of-34-in-the-forecast-period-of-2021-2026,newyorktelegraph.com,English,0.0,gdelt_gkg
PANW,2021-11-26,Global Software Defined Perimeter Market Is Expected To Grow Steadily At CAGR Of 34 % In The Forecast Period Of 2021 - 2026,https://www.texasguardian.com/news/271808226/global-software-defined-perimeter-market-is-expected-to-grow-steadily-at-cagr-of-34-in-the-forecast-period-of-2021-2026,texasguardian.com,English,0.0,gdelt_gkg
PANW,2021-11-26,Global Software Defined Perimeter Market Is Expected To Grow Steadily At CAGR Of 34 % In The Forecast Period Of 2021 - 2026,https://www.sandiegosun.com/news/271808226/global-software-defined-perimeter-market-is-expected-to-grow-steadily-at-cagr-of-34-in-the-forecast-period-of-2021-2026,sandiegosun.com,English,0.0,gdelt_gkg
PANW,2021-11-26,Global Software Defined Perimeter Market Is Expected To Grow Steadily At CAGR Of 34 % In The Forecast Period Of 2021 - 2026,https://www.bignewsnetwork.com/news/271808226/global-software-defined-perimeter-market-is-expected-to-grow-steadily-at-cagr-of-34-in-the-forecast-period-of-2021-2026,bignewsnetwork.com,English,0.0,gdelt_gkg
PANW,2021-11-26,Palo Alto Networks expands Technology Partner Program,https://www.itp.net/security/palo-alto-networks-expands-technology-partner-program,itp.net,English,0.0,gdelt_gkg
PANW,2021-11-27,3 excellent ETFs for ASX investors in December,https://www.fool.com.au/2021/11/28/3-excellent-etfs-for-asx-investors-in-december/,fool.com.au,English,0.0,gdelt_gkg
PANW,2021-11-27,Region largest cybersecurity event just a week away with r ... ,https://menafn.com/1103258639/Regions-largest-cybersecurity-event-just-a-week-away-with-registrations-still-open&source=25,menafn.com,English,0.0,gdelt_gkg
PANW,2021-11-27,Region largest cybersecurity event just a week away with r ... ,https://menafn.com/1103258639/Regions-largest-cybersecurity-event-just-a-week-away-with-registrations-still-open,menafn.com,English,0.0,gdelt_gkg
PANW,2021-11-27,Region largest cybersecurity event just a week away with r ... ,https://menafn.com/1103258639/Regions-largest-cybersecurity-event-just-a-week-away-with-registrations-still-open&source=138,menafn.com,English,0.0,gdelt_gkg
PANW,2021-11-27,Dave Vellante Breaking Analysis : The complete collection,https://siliconangle.com/2021/11/26/dave-vellantes-breaking-analysis-complete-collection/,siliconangle.com,English,0.0,gdelt_gkg
PANW,2021-11-28,Wall Street Just Gave Investors a Buying Opportunity for This Stock,https://www.fool.com/investing/2021/11/28/wall-street-gave-investors-a-buying-opportunity/,fool.com,English,0.0,gdelt_gkg
PANW,2021-11-28,Wall Street Just Gave Investors a Buying Opportunity for This Stock,https://www.fool.com/investing/2021/11/28/wall-street-gave-investors-a-buying-opportunity/?source=iedfolrf0000001,fool.com,English,0.0,gdelt_gkg
PANW,2021-11-28,This Hot Growth Stock Could Soar Another 35 % ,https://www.fool.com/investing/2021/11/28/hot-growth-stock-soar-35-percent-palo-alto/,fool.com,English,0.0,gdelt_gkg
PANW,2021-11-29,USA benefits greatly from Indian talent says Elon Musk on New Twitter CEO Parag Aggarwal,https://www.jagran.com/news/national-usa-benefits-greatly-from-indian-talent-says-elon-musk-on-new-twitter-ceo-parag-aggarwal-22251689.html,jagran.com,Hindi,0.0,gdelt_gkg
PANW,2021-11-29,Bezo Blue Origin to launch astronaut Alan Shepard daughter on third tourism flight to space on Dec 9,https://www.indiatoday.in/science/story/jeff-bezos-blue-origin-new-shepard-launch-december-9-1881969-2021-11-29,indiatoday.in,English,0.0,gdelt_gkg
PANW,2021-11-29,Exclusive Networks scores Alkira as a channel partner – Channel EYE,http://channeleye.co.uk/exclusive-networks-scores-alkira-as-a-channel-partner/,channeleye.co.uk,English,0.0,gdelt_gkg
PANW,2021-11-29,Global IoT Security Market Report 2021 : 5G Networks to Accelerate a New Wave of IoT Applications,https://www.prnewswire.com/news-releases/global-iot-security-market-report-2021-5g-networks-to-accelerate-a-new-wave-of-iot-applications-301432792.html,prnewswire.com,English,0.0,gdelt_gkg
PANW,2021-11-29,APT37 targets journalists with Chinotto multi - platform malware,https://www.bleepingcomputer.com/news/security/apt37-targets-journalists-with-chinotto-multi-platform-malware/,bleepingcomputer.com,English,0.0,gdelt_gkg
PANW,2021-11-29,5 tech giants helmed by Indian origin CEOs,https://zeenews.india.com/technology/5-tech-giants-helmed-by-indian-origin-ceos-2414688.html,zeenews.india.com,English,0.0,gdelt_gkg
PANW,2021-11-29,"Black Hat Europe 2021 Network Operations Center : London called , We answered",https://www.marketscreener.com/quote/stock/CISCO-SYSTEMS-INC-4862/news/Black-Hat-Europe-2021-Network-Operations-Center-London-called-We-answered-37156696/,marketscreener.com,English,0.0,gdelt_gkg
PANW,2021-11-30,"Elon Musk tweets on Parag Agrawal , here what he has to say about other Indian tech CEOs | Technology News",https://zeenews.india.com/technology/elon-musk-tweets-on-parag-agrawal-here-s-what-he-has-to-say-about-other-indian-tech-ceos-2414875.html,zeenews.india.com,English,0.0,gdelt_gkg
PANW,2021-11-30,TIC 3 . 0 Compliant Managed Security Service for Remote Work Now Available,https://www.prnewswire.com:443/news-releases/tic-3-0-compliant-managed-security-service-for-remote-work-now-available-301433456.html,prnewswire.com,English,0.0,gdelt_gkg
PANW,2021-11-30,TIC 3 . 0 Compliant Managed Security Service for Remote Work Now Available,https://www.prnewswire.com/news-releases/tic-3-0-compliant-managed-security-service-for-remote-work-now-available-301433456.html,prnewswire.com,English,0.0,gdelt_gkg
PANW,2021-11-30,4 أخطاء شائعة في مواجهة برمجيات الفدية,https://arabic.arabianbusiness.com/abnews/4-%D8%A3%D8%AE%D8%B7%D8%A7%D8%A1-%D8%B4%D8%A7%D8%A6%D8%B9%D8%A9-%D9%81%D9%8A-%D9%85%D9%88%D8%A7%D8%AC%D9%87%D8%A9-%D8%A8%D8%B1%D9%85%D8%AC%D9%8A%D8%A7%D8%AA-%D8%A7%D9%84%D9%81%D8%AF%D9%8A%D8%A9,arabic.arabianbusiness.com,Arabic,0.0,gdelt_gkg
PANW,2021-11-30,Elon Musk praises Parag Agrawal on becoming the new Twitter CEO : united states benefits greatly from Indian talent,https://www.pinkvilla.com/trending/india/elon-musk-praises-parag-agrawal-becoming-new-twitter-ceo-usa-benefits-greatly-indian-talent-954468,pinkvilla.com,English,0.0,gdelt_gkg
PANW,2021-11-30,"Musk Praises Parag Agrawal , Says US Benefits From Indian Talent",https://www.glamsham.com/world/technology/musk-praises-parag-agrawal-says-us-benefits-from-indian-talent,glamsham.com,English,0.0,gdelt_gkg
PANW,2021-11-30,Panel : Securing Your Hybrid Workforce Using a SASE Approach,https://www.bankinfosecurity.com/securing-your-hybrid-workforce-using-sase-approach-a-18002,bankinfosecurity.com,English,0.0,gdelt_gkg
PANW,2021-11-30,"Musk praises Parag Agrawal , says US benefits from Indian ta ... ",https://menafn.com/1103277483/Musk-praises-Parag-Agrawal-says-US-benefits-from-Indian-talent&source=28,menafn.com,English,0.0,gdelt_gkg
PANW,2021-11-30,Elon Musk Says,https://www.outlookindia.com/website/story/business-news-elon-musk-says-us-benefits-greatly-from-indian-talent/403178,outlookindia.com,English,0.0,gdelt_gkg
PANW,2021-11-30,Parag Agrawal : IIT Bombay Graduate To Youngest Indian - Origin CEO,https://www.siliconindia.com/news/general/parag-agrawal-iit-bombay-graduate-to-youngest-indianorigin-ceo-nid-217476-cid-1.html,siliconindia.com,English,0.0,gdelt_gkg
PANW,2021-11-30,Westcon - Comstor Awarded the Palo Alto Networks Global Distribution Partner of the Year for 2021,https://www.realwire.com/releases/Westcon-Comstor-Awarded-Global-Distribution-Partner-of-the-Year-for-2021,realwire.com,English,0.0,gdelt_gkg
PANW,2021-11-30,Westcon - Comstor Awarded the Palo Alto Networks Global Distribution Partner of the Year for 2021,http://www.itnewsonline.com/Realwire/Westcon-Comstor-Awarded-the-Palo-Alto-Networks-Global-Distribution-Partner-of-the-Year-for-2021/26066,itnewsonline.com,English,0.0,gdelt_gkg
PANW,2021-11-30,"Alteryx CEO Mark Anderson Asks ,  What Does Success Look Like For You … And Your Team ? ",https://www.forbes.com/sites/donyaeger/2021/11/30/alteryx-ceo-mark-anderson-asks-what-does-success-look-like-for-you-and-your-team/,forbes.com,English,0.0,gdelt_gkg
PANW,2021-11-30,SD - WAN buyers guide : Key questions to ask vendors ( and yourself ) ,https://www.networkworld.com/article/3624011/sd-wan-buyers-guide-key-questions-to-ask-vendors-and-yourself.html,networkworld.com,English,0.0,gdelt_gkg
PANW,2021-11-30,Palo Alto Networks Shifts Left With Prisma Cloud 3 . 0 : The In ... ,https://menafn.com/1103279636/Palo-Alto-Networks-Shifts-Left-With-Prisma-Cloud-30-The-Industrys-First-Integrated-Platform-to-Secure-the-Full-Application-Lifecycle&source=29,menafn.com,English,0.0,gdelt_gkg
PANW,2021-11-30,"AT A GLANCE : Twitter , Microsoft , Google … tech giants run by Indian - born CEOs",https://www.thecable.ng/at-a-glance-twitter-microsoft-google-tech-giants-run-by-indian-born-ceos,thecable.ng,English,0.0,gdelt_gkg
PANW,2021-11-30,New Twitter CEO Parag Agrawal Steps from Behind the Scenes to High Profile,https://www.indiawest.com/news/global_indian/new-twitter-ceo-parag-agrawal-steps-from-behind-the-scenes-to-high-profile/article_3a6d6d9c-5204-11ec-883b-bf32964c8454.html,indiawest.com,English,0.0,gdelt_gkg
PANW,2021-11-30,Elon Musk Speaks Out on New Twitter CEO,https://www.entrepreneur.com/article/399910,entrepreneur.com,English,0.0,gdelt_gkg
PANW,2021-11-30,GTT partners with Palo Alto Networks to power its SASE platform,https://www.lightreading.com/security/gtt-partners-with-palo-alto-networks-to-power-its-sase-platform/d/d-id/773803,lightreading.com,English,0.0,gdelt_gkg
PANW,2021-11-30,"Musk praises Parag Agrawal , says US benefits from Indian talent",https://news.webindia123.com/news/Articles/India/20211130/3864807.html,news.webindia123.com,English,0.0,gdelt_gkg
PANW,2021-11-30,Here what Elon Musk has to say about growing number of Indian CEOs in US,https://www.bgr.in/news/heres-what-elon-musk-has-to-say-about-growing-number-of-indian-ceos-in-us-1024660/,bgr.in,English,0.0,gdelt_gkg
PANW,2021-11-30,"Musk praises Parag Agrawal , says US benefits from Indian talent",https://www.business-standard.com/article/technology/musk-praises-parag-agrawal-says-us-benefits-from-indian-talent-121113000809_1.html,business-standard.com,English,0.0,gdelt_gkg
PANW,2021-11-30,Panel : Securing Your Hybrid Workforce Using a SASE Approach,https://www.govinfosecurity.com/securing-your-hybrid-workforce-using-sase-approach-a-18002,govinfosecurity.com,English,0.0,gdelt_gkg
PANW,2021-11-30,Elon Musk is all for Indian talent benefitting the US ; see what Tesla boss has to say about Twitter new CEO,https://www.ibtimes.co.in/us-benefits-greatly-indian-talent-elon-musk-responding-stripe-ceo-pattrick-collison-843257,ibtimes.co.in,English,0.0,gdelt_gkg
PANW,2021-11-30,好評につき配信延長決定 。 これがラストチャンス ！【 アーカイブ配信は12月15日 （ 水 ） まで 】 アライドテレシス主催オンラインイベント 『 Exchange カンファレンス2021 』： 紀伊民報AGARA,https://www.agara.co.jp/article/164851,agara.co.jp,Japanese,0.0,gdelt_gkg
PANW,2021-11-30,Elon Musk doffs hat to Indian talent after Parag Agrawal takes over as Twitter CEO,https://www.freepressjournal.in/business/elon-musk-doffs-hat-to-indian-talent-after-parag-agrawal-takes-over-as-twitter-ceo,freepressjournal.in,English,0.0,gdelt_gkg
PANW,2021-11-30,Elon Musk congratulates Parag Agarwal Where  America has benefited greatly from Indian talent  | ट्विटर CEO बनने पर बोले - भारतीय टैलेंट से अमेरिका को बहुत फायदा हुआ,https://www.bhaskar.com/business/news/elon-musk-congratulates-parag-agarwal-where-america-has-benefited-greatly-from-129167180.html,bhaskar.com,Hindi,0.0,gdelt_gkg
PANW,2021-11-30,THIS is what Elon Musk has to say about new Twitter CEO Parag Agrawal,https://www.dnaindia.com/technology/report-this-is-what-elon-musk-has-to-say-about-new-twitter-ceo-parag-agrawal-indian-talent-usa-jack-dorsey-2921779,dnaindia.com,English,0.0,gdelt_gkg
PANW,2021-11-30,From Parag Agrawal to Sundar Pichai : 8 Indian - origin CEOs leading tech giants in the US,https://www.khaleejtimes.com/tech/from-parag-agrawal-to-sundar-pichai-8-indian-origin-ceos-leading-tech-giants-in-the-us,khaleejtimes.com,English,0.0,gdelt_gkg
PANW,2021-11-30,Parag Agrawal joins list of Indian - origin executives heading world leading tech firms,https://news.webindia123.com/news/Articles/World/20211130/3864516.html,news.webindia123.com,English,0.0,gdelt_gkg
PANW,2021-11-30,"Indian - Origin CEOs in Silicon Valley : Parag Agrawal , Sundar Pichai , Satya Nadella - top CEOs of Indian - Origin",https://www.jagranjosh.com/current-affairs/list-of-indian-origin-ceos-in-silicon-valley-1638250203-1,jagranjosh.com,English,0.0,gdelt_gkg
PANW,2021-11-30,Lucata Corporation : Lucata Names John Donovan to Board of Directors,https://www.finanznachrichten.de/nachrichten-2021-11/54619718-lucata-corporation-lucata-names-john-donovan-to-board-of-directors-399.htm,finanznachrichten.de,English,0.0,gdelt_gkg
PANW,2021-11-30,US benefits greatly from Indian talent : Elon Musk on Parag Agrawal becoming new Twitter CEO,https://www.thehindubusinessline.com/info-tech/us-benefits-greatly-from-indian-talent-elon-musk-on-parag-agrawal-becoming-new-twitter-ceo/article37764300.ece,thehindubusinessline.com,English,0.0,gdelt_gkg
PANW,2021-11-30,Soveren launches from stealth with $6 . 5M seed funding to automate GDPR compliance – TechCrunch,https://techcrunch.com/2021/11/30/soveren-seed-gdpr-compliance/,techcrunch.com,English,0.0,gdelt_gkg
PANW,2021-11-30,Elon Musk takes to Twitter to praise  Indian talent  after Parag Agrawal becomes Twitter CEO,https://www.freepressjournal.in/viral/elon-musk-takes-to-twitter-to-praise-indian-talent-after-after-parag-agrawal-becomes-twitter-ceo,freepressjournal.in,English,0.0,gdelt_gkg
PANW,2021-11-30,دراسة تُحذر من 4 أخطاء شائعة في مواجهة « برمجيات الفدية » ,https://www.dostor.org/3641779,dostor.org,Arabic,0.0,gdelt_gkg
PANW,2021-11-30,Tech giants helmed by Indian - origin CEOs : The parade continues,https://www.thedailystar.net/tech-startup/news/tech-giants-helmed-indian-origin-ceos-the-parade-continues-2906441,thedailystar.net,English,0.0,gdelt_gkg
PANW,2021-11-30,"Musk praises new Twitter CEO Parag Agrawal , says  USA benefits from Indian talent  ",https://www.businessinsider.in/tech/news/musk-praises-new-twitter-ceo-parag-agrawal-says-usa-benefits-from-indian-talent/articleshow/88004684.cms,businessinsider.in,English,0.0,gdelt_gkg
PANW,2021-11-30,Parag Agrawal joins list of Indian - origin executives heading world leading tech firms,https://www.indiagazette.com/news/271834683/parag-agrawal-joins-list-of-indian-origin-executives-heading-world-leading-tech-firms,indiagazette.com,English,0.0,gdelt_gkg
PANW,2021-11-30,Investegate |Lucata Corporation Announcements | Lucata Corporation : Lucata Names John Donovan to Board of Directors,https://www.investegate.co.uk/lucata-corporation/gnw/lucata-names-john-donovan-to-board-of-directors/20211130080000H2606/,investegate.co.uk,English,0.0,gdelt_gkg
PANW,2021-11-30,"Musk praises Parag Agrawal , says US benefits from Indian talent",https://www.prokerala.com/news/articles/a1221859.html,prokerala.com,English,0.0,gdelt_gkg
PANW,2021-12-01,"Twitter CEO Parag Agrawal ; Indian User On Sushma Swaraj UN Speech Over Pakistan Terrorists | लोग बोले - 4 साल पहले सुषमा स्वराज ने सही कहा था - भारत ने डॉक्टर - इंजीनियर दिए , हमने टेररिस्ट और टेरर कैम्प",https://www.bhaskar.com/international/news/twitter-ceo-parag-agrawal-indian-user-on-sushma-swaraj-un-speech-over-pakistan-terrorists-129170702.html,bhaskar.com,Hindi,0.0,gdelt_gkg
PANW,2021-12-01,United to Become First in Aviation History to Fly Aircraft Full of Passengers Using 100 % Sustainable Fuel,https://www.prnewswire.com/news-releases/united-to-become-first-in-aviation-history-to-fly-aircraft-full-of-passengers-using-100-sustainable-fuel-301435009.html,prnewswire.com,English,0.0,gdelt_gkg
PANW,2021-12-01,Twitter new Indian - American CEO highlights corporate Australia lack of cultural diversity - 02 - Dec - 2021,"https://home.nzcity.co.nz/news/article.aspx?id=344556&fm=psp,tst",home.nzcity.co.nz,English,0.0,gdelt_gkg
PANW,2021-12-01,Twitter new Indian - American CEO highlights corporate Australia lack of cultural diversity - 02 - Dec - 2021,"https://home.nzcity.co.nz/news/article.aspx?id=344556&fm=psp,tsf",home.nzcity.co.nz,English,0.0,gdelt_gkg
PANW,2021-12-01,The 40 - year pandemic,https://www.politico.com/newsletters/global-insider/2021/12/01/the-40-year-pandemic-495277,politico.com,English,0.0,gdelt_gkg
PANW,2021-12-01,"CrowdStrike Stock Climbs As Earnings , Revenue Guidance Top Estimates",https://www.investors.com/news/technology/crowdstrike-stock-climbs-as-earnings-revenue-guidance-top-estimates/,investors.com,English,0.0,gdelt_gkg
PANW,2021-12-01,Celebrate United Airline First Passenger Flight Using 100 % Sustainable Aviation Fuel – Advanced BioFuels united states ,https://advancedbiofuelsusa.info/celebrate-united-airlines-first-passenger-flight-using-100-sustainable-aviation-fuel/,advancedbiofuelsusa.info,English,0.0,gdelt_gkg
PANW,2021-12-01,BMO investment chief just predicted a 17 % stock market gain for 2022 ignore the bears and make room for these 3  outperform  stocks,https://news.yahoo.com/bmos-investment-chief-just-predicted-223000602.html,news.yahoo.com,English,0.0,gdelt_gkg
PANW,2021-12-01,"Bet on security Day 1 to prevent app rework , speed time to market",https://siliconangle.com/2021/12/01/bet-security-day-1-prevent-app-rework-speed-time-market-reinvent/,siliconangle.com,English,0.0,gdelt_gkg
PANW,2021-12-01,agrawal : Corporate biggies laud Indian success in US,https://timesofindia.indiatimes.com/business/india-business/corporate-biggies-laud-indian-success-in-us/articleshow/88018693.cms,timesofindia.indiatimes.com,English,0.0,gdelt_gkg
PANW,2021-12-01,Twitter new Indian - American CEO highlights corporate Australia lack of cultural diversity - 02 - Dec - 2021,https://home.nzcity.co.nz/news/article.aspx?id=344556,home.nzcity.co.nz,English,0.0,gdelt_gkg
PANW,2021-12-01,Healthcare Cybersecurity Market revenue to cross USD 35 . 5 Bn by 2027 : Global Market Insights Inc . ,https://www.prnewswire.com/news-releases/healthcare-cybersecurity-market-revenue-to-cross-usd-35-5-bn-by-2027-global-market-insights-inc-301434856.html,prnewswire.com,English,0.0,gdelt_gkg
PANW,2021-12-01,"After Google , Microsoft , IBM and Adobe , an Indian now helms Twitter",https://www.indianweekender.co.nz/Pages/ArticleDetails/7/17860/New-Zealand/After-Google-Microsoft-IBM-and-Adobe-an-Indian-now-helms-Twitter,indianweekender.co.nz,English,0.0,gdelt_gkg
PANW,2021-12-01,Healthcare Cybersecurity Market revenue to cross USD 35 . 5 Bn by 2027 : Global Market Insights Inc . ,https://www.prnewswire.com:443/news-releases/healthcare-cybersecurity-market-revenue-to-cross-usd-35-5-bn-by-2027-global-market-insights-inc-301434856.html,prnewswire.com,English,0.0,gdelt_gkg
PANW,2021-12-01,सिलिकॉन वैली में भारतीय दिग्गजों का डंका | वीडियो और तस्वीरें | DW,https://www.dw.com/hi/indian-origin-ceos-who-helmed-top-global-cos/g-59983376,dw.com,Hindi,0.0,gdelt_gkg
PANW,2021-12-01,"Japan and China Telecom Network Infrastructure Market Insights , Forecast to 2028",http://www.comunicati.net/comunicati/arte/musica/new_age/744361.html,comunicati.net,English,0.0,gdelt_gkg
PANW,2021-12-01,TIC 3 . 0 Compliant Managed Security Service for Remote Work Now Available,https://www.pressreleasepoint.com/tic-30-compliant-managed-security-service-remote-work-now-available,pressreleasepoint.com,English,0.0,gdelt_gkg
PANW,2021-12-01,"Software Defined Networking Market Overview 2021 - 2026 , Indus ... ",https://menafn.com/1103284550/Software-Defined-Networking-Market-Overview-2021-2026-Industry-Size-Share-Trends-and-Forecast&source=24,menafn.com,English,0.0,gdelt_gkg
PANW,2021-12-01,Parag Agrawal and 9 other Indian - origin CEOs of global companies,https://www.msn.com/en-in/lifestyle/other/parag-agrawal-and-9-other-indian-origin-ceos-of-global-companies/ar-AARkqJA,msn.com,English,0.0,gdelt_gkg
PANW,2021-12-01,Datavator teams with Palo Alto to deliver SOAR security managed service,https://www.reseller.co.nz/article/693543/datavator-teams-palo-alto-deliver-soar-security-managed-service/,reseller.co.nz,English,0.0,gdelt_gkg
PANW,2021-12-01,Cybersecurity ETF Could Rally Thanks to These Holdings,https://www.etftrends.com/nasdaq-portfolio-solutions-channel/cybersecurity-etf-could-rally-thanks-to-these-holdings/,etftrends.com,English,0.0,gdelt_gkg
PANW,2021-12-01,Elon Musk Speaks Out on New Twitter CEO,https://www.westport-news.com/business/article/Elon-Musk-Speaks-Out-on-New-Twitter-CEO-16663304.php,westport-news.com,English,0.0,gdelt_gkg
PANW,2021-12-01,CISO Leadership : Educating the Board on the Evolving Threat Landscape Will Drive the Discussion at the In - Person 2021 HMG Live ! New York CISO Executive Leadership Summit on December 8,https://finance.yahoo.com/news/ciso-leadership-educating-board-evolving-212500032.html,finance.yahoo.com,English,0.0,gdelt_gkg
PANW,2021-12-01,CISO Leadership : Educating the Board on the Evolving Threat Landscape Will Drive the Discussion at the In - Person 2021 HMG Live ! New York CISO Executive Leadership Summit on December 8,https://forextv.com/top-news/ciso-leadership-educating-the-board-on-the-evolving-threat-landscape-will-drive-the-discussion-at-the-in-person-2021-hmg-live-new-york-ciso-executive-leadership-summit-on-december-8/,forextv.com,English,0.0,gdelt_gkg
PANW,2021-12-01,Healthcare Cybersecurity Market revenue to cross USD 35 . 5 Bn by 2027 : Global Market Insights Inc . ,https://www.finanznachrichten.de/nachrichten-2021-12/54635598-healthcare-cybersecurity-market-revenue-to-cross-usd-35-5-bn-by-2027-global-market-insights-inc-008.htm,finanznachrichten.de,English,0.0,gdelt_gkg
PANW,2021-12-01,CISO Leadership : Educating the Board on the Evolving Threat,https://www.globenewswire.com/news-release/2021/12/01/2344552/0/en/CISO-Leadership-Educating-the-Board-on-the-Evolving-Threat-Landscape-Will-Drive-the-Discussion-at-the-In-Person-2021-HMG-Live-New-York-CISO-Executive-Leadership-Summit-on-December-.html,globenewswire.com,English,0.0,gdelt_gkg
