ticker,date,title,url,domain,language,tone,source
AMZN,2025-03-01,Anti - Amazon protesters in Montreal rally once again to call for boycott,https://www.theglobeandmail.com/canada/article-anti-amazon-protesters-in-montreal-rally-once-again-to-call-for/,theglobeandmail.com,English,0.0,gdelt_gkg
AMZN,2025-03-01,Anti - Amazon protesters in Montreal rally once again for boycott demonstration,https://www.pentictonherald.ca/news/national_news/article_ebf8cc8f-082b-56ee-9f75-61c0891eec1e.html,pentictonherald.ca,English,0.0,gdelt_gkg
AMZN,2025-03-01,O que Oruam tem a dizer ? ,https://operamundi.uol.com.br/opiniao/o-que-oruam-tem-a-dizer/,operamundi.uol.com.br,Portuguese,0.0,gdelt_gkg
AMZN,2025-03-01,Anti - Amazon protesters in Montreal rally once again for boycott demonstration,https://www.stcatharinesstandard.ca/business/anti-amazon-protesters-in-montreal-rally-once-again-for-boycott-demonstration/article_fe731375-78dd-59a6-b2a6-eff64e32d6f2.html,stcatharinesstandard.ca,English,0.0,gdelt_gkg
AMZN,2025-03-01,Oregon State University Strengthens Ties with South Korea  Future Innovation Leaders  ,https://www.finanznachrichten.de/nachrichten-2025-03/64701652-oregon-state-university-strengthens-ties-with-south-korea-s-future-innovation-leaders-200.htm,finanznachrichten.de,English,0.0,gdelt_gkg
AMZN,2025-03-01,Amazon Stock : Soros Boosts Position Amid AI Push,https://www.finanznachrichten.de/nachrichten-2025-03/64701715-amazon-stock-soros-boosts-position-amid-ai-push-660.htm,finanznachrichten.de,English,0.0,gdelt_gkg
AMZN,2025-03-01,"Mercedes - Benz GLS vs Toyota Vellfire Compare Prices , Specs , Features @ ZigWheels",https://www.zigwheels.com/compare-cars/mercedes-benz-gls-vs-toyota-vellfire,zigwheels.com,English,0.0,gdelt_gkg
AMZN,2025-03-01,Univers Freebox :: Voir le sujet - Questions sur Amazon inclus,https://forum.universfreebox.com/viewtopic.php?p=808271,forum.universfreebox.com,French,0.0,gdelt_gkg
AMZN,2025-03-01,The Accountant 2 Director Says This Character Death Was Essential,https://bleedingcool.com/movies/the-accountant-2-director-says-this-characters-death-was-essential/,bleedingcool.com,English,0.0,gdelt_gkg
AMZN,2025-03-01,Anti - Amazon protesters in Montreal rally once again for boycott demonstration – Brandon Sun,https://www.brandonsun.com/business/2025/03/01/anti-amazon-protesters-in-montreal-rally-once-again-for-boycott-demonstration,brandonsun.com,English,0.0,gdelt_gkg
AMZN,2025-03-01,Jack Reynor 10 Best Movies And TV Shows,https://screenrant.com/jack-reynor-best-movies-tv-shows-ranked/,screenrant.com,English,0.0,gdelt_gkg
AMZN,2025-03-01,Laudo aponta metais pesados na água de rio atingido por rejeitos da barragem de garimpo ilegal do AP,https://jornalfloripa.com.br/noticia/133047,jornalfloripa.com.br,Portuguese,0.0,gdelt_gkg
AMZN,2025-03-01,La viga en el ojo,https://www.pagina12.com.ar/807713-la-viga-en-el-ojo,pagina12.com.ar,Spanish,0.0,gdelt_gkg
AMZN,2025-03-01,"K - 9 sniffs out crack cocaine , heroin during Arizona traffic stop",https://www.12news.com/article/news/crime/coconino-county-k-9-finds-crack-cocaine-and-heroin-during-flagstaff-traffic-stop/75-b2203720-e0e0-4877-ba6c-94a321548fb3,12news.com,English,0.0,gdelt_gkg
AMZN,2025-03-01,A Grande Família : Em defesa da gerao de emprego e renda,https://www.acritica.com/entretenimento/a-grande-familia-em-defesa-da-gerac-o-de-emprego-e-renda-1.365781,acritica.com,Portuguese,0.0,gdelt_gkg
AMZN,2025-03-01,NWS issues dust storm warning in Arizona,https://www.12news.com/article/weather/weather-impact/blowing-dust-advisory-phoenix-ahwatukee-maricopa-county-pinal-county-arizona/75-c5533cf3-5362-4ad7-88d0-9fdb3c1c792b,12news.com,English,0.0,gdelt_gkg
AMZN,2025-03-01,33 Products That Look Expensive But Arent,https://www.buzzfeed.com/samar_hadri/affordable-products-expensive-vibe,buzzfeed.com,English,0.0,gdelt_gkg
AMZN,2025-03-01,"I Didnt Have Anne Hathaway And Josh Hartnett Teaming Up For A Movie On My Bingo Card , But It Will Scratch My Colleen Hoover Itch ( Since It Ends With Us 2 Looks Unlikely ) ",https://www.cinemablend.com/movies/anne-hathaway-josh-hartnett-teaming-movie-but-will-scratch-colleen-hoover-itch-it-ends-with-us-2-looks-unlikely,cinemablend.com,English,0.0,gdelt_gkg
AMZN,2025-03-01,33 Fun And Practical Products,https://www.buzzfeed.com/bekoconnell/both-practical-and-fun,buzzfeed.com,English,0.0,gdelt_gkg
AMZN,2025-03-01,Xodó de estrelas internacionais : Conheça o joalheiro de Fernanda Torres,https://www.estadao.com.br/cultura/alice-ferraz/xodo-de-estrelas-internacionais-conheca-o-joalheiro-de-fernanda-torres/,estadao.com.br,Portuguese,0.0,gdelt_gkg
AMZN,2025-03-01,30 Products You Need If Your Home Needs A Deep Clean,https://www.buzzfeed.com/lily_burrill/if-your-home-needs-a-deep-clean,buzzfeed.com,English,0.0,gdelt_gkg
AMZN,2025-03-01,"Recalls : LG electric ranges , cheese , sunscreen and more",https://www.theifp.ca/news/recall-alerts-lg-electric-ranges-cheese-sunscreen-cannabis-and-more/article_105126c0-f899-5d06-a130-8fb3944ac6ec.html,theifp.ca,English,0.0,gdelt_gkg
AMZN,2025-03-01,Case dismissed for man charged in connection to Amazon facility fire,https://www.yahoo.com/news/case-dismissed-man-charged-connection-220233593.html,yahoo.com,English,0.0,gdelt_gkg
AMZN,2025-03-01,Best Generative ( GenAI ) Course 2025 For Product Managers & Software Engineers For Top AI Jobs At Google Facebook Amazon Apple,https://forextv.com/best-generative-genai-course-2025-for-product-managers-software-engineers-for-top-ai-jobs-at-google-facebook-amazon-apple/,forextv.com,English,0.0,gdelt_gkg
AMZN,2025-03-01,Japão registra morte e milhares são evacuados em incêndio,https://www.correiobraziliense.com.br/mundo/2025/03/7074077-japao-registra-morte-e-milhares-sao-evacuados-em-incendio.html,correiobraziliense.com.br,Portuguese,0.0,gdelt_gkg
AMZN,2025-03-01,Police investigating stabbing at AZ Ikea,https://www.12news.com/article/news/crime/police-investigating-stabbing-at-az-ikea/75-03a93ad7-9013-4349-81ea-58ee4e9e0967,12news.com,English,0.0,gdelt_gkg
AMZN,2025-03-01,Amazon . com ( NASDAQ : AMZN ) Stock Price Up 0 . 4 % – What Next ? ,https://www.themarketsdaily.com/2025/03/01/amazon-com-nasdaqamzn-stock-price-up-0-4-whats-next.html,themarketsdaily.com,English,0.0,gdelt_gkg
AMZN,2025-03-01,Laudo aponta metais pesados na água de rio atingido por rejeitos da barragem de garimpo ilegal do AP,https://g1.globo.com/ap/amapa/noticia/2025/03/01/laudo-aponta-metais-pesados-na-agua-de-rio-atingido-por-rejeitos-da-barragem-de-garimpo-ilegal-do-ap.ghtml,g1.globo.com,Portuguese,0.0,gdelt_gkg
AMZN,2025-03-01, # StopFuelingGenocide : Boycott Chevron ! - International Viewpoint - online socialist magazine,https://internationalviewpoint.org/spip.php?article8875,internationalviewpoint.org,English,0.0,gdelt_gkg
AMZN,2025-03-01,SJL | Extorsionadores atacan bus de  La 57  lleno de pasajeros en San Juan de Lurigancho : cámaras captaron atentado | Sociedad,https://larepublica.pe/sociedad/2025/03/01/sjl-extorsionadores-atacan-bus-de-la-57-lleno-de-pasajeros-en-san-juan-de-lurigancho-camaras-captaron-atentado-92076,larepublica.pe,Spanish,0.0,gdelt_gkg
AMZN,2025-03-01,Blade Runner | MovieWeb,https://movieweb.com/movie/blade-runner/,movieweb.com,English,0.0,gdelt_gkg
AMZN,2025-03-01,Amazon And Perfect 10 Settle Lawsuit ; But Details Are Sealed,https://www.techdirt.com/2010/02/24/amazon-and-perfect-10-settle-lawsuit-but-details-are-sealed/,techdirt.com,English,0.0,gdelt_gkg
AMZN,2025-03-01,5 great Oscar - winning movies to watch on Tubi,https://www.digitaltrends.com/movies/oscar-winning-movies-stream-tubi/,digitaltrends.com,English,0.0,gdelt_gkg
AMZN,2025-03-01,"La líder dels Verds francesos , sobre Mazón i la DANA :  Si no tinguera res a retraure , sabríem on estava  ",https://www.eldiario.es/comunitat-valenciana/val/lider-dels-verds-francesos-mazon-i-dana-si-no-tinguera-res-retraure-s-sabriem-on-estava_1_12093734.html,eldiario.es,Catalan,0.0,gdelt_gkg
AMZN,2025-03-01,"צעד אחר צעד , ג  ף בזוס הופך את  הוושינגטון פוסט  לכלי שרת פרטי",https://www.calcalist.co.il/world_news/article/hyguzjzjke,calcalist.co.il,Hebrew,0.0,gdelt_gkg
AMZN,2025-03-01,Report : WashPo Bleeds 75 Thousand Subscribers After Owner Jeff Bezo Overhaul,https://www.breitbart.com/the-media/2025/03/01/report-washington-post-bleeds-75000-subscribers-owner-jeff-bezos-overhaul/,breitbart.com,English,0.0,gdelt_gkg
AMZN,2025-03-01,You can get Alexa+ early here how to sign up,https://www.tomsguide.com/ai/you-can-get-alexa-early-heres-how-to-sign-up,tomsguide.com,English,0.0,gdelt_gkg
AMZN,2025-03-01,四海漂泊 ， 家在心中 - 博客,https://blog.wenxuecity.com/myblog/82533/202503/341.html,blog.wenxuecity.com,Chinese,0.0,gdelt_gkg
AMZN,2025-03-01,  재택근무 이제 그만 … 코로나 이전으로 돌아가는 주5일 출근,https://www.radioseoul1650.com/archives/75556,radioseoul1650.com,Korean,0.0,gdelt_gkg
AMZN,2025-03-01,Red Cross offering A1C tresting,https://www.standard-journal.com/news/local/article_1d4f5e78-f5d5-11ef-a572-e7e5d975edee.html,standard-journal.com,English,0.0,gdelt_gkg
AMZN,2025-03-01,"Move over , M ! Amazon wants to put Barbie producers in charge of the Bond series",https://www.dailymail.co.uk/tvshowbiz/article-14451231/Move-M-Amazon-wants-Barbies-producers-charge-Bond-series.html,dailymail.co.uk,English,0.0,gdelt_gkg
AMZN,2025-03-01,Valuable Tools To Look For At Garage Sales In 2025 ( That Are Not Rare ) ,https://www.slashgear.com/1792044/valuable-tools-to-look-for-buy-at-garage-sales-not-rare/,slashgear.com,English,0.0,gdelt_gkg
AMZN,2025-03-01,Every Major Smart TV OS Ranked Worst To Best ( Based On Features ) ,https://www.slashgear.com/1800524/major-smart-tv-os-ranked-worst-best/,slashgear.com,English,0.0,gdelt_gkg
AMZN,2025-03-01,  Open Rebellion : Washington Post Staff Meltdown Against Bezos,https://newsbusters.org/blogs/nb/jeffrey-lord/2025/03/01/open-rebellion-washington-post-staff-meltdown-against-bezos,newsbusters.org,English,0.0,gdelt_gkg
AMZN,2025-03-01,"When Does  1923  Season 2 , Episode 2 Come Out ? Channel , Time , Release Date , Where To Watch",https://decider.com/2025/03/01/1923-season-2-episode-2-release-date-where-to-watch-yellowstone-prequel-1923-season-2/,decider.com,English,0.0,gdelt_gkg
AMZN,2025-03-01,"2025 Best Picture Nominees , Ranked by Rotten Tomatoes Score",https://www.thewrap.com/oscars-2025-best-picture-nominees-ranked-rotten-tomatoes-score/,thewrap.com,English,0.0,gdelt_gkg
AMZN,2025-03-01,6 Alternative Uses For The Sewing Awl On Your Swiss Army Knife,https://www.slashgear.com/1800483/swiss-army-knife-sewing-awl-uses/,slashgear.com,English,0.0,gdelt_gkg
AMZN,2025-03-01,"leo é registrado no rio Tapajós em Alter do Chão , e órgãos municipais iniciam investigao",https://g1.globo.com/pa/santarem-regiao/noticia/2025/03/01/oleo-e-registrado-no-rio-tapajos-em-alter-do-chao-e-orgaos-municipais-iniciam-fiscalizacao.ghtml,g1.globo.com,Portuguese,0.0,gdelt_gkg
AMZN,2025-03-01,Aidesep | Rechazan autógrafa de ley que afecta la educación bilingüe en comunidades nativas del Perú | hnews | Sociedad,https://larepublica.pe:443/sociedad/2025/03/01/aidesep-rechazan-autografa-de-ley-que-afecta-la-educacion-bilingue-en-comunidades-nativas-del-peru-hnews-89640,larepublica.pe,Spanish,0.0,gdelt_gkg
AMZN,2025-03-01,Channing Tatum confirms relationship with model Inka Williams,https://www.nydailynews.com/2025/03/01/channing-tatum-confirms-model-inka-williams-relationship/,nydailynews.com,English,0.0,gdelt_gkg
AMZN,2025-03-01,Censo 2025 : 40 mil personas se movilizarán para conocer el nuevo rostro del Perú | hnews | Sociedad,https://larepublica.pe/sociedad/2025/03/01/censo-2025-40-mil-personas-se-movilizaran-para-conocer-el-nuevo-rostro-del-peru-hnews-24754,larepublica.pe,Spanish,0.0,gdelt_gkg
AMZN,2025-03-01,Aidesep | Rechazan autógrafa de ley que afecta la educación bilingüe en comunidades nativas del Perú | hnews | Sociedad,https://larepublica.pe/sociedad/2025/03/01/aidesep-rechazan-autografa-de-ley-que-afecta-la-educacion-bilingue-en-comunidades-nativas-del-peru-hnews-89640,larepublica.pe,Spanish,0.0,gdelt_gkg
AMZN,2025-03-01,Calendario completo de Días Festivos en Colombia 2025 : ¡ Planifica tus vacaciones ! ,https://www.elcolombiano.com/inicio/dias-festivos-en-colombia-2025-CI25873089,elcolombiano.com,Spanish,0.0,gdelt_gkg
AMZN,2025-03-01,"IA : que vaut Alexa + , le nouvel assistant vocal dAmazon ? ",https://rmc.bfmtv.com/actualites/tech/ia-que-vaut-alexa-le-nouvel-assistant-vocal-d-amazon_AV-202503010039.html,rmc.bfmtv.com,French,0.0,gdelt_gkg
AMZN,2025-03-01,"March 1st , 2025",https://www.komando.com/episode/march-1st-2025/,komando.com,English,0.0,gdelt_gkg
AMZN,2025-03-01,Censo 2025 : 40 mil personas se movilizarán para conocer el nuevo rostro del Perú | hnews | Sociedad,https://larepublica.pe:443/sociedad/2025/03/01/censo-2025-40-mil-personas-se-movilizaran-para-conocer-el-nuevo-rostro-del-peru-hnews-24754,larepublica.pe,Spanish,0.0,gdelt_gkg
AMZN,2025-03-01,La alegría carnavalera en Quito se encendió con música y coreografías,https://www.eluniverso.com/noticias/economia/quito-desfiles-carnaval-2025-nota/,eluniverso.com,Spanish,0.0,gdelt_gkg
AMZN,2025-03-01,Activists in South Carolina join nationwide economic blackout to protest DEI program cuts,https://wpde.com/newsletter-daily/activists-in-south-carolina-join-nationwide-economic-blackout-to-protest-dei-program-cuts,wpde.com,English,0.0,gdelt_gkg
AMZN,2025-03-01,"Indore : Hotel Manager Loses ₹50 , 000 After Clicking On Fake E - Challan APK Link ; Probe Underway",https://www.freepressjournal.in/indore/indore-hotel-manager-loses-50000-after-clicking-on-fake-e-challan-apk-link-probe-underway,freepressjournal.in,English,0.0,gdelt_gkg
AMZN,2025-03-01,Colombina impulsa en Estados Unidos su ají Amazon | Empresas | Negocios,https://www.portafolio.co/negocios/empresas/colombina-impulsa-en-estados-unidos-su-aji-amazon-624940,portafolio.co,Spanish,0.0,gdelt_gkg
AMZN,2025-03-01,10 Fun Home Gadgets Under $50 In 2025,https://www.slashgear.com/1796008/fun-home-gadgets-under-50-dollars-2025/,slashgear.com,English,0.0,gdelt_gkg
AMZN,2025-03-01,COLUNA SEMANAL : ,https://www.rondoniaovivo.com/noticia/geral/2025/03/01/coluna-semanal-servidores-da-sedam-estao-atuando-ilegalmente-e-pondo-vidas-em-riscodiz-crea.html,rondoniaovivo.com,Portuguese,0.0,gdelt_gkg
AMZN,2025-03-01,Daily Dot Newsletter : Exposing cheaters with a sneaky hack,https://www.dailydot.com/newsletters/daily-dot-newsletter-web-crawlr-03-01-2025/,dailydot.com,English,0.0,gdelt_gkg
AMZN,2025-03-01,Magic the Gathering x Spider - Man First Look Shows Off New Cards,https://comicbook.com/gaming/news/magic-the-gathering-spider-man-cards-preorders/,comicbook.com,English,0.0,gdelt_gkg
AMZN,2025-03-01,Datacolor LightColor Meter brings Bluetooth precision to photographers and filmmakers,https://betanews.com/2025/03/01/datacolor-lightcolor-meter-bluetooth-color-measurement/,betanews.com,English,0.0,gdelt_gkg
AMZN,2025-03-01,The $100 Trillion Disruption : The Unforeseen Economic Earthquake,https://wildfirelabs.substack.com/p/the-100-trillion-disruption-the-unforeseen,wildfirelabs.substack.com,English,0.0,gdelt_gkg
AMZN,2025-03-01,DEI Efforts Under Attack - San Francisco Bay Times,https://sfbaytimes.com/dei-efforts-under-attack/,sfbaytimes.com,English,0.0,gdelt_gkg
AMZN,2025-03-01,Las nueve provincias de CyL estarán representadas en ARCO | Noticias Diario de Ávila,https://www.diariodeavila.es/noticia/z39c8057b-c748-7157-3cf7a91c9a01648e/202503/las-nueve-provincias-de-cyl-estaran-representadas-en-arco,diariodeavila.es,Spanish,0.0,gdelt_gkg
AMZN,2025-03-01,Retail Roundup : Consumer and Food Retailers Pressured by Walmart 2025 Outlook,https://www.theepochtimes.com/business/weekly-retail-roundup-consumer-and-food-retailers-pressured-by-walmarts-2025-outlook-5818241,theepochtimes.com,English,0.0,gdelt_gkg
AMZN,2025-03-01,"Index - Mindeközben - Kiderült , miért nem Christopher Nolan rendezhette meg az utolsó James Bond - filmet",https://index.hu/mindekozben/poszt/2025/03/01/nolan-james-bond-film-rendezes-lemaradt/,index.hu,Hungarian,0.0,gdelt_gkg
AMZN,2025-03-01,How to watch and stream Davis vs Roach Jnr boxing PPV,https://www.techradar.com/streaming/entertainment/watch-davis-vs-roach-live-stream-boxing-ppv-2025,techradar.com,English,0.0,gdelt_gkg
AMZN,2025-03-01,"Tiempo de Carnaval : Sudamérica celebra sus fiestas con tradición , color y alegría",https://www.telesurtv.net/tiempo-de-carnaval-sudamerica-celebra-sus-fiestas-con-tradicion-color-y-alegria/,telesurtv.net,Spanish,0.0,gdelt_gkg
AMZN,2025-03-01,Ashley HomeStore Canada Super Sleep Weekend : Save up to 40 % on Mattresses + More,https://smartcanucks.ca/ashley-homestore-canada-super-sleep-weekend-save-up-to-40-on-mattresses-more/,smartcanucks.ca,English,0.0,gdelt_gkg
AMZN,2025-03-01,ProtoArc EC100 ergonomic chair review,https://www.techradar.com/pro/protoarc-ec100-ergonomic-chair-review,techradar.com,English,0.0,gdelt_gkg
AMZN,2025-03-01,This  quite slimming  and loose button - down is on sale for just $17,https://balticbusinessnews.com/this-quite-slimming-and-loose-button-down-is-on-sale-for-just-17/,balticbusinessnews.com,English,0.0,gdelt_gkg
AMZN,2025-03-01,Best Buy Canada : Ultimate Appliance Sale up to 35 % off + Top Deals,https://smartcanucks.ca/best-buy-canada-ultimate-appliance-sale-up-to-35-off-top-deals/,smartcanucks.ca,English,0.0,gdelt_gkg
AMZN,2025-03-01,MT inicia 2025 líder no ranking de desmatamento na Amazônia,https://www.diariodecuiaba.com.br/ambiente/mt-inicia-2025-lider-no-ranking-de-desmatamento-na-amazonia/703047,diariodecuiaba.com.br,Portuguese,0.0,gdelt_gkg
AMZN,2025-03-01,Opinion : Why DEI is worth fighting for,http://www.milfordmirror.com/opinion/article/dei-breunig-ct-trump-20196165.php,milfordmirror.com,English,0.0,gdelt_gkg
AMZN,2025-03-01,Opinion : Why DEI is worth fighting for,http://www.theridgefieldpress.com/opinion/article/dei-breunig-ct-trump-20196165.php,theridgefieldpress.com,English,0.0,gdelt_gkg
AMZN,2025-03-01,Sabrina Sato homenageia Paolla Oliveira em despedida do Carnaval,https://gente.ig.com.br/carnaval/2025-03-01/sabrina-sato-homenageia-paolla-oliveira-em-despedida-do-carnaval.html,gente.ig.com.br,Portuguese,0.0,gdelt_gkg
AMZN,2025-03-01,Picachos Lake ! ,https://www.bassresource.com/bass-fishing-forums/topic/264852-picachos-lake/,bassresource.com,English,0.0,gdelt_gkg
AMZN,2025-03-01,Ônibus fica ilhado e passageiros precisam ser resgatados após maré alta,https://dol.com.br/noticias/para/896593/onibus-fica-ilhado-e-passageiros-precisam-ser-resgatados-apos-mare-alta,dol.com.br,Portuguese,0.0,gdelt_gkg
AMZN,2025-03-01,Why Sean Connery Cameo In A Daniel Craig James Bond Movie Was Canceled,https://www.slashfilm.com/1796865/why-sean-connery-daniel-craig-james-bond-skyfall-cameo-canceled/,slashfilm.com,English,0.0,gdelt_gkg
AMZN,2025-03-01,COLUMN : Movie Review - Paddington in Peru,https://www.jacksonvilleprogress.com/opinion/columns/column-movie-review---paddington-in-peru/article_aaf92fc2-f5e6-11ef-874b-377aec7623ec.html,jacksonvilleprogress.com,English,0.0,gdelt_gkg
AMZN,2025-03-01,13 Canned Meats To Always Stock Up On,https://www.thedailymeal.com/1796493/best-canned-meats-stock-up-on/,thedailymeal.com,English,0.0,gdelt_gkg
AMZN,2025-03-01,Tom Holland Now Has A Challenger At The 2026 Box Office,https://screenrant.com/tom-holland-box-office-challenger-2026-zendaya-explainer/,screenrant.com,English,0.0,gdelt_gkg
AMZN,2025-03-01,5 Ways to Save Money on TV Streaming Services,https://www.desiblitz.com/content/5-ways-to-save-money-on-tv-streaming-services,desiblitz.com,English,0.0,gdelt_gkg
AMZN,2025-03-01,Trombone Shorty - Lifted,https://www.swapacd.com/Trombone-Shorty-Lifted/cd/13397994/,swapacd.com,English,0.0,gdelt_gkg
AMZN,2025-03-01,Dwayne  The Rock  Johnson and John Cena Rank In Highest - Paid Actors of 2024,https://www.wrestlingnewssource.com/news/92099/Dwayne-The-Rock-Johnson-and-John-Cena-Rank-In/,wrestlingnewssource.com,English,0.0,gdelt_gkg
AMZN,2025-03-01,David Johansen death : New York Dolls frontman dies aged 75 after revealing stage 4 cancer diagnosis,https://www.independent.co.uk/arts-entertainment/music/news/david-johansen-buster-poindexter-dead-cancer-b2707245.html,independent.co.uk,English,0.0,gdelt_gkg
AMZN,2025-03-01,Elon Musk has lost more money in just 2 months than Mukesh Ambani entire lifetime earnings of Rs .... ,https://www.india.com/business/elon-musk-has-lost-more-money-in-just-2-months-than-mukesh-ambanis-entire-lifetime-earnings-of-rs-reliance-industries-wall-street-tesla-amazon-jeff-bezos-mark-zuckerberg-7648740/,india.com,English,0.0,gdelt_gkg
AMZN,2025-03-01,Carnival 2025 kicks off in Merida with an important environmental commitment,https://www.theyucatantimes.com/2025/03/carnival-2025-kicks-off-in-merida-with-an-important-environmental-commitment/,theyucatantimes.com,English,0.0,gdelt_gkg
AMZN,2025-03-01,La NASA revela el único país de Sudamérica que sería inhabitable en 2050,https://larepublica.pe:443/ciencia/2025/03/01/la-nasa-revela-el-unico-pais-de-sudamerica-que-seria-inhabitable-en-2050-por-temperaturas-letales-y-colapso-climatico-72074,larepublica.pe,Spanish,0.0,gdelt_gkg
AMZN,2025-03-01,Brexit is Good | dagblog,http://dagblog.com/brexit-good-20812,dagblog.com,English,0.0,gdelt_gkg
AMZN,2025-03-01,Gael García Bernal on Ettore Scola  We All Loved Each Other So Much  ,https://www.kcrw.com/culture/shows/the-treatment/melanie-lynskey-ken-leung-gael-garcia-bernal/gael-garcia-bernal-we-all-loved-each-other-so-much-ettore-scola,kcrw.com,English,0.0,gdelt_gkg
AMZN,2025-03-01,Progressive groups engage in economic blackout,https://www.eagletribune.com/news/merrimack_valley/progressive-groups-engage-in-economic-blackout/article_bf6e8366-f5ec-11ef-b617-e31882aa1be1.html,eagletribune.com,English,0.0,gdelt_gkg
AMZN,2025-03-01,La venganza del mono,https://www.ideal.es/sociedad/venganza-mono-20250302180534-ntrc.html,ideal.es,Spanish,0.0,gdelt_gkg
AMZN,2025-03-01,"ESPN Jay Bilas Shows Off Impressive Bill Raftery , Larry David Impressions",https://www.si.com/media/jay-bilas-interview-bill-raftery-larry-david,si.com,English,0.0,gdelt_gkg
AMZN,2025-03-01,"Abraham Verghese , physician and bestselling author , named Commencement speaker at Harvard",https://indianewengland.com/abraham-verghese-physician-and-bestselling-author-named-commencement-speaker-at-harvard/,indianewengland.com,English,0.0,gdelt_gkg
AMZN,2025-03-01,"Black spots , satellites and Elon : new technology could fill Australia mobile gaps – but can it be relied on ? | Australia news",https://www.theguardian.com/australia-news/2025/mar/02/universal-outdoor-mobile-obligation-coverage-satellite-technology-elon-musk-starlink,theguardian.com,English,0.0,gdelt_gkg
AMZN,2025-03-01,Magic : The Gathering Spider - Man Cards are Truly Spectacular,https://gizmodo.com/magic-the-gatherings-spider-man-cards-are-truly-spectacular-2000570510,gizmodo.com,English,0.0,gdelt_gkg
AMZN,2025-03-01,Houston rodeo parade : How to watch,https://www.kiiitv.com/article/entertainment/events/watch-houston-rodeo-paradew/285-fea56039-47f5-4b46-b5db-0980ca166649,kiiitv.com,English,0.0,gdelt_gkg
AMZN,2025-03-01,Owen Sound author partners with PWHL for new book out March 8 | Exeter Lakeshore Times Advance,https://www.lakeshoreadvance.com:443/news/local-news/owen-sound-author-partners-with-pwhl-new-book-out-march-8,lakeshoreadvance.com,English,0.0,gdelt_gkg
AMZN,2025-03-01,Activists in South Carolina join nationwide economic blackout to protest DEI program cuts,https://abcnews4.com/newsletter-daily/activists-in-south-carolina-join-nationwide-economic-blackout-to-protest-dei-program-cuts,abcnews4.com,English,0.0,gdelt_gkg
AMZN,2025-03-01,Las nueve provincias de CyL estarán representadas en ARCO | Noticias Diario de Burgos,https://www.diariodeburgos.es/noticia/z39c8057b-c748-7157-3cf7a91c9a01648e/202503/las-nueve-provincias-de-cyl-estaran-representadas-en-arco,diariodeburgos.es,Spanish,0.0,gdelt_gkg
AMZN,2025-03-01,  Frevo Michile : a trajetória eletrizante de um ícone do carnaval de Pernambuco,https://www.brasildefato.com.br/2025/03/01/frevo-michiles-a-trajetoria-eletrizante-de-um-icone-do-carnaval-de-pernambuco/,brasildefato.com.br,Portuguese,0.0,gdelt_gkg
AMZN,2025-03-01,29 Travel Products Thatll Help Your Overpacking Habit,https://www.buzzfeed.com/curtisteegardin/things-help-habit-overpack,buzzfeed.com,English,0.0,gdelt_gkg
AMZN,2025-03-01,Every LEGO Chess Set : A Full History of Releases,https://www.ign.com/articles/all-lego-chess-sets-in-order,ign.com,English,0.0,gdelt_gkg
AMZN,2025-03-01,Fortnite xCloud Playtime May Get Limited,https://gamerant.com/fortnite-xcloud-playtime-restrictions-limits/,gamerant.com,English,0.0,gdelt_gkg
AMZN,2025-03-01,"As Public Trust Continues to Swirl Down the Toilet , Stubborn Legacy Media Have Only Themselves to Blame",https://redstate.com/mike_miller/2025/03/01/as-public-trust-continues-to-swirl-down-the-toilet-stubborn-legacy-media-have-only-themselves-to-blame-n2186154,redstate.com,English,0.0,gdelt_gkg
AMZN,2025-03-01,"AI is changing our future , but we have the power to shape how",https://www.abc.net.au/news/2025-03-02/ai-and-our-technological-future/104305614,abc.net.au,English,0.0,gdelt_gkg
AMZN,2025-03-01,Owen Sound author partners with PWHL for new book out March 8,https://www.goderichsignalstar.com:443/news/local-news/owen-sound-author-partners-with-pwhl-new-book-out-march-8,goderichsignalstar.com,English,0.0,gdelt_gkg
AMZN,2025-03-01,Retro Roundup : 1970s hits outside the top 10 Part 13 : The Beach Boys,https://www.thesuburban.com/arts_and_entertainment/retro-roundup-1970s-hits-outside-the-top-10-part-13-the-beach-boys/article_3b5eafd2-f2be-11ef-bfc3-e7eda0b9a83b.html,thesuburban.com,English,0.0,gdelt_gkg
AMZN,2025-03-01,21 Products To Keep Your Pets From Ruining Your Stuff,https://www.buzzfeed.com/chelseastuart/products-to-keep-your-pets-from-ruining-stuff,buzzfeed.com,English,0.0,gdelt_gkg
AMZN,2025-03-01,Carnaval da Família 2025 : Escolha das rainhas trans e gay marcam a segunda noite de folia em Rio Branco,https://jornalfloripa.com.br/noticia/132919,jornalfloripa.com.br,Portuguese,0.0,gdelt_gkg
AMZN,2025-03-01,欧洲杯投注在哪里投 - 欧洲杯投注地址 - 欧洲杯投注官方网站,http://qcta.jose947.com/,qcta.jose947.com,Chinese,0.0,gdelt_gkg
AMZN,2025-03-01,De nombreux bons plans gratuits sont à saisir au plus vite sur Amazon,https://www.20minutes.fr/guide-achat/4141212-20250301-nombreux-bons-plans-gratuits-saisir-plus-vite-amazon,20minutes.fr,French,0.0,gdelt_gkg
AMZN,2025-03-01,Theatre company showcasing actors with disabilities stages  Fiddler on the Roof Jr . ,https://www.ajc.com/things-to-do/arts-culture/theatre-company-showcasing-actors-with-disabilities-stages-fiddler-on-the-roof-jr/JKZDEPEGY5E4PBGR4DBA2I7SHI/,ajc.com,English,0.0,gdelt_gkg
AMZN,2025-03-01,兩會前夕 「 小超人 」 公司拿到內地電信改革試點大禮包 共13家外企成為京滬深瓊四地增值電信服務商 歐洲成最大贏家,http://www.hkcd.com/hkcdweb/content/2025/03/02/content_8683038.html,hkcd.com,Chinese,0.0,gdelt_gkg
AMZN,2025-03-01,6 Mistakes To Avoid When Throwing A Yard Sale,https://www.southernliving.com/yard-sale-mistakes-to-avoid-11689023,southernliving.com,English,0.0,gdelt_gkg
AMZN,2025-03-01,"Mouse Archives - Matt Porter , The Gadget Man - AI , Technology News and Reviews",https://www.thegadgetman.org.uk/category/mouse/,thegadgetman.org.uk,English,0.0,gdelt_gkg
AMZN,2025-03-01,סשה טרופנוב :  אל תתנו לנקמה ולזעם להיות מעל הערך של חיי אדם  ,https://13tv.co.il/item/news/domestic/internal/cxk8l-904484315/?pid=7&&cid=902992383,13tv.co.il,Hebrew,0.0,gdelt_gkg
AMZN,2025-03-01,My home state is America best kept secret ... move over Silicon Valley weve created Silicon Prairie,https://www.dailymail.co.uk/real-estate/article-14439309/state-america-best-kept-secret-silicon-valley.html,dailymail.co.uk,English,0.0,gdelt_gkg
AMZN,2025-03-01,亚马逊推出新款量子计算芯片Ocelot,https://baijiahao.baidu.com/s?id=1825275909619692772,baijiahao.baidu.com,Chinese,0.0,gdelt_gkg
AMZN,2025-03-01,35 Products Youll Def Wanna Repurchase,https://www.buzzfeed.com/jordanagrigs/youll-definitely-wanna-repurchase-these-products,buzzfeed.com,English,0.0,gdelt_gkg
AMZN,2025-03-01,"Jeff Bezos takes one small step for feminism and social progress , and one giant leap for self - publicity | Sarah Manavis",https://www.theguardian.com/commentisfree/2025/mar/01/jeff-bezos-feminism-flight-space-amazon-blue-origin,theguardian.com,English,0.0,gdelt_gkg
AMZN,2025-03-01,Sergey Brin Says 60 Hours A Week Is The  Sweet Spot  For AI Success – TechStory,https://techstory.in/sergey-brin-says-60-hours-a-week-is-the-sweet-spot-for-ai-success/,techstory.in,English,0.0,gdelt_gkg
AMZN,2025-03-01,"Things to do in the Chattanooga area this week include Chattanooga River Market debut , comedian Jim Gaffigan",https://www.timesfreepress.com/news/2025/mar/01/things-to-do-in-the-chattanooga-area-this-week/,timesfreepress.com,English,0.0,gdelt_gkg
AMZN,2025-03-01,Maryland proposed delivery fee would hurt local businesses like mine,https://www.baltimoresun.com/2025/03/01/marylands-proposed-delivery-fee-would-hurt-local-businesses-like-mine-guest-commentary/,baltimoresun.com,English,0.0,gdelt_gkg
AMZN,2025-03-01,"Tamagotchi Enters its Biggest Year Yet , Announcing a National Tour , Spring Celebration Fan Event at American Dream , and New Products at New York Toy Fair ! ",https://www.prnewswire.com/news-releases/tamagotchi-enters-its-biggest-year-yet-announcing-a-national-tour-spring-celebration-fan-event-at-american-dream-and-new-products-at-new-york-toy-fair-302388268.html,prnewswire.com,English,0.0,gdelt_gkg
AMZN,2025-03-01,Dreame Technology World - First Cordless Robotic Pool Cleaner Now Available for Purchase,https://www.prnewswire.com/news-releases/dreame-technologys-world-first-cordless-robotic-pool-cleaner-now-available-for-purchase-302389207.html,prnewswire.com,English,0.0,gdelt_gkg
AMZN,2025-03-01,"Lena Estrada , nueva minAmbiente uitoto : voz fuerte y corazón dulce",https://www.lasillavacia.com/opinion/lena-estrada-nueva-minambiente-uitoto-voz-fuerte-y-corazon-dulce/,lasillavacia.com,Spanish,0.0,gdelt_gkg
AMZN,2025-03-01,Força Nacional será enviada para reforçar segurança em Terra Indígena no Amazonas,https://jornalfloripa.com.br/noticia/132914,jornalfloripa.com.br,Portuguese,0.0,gdelt_gkg
AMZN,2025-03-01,Los Angeles residents react to National Economic Blackout Day,https://kyma.com/decision-2024/california-politics/2025/03/01/los-angeles-residents-react-to-national-economic-blackout-day/,kyma.com,English,0.0,gdelt_gkg
AMZN,2025-03-01,Buscando oportunidades en medio de la crisis ambiental,https://www.lasillavacia.com/opinion/buscando-oportunidades-en-medio-de-la-crisis-ambiental/,lasillavacia.com,Spanish,0.0,gdelt_gkg
AMZN,2025-03-01,IT ALL FUN AND GAMES AT NEW YORK CITY TOY FAIR : RELATABLE UNVEILS WHAT NEXT FOR 2025,https://www.prnewswire.com/news-releases/its-all-fun-and-games-at-new-york-city-toy-fair-relatable-unveils-whats-next-for-2025-302388938.html,prnewswire.com,English,0.0,gdelt_gkg
AMZN,2025-03-01,Popular smart bed vendor had an AWS - related vulnerability that could allow hackers to execute an arbitrary code,https://www.techradar.com/pro/company-that-reportedly-supplied-doge-and-elon-musk-with-sleeping-solutions-found-to-have-huge-vulnerability-in-its-beds,techradar.com,English,0.0,gdelt_gkg
AMZN,2025-03-01,Best Generative ( GenAI ) Course 2025 For Product Managers & ,https://www.globenewswire.com/news-release/2025/03/01/3035118/0/en/Best-Generative-GenAI-Course-2025-For-Product-Managers-Software-Engineers-For-Top-AI-Jobs-At-Google-Facebook-Amazon-Apple.html,globenewswire.com,English,0.0,gdelt_gkg
AMZN,2025-03-01,Força Nacional será enviada para reforçar segurança em Terra Indígena no Amazonas,https://g1.globo.com/am/amazonas/noticia/2025/03/01/forca-nacional-sera-enviada-para-reforcar-seguranca-em-terra-indigena-no-amazonas.ghtml,g1.globo.com,Portuguese,0.0,gdelt_gkg
AMZN,2025-03-01,"Wolfbox Unveils New G900 Tripro Dash Cams With Superior , High - Clarity Night Vision",https://www.prnewswire.com/news-releases/wolfbox-unveils-new-g900-tripro-dash-cams-with-superior-high-clarity-night-vision-302389278.html,prnewswire.com,English,0.0,gdelt_gkg
AMZN,2025-03-01,Carnaval da Família 2025 : Escolha das rainhas trans e gay marcam a segunda noite de folia em Rio Branco,https://g1.globo.com/ac/acre/noticia/2025/03/01/carnaval-da-familia-2025-escolha-das-rainhas-trans-e-gay-marcam-a-segunda-noite-de-folia-em-rio-branco.ghtml,g1.globo.com,Portuguese,0.0,gdelt_gkg
AMZN,2025-03-01,"Colombia lidera las listas de turismo 2025 por su riqueza cultural y natural , ¿ cuáles son los destinos destacados ? ",https://www.laopinion.co/colombia/colombia-lidera-las-listas-de-turismo-2025-por-su-riqueza-cultural-y-natural-cuales-son,laopinion.co,Spanish,0.0,gdelt_gkg
AMZN,2025-03-01,Did the Economic Blackout Work ? Impact of the Boycott,https://hollywoodlife.com/2025/03/01/did-the-economic-blackout-work/,hollywoodlife.com,English,0.0,gdelt_gkg
AMZN,2025-03-01,Joven es asesinado a balazos frente a su novia tras ser perseguido por dos sujetos en motocicleta en San Juan de Lurigancho | Sociedad,https://larepublica.pe:443/sociedad/2025/03/01/joven-es-asesinado-a-balazos-frente-a-su-novia-tras-ser-perseguido-por-dos-sujetos-en-motocicleta-en-san-juan-de-lurigancho-31409,larepublica.pe,Spanish,0.0,gdelt_gkg
AMZN,2025-03-01,La venganza del mono | El Diario Montas,https://www.eldiariomontanes.es/sociedad/venganza-mono-20250302180534-ntrc.html,eldiariomontanes.es,Spanish,0.0,gdelt_gkg
AMZN,2025-03-01,Meio ambiente : GdA consegue R$ 15 milhões Fundo Brasil - ONU,https://oestadoacre.com/2025/03/01/meio-ambiente-gda-consegue-r-15-milhoes-fundo-brasil-onu/,oestadoacre.com,Portuguese,0.0,gdelt_gkg
AMZN,2025-03-01,জাতীয় পতাকা দিবস আজ,https://dailyinqilab.com/national/article/738020,dailyinqilab.com,Bengali,0.0,gdelt_gkg
AMZN,2025-03-01,Waltch the oscars at Missoula Public Library,https://missoulian.com/life-entertainment/local/article_5af9d854-f498-11ef-97fc-b3a69c713341.html,missoulian.com,English,0.0,gdelt_gkg
AMZN,2025-03-01,Las nueve provincias de CyL estarán representadas en ARCO | Noticias El Día de Valladolid,https://www.eldiadevalladolid.com/noticia/z39c8057b-c748-7157-3cf7a91c9a01648e/202503/las-nueve-provincias-de-cyl-estaran-representadas-en-arco,eldiadevalladolid.com,Spanish,0.0,gdelt_gkg
AMZN,2025-03-01,Inamhi alerta sobre lluvias intensas y tormentas eléctricas en Ecuador,https://ecuadorenvivo.com/blog/2025/03/01/inamhi-alerta-sobre-lluvias-intensas-y-tormentas-electricas-en-ecuador/,ecuadorenvivo.com,Spanish,0.0,gdelt_gkg
AMZN,2025-03-01,Kidscreen Awards 2025 : winners,https://tvtonight.com.au/2025/03/kidscreen-awards-2025-winners.html,tvtonight.com.au,English,0.0,gdelt_gkg
AMZN,2025-03-01,美股涨逾1 % 科技七巨头指数结束六连跌 – 华侨网,https://www.chinesepress.com/2025/03/01/%E7%BE%8E%E8%82%A1%E6%B6%A8%E9%80%BE1-%E7%A7%91%E6%8A%80%E4%B8%83%E5%B7%A8%E5%A4%B4%E6%8C%87%E6%95%B0%E7%BB%93%E6%9D%9F%E5%85%AD%E8%BF%9E%E8%B7%8C/,chinesepress.com,Chinese,0.0,gdelt_gkg
AMZN,2025-03-01,This impressive gimbal is a must - have for any serious content creator,https://www.pocket-lint.com/dji-osmo-mobile-7p-review/,pocket-lint.com,English,0.0,gdelt_gkg
AMZN,2025-03-01,AFI to Hold Black Stories Matter Event,https://www.tvgrapevine.com/2025/02/afi-to-hold-black-stories-matter-event/,tvgrapevine.com,English,0.0,gdelt_gkg
AMZN,2025-03-01,La agenda separatista que amenaza la existencia de Brasil : la Amazonía,https://panampost.com/roderick-navarro/2025/03/01/la-agenda-separatista-que-amenaza-la-existencia-de-brasil-la-amazonia/,panampost.com,Spanish,0.0,gdelt_gkg
AMZN,2025-03-01,Owen Sound author partners with PWHL for new book out March 8,https://www.thepost.on.ca:443/news/local-news/owen-sound-author-partners-with-pwhl-new-book-out-march-8,thepost.on.ca,English,0.0,gdelt_gkg
AMZN,2025-03-01,Rota oposta : amazonenses  fogem  da folia de Carnaval,https://www.acritica.com/geral/rota-oposta-amazonenses-fogem-da-folia-de-carnaval-1.365751,acritica.com,Portuguese,0.0,gdelt_gkg
AMZN,2025-03-01,The worst supermarkets for online grocery shopping substitutions revealed,https://news.sky.com/story/the-worst-supermarkets-for-online-grocery-shopping-substitutions-revealed-13319194,news.sky.com,English,0.0,gdelt_gkg
AMZN,2025-03-01,Perù salvataggio di un bambino caduto in un pozzo profondo,https://www.zazoom.it/2025-03-01/peru-salvataggio-di-un-bambino-caduto-in-un-pozzo-profondo/16483946/,zazoom.it,Italian,0.0,gdelt_gkg
AMZN,2025-03-01,Texas : Millions Of Swings Recalled After Five Infant Deaths,https://lonestar995fm.com/ixp/157/p/baby-swing-recall-after-deaths/,lonestar995fm.com,English,0.0,gdelt_gkg
AMZN,2025-03-01,Govee Star Light Projector Review,https://www.space.com/stargazing/astronomy-kit/govee-star-light-projector-review,space.com,English,0.0,gdelt_gkg
AMZN,2025-03-01,"THE LEGO GROUP SHOWCASES ITS LARGEST PORTFOLIO YET AT TOY FAIR® 2025 , LED BY NEVER - BEFORE - SEEN SETS FROM NEW BBC STUDIO BLUEY™ PARTNERSHIP",https://bubblear.com/the-lego-group-showcases-its-largest-portfolio-yet-at-toy-fair-2025-led-by-never-before-seen-sets-from-new-bbc-studios-bluey-partnership/20695/,bubblear.com,English,0.0,gdelt_gkg
AMZN,2025-03-01,La venganza del mono | Diario Sur,https://www.diariosur.es/sociedad/venganza-mono-20250302180534-ntrc.html,diariosur.es,Spanish,0.0,gdelt_gkg
AMZN,2025-03-01,New Prime Video Series Described As Religious Game Of Thrones Debuts With Moderate Rotten Tomatoes Score,https://screenrant.com/house-of-david-show-rotten-tomatoes-score/,screenrant.com,English,0.0,gdelt_gkg
AMZN,2025-03-01,Owen Sound author partners with PWHL for new book out March 8,https://www.kincardinenews.com:443/news/local-news/owen-sound-author-partners-with-pwhl-new-book-out-march-8,kincardinenews.com,English,0.0,gdelt_gkg
AMZN,2025-03-01,MAGNA - TILES® Continues Industry - Leading Innovation with Reveal of New Rail Racers at Toy Fair New York,https://bubblear.com/magna-tiles-continues-industry-leading-innovation-with-reveal-of-new-rail-racers-at-toy-fair-new-york/20691/,bubblear.com,English,0.0,gdelt_gkg
AMZN,2025-03-01,Daredevil : Born Again Adds Matthew Lillard to Its Season 2 Cast,https://gizmodo.com/daredevil-born-again-adds-matthew-lillard-to-its-season-2-cast-2000570396,gizmodo.com,English,0.0,gdelt_gkg
AMZN,2025-03-01,Teamster drivers go out on strike against 10 Roads Express bosses – The Militant,https://themilitant.com/2025/03/01/teamster-drivers-go-out-on-strike-against-10-roads-express-bosses/,themilitant.com,English,0.0,gdelt_gkg
AMZN,2025-03-01,  Herdeira do carnaval : a mulher que comanda o maior bloco de carnaval da Amazônia | Rondônia,https://g1.globo.com/ro/rondonia/noticia/2025/03/01/herdeira-do-carnaval-a-mulher-que-comanda-o-maior-bloco-de-carnaval-da-amazonia.ghtml,g1.globo.com,Portuguese,0.0,gdelt_gkg
AMZN,2025-03-01,"Wolfbox Unveils New G900 Tripro Dash Cams With Superior , High - Clarity Night Vision",https://www.thailand-business-news.com/pr-news/wolfbox-unveils-new-g900-tripro-dash-cams-with-superior-high-clarity-night-vision,thailand-business-news.com,English,0.0,gdelt_gkg
AMZN,2025-03-01,"Atriz , apresentadora e ex - BBBs : quem são as novas musas do Carnaval 2025",https://www.meionews.com/curiosidades/atriz-apresentadora-e-ex-bbbs-quem-sao-as-novas-musas-do-carnaval-2025-523012,meionews.com,Portuguese,0.0,gdelt_gkg
AMZN,2025-03-01,"AI fake plant images are bilking gardeners - InForum | Fargo , Moorhead and West Fargo news , weather and sports",https://www.inforum.com/lifestyle/ais-fake-plant-images-are-bilking-gardeners,inforum.com,English,0.0,gdelt_gkg
AMZN,2025-03-01,"What happened in Charlotte during the 24 - hour  economic blackout  on Target , retailers ? ",https://www.yahoo.com/news/happened-charlotte-during-24-hour-100000488.html,yahoo.com,English,0.0,gdelt_gkg
AMZN,2025-03-01,Qual o valor mínimo para se comprar um vinho de qu ... ,https://veja.abril.com.br/coluna/al-vino/qual-o-valor-minimo-para-se-comprar-um-vinho-de-qualidade-em-portugal/,veja.abril.com.br,Portuguese,0.0,gdelt_gkg
AMZN,2025-03-01,🎓Watch  Battle of the Brain replay : Nansemond - Suffolk vs . Douglas Freeman,https://www.wtvr.com/on-air/battle-of-the-brains/nansemond-suffolk-vs-douglas-freeman-march-1-2025,wtvr.com,English,0.0,gdelt_gkg
AMZN,2025-03-01,ExtraHop centers network performance monitoring in the hybrid era,https://siliconangle.com/2025/02/28/extrahop-network-performance-monitoring-hybrid-era-cubedawards25/,siliconangle.com,English,0.0,gdelt_gkg
AMZN,2025-03-01,"Letters , March 1 : Liberal leadership debates full of fluff",https://edmontonsun.com/opinion/letters-march-1-liberal-leadership-debates-full-of-fluff,edmontonsun.com,English,0.0,gdelt_gkg
AMZN,2025-03-01,消費者抗議企業貪婪 發起全國性禁購行動,https://www.singtaousa.com/2025-03-01/%E6%B6%88%E8%B2%BB%E8%80%85%E6%8A%97%E8%AD%B0%E4%BC%81%E6%A5%AD%E8%B2%AA%E5%A9%AA%E7%99%BC%E8%B5%B7%E5%85%A8%E5%9C%8B%E6%80%A7%E7%A6%81%E8%B3%BC%E8%A1%8C%E5%8B%95/5161188,singtaousa.com,Chinese,0.0,gdelt_gkg
AMZN,2025-03-01,"Goodbye Kitty . Lorain woman publishes book with over 7 , 000 quirky cat names",https://www.morningjournal.com/2025/03/01/goodbye-kitty-lorain-woman-publishes-book-with-over-7000-quirky-cat-names/,morningjournal.com,English,0.0,gdelt_gkg
AMZN,2025-03-01,"Salidas en catamarán , entre canales y vegetación frondosa , para internarse en otro mundo",https://www.lanacion.com.ar/salud/salidas-en-catamaran-entre-canales-y-vegetacion-frondosa-para-internarse-en-otro-mundo-nid01032025/,lanacion.com.ar,Spanish,0.0,gdelt_gkg
AMZN,2025-03-01,Cheap natural supplement compared to popular weight loss drugs . Does it match the hype ? ,https://www.pennlive.com/news/2025/03/cheap-natural-supplement-compared-to-popular-weight-loss-drugs-does-it-match-the-hype.html,pennlive.com,English,0.0,gdelt_gkg
AMZN,2025-03-01,Owen Sound author partners with PWHL for new book out March 8,https://www.mitchelladvocate.com:443/news/local-news/owen-sound-author-partners-with-pwhl-new-book-out-march-8,mitchelladvocate.com,English,0.0,gdelt_gkg
AMZN,2025-03-01,Cette élégante montre Seiko à moins de 300 euros est à découvrir sur Amazon,https://www.bfmtv.com/pratique/mode/cette-elegante-montre-seiko-a-moins-de-300-euros-est-a-decouvrir-sur-amazon_AB-202503010016.html,bfmtv.com,French,0.0,gdelt_gkg
AMZN,2025-03-01,Amazon Prime cant stop watching series taking sci - fi to  entirely different lev,https://metro.co.uk/2025/03/01/amazon-prime-cant-stop-watching-series-taking-sci-fi-entirely-different-level-22649673/,metro.co.uk,English,0.0,gdelt_gkg
AMZN,2025-03-01,Trasa compensa su huella de carbono con proyectos de energía eólica y conservación,https://ebizlatam.com/trasa-compensa-su-huella-de-carbono-con-proyectos-de-energia-eolica-y-conservacion/,ebizlatam.com,Spanish,0.0,gdelt_gkg
AMZN,2025-03-01,The White Lotus Season 3 : Aimee Lou Wood Opens Up About Why Filming HBO Series Felt Like a  Social Experiment ; Says  It Was So Extreme  ,https://www.pinkvilla.com/entertainment/hollywood/the-white-lotus-season-3-aimee-lou-wood-opens-up-about-why-filming-hbo-series-felt-like-a-social-experiment-says-it-was-so-extreme-1375279,pinkvilla.com,English,0.0,gdelt_gkg
AMZN,2025-03-01,Amazon sattaque à linformatique quantique avec Ocelot,https://www.begeek.fr/amazon-sattaque-a-linformatique-quantique-avec-ocelot-411965,begeek.fr,French,0.0,gdelt_gkg
AMZN,2025-03-01,Giammarco Sicuro inaugura le Piazze del sapere di marzo,https://www.arezzonotizie.it/eventi/cultura/giammarco-sicuro-piazze-sapere-marzo.html,arezzonotizie.it,Italian,0.0,gdelt_gkg
AMZN,2025-03-01,La venganza del mono | Canarias7,https://www.canarias7.es/sociedad/venganza-mono-20250302180534-ntrc.html,canarias7.es,Spanish,0.0,gdelt_gkg
AMZN,2025-03-01,Economic blackout : Will a 24 - hour boycott make a difference ? ,https://www.deccanchronicle.com/business/economic-blackout-will-a-24-hour-boycott-make-a-difference-1864249,deccanchronicle.com,English,0.0,gdelt_gkg
AMZN,2025-03-01,Jake and Spike : Amazon new AI - powered Alexa cuts both ways,https://mynorthwest.com/kiro-opinion/jake-and-spike-alexa-ai/4054735,mynorthwest.com,English,0.0,gdelt_gkg
AMZN,2025-03-01,Searching for fish dishes for Lent ? 3 Omaha chefs can help,https://omaha.com/life-entertainment/local/food-drink/article_8332cbb0-f555-11ef-9dc9-07777f3b842f.html,omaha.com,English,0.0,gdelt_gkg
AMZN,2025-03-01,TV fans  absolutely hooked  on award - winning BBC drama,https://www.dailymail.co.uk/tv/article-14442089/TV-fans-hooked-BBC-drama-twisted-ending.html,dailymail.co.uk,English,0.0,gdelt_gkg
AMZN,2025-03-01,"Everybody Has a Story : Poland visit testament to history , family ties",https://www.columbian.com/news/2025/mar/01/everybody-has-a-story-poland-visit-testament-to-history-family-ties/,columbian.com,English,0.0,gdelt_gkg
AMZN,2025-03-01,Vistra AI shares are fading as investors await a data center deal,https://www.cnbc.com/2025/03/01/vistra-ai-shares-are-fading-as-investors-await-a-data-center-deal.html,cnbc.com,English,0.0,gdelt_gkg
AMZN,2025-03-01,"AI fake plant images are bilking gardeners - InForum | Fargo , Moorhead and West Fargo news , weather and sports",https://www.pineandlakes.com/lifestyle/ais-fake-plant-images-are-bilking-gardeners,pineandlakes.com,English,0.0,gdelt_gkg
AMZN,2025-03-01,What is Alexa+ and How it Powered by AI ? ,https://www.desiblitz.com/content/what-is-alexa-and-hows-it-powered-by-ai,desiblitz.com,English,0.0,gdelt_gkg
AMZN,2025-03-01,Alexa Plus arrives with promise but plenty of questions,https://www.theverge.com/amazon-alexa/622172/amazon-alexa-plus-panos-panay-interview,theverge.com,English,0.0,gdelt_gkg
AMZN,2025-03-01,"  ZFM essencial para economia e meio ambiente , afirma George Lins",https://emtempo.com.br/378286/politica/zfm-essencial-para-economia-e-meio-ambiente-afirma-george-lins/,emtempo.com.br,Portuguese,0.0,gdelt_gkg
AMZN,2025-03-01,Fired federal workers hunt for new jobs but struggle to replace their old ones,https://www.sent-trib.com/2025/02/24/fired-federal-workers-hunt-for-new-jobs-but-struggle-to-replace-their-old-ones/,sent-trib.com,English,0.0,gdelt_gkg
AMZN,2025-03-01,Fox News AI Newsletter : Brand new Alexa,https://www.foxnews.com/tech/fox-news-ai-newsletter-brand-new-alexa,foxnews.com,English,0.0,gdelt_gkg
AMZN,2025-03-01,Em 38 minutos Juiz liberou quase R$ 150 mi da Eletrobras,https://emtempo.com.br/378265/amazonas/em-38-minutos-juiz-liberou-quase-r-150-mi-da-eletrobras/,emtempo.com.br,Portuguese,0.0,gdelt_gkg
AMZN,2025-03-01,Bezo changes at  Washington Post  lead to mass subscription cancellations again,https://www.ideastream.org/2025-02-28/bezos-changes-at-washington-post-lead-to-mass-subscription-cancellations-again,ideastream.org,English,0.0,gdelt_gkg
AMZN,2025-03-01,Zelensky Clash with Trump Draws Pride and Fear in Ukraine,https://time.com/7263232/kyiv-pride-fear-after-zelensky-confronts-trump/,time.com,English,0.0,gdelt_gkg
AMZN,2025-03-01,Dreame Technology World - First Cordless Robotic Pool Cleaner Now Available for Purchase,https://www.wvnews.com/statejournal/news/around_the_web/partners/pr_newswire/subject/new_products_services/dreame-technologys-world-first-cordless-robotic-pool-cleaner-now-available-for-purchase/article_6a491024-b224-505e-9eff-447273ad9e61.html,wvnews.com,English,0.0,gdelt_gkg
AMZN,2025-03-01,"AI fake plant images are bilking gardeners - InForum | Fargo , Moorhead and West Fargo news , weather and sports",https://www.wctrib.com/lifestyle/ais-fake-plant-images-are-bilking-gardeners,wctrib.com,English,0.0,gdelt_gkg
AMZN,2025-03-01,"Diana Taurasi retirement signals end of era in WNBA , but fresh stars are ready to step up",https://chicago.suntimes.com/chicago-sky-and-wnba/2025/03/01/diana-taurasis-retirement-signals-end-of-era-in-wnba-but-fresh-stars-are-ready-to-step-up,chicago.suntimes.com,English,0.0,gdelt_gkg
AMZN,2025-03-01,"Quem é Mikey Madison , indicada ao Oscar por  Anora  e concorrente de Fernanda Torres",https://www.estadao.com.br/cultura/cinema/quem-e-mikey-madison-indicada-ao-oscar-por-anora-e-concorrente-de-fernanda-torres-nprec/,estadao.com.br,Portuguese,0.0,gdelt_gkg
AMZN,2025-03-01,Projeto de Lei quer proibir venda de remédios em supermercados de Manaus,https://emtempo.com.br/378208/amazonas/projeto-de-lei-quer-proibir-venda-de-remedios-em-supermercados-de-manaus/,emtempo.com.br,Portuguese,0.0,gdelt_gkg
AMZN,2025-03-01,14 Mistakes Everyone Makes With Royal Icing,https://www.thedailymeal.com/1791802/royal-icing-mistakes/,thedailymeal.com,English,0.0,gdelt_gkg
AMZN,2025-03-01,国产平板集结 ， 为何仍难敌苹果iPad全球霸主地位 ？- 数字家电 - ITBear科技资讯,http://www.itbear.com.cn/html/2025-03/734942.html,itbear.com.cn,Chinese,0.0,gdelt_gkg
AMZN,2025-03-01,  It was serendipity : Missing Camas cat appears in Washougal months later,https://www.columbian.com/news/2025/mar/01/it-was-serendipity-missing-camas-cat-appears-in-washougal-months-later/,columbian.com,English,0.0,gdelt_gkg
AMZN,2025-03-01,"AI fake plant images are bilking gardeners - InForum | Fargo , Moorhead and West Fargo news , weather and sports",https://www.wadenapj.com/lifestyle/ais-fake-plant-images-are-bilking-gardeners,wadenapj.com,English,0.0,gdelt_gkg
AMZN,2025-03-01,Amazon Fires Warehouse Worker Who Led Union Push,https://silverbirdtv.com/amazon-fires-warehouse-worker-who-led-union-push/,silverbirdtv.com,English,0.0,gdelt_gkg
AMZN,2025-03-01,UK shoppers reveal their most unhinged supermarket substitutions,https://metro.co.uk/2025/03/01/uk-shoppers-reveal-unhinged-supermarket-substitutions-22649552/,metro.co.uk,English,0.0,gdelt_gkg
AMZN,2025-03-01,Zpěvačka Katy Perry poletí do vesmíru ! Bude součástí posádky v rámci mise Blue Origin,https://smartmania.cz/zpevacka-katy-perry-poleti-do-vesmiru-bude-soucasti-posadky-v-ramci-mise-blue-origin/,smartmania.cz,Czech,0.0,gdelt_gkg
AMZN,2025-03-01,"AI fake plant images are bilking gardeners - InForum | Fargo , Moorhead and West Fargo news , weather and sports",https://www.parkrapidsenterprise.com/lifestyle/ais-fake-plant-images-are-bilking-gardeners,parkrapidsenterprise.com,English,0.0,gdelt_gkg
AMZN,2025-03-01,"AI fake plant images are bilking gardeners - InForum | Fargo , Moorhead and West Fargo news , weather and sports",https://www.grandforksherald.com/lifestyle/ais-fake-plant-images-are-bilking-gardeners,grandforksherald.com,English,0.0,gdelt_gkg
AMZN,2025-03-01,MTN and Partners Unveil Virtual Card to Boost Digital Commerce,https://newsghana.com.gh/mtn-and-partners-unveil-virtual-card-to-boost-digital-commerce/,newsghana.com.gh,English,0.0,gdelt_gkg
AMZN,2025-03-01,"Work - from - home scam has Houston senior worried about paying bills , homelessness",https://www.yahoo.com/news/home-scam-houston-senior-worried-134300079.html,yahoo.com,English,0.0,gdelt_gkg
AMZN,2025-03-01,"Wolfbox Unveils New G900 Tripro Dash Cams With Superior , High - Clarity Night Vision",https://www.wvnews.com/statejournal/news/around_the_web/partners/pr_newswire/subject/new_products_services/wolfbox-unveils-new-g900-tripro-dash-cams-with-superior-high-clarity-night-vision/article_2b76f9e5-9091-50f9-a548-8eb40636e0f8.html,wvnews.com,English,0.0,gdelt_gkg
AMZN,2025-03-01,"Short Interest in Tapinator , Inc . ( OTCMKTS : TAPM ) Expands By 900 . 0 % ",https://www.themarketsdaily.com/2025/03/01/short-interest-in-tapinator-inc-otcmktstapm-expands-by-900-0.html,themarketsdaily.com,English,0.0,gdelt_gkg
AMZN,2025-03-01,"Amazon Alexa+ is coming , with new voice , but it not free",https://www.malverngazette.co.uk/news/24972597.amazon-alexa-coming-new-voice-not-free/,malverngazette.co.uk,English,0.0,gdelt_gkg
AMZN,2025-03-01,33 Essential Items For Organizing Your Life,https://www.buzzfeed.com/bekoconnell/buckle-down-and-get-your-life-together,buzzfeed.com,English,0.0,gdelt_gkg
AMZN,2025-03-01,Maricá e Estácio largam na frente após longa noite de abertura da Série Ouro,https://oglobo.globo.com/rio/carnaval/noticia/2025/03/01/marica-e-estacio-largam-na-frente-apos-longa-noite-de-abertura-da-serie-ouro.ghtml,oglobo.globo.com,Portuguese,0.0,gdelt_gkg
AMZN,2025-03-01,স্বাধীনতার সূচনা,https://www.dailyjanakantha.com/opinion/news/777837,dailyjanakantha.com,Bengali,0.0,gdelt_gkg
AMZN,2025-03-01,"Bluey Lego sets revealed at Toy Fair , arriving June 1",https://www.polygon.com/news/531810/lego-bluey-set-where-to-buy-toy-fair,polygon.com,English,0.0,gdelt_gkg
AMZN,2025-03-01,Artificial intelligence is changing how Silicon Valley builds startups,https://www.denverpost.com/2025/03/01/artificial-intelligence-is-changing-how-silicon-valley-builds-startups/,denverpost.com,English,0.0,gdelt_gkg
AMZN,2025-03-01,"AI fake plant images are bilking gardeners - InForum | Fargo , Moorhead and West Fargo news , weather and sports",https://www.echopress.com/lifestyle/ais-fake-plant-images-are-bilking-gardeners,echopress.com,English,0.0,gdelt_gkg
AMZN,2025-03-01,Amazon Prime Members Now Get Alexa+ for Free – TechStory,https://techstory.in/amazon-prime-free-alexa-plus/,techstory.in,English,0.0,gdelt_gkg
AMZN,2025-03-01,Dinahs view on Carnival Costumes,http://www.wa.de/hamm/dinahs-view-carnival-costumes-93597127.html,wa.de,English,0.0,gdelt_gkg
AMZN,2025-03-01,IonQ ( NYSE : IONQ ) Shares Down 8 . 3 % on Analyst Downgrade,https://theenterpriseleader.com/2025/03/01/ionq-nyseionq-shares-down-8-3-on-analyst-downgrade.html,theenterpriseleader.com,English,0.0,gdelt_gkg
AMZN,2025-03-01,"AI fake plant images are bilking gardeners - InForum | Fargo , Moorhead and West Fargo news , weather and sports",https://www.brainerddispatch.com/lifestyle/ais-fake-plant-images-are-bilking-gardeners,brainerddispatch.com,English,0.0,gdelt_gkg
AMZN,2025-03-01,37 Items To Clean Your Gross Bathroom,https://www.buzzfeed.com/elizabethlilly/products-nasty-bathroom-clean,buzzfeed.com,English,0.0,gdelt_gkg
AMZN,2025-03-01,All 5 Majel Barrett - Roddenberry Star Trek Roles Explained,https://screenrant.com/star-trek-majel-barrett-roddenberry-roles-list/,screenrant.com,English,0.0,gdelt_gkg
AMZN,2025-03-01,Building the Future of Work : The Rise of Workforce Analytics and AI,https://www.ibtimes.co.in/building-future-work-rise-workforce-analytics-ai-880188,ibtimes.co.in,English,0.0,gdelt_gkg
AMZN,2025-03-01,30 Products So Great Reviewers Have Written Them Love Letters,https://www.buzzfeed.com/melanie_aman/great-products-reviewers-love-letters,buzzfeed.com,English,0.0,gdelt_gkg
AMZN,2025-03-01,"Everything you need to know about Alexa+ , Amazon new generative AI assistant",https://www.zdnet.com/article/everything-you-need-to-know-about-alexa-amazons-new-generative-ai-assistant/,zdnet.com,English,0.0,gdelt_gkg
AMZN,2025-03-01,The Blackberry Pi and the End of Skype : Weekly Roundup,https://www.howtogeek.com/the-blackberry-pi-and-the-end-of-skype-weekly-roundup/,howtogeek.com,English,0.0,gdelt_gkg
AMZN,2025-03-01,Supermarket substitutions : What your weirdest swap ? ,https://www.salisburyjournal.co.uk/news/24973733.supermarket-substitutions-weirdest-swap/,salisburyjournal.co.uk,English,0.0,gdelt_gkg
AMZN,2025-03-01,Everything you need to know about Amazon First Reads and how to score a free book every month,https://mashable.com/article/amazon-first-reads,mashable.com,English,0.0,gdelt_gkg
AMZN,2025-03-01,"História para amanhã , parte 2 : estará no passado a chave da harmonia entre migraes , redes sociais e sustentabilidade ? ",https://observador.pt/especiais/historia-para-amanha-parte-2-estara-no-passado-a-chave-da-harmonia-entre-migracoes-redes-sociais-e-sustentabilidade/,observador.pt,Portuguese,0.0,gdelt_gkg
AMZN,2025-03-01,This MagSafe battery pack is the perfect companion to my Pixel 9 Pro - and it looks so cool,https://www.zdnet.com/home-and-office/energy/this-magsafe-battery-pack-is-the-perfect-companion-to-my-pixel-9-pro-and-it-looks-so-cool/,zdnet.com,English,0.0,gdelt_gkg
AMZN,2025-03-01,Aero - News Network : The aviation and aerospace world daily / real - time news and information service,https://www.aero-news.net/getmorefromann.cfm?do=main.archive&year=2025&month=3&day=1,aero-news.net,English,0.0,gdelt_gkg
AMZN,2025-03-01,32 Cheap Alternatives To Name - Brand Beauty Products,https://www.buzzfeed.com/samar_hadri/cheap-alternatives-to-name-brand-beauty-products,buzzfeed.com,English,0.0,gdelt_gkg
AMZN,2025-03-01,"Goodbye Kitty . Lorain woman publishes book with over 7 , 000 quirky cat names",https://www.news-herald.com/2025/03/01/goodbye-kitty-lorain-woman-publishes-book-with-over-7000-quirky-cat-names/,news-herald.com,English,0.0,gdelt_gkg
AMZN,2025-03-01,"5 biggest new games launching in March 2025 for PS5 , Nintendo Switch , Xbox , and PC",https://www.tomsguide.com/gaming/5-biggest-new-games-launching-in-march-2025-for-ps5-nintendo-switch-xbox-and-pc,tomsguide.com,English,0.0,gdelt_gkg
AMZN,2025-03-01,Amazon Great Republic Day Sale Goes Live : Best Offers : Tech News,https://www.rashtranews.com/amazon-great-republic-day-sale-goes-live-best-offers-tech-news/,rashtranews.com,English,0.0,gdelt_gkg
AMZN,2025-03-01,"홀세일 _ xB9AC _ 테일 이커머스 전문 , 회사 웹사이트 제작 & 운영대행 쉽고 빠르게 도와드립니다",https://www.radiokorea.com:443/bulletin/bbs/board.php?bo_table=c_business&wr_id=2330556,radiokorea.com,Korean,0.0,gdelt_gkg
AMZN,2025-03-01,Pet Owners With Old Dogs Swear By These 29 Useful Products,https://www.buzzfeed.com/daniellehealy/useful-products-pet-owners-with-old-dogs-swear-by-an,buzzfeed.com,English,0.0,gdelt_gkg
AMZN,2025-05-01,"Microsoft Raises Xbox Prices , Citing  Market Conditions  ",https://www.pymnts.com/economy/2025/microsoft-raises-xbox-prices-citing-market-conditions/,pymnts.com,English,0.0,gdelt_gkg
AMZN,2025-05-01,  Zita the Spacegirl : Jeremy Latcham to Exec Produce for Sycamore,https://variety.com/2025/film/news/zita-the-spacegirl-jeremy-latcham-exec-produce-sycamore-1236383048/,variety.com,English,0.0,gdelt_gkg
AMZN,2025-05-01,Amazon Beauty Sale : 10 oral care essentials to stock up on now,https://www.yahoo.com/news/amazon-beauty-sale-10-oral-184035648.html,yahoo.com,English,0.0,gdelt_gkg
AMZN,2025-05-01,"New music service promises better lossless audio than Apple , Amazon , and Tidal",https://www.digitaltrends.com/home-theater/new-music-service-says-it-will-beat-apple-amazon-and-tidal-on-lossless-audio/,digitaltrends.com,English,0.0,gdelt_gkg
AMZN,2025-05-01,Missouri Most Popular Cooker Recalled after 106 Burn Injuries,https://kickam1530.com/ixp/463/p/sharkninja-recall-missouri-cookers/,kickam1530.com,English,0.0,gdelt_gkg
AMZN,2025-05-01,Políticas públicas : Governo de RO participa de oficina para fortalecimento de políticas públicas indígenas na Amazônia Legal,https://ariquemesonline.com.br/noticias-da-amazonia/politicas-publicas-governo-de-ro-participa-de-oficina-para-fortalecimento-de-politicas-publicas-indigenas-na-amazonia-legal/,ariquemesonline.com.br,Portuguese,0.0,gdelt_gkg
AMZN,2025-05-01,Kohls CEO Buchanan ousted after investigation,https://wiscnews.com/news/state-regional/business/article_1acc683b-8301-5dbf-abba-86126b24becf.html,wiscnews.com,English,0.0,gdelt_gkg
AMZN,2025-05-01,Amazon Earnings Q1 Beat Wall Street Estimates,https://variety.com/2025/tv/news/amazon-earnings-q1-2025-1236384265/,variety.com,English,0.0,gdelt_gkg
AMZN,2025-05-01,"Roku to Acquire Frndly TV for $185 Million , Reports Q1 2025 Earnings",https://variety.com/2025/digital/news/roku-acquires-frndly-tv-q1-2025-earnings-1236383861/,variety.com,English,0.0,gdelt_gkg
AMZN,2025-05-01,"Amazon posts solid first quarter earnings growth , but outlook is tempered by tariff uncertainty",https://www.sandiegouniontribune.com/2025/05/01/amazon-first-quarter-tariff-uncertainty/,sandiegouniontribune.com,English,0.0,gdelt_gkg
AMZN,2025-05-01,100 Men vs . 1 Gorilla : But What if It King Kong ? ,https://www.cnet.com/culture/entertainment/100-men-vs-1-gorilla-but-what-if-its-king-kong/,cnet.com,English,0.0,gdelt_gkg
AMZN,2025-05-01,"Amazon posts solid first quarter earnings growth , but outlook is tempered by tariff uncertainty",https://www.baltimoresun.com/2025/05/01/amazon-first-quarter-tariff-uncertainty/,baltimoresun.com,English,0.0,gdelt_gkg
AMZN,2025-05-01,"아마존 , 쇼피파이 ( 웹사이트 ), 월마트 , 인스타 그램 , 페이스북 통합 관리",https://www.radiokorea.com:443/bulletin/bbs/board.php?bo_table=c_freelancer&wr_id=351,radiokorea.com,Korean,0.0,gdelt_gkg
AMZN,2025-05-01,Exclusive | Exclusive : Bethenny Frankel on her $10 beauty go - to and latest,https://nypost.com/2025/05/01/shopping/exclusive-bethenny-frankel-on-her-10-beauty-go-to-and-latest-tk/,nypost.com,English,0.0,gdelt_gkg
AMZN,2025-05-01,"Amazon posts solid first quarter earnings growth , but outlook is tempered by tariff uncertainty",https://www.timesherald.com/2025/05/01/amazon-first-quarter-tariff-uncertainty/,timesherald.com,English,0.0,gdelt_gkg
AMZN,2025-05-01,Why warehouses are spreading rapidly in New Jersey,https://nj1015.com/new-jersey-warehouse-growth/,nj1015.com,English,0.0,gdelt_gkg
AMZN,2025-05-01,"Amazon Q1 Earnings : Double Beat , Q2 Guidance , CEO Focuses On Making  Customer Lives Easier And Better  ",https://biztoc.com/x/489c2d67b95b808e,biztoc.com,English,0.0,gdelt_gkg
AMZN,2025-05-01,This 100W USB - C Baseus Charger Is 45 % Off,https://www.howtogeek.com/this-100w-usb-c-baseus-charger-is-45-off/,howtogeek.com,English,0.0,gdelt_gkg
AMZN,2025-05-01,"Blake Lively dark side shines in manipulative role , says director",https://www.thenews.com.pk/latest/1307377-blake-livelys-dark-side-shines-in-manipulative-role-says-director,thenews.com.pk,English,0.0,gdelt_gkg
AMZN,2025-05-01,"Amazon posts solid first quarter earnings growth , but outlook is tempered by tariff uncertainty",https://www.pilotonline.com/2025/05/01/amazon-first-quarter-tariff-uncertainty/,pilotonline.com,English,0.0,gdelt_gkg
AMZN,2025-05-01,Ninja pressure cookers recalled after reports of serious burn injuries,https://www.foxla.com/news/ninja-pressure-cookers-recalled-after-serious-burn-injuries,foxla.com,English,0.0,gdelt_gkg
AMZN,2025-05-01,Amazon Profit Forecast Misses Estimates,https://www.marketscreener.com/quote/stock/AMAZON-COM-INC-12864605/news/Amazon-s-Profit-Forecast-Misses-Estimates-49795346/,marketscreener.com,English,0.0,gdelt_gkg
AMZN,2025-05-01,"Slate Customizes America , One Pickup At A Time",https://www.mediapost.com/publications/article/405524/slate-customizes-america-one-pickup-at-a-time.html,mediapost.com,English,0.0,gdelt_gkg
AMZN,2025-05-01,Blake Lively arrives at  Late Night with Seth Meyer in ruffled dress,https://pagesix.com/2025/05/01/style/blake-lively-arrives-at-late-night-with-seth-meyers-in-ruffled-dress/,pagesix.com,English,0.0,gdelt_gkg
AMZN,2025-05-01,REN Clean Skincare Is Closing Down After 25 Years : Details,https://www.marieclaire.com/beauty/ren-clean-skincare-closing/,marieclaire.com,English,0.0,gdelt_gkg
AMZN,2025-05-01,Kyle Richards Shares Sutton Friendship Update After Season 14,https://www.bravotv.com/the-daily-dish/kyle-richards-shares-update-sutton-stracke-friendship-after-season-14,bravotv.com,English,0.0,gdelt_gkg
AMZN,2025-05-01,"Microsoft may partner with ally ChatGPT - maker OpenAI  Enemy No . 1 , Elon Musk",https://timesofindia.indiatimes.com/technology/tech-news/microsoft-may-partner-with-ally-chatgpt-maker-openais-enemy-no-1-elon-musk/articleshow/120803485.cms,timesofindia.indiatimes.com,English,0.0,gdelt_gkg
AMZN,2025-05-01,"뉴욕증시 , 빅테크 실적 긍정 평가에 상승 마감",https://www.newspim.com/news/view/20250502000011,newspim.com,Korean,0.0,gdelt_gkg
AMZN,2025-05-01,"NASCAR in Texas : How to watch , TV schedule , predictions , picks – NBC 5 Dallas - Fort Worth",https://www.nbcdfw.com/news/local/nascar-texas-schedule-how-to-watch-tv-predictions-picks/3830220/,nbcdfw.com,English,0.0,gdelt_gkg
AMZN,2025-05-01,"Amazon posts solid first quarter earnings growth , but outlook is tempered by tariff uncertainty",https://www.republicanherald.com/2025/05/01/amazon-first-quarter-tariff-uncertainty/,republicanherald.com,English,0.0,gdelt_gkg
AMZN,2025-05-01,אמזון מפרסמת תחזית מאכזבת ; המניה יורדת במסחר המאוחר,https://www.globes.co.il/news/article.aspx?did=1001509253,globes.co.il,Hebrew,0.0,gdelt_gkg
AMZN,2025-05-01,"Trump first 100 days : Letters to the Editor May 2 , 2025",https://nypost.com/2025/05/01/opinion/trumps-first-100-days-letters-to-the-editor-may-2-2025/,nypost.com,English,0.0,gdelt_gkg
AMZN,2025-05-01,"Amazon revenue climbs 9 %, but outlook sends shares lower",https://www.gjsentinel.com/news/national/amazon-revenue-climbs-9-but-outlook-sends-shares-lower/article_7c6e00c0-f25d-51a5-82e9-87a778899781.html,gjsentinel.com,English,0.0,gdelt_gkg
AMZN,2025-05-01,ELA Solutions Revolutionizes Business Growth with,https://www.openpr.com/news/3996250/ela-solutions-revolutionizes-business-growth-with,openpr.com,English,0.0,gdelt_gkg
AMZN,2025-05-01,Kohl fires CEO Ashley Buchanan after investigation into conflicts of interest with a vendor,https://www.wdef.com/kohls-fires-ceo-ashley-buchanan-after-investigation-into-conflicts-of-interest-with-a-vendor/,wdef.com,English,0.0,gdelt_gkg
AMZN,2025-05-01,"Amazon posts solid first quarter earnings growth , but outlook is tempered by tariff uncertainty",https://isp.netscape.com/pf/story/0001/20250501/a5ffef130fc2d328ac4ccb023d56dcdd,isp.netscape.com,English,0.0,gdelt_gkg
AMZN,2025-05-01,U . S . Stocks Pull Back Off Best Levels But Close Mostly Higher,https://www.rttnews.com/story.aspx?Id=3534495,rttnews.com,English,0.0,gdelt_gkg
AMZN,2025-05-01,Recall alert : Children hair clips sold on Amazon recalled due to lead levels – WPXI,https://www.wpxi.com/news/trending/recall-alert-childrens-hair-clips-sold-amazon-recalled-due-lead-levels/MHXP6ONFHNEUTD6G6XLY6KRM6A/,wpxi.com,English,0.0,gdelt_gkg
AMZN,2025-05-01,Cheap parcels from China will no longer be duty - free . Here what it means for buyers and sellers,https://www.republicanherald.com/2025/05/01/china-duty-free-exemption-ends/,republicanherald.com,English,0.0,gdelt_gkg
AMZN,2025-05-01,"Amazon reports solid first quarter profit and sales growth , but outlook is tempered by tariff uncertainty",https://biztoc.com/x/59ac105b86e76adb,biztoc.com,English,0.0,gdelt_gkg
AMZN,2025-05-01,Ninja - branded pressure cookers recalled after reports of serious burn injuries,https://greatbendpost.com/posts/d239bc78-0889-4684-a70e-e6a282eb3920,greatbendpost.com,English,0.0,gdelt_gkg
AMZN,2025-05-01,Amazon CEO Jassy says he  optimistic  company could emerge from tariff uncertainty stronger – NBC 7 San Diego,https://www.nbcsandiego.com/news/business/money-report/amazon-ceo-jassy-says-hes-optimistic-company-could-emerge-from-tariff-uncertainty-stronger/3816535/,nbcsandiego.com,English,0.0,gdelt_gkg
AMZN,2025-05-01,Amazon Says Operating Profits May Decline Amid Economic Uncertainty,https://biztoc.com/x/c692c7197d930316,biztoc.com,English,0.0,gdelt_gkg
AMZN,2025-05-01,Beyond Tourism : Why Kashmir Must Diversify Or Risk Economic Collapse,https://kashmirreader.com/2025/05/02/beyond-tourism-why-kashmir-must-diversify-or-risk-economic-collapse/,kashmirreader.com,English,0.0,gdelt_gkg
AMZN,2025-05-01,Revlon One - Step Volumizer Hair Dryer is under $30 on Amazon today,https://nypost.com/2025/05/01/shopping/revlon-one-step-volumizer-hair-dryer-is-under-30-on-amazon-today/,nypost.com,English,0.0,gdelt_gkg
AMZN,2025-05-01,Retail heavyweight Amazon falls after setting cautious guidance for Q2 ( AMZN : NASDAQ ) ,https://seekingalpha.com/news/4439400-retail-heavyweight-amazon-falls-after-setting-cautious-guidance-for-q2,seekingalpha.com,English,0.0,gdelt_gkg
AMZN,2025-05-01,Audubon Aquarium Launches New Snorkel Experience for Visitors,https://929thelake.com/ixp/37/p/snorkel-audubon-aquarium-new-orleans/,929thelake.com,English,0.0,gdelt_gkg
AMZN,2025-05-01,Manhattan Office Leasing on Track for Best Year Since 2000,https://therealdeal.com/new-york/2025/05/01/manhattan-office-leasing-on-track-for-best-year-since-2000/,therealdeal.com,English,0.0,gdelt_gkg
AMZN,2025-05-01,"Archeologia , resti « straordinariamente ben conservati » di una donna vissuta 4mila anni fa . VIDEO",https://www.ragusanews.com/esteri-archeologia-resti-straordinariamente-ben-conservati-di-una-donna-vissuta-4mila-anni-fa-206258/,ragusanews.com,Italian,0.0,gdelt_gkg
AMZN,2025-05-01,"Amazon posts solid first quarter earnings growth , but outlook is tempered by tariff uncertainty",https://www.greeleytribune.com/2025/05/01/amazon-first-quarter-tariff-uncertainty/,greeleytribune.com,English,0.0,gdelt_gkg
AMZN,2025-05-01,Safeway Fined $26K for Violations of New WA Worker Regulations,https://97rockonline.com/ixp/136/p/safeway-fined-26k-for-violations-of-new-wa-worker-regulations/,97rockonline.com,English,0.0,gdelt_gkg
AMZN,2025-05-01,"Amazon revenue climbs 9 %, but outlook sends shares lower",https://www.ashleycountyledger.com/news/national/amazon-revenue-climbs-9-but-outlook-sends-shares-lower/article_6e2116f8-8ed7-52c0-86df-80b87880502a.html,ashleycountyledger.com,English,0.0,gdelt_gkg
AMZN,2025-05-01,How  American Picker Changed the Narrative Around Antiques,https://collider.com/american-pickers-changed-narrative-antiques/,collider.com,English,0.0,gdelt_gkg
AMZN,2025-05-01,Arqueólogos descubrieron una civilización que construyó caminos y canales oculta bajo la selva amazónica hace 2 . 500 años | Ciencia,https://larepublica.pe/ciencia/2025/05/01/arqueologos-descubrieron-una-civilizacion-que-construyo-caminos-y-canales-oculta-bajo-la-selva-amazonica-hace-2500-anos-29479,larepublica.pe,Spanish,0.0,gdelt_gkg
AMZN,2025-05-01,A Virtual Butcher Shop : My First Entrepreneurial Venture,https://havanatimes.org/diaries/osmel-almaguer-diary/a-virtual-butcher-shop-my-first-entrepreneurial-venture/,havanatimes.org,English,0.0,gdelt_gkg
AMZN,2025-05-01,65 % ارتفاعا في أرباح  أمازون  بالربع الأول,https://www.mubasher.info/news/4441932/65-%D8%A7%D8%B1%D8%AA%D9%81%D8%A7%D8%B9%D8%A7-%D9%81%D9%8A-%D8%A3%D8%B1%D8%A8%D8%A7%D8%AD-%D8%A3%D9%85%D8%A7%D8%B2%D9%88%D9%86-%D8%A8%D8%A7%D9%84%D8%B1%D8%A8%D8%B9-%D8%A7%D9%84%D8%A3%D9%88%D9%84/,mubasher.info,Arabic,0.0,gdelt_gkg
AMZN,2025-05-01,"Amazon revenue climbs 9 %, but outlook sends shares lower",https://www.hometownregister.com/news/national/amazon-revenue-climbs-9-but-outlook-sends-shares-lower/article_697511c6-c5cb-5d03-b9a3-7fe5c8b73442.html,hometownregister.com,English,0.0,gdelt_gkg
AMZN,2025-05-01,"Amazon revenue climbs 9 %, but outlook sends shares lower",https://www.digitaljournal.com/tech-science/amazon-revenue-climbs-9-but-outlook-sends-shares-lower/article,digitaljournal.com,English,0.0,gdelt_gkg
AMZN,2025-05-01,Caruso Nonprofit Secures AI Tools to Hasten LA Rebuilding,https://therealdeal.com/la/2025/05/01/caruso-nonprofit-secures-ai-tools-to-hasten-la-rebuilding/,therealdeal.com,English,0.0,gdelt_gkg
AMZN,2025-05-01,Another Simple Favor : Blood - Spattered Bride - Fort Worth Weekly,https://www.fwweekly.com/2025/05/01/another-simple-favor-blood-spattered-bride/,fwweekly.com,English,0.0,gdelt_gkg
AMZN,2025-05-01,Visa wants to give artificial intelligence  agent your credit card,https://www.kcra.com/article/visa-give-artificial-intelligence-agents-credit-card/64646757,kcra.com,English,0.0,gdelt_gkg
AMZN,2025-05-01,"Stocks making the biggest moves after hours : AAPL , AMZN , ABNB , XYZ",https://www.cnbc.com/2025/05/01/stocks-making-the-biggest-moves-after-hours-aapl-amzn-abnb-xyz.html,cnbc.com,English,0.0,gdelt_gkg
AMZN,2025-05-01,"Amazon shares slide on disappointing forecast , slowing cloud revenue",https://nypost.com/2025/05/01/business/amazon-shares-slide-on-disappointing-forecast-slowing-cloud-revenue/,nypost.com,English,0.0,gdelt_gkg
AMZN,2025-05-01,"Markets today : Meta , Microsoft drive Wall Street higher , Apple results ahead ; ASX set to slip",https://www.watoday.com.au/business/markets/asx-set-to-slip-tech-giants-push-wall-street-higher-apple-results-ahead-20250502-p5lvxq.html,watoday.com.au,English,0.0,gdelt_gkg
AMZN,2025-05-01,Over 2 million Ninja - branded pressure cookers are recalled after reports of serious burn injuries,https://wtop.com/recalls/2025/05/over-2-million-ninja-branded-pressure-cookers-are-recalled-after-reports-of-serious-burn-injuries/,wtop.com,English,0.0,gdelt_gkg
AMZN,2025-05-01,Funky Taurus Media - Music Photo Agency & Products,https://www.funkytaurusmedia.com/shop_content.php?coID=3&XTCsid=tq6gt1766310td49h5agtluk84,funkytaurusmedia.com,English,0.0,gdelt_gkg
AMZN,2025-05-01,Food product recall for hot sauce sold in Canada,https://www.mississauga.com/news/product-food-recall-canada-sauce/article_f7799a5b-d907-5ac7-b914-5d80838a0c2b.html,mississauga.com,English,0.0,gdelt_gkg
AMZN,2025-05-01,That $119 swimsuit ? With tariffs it will cost you $360 . ,https://www.yahoo.com/news/119-swimsuit-tariffs-cost-360-205119887.html,yahoo.com,English,0.0,gdelt_gkg
AMZN,2025-05-01,Gal Gadot & Matthias Schoenaerts To Star In Nikki Caro Thriller  Ruin  ,https://deadline.com/2025/05/gal-gadot-matthias-schoenaerts-to-star-ruin-niki-caro-1236383170/,deadline.com,English,0.0,gdelt_gkg
AMZN,2025-05-01,Best Drones for Kids This Summer | FLYING Magazine,https://www.flyingmag.com/best-drones-for-kids-this-summer/,flyingmag.com,English,0.0,gdelt_gkg
AMZN,2025-05-01,Mass . Dem accuses Amazon of seeking  special favor from Trump after flip on tariffs,https://www.yahoo.com/news/mass-dem-accuses-amazon-seeking-210611476.html,yahoo.com,English,0.0,gdelt_gkg
AMZN,2025-05-01,First Look : Preview the Standalone Skuxxoid Epic in Void Rivals # 19 by Robert Kirkman & Conor Hughes,https://www.firstcomicsnews.com/first-look-preview-the-standalone-skuxxoid-epic-in-void-rivals-19-by-robert-kirkman-conor-hughes/,firstcomicsnews.com,English,0.0,gdelt_gkg
AMZN,2025-05-01,Týden s technologiemi : Amazon spouští konkurenci pro Starlink . Po letech plánování má projekt Kuiper první satelity na orbitu,https://archiv.hn.cz/c1-67720730-tyden-s-technologiemi-amazon-spousti-konkurenci-pro-starlink-po-letech-planovani-ma-projekt-kuiper-prvni-satelity-na-orbitu,archiv.hn.cz,Czech,0.0,gdelt_gkg
AMZN,2025-05-01,A literatura amazônica na Bienal do Livro do Rio d ... ,https://veja.abril.com.br/coluna/radar/a-literatura-amazonica-na-bienal-do-livro-do-rio-de-janeiro/,veja.abril.com.br,Portuguese,0.0,gdelt_gkg
AMZN,2025-05-01,Niños amazónicos de Ecuador mueren por un  agente infeccioso  desconocido - Agencia Venezolana de Noticias,https://avn.info.ve/ninos-amazonicos-de-ecuador-mueren-por-un-agente-infeccioso-desconocido/,avn.info.ve,Spanish,0.0,gdelt_gkg
AMZN,2025-05-01,Amazon CEO Jassy says he  optimistic  company could emerge from tariff uncertainty stronger – NBC Connecticut,https://www.nbcconnecticut.com/news/business/money-report/amazon-ceo-jassy-says-hes-optimistic-company-could-emerge-from-tariff-uncertainty-stronger/3556331/,nbcconnecticut.com,English,0.0,gdelt_gkg
AMZN,2025-05-01,"Finding Home , Healing , and Heart :  Life and Love on Mouse Island  Delivers a Heartwarming Tale ... ",https://article.wn.com/view/2025/05/01/finding_home_healing_and_heart_8220life_and_love_on_mouse_is/,article.wn.com,English,0.0,gdelt_gkg
AMZN,2025-05-01,Jeff Bezos Drops Alleged Amazon Tariff Plan After White House Barks,https://hotspotatl.com/6064557/folded-jeff-bezos-drops-alleged-amazon-tariff-plan-after-white-house-barks/,hotspotatl.com,English,0.0,gdelt_gkg
AMZN,2025-05-01,How to use passkeys and get rid of passwords,https://www.cultofmac.com/how-to/how-to-use-passkeys,cultofmac.com,English,0.0,gdelt_gkg
AMZN,2025-05-01,The Art of Imagination and Finding Voice in Memoir,https://www.writersdigest.com/the-art-of-imagination-and-finding-voice-in-memoir,writersdigest.com,English,0.0,gdelt_gkg
AMZN,2025-05-01,Ninja - branded pressure cookers recalled over burn concerns – NBC Connecticut,https://www.nbcconnecticut.com/news/local/recall-alert/ninja-pressure-cookers-recalled/3556322/,nbcconnecticut.com,English,0.0,gdelt_gkg
AMZN,2025-05-01,Amazon Prime Day 2025 : Tariff Troubles and What Shoppers Should Expect,https://www.kiplinger.com/business/ecommerce/amazons-prime-day-faces-tariff-troubles-what-shoppers-need-to-know,kiplinger.com,English,0.0,gdelt_gkg
AMZN,2025-05-01,"Colisão entre moto e caminhão deixa morto na PA - 481 , em Abaetetuba",https://g1.globo.com/pa/para/noticia/2025/05/01/colisao-entre-moto-e-caminhao-deixa-morto-na-pa-481-em-abaetetuba.ghtml,g1.globo.com,Portuguese,0.0,gdelt_gkg
AMZN,2025-05-01,"Amazon posts solid first quarter earnings growth , but outlook is tempered by tariff uncertainty",https://www.clickorlando.com/business/2025/05/01/amazon-posts-solid-first-quarter-earnings-growth-but-outlook-is-tempered-by-tariff-uncertainty/,clickorlando.com,English,0.0,gdelt_gkg
AMZN,2025-05-01,NativePath Native Fiber Baobab Powder Under Review : Best,https://www.globenewswire.com/news-release/2025/05/01/3072941/0/en/NativePath-Native-Fiber-Baobab-Powder-Under-Review-Best-Constipation-Support-for-Gut-Colon-Health.html,globenewswire.com,English,0.0,gdelt_gkg
AMZN,2025-05-01,White House Stephen Miller TORCHES Liberal Media Coddling Dangerous Illegals,https://newsbusters.org/blogs/nb/curtis-houck/2025/05/01/white-houses-stephen-miller-torches-liberal-media-coddling,newsbusters.org,English,0.0,gdelt_gkg
AMZN,2025-05-01,"Atomic Leap Unveils Free AI SEO Audit , Delivering £1k - Level Insights in Minutes",https://www.thailand-business-news.com/pr-news/atomic-leap-unveils-free-ai-seo-audit-delivering-1k-level-insights-in-minutes-2,thailand-business-news.com,English,0.0,gdelt_gkg
AMZN,2025-05-01,微软力邀马斯克Grok AI入驻Azure ， 与OpenAI关系再起波澜,https://www.163.com/dy/article/JUHIIT8C05198NMR.html,163.com,Chinese,0.0,gdelt_gkg
AMZN,2025-05-01,Steady gains in London as European markets closed,https://www.irishtimes.com/business/2025/05/01/steady-gains-in-london-as-european-markets-closed/,irishtimes.com,English,0.0,gdelt_gkg
AMZN,2025-05-01,"Amazon posts solid first quarter earnings growth , but outlook is tempered by tariff uncertainty",https://www.chicoer.com/2025/05/01/amazon-first-quarter-tariff-uncertainty/,chicoer.com,English,0.0,gdelt_gkg
AMZN,2025-05-01,Deadline,https://deadline.com/print-article/1236383170/,deadline.com,English,0.0,gdelt_gkg
AMZN,2025-05-01,Actor Diego Boneta is trying something new with debut novel  The Undoing of Alejandro Velasco  ,https://www.newspressnow.com/ap/ap-national-entertainment-news/2025/05/01/actor-diego-boneta-is-trying-something-new-with-debut-novel-the-undoing-of-alejandro-velasco/,newspressnow.com,English,0.0,gdelt_gkg
AMZN,2025-05-01,Amazon revenue jumps 9 % but outlook tempered by tariff uncertainty,https://www.dailysabah.com/business/economy/amazon-revenue-jumps-9-but-outlook-tempered-by-tariff-uncertainty,dailysabah.com,English,0.0,gdelt_gkg
AMZN,2025-05-01,Visa wants to give artificial intelligence  agent your credit card,https://www.wxii12.com/article/visa-give-artificial-intelligence-agents-credit-card/64646757,wxii12.com,English,0.0,gdelt_gkg
AMZN,2025-05-01,Amazon CEO Jassy says he  optimistic  company could emerge from tariff uncertainty stronger – NBC10 Philadelphia,https://www.nbcphiladelphia.com/news/business/money-report/amazon-ceo-jassy-says-hes-optimistic-company-could-emerge-from-tariff-uncertainty-stronger/4174623/,nbcphiladelphia.com,English,0.0,gdelt_gkg
AMZN,2025-05-01,Arqueólogos descubrieron una civilización que construyó caminos y canales oculta bajo la selva amazónica hace 2 . 500 años | Ciencia,https://larepublica.pe:443/ciencia/2025/05/01/arqueologos-descubrieron-una-civilizacion-que-construyo-caminos-y-canales-oculta-bajo-la-selva-amazonica-hace-2500-anos-29479,larepublica.pe,Spanish,0.0,gdelt_gkg
AMZN,2025-05-01,"Amazon posts solid first quarter earnings growth , but outlook is tempered by tariff uncertainty",https://www.sun-sentinel.com/2025/05/01/amazon-first-quarter-tariff-uncertainty/,sun-sentinel.com,English,0.0,gdelt_gkg
AMZN,2025-05-01,SMCI : Preliminary Results Disappoint,https://finance.yahoo.com/news/smci-preliminary-results-disappoint-143811670.html,finance.yahoo.com,English,0.0,gdelt_gkg
AMZN,2025-05-01,Amazonun satışları ilk çeyrekte arttı,https://www.bloomberght.com/amazon-un-satislari-ilk-ceyrekte-artti-3747571,bloomberght.com,Turkish,0.0,gdelt_gkg
AMZN,2025-05-01,"If You See Package Theft , Call Yakima Police Immediately",https://mega993online.com/ixp/113/p/consider-using-amazon-lockers-or-ups-accesspoints-to-protect-deliveries/,mega993online.com,English,0.0,gdelt_gkg
AMZN,2025-05-01,Cheap parcels from China will no longer be duty - free . Here what it means for buyers and sellers,https://www.paradisepost.com/2025/05/01/china-duty-free-exemption-ends/,paradisepost.com,English,0.0,gdelt_gkg
AMZN,2025-05-01,"Stocks close sharply higher , lifted by Microsoft , Meta earnings",https://www.livemint.com/market/stock-market-news/stocks-close-sharply-higher-lifted-by-microsoft-meta-earnings-11746129795193.html,livemint.com,English,0.0,gdelt_gkg
AMZN,2025-05-01,Celebrity | The Cairns Post,https://www.cairnspost.com.au/real-estate/national/celebrity?nk=7c5e1e87a1c87a06c38f0015a58230f6-1746137799,cairnspost.com.au,English,0.0,gdelt_gkg
AMZN,2025-05-01,"Amazon revenue climbs 9 %, but outlook sends shares lower",https://www.suncommercial.com/brazil_times/news/national/article_7a440147-5a39-52f0-913f-fd199b6a478c.html,suncommercial.com,English,0.0,gdelt_gkg
AMZN,2025-05-01,"Stock futures slip after Amazon and Apple post earnings , big jobs report looms : Live updates",https://www.nbcmiami.com/news/business/money-report/stock-futures-slip-after-amazon-and-alphabet-post-earnings-big-jobs-report-looms-live-updates/3605049/,nbcmiami.com,English,0.0,gdelt_gkg
AMZN,2025-05-01,  A high - stakes game of cat and mouse : Chris Hemsworth new thriller will give you Die Hard vibes,https://www.digitalspy.com/movies/a64645485/chris-hemsworth-subversion/,digitalspy.com,English,0.0,gdelt_gkg
AMZN,2025-05-01,Most Popular Aviation Items of April 2025,https://www.flyingmag.com/most-popular-aviation-items-of-april-2025/,flyingmag.com,English,0.0,gdelt_gkg
AMZN,2025-05-01,Ninja pressure cookers recalled after reports of serious burn injuries,https://www.ktvu.com/news/ninja-pressure-cookers-recalled-after-serious-burn-injuries,ktvu.com,English,0.0,gdelt_gkg
AMZN,2025-05-01,Amazon projects profit that misses estimates on trade concerns,https://www.bnnbloomberg.ca/investing/2025/05/01/amazon-projects-profit-that-misses-estimates-on-trade-concerns/,bnnbloomberg.ca,English,0.0,gdelt_gkg
AMZN,2025-05-01,U . S . Stocks Pull Back Off Best Levels But Close Mostly Higher,https://www.rttnews.com/3534495/u-s-stocks-pull-back-off-best-levels-but-close-mostly-higher.aspx,rttnews.com,English,0.0,gdelt_gkg
AMZN,2025-05-01,Food product recall for hot sauce sold in Canada,https://www.northumberlandnews.com/news/product-food-recall-canada-sauce/article_9dda604c-e596-55f4-90f0-947e9a9601d0.html,northumberlandnews.com,English,0.0,gdelt_gkg
AMZN,2025-05-01,"Recall : Ninja pressure cooker lids could open during use , cause serious burns",https://www.journal-news.com/local/recall-ninja-pressure-cooker-lids-could-open-during-use-cause-serious-burns/CRMLIVV7FNBEDEHQSDOF6SL44I/,journal-news.com,English,0.0,gdelt_gkg
AMZN,2025-05-01,"Trump dismisses concerns about higher prices from tariffs , even on children toys",https://abcnews.go.com/Politics/trump-dismisses-concerns-higher-prices-tariffs-childrens-toys/story?id=121367634,abcnews.go.com,English,0.0,gdelt_gkg
AMZN,2025-05-01,Amazonun satışları ilk çeyrekte arttı,https://www.aa.com.tr/tr/ekonomi/amazonun-satislari-ilk-ceyrekte-artti/3554612,aa.com.tr,Turkish,0.0,gdelt_gkg
AMZN,2025-05-01,Ministerio del Ambiente vigila el estado de los monos para hacer seguimiento de la fiebre amarilla : ¿ cuál es la relación de los primates con esta enfermedad ? ,https://www.eluniverso.com/noticias/informes/ministerio-del-ambiente-vigila-el-estado-de-los-monos-para-hacer-seguimiento-de-la-fiebre-amarilla-cual-es-la-relacion-de-los-primates-con-esta-enfermedad-nota/,eluniverso.com,Spanish,0.0,gdelt_gkg
AMZN,2025-05-01,Ninja - branded pressure cookers recalled over burn concerns – NBC10 Philadelphia,https://www.nbcphiladelphia.com/news/recall-alert/ninja-pressure-cookers-recalled/4174613/,nbcphiladelphia.com,English,0.0,gdelt_gkg
AMZN,2025-05-01,"If You See Package Theft , Call Yakima Police Immediately",https://newstalkkit.com/consider-using-amazon-lockers-or-ups-accesspoints-to-protect-deliveries/,newstalkkit.com,English,0.0,gdelt_gkg
AMZN,2025-05-01,Ninja - branded pressure cookers recalled over burn concerns – NBC 6 South Florida,https://www.nbcmiami.com/news/local/recall-alert/ninja-pressure-cookers-recalled/3604981/,nbcmiami.com,English,0.0,gdelt_gkg
AMZN,2025-05-01,"Amazon posts solid first quarter earnings growth , but outlook is tempered by tariff uncertainty",https://www.journal-news.com/nation-world/amazon-posts-solid-first-quarter-earnings-growth-but-outlook-is-tempered-by-tariff-uncertainty/VXMM5HYZGRFWVBYWWCX2ITZULU/,journal-news.com,English,0.0,gdelt_gkg
AMZN,2025-05-01,Trump Admits Kids Will Now Have Less Dolls Thanks to Tariff War,https://radaronline.com/p/trump-war-toys-kids-less-dolls-tariffs-china/,radaronline.com,English,0.0,gdelt_gkg
AMZN,2025-05-01,Tech Advances as Microsoft Surges - Tech Roundup,https://www.marketscreener.com/quote/stock/MICROSOFT-CORPORATION-4835/news/Tech-Advances-as-Microsoft-Surges-Tech-Roundup-49795527/,marketscreener.com,English,0.0,gdelt_gkg
AMZN,2025-05-01,"Amazon reports solid first quarter profit and sales growth , but outlook is tempered by tariff uncertainty",https://abcnews.go.com/Business/wireStory/amazon-reports-solid-quarter-profit-sales-growth-outlook-121374192,abcnews.go.com,English,0.0,gdelt_gkg
AMZN,2025-05-01,"Amazon posts solid first quarter earnings growth , but outlook is tempered by tariff uncertainty",https://www.lowellsun.com/2025/05/01/amazon-first-quarter-tariff-uncertainty/,lowellsun.com,English,0.0,gdelt_gkg
AMZN,2025-05-01,The Nashville Ledger,http://www.tnledger.com/editorial/Article.aspx?id=189809,tnledger.com,English,0.0,gdelt_gkg
AMZN,2025-05-01,Kohls CEO Buchanan ousted after investigation,https://madison.com/news/state-regional/business/article_aebb1b06-d370-4a65-85d3-8a19dc720ff9.html,madison.com,English,0.0,gdelt_gkg
AMZN,2025-05-01,Sofia Grainge Adorable Amazon Kid Clothes Are Selling Out Fast ! ,https://www.sheknows.com/parenting/articles/1234874691/sofia-grainge-amazon-kidswear-summer-2025/,sheknows.com,English,0.0,gdelt_gkg
AMZN,2025-05-01,Construyendo para climas extremos : Mauro de Castro,https://www.elnuevosiglo.com.co/economia/construyendo-para-climas-extremos-mauro-de-castro,elnuevosiglo.com.co,Spanish,0.0,gdelt_gkg
AMZN,2025-05-01,Over 2 Million Ninja - Branded Pressure Cookers Are Recalled After Reports of Serious Burn Injuries,https://www.wktv.com/news/health/over-2-million-ninja-branded-pressure-cookers-are-recalled-after-reports-of-serious-burn-injuries/article_37ef7031-b4d4-5ba2-8add-9ba9580caac8.html,wktv.com,English,0.0,gdelt_gkg
AMZN,2025-05-01,메타 · MS발 AI랠리 기대감 살아났다 … 나스닥 1 . 5 % ↑ [ 월스트리트in ] ,https://www.edaily.co.kr/News/Read?newsId=02082806642164984&mediaCodeNo=257,edaily.co.kr,Korean,0.0,gdelt_gkg
AMZN,2025-05-01,Ninja - branded pressure cookers recalled after reports of serious burn injuries,https://littleapplepost.com/posts/d239bc78-0889-4684-a70e-e6a282eb3920,littleapplepost.com,English,0.0,gdelt_gkg
AMZN,2025-05-01,SharkNinja pressure cookers linked to burn injuries : CPSC announces major recall,https://www.abc15.com/life/recalls/sharkninja-pressure-cookers-linked-to-burn-injuries-cpsc-announces-major-recall,abc15.com,English,0.0,gdelt_gkg
AMZN,2025-05-01,Visa wants to give artificial intelligence  agent your credit card,https://www.wdsu.com/article/visa-give-artificial-intelligence-agents-credit-card/64646757,wdsu.com,English,0.0,gdelt_gkg
AMZN,2025-05-01,"Stock futures slip after Amazon and Alphabet post earnings , big jobs report looms : Live updates",https://www.nbcphiladelphia.com/news/business/money-report/stock-futures-slip-after-amazon-and-alphabet-post-earnings-big-jobs-report-looms-live-updates/4174680/,nbcphiladelphia.com,English,0.0,gdelt_gkg
AMZN,2025-05-01,Missouri Most Popular Cooker Recalled after 106 Burn Injuries,https://101theeagle.com/sharkninja-recall-missouri-cookers/,101theeagle.com,English,0.0,gdelt_gkg
AMZN,2025-05-01,AWS now makes more money than Microsoft Cloud and Server business combined,https://www.neowin.net/news/aws-now-makes-more-money-than-microsofts-cloud-and-server-business-combined/,neowin.net,English,0.0,gdelt_gkg
AMZN,2025-05-01,"Amazon Earnings Top Expectations , But Soft Outlook Disappoints",https://www.investopedia.com/amazon-earnings-q1-fy2025-11725133,investopedia.com,English,0.0,gdelt_gkg
AMZN,2025-05-01,Monthly Review | The MAGA Ideology and the Trump Regime,https://monthlyreview.org/2025/05/01/the-maga-ideology-and-the-trump-regime/,monthlyreview.org,English,0.0,gdelt_gkg
AMZN,2025-05-01,"TV News : Season , Carrie , Resident , Gilded",https://www.darkhorizons.com/tv-news-season-carrie-resident-gilded/,darkhorizons.com,English,0.0,gdelt_gkg
AMZN,2025-05-01,Roku trims annual revenue forecast as economic uncertainty weighs,https://www.marketscreener.com/quote/stock/ROKU-INC-37892974/news/Roku-trims-annual-revenue-forecast-as-economic-uncertainty-weighs-49794288/,marketscreener.com,English,0.0,gdelt_gkg
AMZN,2025-05-01,BeyondTrust names industry veteran Sean Malone as Chief Information Security Officer,https://www.securityinfowatch.com/cybersecurity/press-release/55287375/beyondtrust-beyondtrust-names-industry-veteran-sean-malone-as-chief-information-security-officer,securityinfowatch.com,English,0.0,gdelt_gkg
AMZN,2025-05-01,Agentic AI transforms cybersecurity response speed,https://siliconangle.com/2025/05/01/rise-agentic-ai-crowdstrike-defending-faster-smarter-ai-powered-adversaries/,siliconangle.com,English,0.0,gdelt_gkg
AMZN,2025-05-01,"U . S . stocks close higher on strong earnings , AI optimism",https://www.thestar.com.my/news/world/2025/05/02/us-stocks-close-higher-on-strong-earnings-ai-optimism,thestar.com.my,English,0.0,gdelt_gkg
AMZN,2025-05-01,Are ChatGPT - written children books an easy side hustle ? ,https://www.yahoo.com/news/chatgpt-written-children-books-easy-200640169.html,yahoo.com,English,0.0,gdelt_gkg
AMZN,2025-05-01,"Amazonin tulos kasvoi , mutta ennuste lähetti kurssin laskuun",https://www.lansi-savo.fi/uutissuomalainen/8489416,lansi-savo.fi,Finnish,0.0,gdelt_gkg
AMZN,2025-05-01,周五你需要知道的隔夜全球要闻,https://baijiahao.baidu.com/s?id=1830958920028382078,baijiahao.baidu.com,Chinese,0.0,gdelt_gkg
AMZN,2025-05-01,Temu highlighting import taxes to customers,https://nypost.com/2025/05/01/business/temu-highlighting-import-taxes-to-customers/,nypost.com,English,0.0,gdelt_gkg
AMZN,2025-05-01,Building trusted AI with SAS Viya and cloud innovation,https://siliconangle.com/2025/05/01/building-trusted-ai-sas-viya-cloud-innovation-sasinnovate/,siliconangle.com,English,0.0,gdelt_gkg
AMZN,2025-05-01,Amazonun satış bilançosu belli oldu ! ,https://www.tgrthaber.com/ekonomi/amazonun-satis-bilancosu-belli-oldu-3216682,tgrthaber.com,Turkish,0.0,gdelt_gkg
AMZN,2025-05-01,Platformization drives new cybersecurity strategy,https://siliconangle.com/2025/05/01/critical-infrastructure-becomes-target-platformization-takes-hold-rsac/,siliconangle.com,English,0.0,gdelt_gkg
AMZN,2025-05-01,"Ever wanted a GODZILLA HAMMER ? Well , youre in luck because now you can buy one",https://www.comicsbeat.com/godzilla-hammer/,comicsbeat.com,English,0.0,gdelt_gkg
AMZN,2025-05-01,Korean Skin Care Company Skin1004 Opening First U . S . Store in SoHo,https://commercialobserver.com/2025/05/skin1004-lease-soho-470-broadway/,commercialobserver.com,English,0.0,gdelt_gkg
AMZN,2025-05-01,Agentless cloud security : How Wiz and Google Cloud are reshaping protection,https://siliconangle.com/2025/05/01/agentless-cloud-security-wiz-google-cloud-reshaping-cloud-protection-strategy-rsac/,siliconangle.com,English,0.0,gdelt_gkg
AMZN,2025-05-01,Court finds that Apple breached 2021 injunction with App Store rules,https://siliconangle.com/2025/05/01/court-finds-apple-breached-2021-injunction-app-store-rules/,siliconangle.com,English,0.0,gdelt_gkg
AMZN,2025-05-01,  Haibane Renmei  and  Aria : The Animation : A Look at Mellow Anime,http://www.awn.com/animationworld/haibane-renmei-and-aria-animation-look-mellow-anime,awn.com,English,0.0,gdelt_gkg
AMZN,2025-05-01,Chamber of Commerce asks Trump administration for tariff exclusions to  stave off a recession  ,https://www.cbsnews.com/news/chamber-of-commerce-tariff-exclusions-recession/,cbsnews.com,English,0.0,gdelt_gkg
AMZN,2025-05-01,African Catholics say it would be nice to see themselves reflected in the next pope,https://www.pbs.org/newshour/world/african-catholics-say-it-would-be-nice-to-see-themselves-reflected-in-the-next-pope,pbs.org,English,0.0,gdelt_gkg
AMZN,2025-05-01,Amazon CEO Jassy says he  optimistic  company could emerge from tariff uncertainty stronger – NBC 6 South Florida,https://www.nbcmiami.com/news/business/money-report/amazon-ceo-jassy-says-hes-optimistic-company-could-emerge-from-tariff-uncertainty-stronger/3604993/,nbcmiami.com,English,0.0,gdelt_gkg
AMZN,2025-05-01,"Amazonin tulos kasvoi , mutta ennuste lähetti kurssin laskuun",https://www.kymensanomat.fi/uutissuomalainen/8489416,kymensanomat.fi,Finnish,0.0,gdelt_gkg
AMZN,2025-05-01,TikTok and the Downfall of Luxury Brands | Arts | The Harvard Crimson,https://www.thecrimson.com/article/2025/5/1/tiktok-and-downfall-of-luxury-thinkpiece/,thecrimson.com,English,0.0,gdelt_gkg
AMZN,2025-05-01,Amazon : A Good Quarter but Some Concerns,https://www.fool.com/investing/2025/05/01/amazon-a-good-quarter-but-some-concerns/?source=iedfolrf0000001,fool.com,English,0.0,gdelt_gkg
AMZN,2025-05-01,Artista dinamarquesa - brasileira leva cores intensas e obras sensoriais à Pinacoteca Benedicto Calixto,https://g1.globo.com/sp/santos-regiao/noticia/2025/05/01/artista-dinamarquesa-brasileira-leva-cores-intensas-e-obras-sensoriais-a-pinacoteca-benedicto-calixto.ghtml,g1.globo.com,Portuguese,0.0,gdelt_gkg
AMZN,2025-05-01,Farmers market season is officially here . Macomb is celebrating 50 years . ,https://www.tspr.org/tspr-local-news/2025-05-01/farmers-market-season-is-officially-here-macombs-is-celebrating-50-years,tspr.org,English,0.0,gdelt_gkg
AMZN,2025-05-01,The real problem ..... ,https://www.ncspin.com:443/the-real-problem,ncspin.com,English,0.0,gdelt_gkg
AMZN,2025-05-01,Ask HN : Who is hiring ? ( May 2025 ) ,https://news.ycombinator.com/item?id=43858554,news.ycombinator.com,English,0.0,gdelt_gkg
AMZN,2025-05-01,Amazon stock rises with market ahead of earnings after close,https://www.fxstreet.com/news/amazon-stock-rises-with-market-ahead-of-earnings-after-close-202505011855,fxstreet.com,English,0.0,gdelt_gkg
AMZN,2025-05-01,Veeam Threat Hunter : Proactive cybersecurity for data protection,https://siliconangle.com/2025/05/01/veeam-threat-hunter-enhancing-cyber-resilience-proactive-security-solutions-rsac/,siliconangle.com,English,0.0,gdelt_gkg
AMZN,2025-05-01,Kohl fires CEO Ashley Buchanan for conflicts of interest in vendor transaction,https://www.wwltv.com/article/news/nation-world/kohls-ousts-ceo-ashley-buchanan-after-investigation-vendor-transactions/507-40ce2427-f403-46e1-8d81-989be697fbe2,wwltv.com,English,0.0,gdelt_gkg
AMZN,2025-05-01,Hair Clips Sold in Michigan Recalled Because of Lead Exposure,https://975now.com/lead-hairclip-michigan/,975now.com,English,0.0,gdelt_gkg
AMZN,2025-05-01,"Amazon posts solid first quarter earnings growth , but outlook is tempered by tariff uncertainty",https://www.thetimes-tribune.com/2025/05/01/amazon-first-quarter-tariff-uncertainty/,thetimes-tribune.com,English,0.0,gdelt_gkg
AMZN,2025-05-01,Food product recall for hot sauce sold in Canada,https://www.cambridgetimes.ca/news/product-food-recall-canada-sauce/article_b53a8271-93a6-58e0-afbb-f38eab518963.html,cambridgetimes.ca,English,0.0,gdelt_gkg
AMZN,2025-05-01,"If You See Package Theft , Call Yakima Police Immediately",https://katsfm.com/ixp/113/p/consider-using-amazon-lockers-or-ups-accesspoints-to-protect-deliveries/,katsfm.com,English,0.0,gdelt_gkg
AMZN,2025-05-01,Ninja - branded pressure cookers recalled after reports of serious burn injuries,https://jcpost.com/posts/d239bc78-0889-4684-a70e-e6a282eb3920,jcpost.com,English,0.0,gdelt_gkg
AMZN,2025-05-01,Cribl brings XSIAM to secure agentic AI and enterprise data,https://siliconangle.com/2025/05/01/cribli-brings-xsiam-secure-agentic-ai-enterprise-data-rsac/,siliconangle.com,English,0.0,gdelt_gkg
AMZN,2025-05-01,В Боливии начали поиски после пропажи самолета с пятью пассажирами на борту,https://iz.ru/1880376/2025-05-02/v-bolivii-nacali-poiski-posle-propazi-samoleta-s-patu-passazirami-na-bortu,iz.ru,Russian,0.0,gdelt_gkg
AMZN,2025-05-01,Billionaire David Rubenstein says his hiring red flag is people who try to cut ethical corners,https://finance.yahoo.com/news/billionaire-david-rubenstein-says-hiring-151354553.html,finance.yahoo.com,English,0.0,gdelt_gkg
AMZN,2025-05-01,Every Minecraft Nerf Blaster You Can Buy in 2025,https://www.ign.com/articles/all-minecraft-nerf-blasters,ign.com,English,0.0,gdelt_gkg
AMZN,2025-05-01,Amazon Shares Slip in Extended Trading on Light 2nd Quarter Guidance,https://www.theepochtimes.com/business/amazon-shares-slip-in-extended-trading-on-light-2nd-quarter-guidance-5850308,theepochtimes.com,English,0.0,gdelt_gkg
AMZN,2025-05-01,Ranky Tanky with Ms . Lisa Fischer | An Appalachian Summer | Appalachian State University,https://appsummer.appstate.edu/event/ranky-tanky-with-ms-lisa-fischer/,appsummer.appstate.edu,English,0.0,gdelt_gkg
AMZN,2025-05-01,"Amazon talks up AI potential on earnings call , points to limited tariff impact so far ( AMZN : NASDAQ ) ",https://seekingalpha.com/news/4439649-amazon-talks-up-ai-potential-on-earnings-call-points-to-limited-tariff-impact-so-far,seekingalpha.com,English,0.0,gdelt_gkg
AMZN,2025-05-01,"Amazon posts solid first quarter earnings growth , but outlook is tempered by tariff uncertainty",https://www.broomfieldenterprise.com/2025/05/01/amazon-first-quarter-tariff-uncertainty/,broomfieldenterprise.com,English,0.0,gdelt_gkg
AMZN,2025-05-01,How to watch Dolly to celebrate 40 years of Dollywood,https://www.wbir.com/article/life/people/dolly-parton/dollywood-40th-anniversary-celebration-panel/51-f756127a-6c11-49de-b9f6-b156285b4347,wbir.com,English,0.0,gdelt_gkg
AMZN,2025-05-01,"If You See Package Theft , Call Yakima Police Immediately",https://929thebull.com/ixp/113/p/consider-using-amazon-lockers-or-ups-accesspoints-to-protect-deliveries/,929thebull.com,English,0.0,gdelt_gkg
AMZN,2025-05-01,Lena Evans Releases New Poker Book The Poker Powered Brain,https://www.pokernews.com/news/2025/05/new-book-the-poker-powered-brain-by-lena-evans-48495.htm,pokernews.com,English,0.0,gdelt_gkg
AMZN,2025-05-01,"Amazon Revenue Climbs 9 %, But Outlook Sends Shares Lower",https://www.ibtimes.com/amazon-revenue-climbs-9-outlook-sends-shares-lower-3772197,ibtimes.com,English,0.0,gdelt_gkg
AMZN,2025-05-01,Самолёт Cessna 172 с пятью людьми на борту исчез в Амазонии,https://news.mail.ru/incident/65964739/,news.mail.ru,Russian,0.0,gdelt_gkg
AMZN,2025-05-01,Ministra de ambiente marcha junto a minga indígena con voz de apoyo a consulta,https://hoydiariodelmagdalena.com.co/archivos/1115718/ministra-de-ambiente-marcha-junto-a-minga-indigena-con-voz-de-apoyo-a-consulta/,hoydiariodelmagdalena.com.co,Spanish,0.0,gdelt_gkg
AMZN,2025-05-01,"Amazon posts solid first quarter earnings growth , but outlook is tempered by tariff uncertainty",https://www.canoncitydailyrecord.com/2025/05/01/amazon-first-quarter-tariff-uncertainty/,canoncitydailyrecord.com,English,0.0,gdelt_gkg
AMZN,2025-05-01,Blake Lively Justin Baldoni lawsuit has haunted her new press tour in increasingly absurd ways . ,https://slate.com/life/2025/05/blake-lively-justin-baldoni-ryan-reynolds-lawsuit.html,slate.com,English,0.0,gdelt_gkg
AMZN,2025-05-01,Amazon Q1 2025 earnings beat expectations as ad sales surge,https://qz.com/amzn-msft-meta-may-1-1851778706,qz.com,English,0.0,gdelt_gkg
AMZN,2025-05-01,Amazon falls short on cloud revenue for third straight quarter,https://www.nbcphiladelphia.com/news/business/money-report/amazon-falls-short-on-cloud-revenue-for-third-straight-quarter/4174532/,nbcphiladelphia.com,English,0.0,gdelt_gkg
AMZN,2025-05-01,"Amazon posts solid first quarter earnings growth , but outlook is tempered by tariff uncertainty",https://www.news4jax.com/business/2025/05/01/amazon-posts-solid-first-quarter-earnings-growth-but-outlook-is-tempered-by-tariff-uncertainty/,news4jax.com,English,0.0,gdelt_gkg
AMZN,2025-05-01,"Amazon revenue climbs 9 %, but outlook sends shares lower",https://www.mtdemocrat.com/news/national/amazon-revenue-climbs-9-but-outlook-sends-shares-lower/article_c2ea2a71-559b-536b-b1d6-190c2f1bdc32.html,mtdemocrat.com,English,0.0,gdelt_gkg
AMZN,2025-05-01,"  Hilda Furacão ,  Alto Astral : Nana Caymmi já cantou trilhas sonoras de novelas e séries da Tv Globo ; relembre | Pop & Arte",https://g1.globo.com/pop-arte/noticia/2025/05/01/trilha-sonoras-tv-globo-nana-caymmi.ghtml,g1.globo.com,Portuguese,0.0,gdelt_gkg
AMZN,2025-05-01,"Amazonin tulos kasvoi , mutta ennuste lähetti kurssin laskuun",https://www.ksml.fi/uutissuomalainen/8489416,ksml.fi,Finnish,0.0,gdelt_gkg
AMZN,2025-05-01,"Amazonin tulos kasvoi , mutta ennuste lähetti kurssin laskuun",https://www.hameensanomat.fi/uutissuomalainen/8489416,hameensanomat.fi,Finnish,0.0,gdelt_gkg
AMZN,2025-05-01,"Between vows against taxes and using savings , the 2025 PFD and Alaska state services are in a vise",https://www.newsminer.com/news/alaska_news/between-vows-against-taxes-and-using-savings-the-2025-pfd-and-alaska-state-services-are/article_16d8ddd2-2f25-4247-99ff-bbecf183d91a.html,newsminer.com,English,0.0,gdelt_gkg
AMZN,2025-05-01,Friday big stock stories : What likely to move the market,https://www.cnbc.com/2025/05/01/fridays-big-stock-stories-whats-likely-to-move-the-market.html,cnbc.com,English,0.0,gdelt_gkg
AMZN,2025-05-01,Amazon vulnerable from smaller advertisers squeezed by the trade war,https://www.adnews.com.au/news/amazon-vulnerable-from-smaller-advertisers-squeezed-by-the-trade-war,adnews.com.au,English,0.0,gdelt_gkg
AMZN,2025-05-01,"Amazon posts solid first quarter earnings growth , but outlook is tempered by tariff uncertainty",https://wcbm.com/national-headline/amazon-posts-solid-first-quarter-earnings-growth-but-outlook-is-tempered-by-tariff-uncertainty/,wcbm.com,English,0.0,gdelt_gkg
AMZN,2025-05-01,美股集体收涨 ， 微软涨超7 %， 黄金大跌 ； 换掉马斯克 ？ 特斯拉发声 ； 五一  前大量放票 ？ 12306回应 ； 多地门店  反向抹零 ， 永辉道歉丨每经早参,https://baijiahao.baidu.com/s?id=1830960618441854518,baijiahao.baidu.com,Chinese,0.0,gdelt_gkg
AMZN,2025-05-01,Jim Cramer hails Big Tech earnings power amid economic turbulence,https://www.cnbc.com/2025/05/01/jim-cramer-hails-big-techs-earnings-power-amid-economic-turbulence-.html,cnbc.com,English,0.0,gdelt_gkg
AMZN,2025-05-01,"Amazon earnings beat , shares slip on slowing AWS growth",https://www.proactiveinvestors.co.uk/companies/news/1070565/amazon-earnings-beat-shares-slip-on-slowing-aws-growth-1070565.html,proactiveinvestors.co.uk,English,0.0,gdelt_gkg
AMZN,2025-05-01,"Le CA et les prévisions dAmazon sous les attentes , le titre chute",https://www.zonebourse.com/cours/action/AMAZON-COM-INC-12864605/actualite/Le-CA-et-les-previsions-d-Amazon-sous-les-attentes-le-titre-chute-49795658/,zonebourse.com,French,0.0,gdelt_gkg
AMZN,2025-05-01,K - 뷰티에 빠진 할리우드 스타들 … 美 매체  가격 인상 전에 구매하세요  ,https://www.etnews.com/20250429000408,etnews.com,Korean,0.0,gdelt_gkg
AMZN,2025-05-01,Apple braces for $900m blow from Trump tariffs,https://www.bbc.co.uk/news/articles/c86jx18y9e2o,bbc.co.uk,English,0.0,gdelt_gkg
AMZN,2025-05-01,  Legally Blonde  prequel series  Elle  casts Tom Everett Scott as Elle dad,https://www.newrock1041.fm/2025/05/01/legally-blonde-prequel-series-elle-casts-tom-everett-scott-as-elles-dad/,newrock1041.fm,English,0.0,gdelt_gkg
AMZN,2025-05-01,Perú y Colombia avanzan hacia restabecimiento pleno de relaciones tras dos años de tensión,https://www.prensa.com/mundo/peru-y-colombia-avanzan-hacia-restabecimiento-pleno-de-relaciones-tras-dos-anos-de-tension/,prensa.com,Spanish,0.0,gdelt_gkg
AMZN,2025-05-01,Recession Nails Is the 2025 Trend That All About DIY Manicures,https://stylecaster.com/beauty/hair-nails/1234822191/recession-nails/,stylecaster.com,English,0.0,gdelt_gkg
AMZN,2025-05-01,"Here how to watch Another Simple Favor at home , for free",https://www.cosmopolitan.com/uk/entertainment/a64645468/how-to-watch-another-simple-favor/,cosmopolitan.com,English,0.0,gdelt_gkg
AMZN,2025-05-01,The Best Books for Moms Who Love To Read,https://www.sheknows.com/entertainment/slideshow/2227046/books-for-moms/,sheknows.com,English,0.0,gdelt_gkg
AMZN,2025-05-01,"Amazon posts solid first quarter earnings growth , but outlook is tempered by tariff uncertainty",https://www.ksat.com/business/2025/05/01/amazon-posts-solid-first-quarter-earnings-growth-but-outlook-is-tempered-by-tariff-uncertainty/,ksat.com,English,0.0,gdelt_gkg
AMZN,2025-05-01,Kohl ousts CEO Buchanan after investigation into some vendor transactions,https://www.1280wnam.com/news/kohls-ousts-ceo-buchanan-after-investigation-into-some-vendor-transactions/,1280wnam.com,English,0.0,gdelt_gkg
AMZN,2025-05-01,"Apple says most devices will come from India , Vietnam to avoid U . S . tariffs - National",https://globalnews.ca/news/11160224/apple-donald-trump-tariffs-india-vietnam-china-q2-earnings/,globalnews.ca,English,0.0,gdelt_gkg
AMZN,2025-05-01,"Which Car Seat is Being Recalled in Idaho , Washington , and Utah ? ",https://liteonline.com/ixp/94/p/car-seat-recall-in-idaho-washington-and-utah/,liteonline.com,English,0.0,gdelt_gkg
AMZN,2025-05-01,"Jelly Roll , Backstreet Boys Added as 2025 ACM Awards Performers",https://929nin.com/ixp/204/p/2025-acm-awards-performers/,929nin.com,English,0.0,gdelt_gkg
AMZN,2025-05-01,Complexo Industrial do Café deve beneficiar mais de 150 produtores do Vale do Juruá,https://g1.globo.com/ac/acre/noticia/2025/05/01/complexo-industrial-do-cafe-deve-beneficiar-mais-de-150-produtores-do-vale-do-jurua.ghtml,g1.globo.com,Portuguese,0.0,gdelt_gkg
AMZN,2025-05-01,"Encontro debate racismo e mobilidade na Amazônia urbana em programao gratuita neste sábado , em Belém",https://g1.globo.com/pa/para/noticia/2025/05/01/encontro-debate-racismo-e-mobilidade-na-amazonia-urbana-em-programacao-gratuita-neste-sabado-em-belem.ghtml,g1.globo.com,Portuguese,0.0,gdelt_gkg
AMZN,2025-05-01,"Modeling and Targeting Cell Communication , Senescence and Immunoevasion to Support Skin Longevity",https://www.cosmeticsandtoiletries.com/testing/method-process/article/22937340/silab-modeling-and-targeting-cell-communication-senescence-and-immunoevasion-to-support-skin-longevity,cosmeticsandtoiletries.com,English,0.0,gdelt_gkg
AMZN,2025-05-01,Kohl ousts CEO Buchanan after investigation into some vendor transactions,https://www.1039wvbo.com/news/kohls-ousts-ceo-buchanan-after-investigation-into-some-vendor-transactions/,1039wvbo.com,English,0.0,gdelt_gkg
AMZN,2025-05-01,Amazon Stock Slips After Cloud Business Misses the Mark,https://wallstreetpit.com/126505-amazon-stock-slips-after-cloud-business-misses-the-mark/,wallstreetpit.com,English,0.0,gdelt_gkg
AMZN,2025-05-01,Barbra Streisand New Duets Album Goes Straight to Number 1 Two Months Before Release,https://www.showbiz411.com/2025/05/01/barbra-streisands-new-duets-album-goes-straight-to-number-1-two-months-before-release,showbiz411.com,English,0.0,gdelt_gkg
AMZN,2025-05-01,Apple braces for $900m blow from Trump tariffs,https://www.bbc.com/news/articles/c86jx18y9e2o,bbc.com,English,0.0,gdelt_gkg
AMZN,2025-05-01,"Amazon posts solid first quarter earnings growth , but outlook is tempered by tariff uncertainty",https://www.2news.com/news/national/amazon-posts-solid-first-quarter-earnings-growth-but-outlook-is-tempered-by-tariff-uncertainty/article_933a4c73-472c-50a2-a428-cf206fd272e6.html,2news.com,English,0.0,gdelt_gkg
AMZN,2025-05-01,  Ransom Canyon  Hunks : Who the Most Swoon - Worthy Cowboy ? ,https://www.womansworld.com/entertainment/tv-shows/ransom-canyon-hunks-whos-the-most-swoon-worthy-cowboy,womansworld.com,English,0.0,gdelt_gkg
AMZN,2025-05-01,"Ninja product part sold in Canada , U . S . recalled",https://www.insidehalton.com/news/product-recall-ninja-canada-health/article_cccdc95f-5c30-5e32-8e47-4b26b4324ddd.html,insidehalton.com,English,0.0,gdelt_gkg
AMZN,2025-05-01,Saks Joins Amazon Luxury as Trade War Looms Over Retail,https://wwd.com/business-news/financial/amazon-saks-luxury-trade-war-impact-1237156768/,wwd.com,English,0.0,gdelt_gkg
AMZN,2025-05-01,Star Wars Day gifts for Mother Day 2025 - ABC11 Raleigh - Durham,https://abc11.com/post/mothers-day-star-wars-gifts-shop/16286398/,abc11.com,English,0.0,gdelt_gkg
AMZN,2025-05-01,"  בניתי את המסעדה הזאת , נתקעתי כאן ועכשיו נפרדים . אני מרגיש שפרשנו בשיא  ",https://www.ynet.co.il/food/article/yokra14349018,ynet.co.il,Hebrew,0.0,gdelt_gkg
AMZN,2025-05-01,One weird trick to get around DJI Osmo Pocket 3 price hike . ,https://www.theverge.com/news/659887/one-weird-trick-to-get-around-djis-osmo-pocket-3-price-hike,theverge.com,English,0.0,gdelt_gkg
AMZN,2025-05-01,"Amazonin tulos kasvoi , mutta ennuste lähetti kurssin laskuun",https://www.hs.fi/talous/art-2000011205655.html,hs.fi,Finnish,0.0,gdelt_gkg
AMZN,2025-05-01,В Боливии пропал самолет с пятью пассажирами,https://www.5-tv.ru/news/5023027/vbolivii-propal-samolet-spatu-passazirami/,5-tv.ru,Russian,0.0,gdelt_gkg
AMZN,2025-05-01,盤前 ／ 微軟臉書財報炸裂 激勵美股八連紅 台股收假完開門紅 ? | 財經 | 三立新聞網 SETN . COM,https://www.setn.com/News.aspx?NewsID=1649633,setn.com,Chinese,0.0,gdelt_gkg
AMZN,2025-05-01,亚马逊第一季度净利润增长64 % 云业务不及预期股价下跌,https://tech.ifeng.com/c/8j1FhKxeEIj,tech.ifeng.com,Chinese,0.0,gdelt_gkg
AMZN,2025-05-01,Самолёт Cessna 172 с пятью людьми на борту исчез в Амазонии,https://life.ru/p/1748723,life.ru,Russian,0.0,gdelt_gkg
AMZN,2025-05-01,Президент Боливии сообщил о пропаже самолета в боливийской Амазонии,https://www.ridus.ru/prezident-bolivii-soobshil-o-propazhe-samoleta-v-bolivijskoj-amazonii-615349.html,ridus.ru,Russian,0.0,gdelt_gkg
AMZN,2025-05-01,Amazon to report earnings as investors weigh effects of Trump tariffs,https://www.chinatechnews.com/2025/05/02/113008-amazon-to-report-earnings-as-investors-weigh-effects-of-trumps-tariffs,chinatechnews.com,English,0.0,gdelt_gkg
AMZN,2025-05-01,微软市值一夜涨超1 . 6万亿元 ！ 业绩超预期 ， 苹果盘后却跌超4 %， 什么情况 ？ 公司宣布 ： 最高回购1000亿美元股票,https://finance.sina.com.cn/roll/2025-05-02/doc-inevcpfc2339505.shtml,finance.sina.com.cn,Chinese,0.0,gdelt_gkg
AMZN,2025-05-01,Amazon slår förväntningarna,https://nyheter24.se/nyheter/ekonomi/1394310-amazon-slar-forvantningarna,nyheter24.se,Swedish,0.0,gdelt_gkg
AMZN,2025-05-01,"Amazon revenue climbs 9 %, but outlook sends shares lower",https://www.fairfieldsuntimes.com/news/national/amazon-revenue-climbs-9-but-outlook-sends-shares-lower/article_fc0bba0f-f653-5c40-9356-49f79a6aedbe.html,fairfieldsuntimes.com,English,0.0,gdelt_gkg
AMZN,2025-05-01,ACM Awards Week 2025 : Your ultimate guide and the events you need to know about,https://www.wfaa.com/article/entertainment/events/8-things-you-can-do-during-acm-awards-week-north-texas/287-fa1dc5d6-72ea-4a4e-9c81-37f8fc32c5a5,wfaa.com,English,0.0,gdelt_gkg
AMZN,2025-05-01,"Amazon posts solid first quarter earnings growth , but outlook is tempered by tariff uncertainty",https://www.orlandosentinel.com/2025/05/01/amazon-first-quarter-tariff-uncertainty/,orlandosentinel.com,English,0.0,gdelt_gkg
AMZN,2025-05-01,Safeway Fined $26K for Violations of New WA Worker Regulations,https://keyw.com/ixp/136/p/safeway-fined-26k-for-violations-of-new-wa-worker-regulations/,keyw.com,English,0.0,gdelt_gkg
AMZN,2025-05-01,The NLRB 2025 U - Turn : Stay Buckled | Bradley Arant Boult Cummings LLP,https://www.jdsupra.com/legalnews/the-nlrb-s-2025-u-turn-stay-buckled-1128136/,jdsupra.com,English,0.0,gdelt_gkg
AMZN,2025-05-01,"Veteranos de la Fuerza Pública , en la feria de servicios más grande del país para ellos ; se realizó en Cali",https://www.eltiempo.com/colombia/cali/veteranos-de-la-fuerza-publica-en-la-feria-de-servicios-mas-grande-del-pais-para-ellos-se-realizo-en-cali-3449885,eltiempo.com,Spanish,0.0,gdelt_gkg
AMZN,2025-05-01,How Much Would It Take To Earn $100 A Month From PepsiCo Stock,https://finance.yahoo.com/news/much-earn-100-month-pepsico-160230452.html,finance.yahoo.com,English,0.0,gdelt_gkg
AMZN,2025-05-01,Star Wars Day gifts for Mother Day 2025,https://abc13.com/post/mothers-day-star-wars-gifts-shop/16286398/,abc13.com,English,0.0,gdelt_gkg
AMZN,2025-05-01,كيف استغلت الشركات رسوم ترامب الجمركية لزيادة المبيعات ؟ ,https://www.albayan.ae/financial-times/42823,albayan.ae,Arabic,0.0,gdelt_gkg
AMZN,2025-05-01,US Ends Trade Exemption That Enabled Flood of Cheap Chinese Goods,https://www.theepochtimes.com/article/us-ends-trade-exemption-that-enabled-flood-of-cheap-chinese-goods-5845670,theepochtimes.com,English,0.0,gdelt_gkg
AMZN,2025-05-01,SharkNinja recalls more than 1 . 8 million pressure cookers over burn injury reports,https://www.the-independent.com/life-style/sharkninja-pressure-cooker-recall-foodi-b2743399.html,the-independent.com,English,0.0,gdelt_gkg
AMZN,2025-05-01,全球市场 ： 道指 、 标普日线八连涨 微软大涨逾7 % 国际金价跌近3 % _ 东方财富网,https://finance.eastmoney.com/a/202505023395403926.html,finance.eastmoney.com,Chinese,0.0,gdelt_gkg
AMZN,2025-06-14,Ace OTT release : When and where to watch Vijay Sethupathi starrer crime comedy online,https://www.pinkvilla.com/entertainment/south/ace-ott-release-when-and-where-to-watch-vijay-sethupathi-starrer-crime-comedy-online-1391426,pinkvilla.com,English,0.0,gdelt_gkg
AMZN,2025-06-14,These $60 Walking Shoes Look Identical to Hokas,https://www.travelandleisure.com/amazon-nurse-approved-nortiv-8-walking-shoes-deal-11753227,travelandleisure.com,English,0.0,gdelt_gkg
AMZN,2025-06-14,I played the new Resident Evil and a whole lot more . Here are my thoughts,https://www.waer.org/2025-06-14/i-played-the-new-resident-evil-and-a-whole-lot-more-here-are-my-thoughts,waer.org,English,0.0,gdelt_gkg
AMZN,2025-06-14,I played the new Resident Evil and a whole lot more . Here are my thoughts,https://www.upr.org/npr-news/2025-06-14/i-played-the-new-resident-evil-and-a-whole-lot-more-here-are-my-thoughts,upr.org,English,0.0,gdelt_gkg
AMZN,2025-06-14,Venedik halkı Jeff Bezosa karşı ayaklandı : Düğün öncesinde gerginlik artıyor,https://www.yenicaggazetesi.com.tr/venedik-halki-jeff-bezosa-karsi-ayaklandi-dugun-oncesinde-gerginlik-artiyor-925469h.htm,yenicaggazetesi.com.tr,Turkish,0.0,gdelt_gkg
AMZN,2025-06-14,Microsoft commits to upskill 1 million united kingdom workers in AI this year,https://www.neowin.net/news/microsoft-commits-to-upskill-1-million-uk-workers-in-ai-this-year/,neowin.net,English,0.0,gdelt_gkg
AMZN,2025-06-14,"What we know about The Paper , the upcoming Office spinoff",https://www.nzherald.co.nz/entertainment/what-we-know-about-the-paper-the-upcoming-office-spinoff/4VOKMTLCFREJ7G77IV7UE7WR5Q/,nzherald.co.nz,English,0.0,gdelt_gkg
AMZN,2025-06-14,Por que conferência do clima na Alemanha é tão importante para a COP em Belém,https://tribunadonorte.com.br/brasil/por-que-conferencia-do-clima-na-alemanha-e-tao-importante-para-a-cop-em-belem/,tribunadonorte.com.br,Portuguese,0.0,gdelt_gkg
AMZN,2025-06-14,I Have a Pixel Phone at Risk of Catching Fire : Here Why Phones Explode and the Warnings Signs to Watch Out for,https://www.pcmag.com/explainers/why-phones-explode-and-how-to-prevent-it-from-happening-to-you,pcmag.com,English,0.0,gdelt_gkg
AMZN,2025-06-14,"King Honours : Entrepreneurs , Retail Leaders Lauded",https://www.miragenews.com/kings-honours-entrepreneurs-retail-leaders-1478099/,miragenews.com,English,0.0,gdelt_gkg
AMZN,2025-06-14,Schluss für Fritz Meinecke bei 7 vs . Wild – Ausstieg vor der Amazonas - Staffel,http://www.ingame.de/news/streaming/schluss-fuer-fritz-meinecke-bei-vs-wild-ausstieg-vor-der-amazonas-staffel-93780962.html,ingame.de,German,0.0,gdelt_gkg
AMZN,2025-06-14,হোবার্ট ও গায়ানায় নেই রিশাদ - সাকিব,https://www.arthosuchak.com/archives/915596/%E0%A6%B9%E0%A7%8B%E0%A6%AC%E0%A6%BE%E0%A6%B0%E0%A7%8D%E0%A6%9F-%E0%A6%93-%E0%A6%97%E0%A6%BE%E0%A6%AF%E0%A6%BC%E0%A6%BE%E0%A6%A8%E0%A6%BE%E0%A6%AF%E0%A6%BC-%E0%A6%A8%E0%A7%87%E0%A6%87-%E0%A6%B0/,arthosuchak.com,Bengali,0.0,gdelt_gkg
AMZN,2025-06-14,"Try Amazon for cheaper , good - quality hearing aids | The Arkansas Democrat - Gazette",https://www.arkansasonline.com/news/2025/jun/14/try-amazon-for-cheaper-good-quality-hearing-aids/,arkansasonline.com,English,0.0,gdelt_gkg
AMZN,2025-06-14,The 2025 stock market rally is about more than just the  Magnificent 7 : Morning Brief,https://finance.yahoo.com/news/the-2025-stock-market-rally-is-about-more-than-just-the-magnificent-7-morning-brief-100042029.html,finance.yahoo.com,English,0.0,gdelt_gkg
AMZN,2025-06-14,I played the new Resident Evil and a whole lot more . Here are my thoughts,https://www.wkms.org/npr-news/2025-06-14/i-played-the-new-resident-evil-and-a-whole-lot-more-here-are-my-thoughts,wkms.org,English,0.0,gdelt_gkg
AMZN,2025-06-14,Meta investing $14 . 3B in AI firm Scale | The Arkansas Democrat - Gazette,https://www.arkansasonline.com/news/2025/jun/14/meta-investing-143b-in-ai-firm-scale/,arkansasonline.com,English,0.0,gdelt_gkg
AMZN,2025-06-14,Crash du vol Air India 171 : destins de victimes,https://www.linternaute.com/actualite/depeches/8167397-crash-du-vol-air-india-171-destins-de-victimes/,linternaute.com,French,0.0,gdelt_gkg
AMZN,2025-06-14,专访  家居收纳第一股  掌门人 ： 跨境电商成品牌全球化核心,https://m.mp.oeeee.com/a/BAAFRD0000202506121094307.html,m.mp.oeeee.com,Chinese,0.0,gdelt_gkg
AMZN,2025-06-14,I played the new Resident Evil and a whole lot more . Here are my thoughts,https://www.wyomingpublicmedia.org/2025-06-14/i-played-the-new-resident-evil-and-a-whole-lot-more-here-are-my-thoughts,wyomingpublicmedia.org,English,0.0,gdelt_gkg
AMZN,2025-06-14,"Descubren en Amazonas la especie de ave número 1 , 426 de Venezuela : la tángara enmascarada",https://invdes.com.mx/medio-ambiente/descubren-en-amazonas-la-especie-de-ave-numero-1426-de-venezuela-la-tangara-enmascarada/,invdes.com.mx,Spanish,0.0,gdelt_gkg
AMZN,2025-06-14,"Lidl , Tesco , Iceland and more united kingdom supermarket recall warnings | Burnham and Highbridge Weekly News",https://www.burnhamandhighbridgeweeklynews.co.uk/news/25239457.lidl-tesco-iceland-uk-supermarket-recall-warnings/,burnhamandhighbridgeweeklynews.co.uk,English,0.0,gdelt_gkg
AMZN,2025-06-14,"Quick News : Gollum , Lake , Prada , Pretty , Ironheart",https://www.darkhorizons.com/quick-news-gollum-lake-prada-pretty-ironheart/,darkhorizons.com,English,0.0,gdelt_gkg
AMZN,2025-06-14,  Tucumilho : chefe de cozinha cria brigadeiro com sabor amazônico de tucumã e milho ; veja receita | Roraima,https://g1.globo.com/rr/roraima/noticia/2025/06/14/tucumilho-chefe-de-cozinha-cria-brigadeiro-com-sabor-amazonico-de-tucuma-e-milho-veja-receita.ghtml,g1.globo.com,Portuguese,0.0,gdelt_gkg
AMZN,2025-06-14,Tech Giants Among Army 250th Birthday Parade Sponsors,https://www.newstalk1030.com/news/tech-giants-among-armys-250th-birthday-parade-sponsors/,newstalk1030.com,English,0.0,gdelt_gkg
AMZN,2025-06-14,New York City Has a Trash Problem . A Packaging Reduction Bill Could Help,https://insideclimatenews.org/news/14062025/new-york-city-trash-problem-packaging-reduction-bill/,insideclimatenews.org,English,0.0,gdelt_gkg
AMZN,2025-06-14,G7 summit : Anthony Albanese all but ensured to meet Donald Trump,https://www.brisbanetimes.com.au/politics/federal/albanese-trump-meeting-hopes-rise-as-us-leader-confirms-he-ll-attend-g7-summit-20250614-p5m7f2.html,brisbanetimes.com.au,English,0.0,gdelt_gkg
AMZN,2025-06-14,I played the new Resident Evil and a whole lot more . Here are my thoughts,https://www.northcountrypublicradio.org/news/npr/g-s1-72240/i-played-the-new-resident-evil-and-a-whole-lot-more-here-are-my-thoughts,northcountrypublicradio.org,English,0.0,gdelt_gkg
AMZN,2025-06-14,"WNBA reaches media rights deal to continue airing games on ION – KTBB News , Weather , Talk",https://ktbb.com/post/?p=1418461,ktbb.com,English,0.0,gdelt_gkg
AMZN,2025-06-14,Podcast : indígenas falam sobre morte de parente em Manaus - 14 / 06 / 2025 - Podcasts,https://www1.folha.uol.com.br/podcasts/2025/06/dois-mundos-indigenas-dizem-ter-notado-sinais-de-agressao-em-parente-morto-e-relatam-medo.shtml,folha.uol.com.br,Portuguese,0.0,gdelt_gkg
AMZN,2025-06-14,"Толпа бесни луѓе сакаат да ја СПРЕЧАТ СВАДБАТА НА ВЕКОТ на Јадранот : Милјардерот и ЉУБОВНИЦАТА ОД ПЛАСТИКА вечерале „ Кај Барб Лука , не им е гајле за протестот и паролите „ За вас овде нема место  – Во Центар",https://vocentar.com/%D1%82%D0%BE%D0%BB%D0%BF%D0%B0-%D0%B1%D0%B5%D1%81%D0%BD%D0%B8-%D0%BB%D1%83%D1%93%D0%B5-%D1%81%D0%B0%D0%BA%D0%B0%D0%B0%D1%82-%D0%B4%D0%B0-%D1%98%D0%B0-%D1%81%D0%BF%D1%80%D0%B5%D1%87%D0%B0%D1%82-%D1%81/,vocentar.com,Macedonian,0.0,gdelt_gkg
AMZN,2025-06-14,Quatro denúncias sobre paradeiro de turista inglês desaparecido no Rio são investigadas pela Polícia Civil,https://oglobo.globo.com/rio/noticia/2025/06/14/quatro-denuncias-sobre-paradeiro-de-turista-ingles-desaparecido-no-rio-sao-investigadas-pela-policia-civil.ghtml,oglobo.globo.com,Portuguese,0.0,gdelt_gkg
AMZN,2025-06-14,Morning Movers : Meta Platforms dips following big investment in Scale AI,https://finance.yahoo.com/news/morning-movers-meta-platforms-dips-130021216.html,finance.yahoo.com,English,0.0,gdelt_gkg
AMZN,2025-06-14,Tech Giants Among Army 250th Birthday Parade Sponsors,https://www.wjcw.com/news/tech-giants-among-armys-250th-birthday-parade-sponsors/,wjcw.com,English,0.0,gdelt_gkg
AMZN,2025-06-14,Pinto Restaurant / GPB Arquitectos | ArchDaily en Español,https://www.archdaily.cl/cl/1030881/pinto-restaurant-gpb-arquitectos,archdaily.cl,Spanish,0.0,gdelt_gkg
AMZN,2025-06-14,"Dakota Johnson koristi serum od 22 eura koji  briše  bore oko očiju , kažu kupci",https://www.index.hr/shopping/clanak/dakota-johnson-koristi-serum-od-22-eura-koji-brise-bore-oko-ociju-kazu-kupci/2680856.aspx?index_tid=711715&index_ref=naslovnica_magazin_najnovije_d,index.hr,Croatian,0.0,gdelt_gkg
AMZN,2025-06-14,Von 390 auf 1000 Tonnen pro Jahr : Flüsse tragen weit mehr Quecksilber in Ozeane als 1850 – DiePresse . com,https://www.diepresse.com/19794981/von-390-auf-1000-tonnen-pro-jahr-fluesse-tragen-weit-mehr-quecksilber-in-ozeane-als-1850,diepresse.com,German,0.0,gdelt_gkg
AMZN,2025-06-14,এনআরবিসি ব্যাংকে আর্থিক অন্তর্ভূক্তি ও সাক্ষরতা বিষয়ক কর্মশালা অনুষ্ঠিত,https://www.71sangbad.com/news/143597,71sangbad.com,Bengali,0.0,gdelt_gkg
AMZN,2025-06-14,"Dakota Johnson koristi serum od 22 eura koji  briše  bore oko očiju , kažu kupci",https://www.index.hr/shopping/clanak/dakota-johnson-koristi-serum-od-22-eura-koji-brise-bore-oko-ociju-kazu-kupci/2680856.aspx?index_tid=711715&index_ref=naslovnica_shopping_d,index.hr,Croatian,0.0,gdelt_gkg
AMZN,2025-06-14,"Dakota Johnson koristi serum od 22 eura koji  briše  bore oko očiju , kažu kupci",https://www.index.hr/shopping/clanak/dakota-johnson-koristi-serum-od-22-eura-koji-brise-bore-oko-ociju-kazu-kupci/2680856.aspx?index_tid=711715&index_ref=naslovnica_magazin_ostalo_d_0,index.hr,Croatian,0.0,gdelt_gkg
AMZN,2025-06-14,Im Seeking High - Yield Investments -- Can You Recommend Durable Stocks or ETFs That Yield 8 % or More ? ,https://www.fool.com/investing/2025/06/14/im-seeking-high-yield-investments-can-you-recommen/,fool.com,English,0.0,gdelt_gkg
AMZN,2025-06-14,Venedig : Aktivisten protestieren gegen Hochzeit von Lauren Sánchez und Jeff Bezos,https://www.spiegel.de/panorama/leute/venedig-aktivisten-protestieren-gegen-hochzeit-von-lauren-sanchez-und-jeff-bezos-a-f24e552b-e218-4746-88da-5a10fe6b52d7,spiegel.de,German,0.0,gdelt_gkg
AMZN,2025-06-14,Crash du vol Air India 171 : destins de victimes,https://www.guadeloupe.franceantilles.fr/actualite/economie/crash-du-vol-air-india-171-destins-de-victimes-1039480.php,guadeloupe.franceantilles.fr,French,0.0,gdelt_gkg
AMZN,2025-06-14,Tech Giants Among Army 250th Birthday Parade Sponsors,https://www.790wpic.com/news/tech-giants-among-armys-250th-birthday-parade-sponsors/,790wpic.com,English,0.0,gdelt_gkg
AMZN,2025-06-14,I played the new Resident Evil and a whole lot more . Here are my thoughts,https://www.kalw.org/npr-news/2025-06-14/i-played-the-new-resident-evil-and-a-whole-lot-more-here-are-my-thoughts,kalw.org,English,0.0,gdelt_gkg
AMZN,2025-06-14,I played the new Resident Evil and a whole lot more . Here are my thoughts,https://www.klcc.org/2025-06-14/i-played-the-new-resident-evil-and-a-whole-lot-more-here-are-my-thoughts,klcc.org,English,0.0,gdelt_gkg
AMZN,2025-06-14,Father Day 2025 : हेल्थ फिटनेस वॉच से लेकर स्मार्टफोन तक ... फादर्स डे पर पापा को गिफ्ट करें ये टॉप 5 गैजेट्स | fathers day 2025 gift gadgets ideas for dad Massager Smartwatch smartphone radio,https://www.haribhoomi.com/technology/fathers-day-2025-gift-gadgets-ideas-for-dad-massager-smartwatch-smartphone-radio-632620,haribhoomi.com,Hindi,0.0,gdelt_gkg
AMZN,2025-06-14,Anker Recalls PowerCore 10000 Power Banks for Fire Risks,https://www.wxii12.com/article/anker-power-bank-recall-fire-risk/65058434,wxii12.com,English,0.0,gdelt_gkg
AMZN,2025-06-14,Urnas funerárias milenares e ossos humanos são encontrados em ilha artificial construída por indígenas no AM,https://g1.globo.com/am/amazonas/noticia/2025/06/14/urnas-funerarias-milenares-e-ossos-humanos-sao-encontrados-em-ilha-artificial-construida-por-indigenas-no-am.ghtml,g1.globo.com,Portuguese,0.0,gdelt_gkg
AMZN,2025-06-14,5 Best Natural Deodorants That Are Worth the Money in 2025,https://www.outsideonline.com/health/best-natural-deodorants/,outsideonline.com,English,0.0,gdelt_gkg
AMZN,2025-06-14,Exploring HD HB4U : The Ultimate Destination for High - Definition Content,https://shahbapress.com/exploring-hd-hb4u-the-ultimate-destination-for-high-definition-content/,shahbapress.com,English,0.0,gdelt_gkg
AMZN,2025-06-14,什么原因导致印航787空难 ； 洛杉矶44名移民被捕点燃全美怒火 ； 专家称中东处于  最危险  时刻| 一周国际财经,https://www.nbd.com.cn/articles/2025-06-14/3908332.html,nbd.com.cn,Chinese,0.0,gdelt_gkg
AMZN,2025-06-14,Filmymeet . com : Your Gateway to Free Movies and Shows,https://shahbapress.com/filmymeet-com-your-gateway-to-free-movies-and-shows/,shahbapress.com,English,0.0,gdelt_gkg
AMZN,2025-06-14,I played the new Resident Evil and a whole lot more . Here are my thoughts,https://radio.wpsu.org/2025-06-14/i-played-the-new-resident-evil-and-a-whole-lot-more-here-are-my-thoughts,radio.wpsu.org,English,0.0,gdelt_gkg
AMZN,2025-06-14,I played the new Resident Evil and a whole lot more . Here are my thoughts,https://www.wnmufm.org/2025-06-14/i-played-the-new-resident-evil-and-a-whole-lot-more-here-are-my-thoughts,wnmufm.org,English,0.0,gdelt_gkg
AMZN,2025-06-14,I played the new Resident Evil and a whole lot more . Here are my thoughts,https://www.kwit.org/2025-06-14/i-played-the-new-resident-evil-and-a-whole-lot-more-here-are-my-thoughts,kwit.org,English,0.0,gdelt_gkg
AMZN,2025-06-14,"Storm vs . Valkyries Time , TV & Stream – June 14 | FOX SPORTS 550 The ZONE",https://550thezone.iheart.com/content/2025-06-14-storm-vs-valkyries-time-tv-stream-june-14/,550thezone.iheart.com,English,0.0,gdelt_gkg
AMZN,2025-06-14,Get refurbished M4 MacBook Air from Apple with big discounts,https://www.cultofmac.com/news/get-refurbished-m4-macbook-air-apple-big-discounts,cultofmac.com,English,0.0,gdelt_gkg
AMZN,2025-06-14,沃尔玛 、 亚马逊拟探索发行稳定币 ！ 稳定币第一股  Circle涨超25 %， 专家警告 ： 这类产品出现问题 ， 将会非常危险,https://www.nbd.com.cn/articles/2025-06-14/3908326.html,nbd.com.cn,Chinese,0.0,gdelt_gkg
AMZN,2025-06-14,UK broadcasters hail rare win over Netflix in battle for streaming ads | Television industry,https://www.theguardian.com/media/2025/jun/14/uk-broadcasters-netflix-battle-streaming-ads,theguardian.com,English,0.0,gdelt_gkg
AMZN,2025-06-14,卧安机器人 ： 从  手指  到AI具身机器人独角兽 ， 赴港IPO估值超40亿 - 企业动态 - 贝尔财经,http://finance.itbear.com.cn/html/2025-06/175795.html,finance.itbear.com.cn,Chinese,0.0,gdelt_gkg
AMZN,2025-06-14,He once rebuked billionaires for not paying enough taxes . Now this historian says we need  moral ambition  to fight tyranny,https://www.yahoo.com/news/once-rebuked-billionaires-not-paying-110006498.html,yahoo.com,English,0.0,gdelt_gkg
AMZN,2025-06-14,"Google , Meta and Snap think this tech is the next big thing",https://us.cnn.com/2025/06/14/tech/google-meta-snap-smart-glasses-ai,us.cnn.com,English,0.0,gdelt_gkg
AMZN,2025-06-14,A história da borracha que quase se apagou,https://globorural.globo.com/especiais/globo-rural-40-anos/especial/a-historia-da-borracha-que-quase-se-apagou.ghtml,globorural.globo.com,Portuguese,0.0,gdelt_gkg
AMZN,2025-06-14,"Adjourned : What the Minnesota Legislature did and didnt pass this year - InForum | Fargo , Moorhead and West Fargo news , weather and sports",https://www.dl-online.com/news/minnesota/what-the-minnesota-legislature-did-and-didnt-pass-in-this-session,dl-online.com,English,0.0,gdelt_gkg
AMZN,2025-06-14,My cross - platform tech setup is pure chaos,https://www.androidauthority.com/i-live-between-android-windows-iphone-and-mac-3565272/,androidauthority.com,English,0.0,gdelt_gkg
AMZN,2025-06-14,"Marie Voght , auteure du livre  Tour du monde en Belgique    :  Chez nous , on peut se croire en Amazonie ou à lautre bout du monde ! ",https://www.rtbf.be/article/zoe-jusseret-autrice-du-roman-graphique-les-apprenties-a-vancouveur-et-marie-voght-11543434,rtbf.be,French,0.0,gdelt_gkg
AMZN,2025-06-14,"Enjoy up to 76 % savings on NordVPN , and receive a bonus Amazon gift card while it lasts",https://www.androidpolice.com/nordvpn-bonus-amazon-gift-card-promotion/,androidpolice.com,English,0.0,gdelt_gkg
AMZN,2025-06-14,Eastenders star unrecognisable in Danny Boyle rom - com but BBC fans dont have long to watch,https://www.dailyrecord.co.uk/tv/eastenders-star-unrecognisable-danny-boyle-35376428,dailyrecord.co.uk,English,0.0,gdelt_gkg
AMZN,2025-06-14,Rutger Bregman once rebuked billionaires at Davos for not paying enough taxes . Now he says we need  moral ambition  to fight tyranny,https://www.cnn.com/2025/06/14/us/rutger-bregman-moral-ambition-cec,cnn.com,English,0.0,gdelt_gkg
AMZN,2025-06-14,Crash du vol Air India 171 : destins de victimes,https://www.franceguyane.fr/actualite/economie-consommation/crash-du-vol-air-india-171-destins-de-victimes-1039480.php,franceguyane.fr,French,0.0,gdelt_gkg
AMZN,2025-06-14,"Adjourned : What the Minnesota Legislature did and didnt pass this year - InForum | Fargo , Moorhead and West Fargo news , weather and sports",https://www.grandforksherald.com/news/minnesota/what-the-minnesota-legislature-did-and-didnt-pass-in-this-session,grandforksherald.com,English,0.0,gdelt_gkg
AMZN,2025-06-14,I played the new Resident Evil and a whole lot more . Here are my thoughts,https://www.wknofm.org/culture-npr/2025-06-14/i-played-the-new-resident-evil-and-a-whole-lot-more-here-are-my-thoughts,wknofm.org,English,0.0,gdelt_gkg
AMZN,2025-06-14,  Most gripping  novel with  unexpected twist is just 99p on Kindle this month,https://www.mirror.co.uk/lifestyle/most-gripping-novel-unexpected-twists-35392743,mirror.co.uk,English,0.0,gdelt_gkg
AMZN,2025-06-14,Is Rigetti Computing a Buy ? ,https://finance.yahoo.com/news/rigetti-computing-buy-104500873.html,finance.yahoo.com,English,0.0,gdelt_gkg
AMZN,2025-06-14,"NASCAR VIVA MEXICO 250 PREDICTIONS , ODDS & RACE PREVIEW AUTODROMO HERMANOS RODRIGUEZ",https://www.covers.com/nascar/viva-mexico-250-odds-picks-predictions-autodromo-hermanos-rodriguez-6-15-2025,covers.com,English,0.0,gdelt_gkg
AMZN,2025-06-14,扎克伯格为何豪掷150亿美元投资这家人工智能初创公司 ？ ,https://www.163.com/dy/article/K21PK92G0519DDQ2.html,163.com,Chinese,0.0,gdelt_gkg
AMZN,2025-06-14,NASCAR VIVA MEXICO 250 PROPS & BEST BETS AUTODROMO HERMANOS RODRIGUEZ 2025,https://www.covers.com/nascar/viva-mexico-250-props-best-bets-6-15-2025,covers.com,English,0.0,gdelt_gkg
AMZN,2025-06-14,Rođendanska torta za dječaka postala hit - zbog gadgeta na vrhu,https://www.index.hr/shopping/clanak/rodjendanska-torta-za-djecaka-postala-hit-zbog-gadgeta-na-vrhu/2680865.aspx,index.hr,Croatian,0.0,gdelt_gkg
AMZN,2025-06-14,"I took photos of the most famous painting in the world , with the worst lens Ive ever used",https://www.techradar.com/cameras/camera-lenses/i-took-photos-of-the-most-famous-painting-in-the-world-with-the-worst-lens-ive-ever-used,techradar.com,English,0.0,gdelt_gkg
AMZN,2025-06-14,INAMEH pronostica para este sábado nubosidad fragmentada en gran parte del territorio nacional,https://www.aporrea.org/actualidad/n405828.html,aporrea.org,Spanish,0.0,gdelt_gkg
AMZN,2025-06-14,BELLE ÉPOQUE TROPICAL : Os hábitos franceses em Porto Velho do início do século 20,https://www.rondoniaovivo.com/noticia/cultura/2025/06/14/belle-epoque-tropical-os-habitos-franceses-em-porto-velho-do-inicio-do-seculo-20.html,rondoniaovivo.com,Portuguese,0.0,gdelt_gkg
AMZN,2025-06-14,  Succession  star Juliana Canfield joins Brandon Sklenar in Taylor Sheridan action - thriller  F . A . S . T .- The Week,https://www.theweek.in/news/entertainment/2025/06/14/succession-star-juliana-canfield-joins-brandon-sklenar-in-taylor-sheridans-action-thriller-fast.html,theweek.in,English,0.0,gdelt_gkg
AMZN,2025-06-14,Voos entre Belém e Miami começam a operar . Veja os horários,https://dol.com.br/noticias/para/910874/voos-entre-belem-e-miami-comecam-a-operar-veja-os-horarios,dol.com.br,Portuguese,0.0,gdelt_gkg
AMZN,2025-06-14,"देसी ब्रांड लाया स्मार्ट रिंग , हेल्थ पर रखेगी नजर , इससे फोटो भी ले पाएंगे , इतनी है कीमत",https://www.livehindustan.com/gadgets/boat-smartring-active-plus-launched-in-india-at-price-rs-2999-201749902391750.html,livehindustan.com,Hindi,0.0,gdelt_gkg
AMZN,2025-06-14,"Prevare , propadle zaroke in izsiljevanje : tega o burnem življenju Lauren Sanchez v niste vedeli",https://www.slovenskenovice.si/bulvar/tuji-traci/prevare-propadle-zaroke-in-izsiljevanje-tega-o-burnem-zivljenju-lauren-sanchez-v-niste-vedeli/,slovenskenovice.si,Slovenian,0.0,gdelt_gkg
AMZN,2025-06-14,Molton Brown £28 set is  great  Father Day gift with next day delivery,https://www.liverpoolecho.co.uk/whats-on/shopping/molton-browns-28-set-great-31857244,liverpoolecho.co.uk,English,0.0,gdelt_gkg
AMZN,2025-06-14,Alerta por lluvias intensas y tormentas eléctricas en toda la provincia,https://misionescuatro.com/general/clima/alerta-por-lluvias-intensas-y-tormentas-electricas-en-toda-la-provincia/,misionescuatro.com,Spanish,0.0,gdelt_gkg
AMZN,2025-06-14,E se o Brasil tivesse se dividido ? Narrativa é retratada em filme de animao | Vida & Arte,https://mais.opovo.com.br/jornal/vidaearte/2025/06/14/e-se-o-brasil-tivesse-se-dividido-narrativa-e-retratada-em-filme-de-animacao.html,mais.opovo.com.br,Portuguese,0.0,gdelt_gkg
AMZN,2025-06-14,"EMILY , HARLEM AND MARVEL MOON GIRL AND DEVIL DINOSAUR to receive the CCA   Seal of Female Empowerment in Entertainment ( SOFEE ) ",https://www.tvgrapevine.com/emily-harlem-and-marvels-moon-girl-and-devil-dinosaur-to-receive-the-ccas-seal-of-female-empowerment-in-entertainment-sofee/,tvgrapevine.com,English,0.0,gdelt_gkg
AMZN,2025-06-14,Колку е голем биткоинот во споредба со најголемите светски компании ? ,https://www.fakulteti.mk/news/14062025/kolku-e-golem-bitkoinot-vo-sporedba-so-najgolemite-svetski-kompanii,fakulteti.mk,Macedonian,0.0,gdelt_gkg
AMZN,2025-06-14,These pearl drop earrings look just like Kate Middleton go - to accessories for under £50,https://www.ok.co.uk/shopping/kate-middleton-pearl-drop-earrings-35392905,ok.co.uk,English,0.0,gdelt_gkg
AMZN,2025-06-14,Anker Recalls PowerCore 10000 Power Banks for Fire Risks,https://www.kcra.com/article/anker-power-bank-recall-fire-risk/65058434,kcra.com,English,0.0,gdelt_gkg
AMZN,2025-06-14,Avengers star unrecognisable in genre - bending horror film now on Amazon Prime,https://www.dailyrecord.co.uk/tv/avengers-star-unrecognisable-genre-bending-35376683,dailyrecord.co.uk,English,0.0,gdelt_gkg
AMZN,2025-06-14,करन टैकर ने शेयर किया  स्पेशल ऑप्स सीजन 1  का धमाकेदार थ्रोबैक - ,https://navabharat.com/?p=229114,navabharat.com,Hindi,0.0,gdelt_gkg
AMZN,2025-06-14,全球市场 ： 美股三大指数均跌超1 % 国际油价涨逾7 % 国际黄金结算价创新高 _ 证券要闻 _ 财经 _ 中金在线,http://news.cnfol.com/zhengquanyaowen/20250614/31389484.shtml,news.cnfol.com,Chinese,0.0,gdelt_gkg
AMZN,2025-06-14,"Re Carlo alla parata di Trooping the Colour , lutto per Air India - Notizie",https://www.ansa.it/sito/notizie/mondo/2025/06/14/re-carlo-alla-parata-di-trooping-the-colour-lutto-per-air-india_7fac9f31-e6be-46cb-8bbf-ba239de1da3d.html,ansa.it,Italian,0.0,gdelt_gkg
AMZN,2025-06-14,半年狂赚12亿美元 ， 特朗普的财富密码是什么 ？ ,https://news.ifeng.com/c/8kBYhVd9hQ8,news.ifeng.com,Chinese,0.0,gdelt_gkg
AMZN,2025-06-14,Bankrupt retailer sends urgent message after mass store closures,https://biztoc.com/x/9a8fd8990d4f8012,biztoc.com,English,0.0,gdelt_gkg
AMZN,2025-06-14,Copy Kate Middleton designer jewellery for less with pearl earrings just like her go - to pair,https://www.mirror.co.uk/money/shopping-deals/kate-middleton-go-to-earrings-35392789,mirror.co.uk,English,0.0,gdelt_gkg
AMZN,2025-06-14,"Lidl , Tesco , Iceland and more supermarket recall warnings",https://www.swindonadvertiser.co.uk/news/25239385.lidl-tesco-iceland-uk-supermarket-recall-warnings/,swindonadvertiser.co.uk,English,0.0,gdelt_gkg
AMZN,2025-06-14,"Anthropic Co - founder Says AGI  Possible  By 2028 But  Transformative AI  Will Have To Pass The  Economic Turing Test  - Alphabet ( NASDAQ : GOOG ), Amazon . com ( NASDAQ : AMZN ) ",https://www.benzinga.com/markets/tech/25/06/45938702/anthropic-co-founder-says-agi-possible-by-2028-but-transformative-ai-will-have-to-pass-the-economic-turing-test,benzinga.com,English,0.0,gdelt_gkg
AMZN,2025-06-14,Asians on King Birthday Honours List 2025,https://www.desiblitz.com/content/asians-on-kings-birthday-honours-list-2025,desiblitz.com,English,0.0,gdelt_gkg
AMZN,2025-06-14,Rutger Bregman once rebuked billionaires at Davos for not paying enough taxes . Now he says we need  moral ambition  to fight tyranny,https://us.cnn.com/2025/06/14/us/rutger-bregman-moral-ambition-cec,us.cnn.com,English,0.0,gdelt_gkg
AMZN,2025-06-14,I played the new Resident Evil and a whole lot more . Here are my thoughts,https://www.wcsufm.org/2025-06-14/i-played-the-new-resident-evil-and-a-whole-lot-more-here-are-my-thoughts,wcsufm.org,English,0.0,gdelt_gkg
AMZN,2025-06-14,Time Aнализа,https://time.mk/ai/f030154498/,time.mk,Macedonian,0.0,gdelt_gkg
AMZN,2025-06-14,"Anthropic Co - founder Says AGI  Possible  By 2028 But  Transformative AI  Will Have To Pass The  Economic Turing Test  - Alphabet ( NASDAQ : GOOG ), Amazon . com ( NASDAQ : AMZN ) ",https://www.benzinga.com/markets/tech/25/06/45938702/anthropic-co-founder-says-agi-possible-by-2028-but-transformative-ai-will-have-to-pass-the-economic-,benzinga.com,English,0.0,gdelt_gkg
AMZN,2025-06-14,Twix is SOS Pet of the Week,https://dothaneagle.com/news/community/enterprise-ledger/article_d3a12090-4042-48b5-99a5-57f2c3639b97.html,dothaneagle.com,English,0.0,gdelt_gkg
AMZN,2025-06-14,"Adjourned : What the Minnesota Legislature did and didnt pass this year - InForum | Fargo , Moorhead and West Fargo news , weather and sports",https://www.bemidjipioneer.com/news/minnesota/what-the-minnesota-legislature-did-and-didnt-pass-in-this-session,bemidjipioneer.com,English,0.0,gdelt_gkg
AMZN,2025-06-14,Yo río libre,https://www.elsiglodetorreon.com.mx/noticia/2025/yo-rio-libre.2391421.html,elsiglodetorreon.com.mx,Spanish,0.0,gdelt_gkg
AMZN,2025-06-14,How to choose a laptop for university,https://www.techradar.com/computing/laptops/how-to-choose-a-laptop-for-university,techradar.com,English,0.0,gdelt_gkg
AMZN,2025-06-14,Dumb TVs Are Scarce : These Are Your Best Alternatives,https://www.makeuseof.com/best-alternatives-non-smart-tv/,makeuseof.com,English,0.0,gdelt_gkg
AMZN,2025-06-14,"If I Could Buy Only 1 Artificial Intelligence Stock Over the Next Year , Amazon Would Be It , but Here the Key Reason",https://finance.yahoo.com/news/could-buy-only-1-artificial-111300660.html,finance.yahoo.com,English,0.0,gdelt_gkg
AMZN,2025-06-14,Should You Buy Nvidia ? These Chip Stocks Are Soaring as AI Demand Remains Hot . ,https://www.fool.com/investing/2025/06/14/should-you-buy-nvidia-chip-stocks-soaring-ai/,fool.com,English,0.0,gdelt_gkg
AMZN,2025-06-14,We asked 4 VPN experts which VPNs they use – and the results surprised us,https://www.tomsguide.com/computing/vpns/we-asked-4-vpn-experts-which-vpns-they-use-and-the-results-surprised-us,tomsguide.com,English,0.0,gdelt_gkg
AMZN,2025-06-14,Denny Hamlin removed from NASCAR Cup Series playoffs ( for now ) ,https://beyondtheflag.com/denny-hamlin-removed-nascar-cup-series-playoffs-now-01jxkqa4ajvm,beyondtheflag.com,English,0.0,gdelt_gkg
AMZN,2025-06-14,NASCAR Cup race at Mexico not being shown live on Fox,https://beyondtheflag.com/nascar-cup-race-mexico-not-being-shown-live-fox-01jxkq8ep782,beyondtheflag.com,English,0.0,gdelt_gkg
AMZN,2025-06-14,007 legend Pierce Brosnan reveals what the next James Bond must have,https://www.film-news.co.uk/news/UK/119176/007-legend-Pierce-Brosnan-reveals-what-the-next-James-Bond-must-have,film-news.co.uk,English,0.0,gdelt_gkg
AMZN,2025-06-14,半年狂赚12亿美元 特朗普的财富密码是什么 ? ,https://www.6park.com/view/news/730504.html,6park.com,Chinese,0.0,gdelt_gkg
AMZN,2025-06-14,مجموعة تعترض على إقامة حفلة زفاف مؤسس « أمازون » في البندقية .. ورئيس البلدية يرحب,https://alwasat.ly/news/mixed/479874,alwasat.ly,Arabic,0.0,gdelt_gkg
AMZN,2025-06-14,Quella amazzonica si trova in America Latina [ Soluzione 7 lettere ] ,https://www.zazoom.it/soluzioni-cruciverba/definizione/2025-06-14-quella-amazzonica-si-trova-in-america-latina-15-00/817903/,zazoom.it,Italian,0.0,gdelt_gkg
AMZN,2025-06-14,"Allentown Blues , Brews and BBQ fest turns 17 . Meet the featured performer who younger . ",https://www.lehighvalleylive.com/allentown/2025/06/allentown-blues-brews-and-bbq-fest-turns-17-meet-the-featured-performer-whos-younger.html,lehighvalleylive.com,English,0.0,gdelt_gkg
AMZN,2025-06-14,I played the new Resident Evil and a whole lot more . Here are my thoughts,https://www.wsiu.org/2025-06-14/i-played-the-new-resident-evil-and-a-whole-lot-more-here-are-my-thoughts,wsiu.org,English,0.0,gdelt_gkg
AMZN,2025-06-14,Brothers In Arms ( 40th Anniversary Edition ) - Record Collector Magazine,https://recordcollectormag.com/reviews/album/brothers-in-arms-40th-anniversary-edition,recordcollectormag.com,English,0.0,gdelt_gkg
AMZN,2025-06-14,One of the year best spy thriller movies is finally streaming and it perfect for  Jason Bourne  fans,https://www.tomsguide.com/entertainment/streaming/one-of-the-years-best-spy-thriller-movies-is-finally-streaming-and-its-perfect-for-jason-bourne-fans,tomsguide.com,English,0.0,gdelt_gkg
AMZN,2025-06-14,Gefährlicher Widerspruch zwischen Rhetorik und Praxis in der brasilianischen Umweltpolitik » latinapress Nachrichten,https://latina-press.com/news/335299-gefaehrlicher-widerspruch-zwischen-rhetorik-und-praxis-in-der-brasilianischen-umweltpolitik/,latina-press.com,German,0.0,gdelt_gkg
AMZN,2025-06-14,Amazon to pump data centre spend in Australia by up to 50pc,https://www.afr.com/politics/federal/amazon-to-pump-data-centre-spend-in-australia-by-up-to-50pc-20250613-p5m79y,afr.com,English,0.0,gdelt_gkg
AMZN,2025-06-14,You still have time to grab the Google Pixel Tablet at an irresistible price,https://www.phonearena.com/news/google-pixel-tablet-irresistible-promo_id171310,phonearena.com,English,0.0,gdelt_gkg
AMZN,2025-06-14,Recreate Jennifer Lawrence Nostalgic Jelly Sandals Under $40,https://www.usmagazine.com/shopping/news/jennifer-lawrence-jelly-sandals-lookalike-amazon/,usmagazine.com,English,0.0,gdelt_gkg
AMZN,2025-06-14,Did You Know Neena Gupta was once left in tears by a co - star ? Panchayat 4 actress reveals  That person took off ... ,https://www.pinkvilla.com/cinema/did-you-know-neena-gupta-was-once-left-in-tears-by-a-co-star-panchayat-4-actress-reveals-that-person-took-off-1391459,pinkvilla.com,English,0.0,gdelt_gkg
AMZN,2025-06-14,لا مكان لـ « الأوليغارشيين ».. زفاف الملياردير بيزوس يثير الجدل في البندقية,https://www.okaz.com.sa/variety/na/2200473,okaz.com.sa,Arabic,0.0,gdelt_gkg
AMZN,2025-06-14,"Lidl , Tesco , Iceland and more united kingdom supermarket recall warnings",https://www.glasgowtimes.co.uk/news/25239666.lidl-tesco-iceland-uk-supermarket-recall-warnings/,glasgowtimes.co.uk,English,0.0,gdelt_gkg
AMZN,2025-06-14,17 kostenlose Kindle - Ebooks : Zwischen Mord und Detox für jeden Geschmack,https://www.giga.de/tech/17-kostenlose-kindle-ebooks-zwischen-mord-und-detox-fuer-jeden-geschmack--01JQNKPFSRR85P5MDMDHHQH77Z,giga.de,German,0.0,gdelt_gkg
AMZN,2025-06-14,无锡 ： 数字驱动  跨境出海  新热潮 ， 长三角跨境电商交易会成果丰硕,https://www.yangtse.com/news/yw/202506/t20250614_221823.html,yangtse.com,Chinese,0.0,gdelt_gkg
AMZN,2025-06-14,South Africa end title drought with upset of Australia,https://www.juneesoutherncross.com.au/story/8992019/south-africa-end-title-drought-with-upset-of-australia/,juneesoutherncross.com.au,English,0.0,gdelt_gkg
AMZN,2025-06-14,En 2025 seguirían condiciones neutras de la temperatura del mar » Crónica Viva,https://www.cronicaviva.com.pe/en-2025-seguirian-condiciones-neutras-de-temperatura-del-mar/,cronicaviva.com.pe,Spanish,0.0,gdelt_gkg
AMZN,2025-06-14,I played the new Resident Evil and a whole lot more . Here are my thoughts,https://www.kmxt.org/2025-06-14/i-played-the-new-resident-evil-and-a-whole-lot-more-here-are-my-thoughts,kmxt.org,English,0.0,gdelt_gkg
AMZN,2025-06-14,Ahmedabad flight crash : A surprise that ended in tragedy,https://www.thehindu.com/news/national/gujarat/ahmedabad-flight-crash-a-surprise-that-ended-in-tragedy/article69694711.ece,thehindu.com,English,0.0,gdelt_gkg
AMZN,2025-06-14,Irish Oscar - winning actor  tipped to be next James Bond villain  as speculation for next 007 cast heats up,https://www.dailymail.co.uk/tvshowbiz/article-14812303/james-bond-villain-cillian-murphy-tipped-favourite.html,dailymail.co.uk,English,0.0,gdelt_gkg
AMZN,2025-06-14,Meglepő helyről érkezett támogatás a magyar miniszterelnöknek,https://magyarnemzet.hu/kulfold/2025/06/orban-viktor-ben-shapiro-elismeres,magyarnemzet.hu,Hungarian,0.0,gdelt_gkg
AMZN,2025-06-14,Tutto il programma della stagione 2025 - 2026 del Teatro Sociale di Como : c  è anche il Maestro Muti,https://www.quicomo.it/eventi/teatro/programma-stagione-2025-2026-teatro-sociale.html,quicomo.it,Italian,0.0,gdelt_gkg
AMZN,2025-06-14,沃尔玛 、 亚马逊拟探索发行稳定币 ！ 专家警告 ： 这类产品出现问题 ， 将会非常危险,https://finance.ifeng.com/c/8kBTw7IYdSh,finance.ifeng.com,Chinese,0.0,gdelt_gkg
AMZN,2025-06-14,"আগুনের ঝুঁকি , ১১ লাখ পাওয়ার ব্যাংক ফেরত নিচ্ছে অ্যাংকার |",https://www.bd-pratidin.com/tech-world/2025/06/14/1126262,bd-pratidin.com,Bengali,0.0,gdelt_gkg
AMZN,2025-06-14,"Rengeteg a zaj a tőkepiacokon , de a hosszútávú befektetési stratégia és a diverzifikáció segíthet a befektetőknek – Klasszis Podcast",https://piacesprofit.hu/cikkek/gazdasag/klasszis-podcast-kandh-ertekpapir-cinkotai-norbert.html,piacesprofit.hu,Hungarian,0.0,gdelt_gkg
AMZN,2025-06-14,"Adjourned : What the Minnesota Legislature did and didnt pass this year - InForum | Fargo , Moorhead and West Fargo news , weather and sports",https://www.inforum.com/news/minnesota/adjourned-what-the-minnesota-legislature-did-and-didnt-pass-this-year,inforum.com,English,0.0,gdelt_gkg
AMZN,2025-06-14,Bethenny Frankel Loves These $20 Workout Shorts on Amazon,https://www.usmagazine.com/shopping/news/bethenny-frankel-blooming-jelly-shorts-amazon/,usmagazine.com,English,0.0,gdelt_gkg
AMZN,2025-06-14,De Kate Middleton a juego con Charlotte al minuto de silencio por la tragedia de Air India : así ha sido el Trooping the Colour,https://www.huffingtonpost.es/life/influencers-celebrities/reino-unido-celebrano-mas-trooping-the-colour-olvidar-victimas-tragedia-air-india.html,huffingtonpost.es,Spanish,0.0,gdelt_gkg
AMZN,2025-06-14,I played the new Resident Evil and a whole lot more . Here are my thoughts,https://www.kazu.org/npr-news/2025-06-14/i-played-the-new-resident-evil-and-a-whole-lot-more-here-are-my-thoughts,kazu.org,English,0.0,gdelt_gkg
AMZN,2025-06-14,Ace OTT release : Here is when and where you can stream the Vijay Sethupathi starrer,https://www.moneycontrol.com/entertainment/ace-ott-release-here-is-when-and-where-you-can-stream-the-vijay-sethupathi-starrer-article-13122041.html,moneycontrol.com,English,0.0,gdelt_gkg
AMZN,2025-06-14,He once rebuked billionaires for not paying enough taxes . Now this historian says we need  moral ambition  to fight tyranny,https://abc17news.com/news/2025/06/14/he-once-rebuked-billionaires-for-not-paying-enough-taxes-now-this-historian-says-we-need-moral-ambition-to-fight-tyranny/,abc17news.com,English,0.0,gdelt_gkg
AMZN,2025-06-14,RuffleButts Partners with Emler Swim School to Celebrate Their Latest ... ,https://www.pr-inside.com/rufflebutts-partners-with-emler-swim-school-to-celebrate-their-latest-r5112326.htm,pr-inside.com,English,0.0,gdelt_gkg
AMZN,2025-06-14,Anurag Kashyap on film criticism :  Audience doesnt trust anything  : Bollywood News,https://www.bollywoodhungama.com/news/features/anurag-kashyap-film-criticism-audience-doesnt-trust-anything/,bollywoodhungama.com,English,0.0,gdelt_gkg
AMZN,2025-06-14,I played the new Resident Evil and a whole lot more . Here are my thoughts,https://www.wvasfm.org/arts/2025-06-14/i-played-the-new-resident-evil-and-a-whole-lot-more-here-are-my-thoughts,wvasfm.org,English,0.0,gdelt_gkg
AMZN,2025-06-14,"Trooping the Colour , Kate e i principini tra grandi sorrisi e qualche muso lungo",https://www.quotidiano.net/esteri/trooping-the-colour-2025-ctdfpif7,quotidiano.net,Italian,0.0,gdelt_gkg
AMZN,2025-06-14,"RuffleButts , Inc .: RuffleButts Partners with Emler Swim School to Celebrate Their Latest Grand Opening",https://www.finanznachrichten.de/nachrichten-2025-06/65664775-rufflebutts-inc-rufflebutts-partners-with-emler-swim-school-to-celebrate-their-latest-grand-opening-200.htm,finanznachrichten.de,English,0.0,gdelt_gkg
AMZN,2025-06-14,"The real Lauren Sánchez by her friends , colleagues and brother",https://www.thetimes.com/life-style/celebrity/article/lauren-sanchez-who-is-jeff-bezos-wife-7g5jf577z,thetimes.com,English,0.0,gdelt_gkg
AMZN,2025-06-14,"Adjourned : What the Minnesota Legislature did and didnt pass this year - InForum | Fargo , Moorhead and West Fargo news , weather and sports",https://www.brainerddispatch.com/news/minnesota/what-the-minnesota-legislature-did-and-didnt-pass-in-this-session,brainerddispatch.com,English,0.0,gdelt_gkg
AMZN,2025-06-14,One of the most versatile action cameras Ive tested isnt from GoPro - and it on sale,https://www.zdnet.com/article/one-of-the-most-versatile-action-cameras-ive-tested-isnt-from-gopro-and-its-on-sale/,zdnet.com,English,0.0,gdelt_gkg
AMZN,2025-06-14,"15 Best Jumpsuits for Summer Travel , From $18",https://www.travelandleisure.com/best-jumpsuits-summer-travel-outfits-writer-picks-11752938,travelandleisure.com,English,0.0,gdelt_gkg
AMZN,2025-06-14,You dont need a £174 TV licence if you only watch these four streaming platforms,https://www.walesonline.co.uk/lifestyle/tv/you-dont-need-174-tv-31858245,walesonline.co.uk,English,0.0,gdelt_gkg
AMZN,2025-06-14,Amazon - Chef Jeff Bezos schnappt sich Venedig : „ Unsere Stadt wurde an den höchstbietenden verkauft  ,http://www.kreisbote.de/wirtschaft/amazon-chef-jeff-bezos-schnappt-sich-venedig-unsere-stadt-wurde-an-den-hoechstbietenden-verkauft-zr-93785128.html,kreisbote.de,German,0.0,gdelt_gkg
AMZN,2025-06-14,💰 Highest - paying management jobs for people in Orlando,https://www.clickorlando.com/insider/2025/06/14/highest-paying-management-jobs-for-people-in-orlando/,clickorlando.com,English,0.0,gdelt_gkg
AMZN,2025-06-14,  We were negotiating : why Israel attack caught Iran off guard,https://www.thenationalnews.com/news/mena/2025/06/14/we-were-negotiating-why-israels-attack-caught-iran-off-guard/,thenationalnews.com,English,0.0,gdelt_gkg
AMZN,2025-06-14,Opinion : Consumers shouldnt subsidize the energy needs of data centers,https://www.yahoo.com/news/opinion-consumers-shouldn-t-subsidize-150000586.html,yahoo.com,English,0.0,gdelt_gkg
AMZN,2025-06-14,When Is  How To Train Your Dragon  Coming To Streaming ? ,https://www.forbes.com/sites/monicamercuri/2025/06/14/when-is-how-to-train-your-dragon-coming-to-streaming/,forbes.com,English,0.0,gdelt_gkg
AMZN,2025-06-14,لا مكان لـ « الأوليغارشيين ».. زفاف الملياردير بيزوس يثير الجدل في البندقية,https://www.alkhabarkw.com/saudi/143451.html,alkhabarkw.com,Arabic,0.0,gdelt_gkg
AMZN,2025-06-14,THUNDERBOLTS * Star Lewis Pullman Joins SPACEBALLS Sequel ; Daphne Zuniga Will Return As Princess Vespa,https://comicbookmovie.com/sci_fi/thunderbolts-star-lewis-pullman-joins-spaceballs-sequel-daphne-zuniga-will-return-as-princess-vespa-a221200,comicbookmovie.com,English,0.0,gdelt_gkg
AMZN,2025-06-14,Will your Mac or Windows PC still get security updates in 2026 ? Check this chart,https://www.zdnet.com/article/will-your-mac-or-windows-pc-still-get-security-updates-in-2026-check-this-chart/,zdnet.com,English,0.0,gdelt_gkg
AMZN,2025-06-14,15 Best South of France - inspired Summer Styles 2025,https://www.travelandleisure.com/french-riviera-south-of-france-summer-fashion-essentials-2025-11735378,travelandleisure.com,English,0.0,gdelt_gkg
AMZN,2025-06-14,"Bope prende dois homens que se preparavam para atacar faco rival , em Porto Grande | Amap",https://g1.globo.com/ap/amapa/noticia/2025/06/14/bope-prende-dois-homens-que-se-preparavam-para-atacar-faccao-rival-em-porto-grande.ghtml,g1.globo.com,Portuguese,0.0,gdelt_gkg
AMZN,2025-06-14,Recuerdo a las víctimas de la tragedia de Air India en el cumpleaños oficial de Carlos III,https://noticiassin.com/recuerdo-a-las-victimas-de-la-tragedia-de-air-india-en-el-cumpleanos-oficial-de-carlos-iii-1862866/,noticiassin.com,Spanish,0.0,gdelt_gkg
AMZN,2025-06-14,"홀세일 _ xB9AC _ 테일 이커머스 전문 , 회사 웹사이트 제작 & 운영대행 쉽고 빠르게 도와드립니다",https://www.radiokorea.com:443/bulletin/bbs/board.php?bo_table=c_business&wr_id=2382530,radiokorea.com,Korean,0.0,gdelt_gkg
AMZN,2025-06-14,Patio cleaner now cheaper than Amazon as shoppers rush to snap up deal from surprise retailer,https://www.walesonline.co.uk/whats-on/shopping/patio-cleaner-now-cheaper-amazon-31853248,walesonline.co.uk,English,0.0,gdelt_gkg
AMZN,2025-06-14,"Crypto Currents : Coinbase , Shopify partner for USDC payments",https://finance.yahoo.com/news/crypto-currents-coinbase-shopify-partner-134037029.html,finance.yahoo.com,English,0.0,gdelt_gkg
AMZN,2025-06-14,I played the new Resident Evil and a whole lot more . Here are my thoughts,https://www.kedm.org/2025-06-14/i-played-the-new-resident-evil-and-a-whole-lot-more-here-are-my-thoughts,kedm.org,English,0.0,gdelt_gkg
AMZN,2025-06-14,Nelson Ikan worked as a cleaner to survive in the united kingdom ,https://techcabal.com/2025/06/14/nelson-ikan-goes-to-the-uk/,techcabal.com,English,0.0,gdelt_gkg
AMZN,2025-06-14,Amazon Has a Tiny House With a Rooftop for Under $10K,https://www.travelandleisure.com/amazon-tiny-house-prefab-home-with-rooftop-deck-11754355,travelandleisure.com,English,0.0,gdelt_gkg
AMZN,2025-06-14,Assembleia Legislativa debate novo Plano Nacional de Educao em audiência pública – Diário do Amap,https://www.diariodoamapa.com.br/cadernos/politica/assembleia-legislativa-debate-novo-plano-nacional-de-educacao-em-audiencia-publica/,diariodoamapa.com.br,Portuguese,0.0,gdelt_gkg
AMZN,2025-06-14,沃尔玛 、 亚马逊拟探索发行稳定币 ！ 稳定币第一股  Circle涨超25 %， 专家警告 ： 这类产品出现问题 ， 将会非常危险|知名企业|亚马逊公司,https://www.163.com/dy/article/K21M7DRH0512B07B.html,163.com,Chinese,0.0,gdelt_gkg
AMZN,2025-06-14,10 genre shows cruelly cancelled in the middle of the story,https://winteriscoming.net/10-genre-shows-cruelly-cancelled-in-the-middle-of-the-story,winteriscoming.net,English,0.0,gdelt_gkg
AMZN,2025-06-14,vivo Y400 Pro to launch in India on June 20,https://www.fonearena.com/blog/456367/vivo-y400-pro-india-launch-date.html,fonearena.com,English,0.0,gdelt_gkg
AMZN,2025-06-14,"Over 1 million power banks recalled after reports of fires , explosions",http://www.trumbulltimes.com/news/article/anker-power-bank-recall-lithium-battery-20375810.php,trumbulltimes.com,English,0.0,gdelt_gkg
AMZN,2025-06-14,科技合作让  一带一路  更宽广 访巴西马拉尼昂联邦大学教授查伊,https://www.stdaily.com/web/gjxw/2025-06/12/content_353899.html,stdaily.com,Chinese,0.0,gdelt_gkg
AMZN,2025-06-14,Why I recommend this Samsung Galaxy Watch over competing Androids - especially at this price,https://www.zdnet.com/article/why-i-recommend-this-samsung-galaxy-watch-over-competing-androids-especially-at-this-price/,zdnet.com,English,0.0,gdelt_gkg
AMZN,2025-06-14,Why Waymo cars became sitting ducks during the L . A . protests,https://www.yahoo.com/news/why-waymo-cars-became-sitting-120041320.html,yahoo.com,English,0.0,gdelt_gkg
AMZN,2025-06-14,"Adjourned : What the Minnesota Legislature did and didnt pass this year - InForum | Fargo , Moorhead and West Fargo news , weather and sports",https://www.wadenapj.com/news/minnesota/what-the-minnesota-legislature-did-and-didnt-pass-in-this-session,wadenapj.com,English,0.0,gdelt_gkg
AMZN,2025-06-14,"Army Parade 2025 : Start times , schedules , route , map and how to watch",https://www.wusa9.com/article/news/local/dc/crowds-begin-gather-armys-250th-anniversary-parade-celebration/65-a957d14e-3ffc-4657-bff6-727a4223d2a0,wusa9.com,English,0.0,gdelt_gkg
AMZN,2025-06-14,"Desembarques : Aeroporto de Santarém registra aumento de 4 , 9 % de janeiro a maio de 2025",https://g1.globo.com/pa/santarem-regiao/noticia/2025/06/14/desembarques-aeroporto-de-santarem-registra-aumento-de-49percent-de-janeiro-a-maio-de-2025.ghtml,g1.globo.com,Portuguese,0.0,gdelt_gkg
AMZN,2025-06-14,New Nintendo Switch 2 Listings on Amazon Could Signal End of Feud,https://comicbook.com/gaming/news/nintendo-switch-2-games-on-amazon-pre-orders/,comicbook.com,English,0.0,gdelt_gkg
AMZN,2025-06-14,"At last , wireless earbuds that sound great , feel comfortable , and wont break the bank",https://www.zdnet.com/article/at-last-wireless-earbuds-that-sound-great-feel-comfortable-and-wont-break-the-bank/,zdnet.com,English,0.0,gdelt_gkg
AMZN,2025-06-14,Amazon and Walmart consider stablecoins | Northwest Arkansas Democrat - Gazette,https://www.nwaonline.com/news/2025/jun/14/jbs-shares-rise-friday-in-new-york-stock-exchange/,nwaonline.com,English,0.0,gdelt_gkg
AMZN,2025-06-14,What Time Will  The Chosen  Season 5 Be on Prime Video ?  The Chosen  Season 5 Episode Release Dates,https://decider.com/2025/06/14/the-chosen-season-5-what-time-amazon-chosen-season-5-episode-release-schedule/,decider.com,English,0.0,gdelt_gkg
AMZN,2025-06-14,British Comedy Caper Deep Cover is the Perfect Film to Kick Off Cozy - Crime Summer,https://www.cnet.com/tech/services-and-software/british-comedy-caper-deep-cover-is-the-perfect-film-to-kick-off-cozy-crime-summer/,cnet.com,English,0.0,gdelt_gkg
AMZN,2025-06-14,Começa preparao para sistema de alertas nas regiões Norte e Centro - Oeste | Notícias de Campo Grande e MS,https://www.capitalnews.com.br/nacional/comeca-preparacao-para-sistema-de-alertas-nas-regioes-norte-e-centro-oeste/423176,capitalnews.com.br,Portuguese,0.0,gdelt_gkg
AMZN,2025-06-14,"Adjourned : What the Minnesota Legislature did and didnt pass this year - InForum | Fargo , Moorhead and West Fargo news , weather and sports",https://www.pineandlakes.com/news/minnesota/what-the-minnesota-legislature-did-and-didnt-pass-in-this-session,pineandlakes.com,English,0.0,gdelt_gkg
AMZN,2025-06-14,Domingo Maior exibe Cidade de Deus : veja por que filme é tão importante e tão polêmico,https://gauchazh.clicrbs.com.br/colunistas/ticiano-osorio/noticia/2025/06/a-galinha-que-entrou-para-a-historia-do-cinema-cmbuv5c9t0080014x1h87eaq7.html,gauchazh.clicrbs.com.br,Portuguese,0.0,gdelt_gkg
AMZN,2025-06-14,James Bond : Cillian Murphy Becomes Favorite for Villain Role in Amazon Reboot,https://movieweb.com/james-bond-cillian-murphy-favorite-villain-role/,movieweb.com,English,0.0,gdelt_gkg
AMZN,2025-06-14,Start a Makhana Snacks Business from Home,https://www.franchiseindia.com/insights/en/article/start-a-makhana-snacks-business-from-home.56711,franchiseindia.com,English,0.0,gdelt_gkg
AMZN,2025-06-14,La urbanización amenaza a los pumas en el refugio Mata Ciliar de Sao Paulo,http://larepublica.es/2025/06/14/la-urbanizacion-amenaza-a-los-pumas-en-el-refugio-mata-ciliar-de-sao-paulo/,larepublica.es,Spanish,0.0,gdelt_gkg
AMZN,2025-06-14,"Atlanta protests Trump policies , immigration raids on his 79th birthday",https://www.11alive.com/article/news/local/protests/no-kings-protests-georgia-trump-ice-army-atlanta/85-17308d40-8a30-41e7-8332-c11d0e658b36,11alive.com,English,0.0,gdelt_gkg
AMZN,2025-06-14,Inameh pronóstico : Lluvia para estos estados : Revisa,https://nuevodia.com.ve/inameh-pronostico-lluvia-para-estos-estados-revisa/,nuevodia.com.ve,Spanish,0.0,gdelt_gkg
AMZN,2025-06-14,He once rebuked billionaires for not paying enough taxes . Now this historian says we need  moral ambition  to fight tyranny - newspressnow . com,https://www.newspressnow.com/news/2025/06/14/he-once-rebuked-billionaires-for-not-paying-enough-taxes-now-this-historian-says-we-need-moral-ambition-to-fight-tyranny/,newspressnow.com,English,0.0,gdelt_gkg
AMZN,2025-06-14,All Neighbours spoilers for next week as villain gets his comeuppance,https://metro.co.uk/2025/06/14/neighbours-spoilers-next-week-villain-gets-comeuppance-23397132/,metro.co.uk,English,0.0,gdelt_gkg
AMZN,2025-06-14,Review : Cassandra Jenkins at Colchester Arts Centre,https://www.gazette-news.co.uk/news/25228851.review-cassandra-jenkins-colchester-arts-centre/,gazette-news.co.uk,English,0.0,gdelt_gkg
AMZN,2025-06-14,Best New Travel Essentials at Amazon for June 2025,https://www.travelandleisure.com/best-amazon-travel-essentials-new-arrivals-june-2025-11751030,travelandleisure.com,English,0.0,gdelt_gkg
AMZN,2025-06-14,El veneno oculto en los ríos : El mercurio se dispara un 150 % desde la era industrial y amenaza a todo el planeta,https://es.gizmodo.com/el-veneno-oculto-en-los-rios-el-mercurio-se-dispara-un-150-desde-la-era-industrial-y-amenaza-a-todo-el-planeta-2000173280,es.gizmodo.com,Spanish,0.0,gdelt_gkg
AMZN,2025-06-14,"AI tools collect and store data about you from all your devices , here how to be aware of what youre revealing",https://economictimes.indiatimes.com/tech/artificial-intelligence/ai-tools-collect-and-store-data-about-you-from-all-your-devices-heres-how-to-be-aware-of-what-youre-revealing/articleshow/121849432.cms,economictimes.indiatimes.com,English,0.0,gdelt_gkg
AMZN,2025-06-14,What to expect from the military parade in DC,https://www.kvue.com/article/news/nation-world/trump-military-parade/507-1cfb3fa8-9634-4712-ab08-7d6f40f96c2e,kvue.com,English,0.0,gdelt_gkg
AMZN,2025-06-14, ¿ Lluvias en el Caribe ? Reporte del clima en Cartagena y otras ciudades hoy,https://www.eluniversal.com.co/cartagena/2025/06/14/lluvias-en-el-caribe-reporte-del-clima-en-cartagena-y-otras-ciudades-hoy/,eluniversal.com.co,Spanish,0.0,gdelt_gkg
AMZN,2025-06-14,It looking like Katy Perry and Orlando Bloom may have split for good,https://socialitelife.com/its-looking-like-katy-perry-and-orlando-bloom-may-have-split-for-good/,socialitelife.com,English,0.0,gdelt_gkg
AMZN,2025-06-14,Locals bitter over Jeff Bezos upcoming Venice wedding,https://tribune.net.ph/2025/06/14/locals-bitter-over-jeff-bezoss-upcoming-venice-wedding,tribune.net.ph,English,0.0,gdelt_gkg
AMZN,2025-06-14,Juventudes Conectadas : jóvenes bolivianos redefinen el desarrollo desde sus territorios,https://www.eldeber.com.bo/educacion-y-sociedad/juventudes-conectadas-jovenes-bolivianos-redefinen-el-desarrollo-desde-sus-territorios_518657/,eldeber.com.bo,Spanish,0.0,gdelt_gkg
AMZN,2025-06-14,Avie Schneider,https://www.kwit.org/people/avie-schneider,kwit.org,English,0.0,gdelt_gkg
AMZN,2025-06-14,Incautan 1 . 700 kilos de carne de cerdo de contrabando en La Paz,https://www.eldeber.com.bo/economia/incautan-1700-kilos-de-carne-de-cerdo-de-contrabando-en-la-paz_518649/,eldeber.com.bo,Spanish,0.0,gdelt_gkg
AMZN,2025-06-14,"Adjourned : What the Minnesota Legislature did and didnt pass this year - InForum | Fargo , Moorhead and West Fargo news , weather and sports",https://www.wctrib.com/news/minnesota/what-the-minnesota-legislature-did-and-didnt-pass-in-this-session,wctrib.com,English,0.0,gdelt_gkg
AMZN,2025-06-14,राहुल के जन्मदिन के मौके पर दिल्ली कांग्रेस करेगी रोजगार मेले का आयोजन,https://navabharat.com/?p=229213,navabharat.com,Hindi,0.0,gdelt_gkg
AMZN,2025-06-14,"Test : acer Aspire Go 15 , lordinateur portable polyvalent",https://www.actuhightech.com/test-acer-aspire-go-15-lordinateur-portable-polyvalent/,actuhightech.com,French,0.0,gdelt_gkg
AMZN,2025-06-14,Video : Día del Padre : La evolución del rol paterno en los últimos años por Agencia de Noticias Andina,https://www.deperu.com/tv/YdoDDT7H-8s.dia-del-padre-la-evolucion-del-rol-paterno-en-los-ultimos-anos.UCZHgA_ORVMB4N6vuOhx8_Cg.html,deperu.com,Spanish,0.0,gdelt_gkg
AMZN,2025-06-14,Avie Schneider,https://www.wnmufm.org/people/avie-schneider,wnmufm.org,English,0.0,gdelt_gkg
AMZN,2025-06-14,40 Gems From The Depths Of Amazon That Will Make You Go  Oooh  When You Discover Them,https://www.buzzfeed.com/emmalord9/gems-amazon-depths-an,buzzfeed.com,English,0.0,gdelt_gkg
AMZN,2025-06-14,"PARAÍSO TROPICAL : Hotel Pakaas , o refúgio no meio da mata",https://www.rondoniaovivo.com/noticia/viagenseturismo/2025/06/14/paraiso-tropical-hotel-pakaas-o-refugio-no-meio-da-mata.html,rondoniaovivo.com,Portuguese,0.0,gdelt_gkg
AMZN,2025-06-14,"Entre notas e lembranças , Blue Birds Band celebra 58 anos de história",https://emtempo.com.br/408606/cultura/entre-notas-e-lembrancas-blue-birds-band-celebra-58-anos-de-historia/,emtempo.com.br,Portuguese,0.0,gdelt_gkg
AMZN,2025-06-14,Cia Lumiato estreia espetáculo  Iara – O Encanto nas Água na França,https://www.correiobraziliense.com.br/diversao-e-arte/2025/06/7173200-cia-lumiato-estreia-espetaculo-iara-o-encanto-nas-aguas-na-franca.html,correiobraziliense.com.br,Portuguese,0.0,gdelt_gkg
AMZN,2025-06-14,Escolas no meio da floresta : como é estudar em comunidades ribeirinhas da Amazônia,https://revistacrescer.globo.com/um-so-planeta/noticia/2025/06/escolas-no-meio-da-floresta-como-e-estudar-em-comunidades-ribeirinhas-da-amazonia.ghtml,revistacrescer.globo.com,Portuguese,0.0,gdelt_gkg
AMZN,2025-06-14,"Hunger Game New Haymitch Actor Told Me How He Learned About His Sunrise On The Reaping Co - Stars , And I Guess We Have Something In Common",https://www.cinemablend.com/interviews/hunger-games-new-haymitch-actor-how-learned-about-sunrise-on-the-reaping-co-stars-we-have-something-in-common,cinemablend.com,English,0.0,gdelt_gkg
AMZN,2025-06-14,Inameh prevé precipitaciones en varias zonas del país este sábado,https://www.eluniversal.com/venezuela/210112/inameh-habra-precipitaciones-en-varias-zonas-del-pais-este-sabado,eluniversal.com,Spanish,0.0,gdelt_gkg
AMZN,2025-06-14,Urnas funerárias milenares são encontradas sob árvore no AM,https://www.correiobraziliense.com.br/ciencia-e-saude/2025/06/7173737-urnas-funerarias-milenares-sao-encontradas-sob-arvore-no-am.html,correiobraziliense.com.br,Portuguese,0.0,gdelt_gkg
AMZN,2025-06-14,"Adjourned : What the Minnesota Legislature did and didnt pass this year - InForum | Fargo , Moorhead and West Fargo news , weather and sports",https://www.dglobe.com/news/minnesota/what-the-minnesota-legislature-did-and-didnt-pass-in-this-session,dglobe.com,English,0.0,gdelt_gkg
AMZN,2025-06-14,معرفی حلقه هوشمند Boat SmartRing Active Plus با عمر باتری ۳۰ روزه,https://technoc.ir/boat-smartring-active-plus-launched-specs-price/,technoc.ir,Persian,0.0,gdelt_gkg
AMZN,2025-06-14,AMAZÔNIA : Peixe põe ovos fora d  água e se reproduz em estaes chuvosas,https://www.rondoniaovivo.com/noticia/regiaonorte/2025/06/14/amazonia-peixe-poe-ovos-fora-dagua-e-se-reproduz-em-estacoes-chuvosas.html,rondoniaovivo.com,Portuguese,0.0,gdelt_gkg
AMZN,2025-06-14,Alex Redano destina R$ 3 milhões para bloqueteamento de ruas no distrito Bom Futuro,https://ariquemesonline.com.br/ariquemes/alex-redano-destina-r-3-milhoes-para-bloqueteamento-de-ruas-no-distrito-bom-futuro/,ariquemesonline.com.br,Portuguese,0.0,gdelt_gkg
AMZN,2025-06-14,Amazon - Chef Jeff Bezos schnappt sich Venedig : „ Unsere Stadt wurde an den höchstbietenden verkauft  ,http://www.tz.de/wirtschaft/amazon-chef-jeff-bezos-schnappt-sich-venedig-unsere-stadt-wurde-an-den-hoechstbietenden-verkauft-zr-93785128.html,tz.de,German,0.0,gdelt_gkg
AMZN,2025-06-14,"Over 1 . 1M power banks recalled after reports of fires , explosions",https://www.fox26houston.com/news/anker-bower-banks-recall,fox26houston.com,English,0.0,gdelt_gkg
AMZN,2025-06-14,Amazon - Chef Jeff Bezos schnappt sich Venedig : „ Unsere Stadt wurde an den höchstbietenden verkauft  ,https://www.hna.de/wirtschaft/amazon-chef-jeff-bezos-schnappt-sich-venedig-unsere-stadt-wurde-an-den-hoechstbietenden-verkauft-zr-93785128.html,hna.de,German,0.0,gdelt_gkg
AMZN,2025-06-14,Ryan Thomas says  nepo baby  daughter Scarlett isnt  getting a free ride  ,https://www.mirror.co.uk/3am/celebrity-news/ryan-thomas-says-nepo-baby-35393544,mirror.co.uk,English,0.0,gdelt_gkg
AMZN,2025-06-14,EL DÍA - Noticias de Bolivia para el mundo,https://www.eldia.com.bo/2025-06-14/economia/operativo-en-la-paz-comisa-1700-kilos-de-carne-de-cerdo-de-contrabando.html,eldia.com.bo,Spanish,0.0,gdelt_gkg
AMZN,2025-06-14,Ninja outdoor pizza oven that can make 3 pizzas in 10 minutes gets £50 discount,https://www.manchestereveningnews.co.uk/news/money-saving/ninja-outdoor-pizza-oven-can-31852313,manchestereveningnews.co.uk,English,0.0,gdelt_gkg
AMZN,2025-06-14,Presidente da Assembleia Legislativa entrega relatório da CPI das Reservas ao Tribunal de Justiça de Rondônia,https://ariquemesonline.com.br/politica/presidente-da-assembleia-legislativa-entrega-relatorio-da-cpi-das-reservas-ao-tribunal-de-justica-de-rondonia/,ariquemesonline.com.br,Portuguese,0.0,gdelt_gkg
AMZN,2025-06-14,"Sony Waterproof Speaker Is Nearly Free before Prime Day , Perfect Chance to Prep for Summer Travel",https://gizmodo.com/sonys-waterproof-speaker-is-nearly-free-for-prime-day-perfect-chance-to-prep-for-summer-travel-2000607166,gizmodo.com,English,0.0,gdelt_gkg
AMZN,2025-06-14,Estudo denuncia modelo de desenvolvimento que amplia desigualdade e destruio na Amazônia,https://www.acritica.com/amazonia/estudo-denuncia-modelo-de-desenvolvimento-que-amplia-desigualdade-e-destruic-o-na-amazonia-1.375354,acritica.com,Portuguese,0.0,gdelt_gkg
AMZN,2025-06-14,Inicio | Periódico CiudadCCS,https://www.ciudadccs.info/publicacion/31516-clima-sabado-de-lluvia-y-nubosidad-en-parte-del-pais,ciudadccs.info,Spanish,0.0,gdelt_gkg
AMZN,2025-06-14,Pavulagem inicia temporada de arrastões a partir deste domingo ( 15 ) ,https://dol.com.br/entretenimento/cultura/910884/pavulagem-inicia-temporada-de-arrastoes-a-partir-deste-domingo-15,dol.com.br,Portuguese,0.0,gdelt_gkg
AMZN,2025-06-14,Sobrevivente de acidente em caixa d  água relata tensão ao tentar ajudar amigos que morreram :  Não sei como consegui sair,https://g1.globo.com/ac/acre/noticia/2025/06/14/sobrevivente-de-acidente-em-caixa-dagua-relata-tensao-ao-tentar-ajudar-amigos-que-morreram-nao-sei-como-consegui-sair.ghtml,g1.globo.com,Portuguese,0.0,gdelt_gkg
AMZN,2025-06-14,Does Walmart Offer the Best Deal on Oil ? ,https://www.motor1.com:443/news/762709/walmart-cheap-oil/,motor1.com,English,0.0,gdelt_gkg
AMZN,2025-06-14,Persisten lluvias moderadas en Maracaibo desde la madrugada,https://laverdad.com/persisten-lluvias-moderadas-en-maracaibo-desde-la-madrugada/,laverdad.com,Spanish,0.0,gdelt_gkg
AMZN,2025-06-14,Luiz Bacci se impressiona com a energia do público do Parárraiá,https://dol.com.br/entretenimento/fama/910883/luiz-bacci-se-impressiona-com-a-energia-do-publico-do-pararraia,dol.com.br,Portuguese,0.0,gdelt_gkg
AMZN,2025-06-14,How I Replaced Audible With a Self - Hosted Alternative,https://www.howtogeek.com/how-i-replaced-audible-with-a-self-hosted-alternative/,howtogeek.com,English,0.0,gdelt_gkg
AMZN,2025-06-14,ঈদুল আজহার টানা ১০ দিন ছুটি শেষে আগামীকাল খুলছে অফিস,https://www.jugantor.com/national/965295,jugantor.com,Bengali,0.0,gdelt_gkg
AMZN,2025-06-14,Trooping the Colour nel segno del lutto per la strage Air India : Re Carlo alla parata,https://www.unionesarda.it/news/mondo/trooping-the-colour-nel-segno-del-lutto-per-la-strage-air-india-re-carlo-alla-parata-qzi5g89c,unionesarda.it,Italian,0.0,gdelt_gkg
AMZN,2025-06-14,"फिर से शादी करने जा रहे Amazon के सीईओ जेफ बेजोस , इटली के वेनिस में होगी रस्में ; लेकिन सामने आई ये मुसीबत - Jeff Bezos Wedding Faces Venice Backlash Locals Protest Tourist Impact",https://www.jagran.com/world/other-jeff-bezos-wedding-faces-venice-backlash-locals-protest-tourist-impact-23964229.html,jagran.com,Hindi,0.0,gdelt_gkg
AMZN,2025-06-14,Colombia inicia producción nacional de medicamento para tratar la malaria,https://diariodelhuila.com/colombia-inicia-produccion-nacional-de-medicamento-para-tratar-la-malaria/,diariodelhuila.com,Spanish,0.0,gdelt_gkg
AMZN,2025-08-01,  Sublime  period drama adaptation of  extraordinary novel  now streaming,https://www.mirror.co.uk/tv/tv-news/best-period-dramas-watch-now-35651256,mirror.co.uk,English,0.0,gdelt_gkg
AMZN,2025-08-01,Man who tried to kidnap Princess Royal in 1974 claims innocence after release,https://www.warringtonguardian.co.uk/news/national/25360364.man-tried-kidnap-princess-royal-1974-claims-innocence-release/,warringtonguardian.co.uk,English,0.0,gdelt_gkg
AMZN,2025-08-01,"Nearly 200 , 000 Kids Play Kitchens Recalled After Toddler Death",https://hallelujah1600.iheart.com/content/2025-08-01-nearly-200000-kids-play-kitchens-recalled-after-toddlers-death/,hallelujah1600.iheart.com,English,0.0,gdelt_gkg
AMZN,2025-08-01,Man who tried to kidnap Princess Royal in 1974 claims innocence after release,https://www.eastlothiancourier.com/news/national/25360364.man-tried-kidnap-princess-royal-1974-claims-innocence-release/,eastlothiancourier.com,English,0.0,gdelt_gkg
AMZN,2025-08-01,US stock market falls amid weak jobs report and Trump tariffs,https://www.wlky.com/article/us-stock-market-falls-trump-tariffs-jobs-report/65578054,wlky.com,English,0.0,gdelt_gkg
AMZN,2025-08-01,"Amazon Sale : Latest Samsung , OnePlus , Realme smartphones selling at up to 40 % discount",https://www.rashtranews.com/amazon-sale-latest-samsung-oneplus-realme-smartphones-selling-at-up-to-40-discount/,rashtranews.com,English,0.0,gdelt_gkg
AMZN,2025-08-01,Nuclear training company to open second Frederick County site,https://www.yahoo.com/news/articles/nuclear-training-company-open-second-231600023.html,yahoo.com,English,0.0,gdelt_gkg
AMZN,2025-08-01,From lasers to attack satellites : China weighs plans to counter Musk Starlink,https://www.yahoo.com/news/articles/lasers-attack-satellites-china-weighs-192422879.html,yahoo.com,English,0.0,gdelt_gkg
AMZN,2025-08-01,Man who tried to kidnap Princess Royal in 1974 claims innocence after release,https://www.eadt.co.uk/news/national/25360364.man-tried-kidnap-princess-royal-1974-claims-innocence-release/,eadt.co.uk,English,0.0,gdelt_gkg
AMZN,2025-08-01,Deadline,https://deadline.com/print-article/1236476835/,deadline.com,English,0.0,gdelt_gkg
AMZN,2025-08-01,The Assassin review :  perimenopausal James Bond  hits the target,https://www.nme.com/reviews/tv-reviews/the-assassin-review-keeley-hawes-3880223,nme.com,English,0.0,gdelt_gkg
AMZN,2025-08-01,Man who tried to kidnap Princess Royal in 1974 claims innocence after release,https://www.thewestmorlandgazette.co.uk/news/national/25360364.man-tried-kidnap-princess-royal-1974-claims-innocence-release/,thewestmorlandgazette.co.uk,English,0.0,gdelt_gkg
AMZN,2025-08-01,Heinz Teams Up With Music Producer Mustard to Create New Chipotle Honey Sauce,https://hot969boston.com/2025/08/01/heinz-teams-up-with-music-producer-mustard-to-create-new-chipotle-honey-sauce/,hot969boston.com,English,0.0,gdelt_gkg
AMZN,2025-08-01,Romantasy is hotter than ever : 30 - plus steamy reads to spice up your life this summer,https://www.timminspress.com:443/feature/romantasy-is-hotter-than-ever-30-plus-steamy-reads/wcm/7595e460-e934-4ec1-8834-d4ed1dd5e3ea,timminspress.com,English,0.0,gdelt_gkg
AMZN,2025-08-01,Bloomables : Meet the Must - Have Toy Taking the World by Storm,https://www.star1063.com.au/trending/entertainment/bloomables-meet-the-must-have-toy-taking-the-world-by-storm/,star1063.com.au,English,0.0,gdelt_gkg
AMZN,2025-08-01,Stocks and yields tumble on woeful NFP report - Newsquawk US Market Wrap,https://www.zerohedge.com/markets/stocks-and-yields-tumble-woeful-nfp-report-newsquawk-us-market-wrap,zerohedge.com,English,0.0,gdelt_gkg
AMZN,2025-08-01,Man who tried to kidnap Princess Royal in 1974 claims innocence after release,https://www.theboltonnews.co.uk/news/national/25360364.man-tried-kidnap-princess-royal-1974-claims-innocence-release/,theboltonnews.co.uk,English,0.0,gdelt_gkg
AMZN,2025-08-01,Man who tried to kidnap Princess Royal in 1974 claims innocence after release,https://www.echo-news.co.uk/news/national/25360364.man-tried-kidnap-princess-royal-1974-claims-innocence-release/,echo-news.co.uk,English,0.0,gdelt_gkg
AMZN,2025-08-01,Nordstrom Anniversary Sale 2025 : 20 Best Fashion and Beauty Deals,https://www.wlky.com/article/consumer-best-nordstrom-anniversary-sale-2025-deals/65577705,wlky.com,English,0.0,gdelt_gkg
AMZN,2025-08-01,Man who tried to kidnap Princess Royal in 1974 claims innocence after release,https://www.bridgwatermercury.co.uk/news/national/25360364.man-tried-kidnap-princess-royal-1974-claims-innocence-release/,bridgwatermercury.co.uk,English,0.0,gdelt_gkg
AMZN,2025-08-01,Stock Market Today : Shares see gains shrink in last hour of trading,https://finance.yahoo.com/news/stock-market-today-stocks-rise-161740964.html,finance.yahoo.com,English,0.0,gdelt_gkg
AMZN,2025-08-01,Man who tried to kidnap Princess Royal in 1974 claims innocence after release,https://www.newsandstar.co.uk/news/national/25360364.man-tried-kidnap-princess-royal-1974-claims-innocence-release/,newsandstar.co.uk,English,0.0,gdelt_gkg
AMZN,2025-08-01,"Nearly 200 , 000 Kids Play Kitchens Recalled After Toddler Death",https://961therocket.iheart.com/content/2025-08-01-nearly-200000-kids-play-kitchens-recalled-after-toddlers-death/,961therocket.iheart.com,English,0.0,gdelt_gkg
AMZN,2025-08-01,Amazon Breaks Ground on Arkansas Hub,https://www.inddist.com/e-commerce/news/22947050/amazon-breaks-ground-on-arkansas-hub,inddist.com,English,0.0,gdelt_gkg
AMZN,2025-08-01,Wall Street falls the most since May after employers slash hiring and tariffs roll out,https://www.stalbertgazette.com/national-business/wall-street-falls-the-most-since-may-after-employers-slash-hiring-and-tariffs-roll-out-11022326,stalbertgazette.com,English,0.0,gdelt_gkg
AMZN,2025-08-01,Wall St sees worst session since May on US eco jitters,https://timesofindia.indiatimes.com/business/international-business/wall-st-sees-worst-session-since-may-on-us-eco-jitters/articleshow/123052436.cms,timesofindia.indiatimes.com,English,0.0,gdelt_gkg
AMZN,2025-08-01,Man who tried to kidnap Princess Royal in 1974 claims innocence after release,https://www.runcornandwidnesworld.co.uk/news/national/25360364.man-tried-kidnap-princess-royal-1974-claims-innocence-release/,runcornandwidnesworld.co.uk,English,0.0,gdelt_gkg
AMZN,2025-08-01,Man who tried to kidnap Princess Royal in 1974 claims innocence after release,https://www.enfieldindependent.co.uk/news/national/25360364.man-tried-kidnap-princess-royal-1974-claims-innocence-release/,enfieldindependent.co.uk,English,0.0,gdelt_gkg
AMZN,2025-08-01,Sensory Takes Aim At Alleged Former Customer Amazon,https://www.mondaq.com:443/unitedstates/patent/1659402/sensory-takes-aim-at-alleged-former-customer-amazon,mondaq.com,English,0.0,gdelt_gkg
AMZN,2025-08-01,Beloved children author Allan Ahlberg dies at 87,https://www.timesherald.com/2025/08/01/allan-ahlberg-dies/,timesherald.com,English,0.0,gdelt_gkg
AMZN,2025-08-01,"Showrunner Opens Its AI TV Platform To All , With Amazon Quietly Backing It",https://www.greenbot.com/amazon-showrunner-ai-tv-platform/,greenbot.com,English,0.0,gdelt_gkg
AMZN,2025-08-01,Why This Time It Different ! AI Tech Stocks Blow Off Top Earnings Season :: The Market Oracle :: ,https://www.marketoracle.co.uk/Article71496.html,marketoracle.co.uk,English,0.0,gdelt_gkg
AMZN,2025-08-01,"US stocks sell off on latest tariffs , soft jobs data",https://asia.nikkei.com/Business/Markets/Equities/US-stocks-sell-off-on-latest-tariffs-soft-jobs-data,asia.nikkei.com,English,0.0,gdelt_gkg
AMZN,2025-08-01,Wall Street falls the most since May after job report and tariffs roll out,https://greatbendpost.com/posts/e9dbd324-0b41-4fff-b07d-b0dec8c44617,greatbendpost.com,English,0.0,gdelt_gkg
AMZN,2025-08-01,Heinz Teams Up With Music Producer Mustard to Create New Chipotle Honey Sauce,https://power98fm.com/2025/08/01/heinz-teams-up-with-music-producer-mustard-to-create-new-chipotle-honey-sauce/,power98fm.com,English,0.0,gdelt_gkg
AMZN,2025-08-01,全球市场 ： 欧美股市全线收跌 纳指跌超2 % 国际油价跌近3 % _ 东方财富网,https://finance.eastmoney.com/a/202508023474248696.html,finance.eastmoney.com,Chinese,0.0,gdelt_gkg
AMZN,2025-08-01,Wall Street falls the most since May after job report and tariffs roll out,https://jcpost.com/posts/e9dbd324-0b41-4fff-b07d-b0dec8c44617,jcpost.com,English,0.0,gdelt_gkg
AMZN,2025-08-01,Man who tried to kidnap Princess Royal in 1974 claims innocence after release,https://www.dudleynews.co.uk/news/national/25360364.man-tried-kidnap-princess-royal-1974-claims-innocence-release/,dudleynews.co.uk,English,0.0,gdelt_gkg
AMZN,2025-08-01,Man who tried to kidnap Princess Royal in 1974 claims innocence after release,https://www.yourlocalguardian.co.uk/news/national/25360364.man-tried-kidnap-princess-royal-1974-claims-innocence-release/,yourlocalguardian.co.uk,English,0.0,gdelt_gkg
AMZN,2025-08-01,US stock market falls amid weak jobs report and Trump tariffs,https://www.wlwt.com/article/us-stock-market-falls-trump-tariffs-jobs-report/65578054,wlwt.com,English,0.0,gdelt_gkg
AMZN,2025-08-01,Man who tried to kidnap Princess Royal in 1974 claims innocence after release,https://www.sloughobserver.co.uk/news/national/25360364.man-tried-kidnap-princess-royal-1974-claims-innocence-release/,sloughobserver.co.uk,English,0.0,gdelt_gkg
AMZN,2025-08-01,Amazon has hydrating undereye gel patches with cooling,https://www.lehighvalleylive.com/shopping/2025/08/amazon-has-korean-under-eye-patches-on-sale-for-20-off-and-theyre-made-to-re-energize-with-caffeine.html,lehighvalleylive.com,English,0.0,gdelt_gkg
AMZN,2025-08-01,BLUETTI Apex 300 Power Station is Now Available for Retail for a Considerable Price,https://phandroid.com/2025/08/01/bluettis-apex-300-power-station-is-now-available-for-retail-for-a-considerable-price/,phandroid.com,English,0.0,gdelt_gkg
AMZN,2025-08-01,Instituto confirma menor índice de queimadas nos últimos 27 anos em Mato Grosso ; reduo de 70 % ,https://www.sonoticias.com.br/geral/instituto-confirma-menor-indice-de-queimadas-nos-ultimos-27-anos-em-mato-grosso-reducao-de-70/,sonoticias.com.br,Portuguese,0.0,gdelt_gkg
AMZN,2025-08-01,Man who tried to kidnap Princess Royal in 1974 claims innocence after release,https://www.timesandstar.co.uk/news/national/25360364.man-tried-kidnap-princess-royal-1974-claims-innocence-release/,timesandstar.co.uk,English,0.0,gdelt_gkg
AMZN,2025-08-01,Man who tried to kidnap Princess Royal in 1974 claims innocence after release,https://www.irvinetimes.com/news/national/25360364.man-tried-kidnap-princess-royal-1974-claims-innocence-release/,irvinetimes.com,English,0.0,gdelt_gkg
AMZN,2025-08-01,TIFF announces first four Tribute Award honourees,https://www.webwire.com/ViewPressRel.asp?aId=341940,webwire.com,English,0.0,gdelt_gkg
AMZN,2025-08-01,"Nearly 200 , 000 Kids Play Kitchens Recalled After Toddler Death",https://island985.iheart.com/content/2025-08-01-nearly-200000-kids-play-kitchens-recalled-after-toddlers-death/,island985.iheart.com,English,0.0,gdelt_gkg
AMZN,2025-08-01,Teachers turn to community to help teachers stock classrooms,https://www.wthr.com/article/money/whats-the-deal/how-communities-are-stocking-teachers-classrooms-back-to-school-students-parents-children/531-38f8e570-5f9a-4ab8-b30d-d9e821768095,wthr.com,English,0.0,gdelt_gkg
AMZN,2025-08-01,Man who tried to kidnap Princess Royal in 1974 claims innocence after release,https://www.thisisoxfordshire.co.uk/news/national/25360364.man-tried-kidnap-princess-royal-1974-claims-innocence-release/,thisisoxfordshire.co.uk,English,0.0,gdelt_gkg
AMZN,2025-08-01,"Nearly 200 , 000 Kids Play Kitchens Recalled After Toddler Death | PowerTalk 1460 AM & 101 . 1 FM",https://powertalk1460.iheart.com/content/2025-08-01-nearly-200000-kids-play-kitchens-recalled-after-toddlers-death/,powertalk1460.iheart.com,English,0.0,gdelt_gkg
AMZN,2025-08-01,Funky Taurus Media - Music Photo Agency & Products,https://www.funkytaurusmedia.com/shop_content.php?coID=2&XTCsid=f2bt3tl07o3734936l6p7b37v2,funkytaurusmedia.com,English,0.0,gdelt_gkg
AMZN,2025-08-01,Man who tried to kidnap Princess Royal in 1974 claims innocence after release,https://www.watfordobserver.co.uk/news/national/25360364.man-tried-kidnap-princess-royal-1974-claims-innocence-release/,watfordobserver.co.uk,English,0.0,gdelt_gkg
AMZN,2025-08-01,Funky Taurus Media - Music Photo Agency & Products,https://www.funkytaurusmedia.com/shop_content.php?coID=3&XTCsid=f2bt3tl07o3734936l6p7b37v2,funkytaurusmedia.com,English,0.0,gdelt_gkg
AMZN,2025-08-01,Man who tried to kidnap Princess Royal in 1974 claims innocence after release,https://www.keighleynews.co.uk/news/national/25360364.man-tried-kidnap-princess-royal-1974-claims-innocence-release/,keighleynews.co.uk,English,0.0,gdelt_gkg
AMZN,2025-08-01,Walmart and Amazon already have the new  Tony Hawk Pro Skater  for $10 off,https://www.lehighvalleylive.com/shopping/2025/08/tony-hawks-pro-skater-34-just-released-and-its-already-on-sale-heres-where-to-get-it.html,lehighvalleylive.com,English,0.0,gdelt_gkg
AMZN,2025-08-01,Beloved children author Allan Ahlberg dies at 87,https://www.fortmorgantimes.com/2025/08/01/allan-ahlberg-dies/,fortmorgantimes.com,English,0.0,gdelt_gkg
AMZN,2025-08-01,Man who tried to kidnap Princess Royal in 1974 claims innocence after release,https://www.barryanddistrictnews.co.uk/news/national/25360364.man-tried-kidnap-princess-royal-1974-claims-innocence-release/,barryanddistrictnews.co.uk,English,0.0,gdelt_gkg
AMZN,2025-08-01,Man who tried to kidnap Princess Royal in 1974 claims innocence after release,https://www.halesowennews.co.uk/news/national/25360364.man-tried-kidnap-princess-royal-1974-claims-innocence-release/,halesowennews.co.uk,English,0.0,gdelt_gkg
AMZN,2025-08-01,Man who tried to kidnap Princess Royal in 1974 claims innocence after release,https://www.darlingtonandstocktontimes.co.uk/news/national/25360364.man-tried-kidnap-princess-royal-1974-claims-innocence-release/,darlingtonandstocktontimes.co.uk,English,0.0,gdelt_gkg
AMZN,2025-08-01,Aero - News Network : The aviation and aerospace world daily / real - time news and information service,https://www.aero-news.net/fullsizeimage.cfm?do=main.archive&year=2025&month=8&day=2,aero-news.net,English,0.0,gdelt_gkg
AMZN,2025-08-01,Romantasy is hotter than ever : 30 - plus steamy reads to spice up your life this summer,https://www.elliotlakestandard.ca:443/feature/romantasy-is-hotter-than-ever-30-plus-steamy-reads/wcm/7595e460-e934-4ec1-8834-d4ed1dd5e3ea,elliotlakestandard.ca,English,0.0,gdelt_gkg
AMZN,2025-08-01,"Nearly 200 , 000 Kids Play Kitchens Recalled After Toddler Death",https://oldies935.iheart.com/content/2025-08-01-nearly-200000-kids-play-kitchens-recalled-after-toddlers-death/,oldies935.iheart.com,English,0.0,gdelt_gkg
AMZN,2025-08-01,"Nearly 200 , 000 Kids Play Kitchens Recalled After Toddler Death",https://magic981.iheart.com/content/2025-08-01-nearly-200000-kids-play-kitchens-recalled-after-toddlers-death/,magic981.iheart.com,English,0.0,gdelt_gkg
AMZN,2025-08-01,Apple TV+ unveils trailer and lineup for K - pop song battle series  KPOPPED  ,https://www.mactech.com/2025/08/01/apple-tv-unveils-trailer-and-lineup-for-k-pop-song-battle-series-kpopped-3/,mactech.com,English,0.0,gdelt_gkg
AMZN,2025-08-01,Marina Sena e Alexandre Carlo cantam sobre proteo do Cerrado em novo single,https://rollingstone.com.br/musica/marina-sena-e-alexandre-carlo-cantam-sobre-protecao-do-cerrado-em-novo-single/,rollingstone.com.br,Portuguese,0.0,gdelt_gkg
AMZN,2025-08-01,The Wintour Chatter,https://www.cjr.org/feature/anna-wintour-vogue-stepping-away-reactions-fashion-media-chatter.php,cjr.org,English,0.0,gdelt_gkg
AMZN,2025-08-01,Bloomables : Meet the Must - Have Toy Taking the World by Storm,https://www.mix1049.com.au/trending/entertainment/bloomables-meet-the-must-have-toy-taking-the-world-by-storm/,mix1049.com.au,English,0.0,gdelt_gkg
AMZN,2025-08-01,US stock market falls amid weak jobs report and Trump tariffs,https://www.ketv.com/article/us-stock-market-falls-trump-tariffs-jobs-report/65578054,ketv.com,English,0.0,gdelt_gkg
AMZN,2025-08-01,"Nearly 200 , 000 Kids Play Kitchens Recalled After Toddler Death",https://1031kcda.iheart.com/content/2025-08-01-nearly-200000-kids-play-kitchens-recalled-after-toddlers-death/,1031kcda.iheart.com,English,0.0,gdelt_gkg
AMZN,2025-08-01,Man who tried to kidnap Princess Royal in 1974 claims innocence after release,https://www.burytimes.co.uk/news/national/25360364.man-tried-kidnap-princess-royal-1974-claims-innocence-release/,burytimes.co.uk,English,0.0,gdelt_gkg
AMZN,2025-08-01,2 Australian stocks that could turn $15k into $150k,https://www.fool.com.au/2025/08/02/2-australian-stocks-that-could-turn-15k-into-150k/,fool.com.au,English,0.0,gdelt_gkg
AMZN,2025-08-01,"Nearly 200 , 000 Kids Play Kitchens Recalled After Toddler Death",https://wcjmthebull.iheart.com/content/2025-08-01-nearly-200000-kids-play-kitchens-recalled-after-toddlers-death/,wcjmthebull.iheart.com,English,0.0,gdelt_gkg
AMZN,2025-08-01,Apple TV+ unveils trailer and lineup for K - pop song battle series  KPOPPED  ,https://www.mactech.com/2025/08/01/apple-tv-unveils-trailer-and-lineup-for-k-pop-song-battle-series-kpopped/,mactech.com,English,0.0,gdelt_gkg
AMZN,2025-08-01,Natural gas plants in Ohio eligible for millions in new sales tax breaks,https://www.richlandsource.com/2025/08/01/natural-gas-plants-in-ohio-eligible-for-millions-in-new-sales-tax-breaks/,richlandsource.com,English,0.0,gdelt_gkg
AMZN,2025-08-01,"Nearly 200 , 000 Kids Play Kitchens Recalled After Toddler Death",https://gator1079.iheart.com/content/2025-08-01-nearly-200000-kids-play-kitchens-recalled-after-toddlers-death/,gator1079.iheart.com,English,0.0,gdelt_gkg
AMZN,2025-08-01,Man who tried to kidnap Princess Royal in 1974 claims innocence after release,https://www.times-series.co.uk/news/national/25360364.man-tried-kidnap-princess-royal-1974-claims-innocence-release/,times-series.co.uk,English,0.0,gdelt_gkg
AMZN,2025-08-01,Man who tried to kidnap Princess Royal in 1974 claims innocence after release,https://www.hamhigh.co.uk/news/national/25360364.man-tried-kidnap-princess-royal-1974-claims-innocence-release/,hamhigh.co.uk,English,0.0,gdelt_gkg
AMZN,2025-08-01,Man who tried to kidnap Princess Royal in 1974 claims innocence after release,https://www.bucksfreepress.co.uk/news/national/25360364.man-tried-kidnap-princess-royal-1974-claims-innocence-release/,bucksfreepress.co.uk,English,0.0,gdelt_gkg
AMZN,2025-08-01,Stocks Sink as Bonds Jump on Deepening Jobs Cracks : Markets Wrap,https://www.swissinfo.ch/eng/stocks-sink-as-bonds-jump-on-deepening-jobs-cracks:-markets-wrap/89768223,swissinfo.ch,English,0.0,gdelt_gkg
AMZN,2025-08-01,  주가 249 % 쑥  화장발 제대로 세웠다 … K뷰티 대체불가  왜 ?[ 부꾸미 ] ,https://news.mt.co.kr/mtview.php?no=2025073115390919256&MT_P,news.mt.co.kr,Korean,0.0,gdelt_gkg
AMZN,2025-08-01,Nordstrom Anniversary Sale 2025 : 20 Best Fashion and Beauty Deals,https://www.ketv.com/article/consumer-best-nordstrom-anniversary-sale-2025-deals/65577705,ketv.com,English,0.0,gdelt_gkg
AMZN,2025-08-01,Man who tried to kidnap Princess Royal in 1974 claims innocence after release,https://www.thetelegraphandargus.co.uk/news/national/25360364.man-tried-kidnap-princess-royal-1974-claims-innocence-release/,thetelegraphandargus.co.uk,English,0.0,gdelt_gkg
AMZN,2025-08-01,Amazon Customers Seek Massive Class In Antitrust Suit,https://www.law360.com:443/articles/2372395,law360.com,English,0.0,gdelt_gkg
AMZN,2025-08-01,美증시 덮친 고용 쇼크 … 판 뒤집힐 수도 [ 뉴욕마감 ] ,https://news.mt.co.kr/mtview.php?no=2025080207040626215&MTS_P,news.mt.co.kr,Korean,0.0,gdelt_gkg
AMZN,2025-08-01,Man who tried to kidnap Princess Royal in 1974 claims innocence after release,https://www.penarthtimes.co.uk/news/national/25360364.man-tried-kidnap-princess-royal-1974-claims-innocence-release/,penarthtimes.co.uk,English,0.0,gdelt_gkg
AMZN,2025-08-01,"Eddie Murphy on  The Pickup , kickstarting the action - comedy genre and retirement",https://www.timminspress.com:443/entertainment/movies/eddie-murphy-interview-the-pickup-shrek-5-donkey-pink-panther-retirement/wcm/328ffbd1-d286-4b1f-b769-2eba68094db7,timminspress.com,English,0.0,gdelt_gkg
AMZN,2025-08-01,Man who tried to kidnap Princess Royal in 1974 claims innocence after release,https://www.thetottenhamindependent.co.uk/news/national/25360364.man-tried-kidnap-princess-royal-1974-claims-innocence-release/,thetottenhamindependent.co.uk,English,0.0,gdelt_gkg
AMZN,2025-08-01,"Nearly 200 , 000 Kids Play Kitchens Recalled After Toddler Death",https://love1011.iheart.com/content/2025-08-01-nearly-200000-kids-play-kitchens-recalled-after-toddlers-death/,love1011.iheart.com,English,0.0,gdelt_gkg
AMZN,2025-08-01,"Nearly 200 , 000 Kids Play Kitchens Recalled After Toddler Death",https://mix969.iheart.com/content/2025-08-01-nearly-200000-kids-play-kitchens-recalled-after-toddlers-death/,mix969.iheart.com,English,0.0,gdelt_gkg
AMZN,2025-08-01,Ejército Ecuatoriano,https://www.eldiario.ec/aspirantes-a-ingresar-al-ejercito-ecuatoriano-inician-pruebas-academicas-en-agosto-20250801/,eldiario.ec,Spanish,0.0,gdelt_gkg
AMZN,2025-08-01,Security scare : Hacker embedded dangerous prompt in Amazon Q AI tool,https://americanbazaaronline.com/2025/08/01/security-scare-hacker-embedded-dangerous-prompt-in-amazons-q-ai-tool-465755/,americanbazaaronline.com,English,0.0,gdelt_gkg
AMZN,2025-08-01,Apple TV+ unveils trailer and lineup for K - pop song battle series  KPOPPED  ,https://www.mactech.com/2025/08/01/apple-tv-unveils-trailer-and-lineup-for-k-pop-song-battle-series-kpopped-2/,mactech.com,English,0.0,gdelt_gkg
AMZN,2025-08-01,ثروات تتبخّر بتغريدة نرجسية .. كيف تخدعنا الأسواق ؟ ,https://www.aljazeera.net/opinions/2025/8/2/%D8%AB%D8%B1%D9%88%D8%A7%D8%AA-%D8%AA%D8%AA%D8%A8%D8%AE%D8%B1-%D8%A8%D8%AA%D8%BA%D8%B1%D9%8A%D8%AF%D8%A9-%D9%86%D8%B1%D8%AC%D8%B3%D9%8A%D8%A9-%D9%83%D9%8A%D9%81,aljazeera.net,Arabic,0.0,gdelt_gkg
AMZN,2025-08-01,Wall Street falls the most since May after employers slash hiring,https://www.orovillemr.com/2025/08/01/wall-street-tariffs-jobs-report/,orovillemr.com,English,0.0,gdelt_gkg
AMZN,2025-08-01,"Nearly 200 , 000 Kids Play Kitchens Recalled After Toddler Death",https://1031thebeat.iheart.com/content/2025-08-01-nearly-200000-kids-play-kitchens-recalled-after-toddlers-death/,1031thebeat.iheart.com,English,0.0,gdelt_gkg
AMZN,2025-08-01,Man who tried to kidnap Princess Royal in 1974 claims innocence after release,https://www.witneygazette.co.uk/news/national/25360364.man-tried-kidnap-princess-royal-1974-claims-innocence-release/,witneygazette.co.uk,English,0.0,gdelt_gkg
AMZN,2025-08-01,Man who tried to kidnap Princess Royal in 1974 claims innocence after release,https://www.chardandilminsternews.co.uk/news/national/25360364.man-tried-kidnap-princess-royal-1974-claims-innocence-release/,chardandilminsternews.co.uk,English,0.0,gdelt_gkg
AMZN,2025-08-01,Nasdaq leads selloff as tech stocks drag Wall Street lower,https://www.proactiveinvestors.com/companies/news/1075923/nasdaq-leads-selloff-as-tech-stocks-drag-wall-street-lower-1075923.html,proactiveinvestors.com,English,0.0,gdelt_gkg
AMZN,2025-08-01,"Apple TV+ plans limited series adaption of the movie ,  The Holiday  ",https://www.mactech.com/2025/08/01/apple-tv-plans-limited-series-adaption-of-the-movie-the-holiday/,mactech.com,English,0.0,gdelt_gkg
AMZN,2025-08-01,"Nearly 200 , 000 Kids Play Kitchens Recalled After Toddler Death",https://b101.iheart.com/content/2025-08-01-nearly-200000-kids-play-kitchens-recalled-after-toddlers-death/,b101.iheart.com,English,0.0,gdelt_gkg
AMZN,2025-08-01,"Nearly 200 , 000 Kids Play Kitchens Recalled After Toddler Death",https://98rockme.iheart.com/content/2025-08-01-nearly-200000-kids-play-kitchens-recalled-after-toddlers-death/,98rockme.iheart.com,English,0.0,gdelt_gkg
AMZN,2025-08-01,"Nearly 200 , 000 Kids Play Kitchens Recalled After Toddler Death",https://alt1045philly.iheart.com/content/2025-08-01-nearly-200000-kids-play-kitchens-recalled-after-toddlers-death/,alt1045philly.iheart.com,English,0.0,gdelt_gkg
AMZN,2025-08-01,SAP to acquire SmartRecruiters to enhance its SuccessFactors HCM suite,https://www.cio.com/article/4032993/sap-to-acquire-smartrecruiters-to-enhance-its-successfactors-hcm-suite.html,cio.com,English,0.0,gdelt_gkg
AMZN,2025-08-01,Palantir Stock Is Up 478 % in a Year . Here Why There Still More Room to Run . ,https://www.fool.com/investing/2025/08/01/palantir-stock-is-up-478-in-a-year-heres-why-there/?source=iedfolrf0000001,fool.com,English,0.0,gdelt_gkg
AMZN,2025-08-01,"Nearly 200 , 000 Kids Play Kitchens Recalled After Toddler Death",https://real1039fm.iheart.com/content/2025-08-01-nearly-200000-kids-play-kitchens-recalled-after-toddlers-death/,real1039fm.iheart.com,English,0.0,gdelt_gkg
AMZN,2025-08-01,Indígena que denunciou ter sido estuprada por PMs em delegacia no AM fala pela primeira vez :  Trauma para sempre  | Amazonas,https://g1.globo.com/am/amazonas/noticia/2025/08/01/indigena-que-denunciou-ter-sido-estuprada-por-pms-em-delegacia-no-am-fala-pela-primeira-vez-trauma-para-sempre.ghtml,g1.globo.com,Portuguese,0.0,gdelt_gkg
AMZN,2025-08-01,"Nearly 200 , 000 Kids Play Kitchens Recalled After Toddler Death",https://975online.iheart.com/content/2025-08-01-nearly-200000-kids-play-kitchens-recalled-after-toddlers-death/,975online.iheart.com,English,0.0,gdelt_gkg
AMZN,2025-08-01,Man who tried to kidnap Princess Royal in 1974 claims innocence after release,https://www.dumbartonreporter.co.uk/news/national/25360364.man-tried-kidnap-princess-royal-1974-claims-innocence-release/,dumbartonreporter.co.uk,English,0.0,gdelt_gkg
AMZN,2025-08-01,Man who tried to kidnap Princess Royal in 1974 claims innocence after release,https://www.ludlowadvertiser.co.uk/news/national/25360364.man-tried-kidnap-princess-royal-1974-claims-innocence-release/,ludlowadvertiser.co.uk,English,0.0,gdelt_gkg
AMZN,2025-08-01,"Nearly 200 , 000 Kids Play Kitchens Recalled After Toddler Death",https://kg95.iheart.com/content/2025-08-01-nearly-200000-kids-play-kitchens-recalled-after-toddlers-death/,kg95.iheart.com,English,0.0,gdelt_gkg
AMZN,2025-08-01,Man who tried to kidnap Princess Royal in 1974 claims innocence after release,https://www.wirralglobe.co.uk/news/national/25360364.man-tried-kidnap-princess-royal-1974-claims-innocence-release/,wirralglobe.co.uk,English,0.0,gdelt_gkg
AMZN,2025-08-01,Man who tried to kidnap Princess Royal in 1974 claims innocence after release,https://www.somersetcountygazette.co.uk/news/national/25360364.man-tried-kidnap-princess-royal-1974-claims-innocence-release/,somersetcountygazette.co.uk,English,0.0,gdelt_gkg
AMZN,2025-08-01,3 Artificial Intelligence ( AI ) Stocks That Could Make You a Millionaire,https://www.fool.com/investing/2025/08/01/3-artificial-intelligence-ai-stocks-that-could-mak/?source=iedfolrf0000001,fool.com,English,0.0,gdelt_gkg
AMZN,2025-08-01,"Ticker | News , Sports , Jobs - Altoona Mirror",https://www.altoonamirror.com/uncategorized/2025/08/ticker-1148/,altoonamirror.com,English,0.0,gdelt_gkg
AMZN,2025-08-01,"Nearly 200 , 000 Kids Play Kitchens Recalled After Toddler Death",https://hits961.iheart.com/content/2025-08-01-nearly-200000-kids-play-kitchens-recalled-after-toddlers-death/,hits961.iheart.com,English,0.0,gdelt_gkg
AMZN,2025-08-01,Man who tried to kidnap Princess Royal in 1974 claims innocence after release,https://www.northwichguardian.co.uk/news/national/25360364.man-tried-kidnap-princess-royal-1974-claims-innocence-release/,northwichguardian.co.uk,English,0.0,gdelt_gkg
AMZN,2025-08-01,"Nearly 200 , 000 Kids Play Kitchens Recalled After Toddler Death",https://power1009.iheart.com/content/2025-08-01-nearly-200000-kids-play-kitchens-recalled-after-toddlers-death/,power1009.iheart.com,English,0.0,gdelt_gkg
AMZN,2025-08-01,"In a miniature world , climate change , environmental issues loom large",https://www.fortmorgantimes.com/2025/08/01/climate-clean-energy-in-miniature/,fortmorgantimes.com,English,0.0,gdelt_gkg
AMZN,2025-08-01,Man who tried to kidnap Princess Royal in 1974 claims innocence after release,https://www.swindonadvertiser.co.uk/news/national/25360364.man-tried-kidnap-princess-royal-1974-claims-innocence-release/,swindonadvertiser.co.uk,English,0.0,gdelt_gkg
AMZN,2025-08-01,Center for BrainHealth Receives $1 Million Match Gift from McRavens,https://news.utdallas.edu/philanthropy/mcravens-cbh-challenge-gift-2025/,news.utdallas.edu,English,0.0,gdelt_gkg
AMZN,2025-08-01,"Colombia 2025 : Caribe , Andes y Amazonía en una sola ruta guía desde Lima para viajeros A , B y C",https://aeronoticias.com.pe/noticiero/turismo/viajes/colombia-2025-caribe-andes-y-amazonia-en-una-sola-ruta-guia-desde-lima-para-viajeros-a-b-y-c/,aeronoticias.com.pe,Spanish,0.0,gdelt_gkg
AMZN,2025-08-01,Man who tried to kidnap Princess Royal in 1974 claims innocence after release,https://www.edp24.co.uk/news/national/25360364.man-tried-kidnap-princess-royal-1974-claims-innocence-release/,edp24.co.uk,English,0.0,gdelt_gkg
AMZN,2025-08-01,"Nearly 200 , 000 Kids Play Kitchens Recalled After Toddler Death",https://mix1033.iheart.com/content/2025-08-01-nearly-200000-kids-play-kitchens-recalled-after-toddlers-death/,mix1033.iheart.com,English,0.0,gdelt_gkg
AMZN,2025-08-01,"Nearly 200 , 000 Kids Play Kitchens Recalled After Toddler Death",https://101kgb.iheart.com/content/2025-08-01-nearly-200000-kids-play-kitchens-recalled-after-toddlers-death/,101kgb.iheart.com,English,0.0,gdelt_gkg
AMZN,2025-08-01,Man who tried to kidnap Princess Royal in 1974 claims innocence after release,https://www.bromsgroveadvertiser.co.uk/news/national/25360364.man-tried-kidnap-princess-royal-1974-claims-innocence-release/,bromsgroveadvertiser.co.uk,English,0.0,gdelt_gkg
AMZN,2025-08-01,Hidrovia Araguaia - Tocantins e o progresso que quer calar o rio,https://conexaoto.com.br/2025/08/01/hidrovia-araguaia-tocantins-e-o-progresso-que-quer-calar-o-rio,conexaoto.com.br,Portuguese,0.0,gdelt_gkg
AMZN,2025-08-01,Beloved children author Allan Ahlberg dies at 87,https://www.timescall.com/2025/08/01/allan-ahlberg-dies/,timescall.com,English,0.0,gdelt_gkg
AMZN,2025-08-01,Iracema : Uma transa amazônica é restaurado e segue atual,https://www.uol.com.br/splash/noticias/2025/08/01/iracema-classico-censurado-na-ditadura-e-restaurado-e-segue-atual.htm,uol.com.br,Portuguese,0.0,gdelt_gkg
AMZN,2025-08-01,Oklahoma boy collects thousands of toys for sick children on his birthday,https://www.koco.com/article/elliot-johnston-collects-thousands-of-toys-sick-children-on-his-birthday/65578099,koco.com,English,0.0,gdelt_gkg
AMZN,2025-08-01,"Nearly 200 , 000 Kids Play Kitchens Recalled After Toddler Death",https://1029thelake.iheart.com/content/2025-08-01-nearly-200000-kids-play-kitchens-recalled-after-toddlers-death/,1029thelake.iheart.com,English,0.0,gdelt_gkg
AMZN,2025-08-01,"Nearly 200 , 000 Kids Play Kitchens Recalled After Toddler Death",https://rock103columbus.iheart.com/content/2025-08-01-nearly-200000-kids-play-kitchens-recalled-after-toddlers-death/,rock103columbus.iheart.com,English,0.0,gdelt_gkg
AMZN,2025-08-01,"Nearly 200 , 000 Kids Play Kitchens Recalled After Toddler Death",https://kiiz.iheart.com/content/2025-08-01-nearly-200000-kids-play-kitchens-recalled-after-toddlers-death/,kiiz.iheart.com,English,0.0,gdelt_gkg
AMZN,2025-08-01,"Nearly 200 , 000 Kids Play Kitchens Recalled After Toddler Death",https://newsradio1170.iheart.com/content/2025-08-01-nearly-200000-kids-play-kitchens-recalled-after-toddlers-death/,newsradio1170.iheart.com,English,0.0,gdelt_gkg
AMZN,2025-08-01,Man who tried to kidnap Princess Royal in 1974 claims innocence after release,https://www.cravenherald.co.uk/news/national/25360364.man-tried-kidnap-princess-royal-1974-claims-innocence-release/,cravenherald.co.uk,English,0.0,gdelt_gkg
AMZN,2025-08-01,"Nearly 200 , 000 Kids Play Kitchens Recalled After Toddler Death",https://1015.iheart.com/content/2025-08-01-nearly-200000-kids-play-kitchens-recalled-after-toddlers-death/,1015.iheart.com,English,0.0,gdelt_gkg
AMZN,2025-08-01,Brasil eleva mezcla de biocombustibles en gasolina y refuerza transición energética verde,https://www.elpais.cr/2025/08/01/brasil-eleva-mezcla-de-biocombustibles-en-gasolina-y-refuerza-transicion-energetica-verde/,elpais.cr,Spanish,0.0,gdelt_gkg
AMZN,2025-08-01,"Nearly 200 , 000 Kids Play Kitchens Recalled After Toddler Death",https://961kissonline.iheart.com/content/2025-08-01-nearly-200000-kids-play-kitchens-recalled-after-toddlers-death/,961kissonline.iheart.com,English,0.0,gdelt_gkg
AMZN,2025-08-01,Man who tried to kidnap Princess Royal in 1974 claims innocence after release,https://www.malverngazette.co.uk/news/national/25360364.man-tried-kidnap-princess-royal-1974-claims-innocence-release/,malverngazette.co.uk,English,0.0,gdelt_gkg
AMZN,2025-08-01,"Nearly 200 , 000 Kids Play Kitchens Recalled After Toddler Death",https://newsradio1290wtks.iheart.com/content/2025-08-01-nearly-200000-kids-play-kitchens-recalled-after-toddlers-death/,newsradio1290wtks.iheart.com,English,0.0,gdelt_gkg
AMZN,2025-08-01,"Nearly 200 , 000 Kids Play Kitchens Recalled After Toddler Death",https://kqdy.iheart.com/content/2025-08-01-nearly-200000-kids-play-kitchens-recalled-after-toddlers-death/,kqdy.iheart.com,English,0.0,gdelt_gkg
AMZN,2025-08-01,Report : Families facing back - to - school budget crunch,https://www.lex18.com/news/lex-in-depth/report-families-facing-back-to-school-budget-crunch,lex18.com,English,0.0,gdelt_gkg
AMZN,2025-08-01,"Nearly 200 , 000 Kids Play Kitchens Recalled After Toddler Death",https://q1045.iheart.com/content/2025-08-01-nearly-200000-kids-play-kitchens-recalled-after-toddlers-death/,q1045.iheart.com,English,0.0,gdelt_gkg
AMZN,2025-08-01,"Enbridge , TC Energy see stronger demand in U . S ., hurdles in Canada",https://edmontonsun.com/business/energy/pipelines-demand-united-states-hurdles-canada,edmontonsun.com,English,0.0,gdelt_gkg
AMZN,2025-08-01,Man who tried to kidnap Princess Royal in 1974 claims innocence after release,https://www.sthelensstar.co.uk/news/national/25360364.man-tried-kidnap-princess-royal-1974-claims-innocence-release/,sthelensstar.co.uk,English,0.0,gdelt_gkg
AMZN,2025-08-01,Man who tried to kidnap Princess Royal in 1974 claims innocence after release,https://www.hillingdontimes.co.uk/news/national/25360364.man-tried-kidnap-princess-royal-1974-claims-innocence-release/,hillingdontimes.co.uk,English,0.0,gdelt_gkg
AMZN,2025-08-01,Bloomables : Meet the Must - Have Toy Taking the World by Storm,https://www.5au.com.au/trending/entertainment/bloomables-meet-the-must-have-toy-taking-the-world-by-storm/,5au.com.au,English,0.0,gdelt_gkg
AMZN,2025-08-01,"Nearly 200 , 000 Kids Play Kitchens Recalled After Toddler Death",https://1053thefox.iheart.com/content/2025-08-01-nearly-200000-kids-play-kitchens-recalled-after-toddlers-death/,1053thefox.iheart.com,English,0.0,gdelt_gkg
AMZN,2025-08-01,Man who tried to kidnap Princess Royal in 1974 claims innocence after release,https://www.wharfedaleobserver.co.uk/news/national/25360364.man-tried-kidnap-princess-royal-1974-claims-innocence-release/,wharfedaleobserver.co.uk,English,0.0,gdelt_gkg
AMZN,2025-08-01,Trump Calls for a Fed Mutiny,https://biztoc.com/x/cac0a606934cc166,biztoc.com,English,0.0,gdelt_gkg
AMZN,2025-08-01,Next James Bond Movie Hires Writer,https://929nin.com/ixp/442/p/new-james-bond-writer/,929nin.com,English,0.0,gdelt_gkg
AMZN,2025-08-01,"Nearly 200 , 000 Kids Play Kitchens Recalled After Toddler Death",https://wibafm.iheart.com/content/2025-08-01-nearly-200000-kids-play-kitchens-recalled-after-toddlers-death/,wibafm.iheart.com,English,0.0,gdelt_gkg
AMZN,2025-08-01,道指收市挫542點 亞馬遜市值蒸發逾2000億美元,https://finance.now.com/news/post.php?id=933902,finance.now.com,Chinese,0.0,gdelt_gkg
AMZN,2025-08-01,Man who tried to kidnap Princess Royal in 1974 claims innocence after release,https://www.basingstokegazette.co.uk/news/national/25360364.man-tried-kidnap-princess-royal-1974-claims-innocence-release/,basingstokegazette.co.uk,English,0.0,gdelt_gkg
AMZN,2025-08-01,"Nearly 200 , 000 Kids Play Kitchens Recalled After Toddler Death",https://kiak.iheart.com/content/2025-08-01-nearly-200000-kids-play-kitchens-recalled-after-toddlers-death/,kiak.iheart.com,English,0.0,gdelt_gkg
AMZN,2025-08-01,Nordstrom Anniversary Sale 2025 : 20 Best Fashion and Beauty Deals,https://www.wpbf.com/article/consumer-best-nordstrom-anniversary-sale-2025-deals/65577705,wpbf.com,English,0.0,gdelt_gkg
AMZN,2025-08-01,Man who tried to kidnap Princess Royal in 1974 claims innocence after release,https://www.kilburntimes.co.uk/news/national/25360364.man-tried-kidnap-princess-royal-1974-claims-innocence-release/,kilburntimes.co.uk,English,0.0,gdelt_gkg
AMZN,2025-08-01,"Nearly 200 , 000 Kids Play Kitchens Recalled After Toddler Death",https://khvhradio.iheart.com/content/2025-08-01-nearly-200000-kids-play-kitchens-recalled-after-toddlers-death/,khvhradio.iheart.com,English,0.0,gdelt_gkg
AMZN,2025-08-01,Hotel muda de nome para a COP30 e aumenta valor da diária em 2 . 878 % ,https://www.correiobraziliense.com.br/brasil/2025/08/7216371-hotel-muda-de-nome-para-a-cop30-e-aumenta-valor-da-diaria-em-2878.html,correiobraziliense.com.br,Portuguese,0.0,gdelt_gkg
AMZN,2025-08-01,Tráfico na Amazônia : uma tonelada de drogas é apreendida em avião no sudoeste do Pará,https://g1.globo.com/pa/para/noticia/2025/08/01/trafico-na-amazonia-uma-tonelada-de-drogas-sao-apreendidas-em-aviao-no-sudoeste-do-para.ghtml,g1.globo.com,Portuguese,0.0,gdelt_gkg
AMZN,2025-08-01,Biometric payment card enrollment interoperability spec developed by SPA,https://www.biometricupdate.com/202508/biometric-payment-card-enrollment-interoperability-spec-developed-by-spa,biometricupdate.com,English,0.0,gdelt_gkg
AMZN,2025-08-01,Man who tried to kidnap Princess Royal in 1974 claims innocence after release,https://www.wimbledonguardian.co.uk/news/national/25360364.man-tried-kidnap-princess-royal-1974-claims-innocence-release/,wimbledonguardian.co.uk,English,0.0,gdelt_gkg
AMZN,2025-08-01,Nordstrom Anniversary Sale 2025 : 20 Best Fashion and Beauty Deals,https://www.wjcl.com/article/consumer-best-nordstrom-anniversary-sale-2025-deals/65577705,wjcl.com,English,0.0,gdelt_gkg
AMZN,2025-08-01,Man who tried to kidnap Princess Royal in 1974 claims innocence after release,https://www.thisislocallondon.co.uk/news/national/25360364.man-tried-kidnap-princess-royal-1974-claims-innocence-release/,thisislocallondon.co.uk,English,0.0,gdelt_gkg
AMZN,2025-08-01,Nordstrom Anniversary Sale 2025 : 20 Best Fashion and Beauty Deals,https://www.wvtm13.com/article/consumer-best-nordstrom-anniversary-sale-2025-deals/65577705,wvtm13.com,English,0.0,gdelt_gkg
AMZN,2025-08-01,US stock market falls amid weak jobs report and Trump tariffs,https://www.wpbf.com/article/us-stock-market-falls-trump-tariffs-jobs-report/65578054,wpbf.com,English,0.0,gdelt_gkg
AMZN,2025-08-01,Man who tried to kidnap Princess Royal in 1974 claims innocence after release,https://www.lynnnews.co.uk/national/man-who-tried-to-kidnap-princess-royal-in-1974-claims-innocence-after-release-152074/,lynnnews.co.uk,English,0.0,gdelt_gkg
AMZN,2025-08-01,Tom Holland Addresses James Bond Casting ( but What Could It Mean for Spider - Man ?) ,https://comicbook.com/movies/news/tom-holland-spider-man-james-bond-possibility/,comicbook.com,English,0.0,gdelt_gkg
AMZN,2025-08-01,"Nearly 200 , 000 Kids Play Kitchens Recalled After Toddler Death",https://b97fm.iheart.com/content/2025-08-01-nearly-200000-kids-play-kitchens-recalled-after-toddlers-death/,b97fm.iheart.com,English,0.0,gdelt_gkg
AMZN,2025-08-01,"Nearly 200 , 000 Kids Play Kitchens Recalled After Toddler Death",https://wild1063.iheart.com/content/2025-08-01-nearly-200000-kids-play-kitchens-recalled-after-toddlers-death/,wild1063.iheart.com,English,0.0,gdelt_gkg
AMZN,2025-08-01,"Nearly 200 , 000 Kids Play Kitchens Recalled After Toddler Death",https://whyn.iheart.com/content/2025-08-01-nearly-200000-kids-play-kitchens-recalled-after-toddlers-death/,whyn.iheart.com,English,0.0,gdelt_gkg
AMZN,2025-08-01,Nem nyűgözte le a befektetőket az Amazon,https://profitline.hu/nem-nyugozte-le-a-befektetoket-az-amazon-476886,profitline.hu,Hungarian,0.0,gdelt_gkg
AMZN,2025-08-01,"Nearly 200 , 000 Kids Play Kitchens Recalled After Toddler Death",https://real1039.iheart.com/content/2025-08-01-nearly-200000-kids-play-kitchens-recalled-after-toddlers-death/,real1039.iheart.com,English,0.0,gdelt_gkg
AMZN,2025-08-01,US stock market falls amid weak jobs report and Trump tariffs,https://www.wyff4.com/article/us-stock-market-falls-trump-tariffs-jobs-report/65578054,wyff4.com,English,0.0,gdelt_gkg
AMZN,2025-08-01,"AccreditedEvents and New to The Street Host Exclusive Investor Cocktail Event Featuring MUSQ ( $MUSQ ), The Music ETF , on September 3 at Hudson Yards",http://www.tennesseedaily.com/news/278482935/accreditedevents-and-new-to-the-street-host-exclusive-investor-cocktail-event-featuring-musq-musq-the-music-etf-on-september-3-at-hudson-yards,tennesseedaily.com,English,0.0,gdelt_gkg
AMZN,2025-08-01,Bangkok Post - Tariff of 19 % dubbed  good news  ,https://www.bangkokpost.com/business/general/3079889/tariff-of-19-dubbed-good-news,bangkokpost.com,English,0.0,gdelt_gkg
AMZN,2025-08-01,"Nearly 200 , 000 Kids Play Kitchens Recalled After Toddler Death",https://rock967.iheart.com/content/2025-08-01-nearly-200000-kids-play-kitchens-recalled-after-toddlers-death/,rock967.iheart.com,English,0.0,gdelt_gkg
AMZN,2025-08-01,Man who tried to kidnap Princess Royal in 1974 claims innocence after release,https://www.lbc.co.uk/hot-topics/royals/man-who-tried-to-kidnap-princess-royal-in-1974-claims-innocence-after-release/,lbc.co.uk,English,0.0,gdelt_gkg
AMZN,2025-08-01,"Nearly 200 , 000 Kids Play Kitchens Recalled After Toddler Death",https://963starcountry.iheart.com/content/2025-08-01-nearly-200000-kids-play-kitchens-recalled-after-toddlers-death/,963starcountry.iheart.com,English,0.0,gdelt_gkg
AMZN,2025-08-01,"US govt , Big Tech unite to build one stop national health data platform",https://www.biometricupdate.com/202508/us-govt-big-tech-unite-to-build-one-stop-national-health-data-platform,biometricupdate.com,English,0.0,gdelt_gkg
AMZN,2025-08-01,CJ2025丨亚马逊云科技李剑 ： 生成式AI重构游戏生产逻辑 让开发者专注于  好玩  本质,https://baijiahao.baidu.com/s?id=1839266788944000133,baijiahao.baidu.com,Chinese,0.0,gdelt_gkg
AMZN,2025-08-01,"Nearly 200 , 000 Kids Play Kitchens Recalled After Toddler Death",https://star1043.iheart.com/content/2025-08-01-nearly-200000-kids-play-kitchens-recalled-after-toddlers-death/,star1043.iheart.com,English,0.0,gdelt_gkg
AMZN,2025-08-01,Man who tried to kidnap Princess Royal in 1974 claims innocence after release,https://www.bridportnews.co.uk/news/national/25360364.man-tried-kidnap-princess-royal-1974-claims-innocence-release/,bridportnews.co.uk,English,0.0,gdelt_gkg
AMZN,2025-08-01,Nordstrom Anniversary Sale 2025 : 20 Best Fashion and Beauty Deals,https://www.wyff4.com/article/consumer-best-nordstrom-anniversary-sale-2025-deals/65577705,wyff4.com,English,0.0,gdelt_gkg
AMZN,2025-08-01,Man who tried to kidnap Princess Royal in 1974 claims innocence after release,https://www.thenorthernecho.co.uk/news/national/25360364.man-tried-kidnap-princess-royal-1974-claims-innocence-release/,thenorthernecho.co.uk,English,0.0,gdelt_gkg
AMZN,2025-08-01,"Nearly 200 , 000 Kids Play Kitchens Recalled After Toddler Death",https://newsradio967.iheart.com/content/2025-08-01-nearly-200000-kids-play-kitchens-recalled-after-toddlers-death/,newsradio967.iheart.com,English,0.0,gdelt_gkg
AMZN,2025-08-01,"Nearly 200 , 000 Kids Play Kitchens Recalled After Toddler Death",https://wild949.iheart.com/content/2025-08-01-nearly-200000-kids-play-kitchens-recalled-after-toddlers-death/,wild949.iheart.com,English,0.0,gdelt_gkg
AMZN,2025-08-01,Man who tried to kidnap Princess Royal in 1974 claims innocence after release,https://www.surreycomet.co.uk/news/national/25360364.man-tried-kidnap-princess-royal-1974-claims-innocence-release/,surreycomet.co.uk,English,0.0,gdelt_gkg
AMZN,2025-08-01,Marina del Perú interviene embarcación con materiales para minería ilegal,https://elmen.pe/marina-del-peru-interviene-embarcacion-con-materiales-para-mineria-ilegal/,elmen.pe,Spanish,0.0,gdelt_gkg
AMZN,2025-08-01,"Nearly 200 , 000 Kids Play Kitchens Recalled After Toddler Death",https://wtkg.iheart.com/content/2025-08-01-nearly-200000-kids-play-kitchens-recalled-after-toddlers-death/,wtkg.iheart.com,English,0.0,gdelt_gkg
AMZN,2025-08-01,Wall Street falls the most since May after employers slash hiring and tariffs roll out,https://www.fitzhugh.ca/national-business/wall-street-falls-the-most-since-may-after-employers-slash-hiring-and-tariffs-roll-out-11022326,fitzhugh.ca,English,0.0,gdelt_gkg
AMZN,2025-08-01,Cinco creencias populares del mundo de la ciencia y la salud : ¿ cuánto tienen de cierto y cuánto de mito ? ,https://www.latercera.com/lt-board/noticia/cinco-creencias-populares-del-mundo-de-la-ciencia-y-la-salud-cuanto-tienen-de-cierto-y-cuanto-de-mito/,latercera.com,Spanish,0.0,gdelt_gkg
AMZN,2025-08-01,The Nashville Ledger,http://www.tnledger.com/editorial/Article.aspx?id=192902,tnledger.com,English,0.0,gdelt_gkg
AMZN,2025-08-01,Wall Street falls the most since May after employers slash hiring,https://www.thereporteronline.com/2025/08/01/wall-street-tariffs-jobs-report/,thereporteronline.com,English,0.0,gdelt_gkg
AMZN,2025-08-01,"Were Finally Getting A Holiday Follow - Up After Years Of Asking . While It Not Exactly What I Wanted , I Am Intrigued",https://www.cinemablend.com/streaming-news/finally-getting-the-holiday-follow-not-exactly-what-i-wanted-i-am-intrigued,cinemablend.com,English,0.0,gdelt_gkg
AMZN,2025-08-01,Kid play kitchen recalled after toddler strangulation death,https://www.fox13news.com/news/kidskraft-play-kitchen-recalled-toddler-strangulation-death,fox13news.com,English,0.0,gdelt_gkg
AMZN,2025-08-01,"Nearly 200 , 000 Kids Play Kitchens Recalled After Toddler Death",https://945wpti.iheart.com/content/2025-08-01-nearly-200000-kids-play-kitchens-recalled-after-toddlers-death/,945wpti.iheart.com,English,0.0,gdelt_gkg
AMZN,2025-08-01,"Nearly 200 , 000 Kids Play Kitchens Recalled After Toddler Death",https://real923la.iheart.com/content/2025-08-01-nearly-200000-kids-play-kitchens-recalled-after-toddlers-death/,real923la.iheart.com,English,0.0,gdelt_gkg
AMZN,2025-08-01,Man who tried to kidnap Princess Royal in 1974 claims innocence after release,https://www.wandsworthguardian.co.uk/news/national/25360364.man-tried-kidnap-princess-royal-1974-claims-innocence-release/,wandsworthguardian.co.uk,English,0.0,gdelt_gkg
AMZN,2025-08-01,Do Dave Franco & Allison Brie Have Children ? What She Said About Kids – Hollywood Life,https://hollywoodlife.com/feature/dave-franco-allison-brie-kids-5432365/,hollywoodlife.com,English,0.0,gdelt_gkg
AMZN,2025-08-01,"Nearly 200 , 000 Kids Play Kitchens Recalled After Toddler Death",https://westmichiganstar.iheart.com/content/2025-08-01-nearly-200000-kids-play-kitchens-recalled-after-toddlers-death/,westmichiganstar.iheart.com,English,0.0,gdelt_gkg
AMZN,2025-08-01,"Nonprofit  Books Among Friend resells donated books for cheap , gives proceeds to Durham Public Library",https://www.wunc.org/arts-culture/2025-08-01/nonprofit-books-among-friends-resell-cheap-donate-durham-library,wunc.org,English,0.0,gdelt_gkg
AMZN,2025-08-01,"Nearly 200 , 000 Kids Play Kitchens Recalled After Toddler Death",https://whoradio.iheart.com/content/2025-08-01-nearly-200000-kids-play-kitchens-recalled-after-toddlers-death/,whoradio.iheart.com,English,0.0,gdelt_gkg
AMZN,2025-08-01,"Nearly 200 , 000 Kids Play Kitchens Recalled After Toddler Death",https://1005thefox.iheart.com/content/2025-08-01-nearly-200000-kids-play-kitchens-recalled-after-toddlers-death/,1005thefox.iheart.com,English,0.0,gdelt_gkg
AMZN,2025-08-01,Wall Street falls the most since May after job report and tariffs roll out,https://hayspost.com/posts/e9dbd324-0b41-4fff-b07d-b0dec8c44617,hayspost.com,English,0.0,gdelt_gkg
AMZN,2025-08-01,Cine Walmir Almeida exibe pré - estreias e filmes diversos - O que é notícia em Sergipe,https://infonet.com.br/noticias/cultura/cine-walmir-almeida-exibe-pre-estreias-e-filmes-diversos/,infonet.com.br,Portuguese,0.0,gdelt_gkg
AMZN,2025-08-01,"Nearly 200 , 000 Kids Play Kitchens Recalled After Toddler Death",https://newstalk1090.iheart.com/content/2025-08-01-nearly-200000-kids-play-kitchens-recalled-after-toddlers-death/,newstalk1090.iheart.com,English,0.0,gdelt_gkg
AMZN,2025-08-01,"Nearly 200 , 000 Kids Play Kitchens Recalled After Toddler Death",https://wrdu.iheart.com/content/2025-08-01-nearly-200000-kids-play-kitchens-recalled-after-toddlers-death/,wrdu.iheart.com,English,0.0,gdelt_gkg
AMZN,2025-08-01,"Nearly 200 , 000 Kids Play Kitchens Recalled After Toddler Death",https://1077thefox.iheart.com/content/2025-08-01-nearly-200000-kids-play-kitchens-recalled-after-toddlers-death/,1077thefox.iheart.com,English,0.0,gdelt_gkg
AMZN,2025-08-01,"Nearly 200 , 000 Kids Play Kitchens Recalled After Toddler Death",https://wmzq.iheart.com/content/2025-08-01-nearly-200000-kids-play-kitchens-recalled-after-toddlers-death/,wmzq.iheart.com,English,0.0,gdelt_gkg
AMZN,2025-08-01,"Nearly 200 , 000 Kids Play Kitchens Recalled After Toddler Death",https://961srs.iheart.com/content/2025-08-01-nearly-200000-kids-play-kitchens-recalled-after-toddlers-death/,961srs.iheart.com,English,0.0,gdelt_gkg
AMZN,2025-08-01,Le donne raccontano la loro Amazzonia : « Fiere di essere indios » ,https://www.corriere.it/sette/25_agosto_01/le-donne-raccontano-la-loro-amazzonia-fiere-di-essere-indios-5380ba33-fd45-47aa-942e-586db0532xlk.shtml,corriere.it,Italian,0.0,gdelt_gkg
AMZN,2025-08-01,就業報告疲軟+關稅調整 道瓊大跌542點 、 那指重摔2 . 24 % | 全球財經 | 全球,https://udn.com/news/story/6811/8912778,udn.com,Chinese,0.0,gdelt_gkg
AMZN,2025-08-01,Man who tried to kidnap Princess Royal in 1974 claims innocence after release,https://www.guardian-series.co.uk/news/national/25360364.man-tried-kidnap-princess-royal-1974-claims-innocence-release/,guardian-series.co.uk,English,0.0,gdelt_gkg
AMZN,2025-08-01,"Nearly 200 , 000 Kids Play Kitchens Recalled After Toddler Death",https://q106.iheart.com/content/2025-08-01-nearly-200000-kids-play-kitchens-recalled-after-toddlers-death/,q106.iheart.com,English,0.0,gdelt_gkg
AMZN,2025-08-01,"Nearly 200 , 000 Kids Play Kitchens Recalled After Toddler Death",https://kool1045.iheart.com/content/2025-08-01-nearly-200000-kids-play-kitchens-recalled-after-toddlers-death/,kool1045.iheart.com,English,0.0,gdelt_gkg
AMZN,2025-08-01,"Nearly 200 , 000 Kids Play Kitchens Recalled After Toddler Death",https://1047kissfm.iheart.com/content/2025-08-01-nearly-200000-kids-play-kitchens-recalled-after-toddlers-death/,1047kissfm.iheart.com,English,0.0,gdelt_gkg
AMZN,2025-08-01,"Nearly 200 , 000 Kids Play Kitchens Recalled After Toddler Death",https://1430kasi.iheart.com/content/2025-08-01-nearly-200000-kids-play-kitchens-recalled-after-toddlers-death/,1430kasi.iheart.com,English,0.0,gdelt_gkg
AMZN,2025-08-01,Romantasy is hotter than ever : 30 - plus steamy reads to spice up your life this summer,https://www.saultthisweek.com:443/feature/romantasy-is-hotter-than-ever-30-plus-steamy-reads/wcm/7595e460-e934-4ec1-8834-d4ed1dd5e3ea,saultthisweek.com,English,0.0,gdelt_gkg
AMZN,2025-08-01,Morning Rally Fizzles : Stocks Reverse Course After Early Gains . ,https://finance.yahoo.com/news/p-500-nasdaq-100-set-150453095.html,finance.yahoo.com,English,0.0,gdelt_gkg
AMZN,2025-08-01,US stock market falls amid weak jobs report and Trump tariffs,https://www.wgal.com/article/us-stock-market-falls-trump-tariffs-jobs-report/65578054,wgal.com,English,0.0,gdelt_gkg
AMZN,2025-08-01,Navio Oceanográfico  Antares  estará aberto para visitao pública em Maceió domingo ( 3 ) - Alagoas 24 Horas : Líder em Notícias On - line de Alagoas,https://www.alagoas24horas.com.br/1683568/navio-oceanografico-antares-estara-aberto-para-visitacao-publica-em-maceio-domingo-3/,alagoas24horas.com.br,Portuguese,0.0,gdelt_gkg
AMZN,2025-08-01,What is Stuff Your Kindle Day ? Tips on how to get free e - books,https://www.womanandhome.com/life/books/what-is-stuff-your-kindle-day/,womanandhome.com,English,0.0,gdelt_gkg
AMZN,2025-08-01,"AccreditedEvents and New to The Street Host Exclusive Investor Cocktail Event Featuring MUSQ ( $MUSQ ), The Music ETF , on September 3 at Hudson Yards",http://www.californiatelegraph.com/news/278482935/accreditedevents-and-new-to-the-street-host-exclusive-investor-cocktail-event-featuring-musq-musq-the-music-etf-on-september-3-at-hudson-yards,californiatelegraph.com,English,0.0,gdelt_gkg
AMZN,2025-08-01,Funky Taurus Media - Music Photo Agency & Products,https://www.funkytaurusmedia.com/shop_content.php?coID=3&XTCsid=mt978asppmnc8tvbqjssj7p5h3,funkytaurusmedia.com,English,0.0,gdelt_gkg
AMZN,2025-08-01,Ive been tracking deals for 18 years and Ive never seen MacBooks this cheap back to school deals from $599,https://www.tomsguide.com/sales-events/ive-been-tracking-deals-for-18-years-and-ive-never-seen-macbooks-this-cheap-back-to-school-deals-from-usd599,tomsguide.com,English,0.0,gdelt_gkg
AMZN,2025-08-01,"In a miniature world , climate change , environmental issues loom large",https://www.canoncitydailyrecord.com/2025/08/01/climate-clean-energy-in-miniature/,canoncitydailyrecord.com,English,0.0,gdelt_gkg
AMZN,2025-08-01,"War Of The Worlds Might Be The Worst Movie Ive Seen This Year , But I Think I Like It",https://www.cinemablend.com/streaming-news/war-of-the-worlds-might-be-the-worst-movie-ive-seen-this-year-but-i-think-i-like-it,cinemablend.com,English,0.0,gdelt_gkg
AMZN,2025-08-01,"9 Best Body Shimmers for Glowy , Radiant Skin , Tested & Reviewed",https://wwd.com/shop/shop-beauty/best-body-shimmers-1237962373/,wwd.com,English,0.0,gdelt_gkg
AMZN,2025-08-01,"Nearly 200 , 000 Kids Play Kitchens Recalled After Toddler Death",https://hallelujahfm.iheart.com/content/2025-08-01-nearly-200000-kids-play-kitchens-recalled-after-toddlers-death/,hallelujahfm.iheart.com,English,0.0,gdelt_gkg
AMZN,2025-08-01,Man who tried to kidnap Princess Royal in 1974 claims innocence after release,https://www.dailyecho.co.uk/news/national/25360364.man-tried-kidnap-princess-royal-1974-claims-innocence-release/,dailyecho.co.uk,English,0.0,gdelt_gkg
AMZN,2025-08-01,Man who tried to kidnap Princess Royal in 1974 claims innocence after release,https://www.lancashiretelegraph.co.uk/news/national/25360364.man-tried-kidnap-princess-royal-1974-claims-innocence-release/,lancashiretelegraph.co.uk,English,0.0,gdelt_gkg
AMZN,2025-08-01,Fans compare Netflix My Oxford Year to Emilia Clarke - Sam Claflin Me Before You :  Seen this film before ; didnt like the ending  ,https://www.indiatimes.com/trending/fans-compare-netflixs-my-oxford-year-to-emilia-clarke-sam-claflins-me-before-you-seen-this-film-before-didnt-like-the-ending-665610.html,indiatimes.com,English,0.0,gdelt_gkg
AMZN,2025-08-01,"Eddie Murphy on  The Pickup , kickstarting the action - comedy genre and retirement",https://www.saultthisweek.com:443/entertainment/movies/eddie-murphy-interview-the-pickup-shrek-5-donkey-pink-panther-retirement/wcm/328ffbd1-d286-4b1f-b769-2eba68094db7,saultthisweek.com,English,0.0,gdelt_gkg
AMZN,2025-08-01,Did Apple Fall From Benzinga Top 20 Searched Tickers In July ? ,https://www.benzinga.com/trading-ideas/long-ideas/25/08/46810519/exclusive-julys-20-most-searched-tickers-on-benzinga-pro-where-do-opendoor-nvidia-apple-stock-rank,benzinga.com,English,0.0,gdelt_gkg
AMZN,2025-08-01,"Nearly 200 , 000 Kids Play Kitchens Recalled After Toddler Death",https://985thefox.iheart.com/content/2025-08-01-nearly-200000-kids-play-kitchens-recalled-after-toddlers-death/,985thefox.iheart.com,English,0.0,gdelt_gkg
AMZN,2025-08-01,Meta Platforms Just Hired One of ChatGPT Co - Creators . Is META Stock a Buy Here as Zuckerberg Doubles Down on AI ? ,https://finance.yahoo.com/news/meta-platforms-just-hired-one-151410242.html,finance.yahoo.com,English,0.0,gdelt_gkg
AMZN,2025-08-01,"Eddie Murphy on  The Pickup , kickstarting the action - comedy genre and retirement",https://www.elliotlakestandard.ca:443/entertainment/movies/eddie-murphy-interview-the-pickup-shrek-5-donkey-pink-panther-retirement/wcm/328ffbd1-d286-4b1f-b769-2eba68094db7,elliotlakestandard.ca,English,0.0,gdelt_gkg
AMZN,2025-08-01,"Stocks Take a Fall After Jobs Report , Tariff Changes",https://www.newser.com/story/372885/stocks-take-a-fall-after-jobs-report-tariff-changes.html,newser.com,English,0.0,gdelt_gkg
AMZN,2025-08-01,"Higher prices , evolving technology complicate back - to - school shopping",https://www.willitsnews.com/2025/08/01/higher-prices-evolving-technology-complicate-back-to-school-shopping/,willitsnews.com,English,0.0,gdelt_gkg
AMZN,2025-08-01,"Trump gets tariffs , shoppers get price hikes at the register",http://www.theusnews.com/news/278478192/trump-gets-tariffs-shoppers-get-price-hikes-at-the-register,theusnews.com,English,0.0,gdelt_gkg
AMZN,2025-08-01,"Nearly 200 , 000 Kids Play Kitchens Recalled After Toddler Death | Talk Radio 105 . 9",https://knrs.iheart.com/content/2025-08-01-nearly-200000-kids-play-kitchens-recalled-after-toddlers-death/,knrs.iheart.com,English,0.0,gdelt_gkg
AMZN,2025-08-01,US stock market falls amid weak jobs report and Trump tariffs,https://www.wisn.com/article/us-stock-market-falls-trump-tariffs-jobs-report/65578054,wisn.com,English,0.0,gdelt_gkg
AMZN,2025-08-01,Lo que el polvo del Sáhara está revelando sobre el cambio climático,https://wwwhatsnew.com/2025/08/02/lo-que-el-polvo-del-sahara-esta-revelando-sobre-el-cambio-climatico/,wwwhatsnew.com,Spanish,0.0,gdelt_gkg
AMZN,2025-08-01,"Nearly 200 , 000 Kids Play Kitchens Recalled After Toddler Death",https://961thefox.iheart.com/content/2025-08-01-nearly-200000-kids-play-kitchens-recalled-after-toddlers-death/,961thefox.iheart.com,English,0.0,gdelt_gkg
AMZN,2025-08-01,Man who tried to kidnap Princess Royal in 1974 claims innocence after release,https://www.glasgowtimes.co.uk/news/national/25360364.man-tried-kidnap-princess-royal-1974-claims-innocence-release/,glasgowtimes.co.uk,English,0.0,gdelt_gkg
AMZN,2025-08-01,"AccreditedEvents and New to The Street Host Exclusive Investor Cocktail Event Featuring MUSQ ( $MUSQ ), The Music ETF , on September 3 at Hudson Yards",http://www.californiatelegraph.com/news/278482936/accreditedevents-and-new-to-the-street-host-exclusive-investor-cocktail-event-featuring-musq-musq-the-music-etf-on-september-3-at-hudson-yards,californiatelegraph.com,English,0.0,gdelt_gkg
AMZN,2025-08-01,"Dow sinks 500 points , global stocks drop as Trump unveils his tariffs",https://www.erienewsnow.com/story/52970510/dow-sinks-500-points-global-stocks-drop-as-trump-unveils-his-tariffs,erienewsnow.com,English,0.0,gdelt_gkg
AMZN,2025-08-01,Man who tried to kidnap Princess Royal in 1974 claims innocence after release,https://www.oxfordmail.co.uk/news/national/25360364.man-tried-kidnap-princess-royal-1974-claims-innocence-release/,oxfordmail.co.uk,English,0.0,gdelt_gkg
AMZN,2025-08-01,"Nearly 200 , 000 Kids Play Kitchens Recalled After Toddler Death",https://wizard106.iheart.com/content/2025-08-01-nearly-200000-kids-play-kitchens-recalled-after-toddlers-death/,wizard106.iheart.com,English,0.0,gdelt_gkg
AMZN,2025-10-01,"Teenage girl dies after Gilbert car crash , 2 other teens hospitalized",https://www.12news.com/article/news/local/valley/16-year-old-dies-gilbert-crash-other-teens-remain-hospitalized/75-41691741-8cb1-4c02-a640-1acdb74ee95d,12news.com,English,0.0,gdelt_gkg
AMZN,2025-10-01,"Amazon cuts Prime Invitee program , pushes solo memberships",https://www.wnep.com/article/news/nation-world/amazon-ends-prime-sharing-invitee-program/507-a17e251e-d836-4a3f-9dac-54e45a9074da,wnep.com,English,0.0,gdelt_gkg
AMZN,2025-10-01,James Bond Report Reveals New Favorite for 007 Actor,https://www.comingsoon.net/movies/news/2036715-007-rumor-reveals-amazon-mgm-favorite-for-next-james-bond-actor,comingsoon.net,English,0.0,gdelt_gkg
AMZN,2025-10-01,"Amazon cuts Prime Invitee program , pushes solo memberships",https://www.cbs8.com/article/news/nation-world/amazon-ends-prime-sharing-invitee-program/507-a17e251e-d836-4a3f-9dac-54e45a9074da,cbs8.com,English,0.0,gdelt_gkg
AMZN,2025-10-01,Esther Dweck destaca avanços do governo na transformao do Estado e aborda a reforma administrativa,"https://www.rondoniadinamica.com/noticias/2025/10/esther-dweck-destaca-avancos-do-governo-na-transformacao-do-estado-e-aborda-a-reforma-administrativa,228096.shtml",rondoniadinamica.com,Portuguese,0.0,gdelt_gkg
AMZN,2025-10-01,How Near - Death Experiences Challenge Our Understanding of the Mind,http://www.caribbeanherald.com/news/278612402/how-near-death-experiences-challenge-our-understanding-of-the-mind,caribbeanherald.com,English,0.0,gdelt_gkg
AMZN,2025-10-01,The new Blink Arc lets you fuse two of your smart cameras into one,https://www.digitaltrends.com/home/amazons-blink-refresh-adds-2k-clarity-and-wide-angle-coverage-for-less/,digitaltrends.com,English,0.0,gdelt_gkg
AMZN,2025-10-01,How Near - Death Experiences Challenge Our Understanding of the Mind,http://www.middleeaststar.com/news/278612402/how-near-death-experiences-challenge-our-understanding-of-the-mind,middleeaststar.com,English,0.0,gdelt_gkg
AMZN,2025-10-01,Film review :  One Battle After Another  has its ups and downs,https://northdallasgazette.com/2025/10/01/film-review-one-battle-after-another-has-its-ups-and-downs/,northdallasgazette.com,English,0.0,gdelt_gkg
AMZN,2025-10-01,Buckeye police looking for possible victims of alleged  predator  ,https://www.12news.com/article/news/local/arizona/buckeye-police-looking-victims-alleged-predator/75-1c0d34d6-08e9-4d87-a6d8-44d5fa55648a,12news.com,English,0.0,gdelt_gkg
AMZN,2025-10-01,The Most Powerful Steam OS Handheld Gaming PC Is on Sale Today at Best Buy,https://www.ign.com/articles/the-most-powerful-steam-os-handheld-gaming-pc-is-on-sale-today-at-best-buy,ign.com,English,0.0,gdelt_gkg
AMZN,2025-10-01,A new documentary about a dastardly worm and a heroic effort by Jimmy Carter,https://www.wcbe.org/npr-news/2025-10-01/a-new-documentary-about-a-dastardly-worm-and-a-heroic-effort-by-jimmy-carter,wcbe.org,English,0.0,gdelt_gkg
AMZN,2025-10-01,亞馬遜新推自有品牌 食品雜貨多低於5美元 | 自由品牌 | 亞馬遜雜貨 | Amazon Grocery,https://www.epochtimes.com/b5/25/10/1/n14606801.htm,epochtimes.com,Chinese,0.0,gdelt_gkg
AMZN,2025-10-01,"Russia , Chinese Hacking Buffets Europe",https://www.govinfosecurity.com/russia-chinese-hacking-buffets-europe-a-29616,govinfosecurity.com,English,0.0,gdelt_gkg
AMZN,2025-10-01,Early Prime Day deal slashes Amazon  most powerful  tablet to lowest price since Black Friday,https://www.ok.co.uk/shopping/amazons-most-powerful-tablet-deal-35999193,ok.co.uk,English,0.0,gdelt_gkg
AMZN,2025-10-01,How Near - Death Experiences Challenge Our Understanding of the Mind,http://www.jamaicantimes.com/news/278612402/how-near-death-experiences-challenge-our-understanding-of-the-mind,jamaicantimes.com,English,0.0,gdelt_gkg
AMZN,2025-10-01,"Amazon cuts Prime Invitee program , pushes solo memberships",https://www.fox61.com/article/news/nation-world/amazon-ends-prime-sharing-invitee-program/507-a17e251e-d836-4a3f-9dac-54e45a9074da,fox61.com,English,0.0,gdelt_gkg
AMZN,2025-10-01,Festival de Cine Árbol Rojo concluye con exitosas funciones simultáneas,https://sipse.com/novedades/festival-cine-arbol-rojo-concluye-exitosas-funciones-simultaneas-497376.html,sipse.com,Spanish,0.0,gdelt_gkg
AMZN,2025-10-01,"Walmart to Cut Synthetic Dyes , Food Additives From Store Brands by Early 2027",https://www.investopedia.com/walmart-to-cut-synthetic-dyes-food-additives-from-store-brands-by-early-2027-11822192,investopedia.com,English,0.0,gdelt_gkg
AMZN,2025-10-01,"Amazon drone crash reported in West Valley , police say",https://www.12news.com/article/news/local/arizona/amazon-drones-crash-west-valley-ntsb-investigating-tolleson-arizona/75-77d62b76-884e-46ac-af3e-1e650596aee9,12news.com,English,0.0,gdelt_gkg
AMZN,2025-10-01,Latest Articles,https://freerepublic.com/tag/*/index?more=4343784,freerepublic.com,English,0.0,gdelt_gkg
AMZN,2025-10-01," [ GAM ]  애플 , 비전프로 개편 중단하고 메타  AI 글래스  추격전 돌입  ",https://www.newspim.com/news/view/20251002000051,newspim.com,Korean,0.0,gdelt_gkg
AMZN,2025-10-01,Guy Fieri stops by Sky Harbor Airport to visit new restaurant,https://www.12news.com/article/news/local/valley/guy-fieri-new-restaurant-opens-sky-harbor-airport-phoenix/75-d7fe24e2-5581-4526-8836-24fd20009808,12news.com,English,0.0,gdelt_gkg
AMZN,2025-10-01,This Utility Stock Is Soaring on a Takeover Report . Why It Could Be an AI Play,https://www.investopedia.com/this-utility-stock-is-soaring-on-a-takeover-report-why-it-could-be-an-ai-play-11822191,investopedia.com,English,0.0,gdelt_gkg
AMZN,2025-10-01,Awake at the Edge : Exploring what happens when we die,http://www.shanghainews.net/news/278612402/awake-at-the-edge-exploring-what-happens-when-we-die,shanghainews.net,English,0.0,gdelt_gkg
AMZN,2025-10-01,Nashville notes : TR orange vinyl + Caroline Jone  All the Things  ,https://www.k923orlando.com/news/nashville-notes-trs-orange-vinyl-caroline-jones-all-things/H6PIE3INM43NFJWU2EXKNGMSRM/,k923orlando.com,English,0.0,gdelt_gkg
AMZN,2025-10-01,How Near - Death Experiences Challenge Our Understanding of the Mind,http://www.indiagazette.com/news/278612402/how-near-death-experiences-challenge-our-understanding-of-the-mind,indiagazette.com,English,0.0,gdelt_gkg
AMZN,2025-10-01,"Amazon cuts Prime Invitee program , pushes solo memberships",https://www.newswest9.com/article/news/nation-world/amazon-ends-prime-sharing-invitee-program/507-a17e251e-d836-4a3f-9dac-54e45a9074da,newswest9.com,English,0.0,gdelt_gkg
AMZN,2025-10-01,Amazon Luna Gives Casual Party Games a Shot,https://www.ign.com/articles/amazon-luna-gives-casual-party-games-a-shot,ign.com,English,0.0,gdelt_gkg
AMZN,2025-10-01,Mass Shooting Survivor and Workplace Safety Pioneer : Carly Fliesher Powerful  The Thirteenth Floor  Transforms Corporate Trauma Response,https://californianewswire.com/mass-shooting-survivor-and-workplace-safety-pioneer-carly-flieshers-powerful-the-thirteenth-floor-transforms-corporate-trauma-response/,californianewswire.com,English,0.0,gdelt_gkg
AMZN,2025-10-01,A Private - Label Push Is Amazon Latest Move as It Leans Further Into Groceries,https://www.investopedia.com/a-private-label-push-is-amazon-s-latest-move-as-it-leans-further-into-groceries-11822442,investopedia.com,English,0.0,gdelt_gkg
AMZN,2025-10-01,"Washingtondaki dijital reklamlarda yeni satış vergisi kanununun süpürülmesi , uyum karışıklığı ortasında yürürlüğe girer",https://www.samsunhaber.tc/teknoloji/50087/washingtondaki-dijital-reklamlarda-yeni-satis-vergisi-kanununun-supurulmesi-uyum-karisikligi-ortasinda-yururluge-girer/,samsunhaber.tc,Turkish,0.0,gdelt_gkg
AMZN,2025-10-01, [ GAM ] 아마존의 숨은 성장 엔진 ②  M7 중 최하위  37 % 상승 예고,https://www.newspim.com/news/view/20251001000904,newspim.com,Korean,0.0,gdelt_gkg
AMZN,2025-10-01,Entergy launches comprehensive upgrade,"http://onlinemadison.com/stories/entergy-launches-comprehensive-upgrade,158429",onlinemadison.com,English,0.0,gdelt_gkg
AMZN,2025-10-01,國際 ／ 美政府關門美股撐紅盤 ！ 日股三週低點 韓股靠出口數據撐盤 | 財經 | 三立新聞網 SETN . COM,https://www.setn.com/News.aspx?NewsID=1729788,setn.com,Chinese,0.0,gdelt_gkg
AMZN,2025-10-01,Painel discutirá diretrizes para indústria amazônica sustentável na Expo Indústria Maranhão 2025,https://oprogressonet.com/noticia/48615/painel-discutira-diretrizes-para-industria-amazonica-sustentavel-na-expo-maranhao-2025,oprogressonet.com,Portuguese,0.0,gdelt_gkg
AMZN,2025-10-01,"Amazon cuts Prime Invitee program , pushes solo memberships",https://www.12news.com/article/news/nation-world/amazon-ends-prime-sharing-invitee-program/507-a17e251e-d836-4a3f-9dac-54e45a9074da,12news.com,English,0.0,gdelt_gkg
AMZN,2025-10-01,Nashville notes : TR orange vinyl + Caroline Jone  All the Things  ,https://www.107thebull.com/country/nashville-notes-trs-orange-vinyl-caroline-jones-all-the-things/,107thebull.com,English,0.0,gdelt_gkg
AMZN,2025-10-01,"ATO restructures cloud ops , embraces  approval by default  ",https://www.itnews.com.au/news/ato-restructures-cloud-ops-embraces-approval-by-default-620672,itnews.com.au,English,0.0,gdelt_gkg
AMZN,2025-10-01,Photos : Dr . Jane Goodall through the years,https://www.eagledayton.com/news/trending/photos-dr-jane/EUTC5FMVMZF3HJ437PVJCTZRW4/,eagledayton.com,English,0.0,gdelt_gkg
AMZN,2025-10-01,Georgia man arrested for stealing heavy construction equipment in Monroe County,https://www.13wmaz.com/article/news/local/man-arrested-stealing-two-pieces-heavy-construction-equipment-monroe-county/93-2ca1b99f-c286-49bc-a86e-d2dc32db73c2,13wmaz.com,English,0.0,gdelt_gkg
AMZN,2025-10-01,Amazon Launches Cheap Grocery Brand As Value War With Walmart Heats Up,https://www.zerohedge.com/markets/amazon-launches-cheap-grocery-brand-value-war-walmart-heats,zerohedge.com,English,0.0,gdelt_gkg
AMZN,2025-10-01,"Amazon cuts Prime Invitee program , pushes solo memberships",https://www.firstcoastnews.com/article/news/nation-world/amazon-ends-prime-sharing-invitee-program/507-a17e251e-d836-4a3f-9dac-54e45a9074da,firstcoastnews.com,English,0.0,gdelt_gkg
AMZN,2025-10-01,Reynolds council member arrested over Florida murder case,https://www.13wmaz.com/article/news/local/reynolds-city-council-member-arrested-for-hindering-search-murder-suspect/93-45d2d146-afa1-4c26-b248-55cf2db17af8,13wmaz.com,English,0.0,gdelt_gkg
AMZN,2025-10-01,Amazon is no longer allowing Prime members to share shipping benefits,https://www.nj.com/business/2025/10/amazon-just-axed-this-key-prime-benefit.html,nj.com,English,0.0,gdelt_gkg
AMZN,2025-10-01,"Taquaruçu Grande celebra encontro de culturas , saberes e defesa ambiental",https://conexaoto.com.br/2025/10/01/taquarucu-grande-celebra-encontro-de-culturas-saberes-e-defesa-ambiental,conexaoto.com.br,Portuguese,0.0,gdelt_gkg
AMZN,2025-10-01,Amazon says its AI will let NBA fans track brand - new stats,https://www.theverge.com/news/790187/amazon-aws-ai-nba-stats,theverge.com,English,0.0,gdelt_gkg
AMZN,2025-10-01,Can you find the tiny ghost ? ,https://www.eagledayton.com/entertainment/can-you-find-tiny/T6KVRMURPJHYBJ5NNH6OATISM4/,eagledayton.com,English,0.0,gdelt_gkg
AMZN,2025-10-01,정부 셧다운에도  인류 달 착륙  임무 NASA 직원들은 근무,http://www.koreatimes.com/article/20251001/1583322,koreatimes.com,Korean,0.0,gdelt_gkg
AMZN,2025-10-01,"Mizuho Maintains Neutral Rating on Xylem Inc . ( XYL ), Raises Its Price Target from $125 to $140",https://www.insidermonkey.com/blog/mizuho-maintains-neutral-rating-on-xylem-inc-xyl-raises-its-price-target-from-125-to-140-1621543/,insidermonkey.com,English,0.0,gdelt_gkg
AMZN,2025-10-01,Vitor Kley visita a Rádio Nacional da Amazônia,https://radios.ebc.com.br/tarde-nacional-amazonia/2025/10/vitor-kley-visita-radio-nacional-da-amazonia,radios.ebc.com.br,Portuguese,0.0,gdelt_gkg
AMZN,2025-10-01,ENTERO THERAPEUTICS ( ENTO ) Enters $100 Billion+ AI and Data Center Market with Acquisition of GRID AI,http://www.tennesseedaily.com/news/278612658/entero-therapeutics-ento-enters-100-billion-ai-and-data-center-market-with-acquisition-of-grid-ai,tennesseedaily.com,English,0.0,gdelt_gkg
AMZN,2025-10-01,免簽一年半之後 大陸和馬來西亞旅遊發生什麼樣的變化 ？ - 兩岸,https://www.chinatimes.com/realtimenews/20251001004620-260409,chinatimes.com,Chinese,0.0,gdelt_gkg
AMZN,2025-10-01,Tivoli Maiorana estreia em Belém e conecta luxo à Amazônia,https://hoteliernews.com.br/tivoli-maiorana-estreia-em-belem-e-conecta-luxo-a-amazonia/,hoteliernews.com.br,Portuguese,0.0,gdelt_gkg
AMZN,2025-10-01,Awake at the Edge : Exploring what happens when we die,http://www.bruneinews.net/news/278612402/awake-at-the-edge-exploring-what-happens-when-we-die,bruneinews.net,English,0.0,gdelt_gkg
AMZN,2025-10-01,A new documentary about a dastardly worm and a heroic effort by Jimmy Carter,https://www.kvnf.org/npr-news/2025-10-01/a-new-documentary-about-a-dastardly-worm-and-a-heroic-effort-by-jimmy-carter,kvnf.org,English,0.0,gdelt_gkg
AMZN,2025-10-01,Two Amazon Prime Air drones crashed in Arizona,https://www.engadget.com/big-tech/two-amazon-prime-air-drones-crashed-in-arizona-224857013.html,engadget.com,English,0.0,gdelt_gkg
AMZN,2025-10-01,Prime Big Deal Days streaming deals : Get Amazon channels for only $2 a month,https://www.nj.com/shopping-deals/2025/10/13-october-prime-day-streaming-deals-with-up-to-50-off-apple-tv-starz-cinemax-and-paramount.html,nj.com,English,0.0,gdelt_gkg
AMZN,2025-10-01,How Near - Death Experiences Challenge Our Understanding of the Mind,http://www.bangladeshsun.com/news/278612402/how-near-death-experiences-challenge-our-understanding-of-the-mind,bangladeshsun.com,English,0.0,gdelt_gkg
AMZN,2025-10-01,"Amazon cuts Prime Invitee program , pushes solo memberships",https://www.wltx.com/article/news/nation-world/amazon-ends-prime-sharing-invitee-program/507-a17e251e-d836-4a3f-9dac-54e45a9074da,wltx.com,English,0.0,gdelt_gkg
AMZN,2025-10-01,How AI will be used to help neighbours find lost dogs,https://www.westernadvocate.com.au/story/9079562/how-ai-will-be-used-to-help-neighbours-find-lost-dogs/,westernadvocate.com.au,English,0.0,gdelt_gkg
AMZN,2025-10-01,"Banks , ABA release  national strategy  for defeating scams",https://www.americanbanker.com/news/banks-aba-release-national-strategy-for-defeating-scams,americanbanker.com,English,0.0,gdelt_gkg
AMZN,2025-10-01,What Kavi Synatra learned from  Competition  ,https://www.99jamzmiami.com/on-demand/what-kavi-synatra-learned-competition/e68aad0c-49de-482e-af0c-e13f091929f1/,99jamzmiami.com,English,0.0,gdelt_gkg
AMZN,2025-10-01,Deebot X11 OmniCyclone review : Is this $3k robot vacuum worth it ? ,https://www.cairnspost.com.au/technology/gadgets/deebot-x11-omnicyclone-review-is-this-3k-robot-vacuum-worth-it/news-story/7b63a76ae9435b3e9c663635519b3106?nk=28dc40cdd969fc627497df5982b0fa58-1759360637,cairnspost.com.au,English,0.0,gdelt_gkg
AMZN,2025-10-01,아마존 휩쓴  메디큐브  ⋯K뷰티 선봉장,https://inews24.com/view/1893140,inews24.com,Korean,0.0,gdelt_gkg
AMZN,2025-10-01,How Near - Death Experiences Challenge Our Understanding of the Mind,http://www.hongkongherald.com/news/278612402/how-near-death-experiences-challenge-our-understanding-of-the-mind,hongkongherald.com,English,0.0,gdelt_gkg
AMZN,2025-10-01,How Boeing 737 Max Certification Is Progressing Now,https://929thebull.com/ixp/1135/p/boeing-turkey-airline-deal-washington/,929thebull.com,English,0.0,gdelt_gkg
AMZN,2025-10-01,A new documentary about a dastardly worm and a heroic effort by Jimmy Carter,https://www.northcountrypublicradio.org/news/npr/g-s1-91262/a-new-documentary-about-a-dastardly-worm-and-a-heroic-effort-by-jimmy-carter,northcountrypublicradio.org,English,0.0,gdelt_gkg
AMZN,2025-10-01,Samsung launches Galaxy Tab A11 and A11+ budget tablets with 8 . 7 inch and 11 inch displays,https://liliputing.com/samsung-launches-galaxy-tab-a11-and-a11-budget-tablets-with-8-7-inch-and-11-inch-displays/,liliputing.com,English,0.0,gdelt_gkg
AMZN,2025-10-01,Kavi Synatra responds to Shawn Cottin,https://www.99jamzmiami.com/on-demand/kavi-synatra-responds-shawn-cottin/e3d76019-ce74-495e-9cce-f2535fa26702/,99jamzmiami.com,English,0.0,gdelt_gkg
AMZN,2025-10-01,Porch Pirates Are Costing Small Business Owners Hundreds In NJ,https://1057thehawk.com/ixp/396/p/nj-package-theft-on-the-rise/,1057thehawk.com,English,0.0,gdelt_gkg
AMZN,2025-10-01,How Near - Death Experiences Challenge Our Understanding of the Mind,http://www.orlandoecho.com/news/278612402/how-near-death-experiences-challenge-our-understanding-of-the-mind,orlandoecho.com,English,0.0,gdelt_gkg
AMZN,2025-10-01,How Near - Death Experiences Challenge Our Understanding of the Mind,http://www.parisguardian.com/news/278612402/how-near-death-experiences-challenge-our-understanding-of-the-mind,parisguardian.com,English,0.0,gdelt_gkg
AMZN,2025-10-01,How Near - Death Experiences Challenge Our Understanding of the Mind,http://www.nigeriasun.com/news/278612402/how-near-death-experiences-challenge-our-understanding-of-the-mind,nigeriasun.com,English,0.0,gdelt_gkg
AMZN,2025-10-01,La megaobra que conectará el océano Atlántico con el Pacífico y atravesará cuatro países : tendrá tres mil kilómetros,https://www.eldestapeweb.com/sociedad/obras/tendra-tres-mil-kilometros-y-atravesara-cuatro-paises-la-megaobra-que-conectara-el-oceano-atlantico-con-el-pacifico-202510119566,eldestapeweb.com,Spanish,0.0,gdelt_gkg
AMZN,2025-10-01,Q & A : Watch Jane Goodall discuss her groundbreaking work,https://canadiangeographic.ca/articles/qa-watch-jane-goodall-discuss-her-groundbreaking-work/,canadiangeographic.ca,English,0.0,gdelt_gkg
AMZN,2025-10-01,Law enforcement investigating report that hundreds of Maine ballots illegally shipped to woman,https://www.mainepublic.org/politics/2025-10-01/law-enforcement-investigating-report-that-hundreds-of-maine-ballots-illegally-shipped-to-woman,mainepublic.org,English,0.0,gdelt_gkg
AMZN,2025-10-01,How Near - Death Experiences Challenge Our Understanding of the Mind,http://www.memphissun.com/news/278612402/how-near-death-experiences-challenge-our-understanding-of-the-mind,memphissun.com,English,0.0,gdelt_gkg
AMZN,2025-10-01,World - renowned chimpanzee expert Jane Goodall has died,https://www.simcoe.com/news/jane-goodall-dies-canada/article_c1bf8f40-796d-524d-b7fb-956c7b2414d8.html,simcoe.com,English,0.0,gdelt_gkg
AMZN,2025-10-01,A look back at the 2017 Tubbs Fire 8 years later,https://www.kcra.com/article/weathering-the-storm-tubbs-fire-2017/68158528,kcra.com,English,0.0,gdelt_gkg
AMZN,2025-10-01,Goodbye Amazon Prime cheating - company to pay $2 . 5 billion to all affected following FTC lawsuit,https://eladelantado.com/en/amazon-prime-ftc/,eladelantado.com,English,0.0,gdelt_gkg
AMZN,2025-10-01,"I am so tired of tech services subscription culture , and Blink Arc is the latest example",https://www.techradar.com/home/smart-home/i-am-so-tired-of-tech-services-subscription-culture-and-blinks-arc-is-the-latest-example,techradar.com,English,0.0,gdelt_gkg
AMZN,2025-10-01,Meta Fast Facts,https://kesq.com/news/national-world/cnn-world/2025/10/01/meta-fast-facts-3/,kesq.com,English,0.0,gdelt_gkg
AMZN,2025-10-01,"Lilbits : A playable LEGO Game Boy , Gmail is ending POP support , Microsoft & Amazon announce game streaming updates",https://liliputing.com/lilbits-a-playable-lego-game-boy-gmail-is-ending-pop-support-microsoft-amazon-announce-game-streaming-updates/,liliputing.com,English,0.0,gdelt_gkg
AMZN,2025-10-01,Nashville notes : TR orange vinyl + Caroline Jone  All the Things  ,https://www.mycentralnebraska.com/syndicated-article/?id=1639618,mycentralnebraska.com,English,0.0,gdelt_gkg
AMZN,2025-10-01,"Amazon cuts Prime Invitee program , pushes solo memberships",https://www.wthr.com/article/news/nation-world/amazon-ends-prime-sharing-invitee-program/507-a17e251e-d836-4a3f-9dac-54e45a9074da,wthr.com,English,0.0,gdelt_gkg
AMZN,2025-10-01,How AI will be used to help neighbours find lost dogs,https://www.queanbeyanage.com.au/story/9079562/how-ai-will-be-used-to-help-neighbours-find-lost-dogs/,queanbeyanage.com.au,English,0.0,gdelt_gkg
AMZN,2025-10-01,"Amazon Stock Regains Some Ground After Tech Giant Offers New Grocery Line , AI Devices",https://biztoc.com/x/08af11c3fd009df7,biztoc.com,English,0.0,gdelt_gkg
AMZN,2025-10-01,Early Prime Day Deals : $100 Off 2 Best - Selling Espresso Makers,https://www.wired.com/story/barista-express-ninja-cafe-luxe-early-prime-day-deals/,wired.com,English,0.0,gdelt_gkg
AMZN,2025-10-01, [ GAM ] 아마존의 숨은 성장 엔진 ① 2조달러 B2B 시장 장악 나섰다,https://www.newspim.com/news/view/20251001000903,newspim.com,Korean,0.0,gdelt_gkg
AMZN,2025-10-01,Belém deve chegar a mais de 53 mil leitos até novembro para COP30,https://www.otempo.com.br/turismo/2025/10/1/belem-deve-chegar-a-mais-de-53-mil-leitos-ate-novembro-para-cop30,otempo.com.br,Portuguese,0.0,gdelt_gkg
AMZN,2025-10-01,Amazon predstavio novu generaciju Kindle Scribea - Tableti @ Bug . hr,https://www.bug.hr/tableti/amazon-predstavio-novu-generaciju-kindle-scribea-54134,bug.hr,Croatian,0.0,gdelt_gkg
AMZN,2025-10-01,Breaking News - Paramount+ Reveals Stacked Lineup of Contestants for the Highly Anticipated Return of  Ink Master  ,http://thefutoncritic.com/news/2025/10/01/paramountplus-reveals-stacked-lineup-of-contestants-for-the-highly-anticipated-return-of-ink-master-350410/20251001cbs05/,thefutoncritic.com,English,0.0,gdelt_gkg
AMZN,2025-10-01,"Amazon cuts Prime Invitee program , pushes solo memberships",https://www.13wmaz.com/article/news/nation-world/amazon-ends-prime-sharing-invitee-program/507-a17e251e-d836-4a3f-9dac-54e45a9074da,13wmaz.com,English,0.0,gdelt_gkg
AMZN,2025-10-01,"Proposed bill would increase transparency of PA prison land sales , including Rockview , Quehanna Boot Camp",https://radio.wpsu.org/2025-10-01/proposed-bill-would-increase-transparency-of-pa-prison-land-sales-including-rockview-quehanna-boot-camp,radio.wpsu.org,English,0.0,gdelt_gkg
AMZN,2025-10-01,Amy Duggar Details Former  Connection  with Josh : I Forgave Him ! ,https://www.thehollywoodgossip.com/2025/10/amy-duggar-friendship-with-josh/,thehollywoodgossip.com,English,0.0,gdelt_gkg
AMZN,2025-10-01,Manaus lança primeira plataforma nacional de carbono,https://veja.abril.com.br/agenda-verde/manaus-lanca-primeira-plataforma-nacional-de-carbono/,veja.abril.com.br,Portuguese,0.0,gdelt_gkg
AMZN,2025-10-01,This Software Will Help You Decide What You Want To Watch Before Your Menulog Gets Cold ! ,https://www.2nm.com.au/trending/technology/this-software-will-help-you-decide-what-you-want-to-watch-before-your-menulog-gets-cold/,2nm.com.au,English,0.0,gdelt_gkg
AMZN,2025-10-01,How Near - Death Experiences Challenge Our Understanding of the Mind,http://www.nashvilleherald.com/news/278612402/how-near-death-experiences-challenge-our-understanding-of-the-mind,nashvilleherald.com,English,0.0,gdelt_gkg
AMZN,2025-10-01,SOKO Stuttgart ( S17 / F1 ) im TV Programm : 02 . 10 . - 18 : 00,https://www.hoerzu.de/tv-programm/soko-stuttgart-der-kuss-des-frosches/bid_199280714/,hoerzu.de,German,0.0,gdelt_gkg
AMZN,2025-10-01,Instalan en Amazonas el Consejo Nacional de la Soberanía y Paz,https://ultimasnoticias.com.ve/amazonas/instalan-en-amazonas-el-consejo-nacional-de-la-soberania-y-paz/,ultimasnoticias.com.ve,Spanish,0.0,gdelt_gkg
AMZN,2025-10-01,Funky Taurus Media - Music Photo Agency & Products,https://www.funkytaurusmedia.com/shop_content.php?coID=3&XTCsid=tc665c9ldkffkk5up9jj7br8j6,funkytaurusmedia.com,English,0.0,gdelt_gkg
AMZN,2025-10-01,ENTERO THERAPEUTICS ( ENTO ) Enters $100 Billion+ AI and Data Center Market with Acquisition of GRID AI,http://www.hawaiitelegraph.com/news/278612658/entero-therapeutics-ento-enters-100-billion-ai-and-data-center-market-with-acquisition-of-grid-ai,hawaiitelegraph.com,English,0.0,gdelt_gkg
AMZN,2025-10-01,"Na PUC - Rio , governador Clécio consolida parceria de pesquisas e inovaes para o Amapá – Diário do Amap",https://www.diariodoamapa.com.br/cadernos/politica/na-puc-rio-governador-clecio-consolida-parceria-de-pesquisas-e-inovacoes-para-o-amapa/,diariodoamapa.com.br,Portuguese,0.0,gdelt_gkg
AMZN,2025-10-01,How Near - Death Experiences Challenge Our Understanding of the Mind,http://www.hawaiitelegraph.com/news/278612402/how-near-death-experiences-challenge-our-understanding-of-the-mind,hawaiitelegraph.com,English,0.0,gdelt_gkg
AMZN,2025-10-01,Kolmar Korea Presents  K - Beauty Success Roadmap  in Amazon Beauty in Seoul,https://portal.sina.com.hk/finance/finance-prnewswire/prnasia/2025/10/01/1329406/kolmar-korea-presents-k-beauty-success-roadmap-in-amazon-beauty-in-seoul/,portal.sina.com.hk,English,0.0,gdelt_gkg
AMZN,2025-10-01,Reese Witherspoon bu extremely zengin yüz ve vücut kremini  çok nemlendirici  diyor,https://www.samsunhaber.tc/eglence/21803/reese-witherspoon-bu-ultra-zengin-yuz-ve-vucut-kremini-cok-nemlendirici-diyor/,samsunhaber.tc,Turkish,0.0,gdelt_gkg
AMZN,2025-10-01,苹果暂停Vision Pro开发 ， 全力转向AI智能眼镜 ， 挑战Meta,https://www.163.com/dy/article/KARITFVO05198NMR.html,163.com,Chinese,0.0,gdelt_gkg
AMZN,2025-10-01,Rompere le gabbie per il benessere di tutti,https://ilmanifesto.it/rompere-le-gabbie-per-il-benessere-di-tutti,ilmanifesto.it,Italian,0.0,gdelt_gkg
AMZN,2025-10-01,"Julia Roberts , Andrew Garfield on power , privilege and mentorship in  After the Hunt  | Film & Television",https://www.dailycal.org/arts/film-and-television/julia-roberts-andrew-garfield-on-power-privilege-and-mentorship-in-after-the-hunt/article_5d209c83-205f-4e16-973b-3d616367f06c.html,dailycal.org,English,0.0,gdelt_gkg
AMZN,2025-10-01,"Where to Buy the Nearly Sold Out Primal Hatch Jurassic World Toy , 2025",https://www.sheknows.com/living/articles/1234930723/where-to-buy-primal-hatch-jurassic-world-toy/,sheknows.com,English,0.0,gdelt_gkg
AMZN,2025-10-01,"Amazon cuts Prime Invitee program , pushes solo memberships",https://www.10tv.com/article/news/nation-world/amazon-ends-prime-sharing-invitee-program/507-a17e251e-d836-4a3f-9dac-54e45a9074da,10tv.com,English,0.0,gdelt_gkg
AMZN,2025-10-01,KLFY New Local True Crime Show Cajun Case Files,https://talkradio960.com/ixp/36/p/klfy-cajun-case-files/,talkradio960.com,English,0.0,gdelt_gkg
AMZN,2025-10-01,Awake at the Edge : Exploring what happens when we die,http://www.australiannews.net/news/278612402/awake-at-the-edge-exploring-what-happens-when-we-die,australiannews.net,English,0.0,gdelt_gkg
AMZN,2025-10-01,"Williamsville man arrested for firing shotgun at Amazon driver , mistaken for intruder",https://newschannel20.com/news/local/williamsville-man-arrested-for-firing-shotgun-at-amazon-driver-mistaken-for-intruder,newschannel20.com,English,0.0,gdelt_gkg
AMZN,2025-10-01,"Google Unveils AI - Powered Nest Devices , New Google Home Platform with Gemini",https://iafrica.com/google-unveils-ai-powered-nest-devices-new-google-home-platform-with-gemini/,iafrica.com,English,0.0,gdelt_gkg
AMZN,2025-10-01,Gen V : Marie Moreau Embraces Dark Side As Homelander Potential Replacement,https://screenrant.com/gen-v-season-2-marie-powers-homelander-jaz-sinclair-response/,screenrant.com,English,0.0,gdelt_gkg
AMZN,2025-10-01,Kavi Synatra shares his 90s R & B influences,https://www.99jamzmiami.com/on-demand/kavi-synatra-shares-his-90s-rb-influences/7499664b-7540-40e3-a87b-33638618940e/,99jamzmiami.com,English,0.0,gdelt_gkg
AMZN,2025-10-01,Nuestra historia – AIDESEP,https://aidesep.org.pe/nuestra-historia/,aidesep.org.pe,Spanish,0.0,gdelt_gkg
AMZN,2025-10-01,SOKO Stuttgart - Krimiserie,https://www.klack.de:443/tv-programm/fernsehsendung/199280714/soko-stuttgart.html,klack.de,German,0.0,gdelt_gkg
AMZN,2025-10-01,How Kavi Synatra linked up with Zeddy Will for Pretty Girl Anthem,https://www.99jamzmiami.com/on-demand/how-kavi-synatra-linked-up-with-zeddy-will-pretty-girl-anthem/c079a658-54fd-4a17-8106-a19a048eede2/,99jamzmiami.com,English,0.0,gdelt_gkg
AMZN,2025-10-01,"동원그룹 , 獨 식품박람회  아누가  참가건강 K - 푸드 선보인다",https://biz.heraldcorp.com/article/10588255,biz.heraldcorp.com,Korean,0.0,gdelt_gkg
AMZN,2025-10-01,Porch Pirates Are Costing Small Business Owners Hundreds In NJ,https://943thepoint.com/ixp/396/p/nj-package-theft-on-the-rise/,943thepoint.com,English,0.0,gdelt_gkg
AMZN,2025-10-01,What Is Ecommerce Warehouse Fulfillment and Its Importance ? ,https://smallbiztrends.com/ecommerce-warehouse-fulfillment/,smallbiztrends.com,English,0.0,gdelt_gkg
AMZN,2025-10-01,Take 40 % off Divi bundle deals during a limited - time Taylor Swift - themed sale,https://www.nj.com/shopping-deals/2025/10/divis-latest-40-off-life-of-a-showgirl-themed-sale-includes-bestselling-scalp-care-bundles-for-less.html,nj.com,English,0.0,gdelt_gkg
AMZN,2025-10-01,KLFY New Local True Crime Show Cajun Case Files,https://kpel965.com/klfy-cajun-case-files/,kpel965.com,English,0.0,gdelt_gkg
AMZN,2025-10-01,Peering Beyond the Veil : The Mystery of Near - Death Experiences,http://www.bignewsnetwork.com/news/278612402/peering-beyond-the-veil-the-mystery-of-near-death-experiences,bignewsnetwork.com,English,0.0,gdelt_gkg
AMZN,2025-10-01,"Cuatro ciudades , un solo viaje : descubre Brasil con los nuevos vuelos directos de Iberia",https://www.elmundo.es/uestudio/2025/09/30/68dbc51fe85ece56558b45a8.html,elmundo.es,Spanish,0.0,gdelt_gkg
AMZN,2025-10-01,This Software Will Help You Decide What You Want To Watch Before Your Menulog Gets Cold ! ,https://www.mix1049.com.au/trending/technology/this-software-will-help-you-decide-what-you-want-to-watch-before-your-menulog-gets-cold/,mix1049.com.au,English,0.0,gdelt_gkg
AMZN,2025-10-01,How Near - Death Experiences Challenge Our Understanding of the Mind,http://www.clevelandstar.com/news/278612402/how-near-death-experiences-challenge-our-understanding-of-the-mind,clevelandstar.com,English,0.0,gdelt_gkg
AMZN,2025-10-01,Universal Halloween Horror Nights : Ranking All Ten Haunted Houses,https://comicbook.com/movies/news/universal-halloween-horror-nights-ranking-all-ten-haunted-houses/,comicbook.com,English,0.0,gdelt_gkg
AMZN,2025-10-01,"If You Invested $1000 In Amazon . com Stock 10 Years Ago , You Would Have This Much Today",https://biztoc.com/x/97ee0bab53616f0a,biztoc.com,English,0.0,gdelt_gkg
AMZN,2025-10-01,美股收盘 ： 三大指数录得四连涨 道指 、 标普 、 英伟达续收新高,https://news.sina.com.cn/w/2025-10-02/doc-infsmxpy0757420.shtml,news.sina.com.cn,Chinese,0.0,gdelt_gkg
AMZN,2025-10-01,Amazon new Alexa feature impacts Nvidia,https://biztoc.com/x/9f7f13bc68fd34f4,biztoc.com,English,0.0,gdelt_gkg
AMZN,2025-10-01,"Amazon cuts Prime Invitee program , pushes solo memberships",https://www.localmemphis.com/article/news/nation-world/amazon-ends-prime-sharing-invitee-program/507-a17e251e-d836-4a3f-9dac-54e45a9074da,localmemphis.com,English,0.0,gdelt_gkg
AMZN,2025-10-01,Im a Shopping Editor Here Are the Best Early Prime Day Deals 2025,https://www.glamour.com/story/best-amazon-prime-day-deals-10-1-2025,glamour.com,English,0.0,gdelt_gkg
AMZN,2025-10-01,"Amazon cuts Prime Invitee program , pushes solo memberships",https://www.king5.com/article/news/nation-world/amazon-ends-prime-sharing-invitee-program/507-a17e251e-d836-4a3f-9dac-54e45a9074da,king5.com,English,0.0,gdelt_gkg
AMZN,2025-10-01,Anel que monitora sinais vitais indica que russo sofreu mal súbito ou acidente,https://g1.globo.com/rj/rio-de-janeiro/noticia/2025/10/01/anel-usado-para-monitorar-sinais-vitais-indica-que-turista-russo-sofreu-mal-subito-ou-acidente-diz-policia.ghtml,g1.globo.com,Portuguese,0.0,gdelt_gkg
AMZN,2025-10-01,"13 sweater dresses : Our picks for a stylish , cozy fall wardrobe",https://www.goodmorningamerica.com/Shop/story/sweater-dresses-115894097,goodmorningamerica.com,English,0.0,gdelt_gkg
AMZN,2025-10-01,"Amazon cuts Prime Invitee program , pushes solo memberships",https://www.ktvb.com/article/news/nation-world/amazon-ends-prime-sharing-invitee-program/507-a17e251e-d836-4a3f-9dac-54e45a9074da,ktvb.com,English,0.0,gdelt_gkg
AMZN,2025-10-01,Deebot X11 OmniCyclone review : Is this $3k robot vacuum worth it ? ,https://www.townsvillebulletin.com.au/technology/gadgets/deebot-x11-omnicyclone-review-is-this-3k-robot-vacuum-worth-it/news-story/7b63a76ae9435b3e9c663635519b3106?nk=c665cda0c1963dd6417db7d588f39ce5-1759357930,townsvillebulletin.com.au,English,0.0,gdelt_gkg
AMZN,2025-10-01,"Williamsville man arrested for firing shotgun at Amazon driver , mistaken for intruder",https://foxillinois.com/newsletter-daily/williamsville-man-arrested-for-firing-shotgun-at-amazon-driver-mistaken-for-intruder,foxillinois.com,English,0.0,gdelt_gkg
AMZN,2025-10-01,Le château de Versailles organise une compétition dIA – 01 / 10,https://www.bfmtv.com/economie/replay-emissions/tech-and-co/le-chateau-de-versailles-organise-une-competition-d-ia-01-10_EN-202510010975.html,bfmtv.com,French,0.0,gdelt_gkg
AMZN,2025-10-01,How Near - Death Experiences Challenge Our Understanding of the Mind,http://www.saltlakecitysun.com/news/278612402/how-near-death-experiences-challenge-our-understanding-of-the-mind,saltlakecitysun.com,English,0.0,gdelt_gkg
AMZN,2025-10-01,Capitol Fax . com - Your Illinois News Radar » Isabel afternoon roundup,https://capitolfax.com/2025/10/01/isabel%E2%80%99s-afternoon-roundup-394/,capitolfax.com,English,0.0,gdelt_gkg
AMZN,2025-10-01,How Near - Death Experiences Challenge Our Understanding of the Mind,http://www.nepalnational.com/news/278612402/how-near-death-experiences-challenge-our-understanding-of-the-mind,nepalnational.com,English,0.0,gdelt_gkg
AMZN,2025-10-01,The Echo Dot Max is the Alexa+ speaker Ive always dreamed of – but these 3 features would make it even better,https://www.techradar.com/home/smart-speakers/the-echo-dot-max-is-the-alexa-speaker-ive-always-dreamed-of-but-these-3-features-would-make-it-even-better,techradar.com,English,0.0,gdelt_gkg
AMZN,2025-10-01,Fall Supplements You Need to Stay Healthy This Season,https://www.bet.com/article/slv2er/fall-supplements-you-need-to-stay-healthy-this-season,bet.com,English,0.0,gdelt_gkg
AMZN,2025-10-01,El Inameh advierte que lloverá en gran parte del país por la aproximación de ondas tropicales,http://confirmado.com.ve/el-inameh-advierte-que-llovera-en-gran-parte-del-pais-por-la-aproximacion-de-ondas-tropicales/,confirmado.com.ve,Spanish,0.0,gdelt_gkg
AMZN,2025-10-01,图多尔 ： 没人能预料到加蒂倒钩 ， 他进了个像C罗一样的球,https://www.163.com/dy/article/KARHSB460549BAP0.html,163.com,Chinese,0.0,gdelt_gkg
AMZN,2025-10-01,How Near - Death Experiences Challenge Our Understanding of the Mind,http://www.neworleanssun.com/news/278612402/how-near-death-experiences-challenge-our-understanding-of-the-mind,neworleanssun.com,English,0.0,gdelt_gkg
AMZN,2025-10-01,Steal The Look : Mariah Carey Slays at  What Happening Live with Andy Cohen  | News,https://www.bet.com/article/red3xb/steal-the-look-mariah-carey-slays-at-whats-happening-live-with-andy-cohen,bet.com,English,0.0,gdelt_gkg
AMZN,2025-10-01,"  Gen V  Star Maddie Phillips on Cate  Exposing ,  Dehumanizing  Episode and  Deep Empathy  for Marie Big Reveal",https://www.aol.com/entertainment/gen-v-star-maddie-phillips-210444116.html,aol.com,English,0.0,gdelt_gkg
AMZN,2025-10-01,3 Keys to Winning for the Rams against the 49ers in Week 5,http://www.bignewsnetwork.com/news/278612786/3-keys-to-winning-for-the-rams-against-the-49ers-in-week-5,bignewsnetwork.com,English,0.0,gdelt_gkg
AMZN,2025-10-01,"Amazon cuts Prime Invitee program , pushes solo memberships",https://www.wwltv.com/article/news/nation-world/amazon-ends-prime-sharing-invitee-program/507-a17e251e-d836-4a3f-9dac-54e45a9074da,wwltv.com,English,0.0,gdelt_gkg
AMZN,2025-10-01,Postal banking once made Canada Post profitable and could again,https://rabble.ca/columnists/postal-banking-once-made-canada-post-profitable-and-could-again/,rabble.ca,English,0.0,gdelt_gkg
AMZN,2025-10-01,Nashville notes : TR orange vinyl + Caroline Jone  All the Things  ,https://www.k99online.com/news/nashville-notes-trs-orange-vinyl-caroline-jones-all-things/H6PIE3INM43NFJWU2EXKNGMSRM/,k99online.com,English,0.0,gdelt_gkg
AMZN,2025-10-01,美股收盘 ： 三大指数录得四连涨 道指 、 标普 、 英伟达续收新高,https://baijiahao.baidu.com/s?id=1844819122150516329,baijiahao.baidu.com,Chinese,0.0,gdelt_gkg
AMZN,2025-10-01,Emily Alyn Lind Praised by Sister for  We Were Liar Role,https://www.lifeandstylemag.com/posts/emily-alyn-lind-praised-by-sister-for-we-were-liars-role/,lifeandstylemag.com,English,0.0,gdelt_gkg
AMZN,2025-10-01,ENTERO THERAPEUTICS ( ENTO ) Enters $100 Billion+ AI and Data Center Market with Acquisition of GRID AI,http://www.californiatelegraph.com/news/278612658/entero-therapeutics-ento-enters-100-billion-ai-and-data-center-market-with-acquisition-of-grid-ai,californiatelegraph.com,English,0.0,gdelt_gkg
AMZN,2025-10-01,A new documentary about a dastardly worm and a heroic effort by Jimmy Carter,https://www.npr.org/sections/goats-and-soda/2025/10/01/g-s1-91262/jimmy-carter-guinea-worm-president-dragon-television-amazon,npr.org,English,0.0,gdelt_gkg
AMZN,2025-10-01,Save the Rainforest,https://www.independent.com/2025/10/01/save-the-rainforest/,independent.com,English,0.0,gdelt_gkg
AMZN,2025-10-01,"Amazon Prime Big Deal Days 2025 : Everything you need to know , including early sales",https://abc7news.com/post/amazon-prime-big-deal-days-2025-everything-need-know-early-sales/17912133/,abc7news.com,English,0.0,gdelt_gkg
AMZN,2025-10-01,How Near - Death Experiences Challenge Our Understanding of the Mind,http://www.californiatelegraph.com/news/278612402/how-near-death-experiences-challenge-our-understanding-of-the-mind,californiatelegraph.com,English,0.0,gdelt_gkg
AMZN,2025-10-01,"Ako se ovako nastavi u Evropi će biti pakao za život ? Satelitski snimci otkrili horor , da li je vredno rizika ? ",https://www.telegraf.rs/vesti/svet/4189462-ako-se-ovako-nastavi-u-evropi-ce-biti-pakao-za-zivot-satelitski-snimci-otkrili-horor-da-li-je-vredno-rizika,telegraf.rs,Serbian,0.0,gdelt_gkg
AMZN,2025-10-01,Can you find the tiny ghost ? ,https://www.k99online.com/entertainment/can-you-find-tiny/T6KVRMURPJHYBJ5NNH6OATISM4/,k99online.com,English,0.0,gdelt_gkg
AMZN,2025-10-01,"Henry Cavill Drops A Look At His Bad Highlander Injury As He Goes Through  Torment  To Get Back In Shape , Boot And All",https://www.cinemablend.com/movies/henry-cavill-look-bad-highlander-injury-torment-back-in-shape,cinemablend.com,English,0.0,gdelt_gkg
AMZN,2025-10-01,Photos : Dr . Jane Goodall through the years,https://www.b985.com/news/trending/photos-dr-jane/EUTC5FMVMZF3HJ437PVJCTZRW4/,b985.com,English,0.0,gdelt_gkg
AMZN,2025-10-01,"10 Kota Kuno yang Hilang dan Belum Ditemukan , dari Atlantis hingga El Dorado",https://international.sindonews.com/read/1627141/46/10-kota-kuno-yang-hilang-dan-belum-ditemukan-dari-atlantis-hingga-el-dorado-1759277453,international.sindonews.com,Indonesian,0.0,gdelt_gkg
AMZN,2025-10-01,Nashville notes : TR orange vinyl + Caroline Jone  All the Things  ,https://www.kkyx.com/news/nashville-notes-trs-orange-vinyl-caroline-jones-all-things/H6PIE3INM43NFJWU2EXKNGMSRM/,kkyx.com,English,0.0,gdelt_gkg
AMZN,2025-10-01,Laughter helping the less fortunate at Abbotsford comedy show,https://www.abbynews.com/community/laughter-helping-the-less-fortunate-at-abbotsford-comedy-show-8280221,abbynews.com,English,0.0,gdelt_gkg
AMZN,2025-10-01,"Amazon cuts Prime Invitee program , pushes solo memberships",https://www.12newsnow.com/article/news/nation-world/amazon-ends-prime-sharing-invitee-program/507-a17e251e-d836-4a3f-9dac-54e45a9074da,12newsnow.com,English,0.0,gdelt_gkg
AMZN,2025-10-01, * NSYNC 30th Anniversary Biography : Buy Online,https://www.billboard.com/culture/product-recommendations/nsync-book-30th-anniversary-amazon-shop-1236080695/,billboard.com,English,0.0,gdelt_gkg
AMZN,2025-10-01,How Near - Death Experiences Challenge Our Understanding of the Mind,http://www.sierraleonetimes.com/news/278612402/how-near-death-experiences-challenge-our-understanding-of-the-mind,sierraleonetimes.com,English,0.0,gdelt_gkg
AMZN,2025-10-01,Microsoft Restructures Leadership : Judson Althoff Named CEO of Commercial Business as Satya Nadella Sharpens AI Focus,https://infotechlead.com/artificial-intelligence/microsoft-restructures-leadership-judson-althoff-named-ceo-of-commercial-business-as-satya-nadella-sharpens-ai-focus-91413,infotechlead.com,English,0.0,gdelt_gkg
AMZN,2025-10-01,Amazon Strengthens Growth Outlook with Earnings Beat and Expanded DSP Investment,https://www.insidermonkey.com/blog/amazon-strengthens-growth-outlook-with-earnings-beat-and-expanded-dsp-investment-1621000/,insidermonkey.com,English,0.0,gdelt_gkg
AMZN,2025-10-01,Market Defies D . C . Gridlock : S & P 500 Hits All - Time High Amidst Government Shutdown,https://markets.financialcontent.com/stocks/article/marketminute-2025-10-1-market-defies-dc-gridlock-s-and-p-500-hits-all-time-high-amidst-government-shutdown,markets.financialcontent.com,English,0.0,gdelt_gkg
AMZN,2025-10-01,"Charlie Hunnam  Never Looked Back  After Turning Down 50 Shades Of Grey Role , But Dakota Johnson Still Called Him Out More Than 10 Years Later",https://www.cinemablend.com/movies/charlie-hunnam-says-dakota-johnson-called-him-out-turning-down-50-shades-of-grey-role,cinemablend.com,English,0.0,gdelt_gkg
AMZN,2025-10-01,Photos : Dr . Jane Goodall through the years,https://www.k99online.com/news/trending/photos-dr-jane/EUTC5FMVMZF3HJ437PVJCTZRW4/,k99online.com,English,0.0,gdelt_gkg
AMZN,2025-10-01,Bad Bunny Super Bowl & Residency News Leads to Big Streaming Gains,https://www.billboard.com/music/chart-beat/bad-bunny-super-bowl-residency-streaming-gains-trending-up-1236080617/,billboard.com,English,0.0,gdelt_gkg
AMZN,2025-10-01,"5 Things I Learned Reading : Safari , By : Geoffrey Kent",https://sterlingterrell.net/2016/11/5-things-i-learned-reading-safari-by-geoffrey-kent.html,sterlingterrell.net,English,0.0,gdelt_gkg
AMZN,2025-10-01,全球市场 ： 道指 、 标普刷新纪录高位 英特尔涨超7 %、 美光涨超8 % 金价续创新高 _ 东方财富网,https://finance.eastmoney.com/a/202510023528072036.html,finance.eastmoney.com,Chinese,0.0,gdelt_gkg
AMZN,2025-10-01,洛卡特利 ： 在比赛的最后 ， 我觉得我们有点累了 ， 回撤得太深了,https://www.163.com/dy/article/KARGLUOI0549BAP0.html,163.com,Chinese,0.0,gdelt_gkg
AMZN,2025-10-01,Hampton man purchase of George Harrison home leads to book on one of late Beatle collaborators,https://www.unionleader.com/nh/news/human_interest/hampton-mans-purchase-of-george-harrisons-home-leads-to-book-on-one-of-late-beatles/article_a730a7a8-9009-46bd-8475-90dbc58ff73e.html,unionleader.com,English,0.0,gdelt_gkg
AMZN,2025-10-01,Paraguay vuelve a ser sede del VI Encuentro Mundial del Gran Chaco Americano,https://eldeber.com.bo/pais/2025-10-1-17-38-50-paraguay-vuelve-a-ser-sede-del-sexto-encuentro-mundial-del-gran-chaco-americano,eldeber.com.bo,Spanish,0.0,gdelt_gkg
AMZN,2025-10-01,"SpaceX ile Artemis misyonlarında NASA çalışanları , kapatma yoluyla mavi kökenli",https://www.samsunhaber.tc/haberler/49987/spacex-ile-artemis-misyonlarinda-nasa-calisanlari-kapatma-yoluyla-mavi-kokenli/,samsunhaber.tc,Turkish,0.0,gdelt_gkg
AMZN,2025-10-01,How AI will be used to help neighbours find lost dogs,https://www.edenmagnet.com.au/story/9079562/how-ai-will-be-used-to-help-neighbours-find-lost-dogs/,edenmagnet.com.au,English,0.0,gdelt_gkg
AMZN,2025-10-01,"Russia , Chinese Hacking Buffets Europe",https://www.bankinfosecurity.com/russia-chinese-hacking-buffets-europe-a-29616,bankinfosecurity.com,English,0.0,gdelt_gkg
AMZN,2025-10-01,Amazon officially ends Prime Invitee Program this week,https://www.silive.com/business/2025/10/amazon-officially-ends-major-prime-benefit-this-week.html,silive.com,English,0.0,gdelt_gkg
AMZN,2025-10-01,Doble estreno de La Isla : Desafío Extremo y Dinastía Casillas – Telemundo 52,https://www.telemundo52.com/entretenimiento/entretenimiento-destacados/doble-estreno-la-isla-desafio-extremo-dinastia-casillas/2801165/,telemundo52.com,Spanish,0.0,gdelt_gkg
AMZN,2025-10-01,"The Boys : Vought Rising Casts Strong , Pellegrino , Johnson & Shapero",https://bleedingcool.com/tv/the-boys-vought-rising-casts-strong-pellegrino-johnson-shapero/,bleedingcool.com,English,0.0,gdelt_gkg
AMZN,2025-10-01,"Walmart Plans $300M Distribution Hub in Kings Mountain , Bringing 300 Jobs",https://v1019.com/2025/10/01/walmart-plans-300m-distribution-hub-in-kings-mountain-bringing-300-jobs/,v1019.com,English,0.0,gdelt_gkg
AMZN,2025-10-01,Amazonas registra menor número de focos de calor em 23 anos em setembro,https://emtempo.com.br/427561/amazonas/amazonas-registra-menor-numero-de-focos-de-calor-em-23-anos-em-setembro/,emtempo.com.br,Portuguese,0.0,gdelt_gkg
AMZN,2025-10-01,Versatilidade da carne de porco ganha destaque na 6ª edio da FIGA,https://emtempo.com.br/427578/cultura/versatilidade-da-carne-de-porco-ganha-destaque-na-6a-edicao-da-figa/,emtempo.com.br,Portuguese,0.0,gdelt_gkg
AMZN,2025-10-01,Would Washingtonians Pay to Unlock Horsepower in Their Cars ? ,https://newstalk870.am/ixp/137/p/volkswagen-subscription-poll/,newstalk870.am,English,0.0,gdelt_gkg
AMZN,2025-10-01,"Us Bill For L - 1 Visa , क्या है  H - 1B और L - 1 वीजा रिफॉर्म एक्ट , जिसने जॉब वालों को दे दी टेंशन ? पास हुआ तो मचेगा  बवाल  - us proposed h1b l1 visa reform bill impact on international workers stem graduate students",https://navbharattimes.indiatimes.com/education/study-abroad/us/us-proposed-h1b-l1-visa-reform-bill-impact-on-international-workers-stem-graduate-students/articleshow/124260002.cms,navbharattimes.indiatimes.com,Hindi,0.0,gdelt_gkg
AMZN,2025-10-01,Se inicia Cumbre Amazónica del Agua en Iquitos,https://www.servindi.org/01/10/2025/se-inicia-cumbre-amazonica-del-agua-en-iquitos,servindi.org,Spanish,0.0,gdelt_gkg
AMZN,2025-10-01,Ricardo Machado representa o Brasil no Cook for Change 2025,https://emtempo.com.br/427557/cultura/ricardo-machado-representa-o-brasil-no-cook-for-change-2025/,emtempo.com.br,Portuguese,0.0,gdelt_gkg
AMZN,2025-10-01,Here a look at 2 Canadian investigations into Amazon,https://www.guelphmercury.com/news/2-canadian-amazon-investigations/article_b80adcd5-062c-55a1-aa5b-d1caa36f0014.html,guelphmercury.com,English,0.0,gdelt_gkg
AMZN,2025-10-01,How Near - Death Experiences Challenge Our Understanding of the Mind,http://www.heraldglobe.com/news/278612402/how-near-death-experiences-challenge-our-understanding-of-the-mind,heraldglobe.com,English,0.0,gdelt_gkg
AMZN,2025-10-01,"Amazon cuts Prime Invitee program , pushes solo memberships",https://www.kiiitv.com/article/news/nation-world/amazon-ends-prime-sharing-invitee-program/507-a17e251e-d836-4a3f-9dac-54e45a9074da,kiiitv.com,English,0.0,gdelt_gkg
AMZN,2025-10-01,"Whoopi Goldberg Fawns Over Democratic Socialist Zohran Mamdani on  The View , in ABC Latest Exhibit of Far - Left Bias",https://www.nysun.com/article/whoopi-goldberg-fawns-over-democratic-socialist-zohran-mamdani-on-the-view-in-abcs-latest-exhibit-of-far-left-bias,nysun.com,English,0.0,gdelt_gkg
AMZN,2025-10-01,How AI will be used to help neighbours find lost dogs,https://www.manningrivertimes.com.au/story/9079562/how-ai-will-be-used-to-help-neighbours-find-lost-dogs/,manningrivertimes.com.au,English,0.0,gdelt_gkg
AMZN,2025-10-01,Amazonas teve mais de 2 mil vagas de trabalho em agosto,https://emtempo.com.br/427562/economia/amazonas-teve-mais-de-2-mil-vagas-de-trabalho-em-agosto/,emtempo.com.br,Portuguese,0.0,gdelt_gkg
AMZN,2025-10-01,অ্যামাজনে ডেটা সায়েন্টিস্ট ইন্টার্নশিপের সুযোগ,https://bartabangla.com/116094/,bartabangla.com,Bengali,0.0,gdelt_gkg
AMZN,2025-10-01,The Roku Streaming Stick Plus just hit its lowest price ever,https://www.pocket-lint.com/roku-streaming-stick-plus-4k-deal/,pocket-lint.com,English,0.0,gdelt_gkg
AMZN,2025-10-01,COP 30 : Realidade Amazônica não se esconde sob ar - condicionado,https://emtempo.com.br/427618/opiniao/cop-30-realidade-amazonica-nao-se-esconde-sob-ar-condicionado/,emtempo.com.br,Portuguese,0.0,gdelt_gkg
AMZN,2025-10-01,Wilson Lima e Andrezza Brito se casam e anunciam gravidez,https://emtempo.com.br/427650/amazonas/wilson-lima-e-andrezza-brito-se-casam-e-anunciam-gravidez/,emtempo.com.br,Portuguese,0.0,gdelt_gkg
AMZN,2025-10-01,Environmental News Network - The Fattening Forest : Trees of the Amazon are Getting Bigger,https://www.enn.com/articles/77197-the-fattening-forest-trees-of-the-amazon-are-getting-bigger,enn.com,English,0.0,gdelt_gkg
AMZN,2025-10-01,Amazon Prime Refund : Michigan Shoppers May Get Money Back,https://wfnt.com/ixp/87/p/amazon-prime-settlement-mi/,wfnt.com,English,0.0,gdelt_gkg
AMZN,2025-10-01,What the Tech ? How you could claim portion of Amazon settlement,https://www.wfmz.com/features/what-the-tech/what-the-tech-how-you-could-claim-portion-of-amazon-settlement/article_d3923ead-6ae6-443e-930b-bbeec7125097.html,wfmz.com,English,0.0,gdelt_gkg
AMZN,2025-10-01,"Amazon cuts Prime Invitee program , pushes solo memberships",https://www.11alive.com/article/news/nation-world/amazon-ends-prime-sharing-invitee-program/507-a17e251e-d836-4a3f-9dac-54e45a9074da,11alive.com,English,0.0,gdelt_gkg
AMZN,2025-10-01,"Amazon Prime Big Deal Days 2025 : Everything you need to know , including early sales",https://abc7ny.com/post/amazon-prime-big-deal-days-2025-everything-need-know-early-sales/17912133/,abc7ny.com,English,0.0,gdelt_gkg
AMZN,2025-10-01,Reacher S04 : The Magician Who Makes Alan Ritchson Tattoos Disappear,https://bleedingcool.com/tv/reacher-s04-the-magician-who-makes-alan-ritchsons-tattoos-disappear/,bleedingcool.com,English,0.0,gdelt_gkg
AMZN,2025-10-01,FID amplifies public education to curb financial crimes,https://www.jamaicaobserver.com/2025/10/01/fid-amplifies-public-education-curb-financial-crimes/,jamaicaobserver.com,English,0.0,gdelt_gkg
AMZN,2025-10-01,Bookshop . org Begins E - book Sales in the U . K . ,https://www.publishersweekly.com:443/pw/by-topic/digital/retailing/article/98738-bookshop-org-begins-e-book-sales-in-the-u-k.html,publishersweekly.com,English,0.0,gdelt_gkg
AMZN,2025-10-01,Realizaron jornada de salud en comunidades de pueblos originarios en Amazonas – MPPS,https://mpps.gob.ve/realizaron-jornada-de-salud-en-comunidades-de-pueblos-originarios-en-amazonas/,mpps.gob.ve,Spanish,0.0,gdelt_gkg
AMZN,2025-10-01,Açaí Brasil welcomes their Tucson establishment,https://www.insidetucsonbusiness.com/business/a-a-brasil-welcomes-their-tucson-establishment/article_58253662-2e87-4465-a301-c533d64b84b5.html,insidetucsonbusiness.com,English,0.0,gdelt_gkg
AMZN,2025-10-01,"Gen V : Cate in Elmira , Marie Sister and Death Revival Power",https://variety.com/2025/tv/news/gen-v-cate-elmira-marie-sister-death-revival-maddie-phillips-1236536688/,variety.com,English,0.0,gdelt_gkg
AMZN,2025-10-01,Scary YA Books for Older Kids & Teens on Halloween & Beyond,https://www.sheknows.com/parenting/slideshow/2118608/scary-ya-books/,sheknows.com,English,0.0,gdelt_gkg
AMZN,2025-10-01,Nashville notes : TR orange vinyl + Caroline Jone  All the Things  ,https://955wtvy.com/music-news/2025-10-01-nashville-notes-trs-orange-vinyl-caroline-jones-all-the-things/,955wtvy.com,English,0.0,gdelt_gkg
AMZN,2025-10-01,Obama science adviser on Trump science cuts :  The system will starve  - Bulletin of the Atomic Scientists,https://thebulletin.org/premium/2025-09/obamas-science-adviser-on-trumps-science-cuts-the-system-will/,thebulletin.org,English,0.0,gdelt_gkg
AMZN,2025-10-01,微软CTO ： 希望未来主要采用自研AI数据中心芯片 ， 自主设计数据中心系统,https://www.163.com/dy/article/KARCS9L105198NMR.html,163.com,Chinese,0.0,gdelt_gkg
AMZN,2025-10-01,Europa are noi ţinte climatice,https://www.bursa.ro/europa-are-noi-tinte-climatice-69651753,bursa.ro,Romanian,0.0,gdelt_gkg
AMZN,2025-10-01,"Amazon cuts Prime Invitee program , pushes solo memberships",https://www.wbir.com/article/news/nation-world/amazon-ends-prime-sharing-invitee-program/507-a17e251e-d836-4a3f-9dac-54e45a9074da,wbir.com,English,0.0,gdelt_gkg
AMZN,2025-10-01,"Amazon cuts Prime Invitee program , pushes solo memberships",https://www.cbs19.tv/article/news/nation-world/amazon-ends-prime-sharing-invitee-program/507-a17e251e-d836-4a3f-9dac-54e45a9074da,cbs19.tv,English,0.0,gdelt_gkg
AMZN,2025-10-01,"The best milk frothers of 2025 , tried and tested",https://www.cnn.com/cnn-underscored/reviews/best-milk-frother,cnn.com,English,0.0,gdelt_gkg
AMZN,2025-10-01,Early Prime deal : Try a  Sleepy Girl Mocktail  in Sober October,https://nypost.com/2025/10/01/shopping/early-prime-deal-try-a-sleepy-girl-mocktail-in-sober-october/,nypost.com,English,0.0,gdelt_gkg
AMZN,2025-10-01,"The best bath towels in the US , from fluffy to quick drying – tested",https://www.theguardian.com/thefilter-us/2025/oct/01/best-best-bath-towels-us,theguardian.com,English,0.0,gdelt_gkg
AMZN,2025-10-01,Funky Taurus Media - Music Photo Agency & Products,https://www.funkytaurusmedia.com/shop_content.php?coID=2&XTCsid=468nae6hqunef28dp3vbngci46,funkytaurusmedia.com,English,0.0,gdelt_gkg
AMZN,2025-10-01,Paro nacional Ecuador : ¿ Por qué Guayas no se suma a las protestas ? ,https://www.expreso.ec/actualidad/paro-nacional-ecuador-guayas-no-se-suma-las-protestas-259252.html,expreso.ec,Spanish,0.0,gdelt_gkg
AMZN,2025-10-01,The best robot vacuum deals you can get ahead of Amazon fall Prime Day sale,https://www.theverge.com/tech/786897/robot-vacuum-mop-early-deals-amazon-october-prime-day-2025,theverge.com,English,0.0,gdelt_gkg
AMZN,2025-10-01,The problem of political myths | Utterly Moderate Podcast,https://elkodaily.com/opinion/article_9088db4a-f41b-5824-b15b-87315614caec.html,elkodaily.com,English,0.0,gdelt_gkg
AMZN,2025-10-01,Prime Big Deal Days Singapore : Best book deals,https://www.straitstimes.com/life/amazon-prime-big-deal-days-singapore-book-deals,straitstimes.com,English,0.0,gdelt_gkg
AMZN,2025-10-01,Lawyer argues death of 3 - year - old Alabama foster child left in van was a tragedy but not a crime,https://www.al.com/crime/2025/10/lawyer-argues-death-of-3-year-old-alabama-foster-child-left-in-van-was-a-tragedy-but-not-a-crime.html,al.com,English,0.0,gdelt_gkg
AMZN,2025-10-01,Amazon Prime Refund : Michigan Shoppers May Get Money Back,https://us103.com/ixp/87/p/amazon-prime-settlement-mi/,us103.com,English,0.0,gdelt_gkg
AMZN,2025-10-01,NI firm  did not know  machete was in parcel delivered to Southport attacker,https://www.belfastlive.co.uk/news/northern-ireland/ni-firm-did-not-know-32592606,belfastlive.co.uk,English,0.0,gdelt_gkg
AMZN,2025-10-01,Make a plan to give blood with the Red Cross this fall | Kirksville Daily Express,"http://www.kirksvilledailyexpress.com/stories/make-a-plan-to-give-blood-with-the-red-cross-this-fall,27474",kirksvilledailyexpress.com,English,0.0,gdelt_gkg
AMZN,2025-10-01,Beni se alista para dar a conocer al mundo la importancia de los Llanos de Moxos,https://www.erbol.com.bo/medio-ambiente/beni-se-alista-para-dar-conocer-al-mundo-la-importancia-de-los-llanos-de-moxos,erbol.com.bo,Spanish,0.0,gdelt_gkg
AMZN,2025-10-01,Federal Reserve Navigates Treacherous Waters : Rate Cut Hopes Clouded by Data Blackout Amidst Government Shutdown,https://markets.financialcontent.com/stocks/article/marketminute-2025-10-1-federal-reserve-navigates-treacherous-waters-rate-cut-hopes-clouded-by-data-blackout-amidst-government-shutdown,markets.financialcontent.com,English,0.0,gdelt_gkg
AMZN,2025-10-01,The problem of political myths | Utterly Moderate Podcast,https://jg-tc.com/opinion/article_50b4cf03-1166-504e-b3fb-a658781d514f.html,jg-tc.com,English,0.0,gdelt_gkg
AMZN,2025-10-01,Amazon AI - powered Echo series devices blend Alexa Plus with Omnisence,https://www.androidcentral.com/accessories/smart-home/amazon-ai-powered-echo-series-devices-blend-alexa-plus-omnisence,androidcentral.com,English,0.0,gdelt_gkg
AMZN,2025-10-01,The problem of political myths | Utterly Moderate Podcast,https://qctimes.com/opinion/article_dfc0cc1b-b714-5c55-82a2-45074bb98750.html,qctimes.com,English,0.0,gdelt_gkg
AMZN,2025-10-01,The problem of political myths | Utterly Moderate Podcast,https://dailyprogress.com/opinion/article_3a67d59c-1174-5fe2-bf66-4e5e6006e2a7.html,dailyprogress.com,English,0.0,gdelt_gkg
AMZN,2025-10-01,"Amazon cuts Prime Invitee program , pushes solo memberships",https://www.abc10.com/article/news/nation-world/amazon-ends-prime-sharing-invitee-program/507-a17e251e-d836-4a3f-9dac-54e45a9074da,abc10.com,English,0.0,gdelt_gkg
AMZN,2025-10-01,6 Love Island Halloween Costume Ideas for 2025,https://stylecaster.com/fashion/shopping-guides/1234856768/love-island-halloween-costume-ideas/,stylecaster.com,English,0.0,gdelt_gkg
AMZN,2025-10-01,"Amazon cuts Prime Invitee program , pushes solo memberships",https://www.kagstv.com/article/news/nation-world/amazon-ends-prime-sharing-invitee-program/507-a17e251e-d836-4a3f-9dac-54e45a9074da,kagstv.com,English,0.0,gdelt_gkg
AMZN,2025-10-01,The problem of political myths | Utterly Moderate Podcast,https://tucson.com/opinion/article_97a14ca2-6311-5d5a-8c43-795f74f89d0d.html,tucson.com,English,0.0,gdelt_gkg
AMZN,2025-10-01,Josh Brown Predicted Amazon . com ( AMZN ) Will  Breakout  – Was He Right ? ,https://www.insidermonkey.com/blog/josh-brown-predicted-amazon-com-amzn-will-breakout-was-he-right-1621255/,insidermonkey.com,English,0.0,gdelt_gkg
AMZN,2025-10-01,キャンペーンサイトを開いたら無関係なページが ！ AWSのDNSに落とし穴,https://active.nikkeibp.co.jp/atcl/act/19/00467/090900032/,active.nikkeibp.co.jp,Japanese,0.0,gdelt_gkg
AMZN,2025-11-01,"With Food Aid Suspended for Millions of Families , Trump Brags of  Statuary Marble  Bathroom Makeover – Alaska Native News",https://alaska-native-news.com/with-food-aid-suspended-for-millions-of-families-trump-brags-of-statuary-marble-bathroom-makeover/81436/,alaska-native-news.com,English,0.0,gdelt_gkg
AMZN,2025-11-01,Miami Heat eagerly awaiting backcourt reinforcements,https://www.sun-sentinel.com/2025/11/01/still-a-heat-waiting-game-with-norman-powell-tyler-herro-doncic-up-next/,sun-sentinel.com,English,0.0,gdelt_gkg
AMZN,2025-11-01,"  King of K - pop  Lee Soo Man on his career , a global industry and what next",https://japantoday.com/category/entertainment/%E2%80%98king-of-k-pop%E2%80%99-lee-soo-man-on-his-career-a-global-industry-and-what%E2%80%99s-next,japantoday.com,English,0.0,gdelt_gkg
AMZN,2025-11-01,"Gustavo Rodríguez , escritor :  Si fuera panadero , le habría entregado panes deliciosos a mi madre ; pero soy un escritor  ",https://www.latercera.com/culto/noticia/gustavo-rodriguez-escritor-si-fuera-panadero-le-habria-entregado-panes-deliciosos-a-mi-madre-pero-soy-un-escritor/,latercera.com,Spanish,0.0,gdelt_gkg
AMZN,2025-11-01,تفاقم هيمنة شركات التكنولوجيا الكبرى على أسواق الأسهم,https://www.albayan.ae/financial-times/798314,albayan.ae,Arabic,0.0,gdelt_gkg
AMZN,2025-11-01,Museos abiertos : estos son los centros culturales que se podrán visitar gratis el domingo 2 de noviembre,https://rpp.pe/peru/actualidad/museos-abiertos-estos-son-los-centros-culturales-que-se-podran-visitar-gratis-el-domingo-2-de-noviembre-noticia-1662027,rpp.pe,Spanish,0.0,gdelt_gkg
AMZN,2025-11-01,美科技巨頭帶旺股 鴻海 、 廣達等持續受惠AI軍備競賽 | 股市要聞 | 股市,https://udn.com/news/story/7251/9111702,udn.com,Chinese,0.0,gdelt_gkg
AMZN,2025-11-01,"Belém e a COP30 : história , cultura e sustentabilidade da cidade amazônica",https://www.brasil247.com:443/cop30/belem-e-a-cop30-historia-cultura-e-sustentabilidade-da-cidade-amazonica,brasil247.com,Portuguese,0.0,gdelt_gkg
AMZN,2025-11-01,El mensaje de países amazónicos para la COP30,https://www.diariolibre.com/mundo/america-latina/2025/11/01/el-mensaje-de-paises-amazonicos-para-la-cop30/3297778,diariolibre.com,Spanish,0.0,gdelt_gkg
AMZN,2025-11-01,Aero - News Network : The aviation and aerospace world daily / real - time news and information service,https://aero-news.net:443/subsite.cfm?do=main.archive&year=2025&month=11&day=1,aero-news.net,English,0.0,gdelt_gkg
AMZN,2025-11-01,"The  Shoes For Amazon . com ( AMZN ) Are Now Big , Says Jim Cramer",https://biztoc.com/x/7f92606d682a9ca5,biztoc.com,English,0.0,gdelt_gkg
AMZN,2025-11-01,Mariah Carey Christmas Commercial for Sephora Welcomes Holiday Season,https://www.billboard.com/music/pop/mariah-carey-christmas-commercial-sephora-billy-eichner-1236103281/,billboard.com,English,0.0,gdelt_gkg
AMZN,2025-11-01,Contadora do AM relata angústia ao receber diagnóstico do câncer,https://g1.globo.com/am/amazonas/noticia/2025/11/01/contadora-do-amazonas-relata-angustia-ao-receber-diagnostico-do-cancer-de-mama-meu-mundo-silenciou.ghtml,g1.globo.com,Portuguese,0.0,gdelt_gkg
AMZN,2025-11-01,Dia de Finados : acesso aos cemitérios será interditado em Rio Branco,https://g1.globo.com/ac/acre/noticia/2025/11/01/dia-de-finados-acesso-aos-cemiterios-de-rio-branco-deve-ser-interditado-e-transito-desviado.ghtml,g1.globo.com,Portuguese,0.0,gdelt_gkg
AMZN,2025-11-01,"Sprouts Farmers Market Visit : Fast - Growing , Price - Competitive Grocery Chain",https://www.businessinsider.com/sprouts-farmers-market-visit-fast-growing-price-competitive-grocery-chain-2025-10,businessinsider.com,English,0.0,gdelt_gkg
AMZN,2025-11-01,Aero - News Network : The aviation and aerospace world daily / real - time news and information service,https://aero-news.net:443/FullsizeImage.cfm?do=main.archive&year=2025&month=11&day=1,aero-news.net,English,0.0,gdelt_gkg
AMZN,2025-11-01,"Shein Might Be Cheap , But Is It Legit ? ",https://www.bgr.com/2007841/is-shein-legit/,bgr.com,English,0.0,gdelt_gkg
AMZN,2025-11-01,Google adds AI - powered review summaries and filters to Play Store,https://tribune.com.pk/story/2575348/google-adds-ai-powered-review-summaries-and-filters-to-play-store,tribune.com.pk,English,0.0,gdelt_gkg
AMZN,2025-11-01,Universidades del Cusco : más de 30 casos de acoso evidencian fallas en la atención a víctimas,https://larepublica.pe:443/sociedad/2025/11/01/universidades-del-cusco-mas-de-30-casos-de-acoso-evidencian-fallas-en-la-atencion-a-victimas-55066,larepublica.pe,Spanish,0.0,gdelt_gkg
AMZN,2025-11-01,Chuva intensa em SP : alerta da Defesa Civil para alagamentos,https://g1.globo.com/sp/sao-paulo/noticia/2025/11/01/defesa-civil-alerta-para-chuvas-intensas-e-risco-de-alagamentos-no-estado-de-sp-neste-domingo.ghtml,g1.globo.com,Portuguese,0.0,gdelt_gkg
AMZN,2025-11-01,5 Mistakes Everyone Makes When Buying An Android Phone,https://www.bgr.com/2007840/common-mistakes-buying-android-phone/,bgr.com,English,0.0,gdelt_gkg
AMZN,2025-11-01,"Uncontacted Indigenous groups could vanish within a decade without stronger protections , experts say",https://japantoday.com/category/features/environment/what-to-know-about-uncontacted-indigenous-peoples-and-efforts-to-protect-them,japantoday.com,English,0.0,gdelt_gkg
AMZN,2025-11-01,Carter Shields does not exist ( essay ) by Pandeism Fish,https://everything2.com:443/user/Pandeism+Fish/writeups/Carter+Shields+does+not+exist,everything2.com,English,0.0,gdelt_gkg
AMZN,2025-11-01,"COP30 |  Venimos a presionar , indígenas latinoamericanos desembarcan para hacerse oír",https://aristeguinoticias.com/0111/naturaleza/cop30-venimos-a-presionar-indigenas-latinoamericanos-desembarcan-para-hacerse-oir/,aristeguinoticias.com,Spanish,0.0,gdelt_gkg
AMZN,2025-11-01,19 best artificial Christmas trees for 2025,https://us.cnn.com/cnn-underscored/home/best-artificial-christmas-tree,us.cnn.com,English,0.0,gdelt_gkg
AMZN,2025-11-01,NBA news : Blake Griffin reflects on hilarious moment with Luka Doncic,https://clutchpoints.com/nba/nba-stories/nba-news-blake-griffin-reflects-hilarious-moment-luka-doncic,clutchpoints.com,English,0.0,gdelt_gkg
AMZN,2025-11-01,Hallan armas de la Fuerza Armada de Venezuela en poder del Comando Vermelho,https://eju.tv/2025/11/hallan-armas-de-la-fuerza-armada-de-venezuela-en-poder-del-comando-vermelho/,eju.tv,Spanish,0.0,gdelt_gkg
AMZN,2025-11-01,Universidades del Cusco : más de 30 casos de acoso evidencian fallas en la atención a víctimas,https://larepublica.pe/sociedad/2025/11/01/universidades-del-cusco-mas-de-30-casos-de-acoso-evidencian-fallas-en-la-atencion-a-victimas-55066,larepublica.pe,Spanish,0.0,gdelt_gkg
AMZN,2025-11-01,Benedek Szabolcs : Mit látott ángyom a patakparton ? ( Részlet A vérbíró lánya című regényből – III .) ,https://nepszava.hu/3299554_benedek-szabolcs-mit-latott-angyom-a-patakparton-reszlet-a-verbiro-lanya-cimu-regenybol-iii,nepszava.hu,Hungarian,0.0,gdelt_gkg
AMZN,2025-11-01,Telescope for Adults Beginners,https://www.eteknix.com/telescope-for-adults-beginners-2/,eteknix.com,English,0.0,gdelt_gkg
AMZN,2025-11-01,"SALTZMAN : So , should you go with a tablet or ereader ? ",https://www.nugget.ca:443/technology/tech-essentials/saltzman-so-should-you-go-with-a-tablet-or-ereader/wcm/d7b5859a-d728-4861-a6d8-be62af02dca6,nugget.ca,English,0.0,gdelt_gkg
AMZN,2025-11-01,Ollie Bargain Outlet Is Opening More Stores – How Does It Compare To Amazon ? ,https://www.slashgear.com/2009429/ollies-bargain-outlet-vs-amazon/,slashgear.com,English,0.0,gdelt_gkg
AMZN,2025-11-01,Towns push back against police cameras that read license plates – NBC10 Philadelphia,https://www.nbcphiladelphia.com/news/national-international/towns-against-police-cameras-read-license-plates/4295368/,nbcphiladelphia.com,English,0.0,gdelt_gkg
AMZN,2025-11-01,12 products our readers loved in October - lehighvalleylive . com,https://www.lehighvalleylive.com/shopping/2025/11/12-products-our-readers-couldnt-stop-buying-in-october.html,lehighvalleylive.com,English,0.0,gdelt_gkg
AMZN,2025-11-01,Alaska cruise packing list : What to pack for a cruise up north,https://thepointsguy.com/cruise/alaska-cruise-packing-list/,thepointsguy.com,English,0.0,gdelt_gkg
AMZN,2025-11-01,"Microsoft will grow headcount again but with  more leverage , CEO says",https://www.cnbc.com/2025/11/01/microsoft-ceo-headcount-leverage-ai.html,cnbc.com,English,0.0,gdelt_gkg
AMZN,2025-11-01,Suffolk Bakery owners : List Lennox Head house for $15 million,https://www.theage.com.au/property/news/byron-bakers-who-bought-1-5m-block-selling-for-16-5m-20251028-p5n5s7.html,theage.com.au,English,0.0,gdelt_gkg
AMZN,2025-11-01,Fed frene bastı : Piyasalar TÜİK enflasyonuna kilitlendi,https://www.yenicaggazetesi.com.tr/fed-frene-basti-piyasalar-tuik-enflasyonuna-kilitlendi-976824h.htm,yenicaggazetesi.com.tr,Turkish,0.0,gdelt_gkg
AMZN,2025-11-01,Port of Gauteng |  Give Transnet a cut of N3 tolls  ,https://www.timeslive.co.za/news/business/2025-11-01-port-of-gauteng-give-transnet-a-cut-of-n3-tolls/,timeslive.co.za,English,0.0,gdelt_gkg
AMZN,2025-11-01,Chuva em Piracicaba : Outubro supera média histórica . Veja novembro,https://g1.globo.com/sp/piracicaba-regiao/noticia/2025/11/01/outubro-frio-e-chuvoso-piracicaba-tem-volume-acima-da-media-historia-para-mes-veja-como-sera-novembro.ghtml,g1.globo.com,Portuguese,0.0,gdelt_gkg
AMZN,2025-11-01,"Hyvästi , pimeä ja hiljainen taivas ? ",https://www.tiedetuubi.fi/hyvasti-pimea-ja-hiljainen-taivas,tiedetuubi.fi,Finnish,0.0,gdelt_gkg
AMZN,2025-11-01,"AI Özetleri Play Storea Geldi : Hızlı Keşif , Tematik İnceleme Sekmeleri",https://donanimgunlugu.com/ai-ozetleri-play-storea-geldi-hizli-kesif-417670,donanimgunlugu.com,Turkish,0.0,gdelt_gkg
AMZN,2025-11-01,"The  Shoes For Amazon . com ( AMZN ) Are Now Big , Says Jim Cramer",https://www.insidermonkey.com/blog/the-shoes-for-amazon-com-amzn-are-now-big-says-jim-cramer-1638863/,insidermonkey.com,English,0.0,gdelt_gkg
AMZN,2025-11-01,Can America learn to make again ? The future of US manufacturing,https://www.straitstimes.com/world/united-states/can-america-learn-to-make-again,straitstimes.com,English,0.0,gdelt_gkg
AMZN,2025-11-01,Lula inaugura porto e aeroporto modernizados em Belém às vésperas da COP30,https://www.diariodolitoral.com.br/nacional/brasil/lula-inaugura-porto-e-aeroporto-modernizados-em-belem-as-vesperas-da/205229/,diariodolitoral.com.br,Portuguese,0.0,gdelt_gkg
AMZN,2025-11-01,Saiba quem é a loura investigada por fuga de presídio e amiga de chefe do Comando Vermelho morto no Rio,https://www.correio24horas.com.br/brasil/saiba-quem-e-a-loura-investigada-por-fuga-de-presidio-e-amiga-de-chefe-do-comando-vermelho-morto-no-rio-1125,correio24horas.com.br,Portuguese,0.0,gdelt_gkg
AMZN,2025-11-01,One Fire Rechargeable lamp,https://www.eteknix.com/one-fire-rechargeable-lamp/,eteknix.com,English,0.0,gdelt_gkg
AMZN,2025-11-01,Flipkart Co - Founder Challenges ED Probe in FDI Case : Tech News,https://www.rashtranews.com/flipkart-co-founder-challenges-ed-probe-in-fdi-case-tech-news/,rashtranews.com,English,0.0,gdelt_gkg
AMZN,2025-11-01,Confira destaques da Feira do Livro de Porto Alegre neste fim de semana,https://www.gaz.com.br/confira-destaques-da-feira-do-livro-de-porto-alegre-neste-fim-de-semana/,gaz.com.br,Portuguese,0.0,gdelt_gkg
AMZN,2025-11-01,"Na expectativa da COP30 , produtores da Amazônia tentam mostrar um  agro que preserva  ",https://noticiabrasil.net.br/20251101/na-expectativa-da-cop30-produtores-da-amazonia-tentam-mostrar-um-agro-que-preserva-44791838.html,noticiabrasil.net.br,Portuguese,0.0,gdelt_gkg
AMZN,2025-11-01,"  Belém será outra após a COP30 , diz Lula em visita à cidade para acompanhar obras para o evento",https://noticiabrasil.net.br/20251101/belem-sera-outra-apos-a-cop30-diz-lula-em-visita-a-cidade-para-acompanhar-obras-para-o-evento-44792916.html,noticiabrasil.net.br,Portuguese,0.0,gdelt_gkg
AMZN,2025-11-01,"Chuvarada , granizo , raios e ventos de até 70 km / h : Paraná em alerta por causa de tempestades",https://www.bemparana.com.br/noticias/parana/chuvarada-granizo-raios-e-ventos-de-ate-70-km-h-parana-em-alerta-por-causa-de-tempestades/,bemparana.com.br,Portuguese,0.0,gdelt_gkg
AMZN,2025-11-01,"Elecciones , presupuesto 2026 y acusaciones constitucionales : La intensa agenda que marcará el mes de noviembre",https://www.emol.com/noticias/Nacional/2025/11/01/1182037/agenda-noviembre-elecciones-discusion-presupuesto.html,emol.com,Spanish,0.0,gdelt_gkg
AMZN,2025-11-01,Daniel Noboa descarta que la Isla Baltra de Galápagos acogerá una base militar de Estados Unidos,https://www.ecuavisa.com/noticias/seguridad/noboa-descartar-base-militar-estados-unidos-isla-baltra-BE10367897,ecuavisa.com,Spanish,0.0,gdelt_gkg
AMZN,2025-11-01,La Nación / Arsenal confiscado en operación en Rio supera los USD 2 millones,https://www.lanacion.com.py/mundo/2025/11/01/arsenal-confiscado-en-operacion-en-rio-supera-los-usd-2-millones/,lanacion.com.py,Spanish,0.0,gdelt_gkg
AMZN,2025-11-01,Mariah Carey Announces  It Time  for Christmas 2025 in Ad With Sephora – 105 . 7 WRGC,https://wrgc.com/mariah-carey-announces-its-time-for-christmas-2025-in-ad-with-sephora/,wrgc.com,English,0.0,gdelt_gkg
AMZN,2025-11-01,"SALTZMAN : So , should you go with a tablet or ereader ? ",https://www.timminstimes.com:443/technology/tech-essentials/saltzman-so-should-you-go-with-a-tablet-or-ereader/wcm/d7b5859a-d728-4861-a6d8-be62af02dca6,timminstimes.com,English,0.0,gdelt_gkg
AMZN,2025-11-01,CdB | Lula em Belém : Compromissos da COP30,https://correiodobrasil.com.br/a/em-belem-lula-participa-cerimonias-acoes-ligadas-cop30,correiodobrasil.com.br,Portuguese,0.0,gdelt_gkg
AMZN,2025-11-01,"SALTZMAN : So , should you go with a tablet or ereader ? ",https://www.saultthisweek.com:443/technology/tech-essentials/saltzman-so-should-you-go-with-a-tablet-or-ereader/wcm/d7b5859a-d728-4861-a6d8-be62af02dca6,saultthisweek.com,English,0.0,gdelt_gkg
AMZN,2025-11-01,Towns push back against police cameras that read license plates – NBC Connecticut,https://www.nbcconnecticut.com/news/national-international/towns-against-police-cameras-read-license-plates/3659203/,nbcconnecticut.com,English,0.0,gdelt_gkg
AMZN,2025-11-01,Dusk bedding that  makes every sleep feel like a treat  reduced by 20 % ,https://www.liverpoolecho.co.uk/whats-on/shopping/dusks-bedding-makes-every-sleep-32794894,liverpoolecho.co.uk,English,0.0,gdelt_gkg
AMZN,2025-11-01,Sephora Savings Event : The 11+ Best Deals to Shop,https://www.nbcnews.com/select/shopping/sephora-savings-event-fall-2025-rcna240289,nbcnews.com,English,0.0,gdelt_gkg
AMZN,2025-11-01,Trump team offers to keep some ballroom donors incognito,https://www.bostonglobe.com/2025/11/01/nation/trumps-team-offers-keep-some-ballroom-donors-incognito/,bostonglobe.com,English,0.0,gdelt_gkg
AMZN,2025-11-01,Amazon CEO calls layoffs a cultural reset : What happens to workers who cant keep up with AI ? ,https://timesofindia.indiatimes.com/education/careers/news/amazon-ceo-calls-layoffs-a-cultural-reset-what-happens-to-workers-who-cant-keep-up-with-ai/articleshow/125022076.cms,timesofindia.indiatimes.com,English,0.0,gdelt_gkg
AMZN,2025-11-01,"Dead body found in south Phoenix , police say",https://www.12news.com/article/news/crime/dead-body-found-in-south-phoenix/75-f59cc530-7565-4879-8c60-1ee10b01f28a,12news.com,English,0.0,gdelt_gkg
AMZN,2025-11-01,YouTube now has  competition  inside Google and it is from the business once labelled as  money - losing  ,https://timesofindia.indiatimes.com/technology/tech-news/youtube-now-has-competition-inside-google-and-it-is-from-the-business-once-labelled-as-money-losing/articleshow/125024496.cms,timesofindia.indiatimes.com,English,0.0,gdelt_gkg
AMZN,2025-11-01,"Cop30  : sans surprise , Donald Trump nira pas en Amazonie pour le sommet sur le climat",https://laseyne.maville.com/actu/actudet_-cop30-sans-surprise-donald-trump-n-ira-pas-en-amazonie-pour-le-sommet-sur-le-climat-_fil-7046119_actu.Htm,laseyne.maville.com,French,0.0,gdelt_gkg
AMZN,2025-11-01,​​The 8 new British series still to drop in 2025 - two period dramas | TV & Radio | Showbiz & TV,https://www.express.co.uk/showbiz/tv-radio/2127762/the-8-new-british-series,express.co.uk,English,0.0,gdelt_gkg
AMZN,2025-11-01,如果你想在網上賺錢 請避免做這些事 | 電子商務企業 | 網絡賺錢 | 付款條款,https://www.epochtimes.com/b5/25/11/1/n14627750.htm,epochtimes.com,Chinese,0.0,gdelt_gkg
AMZN,2025-11-01,Télécran,https://www.telecran.lu/FR/program/20251101/1164419796,telecran.lu,French,0.0,gdelt_gkg
AMZN,2025-11-01,Nicole Byer,https://isthmus.com/events/nicole-byer-2025/?occ_dtstart=2025-11-01T21:30,isthmus.com,English,0.0,gdelt_gkg
AMZN,2025-11-01,جريدة النهار الكويتية | « سباق التريليونات » بين عمالقة التكنولوجيا,https://www.annaharkw.com/annahar/Article.aspx?id=1032214,annaharkw.com,Arabic,0.0,gdelt_gkg
AMZN,2025-11-01,亚马逊万人大裁员细节曝光 ， 有员工清早起床就收到  失业通知  短信|亚马逊,https://finance.sina.com.cn/tech/digi/2025-11-01/doc-infvxpfc7303061.shtml,finance.sina.com.cn,Chinese,0.0,gdelt_gkg
AMZN,2025-11-01,10 Sci - Fi Conspiracy TV Shows Thatll Keep You Hooked,https://movieweb.com/best-sci-fi-conspiracy-tv-shows/,movieweb.com,English,0.0,gdelt_gkg
AMZN,2025-11-01,Les États - Unis nenverront pas de représentants de haut niveau à la COP30,https://www.journaldemontreal.com/2025/11/01/les-etats-unis-nenverront-pas-de-representants-de-haut-niveau-a-la-cop30,journaldemontreal.com,French,0.0,gdelt_gkg
AMZN,2025-11-01,Hair bonnets put to the test to find the best,https://wtop.com/health-fitness/2025/11/hair-bonnets-put-to-the-test-to-find-the-best/,wtop.com,English,0.0,gdelt_gkg
AMZN,2025-11-01,Harrison Ford critica abiertamente las políticas de Trump :  No conozco a ningún criminal mayor en la historia  ,https://www.elplural.com/sociedad/harrison-ford-critica-abiertamente-politicas-trump-no-conozco-ningun-criminal-mayor-historia_364077102,elplural.com,Spanish,0.0,gdelt_gkg
AMZN,2025-11-01,Nicole Byer,https://isthmus.com/events/nicole-byer-2025/?occ_dtstart=2025-11-01T19:00,isthmus.com,English,0.0,gdelt_gkg
AMZN,2025-11-01, 【 名家專欄 】 毫無益處的退貨政策,https://www.epochtimes.com/b5/25/10/30/n14626546.htm,epochtimes.com,Chinese,0.0,gdelt_gkg
AMZN,2025-11-01,"Alphabet ( GOOGL ) Conference Call Was  A Tour De Force , Says Jim Cramer",https://finance.yahoo.com/news/alphabet-googl-conference-call-tour-193115499.html,finance.yahoo.com,English,0.0,gdelt_gkg
AMZN,2025-11-01,Что будет с Землей в 2050 году - предсказание Нострадамуса и Ванги УНИАН,https://www.unian.net/curiosities/chto-budet-s-zemley-v-2050-godu-predskazanie-nostradamusa-i-vangi-13182267.html,unian.net,Russian,0.0,gdelt_gkg
AMZN,2025-11-01,The booming African movie market - CNBC Africa,https://www.cnbcafrica.com/media/6312868282112/the-booming-african-movie-market,cnbcafrica.com,English,0.0,gdelt_gkg
AMZN,2025-11-01,"The  Shoes For Amazon . com ( AMZN ) Are Now Big , Says Jim Cramer",https://finance.yahoo.com/news/shoes-amazon-com-amzn-now-193103305.html,finance.yahoo.com,English,0.0,gdelt_gkg
AMZN,2025-11-01,Lula entrega obras de ampliao do Aeroporto de Belém antes da COP30,https://www.acritica.net/editorias/politica/lula-participa-da-entrega-de-obras-de-r-450-milhoes-no-aeroporto-inter/855018/,acritica.net,Portuguese,0.0,gdelt_gkg
AMZN,2025-11-01,Famílias do AC fazem limpeza de túmulos um dia antes do Dia de Finados,https://g1.globo.com/ac/acre/noticia/2025/11/01/no-acre-familias-fazem-limpeza-de-tumulos-um-dia-antes-do-dia-de-finados.ghtml,g1.globo.com,Portuguese,0.0,gdelt_gkg
AMZN,2025-11-01,CoP 30 for Adaptation | New Spotlight Magazine,https://www.spotlightnepal.com/2025/11/01/cop-30-adaptation/,spotlightnepal.com,English,0.0,gdelt_gkg
AMZN,2025-11-01,Polícia Civil estima prejuízo milionário ao CV com apreensão de armas,https://veja.abril.com.br/brasil/policia-civil-estima-prejuizo-milionario-ao-cv-com-apreensao-de-armas/,veja.abril.com.br,Portuguese,0.0,gdelt_gkg
AMZN,2025-11-01,"Operaţiune sângeroasă împotriva crimei organizate din Brazilia . Arme în valoare de peste 2 milioane de dolari , confiscate",https://stirileprotv.ro/stiri/international/operatiune-sangeroasa-impotriva-crimei-organizate-din-brazilia-arme-in-valoare-de-peste-2-milioane-de-dolari-confiscate.html,stirileprotv.ro,Romanian,0.0,gdelt_gkg
AMZN,2025-11-01,Lula inaugura obras em Belém e participa de eventos ligados à COP30,https://www.hojeemdia.com.br/geral/lula-inaugura-obras-em-belem-e-participa-de-eventos-ligados-a-cop30-1.1091157,hojeemdia.com.br,Portuguese,0.0,gdelt_gkg
AMZN,2025-11-01,Río de Janeiro vive jornada de manifestaciones tras sangriento operativo policial que dejó más de 100 muertos,https://www.emol.com/noticias/Internacional/2025/11/01/1182022/rio-protestas-contra-letal-operativo.html,emol.com,Spanish,0.0,gdelt_gkg
AMZN,2025-11-01,New Book : Archival Irruptions  – Repeating Islands,https://repeatingislands.com/2025/11/01/new-bookarchival-irruptions/,repeatingislands.com,English,0.0,gdelt_gkg
AMZN,2025-11-01,"An adventure in the footsteps of whalers , vikings and wolves",https://www.thenational.scot/news/25589274.adventure-footsteps-whalers-vikings-wolves/,thenational.scot,English,0.0,gdelt_gkg
AMZN,2025-11-01,Say goodbye to Halloween - shoppers snap up Dunelm  realistic  £25 Christmas wreath,https://www.liverpoolecho.co.uk/whats-on/shopping/say-goodbye-halloween-shoppers-snap-32795320,liverpoolecho.co.uk,English,0.0,gdelt_gkg
AMZN,2025-11-01,Lula deve criar amanhã comitê contra apagão da segurança - 01 / 11 / 2025 - Vinicius Torres Freire,https://www1.folha.uol.com.br/colunas/viniciustorres/2025/11/lula-tem-de-criar-amanha-comite-contra-apagao-da-seguranca.shtml,folha.uol.com.br,Portuguese,0.0,gdelt_gkg
AMZN,2025-11-01,Що буде із Землею у 2050 році - передбачення Нострадамуса і Ванги УНІАН,https://www.unian.ua/curiosities/shcho-bude-iz-zemleyu-u-2050-roci-peredbachennya-nostradamusa-i-vangi-13182264.html,unian.ua,Ukrainian,0.0,gdelt_gkg
AMZN,2025-11-01,"How major US stock indexes fared Friday , 10 / 31 / 2025",https://www.mankatofreepress.com/news/business/how-major-us-stock-indexes-fared-friday-10-31-2025/article_529a46d6-23b5-52bc-8c65-7aeb9774ae84.html,mankatofreepress.com,English,0.0,gdelt_gkg
AMZN,2025-11-01,When Does  Landman  Return ?  Landman  Season 2 Paramount+ Premiere Date,https://decider.com/2025/11/01/landman-new-episodes-paramount-plus-landman-season-2-release-date-november/,decider.com,English,0.0,gdelt_gkg
AMZN,2025-11-01,Editor Desk : Four from our Readers by Neil Clarke : Clarkesworld Magazine – Science Fiction & Fantasy,https://clarkesworldmagazine.com/clarke_11_25/,clarkesworldmagazine.com,English,0.0,gdelt_gkg
AMZN,2025-11-01,What is the Retirement Age of a Jedi ? by João Pedro de Magalhães : Clarkesworld Magazine – Science Fiction & Fantasy,https://clarkesworldmagazine.com/de_magalhaes_11_25/,clarkesworldmagazine.com,English,0.0,gdelt_gkg
AMZN,2025-11-01,Amazon Gülümseten Kasımda öne çıkan indirimli ürünler 1 Kasım,https://www.donanimhaber.com/amazon-gulumseten-kasim-da-one-cikan-indirimli-urunler-1-kasim--198047,donanimhaber.com,Turkish,0.0,gdelt_gkg
AMZN,2025-11-01,Denuncian nuevo abandono a población fronteriza,https://www.servindi.org/31/10/2025/denuncian-nuevo-abandono-poblacion-fronteriza,servindi.org,Spanish,0.0,gdelt_gkg
AMZN,2025-11-01,Suffolk Bakery owners : List Lennox Head house for $15 million,https://www.smh.com.au/property/news/byron-bakers-who-bought-1-5m-block-selling-for-16-5m-20251028-p5n5s7.html,smh.com.au,English,0.0,gdelt_gkg
AMZN,2025-11-01,Perú y República Checa : amistad que honra la historia y proyecta el futuro,https://larazon.pe/peru-y-republica-checa-amistad-que-honra-la-historia-y-proyecta-el-futuro/,larazon.pe,Spanish,0.0,gdelt_gkg
AMZN,2025-11-01,Asambleístas de ADN iniciaron la campaña por la consulta popular en Quito,https://www.expreso.ec/actualidad/asambleistas-de-adn-iniciaron-la-campana-por-la-consulta-popular-en-quito-262973.html,expreso.ec,Spanish,0.0,gdelt_gkg
AMZN,2025-11-01,Anitta sobre ativismo no Global Citizen :  Artistas têm papel importante  ,https://billboard.com.br/anitta-ativismo-global-citizen/,billboard.com.br,Portuguese,0.0,gdelt_gkg
AMZN,2025-11-01,"Hyvästi , pimeä ja hiljainen taivas ? ",https://tiedetuubi.fi/hyvasti-pimea-ja-hiljainen-taivas,tiedetuubi.fi,Finnish,0.0,gdelt_gkg
AMZN,2025-11-01,"Where To Watch WWE  Saturday Night Main Event : Time , Card , ESPN / Netflix / Peacock Streaming Info",https://decider.com/2025/11/01/wwe-saturday-nights-main-event-on-espn-netflix-peacock-nbc-where-to-watch/,decider.com,English,0.0,gdelt_gkg
AMZN,2025-11-01,与美国关系紧张 莫迪吁印度人停用外国产品 – 华侨网,https://www.chinesepress.com/2025/09/21/%E4%B8%8E%E7%BE%8E%E5%9B%BD%E5%85%B3%E7%B3%BB%E7%B4%A7%E5%BC%A0-%E8%8E%AB%E8%BF%AA%E5%90%81%E5%8D%B0%E5%BA%A6%E4%BA%BA%E5%81%9C%E7%94%A8%E5%A4%96%E5%9B%BD%E4%BA%A7%E5%93%81/,chinesepress.com,Chinese,0.0,gdelt_gkg
AMZN,2025-11-01,Gaby Amarantos sobre Global Citizen : Não manda foguinho para Amazônia  ,https://g1.globo.com/pa/para/noticia/2025/11/01/gaby-amarantos-e-fas-comentam-sobre-global-citizen-nao-manda-foguinho-para-a-amazonia-nao.ghtml,g1.globo.com,Portuguese,0.0,gdelt_gkg
AMZN,2025-11-01,Anadolu Ajansı,https://www.aa.com.tr/en/info/infographic/48633,aa.com.tr,English,0.0,gdelt_gkg
AMZN,2025-11-01,LIST : Here are some of the companies that have cut jobs recently,https://www.wsbtv.com/news/local/which-companies-have-cut-jobs-recently/JVJMICUAEJAMTGAAD77BFPDZMM/,wsbtv.com,English,0.0,gdelt_gkg
AMZN,2025-11-01,Expedio científica franco - brasileira navega pelos rios da Amazônia rumo à COP 30,https://g1.globo.com/pa/santarem-regiao/noticia/2025/11/01/expedicao-cientifica-franco-brasileira-navega-pelos-rios-da-amazonia-rumo-a-cop-30.ghtml,g1.globo.com,Portuguese,0.0,gdelt_gkg
AMZN,2025-11-01,"Fulton Mill Road being repaved starting Tuesday , drivers encouraged to find alternate routes",https://www.13wmaz.com/article/news/local/fulton-mill-road-being-repaved-starting-tuesday-drivers-encouraged-find-alternate-routes/93-28900f71-8dbc-4525-b06e-0d1f2e58b756,13wmaz.com,English,0.0,gdelt_gkg
AMZN,2025-11-01,"Cielos nublados y chubascos marcarán el inicio de noviembre en Venezuela , según Inameh",http://confirmado.com.ve/cielos-nublados-y-chubascos-marcaran-el-inicio-de-noviembre-en-venezuela-segun-inameh/,confirmado.com.ve,Spanish,0.0,gdelt_gkg
AMZN,2025-11-01,Kitap Kurtları Buraya : Amazon Kasım İndirimlerinde Öne Çıkan Yayınevi İndirimleri,https://www.webtekno.com/kitap-kurtlari-buraya-amazon-kasim-indirimlerinde-one-cikan-yayinevi-indirimleri-h206095.html,webtekno.com,Turkish,0.0,gdelt_gkg
AMZN,2025-11-01,চট্টগ্রাম বন্দরের কোথাও বিদেশি কোম্পানিকে ইজারা দেয়া যাবে না,https://dailyinqilab.com/national/article/826261,dailyinqilab.com,Bengali,0.0,gdelt_gkg
AMZN,2025-11-01,EUA confirmam ausência na COP30 em Belém,https://diariodonordeste.verdesmares.com.br/pontopoder/eua-confirmam-ausencia-na-cop30-em-belem-1.3705323,diariodonordeste.verdesmares.com.br,Portuguese,0.0,gdelt_gkg
AMZN,2025-11-01,Towns push back against police cameras that read license plates – NBC New York,https://www.nbcnewyork.com/news/national-international/towns-against-police-cameras-read-license-plates/6412575/,nbcnewyork.com,English,0.0,gdelt_gkg
AMZN,2025-11-01,Are Starfire Tires Any Good ? Here What Drivers Say,https://www.slashgear.com/2009557/are-starfire-tires-any-good-what-users-say/,slashgear.com,English,0.0,gdelt_gkg
AMZN,2025-11-01," [ 르포 ] 2만평 부지 5층 건물에 GPU 6만장 투입 … 100㎽로 시작하지만 , 언제든 확장 가능  ",https://biz.heraldcorp.com/article/10606083,biz.heraldcorp.com,Korean,0.0,gdelt_gkg
AMZN,2025-11-01,Guerra narco en Río :  La Operación fue un hito ; en Brasil los delincuentes portan rifles y no pasa nada  ,https://www.clarin.com/mundo/guerra-narco-rio-operacion-hito-brasil-delincuentes-portan-rifles-pasa_0_TyZxQeNeR6.html,clarin.com,Spanish,0.0,gdelt_gkg
AMZN,2025-11-01,Comment installer IPTV en 5 étapes simples [ 2025 ] ,http://www.art-telecom.fr/comment-installer-iptv/,art-telecom.fr,French,0.0,gdelt_gkg
AMZN,2025-11-01,Is It Time to Buy UPS for Its 6 . 7 %- Yielding Dividend ? ,https://finance.yahoo.com/news/time-buy-ups-6-7-201300029.html,finance.yahoo.com,English,0.0,gdelt_gkg
AMZN,2025-11-01,Varun Tej and Lavanya Tripathi share unseen pics with baby boy Vaayuv as they celebrate 2nd wedding anniversary :  Im so lucky  ,https://www.pinkvilla.com/entertainment/south/varun-tej-and-lavanya-tripathi-share-unseen-pics-with-baby-boy-vaayuv-as-they-celebrate-2nd-wedding-anniversary-im-so-lucky-1398146,pinkvilla.com,English,0.0,gdelt_gkg
AMZN,2025-11-01,Apple iPhone 16 Pro : Special Offers Hit Lower Prices In New Deal,https://www.forbes.com/sites/davidphelan/2025/11/01/apple-iphone-16-pro-special-offers-hit-lower-prices-in-new-deal/,forbes.com,English,0.0,gdelt_gkg
AMZN,2025-11-01,Not playing the victim | The Irish World,https://www.theirishworld.com/not-playing-the-victim/,theirishworld.com,English,0.0,gdelt_gkg
AMZN,2025-11-01,Conservar y crecer : una alianza por la naturaleza del Perú,https://www.tvperu.gob.pe:443/novedades/ashi-anane/conservar-y-crecer-una-alianza-por-la-naturaleza-del-peru,tvperu.gob.pe,Spanish,0.0,gdelt_gkg
AMZN,2025-11-01,Geoffrey Hinton says tech giants cant profit from AI investments unless human labor is replaced,https://fortune.com/2025/11/01/geoffrey-hinton-godfather-of-ai-investment-tech-company-profits-human-labor-replacement/,fortune.com,English,0.0,gdelt_gkg
AMZN,2025-11-01,ترامب يكشف عن  حمام لينكولن  بعد تجديده في البيت الأبيض,https://www.aljazeeramubasher.net/news/politics/2025/11/1/%D8%AA%D8%B1%D8%A7%D9%85%D8%A8-%D9%8A%D9%83%D8%B4%D9%81-%D8%B9%D9%86-%D8%AD%D9%85%D8%A7%D9%85-%D9%84%D9%8A%D9%86%D9%83%D9%88%D9%84%D9%86-%D8%A8%D8%B9%D8%AF-%D8%AA%D8%AC%D8%AF%D9%8A%D8%AF%D9%87,aljazeeramubasher.net,Arabic,0.0,gdelt_gkg
AMZN,2025-11-01,Cientos de manifestantes exigen la renuncia del gobernador tras la redada policial letal en Río de Janeiro,https://diariosanrafael.com.ar/cientos-de-manifestantes-exigen-la-renuncia-del-gobernador-tras-la-redada-policial-letal-en-rio-de-janeiro/,diariosanrafael.com.ar,Spanish,0.0,gdelt_gkg
AMZN,2025-11-01,"The Corporate Stain : Shell , the Ultimate Sin Stock – Royal Dutch Shell Plc . com",https://royaldutchshellplc.com/2025/11/01/the-corporate-stain-shell-the-ultimate-sin-stock/,royaldutchshellplc.com,English,0.0,gdelt_gkg
AMZN,2025-11-01,NASA corrects Kim Kardashian :  We went to the moon six times  ,https://www.albawaba.com/node/nasa-corrects-kim-kardashian-we-went-1615783,albawaba.com,English,0.0,gdelt_gkg
AMZN,2025-11-01,Towns push back against police cameras that read license plates – NBC Chicago,https://www.nbcchicago.com/news/national-international/towns-against-police-cameras-read-license-plates/3846345/,nbcchicago.com,English,0.0,gdelt_gkg
AMZN,2025-11-01,"Scientists try to prove link between Amazon mining , disabilities in babies",https://www.staradvertiser.com/2025/11/01/breaking-news/scientists-try-to-prove-link-between-amazon-gold-mining-and-disabilities-in-babies/,staradvertiser.com,English,0.0,gdelt_gkg
AMZN,2025-11-01,"  Não existe Amazônia sem nó , diz Fafá de Belém sobre COP30",https://jornaldebrasilia.com.br/viva/musica/nao-existe-amazonia-sem-nos-diz-fafa-de-belem-sobre-cop30/,jornaldebrasilia.com.br,Portuguese,0.0,gdelt_gkg
AMZN,2025-11-01,Justiça condena Netflix a indenizar Frimesa em R$ 150 mil por série,https://tnonline.uol.com.br/noticias/parana/justica-condena-netflix-a-indenizar-frimesa-em-r-150-mil-por-serie-1037254,tnonline.uol.com.br,Portuguese,0.0,gdelt_gkg
AMZN,2025-11-01,Alerta meteorológica por Onda Tropical N° 53 : se esperan lluvias intensas,https://www.informe21.com/post/alerta-meteorol%C3%B3gica-por-onda-tropical-n-53-se-esperan-lluvias-intensas,informe21.com,Spanish,0.0,gdelt_gkg
AMZN,2025-11-01,Microsoft Tests Windows 11 Bluetooth Audio Sharing For Two Headsets At Once,https://hothardware.com/news/windows-11-bluetooth-audio-sharing,hothardware.com,English,0.0,gdelt_gkg
AMZN,2025-11-01,I Think These Are the 2 Best AI Stocks to Buy in November,https://finance.yahoo.com/news/think-2-best-ai-stocks-180000148.html,finance.yahoo.com,English,0.0,gdelt_gkg
AMZN,2025-11-01,Grizzlies Fans Cant Be Happy With Ja Morant Latest Antics,https://nesn.com/2025/11/grizzlies-fans-cant-be-happy-with-ja-morants-latest-antics/,nesn.com,English,0.0,gdelt_gkg
AMZN,2025-11-01,Raids sanglants à Rio : Saisie darmes évaluée à plus de deux millions de dollars,https://www.lematin.ch/story/raids-sanglants-a-rio-saisie-d-armes-evaluee-a-plus-de-deux-millions-de-dollars-103444312,lematin.ch,French,0.0,gdelt_gkg
AMZN,2025-11-01,"Aims Community College in Greeley to host veterans film workshop , festival",https://www.greeleytribune.com/2025/11/01/aims-veteran-film-workshop-festival/,greeleytribune.com,English,0.0,gdelt_gkg
AMZN,2025-11-01,5 Kitchen Gadgets Under $30 That Feel Way More Expensive,https://www.thedailymeal.com/2010259/five-under-thirty-dollars-kitchen-gadgets-feel-expensive/,thedailymeal.com,English,0.0,gdelt_gkg
AMZN,2025-11-01,Sg . hu - Eltűnő gyakornokok és vezetői vákuum a tech­nológiai szektorban,https://sg.hu/cikkek/it-tech/163423/eltuno-gyakornokok-es-vezetoi-vakuum-a-technologiai-szektorban,sg.hu,Hungarian,0.0,gdelt_gkg
AMZN,2025-11-01,Identificaron a la mayoría de los muertos en Río de Janeiro : la policía aseguró que 78 tenían antecedentes,https://www.eldiarionuevodia.com.ar/internacionales/identificaron-a-la-mayoria-de-los-muertos-en-rio-de-janeiro-la-policia-aseguro-que-78-tenian-antecedentes/,eldiarionuevodia.com.ar,Spanish,0.0,gdelt_gkg
AMZN,2025-11-01,"King honours Plymouth man after he turned down for 1 , 000 jobs",https://www.plymouthherald.co.uk/news/plymouth-news/king-honours-plymouth-manafter-hes-10612383,plymouthherald.co.uk,English,0.0,gdelt_gkg
AMZN,2025-11-01,Novo Airão celebra o XXVI Eco Festival do Peixe - Boi com shows e disputa entre Jaú e Anavilhanas,https://www.acritica.com/entretenimento/novo-air-o-celebra-o-xxvi-eco-festival-do-peixe-boi-com-shows-e-disputa-entre-jau-e-anavilhanas-1.387707,acritica.com,Portuguese,0.0,gdelt_gkg
AMZN,2025-11-01,"Statele Unite nu vor trimite „ reprezentanţi de nivel înalt  la COP30 , conferinţa anuală organizată de ONU pe teme climatice - 01 . 11 . 2025",https://www.bursa.ro/statele-unite-nu-vor-trimite-8222reprezentanti-de-nivel-inalt8221-la-cop30-conferinta-anuala-organizata-de-onu-pe-teme-climatice-66974758,bursa.ro,Romanian,0.0,gdelt_gkg
AMZN,2025-11-01,15 Best French Movies Of All Time Ranked,https://www.yahoo.com/entertainment/movies/articles/15-best-french-movies-time-161800090.html,yahoo.com,English,0.0,gdelt_gkg
AMZN,2025-11-01,Latest Articles,https://freerepublic.com/tag/*/index?more=4350039,freerepublic.com,English,0.0,gdelt_gkg
AMZN,2025-11-01,I cant believe the AYANEO Phone is real and is apparently  coming soon  ,https://www.androidcentral.com/phones/i-cant-believe-the-ayaneo-phone-is-real-and-is-apparently-coming-soon,androidcentral.com,English,0.0,gdelt_gkg
AMZN,2025-11-01,Senamhi emite alerta naranja por lluvias intensas que afectarán varias regiones del país desde este domingo,https://eltiempo.pe/nacional/senamhi-emite-alerta-naranja-por-lluvias-intensas-que-afectaran-varias-regiones-del-pais-desde-este-domingo/,eltiempo.pe,Spanish,0.0,gdelt_gkg
AMZN,2025-11-01,SUA nu vor trimite  reprezentanţi de nivel înalt  la COP30 din Amazonia,https://www.stiripesurse.ro/sua-nu-vor-trimite-reprezentanti-de-nivel-inalt-la-cop30-din-amazonia_3826650,stiripesurse.ro,Romanian,0.0,gdelt_gkg
AMZN,2025-11-01,Vincent Kompany da la sorpresa con Luis Díaz y toma decisión para el juego contra el Leverkusen,https://www.semana.com/deportes/articulo/vincent-kompany-da-la-sorpresa-con-luis-diaz-y-toma-decision-para-el-juego-contra-el-leverkusen/202527/,semana.com,Spanish,0.0,gdelt_gkg
AMZN,2025-11-01,Konflikt om vegansk meny på prins Williams Earthshot Prize,https://www.seher.no/kongelig/nektet-a-jobbe-for-prinsen/83783802,seher.no,Norwegian,0.0,gdelt_gkg
AMZN,2025-11-01,Amazon hisseleri patladı : Bezosun mal varlığı 259 milyar doları aştı,https://www.dunya.com/sirketler/amazon-hisseleri-patladi-bezosun-mal-varligi-259-milyar-dolari-asti-haberi-801175,dunya.com,Turkish,0.0,gdelt_gkg
AMZN,2025-11-01,Pasadena food pantry sees dramatic jump in clients as federal shutdown imperils food aid,https://www.pasadenastarnews.com/2025/11/01/pasadena-food-pantry-sees-dramatic-jump-in-clients-as-federal-shutdown-takes-toll-on-food-assistance/,pasadenastarnews.com,English,0.0,gdelt_gkg
AMZN,2025-11-01,Lepro Ceiling Lights 24W,https://www.eteknix.com/lepro-ceiling-lights-24w/,eteknix.com,English,0.0,gdelt_gkg
AMZN,2025-11-01,5 Tools DeWalt Makes That Ryobi Doesnt,https://www.slashgear.com/2013626/dewalt-tools-not-made-by-ryobi/,slashgear.com,English,0.0,gdelt_gkg
AMZN,2025-11-01,  Realistic  apocalyptic movie added to streaming - fans say must  see at least once  | Films | Entertainment,https://www.express.co.uk/entertainment/films/2128417/realistic-apocalyptic-movie-added-streaming-services,express.co.uk,English,0.0,gdelt_gkg
AMZN,2025-11-01,Mulher é presa em Manaus por estelionato envolvendo promessa de imóveis,https://www.acritica.com/politica/mulher-e-presa-em-manaus-por-estelionato-envolvendo-promessa-de-imoveis-1.387725,acritica.com,Portuguese,0.0,gdelt_gkg
AMZN,2025-11-01,Les États - Unis boudent la COP30 en Amazonie,http://www.latribune.fr/article/climat/transitions-ecologiques/40216032832162/les-etats-unis-boudent-la-cop30-en-amazonie,latribune.fr,French,0.0,gdelt_gkg
AMZN,2025-11-01,"SNAP collapse threatens Walmart , Kroger and other retailers millions could see price increases as a result",https://www.aol.com/articles/snap-collapse-threatens-walmart-kroger-171500576.html,aol.com,English,0.0,gdelt_gkg
AMZN,2025-11-01, « Favela Lives Matter »: Χιλιάδες στους δρόμους του Ρίο μετά την πιο φονική αστυνομική επιχείρηση στη Βραζιλία,https://www.lifo.gr/now/world/favela-lives-matter-hiliades-stoys-dromoys-toy-rio-meta-tin-pio-foniki-astynomiki,lifo.gr,Greek,0.0,gdelt_gkg
AMZN,2025-11-01,Lucky Mate Casino Sister Sites – Network Overview,https://www.instyle.co.uk/sister-sites/lucky-mate-casino/,instyle.co.uk,English,0.0,gdelt_gkg
AMZN,2025-11-01,CV do Amazonas paga até R$ 150 mil por  condomínio no crime  no Rio e bandidos fazem  home office  ,https://www.estadao.com.br/brasil/cv-do-amazonas-paga-ate-r-150-mil-por-condominio-no-crime-no-rio-e-bandidos-fazem-home-office/,estadao.com.br,Portuguese,0.0,gdelt_gkg
AMZN,2025-11-01,"Com 10 anos , amazonense lança livro inspirado em mudança para a França",https://www.acritica.com/geral/com-10-anos-amazonense-lanca-livro-inspirado-em-mudanca-para-a-franca-1.387722,acritica.com,Portuguese,0.0,gdelt_gkg
AMZN,2025-11-01,Dezoito advogados concorrem à vaga do Quinto Constitucional com paridade de gênero,https://www.acritica.com/politica/dezoito-advogados-concorrem-a-vaga-do-quinto-constitucional-com-paridade-de-genero-1.387727,acritica.com,Portuguese,0.0,gdelt_gkg
AMZN,2025-11-01,Black Friday Predictions 2025 : What to Expect and When to Shop,https://www.wgal.com/article/consumer-black-friday-predictions-2025/69219068,wgal.com,English,0.0,gdelt_gkg
AMZN,2025-11-01,熱門股 ／ 10月當紅族群 記憶體7檔旺什麼 ？ | 財經 | 三立新聞網 SETN . COM,https://www.setn.com/News.aspx?NewsID=1744845,setn.com,Chinese,0.0,gdelt_gkg
AMZN,2025-11-01,Cabaré Chinelo transforma Teatro Amazonas com dança e memórias da Belle Époque,https://www.acritica.com/entretenimento/cabare-chinelo-transforma-teatro-amazonas-com-danca-e-memorias-da-belle-epoque-1.387718,acritica.com,Portuguese,0.0,gdelt_gkg
AMZN,2025-11-01,Business News : Loan dues : Future Retail moves SC against default notice by lenders,https://www.rashtranews.com/business-news-loan-dues-future-retail-moves-sc-against-default-notice-by-lenders/,rashtranews.com,English,0.0,gdelt_gkg
AMZN,2025-11-01,New Book :  This Is the Only Kingdom  – Repeating Islands,https://repeatingislands.com/2025/11/01/new-book-this-is-the-only-kingdom/,repeatingislands.com,English,0.0,gdelt_gkg
AMZN,2025-11-01,"Brand Malayalam Cinema widens its lens : Avihitham and others redefine bold , rooted storytelling",https://economictimes.indiatimes.com/opinion/et-commentary/brand-malayalam-cinema-widens-its-lens-avihitham-and-others-redefine-bold-rooted-storytelling/articleshow/125019568.cms,economictimes.indiatimes.com,English,0.0,gdelt_gkg
AMZN,2025-11-01,"Care Bears Digital Pets might be peak nostalgia , but Im here for it",https://www.creativebloq.com/design/product-design/care-bears-digital-pets-might-be-peak-nostalgia-but-im-here-for-it,creativebloq.com,English,0.0,gdelt_gkg
AMZN,2025-11-01,Lizzo Pregnant ? Accusations Fly After Cheesy New Photos,https://www.thehollywoodgossip.com/2025/11/lizzo-pregnant-photos-ai-accusations/,thehollywoodgossip.com,English,0.0,gdelt_gkg
AMZN,2025-11-01,Atmospheric River : The Term Everyone Tosses Around In the Winter,https://www.yahoo.com/news/articles/atmospheric-river-term-everyone-tosses-173000377.html,yahoo.com,English,0.0,gdelt_gkg
AMZN,2025-11-01,"Pará , la sede de la COP30 , enfrenta una crisis social tras megaoperativo vinculado al Comando Vermelho , según informe | Mundo",https://larepublica.pe:443/mundo/2025/11/01/para-la-sede-de-la-cop30-enfrenta-una-crisis-social-tras-megaoperativo-vinculado-al-comando-vermelho-segun-informe-48346,larepublica.pe,Spanish,0.0,gdelt_gkg
AMZN,2025-11-01,Muito além das  pragas : livro reúne conhecimento mais recente sobre os cupins da América do Sul,https://g1.globo.com/sp/campinas-regiao/terra-da-gente/noticia/2025/11/01/muito-alem-das-pragas-livro-reune-conhecimento-mais-recente-sobre-os-cupins-da-america-do-sul.ghtml,g1.globo.com,Portuguese,0.0,gdelt_gkg
AMZN,2025-11-01,"The world of SCAMS : What to watch for , what to do with unsolicited messages - PortageOnline . com - Local news , Weather , Sports , Free Classifieds and Job Listings",https://www.portageonline.com/articles/the-world-of-scams-what-to-watch-for-what-to-do-with-unsolicited-messages,portageonline.com,English,0.0,gdelt_gkg
AMZN,2025-11-01,Mit gondolnak valójában a befektetők az AI - forradalomról ? ,https://www.portfolio.hu/uzlet/20251101/mit-gondolnak-valojaban-a-befektetok-az-ai-forradalomrol-795694,portfolio.hu,Hungarian,0.0,gdelt_gkg
AMZN,2025-11-01,B . C . news : Canada Pension Plan sued by young people over climate risks,https://theprovince.com/news/climate-change-news-to-nov-2-25,theprovince.com,English,0.0,gdelt_gkg
AMZN,2025-11-01, « الذهب الملوث » يقتل سكان الأمازون,https://www.okaz.com.sa/variety/na/2220236,okaz.com.sa,Arabic,0.0,gdelt_gkg
AMZN,2025-11-01,Les États - Unis boudent la COP30 en Amazonie et nenverront pas de  représentants de haut niveau  ,https://www.bfmtv.com/international/amerique-nord/etats-unis/les-etats-unis-boudent-la-cop30-en-amazonie-et-n-enverront-pas-de-representants-de-haut-niveau_AD-202511010317.html,bfmtv.com,French,0.0,gdelt_gkg
AMZN,2025-11-01,"Dont wait for Black Friday , the cheapest 15K - class Gen5 1TB SSD is just $125 . 99 on Amazon",https://www.techradar.com/pro/dont-wait-for-black-friday-grab-the-cheapest-15k-class-gen5-1tb-ssd-on-the-market-today,techradar.com,English,0.0,gdelt_gkg
AMZN,2025-11-01,The  road to nowhere  that cuts through the Amazon jungle and is costing British taxpayers £52million,https://www.dailymail.co.uk/news/article-15249005/road-cuts-Amazon-jungle-costing-British-taxpayers-52million.html,dailymail.co.uk,English,0.0,gdelt_gkg
AMZN,2025-11-01,Kate Garraway reveals which star declined joining The Celebrity Traitors WhatsApp group,https://www.cosmopolitan.com/uk/entertainment/a69225612/kate-garraway-reveals-star-declined-celebrity-traitors-whatsapp-group/,cosmopolitan.com,English,0.0,gdelt_gkg
AMZN,2025-11-01,Lula inaugura ampliao do Aeroporto Internacional de Belém,https://www.cartacapital.com.br/politica/lula-inaugura-ampliacao-do-aeroporto-internacional-de-belem/,cartacapital.com.br,Portuguese,0.0,gdelt_gkg
AMZN,2025-11-01,Científicos intentan demostrar relación entre extracción de oro en Amazonia y discapacidades en bebés,https://www.eleconomista.com.mx/internacionales/cientificos-intentan-demostrar-relacion-extraccion-oro-amazonia-discapacidades-bebes-20251101-784572.html,eleconomista.com.mx,Spanish,0.0,gdelt_gkg
AMZN,2025-11-01,COP30 : Lula inaugura obras em Belém e participa de eventos ligados à conferência,https://revistaforum.com.br/politica/2025/11/1/cop30-lula-inaugura-obras-em-belem-participa-de-eventos-ligados-conferncia-191094.html,revistaforum.com.br,Portuguese,0.0,gdelt_gkg
AMZN,2025-11-01,Time Warp Comics Owners Talk Surviving Digital Retail & How Hollywood Can Help Your Local Comic Shop,https://comicbook.com/comics/feature/time-warp-comics-owners-talk-surviving-digital-retail-how-hollywood-can-help-your-local-comic-shop/,comicbook.com,English,0.0,gdelt_gkg
AMZN,2025-11-01,Jeff Bezos servetini bir günde 24 milyar dolar artırdı,https://www.f5haber.com/teknoloji/jeff-bezos-servetini-bir-gunde-24-milyar-dolar-artirdi-6842008,f5haber.com,Turkish,0.0,gdelt_gkg
AMZN,2025-11-01,亚马逊河 （ 秘鲁段 ） - 人间值得1243发表于 海外原创 - 论坛,https://bbs.wenxuecity.com/bbs/origin/1168072.html,bbs.wenxuecity.com,Chinese,0.0,gdelt_gkg
AMZN,2025-11-01,Амазонката Пелипенко отново стъпва на Арената на  Игри на волята  ,https://www.vesti.bg/lyubopitno/amazonkata-pelipenko-otnovo-stypva-na-arenata-na-igri-na-voliata-6242748,vesti.bg,Bulgarian,0.0,gdelt_gkg
AMZN,2025-11-01,3 Cheap TVs That Look Expensive,https://www.bgr.com/2007835/cheap-tvs-look-expensive-2025/,bgr.com,English,0.0,gdelt_gkg
AMZN,2025-11-01,Amazon has a rare 20 % off deal on this LEGO Poinsettia set ahead of the holidays,https://www.lehighvalleylive.com/shopping/2025/11/amazon-has-this-lego-poinsettia-set-on-sale-and-it-makes-the-perfect-holiday-gift-at-this-price.html,lehighvalleylive.com,English,0.0,gdelt_gkg
AMZN,2025-11-01,Popularna aplikacija će javljati vašem šefu da li zaista radite,https://www.kamatica.com/vodic/popularna-aplikacija-ce-javljati-vasem-sefu-da-li-zaista-radite/76251,kamatica.com,Serbian,0.0,gdelt_gkg
AMZN,2025-11-01,过去的名牌 - 晓青发表于 爱的星空 - 论坛,https://bbs.wenxuecity.com/bbs/romance/1039173.html,bbs.wenxuecity.com,Chinese,0.0,gdelt_gkg
AMZN,2025-11-01,La ciencia ya no puede mantenerse al margen : o impulsa la transformación o sostiene el desastre,https://www.aporrea.org/actualidad/a346364.html,aporrea.org,Spanish,0.0,gdelt_gkg
AMZN,2025-11-01,Donald Trump boude le climat : pourquoi les États - Unis nenverront pas de représentant de  haut niveau  à la COP30,https://www.rtl.fr/actu/international/donald-trump-boude-le-climat-pourquoi-les-etats-unis-n-enverront-pas-de-representant-de-haut-niveau-a-la-cop30-7900561352,rtl.fr,French,0.0,gdelt_gkg
AMZN,2025-11-01,Amazon layoffs hit software engineers hardest in its home state ; here what filing with Employment Security Department says,https://timesofindia.indiatimes.com/technology/tech-news/amazon-layoffs-hit-software-engineers-hardest-in-its-home-state-heres-what-filing-with-employment-security-department-says/articleshow/125021493.cms,timesofindia.indiatimes.com,English,0.0,gdelt_gkg
AMZN,2025-11-01,People urged to check DVD collections for Top 15 titles worth up to £350,https://www.nottinghampost.com/news/cost-of-living/people-urged-check-dvd-collections-10615094,nottinghampost.com,English,0.0,gdelt_gkg
AMZN,2025-11-01,How To Use A VPN On An Amazon Fire TV Stick ( And Why You Should ) ,https://www.bgr.com/2007836/how-to-use-vpn-amazon-fire-stick-guide/,bgr.com,English,0.0,gdelt_gkg
AMZN,2025-11-01,More Great News for IBM Heading Into 2026 . Is It a Buy Now ? ,https://www.fool.com/investing/2025/11/01/more-great-news-for-lucid-heading-into-2026-is-it/?source=iedfolrf0000001,fool.com,English,0.0,gdelt_gkg
AMZN,2025-11-01,Lula participa da entrega de obras de R$ 450 milhões no aeroporto internacional de Belém - 01 / 11 / 2025,https://www.dgabc.com.br/Noticia/4266721/lula-participa-da-entrega-de-obras-de-rs-450-milhoes-no-aeroporto-internacional-de-belem,dgabc.com.br,Portuguese,0.0,gdelt_gkg
AMZN,2025-11-01,5 holiday side hustles to boost your end - of - year budget,https://finance.yahoo.com/personal-finance/banking/article/holiday-side-hustles-184419977.html,finance.yahoo.com,English,0.0,gdelt_gkg
AMZN,2025-11-01,La sangrienta emboscada de la policía de Río de Janeiro en la Sierra de la Misericordia,https://www.analisisdigital.com.ar/interes-general/2025/11/01/la-sangrienta-emboscada-de-la-policia-de-rio-de-janeiro-en-la-sierra-de-la-misericordia,analisisdigital.com.ar,Spanish,0.0,gdelt_gkg
AMZN,2025-11-01,"F - Droid blasts Google , the Play Store opens up , and repurposing a Fire Tablet : Android This Week",https://www.howtogeek.com/f-droid-blasts-google-play-store-payment-changes-and-repurposing-a-fire-tablet-android-this-week/,howtogeek.com,English,0.0,gdelt_gkg
AMZN,2025-11-01,"America cant sustain its success alone : Why H - 1B bans threaten US jobs , research and the future workforce",https://timesofindia.indiatimes.com/education/news/america-cant-sustain-its-success-alone-why-h-1b-bans-threaten-us-jobs-research-and-the-future-workforce/articleshow/125019769.cms,timesofindia.indiatimes.com,English,0.0,gdelt_gkg
AMZN,2025-11-01,No es EE . UU . ni China . El país latinoamericano que se convirtió en una potencia militar con submarinos nucleares y cazas supersónicos,https://es.gizmodo.com/no-es-ee-uu-ni-china-el-pais-latinoamericano-que-se-convirtio-en-una-potencia-militar-con-submarinos-nucleares-y-cazas-supersonicos-2000201680,es.gizmodo.com,Spanish,0.0,gdelt_gkg
AMZN,2025-11-01,Joint Chambers launch relief effort for Jamaica - Trinidad and Tobago Newsday,https://newsday.co.tt/2025/11/01/joint-chambers-launch-relief-effort-for-jamaica/,newsday.co.tt,English,0.0,gdelt_gkg
AMZN,2025-11-01,Cop 30 : meno di 60 leader confermati per il vertice sul clima in Brasile - 2 - ,https://www.borsaitaliana.it/borsa/notizie/radiocor/economia/dettaglio/cop-30-meno-di-60-leader-confermati-per-il-vertice-sul-clima-in-brasile-2-nRC_01112025_1735_398665662.html,borsaitaliana.it,Italian,0.0,gdelt_gkg
AMZN,2025-11-01,AI Tools Launch Longhorn Learning Into the Future,https://alcalde.texasexes.org/2025/10/ai-tools-launch-longhorn-learning-into-the-future,alcalde.texasexes.org,English,0.0,gdelt_gkg
AMZN,2025-11-01,JoJo Bizarre Adventure And Hazbin Hotel Crossover Thanks To Voice Actor Halloween Surprise,https://comicbook.com/anime/news/jojos-bizarre-adventure-and-hazbin-hotel-crossover-thanks-to-voice-actors-halloween-surprise/,comicbook.com,English,0.0,gdelt_gkg
AMZN,2025-11-01,TV licence expert shares how people avoid paying annual fee,https://www.manchestereveningnews.co.uk/news/uk-news/tv-licence-expert-shares-how-32795056,manchestereveningnews.co.uk,English,0.0,gdelt_gkg
AMZN,2025-11-01,Black Friday Predictions 2025 : What to Expect and When to Shop,https://www.wmur.com/article/consumer-black-friday-predictions-2025/69219068,wmur.com,English,0.0,gdelt_gkg
AMZN,2025-11-01,"Bimormat XXL RGB Mouse Mat , LED Anime Large Mouse Pad",https://www.eteknix.com/bimormat-xxl-rgb-mouse-matled-anime-large-mouse-pad/,eteknix.com,English,0.0,gdelt_gkg
AMZN,2025-11-01,These are the 3 signs your company is about to make layoffs : career experts,https://nypost.com/2025/11/01/lifestyle/these-are-the-3-signs-your-company-is-about-to-make-layoffs-career-experts/,nypost.com,English,0.0,gdelt_gkg
AMZN,2025-11-01,Should You Buy Nebius Stock Before Nov . 11 ? ,https://www.fool.com/investing/2025/11/01/should-you-buy-nebius-stock-before-nov-11/?source=iedfolrf0000001,fool.com,English,0.0,gdelt_gkg
AMZN,2025-11-01,被裁员是祸是福 - 没准是柳岸花明又一村 - 燕京夜话发表于 人在北美 - 论坛,https://bbs.wenxuecity.com/na/2030048.html,bbs.wenxuecity.com,Chinese,0.0,gdelt_gkg
AMZN,2025-11-01,"White House withheld names of some donors to Trump $300M ballroom , report says",https://www.independent.co.uk/news/world/americas/us-politics/trump-white-house-ballroom-donors-b2856688.html,independent.co.uk,English,0.0,gdelt_gkg
AMZN,2025-11-01,被裁员是祸是福 - 没准是柳岸花明又一村 - 燕京夜话发表于 人在北美 - 论坛,https://bbs.wenxuecity.com/bbs/na/2030048.html,bbs.wenxuecity.com,Chinese,0.0,gdelt_gkg
AMZN,2025-11-01,Bill Gates Is Right Climate Change Isnt the End of the World – HotAir,https://hotair.com/headlines/2025/11/01/bill-gates-is-rightclimate-change-isnt-the-end-of-the-world-n3808415,hotair.com,English,0.0,gdelt_gkg
AMZN,2025-11-01,Pierwsze zdjęcia nowego filmu Zacka Snydera . To będzie coś nowego w dorobku reżysera,https://www.gram.pl/news/pierwsze-zdjecia-nowego-filmu-zacka-snydera-to-bedzie-cos-nowego-w-dorobku-rezysera,gram.pl,Polish,0.0,gdelt_gkg
AMZN,2025-11-01,,https://primicia.com.ve/guayana/regiones/chubascos-y-descargas-electricas-para-este-sabado/,primicia.com.ve,Spanish,0.0,gdelt_gkg
AMZN,2025-11-01,Ρίο ντε Τζανέιρο / Χιλιάδες διαδήλωσαν μετά την πιο αιματηρή αστυνομική καταστολή φαβέλας στην ιστορία της Βραζιλίας [ Βίντεο - Φωτό ] ,https://tvxs.gr/news/kosmos/rio-chiliades-diadilosan-meta-tin-pio-aimatiri-astynomiki-katastoli-favelas-stin-istoria-tis-vrazilias-vinteo-foto/,tvxs.gr,Greek,0.0,gdelt_gkg
AMZN,2025-11-01,Excandidato presidencial ecuatoriano Yaku Pérez rechaza archivo de denuncia contra Noboa - Mundo,https://www.abc.com.py/internacionales/2025/11/01/excandidato-presidencial-ecuatoriano-yaku-perez-rechaza-archivo-de-denuncia-contra-noboa/,abc.com.py,Spanish,0.0,gdelt_gkg
AMZN,2025-11-01,22News online - only newscast available on Saturday,https://www.yahoo.com/news/articles/22news-online-only-newscast-available-160000911.html,yahoo.com,English,0.0,gdelt_gkg
AMZN,2025-11-01,How The Franchise Has Grown Since Fallout : New Vegas Released,https://gamerant.com/bethesda-franchise-grown-since-fallout-new-vegas-released/,gamerant.com,English,0.0,gdelt_gkg
AMZN,2025-11-01,"White House withheld names of some donors to Trump $300M ballroom , report says",https://www.yahoo.com/news/articles/white-house-withheld-names-donors-170940011.html,yahoo.com,English,0.0,gdelt_gkg
AMZN,2025-11-01,"How to Watch Real Madrid vs Valencia : Match : La Liga TV Channel , Team News & Betting Odds",https://www.telecomasia.net/blog/how-to-watch-real-madrid-vs-valencia-match-la-liga-tv-channel-team-news-betting-odds/,telecomasia.net,English,0.0,gdelt_gkg
AMZN,2025-11-01,Biz Beat : Tecovas to Target SD business highlights for early November,https://timesofsandiego.com/business/2025/11/01/biz-beat-tecovas-to-target-san-diegos-business-highlights-for-early-november/,timesofsandiego.com,English,0.0,gdelt_gkg
AMZN,2025-11-01,Climat : les Etats - Unis boudent la COP30 en Amazonie,https://www.lavenir.net/actu/monde/2025/11/01/climat-les-etats-unis-boudent-la-cop30-en-amazonie-IP4CCISP2JBVHMMJU23LC72THA/,lavenir.net,French,0.0,gdelt_gkg
AMZN,2025-11-01,Best Galaxy Tab S11 Ultra Screen Protectors,https://www.talkandroid.com/517440-tabs11-ultra-screen-protectors/,talkandroid.com,English,0.0,gdelt_gkg
AMZN,2025-11-01,COP30 : US not sending any high - level officials White House – DW – 11 / 01 / 2025,https://www.dw.com/en/cop30-us-not-sending-any-high-level-officials-white-house/a-74585721,dw.com,English,0.0,gdelt_gkg
AMZN,2025-11-01,"Credit Card Casinos 2025 : BetWhale Shines with Mastercard , ",https://www.globenewswire.com/news-release/2025/11/01/3178759/0/en/Credit-Card-Casinos-2025-BetWhale-Shines-with-Mastercard-Amex-Visa-Flexepin-Many-More.html,globenewswire.com,English,0.0,gdelt_gkg
AMZN,2025-11-01,Σταύρος Αρβανίτης Evans : Δεν ξέρω σε πόσες ακριβώς χώρες έχω ταξιδέψει,https://www.athensvoice.gr/life/taxidia/930651/stauros-arvanitis-evans-den-xero-se-poses-akrivos-hores-eho-taxidepsei/,athensvoice.gr,Greek,0.0,gdelt_gkg
AMZN,2025-11-01,"3 Index ETFs to Buy With $1 , 000 and Hold Forever",https://www.fool.com/investing/2025/11/01/3-index-etfs-to-buy-with-1000-and-hold-forever/?source=iedfolrf0000001,fool.com,English,0.0,gdelt_gkg
AMZN,2025-11-01,SKYLEO LED Desk Lamp with Clamp,https://www.eteknix.com/skyleo-led-desk-lamp-with-clamp-2/,eteknix.com,English,0.0,gdelt_gkg
AMZN,2025-11-01,DIWANGUS Hotas Table Mount,https://www.eteknix.com/diwangus-hotas-table-mount/,eteknix.com,English,0.0,gdelt_gkg
AMZN,2025-11-01,AriKroii for Nintendo Switch 2 Grip Case,https://www.eteknix.com/arikroii-for-nintendo-switch-2-grip-case-2/,eteknix.com,English,0.0,gdelt_gkg
AMZN,2025-11-01,El Telégrafo - El chontacuro tiene el mismo valor nutricional que el pollo,https://www.eltelegrafo.com.ec/noticias/nacionales/210/el-chontacuro-tiene-el-mismo-valor-nutricional-que-el-pollo,eltelegrafo.com.ec,Spanish,0.0,gdelt_gkg
AMZN,2025-11-01,Roger Moore James Bond more popular with young Brits than Connery and Craig,https://www.express.co.uk/entertainment/films/2128667/Roger-Moore-James-Bond-Sean-Connery-Daniel-Craig,express.co.uk,English,0.0,gdelt_gkg
AMZN,2025-11-01,  Hedda : Nia DaCosta on Changing Depths of Field in the Cinematography,https://www.indiewire.com/features/craft/hedda-nia-dacosta-interview-cinematography-1234800559/,indiewire.com,English,0.0,gdelt_gkg
AMZN,2025-11-01,Ludos OMNITONE USB C Headphones,https://www.eteknix.com/ludos-omnitone-usb-c-headphones/,eteknix.com,English,0.0,gdelt_gkg
AMZN,2025-11-01,Los museos del Perú abren sus puertas gratis cada primer domingo del mes,https://www.tvperu.gob.pe:443/novedades/ashi-anane/los-museos-del-peru-abren-sus-puertas-gratis-cada-primer-domingo-del-mes,tvperu.gob.pe,Spanish,0.0,gdelt_gkg
AMZN,2025-11-01,HyperX HX - HSCFX - BK / WW CloudX Flight for Xbox,https://www.eteknix.com/hyperx-hx-hscfx-bk-ww-cloudx-flight-for-xbox/,eteknix.com,English,0.0,gdelt_gkg
AMZN,2025-11-01,Manifestantes pedem a demissão do governador do Rio de Janeiro depois da operao policial,https://pt.euronews.com/2025/11/01/manifestantes-pedem-a-demissao-do-governador-do-rio-de-janeiro-depois-da-operacao-policial,pt.euronews.com,Portuguese,0.0,gdelt_gkg
AMZN,2025-11-01,"  Envenenar o solo e a água é estúpido , diz organizador de parecer sobre uso de agrotóxicos",https://www.novoeste.com/noticias/78584/envenenar-o-solo-e-a-agua-e-estupido-diz-organizador-de-parecer-sobre-uso-de-agrotoxicos,novoeste.com,Portuguese,0.0,gdelt_gkg
AMZN,2025-11-01,Tyranny of Dragons D & D Adventure Book,https://www.eteknix.com/tyranny-of-dragons-dd-adventure-book/,eteknix.com,English,0.0,gdelt_gkg
AMZN,2026-01-01,Giant updated draft pick creates sneaky opportunities worth watching,https://gmenhq.com/new-york-giants-updated-draft-pick-creates-sneaky-opportunities-worth-watching,gmenhq.com,English,0.0,gdelt_gkg
AMZN,2026-01-01,Streaming : séries que estreiam em 2026 - 01 / 01 / 2026 - Ilustrada,https://www1.folha.uol.com.br/ilustrada/2026/01/series-e-temporadas-com-estreia-programada-no-streaming-em-2026.shtml,folha.uol.com.br,Portuguese,0.0,gdelt_gkg
AMZN,2026-01-01,"People are getting checks from Amazon in the mail . Yes , theyre real , and part of a massive settlement",https://www.12newsnow.com/article/news/nation-world/amazon-mail-checks/507-ab51f489-e0ca-4cc3-990e-0efe9832dd28,12newsnow.com,English,0.0,gdelt_gkg
AMZN,2026-01-01,Monthly ? Quarterly ? A guide to how often you need to check in on your finances,https://www.wellandtribune.ca/business/monthly-quarterly-a-guide-to-how-often-you-need-to-check-in-on-your-finances/article_dc6d160d-ff43-5bc0-a325-99b33eccad0b.html,wellandtribune.ca,English,0.0,gdelt_gkg
AMZN,2026-01-01,David Olive : Here are five stocks to watch in 2026,https://www.niagarafallsreview.ca/opinion/columnists/from-a-food-company-to-a-railway-here-are-five-stocks-to-watch-in-2026/article_05ccb440-b1e5-5135-b8af-a8e62c12c4a6.html,niagarafallsreview.ca,English,0.0,gdelt_gkg
AMZN,2026-01-01,"What Zomato CEO Deepinder Goyal says on gig worker strike  If system were fundamentally unfair , it would not … ",https://www.livemint.com/news/trends/what-zomato-ceo-deepinder-goyal-says-on-gig-workers-strike-if-system-were-fundamentally-unfair-it-would-not-11767281622141.html,livemint.com,English,0.0,gdelt_gkg
AMZN,2026-01-01,HIM MSME Fest 2026 To Propel Himachal  Atmanirbhar  Industrial Push : Sukhu,https://www.outlookindia.com/national/him-msme-fest-2026-to-propel-himachals-atmanirbhar-industrial-push-sukhu,outlookindia.com,English,0.0,gdelt_gkg
AMZN,2026-01-01,Loose Women star Stacey Solomon shares simple tip to organise your kitchen,https://www.somersetlive.co.uk/whats-on/shopping/loose-women-star-stacey-solomon-10730771,somersetlive.co.uk,English,0.0,gdelt_gkg
AMZN,2026-01-01,The  porch goose  is back in vogue | Sedalia Democrat,"http://sedaliademocrat.com/stories/the-porch-goose-is-back-in-vogue,50813",sedaliademocrat.com,English,0.0,gdelt_gkg
AMZN,2026-01-01,Big Union Contract Fights Are Coming in 2026 . Here a Preview of What Ahead . ,https://truthout.org/articles/big-union-contract-fights-are-coming-in-2026-heres-a-preview-of-whats-ahead/,truthout.org,English,0.0,gdelt_gkg
AMZN,2026-01-01,"6 new movies and shows to watch this weekend on Netflix , Prime , Disney Plus , and more ( January 2 - 4 ) ",https://www.gamesradar.com/entertainment/streaming-services/6-new-movies-and-shows-to-watch-this-weekend-on-netflix-prime-disney-plus-and-more-january-2-4/,gamesradar.com,English,0.0,gdelt_gkg
AMZN,2026-01-01,David Olive : Here are five stocks to watch in 2026,https://www.wellandtribune.ca/opinion/columnists/from-a-food-company-to-a-railway-here-are-five-stocks-to-watch-in-2026/article_196526ca-a7b7-513a-9bb1-559fd72b025c.html,wellandtribune.ca,English,0.0,gdelt_gkg
AMZN,2026-01-01,Ouça o quarto episódio da retrospectiva 2025 na voz da Nacional da Amazônia,https://radios.ebc.com.br/especiais/2025/12/ouca-o-quarto-episodio-da-retrospectiva-2025-na-voz-da-nacional-da-amazonia,radios.ebc.com.br,Portuguese,0.0,gdelt_gkg
AMZN,2026-01-01,FinancialContent - Beyond the Dotted Line : How DocuSign Reinvented Itself for the AI Era,https://markets.financialcontent.com/stocks/article/marketminute-2026-1-1-beyond-the-dotted-line-how-docusign-reinvented-itself-for-the-ai-era,markets.financialcontent.com,English,0.0,gdelt_gkg
AMZN,2026-01-01,USPS clarifies postmark rules that could affect ballot and tax deadlines,https://www.fox17online.com/us-news/usps-clarifies-postmark-rules-that-could-affect-ballot-and-tax-deadlines,fox17online.com,English,0.0,gdelt_gkg
AMZN,2026-01-01,"Dragons , sex and the Bible : What drove the book business in 2025",https://www.businesstimes.com.sg/lifestyle/dragons-sex-and-bible-what-drove-book-business-2025,businesstimes.com.sg,English,0.0,gdelt_gkg
AMZN,2026-01-01,Video : EN VIVO TVPerú Norte : el noticiero de la macrorregión norte hoy 31 de diciembre del 2025 por TVPerú Noticias,https://www.deperu.com/tv/dVB9Qx3k7rE.en-vivo-tvperu-norte-el-noticiero-de-la-macrorregion-norte-hoy-31-de-diciembre-del-2025.UCkZCoc42IipR1ucqJmIehsA.html,deperu.com,Spanish,0.0,gdelt_gkg
AMZN,2026-01-01,Inside Patrick Schwarzenegger streak of disappointment after  The White Lotus  ,https://www.thenews.com.pk/latest/1386919-patrick-schwarzeneggers-struggle-after-the-white-lotus,thenews.com.pk,English,0.0,gdelt_gkg
AMZN,2026-01-01,"Hoje é Dia : datas , fatos e feriados de janeiro de 2026",http://www.guiamuriae.com.br/noticias/brasil/hoje-e-dia-datas-fatos-e-feriados-de-janeiro-de-2026/,guiamuriae.com.br,Portuguese,0.0,gdelt_gkg
AMZN,2026-01-01,Anadolu Ajansı,https://www.aa.com.tr/en/info/infographic/49506,aa.com.tr,English,0.0,gdelt_gkg
AMZN,2026-01-01,Milyonlarca yıldır görülmeyen değişim : Dünyanın akciğerleri kuruyor,https://www.sozcu.com.tr/milyonlarca-yildir-gorulmeyen-degisim-dunya-nin-akcigerleri-kuruyor-p280387,sozcu.com.tr,Turkish,0.0,gdelt_gkg
AMZN,2026-01-01,New Year Eve countdowns and fireworks around the world,https://www.yahoo.com/entertainment/tv/articles/watch-live-years-eve-countdowns-035830664.html,yahoo.com,English,0.0,gdelt_gkg
AMZN,2026-01-01,عام 2026 يشهد موجات تسريح كبيرة للموظفين بسبب الذكاء الاصطناعي,https://www.aljazeera.net/tech/2026/1/1/%D8%B9%D8%A7%D9%85-2026-%D9%8A%D8%B4%D9%87%D8%AF-%D9%85%D9%88%D8%AC%D8%A7%D8%AA-%D8%AA%D8%B3%D8%B1%D9%8A%D8%AD-%D8%B9%D9%86%D9%8A%D9%81%D8%A9-%D8%A8%D8%B3%D8%A8%D8%A8,aljazeera.net,Arabic,0.0,gdelt_gkg
AMZN,2026-01-01,How often you need to check in on your finances,https://www.bnnbloomberg.ca/investing/personal-finance/2026/01/01/monthly-quarterly-a-guide-to-how-often-you-need-to-check-in-on-your-finances/,bnnbloomberg.ca,English,0.0,gdelt_gkg
AMZN,2026-01-01,The Small Soldiers 4K Is Now Available To Preorder,https://www.ign.com/articles/where-to-buy-small-soldiers-4k,ign.com,English,0.0,gdelt_gkg
AMZN,2026-01-01,我家的2025年理财总结 ( 多图 ) | www . wenxuecity . com,https://www.wenxuecity.com/blog/202601/80634/56.html,wenxuecity.com,Chinese,0.0,gdelt_gkg
AMZN,2026-01-01,One of the Greatest Sci - Fi Cult Classics of the Last Four Decades Gets Strangled by  Anaconda  at the Box Office,https://collider.com/rocketeer-greatest-sci-fi-cult-classic-in-decades-strangled-by-anaconda-at-box-office-50-million/,collider.com,English,0.0,gdelt_gkg
AMZN,2026-01-01,Daily Deals : 4K and Blu - ray Steelbook New Year Sale with Major Peloton Fitness Discounts,https://www.ign.com/articles/deals-for-today-january-1,ign.com,English,0.0,gdelt_gkg
AMZN,2026-01-01,2026 Is Quietly Emerging as Tech Next IPO Year,https://oilprice.com/Energy/Energy-General/2026-Is-Quietly-Emerging-as-Techs-Next-IPO-Year.html,oilprice.com,English,0.0,gdelt_gkg
AMZN,2026-01-01,Guerra pela posse da terra marcou a origem de municípios,https://www.diariodecuiaba.com.br/cidades/guerra-pela-posse-da-terra-marcou-a-origem-de-municipios/726011,diariodecuiaba.com.br,Portuguese,0.0,gdelt_gkg
AMZN,2026-01-01,FinancialContent - Quantum Chill : IonQ and Peers Face New Year Slump Ahead of High - Stakes CES 2026,https://markets.financialcontent.com/stocks/article/marketminute-2026-1-1-quantum-chill-ionq-and-peers-face-new-year-slump-ahead-of-high-stakes-ces-2026,markets.financialcontent.com,English,0.0,gdelt_gkg
AMZN,2026-01-01,2 No - Brainer AI Stocks to Buy Hand Over Fist for 2026,https://www.fool.com/investing/2026/01/01/2-no-brainer-ai-stocks-to-buy-hand-over-fist-2026/?source=iedfolrf0000001,fool.com,English,0.0,gdelt_gkg
AMZN,2026-01-01,7 Reasons to Buy WMT Stock Like There No Tomorrow,https://www.fool.com/investing/2026/01/01/7-reasons-to-buy-wmt-stock-like-theres-no-tomorrow/?source=iedfolrf0000001,fool.com,English,0.0,gdelt_gkg
AMZN,2026-01-01,"Quase 90 pessoas detidas durante os protestos contra a reeleio de Maduro em 2024 são libertadas na Venezuela , segundo ONGs",https://oglobo.globo.com/mundo/noticia/2026/01/01/quase-90-pessoas-detidas-durante-os-protestos-contra-a-reeleicao-de-maduro-em-2024-sao-libertadas-na-venezuela-segundo-ongs.ghtml,oglobo.globo.com,Portuguese,0.0,gdelt_gkg
AMZN,2026-01-01,The Amazfit Active Max is Here to Level Up Your Life,https://androidguys.com/news/amazfit-active-max-smartwatch-bigger-display-longer-battery/,androidguys.com,English,0.0,gdelt_gkg
AMZN,2026-01-01,"No , definitivamente , la Amazonia no nos da el oxígeno que respiramos . Pero su verdadero papel en el planeta es aún más importante",https://es.gizmodo.com/no-definitivamente-la-amazonia-no-nos-da-el-oxigeno-que-respiramos-pero-su-verdadero-papel-en-planeta-es-aun-mas-importante-2000203284,es.gizmodo.com,Spanish,0.0,gdelt_gkg
AMZN,2026-01-01,OpenAI智能硬件新品 ， 又有新消息,https://www.163.com/dy/article/KI7S88RC05198CJN.html,163.com,Chinese,0.0,gdelt_gkg
AMZN,2026-01-01,Rights group sends legal notice to Amazon ; say : You cannot do business with this author as she is banned in America,https://timesofindia.indiatimes.com/technology/tech-news/rights-group-sends-legal-notice-to-amazon-say-you-cannot-do-business-with-this-author-as-she-is-banned-in-america/articleshow/126293764.cms,timesofindia.indiatimes.com,English,0.0,gdelt_gkg
AMZN,2026-01-01,Israel -- Where I Stand,https://www.zerohedge.com/news/2025-12-31/israel-where-i-stand,zerohedge.com,English,0.0,gdelt_gkg
AMZN,2026-01-01,Peabirus : Ciência está fortalecendo a produo de café na agricultura familiar de MT,http://www.redepeabirus.com.br/redes/form/post?topico_id=122033,redepeabirus.com.br,Portuguese,0.0,gdelt_gkg
AMZN,2026-01-01,50 Most Anticipated Movies of 2026,https://freerepublic.com/focus/f-chat/4359903/posts,freerepublic.com,English,0.0,gdelt_gkg
AMZN,2026-01-01,"People are getting checks from Amazon in the mail . Yes , theyre real , and part of a massive settlement",https://www.khou.com/article/news/nation-world/amazon-mail-checks/507-ab51f489-e0ca-4cc3-990e-0efe9832dd28,khou.com,English,0.0,gdelt_gkg
AMZN,2026-01-01,"People are getting checks from Amazon in the mail . Yes , theyre real , and part of a massive settlement",https://www.thv11.com/article/news/nation-world/amazon-mail-checks/507-ab51f489-e0ca-4cc3-990e-0efe9832dd28,thv11.com,English,0.0,gdelt_gkg
AMZN,2026-01-01,Space Coast launch schedule,https://www.sun-sentinel.com/2026/01/01/space-coast-launch-schedule-2/,sun-sentinel.com,English,0.0,gdelt_gkg
AMZN,2026-01-01,2 No - Brainer AI Stocks to Buy Hand Over Fist for 2026,https://www.fool.com/investing/2026/01/01/2-no-brainer-ai-stocks-to-buy-hand-over-fist-2026/,fool.com,English,0.0,gdelt_gkg
AMZN,2026-01-01,Ask Alexa to  Open Erewash Sound  - Erewash Sound,https://www.erewashsound.com/featured/ask-alexa-to-open-erewash-sound/,erewashsound.com,English,0.0,gdelt_gkg
AMZN,2026-01-01,Loose Women star Stacey Solomon shares simple tip to organise your kitchen,https://www.bristolpost.co.uk/whats-on/shopping/loose-women-star-stacey-solomon-10730771,bristolpost.co.uk,English,0.0,gdelt_gkg
AMZN,2026-01-01,Forever 21 & Sirens & Urban Planet Canada : up to 80 % off + Free Shipping on All Orders,https://smartcanucks.ca/forever-21-sirens-urban-planet-canada-up-to-80-off-free-shipping-on-all-orders/,smartcanucks.ca,English,0.0,gdelt_gkg
AMZN,2026-01-01,Netflix New Releases : January 2026,https://www.hollywoodreporter.com/tv/tv-news/netflix-january-2026-new-releases-movies-tv-1236462491/,hollywoodreporter.com,English,0.0,gdelt_gkg
AMZN,2026-01-01,Deadline,https://deadline.com/print-article/1236659167/,deadline.com,English,0.0,gdelt_gkg
AMZN,2026-01-01,Anna Bella Canada Boxing Week Sale : Save up to 70 % Off + Save The Tax With Promo Code,https://smartcanucks.ca/anna-bella-canada-boxing-week-sale-save-up-to-70-off-save-the-tax-with-promo-code/,smartcanucks.ca,English,0.0,gdelt_gkg
AMZN,2026-01-01,Elon Musk says he  broke the IRS computer  paying billions,https://americanbazaaronline.com/2026/01/01/elon-musk-says-he-broke-the-irs-computer-paying-billions-472456/,americanbazaaronline.com,English,0.0,gdelt_gkg
AMZN,2026-01-01,Greenpeace alerta para risco de alta do desmatamento na Amazônia com lei que atinge Moratória da Soja,https://oglobo.globo.com/blogs/miriam-leitao/post/2026/01/greenpeace-alerta-para-risco-de-alta-do-desmatamento-na-amazonia-com-lei-que-atinge-moratoria-da-soja.ghtml,oglobo.globo.com,Portuguese,0.0,gdelt_gkg
AMZN,2026-01-01,"People are getting checks from Amazon in the mail . Yes , theyre real , and part of a massive settlement",https://www.king5.com/article/news/nation-world/amazon-mail-checks/507-ab51f489-e0ca-4cc3-990e-0efe9832dd28,king5.com,English,0.0,gdelt_gkg
AMZN,2026-01-01,"Pentagon to pay Boeing $8 . 6B to make fighters for Israel , raising concerns",https://www.dailypress.com/2026/01/01/pentagon-fighters-israel/,dailypress.com,English,0.0,gdelt_gkg
AMZN,2026-01-01,ایلون مسک کی دولت 3 ۔ 726 ارب ڈالر تک پہنچ گئی,https://dailyaaj.com.pk/news/143721,dailyaaj.com.pk,Urdu,0.0,gdelt_gkg
AMZN,2026-01-01,Defesa Civil de SP alerta para chuva intensa nos primeiros dias do ano,https://www.cartacapital.com.br/sociedade/defesa-civil-de-sp-alerta-para-chuva-intensa-nos-primeiros-dias-do-ano/,cartacapital.com.br,Portuguese,0.0,gdelt_gkg
AMZN,2026-01-01,Sony Faces Unpatchable PS5 Jailbreak Threat After ROM Keys Leak,https://hothardware.com/news/sony-faces-unpatchable-ps5-jailbreak-threat-after-rom-keys-leak,hothardware.com,English,0.0,gdelt_gkg
AMZN,2026-01-01,Meghan Cameo Backlash Threatens MGM Film ; AMZN Stock Impacted Today,https://www.el-balad.com/6809000,el-balad.com,English,0.0,gdelt_gkg
AMZN,2026-01-01,"Gael , Jassiel y Enzo : Las primeras vidas que dan la bienvenida al 2026 - ",https://www.peruinforma.com/gael-jassiel-y-enzo-las-primeras-vidas-que-dan-la-bienvenida-al-2026/,peruinforma.com,Spanish,0.0,gdelt_gkg
AMZN,2026-01-01,"Pentagon to pay Boeing $8 . 6B to make fighters for Israel , raising concerns",https://www.pilotonline.com/2026/01/01/pentagon-fighters-israel/,pilotonline.com,English,0.0,gdelt_gkg
AMZN,2026-01-01,Arista Networks Deserves a Closer Look,https://finance.yahoo.com/news/arista-networks-deserves-closer-look-143812535.html,finance.yahoo.com,English,0.0,gdelt_gkg
AMZN,2026-01-01,Lodi second act of 2025 | News,https://www.lodinews.com/news/article_50aa2eba-b53d-47ee-937e-a128cfc378c7.html,lodinews.com,English,0.0,gdelt_gkg
AMZN,2026-01-01,Bake Off reveals major new first for 2026 - and you can get involved,https://www.womanandhome.com/life/news-entertainment/bake-off-major-first-2026/,womanandhome.com,English,0.0,gdelt_gkg
AMZN,2026-01-01,We gave this excellent drawing tablet a rare 5 - star review – it has 25 % off for Black Friday,https://www.creativebloq.com/tech/phones-tablets/with-almost-usd100-off-this-drawing-tablet-is-ideal-for-getting-started-in-digital-art-or-design-in-2026,creativebloq.com,English,0.0,gdelt_gkg
AMZN,2026-01-01,The moon and sun figure big in the new year lineup of cosmic wonders,"http://www.theitem.com/stories/the-moon-and-sun-figure-big-in-the-new-years-lineup-of-cosmic-wonders,437976",theitem.com,English,0.0,gdelt_gkg
AMZN,2026-01-01,From Terror to AI : How First 25 Years of 21st Century changed everything,https://pakobserver.net/from-terror-to-ai-how-first-25-years-of-21st-century-changed-everything/,pakobserver.net,English,0.0,gdelt_gkg
AMZN,2026-01-01,Amazon is selling a $40 6 - pack of moving bags for only $20,https://shopping.yahoo.com/home-garden/home-improvement/articles/amazon-selling-40-6-pack-154500491.html,shopping.yahoo.com,English,0.0,gdelt_gkg
AMZN,2026-01-01,Pedestrian severely injured after being hit in possible 2 - vehicle crash in east Phoenix,https://www.12news.com/article/news/local/valley/pedestrian-severely-injured-possible-2-vehicle-crash-east-phoenix/75-660b4b4e-86b0-49d5-9b17-b09ecabfacae,12news.com,English,0.0,gdelt_gkg
AMZN,2026-01-01,消息称 OpenAI 大力研发音频 AI 模型 ， 加紧备战首款  无屏幕  硬件设备|AI,https://finance.sina.com.cn/tech/digi/2026-01-01/doc-inhevnze2764466.shtml,finance.sina.com.cn,Chinese,0.0,gdelt_gkg
AMZN,2026-01-01,What Valley firefighters deal with on New Year Eve night into the morning of New Year Day,https://www.12news.com/article/news/local/valley/what-valley-firefighters-deal-with-new-years-eve-into-new-years-day-peoria-arizona/75-5779aa2b-10d3-4e16-b2e4-ea2d453341b6,12news.com,English,0.0,gdelt_gkg
AMZN,2026-01-01,A $500 Investment in Amazon IPO Would Be Worth This Today,https://biztoc.com/x/af807b13938ef621,biztoc.com,English,0.0,gdelt_gkg
AMZN,2026-01-01,Investigating Amazon . com Standing In Broadline Retail Industry Compared To Competitors,https://biztoc.com/x/59a58df9b315ddcc,biztoc.com,English,0.0,gdelt_gkg
AMZN,2026-01-01, « Journée de lâ€™indépendance numériqueâ€ ‰» : ces hackers européens veulent sâ€™attaquer aux géants de la tech chaque mois en 2026,https://www.numerama.com/cyberguerre/2151107-journee-de-lindependance-numerique-ces-hackers-europeens-veulent-sattaquer-aux-geants-de-la-tech-chaque-mois-en-2026.html,numerama.com,French,0.0,gdelt_gkg
AMZN,2026-01-01,Monthly ? Quarterly ? A guide to how often you need to check in on your finances,https://www.stcatharinesstandard.ca/business/monthly-quarterly-a-guide-to-how-often-you-need-to-check-in-on-your-finances/article_2e7c8f57-2ccc-564b-a788-2fa3007ac4d5.html,stcatharinesstandard.ca,English,0.0,gdelt_gkg
AMZN,2026-01-01,Seattle public - private partnership  AI House  grows to 21 startups in first year | Washington,https://www.thecentersquare.com/washington/article_69345b4c-65c0-44ad-b7ac-cbb06a7032bf.html,thecentersquare.com,English,0.0,gdelt_gkg
AMZN,2026-01-01,Woman on electric scooter severely injured after Phoenix crash,https://www.12news.com/article/news/local/valley/pedestrian-injured-phoenix-crash-arizona/75-e0de19d3-e670-49cc-b650-1845150fbbd5,12news.com,English,0.0,gdelt_gkg
AMZN,2026-01-01,Mysteriöser Pkw - Brand bei Jarmen : Polizei ermittelt,https://www.nordkurier.de/regional/anklam/mysterioeser-brand-wer-hat-dieses-auto-zum-wrack-gefahren-4234315,nordkurier.de,German,0.0,gdelt_gkg
AMZN,2026-01-01,7 settings to change first on your Ray Ban Meta glasses,https://www.tomsguide.com/computing/smart-glasses/7-settings-to-change-first-on-your-ray-ban-meta-glasses,tomsguide.com,English,0.0,gdelt_gkg
AMZN,2026-01-01,"Best January sales 2026 : my top deals on apparel , fitness , TVs and more",https://www.tomsguide.com/sales-events/best-january-sales-2026-my-top-deals-on-apparel-fitness-tvs-and-more,tomsguide.com,English,0.0,gdelt_gkg
AMZN,2026-01-01,"Logitech Best Wireless Gaming Mouse , The PRO X SUPERLIGHT 2c , Is Now Lighter , Compact , Features The Legendary HERO 2 Sensor And Can Be Yours For $149 . 99 On Amazon",https://wccftech.com/logitech-pro-x-superlight-2c-lighter-compact-more-accessories-all-for-149-99-on-amazon/,wccftech.com,English,0.0,gdelt_gkg
AMZN,2026-01-01,2025 new business review in the Illinois Valley : Amazon facility opens in Ottawa,https://www.shawlocal.com/illinois-valley/2026/01/01/2025-new-business-review-in-the-illinois-valley-amazon-facility-opens-in-ottawa/,shawlocal.com,English,0.0,gdelt_gkg
AMZN,2026-01-01,A $500 Investment in Amazon IPO Would Be Worth This Today,https://finance.yahoo.com/news/500-investment-amazon-ipo-worth-151305876.html,finance.yahoo.com,English,0.0,gdelt_gkg
AMZN,2026-01-01,Better Energy Stock to Own in 2026 : Bloom Energy or Oklo ? ,https://finance.yahoo.com/news/better-energy-stock-own-2026-150500569.html,finance.yahoo.com,English,0.0,gdelt_gkg
AMZN,2026-01-01,"  Dodgy  Fire Stick raids in East Midlands as users risk £50 , 000 fines and jail",https://www.leicestermercury.co.uk/news/uk-world-news/dodgy-fire-stick-raids-east-10732685,leicestermercury.co.uk,English,0.0,gdelt_gkg
AMZN,2026-01-01,Monthly ? Quarterly ? A guide to how often you need to check in on your finances – Winnipeg Free Press,https://www.winnipegfreepress.com/business/2026/01/01/monthly-quarterly-a-guide-to-how-often-you-need-to-check-in-on-your-finances,winnipegfreepress.com,English,0.0,gdelt_gkg
AMZN,2026-01-01,12 Best Amazon Deals on Kitchen Tools Under $15,https://www.foodandwine.com/amazon-deals-kitchen-tools-under-15-january-2026-11870199,foodandwine.com,English,0.0,gdelt_gkg
AMZN,2026-01-01,56 Best Kitchen Deals at Amazon New Year Sale,https://www.foodandwine.com/new-year-sale-amazon-2026-11870267,foodandwine.com,English,0.0,gdelt_gkg
AMZN,2026-01-01,From injections to subscriptions : how GLP - 1s are being rebranded,http://www.bostonstar.com/news/278783506/from-injections-to-subscriptions-how-glp-1s-are-being-rebranded,bostonstar.com,English,0.0,gdelt_gkg
AMZN,2026-01-01,FinancialContent - Wayfair Q3 2025 Resurgence : Revenue Growth and Record Margins Signal a New Era for Home E - commerce,https://markets.financialcontent.com/stocks/article/marketminute-2026-1-1-wayfairs-q3-2025-resurgence-revenue-growth-and-record-margins-signal-a-new-era-for-home-e-commerce,markets.financialcontent.com,English,0.0,gdelt_gkg
AMZN,2026-01-01,List of Companies Laying Off Employees in January,https://www.newsweek.com/list-companies-layoffs-employees-january-11293493,newsweek.com,English,0.0,gdelt_gkg
AMZN,2026-01-01,Defesa Civil de SP alerta para chuva intensa nos primeiros dias do ano,https://agenciabrasil.ebc.com.br/meio-ambiente/noticia/2026-01/defesa-civil-de-sp-alerta-para-chuva-intensa-nos-primeiros-dias-do-ano,agenciabrasil.ebc.com.br,Portuguese,0.0,gdelt_gkg
AMZN,2026-01-01,How To Supercharge Your Smart Home In 2026,https://www.forbes.com/sites/paullamkin/2026/01/01/how-to-supercharge-your-smart-home-in-2026/,forbes.com,English,0.0,gdelt_gkg
AMZN,2026-01-01,Η μόνη χώρα στον κόσμο που παράγει όλα τα τρόφιμα που χρειάζεται,https://www.lifo.gr/now/world/i-moni-hora-ston-kosmo-poy-paragei-ola-ta-trofima-poy-hreiazetai,lifo.gr,Greek,0.0,gdelt_gkg
AMZN,2026-01-01,Wall Street is starting 2026 with echoes of 2000 dot - com woes,https://www.morningstar.com/news/marketwatch/20260101171/wall-street-is-starting-2026-with-echoes-of-2000s-dot-com-woes,morningstar.com,English,0.0,gdelt_gkg
AMZN,2026-01-01,2 No - Brainer AI Stocks to Buy Hand Over Fist for 2026,https://finance.yahoo.com/news/2-no-brainer-ai-stocks-173500403.html,finance.yahoo.com,English,0.0,gdelt_gkg
AMZN,2026-01-01,7 New Year Resolutions If You Want To Spend Less and Save More in 2026,https://www.yahoo.com/lifestyle/articles/7-resolutions-want-spend-less-172105553.html,yahoo.com,English,0.0,gdelt_gkg
AMZN,2026-01-01,Trailer released for King Charles documentary on harmony with nature,https://www.kmfm.co.uk/news/entertainment/trailer-released-for-king-charles-documentary-on-harmony-with-nature/,kmfm.co.uk,English,0.0,gdelt_gkg
AMZN,2026-01-01,How Do Loyalty Programs Increase Sales ? ,https://smallbiztrends.com/do-loyalty-programs-increase-sales/,smallbiztrends.com,English,0.0,gdelt_gkg
AMZN,2026-01-01,Tom Cruise To Keanu Reeves : Films That Could Debut At Festivals 2026,https://deadline.com/2026/01/film-festivals-movies-cannes-venice-2026-list-deadline-1236659167/,deadline.com,English,0.0,gdelt_gkg
AMZN,2026-01-01,"  Dodgy  Fire Stick raids in East Midlands as users risk £50 , 000 fines and jail",https://www.derbytelegraph.co.uk/news/uk-world-news/dodgy-fire-stick-raids-east-10732685,derbytelegraph.co.uk,English,0.0,gdelt_gkg
AMZN,2026-01-01,Decretan estado de excepción en nueve provincias de Ecuador ante  grave conmoción interna  ,https://www.ntn24.com/noticias-actualidad/decretan-estado-de-excepcion-en-nueve-provincias-de-ecuador-ante-grave-conmocion-interna-598313,ntn24.com,Spanish,0.0,gdelt_gkg
AMZN,2026-01-01,"5 nowych muzeów w Polsce , które warto zobaczyć w 2026 roku",https://historia.org.pl/2026/01/01/5-nowych-muzeow-w-polsce-ktore-warto-zobaczyc-w-2026-roku/,historia.org.pl,Polish,0.0,gdelt_gkg
AMZN,2026-01-01,  Dodgy  Amazon Fire Stick raids in 17 areas as users face £50k fine,https://www.birminghammail.co.uk/news/midlands-news/dodgy-amazon-fire-stick-raids-33151961,birminghammail.co.uk,English,0.0,gdelt_gkg
AMZN,2026-01-01,João Guilherme surge com Luiza Perote no Réveillon e aumenta rumores de romance,https://revistamarieclaire.globo.com/celebridades/noticia/2026/01/joao-guilherme-surge-com-luiza-perote-no-reveillon-e-aumenta-rumores-de-romance.ghtml,revistamarieclaire.globo.com,Portuguese,0.0,gdelt_gkg
AMZN,2026-01-01,Largometrajes venezolanos participaron en Festival de Cine de la India - Correo del Orinoco | La Artillería del Pensamiento,http://www.correodelorinoco.gob.ve/largometrajes-venezolanos-participaron-festival-de-cine-de-la-india/,correodelorinoco.gob.ve,Spanish,0.0,gdelt_gkg
AMZN,2026-01-01,"Progressive Charlestown : Without big changes , this is what the environment will look like in 2050",https://www.progressive-charlestown.com/2026/01/without-big-changes-this-is-what.html,progressive-charlestown.com,English,0.0,gdelt_gkg
AMZN,2026-01-01,Taylor Swift Fave Bag Is a Quilted Crossbody Get the $21 Lookalike,https://www.maravipost.com/taylor-swifts-fave-bag-is-a-quilted-crossbody-get-the-21-lookalike/,maravipost.com,English,0.0,gdelt_gkg
AMZN,2026-01-01,FinancialContent - Sorrell AI Pivot Ignites S4 Capital : SFOR Shares Surge 7 . 4 % as Market Bets on Digital Recovery,https://markets.financialcontent.com/stocks/article/marketminute-2026-1-1-sorrells-ai-pivot-ignites-s4-capital-sfor-shares-surge-74-as-market-bets-on-digital-recovery,markets.financialcontent.com,English,0.0,gdelt_gkg
AMZN,2026-01-01,Astronomers Map Martian Rivers to Hunt for Alien Life,https://www.syfy.com/syfy-wire/astronomers-map-martian-rivers-to-hunt-for-alien-life,syfy.com,English,0.0,gdelt_gkg
AMZN,2026-01-01,Berkshire Is Selling Apple Stock and Buying This Other Magnificent Artificial Intelligence ( AI ) Stock Instead,https://www.fool.com/investing/2026/01/01/berkshire-is-selling-apple-stock-and-buying-this/?source=iedfolrf0000001,fool.com,English,0.0,gdelt_gkg
AMZN,2026-01-01,Presidente do Equador declara estado de exceo em nove províncias do país,https://www.correiobraziliense.com.br/mundo/2026/01/7324242-presidente-de-equador-declara-estado-de-excecao-em-nove-provincias-do-pais.html,correiobraziliense.com.br,Portuguese,0.0,gdelt_gkg
AMZN,2026-01-01,FinancialContent - The Trillion - Dollar Foundation : Inside the Massive AI Data Center Build - Out Reshaping the Global Economy,https://markets.financialcontent.com/stocks/article/marketminute-2026-1-1-the-trillion-dollar-foundation-inside-the-massive-ai-data-center-build-out-reshaping-the-global-economy,markets.financialcontent.com,English,0.0,gdelt_gkg
AMZN,2026-01-01,"  Paint Or Get Off The Ladder , Dave Ramsey Advises Caller As 8 - Year Relationship And $60 , 000 Debt Bring  Nightmares  ",https://www.benzinga.com/personal-finance/management/26/01/49660065/paint-or-get-off-the-ladder-dave-ramsey-advises-caller-as-8-year-relationship-and-60000-debt-bring-nightmares,benzinga.com,English,0.0,gdelt_gkg
AMZN,2026-01-01,Space Coast launch schedule,https://www.orlandosentinel.com/2026/01/01/space-coast-launch-schedule/,orlandosentinel.com,English,0.0,gdelt_gkg
AMZN,2026-01-01,Debenhams reduces  stunning  mirror that easy to hang on the wall by 60 % to £26,https://www.manchestereveningnews.co.uk/news/money-saving/debenhams-reduces-stunning-mirror-thats-30830292,manchestereveningnews.co.uk,English,0.0,gdelt_gkg
AMZN,2026-01-01,Better Energy Stock to Own in 2026 : Bloom Energy or Oklo ? ,https://www.fool.com/investing/2026/01/01/better-energy-stock-to-own-in-2026-bloom-energy/?source=iedfolrf0000001,fool.com,English,0.0,gdelt_gkg
AMZN,2026-01-01,Samsung Galaxy fitness watch reduced by 75 % in huge January sale,https://www.liverpoolecho.co.uk/whats-on/shopping/samsung-galaxy-fitness-watch-reduced-33151438,liverpoolecho.co.uk,English,0.0,gdelt_gkg
AMZN,2026-01-01,9th Square Indoor Plant Shop Closes - New Haven Independent,https://www.newhavenindependent.org/2026/01/01/9th-square-indoor-plant-shop-closes/,newhavenindependent.org,English,0.0,gdelt_gkg
AMZN,2026-01-01,数读巴菲特 ： 60年任期交棒 49封股东信说了什么,https://www.wenxuecity.com/news/2026/01/01/126469654.html,wenxuecity.com,Chinese,0.0,gdelt_gkg
AMZN,2026-01-01,Carrier Works for  Lasting Change for Our Communities  ,https://www.achrnews.com/articles/165661-carrier-works-for-lasting-change-for-our-communities,achrnews.com,English,0.0,gdelt_gkg
AMZN,2026-01-01,"Ecuador cierra 2025 como su año más violento , golpeado por el avance del crimen organizado",https://diariosanrafael.com.ar/ecuador-cierra-2025-como-su-ano-mas-violento-golpeado-por-el-avance-del-crimen-organizado/,diariosanrafael.com.ar,Spanish,0.0,gdelt_gkg
AMZN,2026-01-01,Los 10 eventos que marcaron la agenda política de América Latina en 2025,https://laopinion.com/2026/01/01/los-10-eventos-que-marcaron-la-agenda-politica-de-america-latina-en-2025/,laopinion.com,Spanish,0.0,gdelt_gkg
AMZN,2026-01-01,"Top Local Stories of 2025 : Demolition , Development and Defining Moments",https://www.hometownstations.com/news/top-local-stories-of-2025-demolition-development-and-defining-moments/article_7fe50765-24b8-4ea2-91df-9ad4b894eb23.html,hometownstations.com,English,0.0,gdelt_gkg
AMZN,2026-01-01,FinancialContent - The Optical Supercycle : Lumentum Faces Moment of Truth as AI Hype Meets Earnings Reality,https://markets.financialcontent.com/stocks/article/marketminute-2026-1-1-the-optical-supercycle-lumentum-faces-moment-of-truth-as-ai-hype-meets-earnings-reality,markets.financialcontent.com,English,0.0,gdelt_gkg
AMZN,2026-01-01,独インフィニオンCEO 「 パワー半導体は規模の勝負へ 」 乱立する日本勢けん制,https://business.nikkei.com/atcl/gen/19/00830/122400001/,business.nikkei.com,Japanese,0.0,gdelt_gkg
AMZN,2026-01-01,  These prices are ridiculous : Shopper spots a $115 sign at Staples . Then he finds it on Amazon for $26,https://www.dailydot.com/news/customer-compares-staples-prices-to-amazon-tiktok/,dailydot.com,English,0.0,gdelt_gkg
AMZN,2026-01-01,From injections to subscriptions : how GLP - 1s are being rebranded,http://www.birminghamstar.com/news/278783506/from-injections-to-subscriptions-how-glp-1s-are-being-rebranded,birminghamstar.com,English,0.0,gdelt_gkg
AMZN,2026-01-01,FinancialContent - The Rewiring of Silicon Valley : Why AI Investors are Trading GPUs for Interconnects,https://markets.financialcontent.com/stocks/article/marketminute-2026-1-1-the-rewiring-of-silicon-valley-why-ai-investors-are-trading-gpus-for-interconnects,markets.financialcontent.com,English,0.0,gdelt_gkg
AMZN,2026-01-01,From injections to subscriptions : how GLP - 1s are being rebranded,http://www.nigeriasun.com/news/278783506/from-injections-to-subscriptions-how-glp-1s-are-being-rebranded,nigeriasun.com,English,0.0,gdelt_gkg
AMZN,2026-01-01,Internacional anuncia o retorno de Sorriso,https://campodelas.ig.com.br/2026/times/internacional/internacional-anuncia-o-retorno-de-sorriso/,campodelas.ig.com.br,Portuguese,0.0,gdelt_gkg
AMZN,2026-01-01,"Khloe Kat Project gains worldwide attention , support",https://www.kfyrtv.com/2026/01/01/khloes-kat-project-gains-worldwide-attention-support/,kfyrtv.com,English,0.0,gdelt_gkg
AMZN,2026-01-01,From injections to subscriptions : how GLP - 1s are being rebranded,http://www.israelherald.com/news/278783506/from-injections-to-subscriptions-how-glp-1s-are-being-rebranded,israelherald.com,English,0.0,gdelt_gkg
AMZN,2026-01-01,Funky Taurus Media - Music Photo Agency & Products,https://www.funkytaurusmedia.com/shop_content.php?coID=2&XTCsid=mm9v2lr45qieso53vi96a4c807,funkytaurusmedia.com,English,0.0,gdelt_gkg
AMZN,2026-01-01,From injections to subscriptions : how GLP - 1s are being rebranded,http://www.nashvilleherald.com/news/278783506/from-injections-to-subscriptions-how-glp-1s-are-being-rebranded,nashvilleherald.com,English,0.0,gdelt_gkg
AMZN,2026-01-01,拉美观察丨2025中拉经贸合作迈上新台阶,https://baijiahao.baidu.com/s?id=1853014593260141016,baijiahao.baidu.com,Chinese,0.0,gdelt_gkg
AMZN,2026-01-01,"Khloe Kat Project gains worldwide attention , support",https://www.valleynewslive.com/2026/01/01/khloes-kat-project-gains-worldwide-attention-support/,valleynewslive.com,English,0.0,gdelt_gkg
AMZN,2026-01-01,From injections to subscriptions : how GLP - 1s are being rebranded,http://www.torontotelegraph.com/news/278783506/from-injections-to-subscriptions-how-glp-1s-are-being-rebranded,torontotelegraph.com,English,0.0,gdelt_gkg
AMZN,2026-01-01,From injections to subscriptions : how GLP - 1s are being rebranded,http://www.newjerseytelegraph.com/news/278783506/from-injections-to-subscriptions-how-glp-1s-are-being-rebranded,newjerseytelegraph.com,English,0.0,gdelt_gkg
AMZN,2026-01-01,Funky Taurus Media - Music Photo Agency & Products,https://www.funkytaurusmedia.com/shop_content.php?coID=3&XTCsid=5o32rut27nfrfsnqrvtp992m72,funkytaurusmedia.com,English,0.0,gdelt_gkg
AMZN,2026-01-01,FinancialContent - The Great Rebound : US M & A Poised for Record - Breaking 2026 as Interest Rates Stabilize,https://markets.financialcontent.com/stocks/article/marketminute-2026-1-1-the-great-rebound-us-m-and-a-poised-for-record-breaking-2026-as-interest-rates-stabilize,markets.financialcontent.com,English,0.0,gdelt_gkg
AMZN,2026-01-01,From injections to subscriptions : how GLP - 1s are being rebranded,http://www.clevelandstar.com/news/278783506/from-injections-to-subscriptions-how-glp-1s-are-being-rebranded,clevelandstar.com,English,0.0,gdelt_gkg
AMZN,2026-01-01,报道 ： OpenAI整合团队拟一季度发布新语音模型 ， 为发布AI个人无屏设备铺路,https://www.163.com/dy/article/KI8F091R05198NMR.html,163.com,Chinese,0.0,gdelt_gkg
AMZN,2026-01-01,Top 3 AI Stocks Poised for 10x Growth by 2036,https://www.el-balad.com/6809210,el-balad.com,English,0.0,gdelt_gkg
AMZN,2026-01-01,FinancialContent - Marvell Mid - Tier Blues : Why the Semi Giant Lagged in 2025 and the AI Storage Catalyst to Watch in 2026,https://markets.financialcontent.com/stocks/article/marketminute-2026-1-1-marvells-mid-tier-blues-why-the-semi-giant-lagged-in-2025-and-the-ai-storage-catalyst-to-watch-in-2026,markets.financialcontent.com,English,0.0,gdelt_gkg
AMZN,2026-01-01,From injections to subscriptions : how GLP - 1s are being rebranded,http://www.utahindependent.com/news/278783506/from-injections-to-subscriptions-how-glp-1s-are-being-rebranded,utahindependent.com,English,0.0,gdelt_gkg
AMZN,2026-01-01,From injections to subscriptions : how GLP - 1s are being rebranded,http://www.europesun.com/news/278783506/from-injections-to-subscriptions-how-glp-1s-are-being-rebranded,europesun.com,English,0.0,gdelt_gkg
AMZN,2026-01-01,FinancialContent - The Great Normalization : 2026 Fed Rate Cut Speculation Ignites Market  Great Rotation  ,https://markets.financialcontent.com/stocks/article/marketminute-2026-1-1-the-great-normalization-2026-fed-rate-cut-speculation-ignites-market-great-rotation,markets.financialcontent.com,English,0.0,gdelt_gkg
AMZN,2026-01-01,FinancialContent - The Second Wave : Why 2026 Marks the Great Rotation into AI Networking and Storage  Picks and Shovels  ,https://markets.financialcontent.com/stocks/article/marketminute-2026-1-1-the-second-wave-why-2026-marks-the-great-rotation-into-ai-networking-and-storage-picks-and-shovels,markets.financialcontent.com,English,0.0,gdelt_gkg
AMZN,2026-01-01,FinancialContent - Carvana Rollercoaster Ascent : Analyzing the $422 Dip and the Road Ahead for the E - commerce Auto Giant in 2026,https://markets.financialcontent.com/stocks/article/marketminute-2026-1-1-carvanas-rollercoaster-ascent-analyzing-the-422-dip-and-the-road-ahead-for-the-e-commerce-auto-giant-in-2026,markets.financialcontent.com,English,0.0,gdelt_gkg
AMZN,2026-01-01,From injections to subscriptions : how GLP - 1s are being rebranded,http://www.zimbabwestar.com/news/278783506/from-injections-to-subscriptions-how-glp-1s-are-being-rebranded,zimbabwestar.com,English,0.0,gdelt_gkg
AMZN,2026-01-01,From injections to subscriptions : how GLP - 1s are being rebranded,http://www.hongkongherald.com/news/278783506/from-injections-to-subscriptions-how-glp-1s-are-being-rebranded,hongkongherald.com,English,0.0,gdelt_gkg
AMZN,2026-01-01,From injections to subscriptions : how GLP - 1s are being rebranded,http://www.chinanationalnews.com/news/278783506/from-injections-to-subscriptions-how-glp-1s-are-being-rebranded,chinanationalnews.com,English,0.0,gdelt_gkg
AMZN,2026-01-01,From injections to subscriptions : how GLP - 1s are being rebranded,http://www.sandiegosun.com/news/278783506/from-injections-to-subscriptions-how-glp-1s-are-being-rebranded,sandiegosun.com,English,0.0,gdelt_gkg
AMZN,2026-01-01,بـ726 مليار دولار .. ثروة إيلون ماسك تتجاوز اقتصادات دول وشركات كبرى مع نهاية 2025,https://arabic.euronews.com/business/2026/01/01/with-726-billion-elon-musks-wealth-will-surpass-the-economies-of-countries-and-major-co,arabic.euronews.com,Arabic,0.0,gdelt_gkg
AMZN,2026-01-01,A new California law gives the state more power over workplaces . Trump is suing to block it,https://lbpost.com/news/a-new-california-law-gives-the-state-more-power-over-workplaces-trump-is-suing-to-block-it/,lbpost.com,English,0.0,gdelt_gkg
AMZN,2026-01-01,FinancialContent - Amazon 2026 Pivot : Can the E - Commerce Titan Reclaim Its Crown After a Bruising Year ? ,https://markets.financialcontent.com/stocks/article/marketminute-2026-1-1-amazons-2026-pivot-can-the-e-commerce-titan-reclaim-its-crown-after-a-bruising-year,markets.financialcontent.com,English,0.0,gdelt_gkg
AMZN,2026-01-01,Air quality reaches  unhealthy  levels in parts of Phoenix after New Year Eve celebrations,https://www.12news.com/article/news/local/valley/air-quality-reaches-unhealthy-levels-phoenix-new-years-eve-celebrations/75-d0306818-6acf-410d-8768-f12235f6f888,12news.com,English,0.0,gdelt_gkg
AMZN,2026-01-01,Објављен трејлер за документарац о британском краљу Чарлсу,https://www.politika.rs/scc/clanak/721677/objavljen-trejler-za-dokumentarac-o-britanskom-kralju-carlsu,politika.rs,Serbian,0.0,gdelt_gkg
AMZN,2026-01-01,From injections to subscriptions : how GLP - 1s are being rebranded,http://www.jamaicantimes.com/news/278783506/from-injections-to-subscriptions-how-glp-1s-are-being-rebranded,jamaicantimes.com,English,0.0,gdelt_gkg
AMZN,2026-01-01,From injections to subscriptions : how GLP - 1s are being rebranded,http://www.austinglobe.com/news/278783506/from-injections-to-subscriptions-how-glp-1s-are-being-rebranded,austinglobe.com,English,0.0,gdelt_gkg
AMZN,2026-01-01,Video : Maduro desmiente a Trump sobre posible ataque sobre Venezuela El Comercio por EL COMERCIO,https://www.deperu.com/tv/t_We-Jdvir0.maduro-desmiente-a-trump-sobre-posible-ataque-sobre-venezuela-el-comercio.UCLtGUPjKLqa3zgdmhKCZONg.html,deperu.com,Spanish,0.0,gdelt_gkg
AMZN,2026-01-01,"Larry Magid : Where weve been , where were headed in tech as year ends",https://www.siliconvalley.com/2026/01/01/looking-back-at-tech-in-2025-and-ahead-to-2026/,siliconvalley.com,English,0.0,gdelt_gkg
AMZN,2026-01-01,Berkshire Is Selling Apple Stock and Buying This Other Magnificent Artificial Intelligence ( AI ) Stock Instead,https://www.fool.com/investing/2026/01/01/berkshire-is-selling-apple-stock-and-buying-this/,fool.com,English,0.0,gdelt_gkg
AMZN,2026-01-01,Funky Taurus Media - Music Photo Agency & Products,https://www.funkytaurusmedia.com/shop_content.php?coID=2&XTCsid=5o32rut27nfrfsnqrvtp992m72,funkytaurusmedia.com,English,0.0,gdelt_gkg
AMZN,2026-01-01,Val Kilmer daughter pays emotional tribute to late star on his birthday ... 9 months after his shock death at 65,https://www.dailymail.co.uk/tvshowbiz/article-15427255/Val-Kilmer-daughter-tribute-late-dad-dead.html,dailymail.co.uk,English,0.0,gdelt_gkg
AMZN,2026-01-01,港股早报｜2026年家电数码补贴新政落地 泡泡玛特热门盲盒价格暴跌超80 % ,https://baijiahao.baidu.com/s?id=1853157913434171344,baijiahao.baidu.com,Chinese,0.0,gdelt_gkg
AMZN,2026-01-01,  H - 1Bs sit on payroll while waiting …: US investor says Amazon remote work policy  doesnt actually let Indians do their jobs  ,https://timesofindia.indiatimes.com/world/us/h-1bs-sit-on-payroll-while-waiting-us-investor-says-amazons-remote-work-policy-doesnt-actually-let-indians-work/articleshow/126296137.cms,timesofindia.indiatimes.com,English,0.0,gdelt_gkg
AMZN,2026-01-01,From injections to subscriptions : how GLP - 1s are being rebranded,http://www.vietnamtribune.com/news/278783506/from-injections-to-subscriptions-how-glp-1s-are-being-rebranded,vietnamtribune.com,English,0.0,gdelt_gkg
AMZN,2026-01-01,From injections to subscriptions : how GLP - 1s are being rebranded,http://www.japanherald.com/news/278783506/from-injections-to-subscriptions-how-glp-1s-are-being-rebranded,japanherald.com,English,0.0,gdelt_gkg
AMZN,2026-01-01,7 Most Powerful DC / Marvel Amalgam Heroes,https://comicbook.com/comics/list/7-most-powerful-dc-marvel-amalgam-heroes/,comicbook.com,English,0.0,gdelt_gkg
AMZN,2026-01-01,From injections to subscriptions : how GLP - 1s are being rebranded,http://www.afghanistansun.com/news/278783506/from-injections-to-subscriptions-how-glp-1s-are-being-rebranded,afghanistansun.com,English,0.0,gdelt_gkg
AMZN,2026-01-01,From injections to subscriptions : how GLP - 1s are being rebranded,http://www.mexicostar.com/news/278783506/from-injections-to-subscriptions-how-glp-1s-are-being-rebranded,mexicostar.com,English,0.0,gdelt_gkg
AMZN,2026-01-01,Applied Digital Is Spinning Out Its Cloud Business . How Should You Play APLD Stock Here ? ,https://finance.yahoo.com/news/applied-digital-spinning-cloud-business-161728999.html,finance.yahoo.com,English,0.0,gdelt_gkg
AMZN,2026-01-01,  Obscene greed ! Fury as 8 billionaires pocket 25 % of global wealth gains in one year,https://www.rawstory.com/richest-people/,rawstory.com,English,0.0,gdelt_gkg
AMZN,2026-01-01,"Book Review :  The Exposure Economy , A Recipe For Digital Self - Defense",https://www.forbes.com/sites/charliefink/2026/01/01/book-review-the-exposure-economy-a-recipe-for-digital-self-defense/,forbes.com,English,0.0,gdelt_gkg
AMZN,2026-01-01,Anderson Cooper Reads Taylor Swift  Wood  Lyrics,https://www.eonline.com/news/1426776/anderson-cooper-reads-taylor-swifts-wood-lyrics,eonline.com,English,0.0,gdelt_gkg
AMZN,2026-01-01,From injections to subscriptions : how GLP - 1s are being rebranded,http://www.phoenixherald.com/news/278783506/from-injections-to-subscriptions-how-glp-1s-are-being-rebranded,phoenixherald.com,English,0.0,gdelt_gkg
AMZN,2026-01-01,From injections to subscriptions : how GLP - 1s are being rebranded,http://www.tennesseedaily.com/news/278783506/from-injections-to-subscriptions-how-glp-1s-are-being-rebranded,tennesseedaily.com,English,0.0,gdelt_gkg
AMZN,2026-01-01,The moon and sun figure big in new year lineup of cosmic wonders,https://www.thegazette.com/environment-nature/the-moon-and-sun-figure-big-in-new-years-lineup-of-cosmic-wonders/,thegazette.com,English,0.0,gdelt_gkg
AMZN,2026-01-01,কুমিল্লায় রেললাইনের পাশে যুবকেরমরদেহ,https://www.comillarkagoj.com/news/212365,comillarkagoj.com,Bengali,0.0,gdelt_gkg
AMZN,2026-01-01,5 Top Artificial Intelligence Stocks to Buy in 2026,https://www.fool.com/investing/2026/01/01/5-top-artificial-intelligence-stocks-to-buy-2026/?source=iedfolrf0000001,fool.com,English,0.0,gdelt_gkg
AMZN,2026-01-01,5 Top Artificial Intelligence Stocks to Buy in 2026,https://www.aol.com/finance/5-top-artificial-intelligence-stocks-213500745.html,aol.com,English,0.0,gdelt_gkg
AMZN,2026-01-01,From injections to subscriptions : how GLP - 1s are being rebranded,http://www.newyorkstatesman.com/news/278783506/from-injections-to-subscriptions-how-glp-1s-are-being-rebranded,newyorkstatesman.com,English,0.0,gdelt_gkg
AMZN,2026-01-01,10 Pot Lid Organization Tips to Streamline Your Kitchen,https://www.marthastewart.com/pot-lid-organization-tips-11863820,marthastewart.com,English,0.0,gdelt_gkg
AMZN,2026-01-01,From injections to subscriptions : how GLP - 1s are being rebranded,http://www.saltlakecitysun.com/news/278783506/from-injections-to-subscriptions-how-glp-1s-are-being-rebranded,saltlakecitysun.com,English,0.0,gdelt_gkg
AMZN,2026-01-01,The 4 Cheapest Ways To Turn Your House Into A Smart Home,https://www.bgr.com/2061563/cheapest-ways-make-a-smart-home/,bgr.com,English,0.0,gdelt_gkg
AMZN,2026-01-01,Zohran Mamdani inauguration : Read the new Mayor address – amNewYork,https://www.amny.com/politics/mayor-zohran-mamdanis-inauguration-address-new-york-city/,amny.com,English,0.0,gdelt_gkg
AMZN,2026-01-01,Clima en Guayaquil este 1 de enero : altas temperaturas y posibles chubascos,https://www.expreso.ec/guayaquil/clima-en-guayaquil-este-1-de-enero-altas-temperaturas-y-posibles-chubascos-269637.html,expreso.ec,Spanish,0.0,gdelt_gkg
AMZN,2026-01-01,"People are getting checks from Amazon in the mail . Yes , theyre real , and part of a massive settlement",https://www.abc10.com/article/news/nation-world/amazon-mail-checks/507-ab51f489-e0ca-4cc3-990e-0efe9832dd28,abc10.com,English,0.0,gdelt_gkg
AMZN,2026-01-01,"People are getting checks from Amazon in the mail . Yes , theyre real , and part of a massive settlement",https://www.kens5.com/article/news/nation-world/amazon-mail-checks/507-ab51f489-e0ca-4cc3-990e-0efe9832dd28,kens5.com,English,0.0,gdelt_gkg
AMZN,2026-01-01,"People are getting checks from Amazon in the mail . Yes , theyre real , and part of a massive settlement",https://www.wbir.com/article/news/nation-world/amazon-mail-checks/507-ab51f489-e0ca-4cc3-990e-0efe9832dd28,wbir.com,English,0.0,gdelt_gkg
AMZN,2026-01-01,6 Home Organization Trends Experts Predict with Dominate 2026,https://www.veranda.com/decorating-ideas/g69811851/2026-home-organization-trends/,veranda.com,English,0.0,gdelt_gkg
AMZN,2026-01-01,From injections to subscriptions : how GLP - 1s are being rebranded,http://www.hawaiitelegraph.com/news/278783506/from-injections-to-subscriptions-how-glp-1s-are-being-rebranded,hawaiitelegraph.com,English,0.0,gdelt_gkg
AMZN,2026-01-01,How the Taxi Workers Won,https://www.thenation.com/article/society/taxi-driver-strike/,thenation.com,English,0.0,gdelt_gkg
AMZN,2026-01-01,"AI Revolutionizes Work : Automating Agents , Empowering Human Coordinators",https://www.webpronews.com/ai-revolutionizes-work-automating-agents-empowering-human-coordinators/,webpronews.com,English,0.0,gdelt_gkg
AMZN,2026-01-01,Ica : incautan gran cantidad de pirotécnicos en operativo por fiestas de fin de año,https://diariocorreo.pe/edicion/ica/ica-incautan-gran-cantidad-de-pirotecnicos-en-operativo-por-fiestas-de-fin-de-ano-noticia/,diariocorreo.pe,Spanish,0.0,gdelt_gkg
AMZN,2026-01-01,"People are getting checks from Amazon in the mail . Yes , theyre real , and part of a massive settlement",https://www.wfaa.com/article/news/nation-world/amazon-mail-checks/507-ab51f489-e0ca-4cc3-990e-0efe9832dd28,wfaa.com,English,0.0,gdelt_gkg
AMZN,2026-01-01,Weight - loss drugs go mainstream as pills and platforms expand reach,http://www.thailandnews.net/news/278783506/weight-loss-drugs-go-mainstream-as-pills-and-platforms-expand-reach,thailandnews.net,English,0.0,gdelt_gkg
AMZN,2026-01-01,"  Two Old Dogs Trying To Learn New Trick Dave Ramsey Steps In As $40 , 000 – $50 , 000 Tax Bill And A 130 - Year - Old Farm Trigger A Major Marriage Fight",https://www.benzinga.com/personal-finance/management/26/01/49660514/two-old-dogs-trying-to-learn-new-tricks-dave-ramsey-steps-in-as-40000-50000-tax-bill-and-a-130-year-old-farm-trigger-a-major-marriage-fight,benzinga.com,English,0.0,gdelt_gkg
AMZN,2026-01-01,"People are getting checks from Amazon in the mail . Yes , theyre real , and part of a massive settlement",https://www.5newsonline.com/article/news/nation-world/amazon-mail-checks/507-ab51f489-e0ca-4cc3-990e-0efe9832dd28,5newsonline.com,English,0.0,gdelt_gkg
AMZN,2026-01-01,How to watch Wild London on BBC iPlayer ( it FREE ) ,https://www.techradar.com/how-to-watch/tv-shows/watch-wild-london-on-bbc-iplayer-its-free,techradar.com,English,0.0,gdelt_gkg
AMZN,2026-01-01,"People are getting checks from Amazon in the mail . Yes , theyre real , and part of a massive settlement",https://www.firstcoastnews.com/article/news/nation-world/amazon-mail-checks/507-ab51f489-e0ca-4cc3-990e-0efe9832dd28,firstcoastnews.com,English,0.0,gdelt_gkg
AMZN,2026-01-01,Grieving New York son was ready to come home for Christmas before being detained in Venezuela,https://nypost.com/2026/01/01/us-news/grieving-new-york-son-was-ready-to-come-home-for-christmas-before-being-detained-in-venezuela/,nypost.com,English,0.0,gdelt_gkg
AMZN,2026-01-01,Funky Taurus Media - Music Photo Agency & Products,https://www.funkytaurusmedia.com/shop_content.php?coID=3&XTCsid=vk8qtgb58d5eeio0dj995tibp4,funkytaurusmedia.com,English,0.0,gdelt_gkg
AMZN,2026-01-01,A bag over my head - Escondido Times - Advocate,https://www.times-advocate.com/articles/a-bag-over-my-head/,times-advocate.com,English,0.0,gdelt_gkg
AMZN,2026-01-01,"People are getting checks from Amazon in the mail . Yes , theyre real , and part of a massive settlement",https://www.wtol.com/article/news/nation-world/amazon-mail-checks/507-ab51f489-e0ca-4cc3-990e-0efe9832dd28,wtol.com,English,0.0,gdelt_gkg
AMZN,2026-01-01,Who Makes Craftsman Garage Door Openers And Where Are They Manufactured ? ,https://www.slashgear.com/2064182/who-makes-craftsman-garage-door-openers-where-manufactured/,slashgear.com,English,0.0,gdelt_gkg
AMZN,2026-01-01,The 5 Best Streamlight Rechargeable Flashlights For All Your Needs,https://www.slashgear.com/2064212/best-streamlight-rechargeable-flashlights/,slashgear.com,English,0.0,gdelt_gkg
AMZN,2026-01-01,LG dual - mode 4K 240Hz / 1080p 480Hz OLED gaming monitor is 42 % off premium flagship panel with HDR1300 drops to its lowest - ever price,https://www.tomshardware.com/pc-components/lgs-dual-mode-4k-240hz-1080p-480hz-oled-gaming-monitor-is-42-percent-off-premium-flagship-panel-with-hdr1300-drops-to-its-lowest-ever-price,tomshardware.com,English,0.0,gdelt_gkg
AMZN,2026-01-01,Czy wróci masowe wylesianie ? Moratorium Sojowe na krawędzi,"https://www.farmer.pl/fakty/czy-wroci-masowe-wylesianie-moratorium-sojowe-na-krawedzi,170823.html",farmer.pl,Polish,0.0,gdelt_gkg
AMZN,2026-01-01,"People are getting checks from Amazon in the mail . Yes , theyre real , and part of a massive settlement",https://www.wnep.com/article/news/nation-world/amazon-mail-checks/507-ab51f489-e0ca-4cc3-990e-0efe9832dd28,wnep.com,English,0.0,gdelt_gkg
AMZN,2026-01-01,Gerald Winegrad : Beautiful dreams for the 2026 new year,https://www.capitalgazette.com/2026/01/01/gerald-winegrad-2026-new-year/,capitalgazette.com,English,0.0,gdelt_gkg
AMZN,2026-01-01,The most evil Nigerian love scam ever that ended with a disabled woman taking  horrifying  selfies that will scar her daughter for life,https://www.dailymail.co.uk/news/article-14786379/Nigerian-love-scam.html,dailymail.co.uk,English,0.0,gdelt_gkg
AMZN,2026-01-01,"People are getting checks from Amazon in the mail . Yes , theyre real , and part of a massive settlement",https://www.ksdk.com/article/news/nation-world/amazon-mail-checks/507-ab51f489-e0ca-4cc3-990e-0efe9832dd28,ksdk.com,English,0.0,gdelt_gkg
AMZN,2026-01-01,From injections to subscriptions : how GLP - 1s are being rebranded,http://www.oklahomastar.com/news/278783506/from-injections-to-subscriptions-how-glp-1s-are-being-rebranded,oklahomastar.com,English,0.0,gdelt_gkg
AMZN,2026-01-01,Katie Holmes and I Cant Stop Wearing This On - Sale Madewell Tote,https://www.usmagazine.com/shopping/news/katie-holmes-editor-loved-madewell-tote-deal/,usmagazine.com,English,0.0,gdelt_gkg
AMZN,2026-01-01,"People are getting checks from Amazon in the mail . Yes , theyre real , and part of a massive settlement",https://www.whas11.com/article/news/nation-world/amazon-mail-checks/507-ab51f489-e0ca-4cc3-990e-0efe9832dd28,whas11.com,English,0.0,gdelt_gkg
AMZN,2026-01-01,الذكاء الاصطناعي يقود مكاسب جديدة ، الرابحون والخاسرون في سوق الأسهم الأمريكية خلال 2025,https://www.vetogate.com/5565067,vetogate.com,Arabic,0.0,gdelt_gkg
AMZN,2026-01-01,"People are getting checks from Amazon in the mail . Yes , theyre real , and part of a massive settlement",https://www.fox61.com/article/news/nation-world/amazon-mail-checks/507-ab51f489-e0ca-4cc3-990e-0efe9832dd28,fox61.com,English,0.0,gdelt_gkg
AMZN,2026-01-01,"People are getting checks from Amazon in the mail . Yes , theyre real , and part of a massive settlement",https://www.kare11.com/article/news/nation-world/amazon-mail-checks/507-ab51f489-e0ca-4cc3-990e-0efe9832dd28,kare11.com,English,0.0,gdelt_gkg
AMZN,2026-01-01,"Larry Magid : Where weve been , where were headed in tech as year ends",https://www.mercurynews.com/2026/01/01/looking-back-at-tech-in-2025-and-ahead-to-2026/,mercurynews.com,English,0.0,gdelt_gkg
AMZN,2026-01-01,Defesa Civil de SP alerta para chuva intensa nos próximos dias ; veja orientaes,https://www.acidadeon.com/campinas/cotidiano/defesa-civil-de-sp-alerta-para-chuva-intensa-nos-proximos-dias-veja-orientacoes/,acidadeon.com,Portuguese,0.0,gdelt_gkg
AMZN,2026-01-01,Chuva fica abaixo da média na maior parte de 2025 em Campinas,https://g1.globo.com/sp/campinas-regiao/noticia/2026/01/01/chuva-fica-abaixo-da-media-na-maior-parte-de-2025-em-campinas-e-acende-alerta-para-uso-da-agua.ghtml,g1.globo.com,Portuguese,0.0,gdelt_gkg
AMZN,2026-01-01,"COMMUNITY CALENDAR – January 1st , 2026 | The Herald Times | Serving Meeker , Rangely , Dinosaur & Northwest Colorado",https://www.theheraldtimes.com/community-calendar-january-1st-2026/rio-blanco-county/,theheraldtimes.com,English,0.0,gdelt_gkg
AMZN,2026-01-01,From injections to subscriptions : how GLP - 1s are being rebranded,http://www.londonmercury.com/news/278783506/from-injections-to-subscriptions-how-glp-1s-are-being-rebranded,londonmercury.com,English,0.0,gdelt_gkg
AMZN,2026-01-01,"AI , corporate profits , Fed rate cuts key to 2026 U . S . stock market",https://www.staradvertiser.com/2026/01/01/breaking-news/ai-corporate-profits-fed-rate-cuts-key-to-2026-u-s-stock-market/,staradvertiser.com,English,0.0,gdelt_gkg
AMZN,2026-01-01,"Entertainment and Media Bloodbath Widened in 2025 : 17 , 000 Jobs Slashed",https://www.breitbart.com/entertainment/2026/01/01/entertainment-and-media-bloodbath-widened-in-2025-17000-jobs-slashed/,breitbart.com,English,0.0,gdelt_gkg
AMZN,2026-01-01,"People are getting checks from Amazon in the mail . Yes , theyre real , and part of a massive settlement",https://www.wwltv.com/article/news/nation-world/amazon-mail-checks/507-ab51f489-e0ca-4cc3-990e-0efe9832dd28,wwltv.com,English,0.0,gdelt_gkg
AMZN,2026-01-01,RSPCA wackiest animal rescues of 2025 including Cornwall,https://www.falmouthpacket.co.uk/news/25733337.rspcas-wackiest-animal-rescues-2025-including-cornwall/,falmouthpacket.co.uk,English,0.0,gdelt_gkg
AMZN,2026-01-01,From injections to subscriptions : how GLP - 1s are being rebranded,http://www.ohiostandard.com/news/278783506/from-injections-to-subscriptions-how-glp-1s-are-being-rebranded,ohiostandard.com,English,0.0,gdelt_gkg
AMZN,2026-01-01,Terms of Service | MMA News,https://www.mmanews.com/terms,mmanews.com,English,0.0,gdelt_gkg
AMZN,2026-01-01,From injections to subscriptions : how GLP - 1s are being rebranded,http://www.bangladeshsun.com/news/278783506/from-injections-to-subscriptions-how-glp-1s-are-being-rebranded,bangladeshsun.com,English,0.0,gdelt_gkg
AMZN,2026-01-01,"People are getting checks from Amazon in the mail . Yes , theyre real , and part of a massive settlement",https://www.11alive.com/article/news/nation-world/amazon-mail-checks/507-ab51f489-e0ca-4cc3-990e-0efe9832dd28,11alive.com,English,0.0,gdelt_gkg
AMZN,2026-01-01,Tag : Sílvio Costa Filho ( 68 matérias ) - Conexão Tocantins,https://conexaoto.com.br/tag/silvio-costa-filho,conexaoto.com.br,Portuguese,0.0,gdelt_gkg
AMZN,2026-01-01,From injections to subscriptions : how GLP - 1s are being rebranded,http://www.iranherald.com/news/278783506/from-injections-to-subscriptions-how-glp-1s-are-being-rebranded,iranherald.com,English,0.0,gdelt_gkg
AMZN,2026-01-01,"People are getting checks from Amazon in the mail . Yes , theyre real , and part of a massive settlement",https://www.kagstv.com/article/news/nation-world/amazon-mail-checks/507-ab51f489-e0ca-4cc3-990e-0efe9832dd28,kagstv.com,English,0.0,gdelt_gkg
AMZN,2026-01-01,From injections to subscriptions : how GLP - 1s are being rebranded,http://www.newyorktelegraph.com/news/278783506/from-injections-to-subscriptions-how-glp-1s-are-being-rebranded,newyorktelegraph.com,English,0.0,gdelt_gkg
AMZN,2026-01-01,Vile secret of Dallas husband and wife team who tried to become the new Chip and Joanna Gaines,https://www.dailymail.co.uk/news/article-15427263/texas-husband-wife-homebuilding-remodeling-scam-millions-dollars-christopher-raquelle-judge.html,dailymail.co.uk,English,0.0,gdelt_gkg
AMZN,2026-01-01,From injections to subscriptions : how GLP - 1s are being rebranded,http://www.cincinnatisun.com/news/278783506/from-injections-to-subscriptions-how-glp-1s-are-being-rebranded,cincinnatisun.com,English,0.0,gdelt_gkg
AMZN,2026-01-01,From injections to subscriptions : how GLP - 1s are being rebranded,http://www.srilankasource.com/news/278783506/from-injections-to-subscriptions-how-glp-1s-are-being-rebranded,srilankasource.com,English,0.0,gdelt_gkg
AMZN,2026-01-01,From injections to subscriptions : how GLP - 1s are being rebranded,http://www.singaporestar.com/news/278783506/from-injections-to-subscriptions-how-glp-1s-are-being-rebranded,singaporestar.com,English,0.0,gdelt_gkg
AMZN,2026-01-01,Juliane Koepcke : Έπεσε από τα 10 . 000 πόδια μετά από πτώση αεροπλάνου και επέζησε μόνη στη ζούγκλα,https://www.in.gr/2026/01/01/stories/juliane-koepcke-epese-apo-ta-10-000-podia-meta-apo-ptosi-aeroplanou-kai-epezise-moni-sti-zougkla/,in.gr,Greek,0.0,gdelt_gkg
AMZN,2026-01-01,From injections to subscriptions : how GLP - 1s are being rebranded,http://www.dallassun.com/news/278783506/from-injections-to-subscriptions-how-glp-1s-are-being-rebranded,dallassun.com,English,0.0,gdelt_gkg
AMZN,2026-01-01,From injections to subscriptions : how GLP - 1s are being rebranded,http://www.nepalnational.com/news/278783506/from-injections-to-subscriptions-how-glp-1s-are-being-rebranded,nepalnational.com,English,0.0,gdelt_gkg
AMZN,2026-01-01,Sherman Inn appearance on PBS rescheduled to Jan . 6 at 7 p . m . ,"http://northcountrynow.com/stories/sherman-inns-appearance-on-pbs-rescheduled-to-jan-6-at-7-pm,346746",northcountrynow.com,English,0.0,gdelt_gkg
AMZN,2026-01-01,"People are getting checks from Amazon in the mail . Yes , theyre real , and part of a massive settlement",https://www.wkyc.com/article/news/nation-world/amazon-mail-checks/507-ab51f489-e0ca-4cc3-990e-0efe9832dd28,wkyc.com,English,0.0,gdelt_gkg
AMZN,2026-01-01,"The best books of the year , according to independent bookstores on the Western Slope",https://www.skyhinews.com/news/best-books-of-the-year-colorado-independent-bookstores/,skyhinews.com,English,0.0,gdelt_gkg
AMZN,2026-01-01,From injections to subscriptions : how GLP - 1s are being rebranded,http://www.theusnews.com/news/278783506/from-injections-to-subscriptions-how-glp-1s-are-being-rebranded,theusnews.com,English,0.0,gdelt_gkg
AMZN,2026-01-01,Dozens Feared Dead and Around 100 Injured in Horror NYE Party Fire,https://www.thedailybeast.com/dozens-feared-killed-and-around-100-injured-in-horror-nye-party-fire-in-switzerland-ski-resort/,thedailybeast.com,English,0.0,gdelt_gkg
