ticker,date,title,url,domain,language,tone,source
KGC,2021-01-05,QuestCap Provides COVID - 19 Testing Kits to Kinross Gold Russian Operations,https://investingnews.com/news/gold-investing/questcap-provides-covid-19-testing-kits-to-kinross-golds-russian-operations/,investingnews.com,English,0.0,gdelt_gkg
KGC,2021-01-05,Gold Standard Ventures Announces Senior Leadership Changes,https://apnews.com/press-release/globe-newswire/business-alaska-government-regulations-precious-metals-industry-vancouver-0af0ed41cdbeb0776736ef0e72fa948d,apnews.com,English,0.0,gdelt_gkg
KGC,2021-01-05,Gold Standard Ventures Announces Senior Leadership Changes,http://www.globenewswire.com/news-release/2021/01/05/2153872/0/en/Gold-Standard-Ventures-Announces-Senior-Leadership-Changes.html,globenewswire.com,English,0.0,gdelt_gkg
KGC,2021-01-05,Viva Gold Provides Update on Status of Work at its Tonopah Gold Project in Nevada,https://www.baltimorestar.com/news/267445975/viva-gold-provides-update-on-status-of-work-at-its-tonopah-gold-project-in-nevada,baltimorestar.com,English,0.0,gdelt_gkg
KGC,2021-01-05,Viva Gold Provides Update on Status of Work at its Tonopah Gold Project in Nevada,https://www.theusnews.com/news/267445975/viva-gold-provides-update-on-status-of-work-at-its-tonopah-gold-project-in-nevada,theusnews.com,English,0.0,gdelt_gkg
KGC,2021-01-05,Viva Gold Provides Update on Status of Work at its Tonopah Gold Project in Nevada,https://www.clevelandstar.com/news/267445975/viva-gold-provides-update-on-status-of-work-at-its-tonopah-gold-project-in-nevada,clevelandstar.com,English,0.0,gdelt_gkg
KGC,2021-01-05,Viva Gold Provides Update on Status of Work at its Tonopah Gold Project in Nevada,https://www.benzinga.com/pressreleases/21/01/ac19016368/viva-gold-provides-update-on-status-of-work-at-its-tonopah-gold-project-in-nevada,benzinga.com,English,0.0,gdelt_gkg
KGC,2021-01-05,QuestCap Provides COVID - 19 Testing Kits to Kinross Gold Russian Operations Aequitas Neo Exchange : QSC . NE,https://www.globenewswire.com/news-release/2021/01/05/2153348/0/en/QuestCap-Provides-COVID-19-Testing-Kits-to-Kinross-Gold-s-Russian-Operations.html,globenewswire.com,English,0.0,gdelt_gkg
KGC,2021-01-05,Viva Gold Provides Update on Status of Work at its Tonopah Gold Project in Nevada,https://www.memphissun.com/news/267445975/viva-gold-provides-update-on-status-of-work-at-its-tonopah-gold-project-in-nevada,memphissun.com,English,0.0,gdelt_gkg
KGC,2021-01-05,Viva Gold Provides Update on Status of Work at its Tonopah Gold Project in Nevada,https://www.saltlakecitysun.com/news/267445975/viva-gold-provides-update-on-status-of-work-at-its-tonopah-gold-project-in-nevada,saltlakecitysun.com,English,0.0,gdelt_gkg
KGC,2021-01-05,Viva Gold Provides Update on Status of Work at its Tonopah Gold Project in Nevada,https://www.nashvilleherald.com/news/267445975/viva-gold-provides-update-on-status-of-work-at-its-tonopah-gold-project-in-nevada,nashvilleherald.com,English,0.0,gdelt_gkg
KGC,2021-01-05,Viva Gold Provides Update on Status of Work at its Tonopah Gold Project in Nevada,https://www.dallassun.com/news/267445975/viva-gold-provides-update-on-status-of-work-at-its-tonopah-gold-project-in-nevada,dallassun.com,English,0.0,gdelt_gkg
KGC,2021-01-05,Viva Gold Provides Update on Status of Work at its Tonopah Gold Project in Nevada,https://www.newjerseytelegraph.com/news/267445975/viva-gold-provides-update-on-status-of-work-at-its-tonopah-gold-project-in-nevada,newjerseytelegraph.com,English,0.0,gdelt_gkg
KGC,2021-01-05,Viva Gold Provides Update on Status of Work at its Tonopah Gold Project in Nevada,https://www.stlouisstar.com/news/267445975/viva-gold-provides-update-on-status-of-work-at-its-tonopah-gold-project-in-nevada,stlouisstar.com,English,0.0,gdelt_gkg
KGC,2021-01-05,Viva Gold Provides Update on Status of Work at its Tonopah Gold Project in Nevada - Press Release,http://www.digitaljournal.com/pr/4931534,digitaljournal.com,English,0.0,gdelt_gkg
KGC,2021-01-05,QuestCap Provides COVID - 19 Testing Kits to Kinross Gold Russian Operations,https://apnews.com/press-release/globe-newswire/business-europe-corporate-news-diseases-and-conditions-products-and-services-1dbb198643e7d557678dac43b7262742,apnews.com,English,0.0,gdelt_gkg
KGC,2021-01-05,Viva Gold Corp .: Viva Gold Provides Update on Status of Work at its Tonopah Gold Project in Nevada,https://www.finanznachrichten.de/nachrichten-2021-01/51650677-viva-gold-corp-viva-gold-provides-update-on-status-of-work-at-its-tonopah-gold-project-in-nevada-200.htm,finanznachrichten.de,English,0.0,gdelt_gkg
KGC,2021-01-05,Hedge funds raise Canadian mining shorts as COVID vaccines seen tamping gold gains,https://www.theglobeandmail.com/investing/investment-ideas/article-hedge-funds-raise-canadian-mining-shorts-as-covid-vaccines-seen/,theglobeandmail.com,English,0.0,gdelt_gkg
KGC,2021-01-05,Viva Gold Provides Update on Status of Work at its Tonopah Gold Project in Nevada,https://www.hawaiitelegraph.com/news/267445975/viva-gold-provides-update-on-status-of-work-at-its-tonopah-gold-project-in-nevada,hawaiitelegraph.com,English,0.0,gdelt_gkg
KGC,2021-01-05,Viva Gold Provides Update on Status of Work at its Tonopah Gold Project in Nevada,https://www.albuquerqueexpress.com/news/267445975/viva-gold-provides-update-on-status-of-work-at-its-tonopah-gold-project-in-nevada,albuquerqueexpress.com,English,0.0,gdelt_gkg
KGC,2021-01-05,Viva Gold Provides Update on Status of Work at its Tonopah Gold Project in Nevada,https://www.pittsburghstar.com/news/267445975/viva-gold-provides-update-on-status-of-work-at-its-tonopah-gold-project-in-nevada,pittsburghstar.com,English,0.0,gdelt_gkg
KGC,2021-01-05,Viva Gold Provides Update on Status of Work at its Tonopah Gold Project in Nevada,https://www.californiatelegraph.com/news/267445975/viva-gold-provides-update-on-status-of-work-at-its-tonopah-gold-project-in-nevada,californiatelegraph.com,English,0.0,gdelt_gkg
KGC,2021-01-05,Viva Gold Provides Update on Status of Work at its Tonopah Gold Project in Nevada,https://www.phoenixherald.com/news/267445975/viva-gold-provides-update-on-status-of-work-at-its-tonopah-gold-project-in-nevada,phoenixherald.com,English,0.0,gdelt_gkg
KGC,2021-01-06,Hedge funds raise mining shorts,https://tribune.com.pk/story/2278845/hedge-funds-raise-mining-shorts,tribune.com.pk,English,0.0,gdelt_gkg
KGC,2021-01-06,Gold Standard Ventures Announces Senior Leadership Changes,https://www.wboc.com/story/43131821/gold-standard-ventures-announces-senior-leadership-changes,wboc.com,English,0.0,gdelt_gkg
KGC,2021-01-06,Viva Gold Provides Update on Status of Work at its Tonopah Gold Project in Nevada,https://apnews.com/press-release/accesswire/business-corporate-news-construction-and-engineering-products-and-services-government-regulations-56530c22c5e087e8bb968c507ad71080,apnews.com,English,0.0,gdelt_gkg
KGC,2021-01-06,newratings . de,http://www.newratings.de/du/main/company_headline.m?nid=12399601,newratings.de,German,0.0,gdelt_gkg
KGC,2021-01-06,The most popular stock and ETF quotes on Globe Investor in 2020,https://www.theglobeandmail.com/investing/blog/article-the-most-popular-stock-and-etf-quotes-on-globe-investor-in-2020/,theglobeandmail.com,English,0.0,gdelt_gkg
KGC,2021-01-06,QuestCap Provides COVID - 19 Testing Kits to Kinross Gold Russian Operations,https://www.marketwatch.com/press-release/questcap-provides-covid-19-testing-kits-to-kinross-golds-russian-operations-2021-01-05,marketwatch.com,English,0.0,gdelt_gkg
KGC,2021-01-07,Canstar Resources ( TSXV : ROX ) Investor Overview,https://investingnews.com/company-profiles/canstar-resources-tsxv-rox/,investingnews.com,English,0.0,gdelt_gkg
KGC,2021-01-07,"Kinross to announce 2020 Q4 / full - year results and 2021 guidance on February 10 , 2021",https://investingnews.com/news/gold-investing/kinross-to-announce-2020-q4full-year-results-and-2021-guidance-on-february-10-2021/,investingnews.com,English,0.0,gdelt_gkg
KGC,2021-01-07,"Kinross to announce 2020 Q4 / full - year results and 2021 guidance on February 10 , 2021",https://www.globenewswire.com/news-release/2021/01/07/2154995/0/en/Kinross-to-announce-2020-Q4-full-year-results-and-2021-guidance-on-February-10-2021.html,globenewswire.com,English,0.0,gdelt_gkg
KGC,2021-01-07,Gold Standard Ventures Announces Senior Leadership Changes,https://www.globalbankingandfinance.com/category/news/gold-standard-ventures-announces-senior-leadership-changes/,globalbankingandfinance.com,English,0.0,gdelt_gkg
KGC,2021-01-08,Гонка сбережений . Куда вкладывать деньги в 2021 году,https://life.ru/p/1359404,life.ru,Russian,0.0,gdelt_gkg
KGC,2021-01-08,"FutureFuel Corp . ( NYSE : FF ), Kinross Gold Corporation ( NYSE : KGC ) - A Look Into Basic Materials Sector Value Stocks",https://www.benzinga.com/news/earnings/21/01/19077060/a-look-into-basic-materials-sector-value-stocks,benzinga.com,English,0.0,gdelt_gkg
KGC,2021-01-09,+++ GEHEIMNIS GELÜFTET +++ : SENSATION : Manager - Legende von Kinross Gold wechselt das Pferd und steigt bei neuer Firma ein ! Sofort handeln ! ,https://www.finanznachrichten.de/nachrichten-2021-01/51687600-geheimnis-gelueftet-sensation-manager-legende-von-kinross-gold-wechselt-das-pferd-und-steigt-bei-neuer-firma-ein-sofort-handeln-336.htm,finanznachrichten.de,German,0.0,gdelt_gkg
KGC,2021-01-09,5 Sizzling Stocks to Buy Under $10 With Big 2021 Upside Potential,https://www.msn.com/en-us/money/markets/5-sizzling-stocks-to-buy-under-dollar10-with-big-2021-upside-potential/ar-BB1cBsgr,msn.com,English,0.0,gdelt_gkg
KGC,2021-01-11,Wolfden Reports Additional High Grade in Footwall Lens at Pickett Mt,https://www.newjerseytelegraph.com/news/267500729/wolfden-reports-additional-high-grade-in-footwall-lens-at-pickett-mt,newjerseytelegraph.com,English,0.0,gdelt_gkg
KGC,2021-01-11,Analysts Predict a Wave of Mergers and Acquisitions Among Gold in 2021,https://investorplace.com/2021/01/analysts-predict-a-wave-of-mergers-and-acquisitions-among-gold-mining-in-2021/,investorplace.com,English,0.0,gdelt_gkg
KGC,2021-01-11,Analysts Predict a Wave of M & A Among Gold Miners in 2021,https://www.msn.com/en-us/money/markets/analysts-predict-a-wave-of-m-a-among-gold-miners-in-2021/ar-BB1cF39d,msn.com,English,0.0,gdelt_gkg
KGC,2021-01-11,Wolfden Reports Additional High Grade in Footwall Lens at Pickett Mt,https://www.pittsburghstar.com/news/267500729/wolfden-reports-additional-high-grade-in-footwall-lens-at-pickett-mt,pittsburghstar.com,English,0.0,gdelt_gkg
KGC,2021-01-11,Wolfden Reports Additional High Grade in Footwall Lens at Pickett Mt,https://www.tennesseedaily.com/news/267500729/wolfden-reports-additional-high-grade-in-footwall-lens-at-pickett-mt,tennesseedaily.com,English,0.0,gdelt_gkg
KGC,2021-01-11,Wolfden Reports Additional High Grade in Footwall Lens at Pickett Mt,https://www.hawaiitelegraph.com/news/267500729/wolfden-reports-additional-high-grade-in-footwall-lens-at-pickett-mt,hawaiitelegraph.com,English,0.0,gdelt_gkg
KGC,2021-01-11,Wolfden Reports Additional High Grade in Footwall Lens at Pickett Mt,https://www.theusnews.com/news/267500729/wolfden-reports-additional-high-grade-in-footwall-lens-at-pickett-mt,theusnews.com,English,0.0,gdelt_gkg
KGC,2021-01-11,Wolfden Reports Additional High Grade in Footwall Lens at Pickett Mt,https://www.clevelandstar.com/news/267500729/wolfden-reports-additional-high-grade-in-footwall-lens-at-pickett-mt,clevelandstar.com,English,0.0,gdelt_gkg
KGC,2021-01-11,Wolfden Reports Additional High Grade in Footwall Lens at Pickett Mt,https://www.phoenixherald.com/news/267500729/wolfden-reports-additional-high-grade-in-footwall-lens-at-pickett-mt,phoenixherald.com,English,0.0,gdelt_gkg
KGC,2021-01-11,Wolfden Reports Additional High Grade in Footwall Lens at Pickett Mt,https://www.nashvilleherald.com/news/267500729/wolfden-reports-additional-high-grade-in-footwall-lens-at-pickett-mt,nashvilleherald.com,English,0.0,gdelt_gkg
KGC,2021-01-11,Wolfden Reports Additional High Grade in Footwall Lens at Pickett Mt,https://www.memphissun.com/news/267500729/wolfden-reports-additional-high-grade-in-footwall-lens-at-pickett-mt,memphissun.com,English,0.0,gdelt_gkg
KGC,2021-01-11,"Precious Metals Market Analysis 2017 : Industry Size , Share , Key Players , ROI Analysis , Trend and Forecast to 2027",https://www.marketwatch.com/press-release/precious-metals-market-analysis-2017-industry-size-share-key-players-roi-analysis-trend-and-forecast-to-2027-2021-01-11,marketwatch.com,English,0.0,gdelt_gkg
KGC,2021-01-11,Wolfden Reports Additional High Grade in Footwall Lens at Pickett Mt,https://www.stlouisstar.com/news/267500729/wolfden-reports-additional-high-grade-in-footwall-lens-at-pickett-mt,stlouisstar.com,English,0.0,gdelt_gkg
KGC,2021-01-11,Wolfden Reports Additional High Grade in Footwall Lens at Pickett Mt,https://www.saltlakecitysun.com/news/267500729/wolfden-reports-additional-high-grade-in-footwall-lens-at-pickett-mt,saltlakecitysun.com,English,0.0,gdelt_gkg
KGC,2021-01-11,Wolfden Reports Additional High Grade in Footwall Lens at Pickett Mt,https://www.baltimorestar.com/news/267500729/wolfden-reports-additional-high-grade-in-footwall-lens-at-pickett-mt,baltimorestar.com,English,0.0,gdelt_gkg
KGC,2021-01-11,Wolfden Reports Additional High Grade in Footwall Lens at Pickett Mt,https://www.bostonstar.com/news/267500729/wolfden-reports-additional-high-grade-in-footwall-lens-at-pickett-mt,bostonstar.com,English,0.0,gdelt_gkg
KGC,2021-01-11,Wolfden Resources Corporation : Wolfden Reports Additional High Grade in Footwall Lens at Pickett Mt,https://www.finanznachrichten.de/nachrichten-2021-01/51694804-wolfden-resources-corporation-wolfden-reports-additional-high-grade-in-footwall-lens-at-pickett-mt-200.htm,finanznachrichten.de,English,0.0,gdelt_gkg
KGC,2021-01-11,Wolfden Reports Additional High Grade in Footwall Lens at Pickett Mt,https://www.dallassun.com/news/267500729/wolfden-reports-additional-high-grade-in-footwall-lens-at-pickett-mt,dallassun.com,English,0.0,gdelt_gkg
KGC,2021-01-11,Wolfden Reports Additional High Grade in Footwall Lens at Pickett Mt,https://www.albuquerqueexpress.com/news/267500729/wolfden-reports-additional-high-grade-in-footwall-lens-at-pickett-mt,albuquerqueexpress.com,English,0.0,gdelt_gkg
KGC,2021-01-11,Wolfden Reports Additional High Grade in Footwall Lens at Pickett Mt,https://www.torontotelegraph.com/news/267500729/wolfden-reports-additional-high-grade-in-footwall-lens-at-pickett-mt,torontotelegraph.com,English,0.0,gdelt_gkg
KGC,2021-01-11,Wolfden Reports Additional High Grade in Footwall Lens at Pickett Mt,https://www.californiatelegraph.com/news/267500729/wolfden-reports-additional-high-grade-in-footwall-lens-at-pickett-mt,californiatelegraph.com,English,0.0,gdelt_gkg
KGC,2021-01-12,Gold investors target  excessive  executive payouts amid deals,https://www.mining.com/web/gold-investors-target-excessive-executive-payouts-amid-deals/,mining.com,English,0.0,gdelt_gkg
KGC,2021-01-12,"Millrock Forms Strategic Alliance With Felix Gold and Vends Three Projects , Fairbanks Gold District , Alaska",https://www.wicz.com/story/43161812/millrock-forms-strategic-alliance-with-felix-gold-and-vends-three-projects-fairbanks-gold-district-alaska,wicz.com,English,0.0,gdelt_gkg
KGC,2021-01-12,Gold investors target  excessive  executive payouts amid deals,https://www.reuters.com/article/us-mining-investors-payouts/gold-investors-target-excessive-executive-payouts-amid-deals-idUSKBN29H1AM,reuters.com,English,0.0,gdelt_gkg
KGC,2021-01-12,Wolfden Reports Additional High Grade in Footwall Lens at Pickett Mt,https://apnews.com/press-release/accesswire/business-government-business-and-finance-products-and-services-government-regulations-precious-metal-markets-7cac03384f6cce7797775056d162ae78,apnews.com,English,0.0,gdelt_gkg
KGC,2021-01-12,Gold investors target  excessive  executive payouts as high prices spur deal - making,https://www.theglobeandmail.com/business/industry-news/energy-and-resources/article-gold-investors-target-excessive-executive-payouts-as-high-prices-spur/,theglobeandmail.com,English,0.0,gdelt_gkg
KGC,2021-01-13,"Navajo Nation , New Mexico reach settlements over mine spill",https://www.valdostadailytimes.com/news/national_international/navajo-nation-new-mexico-reach-settlements-over-mine-spill/article_adca50df-b941-56f0-ab74-4bc7bfa391dc.html,valdostadailytimes.com,English,0.0,gdelt_gkg
KGC,2021-01-13,"Navajo Nation , New Mexico reach settlements over mine spill",https://tucson.com/news/national/navajo-nation-new-mexico-reach-settlements-over-mine-spill/article_96b40b0d-083c-523f-8ad1-abe8c5d444de.html,tucson.com,English,0.0,gdelt_gkg
KGC,2021-01-13,"Navajo Nation , New Mexico reach settlements over mine spill",https://missoulian.com/news/national/navajo-nation-new-mexico-reach-settlements-over-mine-spill/article_a0c9d2fb-87d6-5bbd-8bf3-559f674fd1e0.html,missoulian.com,English,0.0,gdelt_gkg
KGC,2021-01-13,"Navajo Nation , New Mexico reach settlements over mine spill",https://www.news8000.com/i/navajo-nation-new-mexico-reach-settlements-over-mine-spill/,news8000.com,English,0.0,gdelt_gkg
KGC,2021-01-13,"Navajo Nation , New Mexico reach settlements over mine spill",https://www.kxly.com/i/navajo-nation-new-mexico-reach-settlements-over-mine-spill/,kxly.com,English,0.0,gdelt_gkg
KGC,2021-01-13,"Navajo Nation , New Mexico reach settlements over mine spill",https://nptelegraph.com/news/national/navajo-nation-new-mexico-reach-settlements-over-mine-spill/article_81b6fe6f-94e6-57e6-baca-ef124b08d0a9.html,nptelegraph.com,English,0.0,gdelt_gkg
KGC,2021-01-13,"Navajo Nation , New Mexico reach settlements over mine spill",https://abcnews.go.com/Business/wireStory/navajo-nation-mexico-reach-settlements-mine-spill-75233378,abcnews.go.com,English,0.0,gdelt_gkg
KGC,2021-01-13,"Navajo Nation , New Mexico reach multi - million dollar settlements over mine spill",https://www.nbcnews.com/news/us-news/navajo-nation-new-mexico-reach-multi-million-dollar-settlements-over-n1254169,nbcnews.com,English,0.0,gdelt_gkg
KGC,2021-01-13,"Navajo Nation , New Mexico reach settlements over mine spill",https://globegazette.com/news/national/navajo-nation-new-mexico-reach-settlements-over-mine-spill/article_0e888025-089f-5923-9fb0-b76fdee37bee.html,globegazette.com,English,0.0,gdelt_gkg
KGC,2021-01-13,"Navajo Nation , New Mexico reach settlements over mine s ... ",https://accesswdun.com/article/2021/1/970960,accesswdun.com,English,0.0,gdelt_gkg
KGC,2021-01-13,"Navajo Nation , New Mexico reach settlements over mine spill",https://www.washingtontimes.com/news/2021/jan/13/navajo-nation-new-mexico-reach-settlements-over-mi/,washingtontimes.com,English,0.0,gdelt_gkg
KGC,2021-01-13,"Navajo Nation , New Mexico Reach Settlements Over Mine Spill",https://www.courthousenews.com/navajo-nation-new-mexico-reach-settlements-over-mine-spill/,courthousenews.com,English,0.0,gdelt_gkg
KGC,2021-01-13,"Navajo Nation , New Mexico reach settlements over mine spill",https://siouxcityjournal.com/news/national/navajo-nation-new-mexico-reach-settlements-over-mine-spill/article_0b31f73f-c572-5fcd-8a44-63ddbfd1c90e.html,siouxcityjournal.com,English,0.0,gdelt_gkg
KGC,2021-01-13,"Navajo Nation , New Mexico reach settlements over mine spill",https://www.thepublicopinion.com/ap/national/navajo-nation-new-mexico-reach-settlements-over-mine-spill/article_0f6ae423-db3e-5a17-84ed-aa929c69ddb3.html,thepublicopinion.com,English,0.0,gdelt_gkg
KGC,2021-01-13,New Mexico reaches $11 million settlement with mining company over Gold King spill,https://durangoherald.com/articles/360431-new-mexico-reaches-11-million-settlement-with-mining-company-over-gold-king-spill,durangoherald.com,English,0.0,gdelt_gkg
KGC,2021-01-13,"Navajo Nation , New Mexico reach settlements over mine spill",https://www.ivpressonline.com/business/navajo-nation-new-mexico-reach-settlements-over-mine-spill/article_5d584a7f-6d6c-55d7-9aef-4a03de4d1827.html,ivpressonline.com,English,0.0,gdelt_gkg
KGC,2021-01-13,"Navajo Nation , New Mexico reach settlements over mine spill",https://mynorthwest.com/2454330/navajo-nation-new-mexico-reach-settlements-over-mine-spill/,mynorthwest.com,English,0.0,gdelt_gkg
KGC,2021-01-13,"Navajo Nation , New Mexico reach settlements over mine spill",https://www.wfmj.com/story/43169893/navajo-nation-new-mexico-reach-settlements-over-mine-spill,wfmj.com,English,0.0,gdelt_gkg
KGC,2021-01-13,"Navajo Nation , New Mexico reach settlements over mine spill",https://www.thetelegraph.com/news/article/Navajo-Nation-New-Mexico-reach-settlements-over-15867970.php,thetelegraph.com,English,0.0,gdelt_gkg
KGC,2021-01-13,"Navajo Nation , New Mexico reach settlements over mine spill",https://omaha.com/news/national/navajo-nation-new-mexico-reach-settlements-over-mine-spill/article_a6889c49-c205-5db5-898e-833dc836e6a1.html,omaha.com,English,0.0,gdelt_gkg
KGC,2021-01-13,Investegate |Cornish Metals Inc . Announcements | Cornish Metals Inc .: Cornish Metals announces intention to float,https://www.investegate.co.uk/cornish-metals-inc---cusn-/rns/cornish-metals-announces-intention-to-float/202101130700085152L/,investegate.co.uk,English,0.0,gdelt_gkg
KGC,2021-01-13,Osisko Announces Preliminary Q4 2020 Sales and Provides Royalty & Stream Portfolio Update - Press Release,http://www.digitaljournal.com/pr/4939684,digitaljournal.com,English,0.0,gdelt_gkg
KGC,2021-01-13,Blue Rhino Capital Corp : Blue Rhino Signs Letter of Intent to Acquire Zebediela Nickel Project,https://www.finanznachrichten.de/nachrichten-2021-01/51720892-blue-rhino-capital-corp-blue-rhino-signs-letter-of-intent-to-acquire-zebediela-nickel-project-296.htm,finanznachrichten.de,English,0.0,gdelt_gkg
KGC,2021-01-13,"Navajo Nation , New Mexico reach settlements over mine spill",https://www.stltoday.com/news/national/navajo-nation-new-mexico-reach-settlements-over-mine-spill/article_1c04bd73-dd79-566d-a72c-271e3f5eb7ce.html,stltoday.com,English,0.0,gdelt_gkg
KGC,2021-01-13,Blue Rhino Signs Letter of Intent to Acquire Zebediela Nickel Project,https://www.marketwatch.com/press-release/blue-rhino-signs-letter-of-intent-to-acquire-zebediela-nickel-project-2021-01-13,marketwatch.com,English,0.0,gdelt_gkg
KGC,2021-01-13,NM Settles with mining companies responsible for 2015 Gold King Mine disaster,http://www.ksje.com/news/local-news/nm-settles-with-mining-companies-responsible-for-2015-gold-king-mine-disaster/,ksje.com,English,0.0,gdelt_gkg
KGC,2021-01-13,"Navajo Nation , New Mexico reach settlements over mine spill",https://www.mymotherlode.com/news/national/us-government/1477031/navajo-nation-new-mexico-reach-settlements-over-mine-spill.html,mymotherlode.com,English,0.0,gdelt_gkg
KGC,2021-01-13,Investegate |URU Metals Limited Announcements | URU Metals Limited : Potential disposal of Zebediela Project,https://www.investegate.co.uk/uru-metals-limited--uru-/rns/potential-disposal-of-zebediela-project/202101131721526128L/,investegate.co.uk,English,0.0,gdelt_gkg
KGC,2021-01-13,Mining company to pay state $11 million for Gold King toxic spill,https://www.santafenewmexican.com/news/local_news/mining-company-to-pay-state-11-million-for-gold-king-toxic-spill/article_c2cd6db6-55d6-11eb-8fe9-07a5cf943fa5.html,santafenewmexican.com,English,0.0,gdelt_gkg
KGC,2021-01-13,"Navajo Nation , New Mexico reach settlements over mine spill",https://www.lmtonline.com/news/article/Navajo-Nation-New-Mexico-reach-settlements-over-15867970.php,lmtonline.com,English,0.0,gdelt_gkg
KGC,2021-01-13,"Navajo Nation , New Mexico reach settlements over mine spill",https://www.chronicleonline.com/news/national/navajo-nation-new-mexico-reach-settlements-over-mine-spill/article_2c95977f-20df-5e18-acc9-e4bccdc1f146.html,chronicleonline.com,English,0.0,gdelt_gkg
KGC,2021-01-13,"Navajo Nation , New Mexico reach settlements over mine spill",https://abcnews.go.com/Health/wireStory/navajo-nation-mexico-reach-settlements-mine-spill-75231171,abcnews.go.com,English,0.0,gdelt_gkg
KGC,2021-01-13,"Navajo Nation , New Mexico reach settlements over mine spill",https://www.680news.com/2021/01/13/navajo-nation-new-mexico-reach-settlements-over-mine-spill/,680news.com,English,0.0,gdelt_gkg
KGC,2021-01-13,"Navajo Nation , New Mexico reach settlements over mine spill",https://www.heraldpalladium.com/news/wire/navajo-nation-new-mexico-reach-settlements-over-mine-spill/article_545d3b89-29ba-5bbc-9151-8b74f5abe09c.html,heraldpalladium.com,English,0.0,gdelt_gkg
KGC,2021-01-13,"Navajo Nation , New Mexico reach settlements over mine spill",https://www.michigansthumb.com/news/article/Navajo-Nation-New-Mexico-reach-settlements-over-15867970.php,michigansthumb.com,English,0.0,gdelt_gkg
KGC,2021-01-14,"Navajo Nation , New Mexico reach settlements over mine spill",https://yorknewstimes.com/news/national/navajo-nation-new-mexico-reach-settlements-over-mine-spill/article_9f6fde01-cf5d-54eb-b832-3cf4bd04b951.html,yorknewstimes.com,English,0.0,gdelt_gkg
KGC,2021-01-14,"Navajo Nation , New Mexico reach settlements over mine spill",https://www.newspressnow.com/news/national_news/navajo-nation-new-mexico-reach-settlements-over-mine-spill/article_a2d25c43-fe7d-54d9-a4d0-c9b8bb28b98d.html,newspressnow.com,English,0.0,gdelt_gkg
KGC,2021-01-14,"Navajo Nation , New Mexico reach settlements over mine spill",https://herald-review.com/news/national/navajo-nation-new-mexico-reach-settlements-over-mine-spill/article_cc71e155-ff34-5090-9e83-1dac230ff7a9.html,herald-review.com,English,0.0,gdelt_gkg
KGC,2021-01-14,"Navajo Nation , New Mexico reach settlements over mine spill",https://columbustelegram.com/news/national/navajo-nation-new-mexico-reach-settlements-over-mine-spill/article_f3794f9e-b96e-5c82-bc46-371cdca8515d.html,columbustelegram.com,English,0.0,gdelt_gkg
KGC,2021-01-14,"Navajo Nation , New Mexico reach settlements over mine spill",https://www.channel3000.com/i/navajo-nation-new-mexico-reach-settlements-over-mine-spill/,channel3000.com,English,0.0,gdelt_gkg
KGC,2021-01-14,"Navajo Nation , New Mexico reach settlements over mine spill",https://www.wfmz.com/news/navajo-nation-new-mexico-reach-settlements-over-mine-spill/article_601845e2-16f1-57db-9400-59fb1b97d45d.html,wfmz.com,English,0.0,gdelt_gkg
KGC,2021-01-14,"Navajo Nation , New Mexico reach settlements over mine spill",https://journalstar.com/news/national/navajo-nation-new-mexico-reach-settlements-over-mine-spill/article_c22fd4d0-5087-5332-bf57-531fa618777b.html,journalstar.com,English,0.0,gdelt_gkg
KGC,2021-01-14,"Navajo Nation , New Mexico reach settlements over mine spill",https://billingsgazette.com/news/national/navajo-nation-new-mexico-reach-settlements-over-mine-spill/article_8398b6ed-2841-5260-9429-8707bf3aea12.html,billingsgazette.com,English,0.0,gdelt_gkg
KGC,2021-01-14,"Navajo Nation , New Mexico reach settlements over mine spill",https://www.wboc.com/story/43169893/navajo-nation-new-mexico-reach-settlements-over-mine-spill,wboc.com,English,0.0,gdelt_gkg
KGC,2021-01-14,Mining company to pay New Mexico $11 million for toxic Gold King spill,https://www.santafenewmexican.com/news/local_news/mining-company-to-pay-new-mexico-11-million-for-toxic-gold-king-spill/article_c2cd6db6-55d6-11eb-8fe9-07a5cf943fa5.html,santafenewmexican.com,English,0.0,gdelt_gkg
KGC,2021-01-14,"Navajo Nation , New Mexico reach settlements over mine spill",https://www.startribune.com/navajo-nation-new-mexico-reach-settlements-over-mine-spill/600010143/,startribune.com,English,0.0,gdelt_gkg
KGC,2021-01-14,"Navajo Nation , New Mexico reach settlements over mine spill",https://journaltimes.com/news/national/navajo-nation-new-mexico-reach-settlements-over-mine-spill/article_4d90cf2f-7d92-5358-b973-8c19d16c276e.html,journaltimes.com,English,0.0,gdelt_gkg
KGC,2021-01-14,"Navajo Nation , New Mexico reach settlements over mine spill",https://www.theintelligencer.com/news/article/Navajo-Nation-New-Mexico-reach-settlements-over-15867970.php,theintelligencer.com,English,0.0,gdelt_gkg
KGC,2021-01-14,"Navajo Nation , New Mexico reach settlements over mine spill",https://fredericksburg.com/news/national/navajo-nation-new-mexico-reach-settlements-over-mine-spill/article_845f24b5-cd8a-5109-8902-4276211a3fc0.html,fredericksburg.com,English,0.0,gdelt_gkg
KGC,2021-01-14,"Navajo Nation , New Mexico reach settlements over mine spill",https://www.argus-press.com/news/national/article_8fd500bf-973a-5325-83c2-bb359944fb28.html,argus-press.com,English,0.0,gdelt_gkg
KGC,2021-01-14,"Navajo Nation , New Mexico reach settlements over mine spill",https://thetandd.com/news/national/navajo-nation-new-mexico-reach-settlements-over-mine-spill/article_0310de0c-72c0-54b1-bc7f-3945889c8deb.html,thetandd.com,English,0.0,gdelt_gkg
KGC,2021-01-14,"Navajo Nation , New Mexico reach settlements over mine spill",https://www.bozemandailychronicle.com/ap_news/us/navajo-nation-new-mexico-reach-settlements-over-mine-spill/article_4207f550-9201-50a7-acb0-6154fe58e826.html,bozemandailychronicle.com,English,0.0,gdelt_gkg
KGC,2021-01-14,"Navajo Nation , New Mexico reach settlements over mine spill",http://www.dailyjournal.net/2021/01/13/us-mine-spill-settlements/,dailyjournal.net,English,0.0,gdelt_gkg
KGC,2021-01-14,Osisko meldet vorläufige Umsätze für Q4 2020 und gibt Aktualisierung des Lizenzgebühren - und Streamportfolios bekannt,https://www.mittelstandcafe.de/osisko-meldet-vorl-ufige-ums-tze-f-r-q4-2020-und-gibt-aktualisierung-des-lizenzgeb-hren-und-streamportfolios-bekannt-1873304.html,mittelstandcafe.de,German,0.0,gdelt_gkg
KGC,2021-01-14,Osisko meldet vorläufige Umsätze für Q4 2020 und gibt Aktualisierung des Lizenzgebühren - und Streamportfolios bekannt,https://www.mittelstandcafe.de/osisko-meldet-vorlund-228-ufige-umsund-228-tze-fund-252-r-q4-2020-und-gibt-aktualisierung-des-lizenzgebund-252-hren-und-streamportfolios-bekannt-br-1873315.html,mittelstandcafe.de,German,0.0,gdelt_gkg
KGC,2021-01-14,"New Mexico , Navajo Nation settle for Gold King Mine spill",https://www.ruidosonews.com/story/news/local/navajo-nation/2021/01/13/new-mexico-navajo-nation-settle-gold-king-mine-spill/4146181001/,ruidosonews.com,English,0.0,gdelt_gkg
KGC,2021-01-14,"Navajo Nation , New Mexico reach settlements over mine spill",http://www.therepublic.com/2021/01/13/us-mine-spill-settlements/,therepublic.com,English,0.0,gdelt_gkg
KGC,2021-01-14,"Navajo Nation , New Mexico reach settlements over mine spill",https://magicvalley.com/news/national/navajo-nation-new-mexico-reach-settlements-over-mine-spill/article_15a87994-c103-5be5-a96c-eb3cf9d4c17a.html,magicvalley.com,English,0.0,gdelt_gkg
KGC,2021-01-14,"Navajo Nation , New Mexico reach settlements over mine spill",http://www.tribtown.com/2021/01/13/us-mine-spill-settlements/,tribtown.com,English,0.0,gdelt_gkg
KGC,2021-01-14,"Navajo Nation , New Mexico reach settlements over mine spill",https://lancasteronline.com/news/navajo-nation-new-mexico-reach-settlements-over-mine-spill/article_fe9d8370-0362-52e3-917d-2bec0a8bbb80.html,lancasteronline.com,English,0.0,gdelt_gkg
KGC,2021-01-14,"Navajo Nation , New Mexico reach settlements over mine spill",https://qconline.com/news/national/navajo-nation-new-mexico-reach-settlements-over-mine-spill/article_3f02e55a-1454-56b1-a888-6e616d802201.html,qconline.com,English,0.0,gdelt_gkg
KGC,2021-01-14,Navajo Nation reaches deal with mining firms in toxic 2015 spill,https://www.aljazeera.com/news/2021/1/14/navajo-nation-new-mexico-reach-mi-over-mine-spill,aljazeera.com,English,0.0,gdelt_gkg
KGC,2021-01-14,Osisko Announces Preliminary Q4 2020 Sales and Provides Royalty & Stream Portfolio Update,https://www.marketwatch.com/press-release/osisko-announces-preliminary-q4-2020-sales-and-provides-royalty-stream-portfolio-update-2021-01-13,marketwatch.com,English,0.0,gdelt_gkg
KGC,2021-01-14,Cornish Metals Announces Intention to Float on the AIM Market of the London Stock Exchange and an Equity Raise of Up to £5 Million to Advance the United Downs Copper - Tin Project – Padovanews,http://www.padovanews.it/2021/01/14/cornish-metals-announces-intention-to-float-on-the-aim-market-of-the-london-stock-exchange-and-an-equity-raise-of-up-to-5-million-to-advance-the-united-downs-copper-tin-project/,padovanews.it,English,0.0,gdelt_gkg
KGC,2021-01-14,The Drilldown : Chesapeake Energy goes bankrupt,https://ipolitics.ca/2021/01/14/the-drilldown-chesapeake-energy-goes-bankrupt/,ipolitics.ca,English,0.0,gdelt_gkg
KGC,2021-01-14,Gold pushes S & P / TSX composite higher to start 2021 while U . S . markets fall,https://www.prpeak.com/gold-pushes-s-p-tsx-composite-higher-to-start-2021-while-u-s-markets-fall-1.24262411,prpeak.com,English,0.0,gdelt_gkg
KGC,2021-01-14,Osisko announces preliminary Q4 2020 sales and provides royalty portfolio update,https://www.so-co-it.com/post/627462/osisko-announces-preliminary-q4-2020-sales-and-provides-royaltyundstream-portfolio-update.html,so-co-it.com,English,0.0,gdelt_gkg
KGC,2021-01-14,Navajo Nation reaches deal with mining firms in toxic 2015 spill,http://www.msn.com/en-nz/news/world/navajo-nation-reaches-deal-with-mining-firms-in-toxic-2015-spill/ar-BB1cJSdb,msn.com,English,0.0,gdelt_gkg
KGC,2021-01-14,Thursday analyst upgrades and downgrades - The Globe and Mail,https://www.theglobeandmail.com/investing/markets/inside-the-market/article-thursdays-analyst-upgrades-and-downgrades-144/,theglobeandmail.com,English,0.0,gdelt_gkg
KGC,2021-01-14,NM Prepares for Potentially Volatile Protests,https://www.sfreporter.com/news/morningword/2021/01/14/nm-prepares-for-potentially-volatile-protests/,sfreporter.com,English,0.0,gdelt_gkg
KGC,2021-01-14,State Of New Mexico Settles With Mining Companies Responsible For 2015 Gold King Mine Disaster,https://losalamosreporter.com/2021/01/13/state-of-new-mexico-settles-with-mining-companies-responsible-for-2015-gold-king-mine-disaster/,losalamosreporter.com,English,0.0,gdelt_gkg
KGC,2021-01-15,Fear a Market Crash in 2021 ? 3 Top Stocks to Buy Right Now,https://www.fool.ca/2021/01/14/fear-a-market-crash-in-2021-3-top-stocks-to-buy-right-now/,fool.ca,English,0.0,gdelt_gkg
KGC,2021-01-15,"Settlement reached over mine spills | News , Sports , Jobs",https://www.leaderherald.com/uncategorized/2021/01/settlement-reached-over-mine-spills/,leaderherald.com,English,0.0,gdelt_gkg
KGC,2021-01-15,State wins settlement over mining accident | Roswell Daily Record,https://www.rdrnews.com/2021/01/14/state-wins-settlement-over-mining-accident/,rdrnews.com,English,0.0,gdelt_gkg
KGC,2021-01-15,Navajo Nation Reaches Settlements with Mining Companies,https://www.insurancejournal.com/news/west/2021/01/15/597689.htm,insurancejournal.com,English,0.0,gdelt_gkg
KGC,2021-01-15,"Precious Metals Market - Industry Analysis and Forecast ( 2017 - 2023 ) by Form , by End - Use , by Application and by Region . ",https://www.newyorktelegraph.com/news/267547871/precious-metals-market---industry-analysis-and-forecast-2017-2023-by-form-by-end-use-by-application-and-by-region,newyorktelegraph.com,English,0.0,gdelt_gkg
KGC,2021-01-15,"Precious Metals Market - Industry Analysis and Forecast ( 2017 - 2023 ) by Form , by End - Use , by Application and by Region . ",https://www.sandiegosun.com/news/267547871/precious-metals-market---industry-analysis-and-forecast-2017-2023-by-form-by-end-use-by-application-and-by-region,sandiegosun.com,English,0.0,gdelt_gkg
KGC,2021-01-16,"Precious Metals Market - Industry Analysis and Forecast ( 2017 - 2023 ) by Form , by End - Use , by Application and by Region . ",https://www.texasguardian.com/news/267547871/precious-metals-market---industry-analysis-and-forecast-2017-2023-by-form-by-end-use-by-application-and-by-region,texasguardian.com,English,0.0,gdelt_gkg
KGC,2021-01-16,White Rock Minerals Ltd prepares for bumper 2021 at highly prospective Last Chance Gold Target in Alaska,http://www.proactiveinvestors.com.au/companies/news/938135/white-rock-minerals-prepares-for-bumper-2021-at-highly-prospective-last-chance-gold-target-in-alaska-938135.html,proactiveinvestors.com.au,English,0.0,gdelt_gkg
KGC,2021-01-17,State Of New Mexico Reaches $11M Settlement With Companies Responsible For 2015 Gold King Mine Disaster,https://ladailypost.com/new-mexico-reaches-11m-settlement-on-gold-king-mine-disaster/,ladailypost.com,English,0.0,gdelt_gkg
KGC,2021-01-17,AP Story,http://www.talkradio1170.com/ap-story/a84295097c84e662d2bfb12071d1a5be,talkradio1170.com,English,0.0,gdelt_gkg
KGC,2021-01-17,AP Story,http://www.talkradio1170.com/ap-story/dc26645bad83c2aa8f46c4e753a00f10,talkradio1170.com,English,0.0,gdelt_gkg
KGC,2021-01-18,"Royal Gold , Inc . ( NASDAQ : RGLD ), Kinross Gold Corporation ( NYSE : KGC ) - 2 Undervalued Gold Miners , According To RBC",https://www.benzinga.com/21/01/19206098/2-undervalued-gold-miners-according-to-rbc,benzinga.com,English,0.0,gdelt_gkg
KGC,2021-01-18,Wolfden Arranges $2M Financing with its Strategic Partners Altius Minerals Corporation and Kinross Gold Corporation,https://www.saltlakecitysun.com/news/267570381/wolfden-arranges-2m-financing-with-its-strategic-partners-altius-minerals-corporation-and-kinross-gold-corporation,saltlakecitysun.com,English,0.0,gdelt_gkg
KGC,2021-01-18,Wolfden Arranges $2M Financing with its Strategic Partners Altius Minerals Corporation and Kinross Gold Corporation,https://www.memphissun.com/news/267570381/wolfden-arranges-2m-financing-with-its-strategic-partners-altius-minerals-corporation-and-kinross-gold-corporation,memphissun.com,English,0.0,gdelt_gkg
KGC,2021-01-18,Wolfden Arranges $2M Financing with its Strategic Partners Altius Minerals Corporation and Kinross Gold Corporation,https://www.albuquerqueexpress.com/news/267570381/wolfden-arranges-2m-financing-with-its-strategic-partners-altius-minerals-corporation-and-kinross-gold-corporation,albuquerqueexpress.com,English,0.0,gdelt_gkg
KGC,2021-01-18,Wolfden Arranges $2M Financing with its Strategic Partners Altius Minerals Corporation and Kinross Gold Corporation,https://www.tennesseedaily.com/news/267570381/wolfden-arranges-2m-financing-with-its-strategic-partners-altius-minerals-corporation-and-kinross-gold-corporation,tennesseedaily.com,English,0.0,gdelt_gkg
KGC,2021-01-18,Wolfden Arranges $2M Financing with its Strategic Partners Altius Minerals Corporation and Kinross Gold Corporation,https://www.clevelandstar.com/news/267570381/wolfden-arranges-2m-financing-with-its-strategic-partners-altius-minerals-corporation-and-kinross-gold-corporation,clevelandstar.com,English,0.0,gdelt_gkg
KGC,2021-01-18,Wolfden Arranges $2M Financing with its Strategic Partners Altius Minerals Corporation and Kinross Gold Corporation,https://www.newjerseytelegraph.com/news/267570381/wolfden-arranges-2m-financing-with-its-strategic-partners-altius-minerals-corporation-and-kinross-gold-corporation,newjerseytelegraph.com,English,0.0,gdelt_gkg
KGC,2021-01-18,Wolfden Arranges $2M Financing with its Strategic Partners Altius Minerals Corporation and Kinross Gold Corporation,https://www.pittsburghstar.com/news/267570381/wolfden-arranges-2m-financing-with-its-strategic-partners-altius-minerals-corporation-and-kinross-gold-corporation,pittsburghstar.com,English,0.0,gdelt_gkg
KGC,2021-01-18,Wolfden Arranges $2M Financing with its Strategic Partners Altius Minerals Corporation and Kinross Gold Corporation,https://www.baltimorestar.com/news/267570381/wolfden-arranges-2m-financing-with-its-strategic-partners-altius-minerals-corporation-and-kinross-gold-corporation,baltimorestar.com,English,0.0,gdelt_gkg
KGC,2021-01-18,Wolfden Arranges $2M Financing with its Strategic Partners Altius Minerals Corporation and Kinross Gold Corporation,https://www.dallassun.com/news/267570381/wolfden-arranges-2m-financing-with-its-strategic-partners-altius-minerals-corporation-and-kinross-gold-corporation,dallassun.com,English,0.0,gdelt_gkg
KGC,2021-01-18,Wolfden Arranges $2M Financing with its Strategic Partners Altius Minerals Corporation and Kinross Gold Corporation,https://www.stlouisstar.com/news/267570381/wolfden-arranges-2m-financing-with-its-strategic-partners-altius-minerals-corporation-and-kinross-gold-corporation,stlouisstar.com,English,0.0,gdelt_gkg
KGC,2021-01-18,This Canadian Exploration Play Already Has Resource,https://www.streetwisereports.com/article/2021/01/18/this-canadian-exploration-play-already-has-a-resource.html,streetwisereports.com,English,0.0,gdelt_gkg
KGC,2021-01-18,Wolfden Arranges $2M Financing with its Strategic Partners Altius Minerals Corporation and Kinross Gold Corporation,https://www.hawaiitelegraph.com/news/267570381/wolfden-arranges-2m-financing-with-its-strategic-partners-altius-minerals-corporation-and-kinross-gold-corporation,hawaiitelegraph.com,English,0.0,gdelt_gkg
KGC,2021-01-18,Wolfden Arranges $2M Financing with its Strategic Partners Altius Minerals Corporation and Kinross Gold Corporation,https://www.phoenixherald.com/news/267570381/wolfden-arranges-2m-financing-with-its-strategic-partners-altius-minerals-corporation-and-kinross-gold-corporation,phoenixherald.com,English,0.0,gdelt_gkg
KGC,2021-01-18,NetNewsLedger - Wolfden Arranges $2M Financing with its Strategic Partners,http://www.netnewsledger.com/2021/01/18/wolfden-arranges-2m-financing-with-its-strategic-partners/,netnewsledger.com,English,0.0,gdelt_gkg
KGC,2021-01-18,Resolution Minerals identifies new Alaska gold system,https://smallcaps.com.au/resolution-minerals-identifies-new-alaska-gold-system/,smallcaps.com.au,English,0.0,gdelt_gkg
KGC,2021-01-18,Investegate |Ruffer Investment Co Announcements | Ruffer Investment Co : Investment Manager Period End Review,https://www.investegate.co.uk/ruffer-investment-co--rica-/rns/investment-manager-s-period-end-review/202101180700079292L/,investegate.co.uk,English,0.0,gdelt_gkg
KGC,2021-01-18,Wolfden Arranges $2M Financing with its Strategic Partners Altius Minerals Corporation and Kinross Gold Corporation,https://www.theusnews.com/news/267570381/wolfden-arranges-2m-financing-with-its-strategic-partners-altius-minerals-corporation-and-kinross-gold-corporation,theusnews.com,English,0.0,gdelt_gkg
KGC,2021-01-18,Wolfden Arranges $2M Financing with its Strategic Partners Altius Minerals Corporation and Kinross Gold Corporation,https://www.californiatelegraph.com/news/267570381/wolfden-arranges-2m-financing-with-its-strategic-partners-altius-minerals-corporation-and-kinross-gold-corporation,californiatelegraph.com,English,0.0,gdelt_gkg
KGC,2021-01-18,Wolfden Arranges $2M Financing with its Strategic Partners Altius Minerals Corporation and Kinross Gold Corporation,https://www.bostonstar.com/news/267570381/wolfden-arranges-2m-financing-with-its-strategic-partners-altius-minerals-corporation-and-kinross-gold-corporation,bostonstar.com,English,0.0,gdelt_gkg
KGC,2021-01-18,Wolfden Arranges $2M Financing with its Strategic Partners Altius Minerals Corporation and Kinross Gold Corporation,https://www.benzinga.com/pressreleases/21/01/ac19200327/wolfden-arranges-2m-financing-with-its-strategic-partners-altius-minerals-corporation-and-kinross,benzinga.com,English,0.0,gdelt_gkg
KGC,2021-01-18,Wolfden Resources Corporation : Wolfden Arranges $2M Financing with its Strategic Partners Altius Minerals Corporation and Kinross Gold Corporation,https://www.finanznachrichten.de/nachrichten-2021-01/51757269-wolfden-resources-corporation-wolfden-arranges-dollar-2m-financing-with-its-strategic-partners-altius-minerals-corporation-and-kinross-gold-corporation-200.htm,finanznachrichten.de,English,0.0,gdelt_gkg
KGC,2021-01-18,Wolfden Arranges $2M Financing with its Strategic Partners Altius Minerals Corporation and Kinross Gold Corporation,https://www.nashvilleherald.com/news/267570381/wolfden-arranges-2m-financing-with-its-strategic-partners-altius-minerals-corporation-and-kinross-gold-corporation,nashvilleherald.com,English,0.0,gdelt_gkg
KGC,2021-01-18,Wolfden Arranges $2M Financing with its Strategic Partners Altius Minerals Corporation and Kinross Gold Corporation,https://www.torontotelegraph.com/news/267570381/wolfden-arranges-2m-financing-with-its-strategic-partners-altius-minerals-corporation-and-kinross-gold-corporation,torontotelegraph.com,English,0.0,gdelt_gkg
KGC,2021-01-19,"Contango ORE , Inc . Announces Plans for 2021 and Launch of New Company Website",https://apnews.com/press-release/business-wire/business-alaska-corporate-news-materials-industry-national-elections-a614295da7cd43e7a273390f61aacd1b,apnews.com,English,0.0,gdelt_gkg
KGC,2021-01-19,Most actively traded companies on the Toronto Stock Exchange,https://www.newsoptimist.ca/most-actively-traded-companies-on-the-toronto-stock-exchange-1.24234189,newsoptimist.ca,English,0.0,gdelt_gkg
KGC,2021-01-19,Chukotka gold output falls 0 . 16 % to 24 . 42 tns in 2020 - All News - PRIME Business News Agency - All News Politics Economy Business Wire Financial Wire Oil Gas Chemical Industry Power Industry Metals Mining Pulp Paper Agro Commodities Transport A...,http://www.1prime.biz/news/_Chukotka_gold_output_falls_016_to_2442_tns_in_2020/0/%7B1CB2CA54-1AAB-41A4-8B96-C481DB80ACA5%7D.uif,1prime.biz,English,0.0,gdelt_gkg
KGC,2021-01-19,Chukotka gold output falls 0 . 16 % to 24 . 42 tns in 2020 - PRIME Business News Agency - All News Politics Economy Business Wire Financial Wire Oil Gas Chemical Industry Power Industry Metals Mining Pulp Paper Agro Commodities Transport Automobile C...,http://www.1prime.biz/news/0/%7B6679FCEA-9540-4CAF-916E-5A34DEFF64D8%7D.uif,1prime.biz,English,0.0,gdelt_gkg
KGC,2021-01-20,Wednesday analyst upgrades and downgrades - The Globe and Mail,https://www.theglobeandmail.com/investing/markets/inside-the-market/article-wednesdays-analyst-upgrades-and-downgrades-142/,theglobeandmail.com,English,0.0,gdelt_gkg
KGC,2021-01-20,Rockcliff Metals Corp .: Laguna Gold Property 2021 Drill Program Underway - 2020 Results Include 22 . 0 Metres Grading 2 . 18 g / t and 2 . 59 Metres Grading 8 . 90 g / t,https://www.finanznachrichten.de/nachrichten-2021-01/51781131-rockcliff-metals-corp-laguna-gold-property-2021-drill-program-underway-2020-results-include-22-0-metres-grading-2-18-g-t-and-2-59-metres-grading-8-296.htm,finanznachrichten.de,English,0.0,gdelt_gkg
KGC,2021-01-20,"Contango ORE , Inc . Announces Plans for 2021 and Launch of New Company Website",https://www.businesswire.com/news/home/20210119006035/en/Contango-ORE-Inc.-Announces-Plans-for-2021-and-Launch-of-New-Company-Website,businesswire.com,English,0.0,gdelt_gkg
KGC,2021-01-21,Number of Forecasts For Gold Point Toward The Precious Metal Performing Well in 2021,https://www.finanznachrichten.de/nachrichten-2021-01/51793349-number-of-forecasts-for-gold-point-toward-the-precious-metal-performing-well-in-2021-008.htm,finanznachrichten.de,English,0.0,gdelt_gkg
KGC,2021-01-21,Number of Forecasts For Gold Point Toward The Precious Metal Performing Well in 2021,https://www.prnewswire.com/news-releases/number-of-forecasts-for-gold-point-toward-the-precious-metal-performing-well-in-2021-301212205.html,prnewswire.com,English,0.0,gdelt_gkg
KGC,2021-01-21,White Gold Corp . Encounters Gold Mineralization on Multiple Targets ; Drills 105 g / t Au over 1 . 53m at Titan ; Trenches 2 . 16 g / t Au over 21 . 0m including 5 . 69 g / t Au over 3 . 0m and 4 . 15 g / t Au over 5 . 0m at Vertigo and Pit Samples ...,https://investingnews.com/news/gold-investing/white-gold-corp.encounters-gold-mineralization-on-multiple-targets-drills-105-gt-au-over-1.53m-at-titan-trenches-2.16-gt-au-over-21.0m-including-5.69-gt-au-over-3.0m-and-4.15-gt-au-over-5.0m-at-vertig/,investingnews.com,English,0.0,gdelt_gkg
KGC,2021-01-21,POCML 5 Announces Update to Proposed Qualifying Transaction in Collective Mining Inc . ,https://www.benzinga.com/pressreleases/21/01/g19266063/pocml-5-announces-update-to-proposed-qualifying-transaction-in-collective-mining-inc,benzinga.com,English,0.0,gdelt_gkg
KGC,2021-01-21,POCML 5 Announces Update to Proposed Qualifying Transaction in Collective Mining Inc . ,http://www.globenewswire.com/news-release/2021/01/21/2162564/0/en/POCML-5-Announces-Update-to-Proposed-Qualifying-Transaction-in-Collective-Mining-Inc.html,globenewswire.com,English,0.0,gdelt_gkg
KGC,2021-01-22,Gold Fields begins construction of Chile project,https://www.mining.com/gold-fields-begins-construction-of-chilean-project/,mining.com,English,0.0,gdelt_gkg
KGC,2021-01-22,Gold Fields begins construction of Chilean project,https://www.northernminer.com/precious-metals/gold-fields-begins-construction-of-chilean-project/1003827434/,northernminer.com,English,0.0,gdelt_gkg
KGC,2021-01-22,"3 TSX Stocks to Buy Today if You Have $1 , 000",https://www.fool.ca/2021/01/22/3-tsx-stocks-to-buy-today-if-you-have-1000-2/,fool.ca,English,0.0,gdelt_gkg
KGC,2021-01-22,"Commercial Metals Company ( NYSE : CMC ), Kinross Gold Corporation ( NYSE : KGC ) - A Look Into Basic Materials Sector Value Stocks",https://www.benzinga.com/news/earnings/21/01/19273613/a-look-into-basic-materials-sector-value-stocks,benzinga.com,English,0.0,gdelt_gkg
KGC,2021-01-22,POCML 5 Announces Update to Proposed Qualifying Transaction in Collective Mining Inc . ,https://www.marketwatch.com/press-release/pocml-5-announces-update-to-proposed-qualifying-transaction-in-collective-mining-inc-2021-01-21,marketwatch.com,English,0.0,gdelt_gkg
KGC,2021-01-22,Number of Forecasts For Gold Point Toward The Precious Metal Performing Well in 2021,https://www.marketwatch.com/press-release/number-of-forecasts-for-gold-point-toward-the-precious-metal-performing-well-in-2021-2021-01-21,marketwatch.com,English,0.0,gdelt_gkg
KGC,2021-01-22,POCML 5 Announces Update to Proposed Qualifying Transaction in Collective Mining Inc . ,https://www.globalbankingandfinance.com/category/news/pocml-5-announces-update-to-proposed-qualifying-transaction-in-collective-mining-inc/,globalbankingandfinance.com,English,0.0,gdelt_gkg
KGC,2021-01-23,NÄCHSTER PERSONAL - HAMMER : PAUKENSCHLAG und KURSEXPLOSION nächste Woche ! Superspürnase von Gold Fields komplettiert das Mega - Triumvirat ! ,https://www.finanznachrichten.de/nachrichten-2021-01/51809303-naechster-personal-hammer-paukenschlag-und-kursexplosion-naechste-woche-superspuernase-von-gold-fields-komplettiert-das-mega-triumvirat-336.htm,finanznachrichten.de,German,0.0,gdelt_gkg
KGC,2021-01-23, ** NÄCHSTER PERSONAL - HAMMER **: PAUKENSCHLAG und KURSEXPLOSION nächste Woche ! Superspürnase von Gold Fields komplettiert das Mega - Triumvirat ! ,https://www.wallstreet-online.de/nachricht/13397600-naechster-personal-hammer-paukenschlag-kursexplosion-woche-superspuernase-gold-fields-komplettiert-mega-triumvirat,wallstreet-online.de,German,0.0,gdelt_gkg
KGC,2021-01-23,"3 Turnaround Stocks With 75 % to 84 % Upside , According to Wall Street",https://www.fool.com/investing/2021/01/23/3-turnaround-stocks-75-to-84-upside-wall-street/,fool.com,English,0.0,gdelt_gkg
KGC,2021-01-25,Nächster Personal - Hammer : PAUKENSCHLAG und KURSEXPLOSION ! Superspürnase von Gold Fields komplettiert das Mega - Triumvirat ! ,https://www.wallstreet-online.de/nachricht/13397600-naechster-personal-hammer-paukenschlag-kursexplosion-superspuernase-gold-fields-komplettiert-mega-triumvirat,wallstreet-online.de,German,0.0,gdelt_gkg
KGC,2021-01-26,"Gold79 Outlines a Significant Exploration Target for Its Jefferson Canyon Gold - silver Project , Nevada",https://investingnews.com/news/gold-investing/gold79-outlines-a-significant-exploration-target-for-its-jefferson-canyon-gold-silver-project-nevada/,investingnews.com,English,0.0,gdelt_gkg
KGC,2021-01-26,"Gold79 Mines Ltd .: Gold79 Outlines a Significant Exploration Target for Its Jefferson Canyon Gold - silver Project , Nevada",https://www.finanznachrichten.de/nachrichten-2021-01/51830359-gold79-mines-ltd-gold79-outlines-a-significant-exploration-target-for-its-jefferson-canyon-gold-silver-project-nevada-296.htm,finanznachrichten.de,English,0.0,gdelt_gkg
KGC,2021-01-27,Wolfden Completes $2M Financing with its Strategic Partners,https://www.stlouisstar.com/news/267662103/wolfden-completes-2m-financing-with-its-strategic-partners,stlouisstar.com,English,0.0,gdelt_gkg
KGC,2021-01-27,Avidian Initiates Permitting Process to Drill at Amanita,https://www.marketwatch.com/press-release/avidian-initiates-permitting-process-to-drill-at-amanita-2021-01-27,marketwatch.com,English,0.0,gdelt_gkg
KGC,2021-01-27,Avidian Initiates Permitting Process to Drill at Amanita,https://www.newjerseytelegraph.com/news/267663999/avidian-initiates-permitting-process-to-drill-at-amanita,newjerseytelegraph.com,English,0.0,gdelt_gkg
KGC,2021-01-27,Wolfden Completes $2M Financing with its Strategic Partners,https://www.newjerseytelegraph.com/news/267662103/wolfden-completes-2m-financing-with-its-strategic-partners,newjerseytelegraph.com,English,0.0,gdelt_gkg
KGC,2021-01-27,Avidian Initiates Permitting Process to Drill at Amanita,https://www.nashvilleherald.com/news/267663999/avidian-initiates-permitting-process-to-drill-at-amanita,nashvilleherald.com,English,0.0,gdelt_gkg
KGC,2021-01-27,Avidian Initiates Permitting Process to Drill at Amanita,https://www.bostonstar.com/news/267663999/avidian-initiates-permitting-process-to-drill-at-amanita,bostonstar.com,English,0.0,gdelt_gkg
KGC,2021-01-27,Avidian Initiates Permitting Process to Drill at Amanita,https://www.theusnews.com/news/267663999/avidian-initiates-permitting-process-to-drill-at-amanita,theusnews.com,English,0.0,gdelt_gkg
KGC,2021-01-27,Avidian Initiates Permitting Process to Drill at Amanita,https://www.californiatelegraph.com/news/267663999/avidian-initiates-permitting-process-to-drill-at-amanita,californiatelegraph.com,English,0.0,gdelt_gkg
KGC,2021-01-27,Wolfden Completes $2M Financing with its Strategic Partners,https://www.hawaiitelegraph.com/news/267662103/wolfden-completes-2m-financing-with-its-strategic-partners,hawaiitelegraph.com,English,0.0,gdelt_gkg
KGC,2021-01-27,Avidian Initiates Permitting Process to Drill at Amanita,https://www.tennesseedaily.com/news/267663999/avidian-initiates-permitting-process-to-drill-at-amanita,tennesseedaily.com,English,0.0,gdelt_gkg
KGC,2021-01-27,Avidian Initiates Permitting Process to Drill at Amanita,https://www.torontotelegraph.com/news/267663999/avidian-initiates-permitting-process-to-drill-at-amanita,torontotelegraph.com,English,0.0,gdelt_gkg
KGC,2021-01-27,Avidian Initiates Permitting Process to Drill at Amanita,https://www.baltimorestar.com/news/267663999/avidian-initiates-permitting-process-to-drill-at-amanita,baltimorestar.com,English,0.0,gdelt_gkg
KGC,2021-01-27,Avidian Initiates Permitting Process to Drill at Amanita,https://www.clevelandstar.com/news/267663999/avidian-initiates-permitting-process-to-drill-at-amanita,clevelandstar.com,English,0.0,gdelt_gkg
KGC,2021-01-27,Avidian Initiates Permitting Process to Drill at Amanita,https://www.dallassun.com/news/267663999/avidian-initiates-permitting-process-to-drill-at-amanita,dallassun.com,English,0.0,gdelt_gkg
KGC,2021-01-27,Avidian Initiates Permitting Process to Drill at Amanita,https://www.memphissun.com/news/267663999/avidian-initiates-permitting-process-to-drill-at-amanita,memphissun.com,English,0.0,gdelt_gkg
KGC,2021-01-27,Avidian Initiates Permitting Process to Drill at Amanita,https://www.phoenixherald.com/news/267663999/avidian-initiates-permitting-process-to-drill-at-amanita,phoenixherald.com,English,0.0,gdelt_gkg
KGC,2021-01-27,Avidian Initiates Permitting Process to Drill at Amanita,https://www.albuquerqueexpress.com/news/267663999/avidian-initiates-permitting-process-to-drill-at-amanita,albuquerqueexpress.com,English,0.0,gdelt_gkg
KGC,2021-01-27," ( EDVMF ), ( FQVLF ) - These Are The Best Mining Stocks According To RBC",https://www.benzinga.com/markets/penny-stocks/21/01/19353308/these-are-the-best-mining-stocks-according-to-rbc,benzinga.com,English,0.0,gdelt_gkg
KGC,2021-01-27,Avidian Initiates Permitting Process to Drill at Amanita,https://www.hawaiitelegraph.com/news/267663999/avidian-initiates-permitting-process-to-drill-at-amanita,hawaiitelegraph.com,English,0.0,gdelt_gkg
KGC,2021-01-27,Wolfden Completes $2M Financing with its Strategic Partners,https://www.albuquerqueexpress.com/news/267662103/wolfden-completes-2m-financing-with-its-strategic-partners,albuquerqueexpress.com,English,0.0,gdelt_gkg
KGC,2021-01-27,Wolfden Completes $2M Financing with its Strategic Partners,https://www.bostonstar.com/news/267662103/wolfden-completes-2m-financing-with-its-strategic-partners,bostonstar.com,English,0.0,gdelt_gkg
KGC,2021-01-27,Avidian Initiates Permitting Process to Drill at Amanita,https://www.saltlakecitysun.com/news/267663999/avidian-initiates-permitting-process-to-drill-at-amanita,saltlakecitysun.com,English,0.0,gdelt_gkg
KGC,2021-01-27,Wolfden Completes $2M Financing with its Strategic Partners,https://www.pittsburghstar.com/news/267662103/wolfden-completes-2m-financing-with-its-strategic-partners,pittsburghstar.com,English,0.0,gdelt_gkg
KGC,2021-01-27,Avidian Initiates Permitting Process to Drill at Amanita,https://www.stlouisstar.com/news/267663999/avidian-initiates-permitting-process-to-drill-at-amanita,stlouisstar.com,English,0.0,gdelt_gkg
KGC,2021-01-27,Aktie vor NEUEM AUSBRUCH ...: KURS - EXPLOSION bestätigt ! Der STARTSCHUSS ist gefallen ! Enorme Goldfunde im Maricunga - Goldgürtel möglich ! ,https://www.finanznachrichten.de/nachrichten-2021-01/51837250-aktie-vor-neuem-ausbruch-kurs-explosion-bestaetigt-der-startschuss-ist-gefallen-enorme-goldfunde-im-maricunga-goldguertel-moeglich-336.htm,finanznachrichten.de,German,0.0,gdelt_gkg
KGC,2021-01-27,Aktie vor NEUEM AUSBRUCH ...: KURS - EXPLOSION bestätigt ! Der STARTSCHUSS ist gefallen ! Enorme Goldfunde im Maricunga - Goldgürtel möglich ! ,https://www.wallstreet-online.de/nachricht/13410572-aktie-ausbruch-kurs-explosion-bestaetigt-startschuss-gefallen-enorme-goldfunde-maricunga-goldguertel-moeglich,wallstreet-online.de,German,0.0,gdelt_gkg
KGC,2021-01-27,Avidian Initiates Permitting Process to Drill at Amanita,https://apnews.com/press-release/accesswire/business-alaska-corporate-news-north-america-products-and-services-f92843888d1373a4801c5a362f76092a,apnews.com,English,0.0,gdelt_gkg
KGC,2021-01-27,Wolfden Completes $2M Financing with its Strategic Partners,https://www.nashvilleherald.com/news/267662103/wolfden-completes-2m-financing-with-its-strategic-partners,nashvilleherald.com,English,0.0,gdelt_gkg
KGC,2021-01-27,Wolfden Completes $2M Financing with its Strategic Partners,https://www.torontotelegraph.com/news/267662103/wolfden-completes-2m-financing-with-its-strategic-partners,torontotelegraph.com,English,0.0,gdelt_gkg
KGC,2021-01-27,Wolfden Completes $2M Financing with its Strategic Partners,https://apnews.com/press-release/accesswire/business-industry-regulation-corporate-news-environment-and-nature-products-and-services-d63ba52ad3db7b97410afbcdb3397995,apnews.com,English,0.0,gdelt_gkg
KGC,2021-01-27,Wolfden Completes $2M Financing with its Strategic Partners,https://www.clevelandstar.com/news/267662103/wolfden-completes-2m-financing-with-its-strategic-partners,clevelandstar.com,English,0.0,gdelt_gkg
KGC,2021-01-27,Wolfden Resources Corporation : Wolfden Completes $2M Financing with its Strategic Partners,https://www.finanznachrichten.de/nachrichten-2021-01/51841019-wolfden-resources-corporation-wolfden-completes-dollar-2m-financing-with-its-strategic-partners-200.htm,finanznachrichten.de,English,0.0,gdelt_gkg
KGC,2021-01-27,Wolfden Completes $2M Financing with its Strategic Partners,https://www.theusnews.com/news/267662103/wolfden-completes-2m-financing-with-its-strategic-partners,theusnews.com,English,0.0,gdelt_gkg
KGC,2021-01-27,Wolfden Completes $2M Financing with its Strategic Partners,https://www.californiatelegraph.com/news/267662103/wolfden-completes-2m-financing-with-its-strategic-partners,californiatelegraph.com,English,0.0,gdelt_gkg
KGC,2021-01-27,Wolfden Completes $2M Financing with its Strategic Partners,https://www.saltlakecitysun.com/news/267662103/wolfden-completes-2m-financing-with-its-strategic-partners,saltlakecitysun.com,English,0.0,gdelt_gkg
KGC,2021-01-27,Wolfden Completes $2M Financing with its Strategic Partners,https://www.phoenixherald.com/news/267662103/wolfden-completes-2m-financing-with-its-strategic-partners,phoenixherald.com,English,0.0,gdelt_gkg
KGC,2021-01-27,Avidian Gold Corp .: Avidian Initiates Permitting Process to Drill at Amanita,https://www.finanznachrichten.de/nachrichten-2021-01/51843101-avidian-gold-corp-avidian-initiates-permitting-process-to-drill-at-amanita-200.htm,finanznachrichten.de,English,0.0,gdelt_gkg
KGC,2021-01-27,Avidian Initiates Permitting Process to Drill at Amanita,https://www.pittsburghstar.com/news/267663999/avidian-initiates-permitting-process-to-drill-at-amanita,pittsburghstar.com,English,0.0,gdelt_gkg
KGC,2021-01-27,Wolfden Completes $2M Financing with its Strategic Partners,https://www.dallassun.com/news/267662103/wolfden-completes-2m-financing-with-its-strategic-partners,dallassun.com,English,0.0,gdelt_gkg
KGC,2021-01-27,Wolfden Completes $2M Financing with its Strategic Partners,https://www.tennesseedaily.com/news/267662103/wolfden-completes-2m-financing-with-its-strategic-partners,tennesseedaily.com,English,0.0,gdelt_gkg
KGC,2021-01-27,Wolfden Completes $2M Financing with its Strategic Partners,https://www.memphissun.com/news/267662103/wolfden-completes-2m-financing-with-its-strategic-partners,memphissun.com,English,0.0,gdelt_gkg
KGC,2021-01-27,Wolfden Completes $2M Financing with its Strategic Partners,https://www.baltimorestar.com/news/267662103/wolfden-completes-2m-financing-with-its-strategic-partners,baltimorestar.com,English,0.0,gdelt_gkg
KGC,2021-01-27,Avidian Initiates Permitting Process to Drill at Amanita - Press Release,http://www.digitaljournal.com/pr/4954081,digitaljournal.com,English,0.0,gdelt_gkg
KGC,2021-01-28,Kinross announces additional investment in Wolfden Resources Corporation,https://investingnews.com/news/gold-investing/kinross-announces-additional-investment-in-wolfden-resources-corporation/,investingnews.com,English,0.0,gdelt_gkg
KGC,2021-01-28,"Precious Metals Market 2020 Driving Factors , Industry Growth , Key Vendors and Forecasts to 2025",https://www.marketwatch.com/press-release/precious-metals-market-2020-driving-factors-industry-growth-key-vendors-and-forecasts-to-2025-2021-01-28,marketwatch.com,English,0.0,gdelt_gkg
KGC,2021-01-28,Kinross announces additional investment in Wolfden Resources Corporation,https://www.marketwatch.com/press-release/kinross-announces-additional-investment-in-wolfden-resources-corporation-2021-01-27,marketwatch.com,English,0.0,gdelt_gkg
KGC,2021-01-28,Kinross announces additional investment in Wolfden Resources Corporation,https://www.globalbankingandfinance.com/category/news/kinross-announces-additional-investment-in-wolfden-resources-corporation/,globalbankingandfinance.com,English,0.0,gdelt_gkg
KGC,2021-01-28,Kinross announces additional investment in Wolfden Resources Corporation,https://apnews.com/press-release/globenewswire-mobile/north-america-ontario-canada-toronto-9b49c0227a4839e2bd313c1efb1f71c5,apnews.com,English,0.0,gdelt_gkg
KGC,2021-01-28,Gold Stocks To Watch Before February 2021,http://finance.dailyherald.com/dailyherald/news/read/40917539/gold_stocks_to_watch_before_february_2021,finance.dailyherald.com,English,0.0,gdelt_gkg
KGC,2021-01-28,Kinross announces additional investment in Wolfden Resources Corporation,https://apnews.com/press-release/globe-newswire/north-america-ontario-canada-toronto-9b49c0227a4839e2bd313c1efb1f71c5,apnews.com,English,0.0,gdelt_gkg
KGC,2021-01-29,"FutureFuel Corp . ( NYSE : FF ), Kinross Gold Corporation ( NYSE : KGC ) - 5 Value Stocks To Watch In The Basic Materials Sector",https://www.benzinga.com/news/earnings/21/01/19393253/5-value-stocks-to-watch-in-the-basic-materials-sector,benzinga.com,English,0.0,gdelt_gkg
KGC,2021-01-31,3 of the Best TSX Value Stocks to Buy in February,https://www.fool.ca/2021/01/31/3-of-the-best-tsx-value-stocks-to-buy-in-february/,fool.ca,English,0.0,gdelt_gkg
KGC,2021-02-01,Premier unveils top - level team for i - 80 Gold - The Northern Miner,https://www.northernminer.com/news/premier-unveils-top-level-team-for-spin-off-i-80-gold/1003827740/,northernminer.com,English,0.0,gdelt_gkg
KGC,2021-02-01,Why is the Hawkstone Mining ( ASX : HWK ) share price flying 8 %? ,https://www.fool.com.au/2021/02/01/why-is-the-hawkstone-mining-asxhwk-share-price-flying-8/,fool.com.au,English,0.0,gdelt_gkg
KGC,2021-02-01,3 Gold Stocks Ready to Glitter,https://www.fxempire.com/forecasts/article/3-gold-stocks-ready-to-glitter-697425,fxempire.com,English,0.0,gdelt_gkg
KGC,2021-02-01,Premier unveils top - level team for spun - off i - 80 Gold,https://www.mining.com/premier-unveils-top-level-team-for-spun-off-i-80-gold/,mining.com,English,0.0,gdelt_gkg
KGC,2021-06-02,"Hier braut sich was zusammen ..: GOLDGEHALTE VERDOPPELT ! Jetzt schon bis zu 19 , 76 g / t Au ! Hier baut sich eine massive Story auf ! NEUBEWERTUNG ! ",https://www.wallstreet-online.de/nachricht/13991333-braut-zusammen-goldgehalte-verdoppelt-19-76-g-t-au-baut-massive-story-auf-neubewertung,wallstreet-online.de,German,0.0,gdelt_gkg
KGC,2021-06-02,"Hier braut sich was zusammen ..: GOLDGEHALTE VERDOPPELT ! Jetzt schon bis zu 19 , 76 g / t Au ! Hier baut sich eine massive Story auf ! NEUBEWERTUNG ! ",https://www.finanznachrichten.de/nachrichten-2021-06/53037266-hier-braut-sich-was-zusammen-goldgehalte-verdoppelt-jetzt-schon-bis-zu-19-76-g-t-au-hier-baut-sich-eine-massive-story-auf-neubewertung-701.htm,finanznachrichten.de,German,0.0,gdelt_gkg
KGC,2021-06-03,"Lion One Metals Limited : Lion One Appoints New Chief Operating Officer and Senior Exploration Team , Grants Stock Options",https://www.finanznachrichten.de/nachrichten-2021-06/53048918-lion-one-metals-limited-lion-one-appoints-new-chief-operating-officer-and-senior-exploration-team-grants-stock-options-296.htm,finanznachrichten.de,English,0.0,gdelt_gkg
KGC,2021-06-03,Press Release - MINING . COM,http://www.mining.com/press-release/?id=60b853e398888b68f4bf2585,mining.com,English,0.0,gdelt_gkg
KGC,2021-06-03,Nevada King Gold Receives Plan of Operation from BLM for Iron Point Project,https://finance.yahoo.com/news/nevada-king-gold-receives-plan-113000500.html,finance.yahoo.com,English,0.0,gdelt_gkg
KGC,2021-06-03,Top Gold Stocks To Watch In June | Daily Herald,http://finance.dailyherald.com/dailyherald/news/read/41425390/top_gold_stocks_to_watch_in_june,finance.dailyherald.com,English,0.0,gdelt_gkg
KGC,2021-06-03,Near - term catalysts in the works for Newcore Gold as Enchi district - scale potential beckons,https://www.northernminer.com/precious-metals/near-term-catalysts-in-the-works-for-newcore-gold-as-enchis-district-scale-potential-beckons/1003831510/,northernminer.com,English,0.0,gdelt_gkg
KGC,2021-06-03,Kinross and S2 team up to find Finnish gold - The Northern Miner,https://www.northernminer.com/news/kinross-and-s2-team-up-to-find-finnish-gold/1003831501/,northernminer.com,English,0.0,gdelt_gkg
KGC,2021-06-03,Near - term catalysts in the works for Newcore Gold as Enchi district - scale potential beckons – Ghana Visions,https://www.ghanavisions.com/2021/06/03/near-term-catalysts-in-the-works-for-newcore-gold-as-enchis-district-scale-potential-beckons/,ghanavisions.com,English,0.0,gdelt_gkg
KGC,2021-06-04,Near - term catalysts in the works for Newcore Gold as Enchi district - scale potential beckons,https://www.northernminer.com/news/near-term-catalysts-in-the-works-for-newcore-gold-as-enchis-district-scale-potential-beckons/1003831510/,northernminer.com,English,0.0,gdelt_gkg
KGC,2021-06-04,Kinross Gold to acquire stake in S2 gold ground in Finland,https://www.mining-technology.com/news/kinross-s2s-gold-finland/,mining-technology.com,English,0.0,gdelt_gkg
KGC,2021-06-04,"Got $2 , 200 to Invest ? 2 Commodity Stocks Under $10 to Buy Now",https://www.fool.ca/2021/06/04/got-2200-to-invest-2-commodity-stocks-under-10-to-buy-now/,fool.ca,English,0.0,gdelt_gkg
KGC,2021-06-04,4 Cheap ( Under - $20 ) TSX Stocks to Buy in June 2021,https://www.fool.ca/2021/06/04/4-cheap-under-20-tsx-stocks-to-buy-in-june-2021/,fool.ca,English,0.0,gdelt_gkg
KGC,2021-06-08,Viva Gold Corp .: Viva Gold Sends Notice of Special Meeting,https://www.finanznachrichten.de/nachrichten-2021-06/53097320-viva-gold-corp-viva-gold-sends-notice-of-special-meeting-200.htm,finanznachrichten.de,English,0.0,gdelt_gkg
KGC,2021-06-08,Viva Gold Sends Notice of Special Meeting,https://www.bignewsnetwork.com/news/269815868/viva-gold-sends-notice-of-special-meeting,bignewsnetwork.com,English,0.0,gdelt_gkg
KGC,2021-06-08,Speedcast Strikes Gold Mining Contract in Russia,https://www.satellitetoday.com/broadband/2021/06/08/speedcast-strikes-gold-mining-contract-in-russia/,satellitetoday.com,English,0.0,gdelt_gkg
KGC,2021-06-08,4 Cheap ( Under - $10 ) Canadian Stocks to Buy Today,https://www.fool.ca/2021/06/08/4-cheap-under-10-canadian-stocks-to-buy-today/,fool.ca,English,0.0,gdelt_gkg
KGC,2021-06-08,Viva Gold Sends Notice of Special Meeting,https://www.torontotelegraph.com/news/269815868/viva-gold-sends-notice-of-special-meeting,torontotelegraph.com,English,0.0,gdelt_gkg
KGC,2021-06-08,Speedcast Extends Kinross Gold Network to Support Exploration of New Sites in Russian Far East,https://www.so-co-it.com/post/639168/speedcast-extends-kinross-gold-network-to-support-exploration-of-new-sites-in-russian-far-east.html,so-co-it.com,English,0.0,gdelt_gkg
KGC,2021-06-08,Speedcast Extends Kinross Gold Network to Support Exploration of New Sites in Russian Far East,https://www.realwire.com/releases/Speedcast-Extends-Kinross-Gold-Network-to-Support-Exploration-of-New-Sites,realwire.com,English,0.0,gdelt_gkg
KGC,2021-06-08,"Stocks Charging Up for Historic Highs : Kinross Gold Corporation ( NYSE : KGC ), Uranium Energy Corp . ( NYSE : UEC ) ",http://streetwisereport.com/stocks-charging-up-for-historic-highs-kinross-gold-corporation-nysekgc-uranium-energy-corp-nyseuec/3433520/,streetwisereport.com,English,0.0,gdelt_gkg
KGC,2021-06-08,Speedcast Extends Kinross Gold Network to Support Exploration of New Sites in Russian Far East,http://www.itnewsonline.com/Realwire/Speedcast-Extends-Kinross-Gold-Network-to-Support-Exploration-of-New-Sites-in-Russian-Far-East/25489,itnewsonline.com,English,0.0,gdelt_gkg
KGC,2021-06-08,SpeedCast International  : Extends Kinross Gold Network to Support Exploration of New Sites in Russian Far East,https://www.marketscreener.com/news/latest/SpeedCast-International-nbsp-Extends-Kinross-Gold-Network-to-Support-Exploration-of-New-Sites-in-R--35543175/,marketscreener.com,English,0.0,gdelt_gkg
KGC,2021-06-08,Global Gold Output Expected To Rise 5 . 5 % In 2021,https://www.prnewswire.com:443/news-releases/global-gold-output-expected-to-rise-5-5-in-2021--301307534.html,prnewswire.com,English,0.0,gdelt_gkg
KGC,2021-06-09,Could This Become One Of The Most Exciting Gold Discoveries Of 2021 ? ,https://www.marketwatch.com/press-release/could-this-become-one-of-the-most-exciting-gold-discoveries-of-2021-2021-06-09-81975738,marketwatch.com,English,0.0,gdelt_gkg
KGC,2021-06-09,Baystreet . ca - Could This Become One Of The Most Exciting Gold Discoveries Of 2021 ? ,http://www.baystreet.ca/articles/stockstowatch/67688/Could-This-Become-One-Of-The-Most-Exciting-Gold-Discoveries-Of-2021,baystreet.ca,English,0.0,gdelt_gkg
KGC,2021-06-09,Baystreet . ca - Could This Become One Of The Most Exciting Gold Discoveries Of 2021 ? ,http://www.baystreet.ca/stockstowatch/10672/Could-This-Become-One-Of-The-Most-Exciting-Gold-Discoveries-Of-2021,baystreet.ca,English,0.0,gdelt_gkg
KGC,2021-06-09,Could This Be One Of The Most Exciting Gold Discoveries Of 2021 ? ,https://oilprice.com/Metals/Gold/Could-This-Be-One-Of-The-Most-Exciting-Gold-Discoveries-Of-2021.html,oilprice.com,English,0.0,gdelt_gkg
KGC,2021-06-09,Press Release - MINING . COM,https://www.mining.com/press-release/?id=60bfe86a8669dccba0b3ba8b,mining.com,English,0.0,gdelt_gkg
KGC,2021-06-09,Viva Gold Sends Notice of Special Meeting,http://itbusinessnet.com/2021/06/viva-gold-sends-notice-of-special-meeting/,itbusinessnet.com,English,0.0,gdelt_gkg
KGC,2021-06-10,Falcon Gold Investor Overview,https://investingnews.com/company-profiles/falcon-gold-tsxv-fg/,investingnews.com,English,0.0,gdelt_gkg
KGC,2021-06-10,Speedcast Extends Kinross Gold Network to Support Exploration of New Sites in Russian Far East,https://www.totaltele.com/509868/Speedcast-Extends-Kinross-Gold-Network-to-Support-Exploration-of-New-Sites-in-Russian-Far-East,totaltele.com,English,0.0,gdelt_gkg
KGC,2021-06-10,"LaSalle Exploration Corp .: LaSalle Strengthens Management Team , Appoints Ron Stewart Vice - President , Corporate Development",https://www.finanznachrichten.de/nachrichten-2021-06/53116578-lasalle-exploration-corp-lasalle-strengthens-management-team-appoints-ron-stewart-vice-president-corporate-development-296.htm,finanznachrichten.de,English,0.0,gdelt_gkg
KGC,2021-06-11,The 7 Best Growth Stocks to Buy During the Next Dip,https://investorplace.com/2021/06/7-growth-stocks-to-buy-on-next-dip/,investorplace.com,English,0.0,gdelt_gkg
KGC,2021-06-11,Viva Gold Corp .: Viva Gold Amends Financing Terms,https://www.finanznachrichten.de/nachrichten-2021-06/53133018-viva-gold-corp-viva-gold-amends-financing-terms-200.htm,finanznachrichten.de,English,0.0,gdelt_gkg
KGC,2021-06-11,Viva Gold Amends Financing Terms,https://www.bignewsnetwork.com/news/269852189/viva-gold-amends-financing-terms,bignewsnetwork.com,English,0.0,gdelt_gkg
KGC,2021-06-11,Viva Gold Amends Financing Terms,https://www.torontotelegraph.com/news/269852189/viva-gold-amends-financing-terms,torontotelegraph.com,English,0.0,gdelt_gkg
KGC,2021-06-14,3 of the Best TSX Stock to Buy on a Dip in June 2021,https://www.fool.ca/2021/06/14/3-of-the-best-tsx-stock-to-buy-on-a-dip-in-june-2021/,fool.ca,English,0.0,gdelt_gkg
KGC,2021-06-15,Kinross Gold Holding Three Community Meetings to Talk About Tetlin - area Mine,https://fm.kuac.org/post/kinross-gold-holding-three-community-meetings-talk-about-tetlin-area-mine,fm.kuac.org,English,0.0,gdelt_gkg
KGC,2021-06-15,Nevada Explorer Holds Promise as Heap Leach or Underground Story,https://www.streetwisereports.com/article/2021/06/15/nevada-explorer-holds-promise-as-heap-leach-or-underground-story.html,streetwisereports.com,English,0.0,gdelt_gkg
KGC,2021-06-15,Kinross Gold Corp ( KGC ): Price Now Near $7 . 69 ; Daily Chart Shows An Uptrend on 50 Day Basis,https://etfdailynews.com/news/kinross-gold-corp-kgc-price-now-near-7-69-daily-chart-shows-an-uptrend-on-50-day-basis/,etfdailynews.com,English,0.0,gdelt_gkg
KGC,2021-06-15,4 Cheap ( Under - $20 ) Canadian Stocks to Buy in June 2021,https://www.fool.ca/2021/06/15/4-cheap-under-20-canadian-stocks-to-buy-in-june-2021/,fool.ca,English,0.0,gdelt_gkg
KGC,2021-06-15,Press Release - MINING . COM,https://www.mining.com/press-release/?id=60c7fb99a0924b4572b6e9aa,mining.com,English,0.0,gdelt_gkg
KGC,2021-06-15,Avidian Gold Corp .: Avidian Announces Closing of First Tranche of Non - Brokered Private Placement,https://www.finanznachrichten.de/nachrichten-2021-06/53147605-avidian-gold-corp-avidian-announces-closing-of-first-tranche-of-non-brokered-private-placement-200.htm,finanznachrichten.de,English,0.0,gdelt_gkg
KGC,2021-06-15,Avidian Announces Closing of First Tranche of Non - Brokered Private Placement,https://www.torontotelegraph.com/news/269898263/avidian-announces-closing-of-first-tranche-of-non-brokered-private-placement,torontotelegraph.com,English,0.0,gdelt_gkg
KGC,2021-06-16,Most actively traded companies on the Toronto Stock Exchange,https://www.weyburnreview.com/most-actively-traded-companies-on-the-toronto-stock-exchange-1.24331512,weyburnreview.com,English,0.0,gdelt_gkg
KGC,2021-06-16,Most actively traded companies on the Toronto Stock Exchange,https://www.news957.com/2021/06/16/most-actively-traded-companies-on-the-toronto-stock-exchange-190/,news957.com,English,0.0,gdelt_gkg
KGC,2021-06-16,Most actively traded companies on the Toronto Stock Exchange,https://www.estevanmercury.ca/most-actively-traded-companies-on-the-toronto-stock-exchange-1.24331512,estevanmercury.ca,English,0.0,gdelt_gkg
KGC,2021-06-16,Most actively traded companies on the Toronto Stock Exchange,https://www.humboldtjournal.ca/most-actively-traded-companies-on-the-toronto-stock-exchange-1.24331512,humboldtjournal.ca,English,0.0,gdelt_gkg
KGC,2021-06-16,Most actively traded companies on the Toronto Stock Exchange,https://www.kelownadailycourier.ca/business_news/national_business/article_3e50ba53-6839-5a5e-b1e8-d683e6e99208.html,kelownadailycourier.ca,English,0.0,gdelt_gkg
KGC,2021-06-16,TSX outperforms U . S . markets on recovery outlook from Fed despite rate hikes in 2023,https://www.timescolonist.com/tsx-outperforms-u-s-markets-on-recovery-outlook-from-fed-despite-rate-hikes-in-2023-1.24331165,timescolonist.com,English,0.0,gdelt_gkg
KGC,2021-06-16,TSX outperforms U . S . markets on recovery outlook from Fed despite rate hikes in 2023,https://www.kelownadailycourier.ca/business_news/national_business/article_18323c14-8983-5519-b403-3f9572bbc923.html,kelownadailycourier.ca,English,0.0,gdelt_gkg
KGC,2021-06-16,CANADA STOCKS - TSX inches higher ahead of U . S . Fed comments,https://www.reuters.com/article/canada-stocks/canada-stocks-tsx-inches-higher-ahead-of-u-s-fed-comments-idUSL3N2NY39C,reuters.com,English,0.0,gdelt_gkg
KGC,2021-06-16,Most actively traded companies on the Toronto Stock Exchange | iNFOnews | Thompson - Okanagan News Source,https://infotel.ca/newsitem/market-movers/cp962896831,infotel.ca,English,0.0,gdelt_gkg
KGC,2021-06-16,Most actively traded companies on the Toronto Stock Exchange,https://www.680news.com/2021/06/16/most-actively-traded-companies-on-the-toronto-stock-exchange-190/,680news.com,English,0.0,gdelt_gkg
KGC,2021-06-16,Kinross reports temporary suspension of mill at Tasiast,https://investingnews.com/news/gold-investing/kinross-reports-temporary-suspension-of-mill-at-tasiast/,investingnews.com,English,0.0,gdelt_gkg
KGC,2021-06-16,Strengthen Your Portfolio With These 4 Top Canadian Stocks,https://www.fool.ca/2021/06/16/strengthen-your-portfolio-with-these-4-top-canadian-stocks/,fool.ca,English,0.0,gdelt_gkg
KGC,2021-06-16,Kinross Temporarily Suspends Mill Operations in Mauritania Due to Fire,https://www.marketwatch.com/story/kinross-temporarily-suspends-mill-operations-in-mauritania-due-to-fire-271623849309,marketwatch.com,English,0.0,gdelt_gkg
KGC,2021-06-16,Most actively traded companies on the TSX,https://www.winnipegfreepress.com/business/most-actively-traded-companies-on-the-toronto-stock-exchange-574648642.html,winnipegfreepress.com,English,0.0,gdelt_gkg
KGC,2021-06-17,"White Gold Corp . Commences Diamond Drilling at the Ryan Surprise and Ulli Ridge Targets on its Flagship White Gold Property , Yukon , Canada",https://investingnews.com/news/gold-investing/white-gold-corp.commences-diamond-drilling-at-the-ryans-surprise-and-ullis-ridge-targets-on-its-flagship-white-gold-property-yukon-canada/,investingnews.com,English,0.0,gdelt_gkg
KGC,2021-06-17,2 Bargain Stocks to Pile Into Before They Go up,https://www.fool.ca/2021/06/17/2-bargain-stocks-to-pile-into-before-they-go-up/,fool.ca,English,0.0,gdelt_gkg
KGC,2021-06-17,Strengthen Your Portfolio With These 4 Top Canadian Stocks,https://www.msn.com/en-ca/money/topstories/strengthen-your-portfolio-with-these-4-top-canadian-stocks/ar-AAL6XT4,msn.com,English,0.0,gdelt_gkg
KGC,2021-06-17,Page A1 | E - Edition | elkodaily . com,https://elkodaily.com/eedition/page-a1/page_ac9bea3f-f256-5879-a813-a74839da5413.html,elkodaily.com,English,0.0,gdelt_gkg
KGC,2021-06-17,Child advocacy center wins large grant,https://elkodaily.com/news/local/child-advocacy-center-wins-large-grant/article_442f8f36-e409-5f8a-967c-9ab675e58eda.html,elkodaily.com,English,0.0,gdelt_gkg
KGC,2021-06-17,Most actively traded companies on the Toronto Stock Exchange,https://www.newsoptimist.ca/most-actively-traded-companies-on-the-toronto-stock-exchange-1.24331512,newsoptimist.ca,English,0.0,gdelt_gkg
KGC,2021-06-17,"White Gold Corp . Commences Diamond Drilling at the Ryan Surprise and Ulli Ridge Targets on its Flagship White Gold Property , Yukon , Canada",https://financialpost.com/globe-newswire/white-gold-corp-commences-diamond-drilling-at-the-ryans-surprise-and-ullis-ridge-targets-on-its-flagship-white-gold-property-yukon-canada,financialpost.com,English,0.0,gdelt_gkg
KGC,2021-06-17,Most actively traded companies on the Toronto Stock Exchange,https://www.carlyleobserver.com/most-actively-traded-companies-on-the-toronto-stock-exchange-1.24331512,carlyleobserver.com,English,0.0,gdelt_gkg
KGC,2021-06-17,Most actively traded companies on the Toronto Stock Exchange,https://www.thereminder.ca/most-actively-traded-companies-on-the-toronto-stock-exchange-1.24331512,thereminder.ca,English,0.0,gdelt_gkg
KGC,2021-06-17,Most actively traded companies on the Toronto Stock Exchange,https://www.thompsoncitizen.net/most-actively-traded-companies-on-the-toronto-stock-exchange-1.24331512,thompsoncitizen.net,English,0.0,gdelt_gkg
KGC,2021-06-17,TSX outperforms U . S . markets on recovery outlook from Fed despite rate hikes in 2023,https://www.ctvnews.ca/business/tsx-outperforms-u-s-markets-on-recovery-outlook-from-fed-despite-rate-hikes-in-2023-1.5472285,ctvnews.ca,English,0.0,gdelt_gkg
KGC,2021-06-17,Most actively traded companies on the Toronto Stock Exchange,https://www.yorktonthisweek.com/most-actively-traded-companies-on-the-toronto-stock-exchange-1.24331512,yorktonthisweek.com,English,0.0,gdelt_gkg
KGC,2021-06-17,Most actively traded companies on the Toronto Stock Exchange,https://www.timescolonist.com/most-actively-traded-companies-on-the-toronto-stock-exchange-1.24331512,timescolonist.com,English,0.0,gdelt_gkg
KGC,2021-06-18,"Global Precious Metal Products Market 2021 Industry Research , Segmentation , Key Players Analysis , Future Trends and Forecast to 2026",https://www.bignewsnetwork.com/news/269954610/global-precious-metal-products-market-2021-industry-research-segmentation-key-players-analysis-future-trends-and-forecast-to-2026,bignewsnetwork.com,English,0.0,gdelt_gkg
KGC,2021-06-18,"Global Precious Metals Market 2021 Growth Factors , Product Overview , Regional Analysis and Forecast to 2026",https://www.bignewsnetwork.com/news/269953714/global-precious-metals-market-2021-growth-factors-product-overview-regional-analysis-and-forecast-to-2026,bignewsnetwork.com,English,0.0,gdelt_gkg
KGC,2021-06-18,"Genser Energy trying to  steal  our 24 , 000 acres of farmland – Sefwi Bekwai farmers lament",https://www.ghanaweb.com/GhanaHomePage/NewsArchive/Genser-Energy-trying-to-steal-our-24-000-acres-of-farmland-Sefwi-Bekwai-farmers-lament-1289938,ghanaweb.com,English,0.0,gdelt_gkg
KGC,2021-06-18,Washington has major win in Buckhorn mine Clean Water Act case,https://www.kxly.com/washington-has-major-win-in-buckhorn-mine-clean-water-act-case/,kxly.com,English,0.0,gdelt_gkg
KGC,2021-06-18,State has major win in Buckhorn mine Clean Water Act case,https://www.sfgate.com/news/article/State-has-major-win-in-Buckhorn-mine-Clean-Water-16258229.php,sfgate.com,English,0.0,gdelt_gkg
KGC,2021-06-18,State has major win in Buckhorn mine Clean Water Act case,https://www.chron.com/news/article/State-has-major-win-in-Buckhorn-mine-Clean-Water-16258229.php,chron.com,English,0.0,gdelt_gkg
KGC,2021-06-18,Avidian Announces Upsize and Closing of Second and Final Tranche of $6 . 6M Oversubscribed Non - Brokered Private Placement,https://www.bignewsnetwork.com/news/269948445/avidian-announces-upsize-and-closing-of-second-and-final-tranche-of-66m-oversubscribed-non-brokered-private-placement,bignewsnetwork.com,English,0.0,gdelt_gkg
KGC,2021-06-18,Avidian Gold Corp .: Avidian Announces Upsize and Closing of Second and Final Tranche of $6 . 6M Oversubscribed Non - Brokered Private Placement,https://www.finanznachrichten.de/nachrichten-2021-06/53189538-avidian-gold-corp-avidian-announces-upsize-and-closing-of-second-and-final-tranche-of-dollar-6-6m-oversubscribed-non-brokered-private-placement-200.htm,finanznachrichten.de,English,0.0,gdelt_gkg
KGC,2021-06-18,Avidian Announces Upsize and Closing of Second and Final Tranche of $6 . 6M Oversubscribed Non - Brokered Private Placement,https://www.torontotelegraph.com/news/269948445/avidian-announces-upsize-and-closing-of-second-and-final-tranche-of-66m-oversubscribed-non-brokered-private-placement,torontotelegraph.com,English,0.0,gdelt_gkg
KGC,2021-06-19,State has major win in Buckhorn mine Clean Water Act case,https://www.dailyrecordnews.com/ap_news/washington/state-has-major-win-in-buckhorn-mine-clean-water-act-case/article_badd187b-7b49-59af-bbf0-f978c41d764b.html,dailyrecordnews.com,English,0.0,gdelt_gkg
KGC,2021-06-19,State has win in Buckhorn mine case,https://www.columbian.com/news/2021/jun/18/state-has-win-in-buckhorn-mine-case/,columbian.com,English,0.0,gdelt_gkg
KGC,2021-06-19,Police release names in downtown murder - suicide,https://www.newsminer.com/news/local_news/police-release-names-in-downtown-murder-suicide/article_e6be66b2-d0ab-11eb-8a7d-6b4f1c58b898.html,newsminer.com,English,0.0,gdelt_gkg
KGC,2021-06-19,Police release names in downtown murder - suicide,https://www.kodiakdailymirror.com/news_miner/article_056e7810-8746-50c6-9b66-3b59d840e65a.html,kodiakdailymirror.com,English,0.0,gdelt_gkg
KGC,2021-06-21,"Contango ORE , Inc . Announces Private Placement Financing with Alaska Future Fund",https://www.businesswire.com/news/home/20210621005196/en/Contango-ORE-Inc.-Announces-Private-Placement-Financing-with-Alaska-Future-Fund,businesswire.com,English,0.0,gdelt_gkg
KGC,2021-06-21,"Nevada King Announces Closing of $3 , 600 , 000 Equity Financing",https://www.benzinga.com/pressreleases/21/06/n21641598/nevada-king-announces-closing-of-3-600-000-equity-financing,benzinga.com,English,0.0,gdelt_gkg
KGC,2021-06-21,"Contango ORE , Inc . Announces Private Placement Financing with Alaska Future Fund",https://us.acrofan.com/detail.php?number=488137,us.acrofan.com,English,0.0,gdelt_gkg
KGC,2021-06-21,"Nevada King Announces Closing of $3 , 600 , 000 Equity Financing",https://www.newswire.ca/news-releases/nevada-king-announces-closing-of-3-600-000-equity-financing-846604429.html,newswire.ca,English,0.0,gdelt_gkg
KGC,2021-06-21,"La ciudad celebra el Acto de Honores y Distinciones rindiendo homenaje a diecisiete destacadas personalidades e instituciones del ámbito científico , social , empresarial , deportivo y cultural – canariasactual . com",https://canariasactual.com/2014/06/22/la-ciudad-celebra-el-acto-de-honores-y-distinciones-rindiendo-homenaje-a-diecisiete-destacadas-personalidades-e-instituciones-del-ambito-cientifico-social-empresarial-deportivo-y-cultural/,canariasactual.com,Spanish,0.0,gdelt_gkg
KGC,2021-06-21,"Contango ORE , Inc .   : Announces Private Placement Financing with Alaska Future Fund",https://www.marketscreener.com/quote/stock/CONTANGO-ORE-INC-120793230/news/Contango-ORE-Inc-nbsp-Announces-Private-Placement-Financing-with-Alaska-Future-Fund-35656894/,marketscreener.com,English,0.0,gdelt_gkg
KGC,2021-06-21,"Global Investigations Review - Europe , Middle East and Africa Investigations Review 2021",https://globalinvestigationsreview.com/review/the-european-middle-eastern-and-african-investigations-review/2021/article/conducting-effective-root-cause-analysis-in-africa,globalinvestigationsreview.com,English,0.0,gdelt_gkg
KGC,2021-06-21,Washington state gets major win in Buckhorn mine Clean Water Act case,https://www.koze.com/2021/06/21/washington-state-gets-major-win-in-buckhorn-mine-clean-water-act-case/,koze.com,English,0.0,gdelt_gkg
KGC,2021-06-21,Press Release – MINING . COM,https://www.mining.com/press-release/?id=60d0fddeb76651bea737c6f4,mining.com,English,0.0,gdelt_gkg
KGC,2021-06-21,Kinross provides update on Tasiast mill fire,https://www.morningstar.com/news/globe-newswire/8257962/kinross-provides-update-on-tasiast-mill-fire,morningstar.com,English,0.0,gdelt_gkg
KGC,2021-06-22,Most actively traded companies on the Toronto Stock Exchange,https://www.carlyleobserver.com/most-actively-traded-companies-on-the-toronto-stock-exchange-1.24334207,carlyleobserver.com,English,0.0,gdelt_gkg
KGC,2021-06-22,Most actively traded companies on the TSX,https://www.winnipegfreepress.com/business/most-actively-traded-companies-on-the-toronto-stock-exchange-574687432.html,winnipegfreepress.com,English,0.0,gdelt_gkg
KGC,2021-06-22,Analysts Expect These 3 TSX Gold Mining Stocks to Jump 70 % in a Year,https://www.fool.ca/2021/06/22/analysts-expect-these-3-tsx-gold-mining-stocks-to-jump-70-in-a-year/,fool.ca,English,0.0,gdelt_gkg
KGC,2021-06-22,Most actively traded companies on the Toronto Stock Exchange | iNFOnews | Thompson - Okanagan News Source,https://infotel.ca/newsitem/market-movers/cp1438359905,infotel.ca,English,0.0,gdelt_gkg
KGC,2021-06-22,Most actively traded companies on the Toronto Stock Exchange,https://www.news957.com/2021/06/22/most-actively-traded-companies-on-the-toronto-stock-exchange-194/,news957.com,English,0.0,gdelt_gkg
KGC,2021-06-22,Most actively traded companies on the Toronto Stock Exchange,https://www.680news.com/2021/06/22/most-actively-traded-companies-on-the-toronto-stock-exchange-194/,680news.com,English,0.0,gdelt_gkg
KGC,2021-06-22,NV Gold Appoints Howard Golden as Director,https://investingnews.com/news/gold-investing/nv-gold-appoints-howard-golden-as-director/,investingnews.com,English,0.0,gdelt_gkg
KGC,2021-06-22,Kinross provides update on Tasiast mill fire,https://www.globenewswire.com/news-release/2021/06/21/2250569/0/en/Kinross-provides-update-on-Tasiast-mill-fire.html,globenewswire.com,English,0.0,gdelt_gkg
KGC,2021-06-22,NV Gold Appoints Howard Golden as Director,https://www.torontotelegraph.com/news/270004369/nv-gold-appoints-howard-golden-as-director,torontotelegraph.com,English,0.0,gdelt_gkg
KGC,2021-06-22,"Feeding the animals , crowding paradise , fighting coastal erosion : News from around our 50 states",https://www.msn.com/en-us/news/us/feeding-the-animals-crowding-paradise-fighting-coastal-erosion-news-from-around-our-50-states/ar-AALjJki,msn.com,English,0.0,gdelt_gkg
KGC,2021-06-22,Most actively traded companies on the Toronto Stock Exchange,https://www.newsoptimist.ca/most-actively-traded-companies-on-the-toronto-stock-exchange-1.24334207,newsoptimist.ca,English,0.0,gdelt_gkg
KGC,2021-06-22,NV Gold Appoints Howard Golden as Director,https://www.bignewsnetwork.com/news/270004369/nv-gold-appoints-howard-golden-as-director,bignewsnetwork.com,English,0.0,gdelt_gkg
KGC,2021-06-22,"Benzinga Top Ratings Upgrades , Downgrades For June 22 , 2021",https://www.benzinga.com/analyst-ratings/upgrades/21/06/21666670/benzingas-top-ratings-upgrades-downgrades-for-june-22-2021,benzinga.com,English,0.0,gdelt_gkg
KGC,2021-06-22,Stocks That Hit 52 - Week Lows On Tuesday,https://www.benzinga.com/news/21/06/21666794/stocks-that-hit-52-week-lows-on-tuesday,benzinga.com,English,0.0,gdelt_gkg
KGC,2021-06-22,NV Gold Corporation : NV Gold Appoints Howard Golden as Director,https://www.finanznachrichten.de/nachrichten-2021-06/53215790-nv-gold-corporation-nv-gold-appoints-howard-golden-as-director-200.htm,finanznachrichten.de,English,0.0,gdelt_gkg
KGC,2021-06-22,Kinross Gold ( KGC ) provides update on Tasiast mill fire,https://www.streetinsider.com/Corporate+News/Kinross+Gold+(KGC)+provides+update+on+Tasiast+mill+fire/18584315.html,streetinsider.com,English,0.0,gdelt_gkg
KGC,2021-06-22,Kinross provides update on Tasiast mill fire,https://investingnews.com/news/gold-investing/kinross-provides-update-on-tasiast-mill-fire/,investingnews.com,English,0.0,gdelt_gkg
KGC,2021-06-22,Kinross provides update on Tasiast mill fire,https://www.marketwatch.com/press-release/kinross-provides-update-on-tasiast-mill-fire-2021-06-21-161844759,marketwatch.com,English,0.0,gdelt_gkg
KGC,2021-06-22,Kinross provides update on Tasiast mill fire,https://financialpost.com/globe-newswire/kinross-provides-update-on-tasiast-mill-fire,financialpost.com,English,0.0,gdelt_gkg
KGC,2021-06-22,"Feeding the animals , crowding paradise , fighting coastal erosion : News from around our 50 states",https://news.yahoo.com/feeding-animals-crowding-paradise-fighting-143212270.html,news.yahoo.com,English,0.0,gdelt_gkg
KGC,2021-06-23,Advantage Aurion : drilling for gold discoveries in Finland,https://www.bnnbloomberg.ca/%20/advantage-aurion-drilling-for-gold-discoveries-in-finland-1.1620823,bnnbloomberg.ca,English,0.0,gdelt_gkg
KGC,2021-06-23,Advantage Aurion : drilling for gold discoveries in Finland,https://www.bnnbloomberg.ca/advantage-aurion-drilling-for-gold-discoveries-in-finland-1.1620823,bnnbloomberg.ca,English,0.0,gdelt_gkg
KGC,2021-06-23,Judge dismisses mine owner defenses in pollution case | News,https://www.omakchronicle.com/news/judge-dismisses-mine-owners-defenses-in-pollution-case/article_0a17138e-d377-11eb-93c4-2b7514095c06.html,omakchronicle.com,English,0.0,gdelt_gkg
KGC,2021-06-23,What Next For Kinross Gold Stock After More Than 20 % Value Erosion ? ,https://www.forbes.com/sites/greatspeculations/2021/06/23/what-next-for-kinross-gold-stock-after-more-than-20-value-erosion/,forbes.com,English,0.0,gdelt_gkg
KGC,2021-06-23,Most actively traded companies on the Toronto Stock Exchange,https://www.thompsoncitizen.net/most-actively-traded-companies-on-the-toronto-stock-exchange-1.24334207,thompsoncitizen.net,English,0.0,gdelt_gkg
KGC,2021-06-23,Most actively traded companies on the Toronto Stock Exchange,https://www.estevanmercury.ca/most-actively-traded-companies-on-the-toronto-stock-exchange-1.24334207,estevanmercury.ca,English,0.0,gdelt_gkg
KGC,2021-06-23,Most actively traded companies on the Toronto Stock Exchange,https://www.weyburnreview.com/most-actively-traded-companies-on-the-toronto-stock-exchange-1.24334207,weyburnreview.com,English,0.0,gdelt_gkg
KGC,2021-06-23,Most actively traded companies on the Toronto Stock Exchange,https://www.thereminder.ca/most-actively-traded-companies-on-the-toronto-stock-exchange-1.24334207,thereminder.ca,English,0.0,gdelt_gkg
KGC,2021-06-23,Most actively traded companies on the Toronto Stock Exchange,https://www.yorktonthisweek.com/most-actively-traded-companies-on-the-toronto-stock-exchange-1.24334207,yorktonthisweek.com,English,0.0,gdelt_gkg
KGC,2021-06-23,Most actively traded companies on the Toronto Stock Exchange,https://www.timescolonist.com/most-actively-traded-companies-on-the-toronto-stock-exchange-1.24334207,timescolonist.com,English,0.0,gdelt_gkg
KGC,2021-06-23,Top Mining Stocks To Watch Right Now,http://finance.dailyherald.com/dailyherald/news/read/41497753/top_mining_stocks_to_watch_right_now,finance.dailyherald.com,English,0.0,gdelt_gkg
KGC,2021-06-23,Most actively traded companies on the Toronto Stock Exchange,https://www.humboldtjournal.ca/most-actively-traded-companies-on-the-toronto-stock-exchange-1.24334207,humboldtjournal.ca,English,0.0,gdelt_gkg
KGC,2021-06-24,Most actively traded companies on the Toronto Stock Exchange | iNFOnews | Thompson - Okanagan News Source,https://infotel.ca/newsitem/market-movers/cp1554925721,infotel.ca,English,0.0,gdelt_gkg
KGC,2021-06-24,Kinross reports temporary suspension of mill at Tasiast,https://www.globenewswire.com/news-release/2021/06/16/2248255/0/en/Kinross-reports-temporary-suspension-of-mill-at-Tasiast.html,globenewswire.com,English,0.0,gdelt_gkg
KGC,2021-06-24,Most actively traded companies on the Toronto Stock Exchange,https://www.yorktonthisweek.com/most-actively-traded-companies-on-the-toronto-stock-exchange-1.24335227,yorktonthisweek.com,English,0.0,gdelt_gkg
KGC,2021-06-24,Most actively traded companies on the Toronto Stock Exchange,https://www.news957.com/2021/06/24/most-actively-traded-companies-on-the-toronto-stock-exchange-196/,news957.com,English,0.0,gdelt_gkg
KGC,2021-06-24,North American stock markets get boost from infrastructure deal and Fed remarks,https://www.kelownadailycourier.ca/business_news/national_business/article_0cee4691-af27-5fa9-98cf-bf363c279267.html,kelownadailycourier.ca,English,0.0,gdelt_gkg
KGC,2021-06-24,Most actively traded companies on the TSX,https://www.winnipegfreepress.com/business/most-actively-traded-companies-on-the-toronto-stock-exchange-574704562.html,winnipegfreepress.com,English,0.0,gdelt_gkg
KGC,2021-06-24,Most actively traded companies on the Toronto Stock Exchange,https://www.680news.com/2021/06/24/most-actively-traded-companies-on-the-toronto-stock-exchange-196/,680news.com,English,0.0,gdelt_gkg
KGC,2021-06-24,A New Gold Rush Is Just Getting Started In Canada,https://www.marketwatch.com/press-release/a-new-gold-rush-is-just-getting-started-in-canada-2021-06-24,marketwatch.com,English,0.0,gdelt_gkg
KGC,2021-06-24,Kinross Developing Gil Project to  Feed  Fairbanks - area Mill With Gold - bearing Ore,https://fm.kuac.org/post/kinross-developing-gil-project-feed-fairbanks-area-mill-gold-bearing-ore,fm.kuac.org,English,0.0,gdelt_gkg
KGC,2021-06-24,Baystreet . ca - A Junior Miner Might Have Just Kick Started A New Gold Rush In Canada,http://www.baystreet.ca/articles/stockstowatch/68107/A-Junior-Miner-Might-Have-Just-Kick-Started-A-New-Gold-Rush-In-Canada,baystreet.ca,English,0.0,gdelt_gkg
KGC,2021-06-24,Baystreet . ca - A Junior Miner Might Have Just Kick Started A New Gold Rush In Canada,http://www.baystreet.ca/stockstowatch/10770/A-Junior-Miner-Might-Have-Just-Kick-Started-A-New-Gold-Rush-In-Canada,baystreet.ca,English,0.0,gdelt_gkg
KGC,2021-06-24,A New Gold Rush Is Just Getting Started In Canada,https://www.prnewswire.com:443/news-releases/a-new-gold-rush-is-just-getting-started-in-canada-301319182.html,prnewswire.com,English,0.0,gdelt_gkg
KGC,2021-06-24,A New Gold Rush Is Just Getting Started In Canada,https://www.finanznachrichten.de/nachrichten-2021-06/53239486-a-new-gold-rush-is-just-getting-started-in-canada-008.htm,finanznachrichten.de,English,0.0,gdelt_gkg
KGC,2021-06-24,A New Gold Rush Is Just Getting Started In Canada,https://www.prnewswire.co.uk/news-releases/a-new-gold-rush-is-just-getting-started-in-canada-883872395.html,prnewswire.co.uk,English,0.0,gdelt_gkg
KGC,2021-06-24,A New Gold Rush Is Just Getting Started In Canada,https://www.prnewswire.com/news-releases/a-new-gold-rush-is-just-getting-started-in-canada-301319182.html,prnewswire.com,English,0.0,gdelt_gkg
KGC,2021-06-24,Is This The Most Exciting Gold Play of 2021 ? ,https://oilprice.com/Metals/Gold/Is-This-The-Most-Exciting-Gold-Play-of-2021.html,oilprice.com,English,0.0,gdelt_gkg
KGC,2021-06-24,A Junior Miner Might Have Just Kick Started A New Gold Rush In Canada,https://www.marketwatch.com/press-release/a-junior-miner-might-have-just-kick-started-a-new-gold-rush-in-canada-2021-06-24-91974241,marketwatch.com,English,0.0,gdelt_gkg
KGC,2021-06-25,Posthaste : Oilsands emerge as new battleground for Trump and Biden as fractious U . S . election race heats up,http://calgaryherald.com/executive/posthaste-oilsands-emerge-as-new-battleground-for-trump-and-biden-as-fractious-u-s-election-race-heats-up/wcm/35d96911-1244-4eb6-b548-046b6463e59b,calgaryherald.com,English,0.0,gdelt_gkg
KGC,2021-06-25,Viva Gold Corp Cancels Special Shareholder Meeting,https://apnews.com/press-release/accesswire/business-b123cc8e8c7278b1542681ebcf50b011,apnews.com,English,0.0,gdelt_gkg
KGC,2021-06-25,Viva Gold Corp .: Viva Gold Corp Cancels Special Shareholder Meeting,https://www.finanznachrichten.de/nachrichten-2021-06/53251148-viva-gold-corp-viva-gold-corp-cancels-special-shareholder-meeting-200.htm,finanznachrichten.de,English,0.0,gdelt_gkg
KGC,2021-06-25,Most actively traded companies on the Toronto Stock Exchange,https://www.kelownadailycourier.ca/business_news/national_business/article_1bfba8bd-638d-545c-adb6-b4f26b20f87f.html,kelownadailycourier.ca,English,0.0,gdelt_gkg
KGC,2021-06-25,Most actively traded companies on the Toronto Stock Exchange,https://www.carlyleobserver.com/most-actively-traded-companies-on-the-toronto-stock-exchange-1.24335227,carlyleobserver.com,English,0.0,gdelt_gkg
KGC,2021-06-25,A New Gold Rush Is Just Getting Started In Canada,https://www.marketwatch.com/press-release/a-new-gold-rush-is-just-getting-started-in-canada-2021-06-24-81971518,marketwatch.com,English,0.0,gdelt_gkg
KGC,2021-06-25,Most actively traded companies on the Toronto Stock Exchange,https://www.pentictonherald.ca/business_news/national_business/article_946ceeb4-e47c-5487-8c0a-6d1b754ebcee.html,pentictonherald.ca,English,0.0,gdelt_gkg
KGC,2021-06-25,North American stock markets get boost from infrastructure deal and Fed remarks,https://www.ctvnews.ca/business/north-american-stock-markets-get-boost-from-infrastructure-deal-and-fed-remarks-1.5483543,ctvnews.ca,English,0.0,gdelt_gkg
KGC,2021-06-25,Viva Gold Corp Cancels Special Shareholder Meeting,https://www.torontotelegraph.com/news/270045670/viva-gold-corp-cancels-special-shareholder-meeting,torontotelegraph.com,English,0.0,gdelt_gkg
KGC,2021-06-25,Most actively traded companies on the Toronto Stock Exchange,https://www.weyburnreview.com/most-actively-traded-companies-on-the-toronto-stock-exchange-1.24335227,weyburnreview.com,English,0.0,gdelt_gkg
KGC,2021-06-25,Most actively traded companies on the Toronto Stock Exchange,https://www.timescolonist.com/most-actively-traded-companies-on-the-toronto-stock-exchange-1.24335227,timescolonist.com,English,0.0,gdelt_gkg
KGC,2021-06-25,North American stock markets get boost from infrastructure deal and Fed remarks,https://www.timescolonist.com/north-american-stock-markets-get-boost-from-infrastructure-deal-and-fed-remarks-1.24334893,timescolonist.com,English,0.0,gdelt_gkg
KGC,2021-06-25,Most actively traded companies on the Toronto Stock Exchange,https://www.thompsoncitizen.net/most-actively-traded-companies-on-the-toronto-stock-exchange-1.24335227,thompsoncitizen.net,English,0.0,gdelt_gkg
KGC,2021-06-25,Most actively traded companies on the Toronto Stock Exchange,https://www.estevanmercury.ca/most-actively-traded-companies-on-the-toronto-stock-exchange-1.24335227,estevanmercury.ca,English,0.0,gdelt_gkg
KGC,2021-06-25,Most actively traded companies on the Toronto Stock Exchange,https://www.newsoptimist.ca/most-actively-traded-companies-on-the-toronto-stock-exchange-1.24335227,newsoptimist.ca,English,0.0,gdelt_gkg
KGC,2021-06-25,Most actively traded companies on the Toronto Stock Exchange,https://www.humboldtjournal.ca/most-actively-traded-companies-on-the-toronto-stock-exchange-1.24335227,humboldtjournal.ca,English,0.0,gdelt_gkg
KGC,2021-06-25,Most actively traded companies on the Toronto Stock Exchange,https://www.thereminder.ca/most-actively-traded-companies-on-the-toronto-stock-exchange-1.24335227,thereminder.ca,English,0.0,gdelt_gkg
KGC,2021-06-26,Posthaste : Oilsands emerge as new battleground for Trump and Biden as fractious U . S . election race heats up,https://calgaryherald.com/executive/posthaste-oilsands-emerge-as-new-battleground-for-trump-and-biden-as-fractious-u-s-election-race-heats-up/wcm/35d96911-1244-4eb6-b548-046b6463e59b,calgaryherald.com,English,0.0,gdelt_gkg
KGC,2021-06-28,"GoldHaven sichert sich Option auf das gold - kupferhaltige Smoke Mountain - Projekt , Zentral - British Columbia",https://www.mittelstandcafe.de/goldhaven-sichert-sich-option-auf-das-gold-kupferhaltige-smoke-mountain-projekt-zentral-british-columbia-br-1914363.html,mittelstandcafe.de,German,0.0,gdelt_gkg
KGC,2021-06-28,Alaska Future Fund Invest $10 Million in Private Placement in Contango ORE,https://www.swfinstitute.org/news/87235/alaska-future-fund-invest-10-million-in-private-placement-in-contango-ore,swfinstitute.org,English,0.0,gdelt_gkg
KGC,2021-06-28,"VISITE DU MINISTRE DU PÉTROLE , DES MINES ET DE L  ÉNERGIE À LA MINE DE TASIAST",http://www.lecalame.info/?q=node/12186,lecalame.info,French,0.0,gdelt_gkg
KGC,2021-06-28,COMMUNIQUÉ DE PRESSE - LAuthentique,http://lauthentic.info/Medias/article/COMMUNIQUE-DE-PRESSE-4290,lauthentic.info,French,0.0,gdelt_gkg
KGC,2021-06-28,Kinross Gold Corporation ( NYSE : KGC )- Stocks under Profitability Radar,http://streetwisereport.com/kinross-gold-corporation-nysekgc-stocks-under-profitability-radar/3449702/,streetwisereport.com,English,0.0,gdelt_gkg
KGC,2021-06-28, ::: Journal Tahalil Hebdo ::: ,http://www.journaltahalil.com/detail.php?id=17836&categ=2,journaltahalil.com,French,0.0,gdelt_gkg
KGC,2021-06-29,"TDG Gold Corp . Signs LOI to Acquire Advanced Exploration & Development Nueva Esperanza Silver - Gold Project in the Maricunga Belt , Chile - Includes Historical M & I Resource of 68 . 6 Million Ounces Silver and 400 , 000 Ounces Gold",https://www.finanznachrichten.de/nachrichten-2021-06/53282836-tdg-gold-corp-signs-loi-to-acquire-advanced-exploration-development-nueva-esperanza-silver-gold-project-in-the-maricunga-belt-chile-includes-h-200.htm,finanznachrichten.de,English,0.0,gdelt_gkg
KGC,2021-06-29,"TDG Gold Corp . Signs LOI to Acquire Advanced Exploration & Development  Nueva Esperanza  Silver - Gold Project in the Maricunga Belt , Chile - Includes Historical M & I Resource of 68 . 6 Million Ounces Silver and 400 , 000 Ounces Gold",https://investingnews.com/news/gold-investing/tdg-gold-corp.signs-loi-to-acquire-advanced-exploration-development-nueva-esperanza-silver-gold-project-in-the-maricunga-belt-chile-includes-historical-mi-resource-of-68.6-million-ounces-silver-and-40/,investingnews.com,English,0.0,gdelt_gkg
KGC,2021-06-29,"Global Noble Metal Product Market 2021 Industry Statistics , Key Stakeholders , Key Application , and Forecast to 2026",https://www.bignewsnetwork.com/news/270103132/global-noble-metal-product-market-2021-industry-statistics-key-stakeholders-key-application-and-forecast-to-2026,bignewsnetwork.com,English,0.0,gdelt_gkg
KGC,2021-06-29,2 Top Canadian Stocks You Can Buy for Under $10 a Share,https://www.fool.ca/2021/06/28/2-top-canadian-stocks-you-can-buy-for-under-10-a-share/,fool.ca,English,0.0,gdelt_gkg
KGC,2021-06-29,10 Best Gold and Silver Stocks to Buy Amid Rising Inflation,https://news.yahoo.com/10-best-gold-silver-stocks-141209672.html,news.yahoo.com,English,0.0,gdelt_gkg
KGC,2021-06-30,"Kinross to announce Q2 results on July 28 , 2021",https://investingnews.com/news/gold-investing/kinross-to-announce-q2-results-on-july-28-2021/,investingnews.com,English,0.0,gdelt_gkg
KGC,2021-06-30,Kinross to announce Q2 results - GuruFocus . com,https://www.gurufocus.com/news/1465213/kinross-to-announce-q2-results-on-july-28-2021,gurufocus.com,English,0.0,gdelt_gkg
KGC,2021-06-30,Kingsgate to sell Chilean project to TDG Gold,https://www.mining.com/kingsgate-to-sell-chilean-project-to-tdg-gold/,mining.com,English,0.0,gdelt_gkg
KGC,2021-06-30,Best Mining Stocks For Your July 2021 List ? 3 To Watch,http://finance.dailyherald.com/dailyherald/news/read/41529287/best_mining_stocks_for_your_july_2021_list,finance.dailyherald.com,English,0.0,gdelt_gkg
KGC,2021-06-30,Viva Gold Corp .: Viva Gold Announces Stock Option Grant,https://www.finanznachrichten.de/nachrichten-2021-06/53296072-viva-gold-corp-viva-gold-announces-stock-option-grant-200.htm,finanznachrichten.de,English,0.0,gdelt_gkg
KGC,2021-06-30,Viva Gold Announces Stock Option Grant,https://www.torontotelegraph.com/news/270119756/viva-gold-announces-stock-option-grant,torontotelegraph.com,English,0.0,gdelt_gkg
KGC,2021-06-30,Canada top ten miners by market capitalization,https://www.mining.com/canadas-top-ten-miners-by-market-cap/,mining.com,English,0.0,gdelt_gkg
KGC,2021-06-30,EMX Royalty Corp .: EMX Royalty Announces AGM Results and Appointment of New Directors,https://www.finanznachrichten.de/nachrichten-2021-07/53296635-emx-royalty-corp-emx-royalty-announces-agm-results-and-appointment-of-new-directors-296.htm,finanznachrichten.de,English,0.0,gdelt_gkg
KGC,2021-07-01,Press Release - MINING . COM,https://www.mining.com/press-release/?id=60ddbc85c2c9afd570d3abe1,mining.com,English,0.0,gdelt_gkg
KGC,2021-07-01,Canada Top Ten royalty and streaming companies,https://www.mining.com/canadas-top-ten-royalty-and-streaming-companies/,mining.com,English,0.0,gdelt_gkg
KGC,2021-07-01,3 Dirt - Cheap TSX Stocks to Buy in July,https://www.fool.ca/2021/06/30/3-dirt-cheap-tsx-stocks-to-buy-in-july/,fool.ca,English,0.0,gdelt_gkg
KGC,2021-07-01,EMX Royalty Announces AGM Results and Appointment of New | The Kingston Whig Standard,https://www.thewhig.com/newsfile/89191-emx-royalty-announces-agm-results-and-appointment-of-new-directors,thewhig.com,English,0.0,gdelt_gkg
KGC,2021-07-01,Spanish Mountain Gold Ltd .: Spanish Mountain Announces Chairman of the Board,https://www.finanznachrichten.de/nachrichten-2021-07/53304416-spanish-mountain-gold-ltd-spanish-mountain-announces-chairman-of-the-board-296.htm,finanznachrichten.de,English,0.0,gdelt_gkg
