ticker,date,title,url,domain,language,tone,source
INTC,2020-01-21,Global Internet of Things ( IoT ) Market Size was Valued at USD 164 Billion in 2018 and is Expected to Grow at a CAGR of 38 . 62 % by 2025,https://www.prnewswire.com/news-releases/global-internet-of-things-iot-market-size-was-valued-at-usd-164-billion-in-2018-and-is-expected-to-grow-at-a-cagr-of-38-62-by-2025--valuates-reports-300990400.html,prnewswire.com,English,0.0,gdelt_gkg
INTC,2020-01-21,"Global Mixed Reality ( MR ) Industry Forecast , 2026 - A $5 . 4+ Billion Opportunity by 2026 , Exhibiting a CAGR of 51 . 5 % During 2019 - 2026",https://www.prnewswire.com:443/news-releases/global-mixed-reality-mr-industry-forecast-2026---a-5-4-billion-opportunity-by-2026--exhibiting-a-cagr-of-51-5-during-2019-2026--300990295.html,prnewswire.com,English,0.0,gdelt_gkg
INTC,2020-01-21,Ulta Beauty CEO Mary Dillon to Chair RILA Board of Directors,https://news.yahoo.com/ulta-beauty-ceo-mary-dillon-162100304.html,news.yahoo.com,English,0.0,gdelt_gkg
INTC,2020-01-21,"Global Mixed Reality ( MR ) Industry Forecast , 2026 - A $5 . 4+ Billion Opportunity by 2026 , Exhibiting a CAGR of 51 . 5 % During 2019 - 2026",https://www.tmcnet.com/usubmit/2020/01/21/9084657.htm,tmcnet.com,English,0.0,gdelt_gkg
INTC,2020-01-21,"Global Mixed Reality ( MR ) Industry Forecast , 2026 - A $5 . 4+ Billion Opportunity by 2026 , Exhibiting a CAGR of 51 . 5 % During 2019 - 2026",https://www.prnewswire.com/news-releases/global-mixed-reality-mr-industry-forecast-2026---a-5-4-billion-opportunity-by-2026--exhibiting-a-cagr-of-51-5-during-2019-2026--300990295.html,prnewswire.com,English,0.0,gdelt_gkg
INTC,2020-01-21,IYW : Favorable Long - Term Growth Outlook But Not Cheap Right Now,https://seekingalpha.com/article/4318043-iyw-favorable-long-term-growth-outlook-not-cheap-right-now,seekingalpha.com,English,0.0,gdelt_gkg
INTC,2020-01-21,Global Internet of Things ( IoT ) Market Size was Valued at USD 164 Billion in 2018 and is Expected to Grow at a CAGR of 38 . 62 % by 2025,https://www.tmcnet.com/usubmit/2020/01/21/9084611.htm,tmcnet.com,English,0.0,gdelt_gkg
INTC,2020-01-21,"Intel Tiger Lake release date , specs and news : all the details on Intel next 10nm chips",https://www.techradar.com/news/intel-tiger-lake,techradar.com,English,0.0,gdelt_gkg
INTC,2020-01-21,Intel Board of Directors Elects New Chairman and New Director,https://www.tmcnet.com/usubmit/2020/01/21/9084811.htm,tmcnet.com,English,0.0,gdelt_gkg
INTC,2020-01-21,Global Internet of Things ( IoT ) Market Size was Valued at USD 164 Billion in 2018 and is Expected to Grow at a CAGR of 38 . 62 % by 2025,https://www.prnewswire.com:443/news-releases/global-internet-of-things-iot-market-size-was-valued-at-usd-164-billion-in-2018-and-is-expected-to-grow-at-a-cagr-of-38-62-by-2025--valuates-reports-300990400.html,prnewswire.com,English,0.0,gdelt_gkg
INTC,2020-01-21,"Global Mixed Reality ( MR ) Industry Forecast , 2026 - A $5 . 4+ Billion Opportunity by 2026 , Exhibiting a CAGR of 51 . 5 % During 2019 - 2026",https://news.yahoo.com/global-mixed-reality-mr-industry-163000046.html,news.yahoo.com,English,0.0,gdelt_gkg
INTC,2020-01-21,"Abbott Laboratories ( NYSE : ABT ), Boeing Company ( The ) ( NYSE : BA ) - Coronavirus Outbreak , IMF Forecast , Impeachment Trial Weigh On Investor Sentiment",https://www.benzinga.com/news/earnings/20/01/15155134/coronavirus-outbreak-imf-forecast-impeachment-trial-weigh-on-investor-sentiment,benzinga.com,English,0.0,gdelt_gkg
INTC,2020-01-21,Ulta Beauty CEO Mary Dillon to Chair RILA Board of Directors | 21 . 01 . 20,https://www.finanzen.ch/nachrichten/aktien/ulta-beauty-ceo-mary-dillon-to-chair-rila-board-of-directors-1028833029,finanzen.ch,English,0.0,gdelt_gkg
INTC,2020-01-21,"Acer Launches High - Performance , Durable 12 - Inch Chromebook Designed Specifically for Education",https://www.tmcnet.com/usubmit/2020/01/21/9084000.htm,tmcnet.com,English,0.0,gdelt_gkg
INTC,2020-01-21,Ulta Beauty CEO Mary Dillon to Chair RILA Board of Directors,https://www.prnewswire.com:443/news-releases/ulta-beauty-ceo-mary-dillon-to-chair-rila-board-of-directors-300990420.html,prnewswire.com,English,0.0,gdelt_gkg
INTC,2020-01-21,Global Internet of Things ( IoT ) Market Size was Valued at USD 164 Billion in 2018 and is Expected to Grow at a CAGR of 38 . 62 % by 2025,https://www.finanznachrichten.de/nachrichten-2020-01/48655597-global-internet-of-things-iot-market-size-was-valued-at-usd-164-billion-in-2018-and-is-expected-to-grow-at-a-cagr-of-38-62-by-2025-valuates-repor-008.htm,finanznachrichten.de,English,0.0,gdelt_gkg
INTC,2020-01-21,Augmented Reality Market to Grow at Highest CAGR During Forecast Period,http://www.sbwire.com/press-releases/augmented-reality-market-to-grow-at-highest-cagr-during-forecast-period-1271734.htm,sbwire.com,English,0.0,gdelt_gkg
INTC,2020-01-21,"Intel Corporation ( NASDAQ : INTC ), Microsoft Corporation ( NASDAQ : MSFT ) - Tuesday Market Minute : Earnings , Ecodata & Central Bank Policies",https://www.benzinga.com/news/earnings/20/01/15154865/tuesdays-market-minute-earnings-ecodata-central-bank-policies,benzinga.com,English,0.0,gdelt_gkg
INTC,2020-01-21,Project Haystack Organization Announces New Members and Haystack 4 Educational Session During AHR Expo 2020,https://www.prweb.com/releases/project_haystack_organization_announces_new_members_and_haystack_4_educational_session_during_ahr_expo_2020/prweb16847042.htm,prweb.com,English,0.0,gdelt_gkg
INTC,2020-01-21,"Intel and Micron Sued :  A Sweetheart Deal , Done in Secret  ",https://www.cbronline.com/in-depth/intel-and-micron-sued-3d-xpoint,cbronline.com,English,0.0,gdelt_gkg
INTC,2020-01-21,"Global Mixed Reality ( MR ) Markets , Trend Forecasts and Growth Opportunities ( 2020 - 2026 ) ",https://www.benzinga.com/pressreleases/20/01/g15152283/global-mixed-reality-mr-markets-trend-forecasts-and-growth-opportunities-2020-2026,benzinga.com,English,0.0,gdelt_gkg
INTC,2020-01-21,Ulta Beauty CEO Mary Dillon to Chair RILA Board of Directors,https://www.prnewswire.com/news-releases/ulta-beauty-ceo-mary-dillon-to-chair-rila-board-of-directors-300990420.html,prnewswire.com,English,0.0,gdelt_gkg
INTC,2020-01-21,Apple lawsuit tests if an employee can plan rival startup while on payroll,https://www.foxbusiness.com/technology/apple-lawsuit-employees-startups,foxbusiness.com,English,0.0,gdelt_gkg
INTC,2020-01-22,"Boeing Company ( The ) ( NYSE : BA ), General Electric Company ( NYSE : GE ) - IBM , Netflix Earnings Greeted With Enthusiasm , And Texas Instruments Up Later Today",https://www.benzinga.com/news/earnings/20/01/15163621/ibm-netflix-earnings-greeted-with-enthusiasm-and-texas-instruments-up-later-today,benzinga.com,English,0.0,gdelt_gkg
INTC,2020-01-22,"$3 . 1 Billion Cloud Gaming Market by Offering , Device Type , Solution , Gamer Type and Region",http://www.globenewswire.com/news-release/2020/01/22/1973787/0/en/3-1-Billion-Cloud-Gaming-Market-by-Offering-Device-Type-Solution-Gamer-Type-and-Region-Global-Forecast-to-2024.html,globenewswire.com,English,0.0,gdelt_gkg
INTC,2020-01-22,The Global Augmented Reality ( AR ) Markets Projected to Exceed $198 Billion by 2025,https://www.finanznachrichten.de/nachrichten-2020-01/48664946-the-global-augmented-reality-ar-markets-projected-to-exceed-dollar-198-billion-by-2025-008.htm,finanznachrichten.de,English,0.0,gdelt_gkg
INTC,2020-01-22,The Global Augmented Reality ( AR ) Markets Projected to Exceed $198 Billion by 2025,https://www.tmcnet.com/usubmit/-global-augmented-reality-ar-markets-projected-exceed-198-/2020/01/22/9085267.htm,tmcnet.com,English,0.0,gdelt_gkg
INTC,2020-01-22,The Global Augmented Reality ( AR ) Markets Projected to Exceed $198 Billion by 2025,https://www.prnewswire.com/news-releases/the-global-augmented-reality-ar-markets-projected-to-exceed-198-billion-by-2025-300990917.html,prnewswire.com,English,0.0,gdelt_gkg
INTC,2020-01-22,"Industry 4 . 0 Market Size Overview by Rising Demands , Trends and Huge Bussiness Opportunities 2019 to 2026",http://www.sbwire.com/press-releases/industry-40-market-size-overview-by-rising-demands-trends-and-huge-bussiness-opportunities-2019-to-2026-1271748.htm,sbwire.com,English,0.0,gdelt_gkg
INTC,2020-01-22,"Industry 4 . 0 Market Size Overview by Rising Demands , Trends and Huge Bussiness Opportunities 2019 to 2026 - Press Release",http://www.digitaljournal.com/pr/4565038,digitaljournal.com,English,0.0,gdelt_gkg
INTC,2020-01-22,"Mixed Reality , Europe Market : CAGR of 49 . 65 % | Identify new opportunity and Potential Threats of Future",https://www.gurufocus.com/news/1019756/mixed-reality-europe-market-cagr-of-4965-identify-new-opportunity-and-potential-threats-of-future,gurufocus.com,English,0.0,gdelt_gkg
INTC,2020-01-22,"AI in Telecom Market 2020 – 2023 : Company Profiles , Size , Segments , Landscape , Industry Growth and Business Trends by Regional Forecast",https://www.marketwatch.com/press-release/ai-in-telecom-market-2020-2023-company-profiles-size-segments-landscape-industry-growth-and-business-trends-by-regional-forecast-2020-01-22,marketwatch.com,English,0.0,gdelt_gkg
INTC,2020-01-22,The Global Augmented Reality ( AR ) Markets Projected to Exceed $198 Billion by 2025,https://www.prnewswire.com:443/news-releases/the-global-augmented-reality-ar-markets-projected-to-exceed-198-billion-by-2025-300990917.html,prnewswire.com,English,0.0,gdelt_gkg
INTC,2020-01-22,Intel Retools with New Chairman,https://www.swfinstitute.org/news/77187/intel-retools-with-new-chairman,swfinstitute.org,English,0.0,gdelt_gkg
INTC,2020-01-22,"Neural Network Software Market 2020 : Global Industry Trends , Sales Revenue , Industry Growth by 2025 – MRE Analysis",https://www.marketwatch.com/press-release/neural-network-software-market-2020-global-industry-trends-sales-revenue-industry-growth-by-2025-mre-analysis-2020-01-22,marketwatch.com,English,0.0,gdelt_gkg
INTC,2020-01-22,The Global Augmented Reality ( AR ) Markets Projected to Exceed $198 Billion by 2025,https://www.prnewswire.co.uk/news-releases/the-global-augmented-reality-ar-markets-projected-to-exceed-198-billion-by-2025-887584705.html,prnewswire.co.uk,English,0.0,gdelt_gkg
INTC,2020-01-22,"The World Market for Augmented Reality ( AR ) 2019 - 2024 : Monitor - Based Technology , Mobile Augmented Reality , Near - Eye - Based Technology",https://www.prnewswire.com:443/news-releases/the-world-market-for-augmented-reality-ar-2019-2024-monitor-based-technology-mobile-augmented-reality-near-eye-based-technology-300991118.html,prnewswire.com,English,0.0,gdelt_gkg
INTC,2020-01-22,Intel Board of Directors Elects New Chairman and New Director,https://newsroom.intel.com/news-releases/intel-board-directors-elects-new-chairman-new-director/,newsroom.intel.com,English,0.0,gdelt_gkg
INTC,2020-01-22,"Internet of Vehicle Market Detailed Insights on Upcoming Trends 2017 - 2024 | Ford Motor , Texas Instruments , Audi , Intel - Media Releases",https://www.reseller.co.nz/mediareleases/37807/internet-of-vehicle-market-detailed-insights-on/,reseller.co.nz,English,0.0,gdelt_gkg
INTC,2020-01-22,"Global Network Processor Market Growth Report 2020 : By Key Players Intel Corporation , Cisco Systems Inc , Broadcom Limited , Cavium – Galus Australis",http://galusaustralis.com/2020/01/354268/global-network-processor-market-growth-report-2020-by-key-players-intel-corporation-cisco-systems-inc-broadcom-limited-cavium/,galusaustralis.com,English,0.0,gdelt_gkg
INTC,2020-01-22,"The World Market for Augmented Reality ( AR ) 2019 - 2024 : Monitor - Based Technology , Mobile Augmented Reality , Near - Eye - Based Technology",https://www.tmcnet.com/usubmit/2020/01/22/9085029.htm,tmcnet.com,English,0.0,gdelt_gkg
INTC,2020-01-22,Intel Corporation Appoints New Chairman With Experience In Robotics,https://wccftech.com/intel-new-chairman-director-omar-ishraq/,wccftech.com,English,0.0,gdelt_gkg
INTC,2020-01-22,"The World Market for Augmented Reality ( AR ) 2019 - 2024 : Monitor - Based Technology , Mobile Augmented Reality , Near - Eye - Based Technology",https://news.yahoo.com/world-market-augmented-reality-ar-104500999.html,news.yahoo.com,English,0.0,gdelt_gkg
INTC,2020-01-23,Midwest Growth Capital Symposium Announces 40th National Venture Capital Event,https://www.djournal.com/news/nation-world/midwest-growth-capital-symposium-announces-th-national-venture-capital-event/article_a71736fc-18dd-5cb8-8901-c1b0d887717c.html,djournal.com,English,0.0,gdelt_gkg
INTC,2020-01-23,Midwest Growth Capital Symposium Announces 40th National Venture Capital Event,https://www.prnewswire.com/news-releases/midwest-growth-capital-symposium-announces-40th-national-venture-capital-event-300991764.html,prnewswire.com,English,0.0,gdelt_gkg
INTC,2020-01-23,Intel Corporation Q4 adjusted earnings Beat Estimates,https://www.finanznachrichten.de/nachrichten-2020-01/48679249-intel-corporation-q4-adjusted-earnings-beat-estimates-020.htm,finanznachrichten.de,English,0.0,gdelt_gkg
INTC,2020-01-23,Midwest Growth Capital Symposium Announces 40th National Venture Capital Event,http://www.iosconews.com/news/state/article_6b82277a-7947-57e2-8090-43d30b6ee7b4.html,iosconews.com,English,0.0,gdelt_gkg
INTC,2020-01-23,Artificial Intelligence ( AI ) Market Exceed US$ 160 Bn 2026,https://news.yahoo.com/artificial-intelligence-ai-market-exceed-143000583.html,news.yahoo.com,English,0.0,gdelt_gkg
INTC,2020-01-23,"Intel Corporation ( NASDAQ : INTC ) - Intel Trades Up On Q4 Earnings Beat , Higher Guidance",https://www.benzinga.com/news/earnings/20/01/15176419/intel-trades-up-on-q4-earnings-beat-higher-guidance,benzinga.com,English,0.0,gdelt_gkg
INTC,2020-01-23,Benevity Announces Finalists for the 2020 Corporate Goodness Awards – Press Releases on CSRwire . com,https://www.csrwire.com/press_releases/43430-Benevity-Announces-Finalists-for-the-2020-Corporate-Goodness-Awards,csrwire.com,English,0.0,gdelt_gkg
INTC,2020-01-23,Artificial Intelligence ( AI ) Market Exceed US$ 160 Bn 2026,https://www.tmcnet.com/usubmit/2020/01/23/9086203.htm,tmcnet.com,English,0.0,gdelt_gkg
INTC,2020-01-23,Intel Corporation 2019 Q4 - Results - Earnings Call Presentation,https://seekingalpha.com/article/4318716-intel-corporation-2019-q4-results-earnings-call-presentation,seekingalpha.com,English,0.0,gdelt_gkg
INTC,2020-01-23,Midwest Growth Capital Symposium Announces 40th National Venture Capital Event,https://www.prnewswire.com:443/news-releases/midwest-growth-capital-symposium-announces-40th-national-venture-capital-event-300991764.html,prnewswire.com,English,0.0,gdelt_gkg
INTC,2020-01-23,"Global Wireless Connectivity Market 2020 : Key Players Broadcom , Murata , Qualcomm Atheros , Mediatek Inc ., Intel Corporation",https://www.marketwatch.com/press-release/global-wireless-connectivity-market-2020-key-players-broadcom-murata-qualcomm-atheros-mediatek-inc-intel-corporation-2020-01-23,marketwatch.com,English,0.0,gdelt_gkg
INTC,2020-01-23,Intel Corporation Q4 adjusted earnings Beat Estimates,https://www.nasdaq.com/articles/intel-corporation-q4-adjusted-earnings-beat-estimates-2020-01-23,nasdaq.com,English,0.0,gdelt_gkg
INTC,2020-01-23,Benevity Announces Finalists for the 2020 Corporate Goodness Awards,http://www.justmeans.com/press-release/benevity-announces-finalists-for-the-2020-corporate-goodness-awards,justmeans.com,English,0.0,gdelt_gkg
INTC,2020-01-23,"Israeli Data Ownership Startup Emerges From Stealth , Secures $3M",http://nocamels.com/2020/01/israel-data-ownership-mine-ownership-internet/,nocamels.com,English,0.0,gdelt_gkg
INTC,2020-01-23," ( AAL ), D . R . Horton , Inc . ( NYSE : DHI ) - Texas Instruments And Procter & Gamble Results Front And Center , But So Is Asian Virus",https://www.benzinga.com/news/earnings/20/01/15172270/texas-instruments-and-procter-gamble-results-front-and-center-but-so-is-asian-virus,benzinga.com,English,0.0,gdelt_gkg
INTC,2020-01-23,"Global Edge AI Hardware Market is Expected to Reach USD 1 , 929 . 21 Million by 2026 : Fior Markets",http://www.globenewswire.com/news-release/2020/01/23/1974653/0/en/Global-Edge-AI-Hardware-Market-is-Expected-to-Reach-USD-1-929-21-Million-by-2026-Fior-Markets.html,globenewswire.com,English,0.0,gdelt_gkg
INTC,2020-01-23,"Texas Instruments And Procter & Gamble Results Front And Center , But So Is Asian Virus",https://www.marketwatch.com/story/texas-instruments-and-procter-gamble-results-front-and-center-but-so-is-asian-virus-2020-01-23,marketwatch.com,English,0.0,gdelt_gkg
INTC,2020-01-23,"Europe Mixed Reality Market 2020 - 2026 by Offering , Device Type , End - user , and Country : Trend Forecast and Growth Opportunity",https://www.finanznachrichten.de/nachrichten-2020-01/48673752-europe-mixed-reality-market-2020-2026-by-offering-device-type-end-user-and-country-trend-forecast-and-growth-opportunity-researchandmarkets-com-004.htm,finanznachrichten.de,English,0.0,gdelt_gkg
INTC,2020-01-23,Artificial Intelligence ( AI ) Market Exceed US$ 160 Bn 2026,https://www.prnewswire.com:443/news-releases/artificial-intelligence-ai-market-exceed-us-160-bn-2026-300992123.html,prnewswire.com,English,0.0,gdelt_gkg
INTC,2020-01-23,"Analysis on the World Commercial Drones Market , 2019 - 2028 - Increasing Use in Agriculture , Mining , Construction , Exploration of Resources , and Surveying",https://www.prnewswire.com:443/news-releases/analysis-on-the-worlds-commercial-drones-market-2019-2028---increasing-use-in-agriculture-mining-construction-exploration-of-resources-and-surveying-300991466.html,prnewswire.com,English,0.0,gdelt_gkg
INTC,2020-01-23,Narrowband IoT ( NB - IoT ) Chipset Market Statistics Analysis and Opportunities 2026 Described in a Research Study - Media Releases,https://www.arnnet.com.au/mediareleases/37854/narrowband-iot-nb-iot-chipset-market-statistics/,arnnet.com.au,English,0.0,gdelt_gkg
INTC,2020-01-23,ITE students create real - life solutions with AI in Intel project,https://www.straitstimes.com/singapore/education/ite-students-create-real-life-solutions-with-ai-in-intel-project,straitstimes.com,English,0.0,gdelt_gkg
INTC,2020-01-23,ইনটেলের চেয়ারম্যান হলেন বাংলাদেশি বংশোদ্ভূত ইশরাক,http://www.dainikamadershomoy.com/post/238022,dainikamadershomoy.com,Bengali,0.0,gdelt_gkg
INTC,2020-01-23,Bangladeshi - American Ishrak elected new Intel chairman,https://www.jagonews24.com/en/business/news/47894,jagonews24.com,English,0.0,gdelt_gkg
INTC,2020-01-23,Global Programmable Logic Controllers ( PLCs ) Market 2020 : Expected To Deliver Dynamic Progression Until 2025,https://www.marketwatch.com/press-release/global-programmable-logic-controllers-plcs-market-2020-expected-to-deliver-dynamic-progression-until-2025-2020-01-23,marketwatch.com,English,0.0,gdelt_gkg
INTC,2020-01-23,Bangladeshi - American Omar Ishrak named new Intel chairman - 456404,https://www.daily-sun.com/post/456404/BangladeshiAmerican-Omar-Ishrak-named-new-Intel-chairman,daily-sun.com,English,0.0,gdelt_gkg
INTC,2020-01-23,Global 3D Sensors Market Report Till 2026,https://www.briefingwire.com/pr/global-3d-sensors-market-report-till-2026,briefingwire.com,English,0.0,gdelt_gkg
INTC,2020-01-23,"12 Stocks To Watch For January 23 , 2020",https://www.benzinga.com/news/earnings/20/01/15169764/12-stocks-to-watch-for-january-23-2020,benzinga.com,English,0.0,gdelt_gkg
INTC,2020-01-23,"Analysis on the World Commercial Drones Market , 2019 - 2028 - Increasing Use in Agriculture , Mining , Construction , Exploration of Resources , and Surveying",https://www.prnewswire.com/news-releases/analysis-on-the-worlds-commercial-drones-market-2019-2028---increasing-use-in-agriculture-mining-construction-exploration-of-resources-and-surveying-300991466.html,prnewswire.com,English,0.0,gdelt_gkg
INTC,2020-01-23,ইন্টেলের নতুন চেয়ারম্যান বাংলাদেশি বংশোদ্ভূত ওমর ইশরাক,http://www.arthosuchak.com/archives/556709/%E0%A6%87%E0%A6%A8%E0%A7%8D%E0%A6%9F%E0%A7%87%E0%A6%B2%E0%A7%87%E0%A6%B0-%E0%A6%A8%E0%A6%A4%E0%A7%81%E0%A6%A8-%E0%A6%9A%E0%A7%87%E0%A7%9F%E0%A6%BE%E0%A6%B0%E0%A6%AE%E0%A7%8D%E0%A6%AF%E0%A6%BE%E0%A6%A8/,arthosuchak.com,Bengali,0.0,gdelt_gkg
INTC,2020-01-23,Connected Retail Market Is Driven By Increasing Demand For IoT Devices In The Retail Market,http://thrasherbacker.com/connected-retail-market-is-driven-by-increasing-demand-for-iot-devices-in-the-retail-market/0190622/,thrasherbacker.com,English,0.0,gdelt_gkg
INTC,2020-01-23,Intel Earnings Preview : Demand Recovery To Offer Pivotal Clue To Stock Outlook,https://www.investing.com/analysis/intel-earnings-preview-demand-recovery-to-offer-pivotal-clue-to-stocks-outlook-200500835,investing.com,English,0.0,gdelt_gkg
INTC,2020-01-23,ইনটেলের নতুন চেয়ারম্যান বাংলাদেশি - আমেরিকান ওমর ইশরাক,https://www.jagonews24.com/international/news/554473,jagonews24.com,Bengali,0.0,gdelt_gkg
INTC,2020-01-23,"Global User Interface Services Market 2020 Industry Size , Analysis , Growth , Opportunity and Forecast Report 2024",https://www.marketwatch.com/press-release/global-user-interface-services-market-2020-industry-size-analysis-growth-opportunity-and-forecast-report-2024-2020-01-23,marketwatch.com,English,0.0,gdelt_gkg
INTC,2020-01-23,"Analysis on the World Commercial Drones Market , 2019 - 2028 - Increasing Use in Agriculture , Mining , Construction , Exploration of Resources , and Surveying",https://news.yahoo.com/analysis-worlds-commercial-drones-market-001500609.html,news.yahoo.com,English,0.0,gdelt_gkg
INTC,2020-01-23,"Affective Computing Market 2018 Global Forecast by Size , Share , Business Opportunities , Latest Trends and Industry Outlook Till 2028",https://www.marketwatch.com/press-release/affective-computing-market-2018-global-forecast-by-size-share-business-opportunities-latest-trends-and-industry-outlook-till-2028-2020-01-23,marketwatch.com,English,0.0,gdelt_gkg
INTC,2020-01-23,"Mobile AI Market 2020 Classification , Application , Industry Chain Overview , SWOT Analysis and Competitive Landscape To 2023 - Press Release",http://www.digitaljournal.com/pr/4566059,digitaljournal.com,English,0.0,gdelt_gkg
INTC,2020-01-24,New IEEE fellows,https://www.eurekalert.org/pub_releases/2020-01/uod-nif012420.php,eurekalert.org,English,0.0,gdelt_gkg
INTC,2020-01-24,"Intel ( INTC ) Q4 Earnings Beat , DCG Growth Aids Revenues",https://news.yahoo.com/intels-intc-q4-earnings-beat-150203199.html,news.yahoo.com,English,0.0,gdelt_gkg
INTC,2020-01-24,"Intel Corporation ( NASDAQ : INTC ), Advanced Micro Devices , Inc . ( NYSE : AMD ) - Report : Intel Planning For Phased Price Cuts To Take On AMD Challenge",https://www.benzinga.com/news/20/01/15180135/report-intel-planning-for-phased-price-cuts-to-take-on-amd-challenge,benzinga.com,English,0.0,gdelt_gkg
INTC,2020-01-24,M & A Activity in IoT Security Platform Market to Set New Growth Cycle,http://www.sbwire.com/press-releases/ma-activity-in-iot-security-platform-market-to-set-new-growth-cycle-1272579.htm,sbwire.com,English,0.0,gdelt_gkg
INTC,2020-01-24,Intel Reports Fourth - Quarter and Full - Year 2019 Financial Results,http://ein.iconnect007.com/index.php/article/121466/-intel-reports-fourth-quarter-and-full-year-2019-financial-results/121469/,ein.iconnect007.com,English,0.0,gdelt_gkg
INTC,2020-01-24,Intel Reports Fourth - Quarter and Full - Year 2019 Financial Results,http://ein.iconnect007.com/index.php/article/121466/intel-reports-fourth-quarter-and-full-year-2019-financial-results/121469/,ein.iconnect007.com,English,0.0,gdelt_gkg
INTC,2020-01-24,World IoT Chip Markets to 2029 : Increasing Demand for IoT Chips in Smart Manufacturing Applications Augments Robust Industry Growth,https://www.prnewswire.com:443/news-releases/world-iot-chip-markets-to-2029-increasing-demand-for-iot-chips-in-smart-manufacturing-applications-augments-robust-industry-growth-300992810.html,prnewswire.com,English,0.0,gdelt_gkg
INTC,2020-01-24,"Intel Corporation ( NASDAQ : INTC ), Advanced Micro Devices , Inc . ( NYSE : AMD ) - Here How Much Investing $100 In Intel Stock Back In 2010 Would Be Worth Today",https://www.benzinga.com/markets/cryptocurrency/20/01/15143749/heres-how-much-investing-100-in-intel-stock-back-in-2010-would-be-worth-today,benzinga.com,English,0.0,gdelt_gkg
INTC,2020-01-24,World IoT Chip Markets to 2029 : Increasing Demand for IoT Chips in Smart Manufacturing Applications Augments Robust Industry Growth,https://www.prnewswire.com/news-releases/world-iot-chip-markets-to-2029-increasing-demand-for-iot-chips-in-smart-manufacturing-applications-augments-robust-industry-growth-300992810.html,prnewswire.com,English,0.0,gdelt_gkg
INTC,2020-01-24,Artificial Intelligence In Cybersecurity Market,http://www.sbwire.com/press-releases/artificial-intelligence/release-1272707.htm,sbwire.com,English,0.0,gdelt_gkg
INTC,2020-01-24,"Industrial Internet of Things Market Trends , Key Players , Overview , Competitive Breakdown and Regional Forecast by 2025",https://www.marketwatch.com/press-release/industrial-internet-of-things-market-trends-key-players-overview-competitive-breakdown-and-regional-forecast-by-2025-2020-01-24,marketwatch.com,English,0.0,gdelt_gkg
INTC,2020-01-24,"Intel ( INTC ) Q4 Earnings Beat , DCG Growth Aids Revenues",https://finance.yahoo.com/news/intels-intc-q4-earnings-beat-150203199.html,finance.yahoo.com,English,0.0,gdelt_gkg
INTC,2020-01-24,Enterprise Quantum Computing Market : Know Technology Exploding in Popularity - Press Release,http://www.digitaljournal.com/pr/4568080,digitaljournal.com,English,0.0,gdelt_gkg
INTC,2020-01-24,Intel Shares Jump After Strong Earnings Report,https://www.financialbuzz.com/intel-shares-jump-after-strong-earnings-report/,financialbuzz.com,English,0.0,gdelt_gkg
INTC,2020-01-24,"Intel Corporation ( NASDAQ : INTC ), Advanced Micro Devices , Inc . ( NYSE : AMD ) - Intel Analysts Harp On Muted Second Half Outlook Following Stellar Quarter",https://www.benzinga.com/analyst-ratings/analyst-color/20/01/15182377/intel-analysts-harp-on-muted-second-half-outlook-following-stellar-quarter,benzinga.com,English,0.0,gdelt_gkg
INTC,2020-01-24,Intel stock jumps to highest price since dot - com bubble,https://www.foxbusiness.com/markets/intel-stock-highest-price-dot-com-bubble,foxbusiness.com,English,0.0,gdelt_gkg
INTC,2020-01-24,"Baystreet . ca - Intel Leaps on Q4 Earnings Beat , Q1 Guidance",http://baystreet.ca/techinsider/2047/Intel-Leaps-on-Q4-Earnings-Beat-Q1-Guidance,baystreet.ca,English,0.0,gdelt_gkg
INTC,2020-01-24,Artificial Intelligence and Machine Learning Market Evolving Technology and Growth Outlook 2020 to 2024,https://www.marketwatch.com/press-release/artificial-intelligence-and-machine-learning-market-evolving-technology-and-growth-outlook-2020-to-2024-2020-01-24,marketwatch.com,English,0.0,gdelt_gkg
INTC,2020-01-24,World IoT Chip Markets to 2029 : Increasing Demand for IoT Chips in Smart Manufacturing Applications Augments Robust Industry Growth,https://news.yahoo.com/world-iot-chip-markets-2029-164500691.html,news.yahoo.com,English,0.0,gdelt_gkg
INTC,2020-01-24,ซัมซุงส่งสมาร์ทโฟนสุดเจ๋ง # กาแลคซี่ เอ 51 และ เอ 71 ประเดิมต้นปี,http://www.newswit.com/it/2020-01-24/bfa7216fe2accad71d5810d17e97e73c/,newswit.com,Thai,0.0,gdelt_gkg
INTC,2020-01-24,Intel Corp ( INTC ) Q4 2019 Earnings Call Transcript,https://www.fool.com/earnings/call-transcripts/2020/01/24/intel-corp-intc-q4-2019-earnings-call-transcript.aspx?source=iedfolrf0000001,fool.com,English,0.0,gdelt_gkg
INTC,2020-01-24,"Global Edge AI Hardware Market is Expected to Reach USD 1 , 929 . 21 Million by 2026 : Fior Markets - Press Release",http://www.digitaljournal.com/pr/4567222,digitaljournal.com,English,0.0,gdelt_gkg
INTC,2020-01-24,Global Wireless Connectivity Market 2020 : Analysis with Lucrative Strategies and Irreplaceable Counsel by 2025,https://www.marketwatch.com/press-release/global-wireless-connectivity-market-2020-analysis-with-lucrative-strategies-and-irreplaceable-counsel-by-2025-2020-01-24,marketwatch.com,English,0.0,gdelt_gkg
INTC,2020-01-24,"Global Narrowband IoT ( NB - IoT ) Chips Market is Expected to Reach USD 5 , 541 . 45 Million by 2026 : Fior Markets",https://www.benzinga.com/pressreleases/20/01/g15178202/global-narrowband-iot-nb-iot-chips-market-is-expected-to-reach-usd-5-541-45-million-by-2026-fior-m,benzinga.com,English,0.0,gdelt_gkg
INTC,2020-01-24,"Global Narrowband IoT ( NB - IoT ) Chips Market is Expected to Reach USD 5 , 541 . 45 Million by 2026 : Fior Markets",http://www.globenewswire.com/news-release/2020/01/24/1974698/0/en/Global-Narrowband-IoT-NB-IoT-Chips-Market-is-Expected-to-Reach-USD-5-541-45-Million-by-2026-Fior-Markets.html,globenewswire.com,English,0.0,gdelt_gkg
INTC,2020-01-24,Intel Corporation ( INTC ) CEO Bob Swan on Q4 2019 Results - Earnings Call Transcript,https://seekingalpha.com/article/4318803-intel-corporation-intc-ceo-bob-swan-on-q4-2019-results-earnings-call-transcript,seekingalpha.com,English,0.0,gdelt_gkg
INTC,2020-01-24,"Stocks shrug off spreading coronavirus , hit all - time highs",https://www.foxbusiness.com/markets/us-stocks-jan-24-2020,foxbusiness.com,English,0.0,gdelt_gkg
INTC,2020-01-24,M & A Activity in IoT Security Platform Market to Set New Growth Cycle - Press Release,http://www.digitaljournal.com/pr/4567841,digitaljournal.com,English,0.0,gdelt_gkg
INTC,2020-01-24,Japan stocks erase gains as coronavirus fears offset tech earnings hopes,https://www.businesslive.co.za/bd/markets/2020-01-24-japan-stocks-erase-gains-as-coronavirus-fears-offset-tech-earnings-hopes/,businesslive.co.za,English,0.0,gdelt_gkg
INTC,2020-01-24,Intel Corp ( INTC ) Q4 2019 Earnings Call Transcript,https://www.nasdaq.com/articles/intel-corp-intc-q4-2019-earnings-call-transcript-2020-01-24,nasdaq.com,English,0.0,gdelt_gkg
INTC,2020-01-24,Hyperscale Data Center Market latest Trends and New Technologies Research Forecast to 2025,https://www.marketwatch.com/press-release/hyperscale-data-center-market-latest-trends-and-new-technologies-research-forecast-to-2025-2020-01-24,marketwatch.com,English,0.0,gdelt_gkg
INTC,2020-01-24,"Global Voice over 5G Market Outlook Report , 2020 - 2025 : Vo5G in SmartPhones , Wearable Tech , IoT , Virtual Reality , Telepresence , Robotics , and Teleoperation – ResearchAndMarkets . com",https://www.financialbuzz.com/global-voice-over-5g-market-outlook-report-2020-2025-vo5g-in-smartphones-wearable-tech-iot-virtual-reality-telepresence-robotics-and-teleoperation-researchandmarkets-com/,financialbuzz.com,English,0.0,gdelt_gkg
INTC,2020-01-24,Skanska at Work on More than $6 . 1 Billion in U . S . Projects,https://www.industrialinfo.com/news/abstract.jsp?newsitemID=280708,industrialinfo.com,English,0.0,gdelt_gkg
INTC,2020-01-24,Meet Costa Rica newest NASA figure : Luis Diego Fonseca Flores – The Tico Times | Costa Rica News | Travel,https://ticotimes.net/2020/01/24/meet-costa-ricas-newest-nasa-figure-luis-diego-fonseca-flores,ticotimes.net,English,0.0,gdelt_gkg
INTC,2020-01-24,"8 Stocks To Watch For January 24 , 2020",https://www.benzinga.com/news/earnings/20/01/15178593/8-stocks-to-watch-for-january-24-2020,benzinga.com,English,0.0,gdelt_gkg
INTC,2020-01-24,"IoT Chip Market Set to Witness a CAGR of 15 . 18 % Over 2019 - 2029 - Global Market Analysis by Type , End - use Industry and Region",http://www.globenewswire.com/news-release/2020/01/24/1974827/0/en/IoT-Chip-Market-Set-to-Witness-a-CAGR-of-15-18-Over-2019-2029-Global-Market-Analysis-by-Type-End-use-Industry-and-Region.html,globenewswire.com,English,0.0,gdelt_gkg
INTC,2020-01-24,A Peek Into The Markets : US Stock Futures Up Ahead Of American Express Earnings,https://www.benzinga.com/news/earnings/20/01/15178978/a-peek-into-the-markets-us-stock-futures-up-ahead-of-american-express-earnings,benzinga.com,English,0.0,gdelt_gkg
INTC,2020-01-24,"Global Artificial Industrial in Manufacturing Market 2020 : Intel Corporation , Siemens AG , IBM Corporation , Alphabet Inc , Microsoft Corporation",https://www.marketwatch.com/press-release/global-artificial-industrial-in-manufacturing-market-2020-intel-corporation-siemens-ag-ibm-corporation-alphabet-inc-microsoft-corporation-2020-01-24,marketwatch.com,English,0.0,gdelt_gkg
INTC,2020-01-25,"January 24 , 2020 Weekly Wrap up LIVE from the floor of the NYSE",https://www.financialbuzz.com/january-24-2020-weekly-wrap-up-live-from-the-floor-of-the-nyse/,financialbuzz.com,English,0.0,gdelt_gkg
INTC,2020-01-25,"Intel Is Rising Again , Trying To Catch Up With AMD",https://www.forbes.com/sites/panosmourdoukoutas/2020/01/25/intel-is-rising-again-trying-to-catch-up-with-amd/,forbes.com,English,0.0,gdelt_gkg
INTC,2020-01-25,Ethernet Storage Fabric Market Demand and Growth Analysis 2019 to 2025,https://www.marketwatch.com/press-release/ethernet-storage-fabric-market-demand-and-growth-analysis-2019-to-2025-2020-01-25,marketwatch.com,English,0.0,gdelt_gkg
INTC,2020-01-26,Análisis semanal : el Gobierno nacional avanza en la reactivación de la economía para enfrentar el pago de la deuda mientras busca poner freno a la inflación,https://misionesonline.net/2020/01/25/analisis-semanal-el-gobierno-nacional-avanza-en-la-reactivacion-de-la-economia-para-enfrentar-el-pago-de-la-deuda-mientras-busca-poner-freno-a-la-inflacion-2/,misionesonline.net,Spanish,0.0,gdelt_gkg
INTC,2020-01-26,Copia de El Gobierno nacional avanza en la reactivación de la economía para enfrentar el pago de la deuda mientras busca poner freno a la inflación,https://misionesonline.net/2020/01/25/analisis-semanal-el-gobierno-nacional-avanza-en-la-reactivacion-de-la-economia-para-enfrentar-el-pago-de-la-deuda-mientras-busca-poner-freno-a-la-inflacion/,misionesonline.net,Spanish,0.0,gdelt_gkg
INTC,2020-01-26,El Gobierno nacional avanza en la reactivación de la economía para enfrentar el pago de la deuda mientras busca poner freno a la inflación,https://misionesonline.net/2020/01/25/el-gobierno-nacional-avanza-en-la-reactivacion-de-la-economia-para-enfrentar-el-pago-de-la-deuda-mientras-busca-poner-freno-a-la-inflacion/,misionesonline.net,Spanish,0.0,gdelt_gkg
INTC,2020-01-26,Intel Corporation Just Beat EPS By 7 . 8 %: Here What Analysts Think Will Happen Next,https://news.yahoo.com/intel-corporation-just-beat-eps-144520493.html,news.yahoo.com,English,0.0,gdelt_gkg
INTC,2020-01-26,Israel first digital bank targets mid - 2021 launch,https://www.jpost.com/Israel-News/Israels-first-digital-bank-targets-mid-2021-launch-615398,jpost.com,English,0.0,gdelt_gkg
INTC,2020-01-26,Intel Corporation Just Beat EPS By 7 . 8 %: Here What Analysts Think Will Happen Next,https://finance.yahoo.com/news/intel-corporation-just-beat-eps-144520493.html,finance.yahoo.com,English,0.0,gdelt_gkg
INTC,2020-01-27,"Global Cloud Gaming Market is Projected to Grow at 59 . 0 % CAGR During 2019 - 2024 , Reaching a Value of USD 3 , 107 Million by 2024 – ResearchAndMarkets . com |",http://www.consumerelectronicsnet.com/global-cloud-gaming-market-is-projected-to-grow-at-59-0-cagr-during-2019-2024-reaching-a-value-of-usd-3107-million-by-2024-researchandmarkets-com/,consumerelectronicsnet.com,English,0.0,gdelt_gkg
INTC,2020-01-27,"Inspection Drones Market – Global Industry Report 2019 to 2027 , Analysis , Size , Share , Growth , Trends , and Forecast – ResearchAndMarkets . com – IT Business Net",http://cloud.itbusinessnet.com/2020/01/27/inspection-drones-market-global-industry-report-2019-to-2027-analysis-size-share-growth-trends-and-forecast-researchandmarkets-com/,cloud.itbusinessnet.com,English,0.0,gdelt_gkg
INTC,2020-01-27,Key Emerging Trends in AI - Powered Storage,http://www.sbwire.com/press-releases/key-emerging-trends-in-ai-powered-storage-1272596.htm,sbwire.com,English,0.0,gdelt_gkg
INTC,2020-01-27,"Inspection Drones Market – Global Industry Report 2019 to 2027 , Analysis , Size , Share , Growth , Trends , and Forecast – ResearchAndMarkets . com – IT Business Net",http://internet.itbusinessnet.com/2020/01/27/inspection-drones-market-global-industry-report-2019-to-2027-analysis-size-share-growth-trends-and-forecast-researchandmarkets-com/,internet.itbusinessnet.com,English,0.0,gdelt_gkg
INTC,2020-01-27,Top 30 Stocks From The S & P 500 For A Balanced And Conservative Portfolio,https://seekingalpha.com/article/4319259-top-30-stocks-from-s-and-p-500-for-balanced-and-conservative-portfolio,seekingalpha.com,English,0.0,gdelt_gkg
INTC,2020-01-27,"Samsung , Nanosys , Hisense , Intel , and More to Headline at the 2020 Phosphors & Quantum Dots Industry Forum",https://www.nrtoday.com/ap/samsung-nanosys-hisense-intel-and-more-to-headline-at-the/article_d871266a-b57a-5e31-af74-e3e398385610.html,nrtoday.com,English,0.0,gdelt_gkg
INTC,2020-01-27,7พีเอ็มยู เตรียมพร้อม เบิก - จ่าย งบวิจัย 1 . 2 หมื่นล้าน,http://www.newswit.com/gen/2020-01-27/ba59c3a7cdde3ea7d20037d601e1c484/,newswit.com,Thai,0.0,gdelt_gkg
INTC,2020-01-27,"Gesture Recognition Market Highlights By Type And End Users , Phenomenal Growth By Top Players Till 2026",https://www.marketwatch.com/press-release/gesture-recognition-market-highlights-by-type-and-end-users-phenomenal-growth-by-top-players-till-2026-2020-01-27,marketwatch.com,English,0.0,gdelt_gkg
INTC,2020-01-27,Use of Artificial Intelligence in the Supply Chain is Expected to Grow,https://www.sdcexec.com:443/software-technology/news/21112370/use-of-artificial-intelligence-in-the-supply-chain-is-expected-to-grow,sdcexec.com,English,0.0,gdelt_gkg
INTC,2020-01-27,"Advanced Micro Devices , Inc . ( NYSE : AMD ), Intel Corporation ( NASDAQ : INTC ) - Here How Much Investing $100 In AMD Stock Back In 2010 Would Be Worth Today",https://www.benzinga.com/markets/cryptocurrency/20/01/15182344/heres-how-much-investing-100-in-amd-stock-back-in-2010-would-be-worth-today,benzinga.com,English,0.0,gdelt_gkg
INTC,2020-01-27,Adder Delivers Real - Time Control of Physical and Virtual Machines,http://www.mynewsdesk.com/uk/adder-technology/pressreleases/adder-delivers-real-time-control-of-physical-and-virtual-machines-2963850,mynewsdesk.com,English,0.0,gdelt_gkg
INTC,2020-01-27,Intel Extends Rally After Bullish Earnings and Outlook,https://www.investopedia.com/intel-extends-rally-after-bullish-earnings-and-outlook-4783098,investopedia.com,English,0.0,gdelt_gkg
INTC,2020-01-27,"Blockchain in Manufacturing Market Research Report Comprising Development Trends , Key Manufacturers and Competitive Landscape to 2029",https://www.marketwatch.com/press-release/blockchain-in-manufacturing-market-research-report-comprising-development-trends-key-manufacturers-and-competitive-landscape-to-2029-2020-01-27,marketwatch.com,English,0.0,gdelt_gkg
INTC,2020-01-27,"Internet Of Things ( IoT ) In Healthcare Market Segments , Opportunity , Growth and Forecast By End - use Industry 2019 - 2026",https://www.marketwatch.com/press-release/internet-of-things-iot-in-healthcare-market-segments-opportunity-growth-and-forecast-by-end-use-industry-2019-2026-2020-01-27,marketwatch.com,English,0.0,gdelt_gkg
INTC,2020-01-27,"Samsung , Nanosys , Hisense , Intel , and More to Headline at the 2020 Phosphors & Quantum Dots Industry Forum - Press Release",http://www.digitaljournal.com/pr/4568695,digitaljournal.com,English,0.0,gdelt_gkg
INTC,2020-01-27,"High Performance Data Analytics ( HPDA ) Market Analysis by Top Companies | IBM Corporation , SAP SE , Cisco Systems , Juniper Networks , Red Hat",https://www.marketwatch.com/press-release/high-performance-data-analytics-hpda-market-analysis-by-top-companies-ibm-corporation-sap-se-cisco-systems-juniper-networks-red-hat-2020-01-27,marketwatch.com,English,0.0,gdelt_gkg
INTC,2020-01-27,"IoT Gateway Market is Thriving Worldwide | Intel , Mitsubishi Electric , NXP Semiconductors",https://www.marketwatch.com/press-release/iot-gateway-market-is-thriving-worldwide-intel-mitsubishi-electric-nxp-semiconductors-2020-01-27,marketwatch.com,English,0.0,gdelt_gkg
INTC,2020-01-27,Brazil Elderly Care Market to Gain Tremendous Growth : ,https://www.openpr.com/news/1908821/brazil-elderly-care-market-to-gain-tremendous-growth,openpr.com,English,0.0,gdelt_gkg
INTC,2020-01-27,"Industrial IoT ( IIoT ) Market Share , Size 2020 Global Industry Analysis , Development , Top Manufacture , Revenue , Future Growth , Business Prospects and Forecast to 2026 : Market Reports World",https://www.marketwatch.com/press-release/industrial-iot-iiot-market-share-size-2020-global-industry-analysis-development-top-manufacture-revenue-future-growth-business-prospects-and-forecast-to-2026-market-reports-world-2020-01-27,marketwatch.com,English,0.0,gdelt_gkg
INTC,2020-01-28,Inside Washington County With Rob Solomon,https://www.kboo.fm/program/inside-washington-county-rob-solomon,kboo.fm,English,0.0,gdelt_gkg
INTC,2020-01-28,Black Fire Innovation launches in Las Vegas,https://news.worldcasinodirectory.com/unlv-premiers-new-black-fire-innovation-research-facility-76541,news.worldcasinodirectory.com,English,0.0,gdelt_gkg
INTC,2020-01-28,Intel Spent Approximately $805 Million On 10nm Data Center Ramp In 2019,https://wccftech.com/intel-805-million-data-center-10nm/,wccftech.com,English,0.0,gdelt_gkg
INTC,2020-01-28,Intel : An Undervalued Stock Offering Potential Double - Digit Returns,https://www.gurufocus.com/news/1022665/intel-an-undervalued-stock-offering-potential-doubledigit-returns,gurufocus.com,English,0.0,gdelt_gkg
INTC,2020-01-28,Blockchain in Telecom Market Anticipation 2020 With Professional Analysis And Competitive Dynamics Till 2029,https://www.marketwatch.com/press-release/blockchain-in-telecom-market-anticipation-2020-with-professional-analysis-and-competitive-dynamics-till-2029-2020-01-28,marketwatch.com,English,0.0,gdelt_gkg
INTC,2020-01-28,IoT for Finance Market Evolving Technology and Growth Outlook 2019 to 2024,https://www.marketwatch.com/press-release/iot-for-finance-market-evolving-technology-and-growth-outlook-2019-to-2024-2020-01-28,marketwatch.com,English,0.0,gdelt_gkg
INTC,2020-01-28,5 Stocks Financial Advisors Are Eyeing,https://finance.yahoo.com/news/5-stocks-financial-advisors-eyeing-171223303.html,finance.yahoo.com,English,0.0,gdelt_gkg
INTC,2020-01-28,5 Stocks Financial Advisors Are Eyeing,https://www.insidermonkey.com/blog/5-stocks-financial-advisors-are-eyeing-817438/,insidermonkey.com,English,0.0,gdelt_gkg
INTC,2020-01-28,"Advanced Micro Devices , Inc . ( NYSE : AMD ), Cisco Systems , Inc . ( NASDAQ : CSCO ) - AMD CEO Lisa Su Joins Cisco Board",https://www.benzinga.com/news/20/01/15198505/amd-ceo-lisa-su-joins-cisco-board,benzinga.com,English,0.0,gdelt_gkg
INTC,2020-01-28,Intel : An Undervalued Stock Offering Potential Double - Digit Returns,https://finance.yahoo.com/news/intel-undervalued-stock-offering-potential-155311756.html,finance.yahoo.com,English,0.0,gdelt_gkg
INTC,2020-01-28,"Apple Inc . ( NASDAQ : AAPL ), Advanced Micro Devices , Inc . ( NYSE : AMD ) - Turnaround Tuesday ? Stocks Look To Bounce Back As Apple Earnings Loom Later",https://www.benzinga.com/news/earnings/20/01/15198490/turnaround-tuesday-stocks-look-to-bounce-back-as-apple-earnings-loom-later,benzinga.com,English,0.0,gdelt_gkg
INTC,2020-01-28,ইন্টেলের চেয়ারম্যান বাংলাদেশি ড . ওমর ইশরাক - ,http://ctgtribune.com/2020/01/28/%E0%A6%87%E0%A6%A8%E0%A7%8D%E0%A6%9F%E0%A7%87%E0%A6%B2%E0%A7%87%E0%A6%B0-%E0%A6%9A%E0%A7%87%E0%A7%9F%E0%A6%BE%E0%A6%B0%E0%A6%AE%E0%A7%8D%E0%A6%AF%E0%A6%BE%E0%A6%A8-%E0%A6%AC%E0%A6%BE%E0%A6%82%E0%A6%B2/,ctgtribune.com,Bengali,0.0,gdelt_gkg
INTC,2020-01-28,東京五輪も 「 インテル入ってる 」 AIやVR投入,https://www.nikkei.com/article/DGXMZO49722200S9A910C1000000/,nikkei.com,Japanese,0.0,gdelt_gkg
INTC,2020-01-28,"Global Flip Chips Market 2020 : ASE Group , Amkor , Intel Corporation , Powertech Technology , STATS ChipPAC , Samsung Group",https://www.marketwatch.com/press-release/global-flip-chips-market-2020-ase-group-amkor-intel-corporation-powertech-technology-stats-chippac-samsung-group-2020-01-28,marketwatch.com,English,0.0,gdelt_gkg
INTC,2020-01-28,"Embedded Systems Market 2020 : Industry Demands , Top Key Players , Industry Analysis & Forecast By 2026",https://www.marketwatch.com/press-release/embedded-systems-market-2020-industry-demands-top-key-players-industry-analysis-forecast-by-2026-2020-01-28,marketwatch.com,English,0.0,gdelt_gkg
INTC,2020-01-28,"Global Data Center Chip Market 2020 : Business Overview , Suppliers , Competitors , Revenue and Forecast 2025",https://www.marketwatch.com/press-release/global-data-center-chip-market-2020-business-overview-suppliers-competitors-revenue-and-forecast-2025-2020-01-28,marketwatch.com,English,0.0,gdelt_gkg
INTC,2020-01-28,"Smartphone Sensors Market Global Segments , Regional Study , Business Trends , Industry Profit Growth by Forecast 2020 – 2025 - Press Release",http://www.digitaljournal.com/pr/4569889,digitaljournal.com,English,0.0,gdelt_gkg
INTC,2020-01-28,"Mixed Reality Market Share , Size and Forecast Report By 2022",https://www.marketwatch.com/press-release/mixed-reality-market-share-size-and-forecast-report-by-2022-2020-01-28,marketwatch.com,English,0.0,gdelt_gkg
INTC,2020-01-28,"Global Internet of Things ( IoT ) Software Market 2020 : Growth Factors , Applications , Regional , Key Players Analysis and Forecasts 2025",https://www.marketwatch.com/press-release/global-internet-of-things-iot-software-market-2020-growth-factors-applications-regional-key-players-analysis-and-forecasts-2025-2020-01-28,marketwatch.com,English,0.0,gdelt_gkg
INTC,2020-01-29,World First Public Showing of  Compute Express Link  ( CXL ) Showcased by Teledyne LeCroy at DesignCon,https://www.prnewswire.com:443/news-releases/worlds-first-public-showing-of-compute-express-link-cxl-showcased-by-teledyne-lecroy-at-designcon-300995639.html,prnewswire.com,English,0.0,gdelt_gkg
INTC,2020-01-29,"Incident Response Services Market Latest Advancements , Developments and Future Scope 2020",https://www.marketwatch.com/press-release/incident-response-services-market-latest-advancements-developments-and-future-scope-2020-2020-01-29,marketwatch.com,English,0.0,gdelt_gkg
INTC,2020-01-29,"Internet of Things in Retail Market Forecasts By Solution , Hardware , Service , Technology , And Region",http://www.comunicati.net/comunicati/aziende/informatica/information_technology/617504.html,comunicati.net,English,0.0,gdelt_gkg
INTC,2020-01-29,World First Public Showing of  Compute Express Link  ( CXL ) Showcased by Teledyne LeCroy at DesignCon,https://www.prnewswire.com/news-releases/worlds-first-public-showing-of-compute-express-link-cxl-showcased-by-teledyne-lecroy-at-designcon-300995639.html,prnewswire.com,English,0.0,gdelt_gkg
INTC,2020-01-29,"Global Virtual Reality ( VR ) Market in Gaming , Education & Simulations ( 2020 - 2025 ): Assesses Leading Companies , Strategies , Products and Services",https://www.prnewswire.com/news-releases/global-virtual-reality-vr-market-in-gaming-education--simulations-2020-2025-assesses-leading-companies-strategies-products-and-services-300995434.html,prnewswire.com,English,0.0,gdelt_gkg
INTC,2020-01-29,"Global Virtual Reality ( VR ) Market in Gaming , Education & Simulations ( 2020 - 2025 ): Assesses Leading Companies , Strategies , Products and Services",https://news.yahoo.com/global-virtual-reality-vr-market-174500163.html,news.yahoo.com,English,0.0,gdelt_gkg
INTC,2020-01-29,"Global Virtual Reality ( VR ) Market in Gaming , Education & Simulations ( 2020 - 2025 ): Assesses Leading Companies , Strategies , Products and Services",https://www.tmcnet.com/usubmit/2020/01/29/9089029.htm,tmcnet.com,English,0.0,gdelt_gkg
INTC,2020-01-29,"Advanced Micro Devices , Inc . ( NYSE : AMD ), Intel Corporation ( NASDAQ : INTC ) - AMD Analysts Discuss Server , Data Center Strength And Conservative Guidance",https://www.benzinga.com/analyst-ratings/analyst-color/20/01/15208590/amd-analysts-discuss-server-data-center-strength-and-conservative-guidance,benzinga.com,English,0.0,gdelt_gkg
INTC,2020-01-29,World First Public Showing of  Compute Express Link  ( CXL ) Showcased by Teledyne LeCroy at DesignCon,https://www.tmcnet.com/usubmit/2020/01/29/9089140.htm,tmcnet.com,English,0.0,gdelt_gkg
INTC,2020-01-29,"Gesture Recognition and Touchless Sensing Market From 2020 To 2029 : Manufacturers Growth Analysis , Regions , Types , End Users and Applications",https://www.marketwatch.com/press-release/gesture-recognition-and-touchless-sensing-market-from-2020-to-2029-manufacturers-growth-analysis-regions-types-end-users-and-applications-2020-01-29,marketwatch.com,English,0.0,gdelt_gkg
INTC,2020-01-29,"Global Virtual Reality ( VR ) Market in Gaming , Education & Simulations ( 2020 - 2025 ): Assesses Leading Companies , Strategies , Products and Services",https://www.prnewswire.com:443/news-releases/global-virtual-reality-vr-market-in-gaming-education--simulations-2020-2025-assesses-leading-companies-strategies-products-and-services-300995434.html,prnewswire.com,English,0.0,gdelt_gkg
INTC,2020-01-29,"Time - Sensitive Networking Market 2020 Growth , Share , Trends & Forecast to 2025|MRE Analysis",https://www.marketwatch.com/press-release/time-sensitive-networking-market-2020-growth-share-trends-forecast-to-2025mre-analysis-2020-01-29,marketwatch.com,English,0.0,gdelt_gkg
INTC,2020-01-29,"Virtual Reality ( VR ) Market in Gaming , Education , and Simulations 2020 - 2025",http://www.globenewswire.com/news-release/2020/01/29/1976651/0/en/Virtual-Reality-VR-Market-in-Gaming-Education-and-Simulations-2020-2025.html,globenewswire.com,English,0.0,gdelt_gkg
INTC,2020-01-29,"DellOro Group Announces Appointment of New Research Director , Network Security",https://news.yahoo.com/delloro-group-announces-appointment-research-133000379.html,news.yahoo.com,English,0.0,gdelt_gkg
INTC,2020-01-29,Next Generation Non - Volatile Memory Market Competitive Landscape Analysis with Forecast by 2025,https://www.marketwatch.com/press-release/next-generation-non-volatile-memory-market-competitive-landscape-analysis-with-forecast-by-2025-2020-01-29,marketwatch.com,English,0.0,gdelt_gkg
INTC,2020-01-29,Blockchain Government Market Research Report 2020 - Industry Statistical Study Of The Forecast Years 2020 - 2029,https://www.marketwatch.com/press-release/blockchain-government-market-research-report-2020---industry-statistical-study-of-the-forecast-years-2020-2029-2020-01-29,marketwatch.com,English,0.0,gdelt_gkg
INTC,2020-01-29,MU - MIMO Wi - Fi Chipset Market Size Analysis and Growth Opportunities during 2020 - 2025,https://www.marketwatch.com/press-release/mu-mimo-wi-fi-chipset-market-size-analysis-and-growth-opportunities-during-2020-2025-2020-01-29,marketwatch.com,English,0.0,gdelt_gkg
INTC,2020-01-29,"Machine to Machine ( M2M ) Connections Market 2020 | Outlook , Recent Trends and Industry Growth",https://www.marketwatch.com/press-release/machine-to-machine-m2m-connections-market-2020-outlook-recent-trends-and-industry-growth-2020-01-29,marketwatch.com,English,0.0,gdelt_gkg
INTC,2020-01-29,IoT Chip Market in North America and Europe is Currently in the Growth Stage,https://www.benzinga.com/pressreleases/20/01/ab15205104/iot-chip-market-in-north-america-and-europe-is-currently-in-the-growth-stage,benzinga.com,English,0.0,gdelt_gkg
INTC,2020-01-29,Global Digital Storage Devices Market 2020 : Growing Popularity and Emerging Trends in the Market,https://www.marketwatch.com/press-release/global-digital-storage-devices-market-2020-growing-popularity-and-emerging-trends-in-the-market-2020-01-29,marketwatch.com,English,0.0,gdelt_gkg
INTC,2020-01-29,New IEEE Fellows,https://www.newswise.com/articles/new-ieee-fellows,newswise.com,English,0.0,gdelt_gkg
INTC,2020-01-30,"$2 . 16Bn C - RAN Market Insights and Forecast 2019 - 2024 - Increasing Adoption of Cloud - Computing , Growing Demand for NFV Solution",https://www.prnewswire.com/news-releases/2-16bn-c-ran-market-insights-and-forecast-2019-2024---increasing-adoption-of-cloud-computing-growing-demand-for-nfv-solution-300996300.html,prnewswire.com,English,0.0,gdelt_gkg
INTC,2020-01-30,"$2 . 16Bn C - RAN Market Insights and Forecast 2019 - 2024 - Increasing Adoption of Cloud - Computing , Growing Demand for NFV Solution",https://news.yahoo.com/2-16bn-c-ran-market-203000381.html,news.yahoo.com,English,0.0,gdelt_gkg
INTC,2020-01-30,"Application Specific Integrated Circuit Market Analysis , Strategic Assessment , Trend Outlook And Bussiness Opportunities 2020 - 2023",https://www.sandiegosun.com/news/263876206/application-specific-integrated-circuit-market-analysis-strategic-assessment-trend-outlook-and-bussiness-opportunities-2020-2023,sandiegosun.com,English,0.0,gdelt_gkg
INTC,2020-01-30,GCC Smart Building Market Key Players Growth Analysis 2019 - 2026,https://www.pr-inside.com/gcc-smart-building-market-key-players-growth-analy-r4785734.htm,pr-inside.com,English,0.0,gdelt_gkg
INTC,2020-01-30,"WiGig Industry Insights , 2019 to 2024 , Featuring Intel , Cisco Systems , Samsung Electronics , Qualcomm , Panasonic , Broadcom , NEC , Marvell Technology Group , and NVIDIA",https://www.prnewswire.com:443/news-releases/wigig-industry-insights-2019-to-2024-featuring-intel-cisco-systems-samsung-electronics-qualcomm-panasonic-broadcom-nec-marvell-technology-group-and-nvidia-300996286.html,prnewswire.com,English,0.0,gdelt_gkg
INTC,2020-01-30,Evidence of an Intel Core i7 - 10710U and Xe DG1 GPU - powered laptop appears on Geekbench,https://www.notebookcheck.net/Evidence-of-an-Intel-Core-i7-10710U-and-Xe-DG1-GPU-powered-laptop-appears-on-Geekbench.452688.0.html,notebookcheck.net,English,0.0,gdelt_gkg
INTC,2020-01-30,"WiGig Industry Insights , 2019 to 2024 , Featuring Intel , Cisco Systems , Samsung Electronics , Qualcomm , Panasonic , Broadcom , NEC , Marvell Technology Group , and NVIDIA",https://news.yahoo.com/wigig-industry-insights-2019-2024-214500972.html,news.yahoo.com,English,0.0,gdelt_gkg
INTC,2020-01-30,"WiGig Industry Insights , 2019 to 2024 , Featuring Intel , Cisco Systems , Samsung Electronics , Qualcomm , Panasonic , Broadcom , NEC , Marvell Technology Group , and NVIDIA",https://www.tmcnet.com/usubmit/2020/01/30/9090006.htm,tmcnet.com,English,0.0,gdelt_gkg
INTC,2020-01-30,"$2 . 16Bn C - RAN Market Insights and Forecast 2019 - 2024 - Increasing Adoption of Cloud - Computing , Growing Demand for NFV Solution",https://www.tmcnet.com/usubmit/2020/01/30/9089941.htm,tmcnet.com,English,0.0,gdelt_gkg
INTC,2020-01-30,"WiGig Industry Insights , 2019 to 2024 , Featuring Intel , Cisco Systems , Samsung Electronics , Qualcomm , Panasonic , Broadcom , NEC , Marvell Technology Group , and NVIDIA",https://www.prnewswire.com/news-releases/wigig-industry-insights-2019-to-2024-featuring-intel-cisco-systems-samsung-electronics-qualcomm-panasonic-broadcom-nec-marvell-technology-group-and-nvidia-300996286.html,prnewswire.com,English,0.0,gdelt_gkg
INTC,2020-01-30,"North America LTE Applications & Services Industry 2020 - 2025 - Long After 5G Deployments , the LTE Application Market Will Persist for IoT , Private Networks , and Consumer Services",https://www.prnewswire.com:443/news-releases/north-americas-lte-applications--services-industry-2020-2025---long-after-5g-deployments-the-lte-application-market-will-persist-for-iot-private-networks-and-consumer-services-300996279.html,prnewswire.com,English,0.0,gdelt_gkg
INTC,2020-01-30,"North America LTE Applications & Services Industry 2020 - 2025 - Long After 5G Deployments , the LTE Application Market Will Persist for IoT , Private Networks , and Consumer Services",https://news.yahoo.com/north-americas-lte-applications-services-210000795.html,news.yahoo.com,English,0.0,gdelt_gkg
INTC,2020-01-30,"$2 . 16Bn C - RAN Market Insights and Forecast 2019 - 2024 - Increasing Adoption of Cloud - Computing , Growing Demand for NFV Solution",https://www.prnewswire.com:443/news-releases/2-16bn-c-ran-market-insights-and-forecast-2019-2024---increasing-adoption-of-cloud-computing-growing-demand-for-nfv-solution-300996300.html,prnewswire.com,English,0.0,gdelt_gkg
INTC,2020-01-30,"Application Specific Integrated Circuit Market Analysis , Strategic Assessment , Trend Outlook And Bussiness Opportunities 2020 - 2023",https://www.texasguardian.com/news/263876206/application-specific-integrated-circuit-market-analysis-strategic-assessment-trend-outlook-and-bussiness-opportunities-2020-2023,texasguardian.com,English,0.0,gdelt_gkg
INTC,2020-01-30,"Application Specific Integrated Circuit Market Analysis , Strategic Assessment , Trend Outlook And Bussiness Opportunities 2020 - 2023",https://www.newyorktelegraph.com/news/263876206/application-specific-integrated-circuit-market-analysis-strategic-assessment-trend-outlook-and-bussiness-opportunities-2020-2023,newyorktelegraph.com,English,0.0,gdelt_gkg
INTC,2020-01-30,M & A Activity in Cloud Identity And Access Management Market to Set New Growth Cycle,https://www.marketwatch.com/press-release/ma-activity-in-cloud-identity-and-access-management-market-to-set-new-growth-cycle-2020-01-30,marketwatch.com,English,0.0,gdelt_gkg
INTC,2020-01-30,"North America LTE Applications & Services Industry 2020 - 2025 - Long After 5G Deployments , the LTE Application Market Will Persist for IoT , Private Networks , and Consumer Services",https://www.tmcnet.com/usubmit/2020/01/30/9089948.htm,tmcnet.com,English,0.0,gdelt_gkg
INTC,2020-01-30,"5G Markets & Technologies , 2018 - 2019 & 2020 - 2028 - Network Slicing , Beamforming , Small Cells , and Cloud RAN Will Be Key to 5G Growth",https://news.yahoo.com/5g-markets-technologies-2018-2019-124500337.html,news.yahoo.com,English,0.0,gdelt_gkg
INTC,2020-01-30,Former Student - Athlete and ME Professor Cola Named Faculty Athletics Representative,https://news.gatech.edu/2020/01/30/former-student-athlete-and-me-professor-cola-named-faculty-athletics-representative,news.gatech.edu,English,0.0,gdelt_gkg
INTC,2020-01-30,"Radio Access Network Market to Set Robust Expansion by 2027 with Top Key Players like Cisco Systems , Commscope , FUJITSU , Huawei Technologies , Intel , Juniper Networks",https://empowerednews.net/radio-access-network-market-to-set-robust-expansion-by-2027-with-top-key-players-like-cisco-systems-commscope-fujitsu-huawei-technologies-intel-juniper-networks/181655024/,empowerednews.net,English,0.0,gdelt_gkg
INTC,2020-01-30,"Artificial Intelligence ( AI ) in Security Market to hit USD 24 Bn by 2025 - Global Insights on Trends , Growth Opportunities , Value Chain , Key Stakeholders , Leading Brands , Strategic Initiatives and Future Outlook : Adroit Market Research",https://www.benzinga.com/pressreleases/20/01/g15215135/artificial-intelligence-ai-in-security-market-to-hit-usd-24-bn-by-2025-global-insights-on-trends-g,benzinga.com,English,0.0,gdelt_gkg
INTC,2020-01-30,"North American LTE Applications and Services Market , 2020 - 2025 - Analyzed by LTE Advanced & Pro , Device Type , Service Provider Type , Segment , and Industry Verticals",http://www.globenewswire.com/news-release/2020/01/30/1977371/0/en/North-American-LTE-Applications-and-Services-Market-2020-2025-Analyzed-by-LTE-Advanced-Pro-Device-Type-Service-Provider-Type-Segment-and-Industry-Verticals.html,globenewswire.com,English,0.0,gdelt_gkg
INTC,2020-01-30,"Silicon Photonics Market is expected to register a 22 . 93 % CAGR , exhibiting substantial growth during the forecast period 2018 - 2024",https://www.marketwatch.com/press-release/silicon-photonics-market-is-expected-to-register-a-2293-cagr-exhibiting-substantial-growth-during-the-forecast-period-2018-2024-2020-01-30,marketwatch.com,English,0.0,gdelt_gkg
INTC,2020-01-30,Global Artificial Intelligence Market for Automotive and Transportation Industry Anticipated to Reach $69 . 05 Billion by 2029,https://www.tmcnet.com/usubmit/2020/01/30/9089397.htm,tmcnet.com,English,0.0,gdelt_gkg
INTC,2020-01-30,"5G Markets & Technologies , 2018 - 2019 & 2020 - 2028 - Network Slicing , Beamforming , Small Cells , and Cloud RAN Will Be Key to 5G Growth",https://www.prnewswire.com:443/news-releases/5g-markets--technologies-2018-2019--2020-2028---network-slicing-beamforming-small-cells-and-cloud-ran-will-be-key-to-5g-growth-300996089.html,prnewswire.com,English,0.0,gdelt_gkg
INTC,2020-01-30,Global 5G Market and Technology Forecast to 2028,http://www.globenewswire.com/news-release/2020/01/30/1977333/0/en/Global-5G-Market-and-Technology-Forecast-to-2028.html,globenewswire.com,English,0.0,gdelt_gkg
INTC,2020-01-30,"Advanced Micro Devices , Inc . ( NYSE : AMD ), NVIDIA Corporation ( NASDAQ : NVDA ) - 7 Semiconductor Stocks To Buy On Coronavirus Weakness",https://www.benzinga.com/analyst-ratings/analyst-color/20/01/15210759/7-semiconductor-stocks-to-buy-on-coronavirus-weakness,benzinga.com,English,0.0,gdelt_gkg
INTC,2020-01-30,Media Alert : Intel at RSAC 2020,https://www.tmcnet.com/usubmit/2020/01/30/9089856.htm,tmcnet.com,English,0.0,gdelt_gkg
INTC,2020-01-30,Steven Lundberg,https://www.iam-media.com/index.php/steven-lundberg,iam-media.com,English,0.0,gdelt_gkg
INTC,2020-01-30,"Global IoT Monetization Market To Receive Overwhelming Hike in Future - Oracle ; Google ; Microsoft ; Ericsson , Nokia , SAP",https://www.marketwatch.com/press-release/global-iot-monetization-market-to-receive-overwhelming-hike-in-future---oracle-google-microsoft-ericsson-nokia-sap-2020-01-30,marketwatch.com,English,0.0,gdelt_gkg
INTC,2020-01-30,"IoT Market & Technology Forecasts to 2028 : Segmented by Technology , Deployment , Platform , Industry and Region",https://www.prnewswire.com:443/news-releases/iot-market--technology-forecasts-to-2028-segmented-by-technology-deployment-platform-industry-and-region-300996079.html,prnewswire.com,English,0.0,gdelt_gkg
INTC,2020-01-30,Neuromorphic Computing Systems Market dominance by 2025 – Study,http://www.sbwire.com/press-releases/neuromorphic-computing-systems-market-study-navigating-the-future-growth-outlook-numenta-qualcomm-brainchip-1273768.htm,sbwire.com,English,0.0,gdelt_gkg
INTC,2020-01-30,"Neuromorphic Computing Systems Market : Study Navigating the Future Growth Outlook : Numenta , Qualcomm , BrainChip",https://www.ssuchronicle.com/2020/01/30/neuromorphic-computing-systems-market-study-navigating-the-future-growth-outlook-numenta-qualcomm-brainchip/,ssuchronicle.com,English,0.0,gdelt_gkg
INTC,2020-01-31,Intel Corp legal compliance counsel joins software firm Splunk,http://articles.economictimes.indiatimes.com/tech/software/intel-corps-legal-compliance-counsel-joins-software-firm-splunk-to-head-legal-for-apac-region/articleshow/73812913.cms,articles.economictimes.indiatimes.com,English,0.0,gdelt_gkg
INTC,2020-01-31,"Cloud Gaming Market to Witness a Robust CAGR of 59 % Over 2019 - 2024 | Rise in Number of Gamers , Upsurge in Immersive & Competitive Gaming on Mobile Devices",https://www.prnewswire.com:443/news-releases/cloud-gaming-market-to-witness-a-robust-cagr-of-59-over-2019-2024--rise-in-number-of-gamers-upsurge-in-immersive--competitive-gaming-on-mobile-devices-300996937.html,prnewswire.com,English,0.0,gdelt_gkg
INTC,2020-01-31,"Quantum Computing Market Insights 2020 - 2025 - QC Professional Services Will Reach $512 Million by 2025 , Growing at a CAGR of 73 . 5 %; Leading Services Will Be Deployment , Maintenance & Consulting",https://www.tmcnet.com/usubmit/2020/01/31/9090498.htm,tmcnet.com,English,0.0,gdelt_gkg
INTC,2020-01-31,"Quantum Computing Market Insights 2020 - 2025 - QC Professional Services Will Reach $512 Million by 2025 , Growing at a CAGR of 73 . 5 %; Leading Services Will Be Deployment , Maintenance & Consulting",https://www.prnewswire.com:443/news-releases/quantum-computing-market-insights-2020-2025---qc-professional-services-will-reach-512-million-by-2025--growing-at-a-cagr-of-73-5-leading-services-will-be-deployment-maintenance--consulting-300996964.html,prnewswire.com,English,0.0,gdelt_gkg
INTC,2020-01-31,"Quantum Computing Market Insights 2020 - 2025 - QC Professional Services Will Reach $512 Million by 2025 , Growing at a CAGR of 73 . 5 %; Leading Services Will Be Deployment , Maintenance & Consulting",https://www.prnewswire.com/news-releases/quantum-computing-market-insights-2020-2025---qc-professional-services-will-reach-512-million-by-2025--growing-at-a-cagr-of-73-5-leading-services-will-be-deployment-maintenance--consulting-300996964.html,prnewswire.com,English,0.0,gdelt_gkg
INTC,2020-01-31,"Quantum Computing Market Insights 2020 - 2025 - QC Professional Services Will Reach $512 Million by 2025 , Growing at a CAGR of 73 . 5 %; Leading Services Will Be Deployment , Maintenance & Consulting",https://news.yahoo.com/quantum-computing-market-insights-2020-224500516.html,news.yahoo.com,English,0.0,gdelt_gkg
INTC,2020-01-31,Surface Laptop 3 gets a firmware update for AMD and Intel versions,https://www.windowscentral.com/surface-laptop-3-gets-firmware-update-amd-and-intel-versions,windowscentral.com,English,0.0,gdelt_gkg
INTC,2020-01-31,"Machine Learning Market 2019 CAGR , Production , Revenue , Industry Share , Rising Trends and Manufacturers Growth Outlook 2025",https://www.marketwatch.com/press-release/machine-learning-market-2019-cagr-production-revenue-industry-share-rising-trends-and-manufacturers-growth-outlook-2025-2020-01-31,marketwatch.com,English,0.0,gdelt_gkg
INTC,2020-01-31," ( ABBV ), Amazon . com , Inc . ( NASDAQ : AMZN ) - Position Scrimmage : Coronavirus , End - Of - Month Profit Taking Influencing Markets",https://www.benzinga.com/news/earnings/20/01/15227238/position-scrimmage-coronavirus-end-of-month-profit-taking-influencing-markets,benzinga.com,English,0.0,gdelt_gkg
INTC,2020-01-31,"Cloud Gaming Market to Witness a Robust CAGR of 59 % Over 2019 - 2024 | Rise in Number of Gamers , Upsurge in Immersive & Competitive Gaming on Mobile Devices",https://news.yahoo.com/cloud-gaming-market-witness-robust-203000516.html,news.yahoo.com,English,0.0,gdelt_gkg
INTC,2020-01-31,"Global Smart Cities Market and Global Smart City Platform Market 2020 - 2024 Industry Size , Share , Growth Analysis , Future Development Strategies , Investment Plans , Revenue and Key Companies Outlook",http://www.globenewswire.com/news-release/2020/01/31/1977952/0/en/Global-Smart-Cities-Market-and-Global-Smart-City-Platform-Market-2020-2024-Industry-Size-Share-Growth-Analysis-Future-Development-Strategies-Investment-Plans-Revenue-and-Key-Compan.html,globenewswire.com,English,0.0,gdelt_gkg
INTC,2020-01-31,"Global Processors for IoT and Wearables Industry 2019 Market Size and Forecast , ( by Type , by End User , by Region ) 2024 – Galus Australis",http://galusaustralis.com/2020/01/394973/global-processors-for-iot-and-wearables-industry-2019-market-size-and-forecast-by-type-by-end-user-by-region-2024/,galusaustralis.com,English,0.0,gdelt_gkg
INTC,2020-01-31,"$72 . 7Bn Augmented Reality Market by Offering , Device Type , Application and Region - Global Forecast to 2024 - ResearchAndMarkets . com - Press Release",http://www.digitaljournal.com/pr/4574499,digitaljournal.com,English,0.0,gdelt_gkg
INTC,2020-01-31,"Global Smart Cities Market and Global Smart City Platform Market 2020 - 2024 Industry Size , Share , Growth Analysis , Future Development Strategies , Investment Plans , Revenue and Key Companies Outlook",https://www.tmcnet.com/usubmit/2020/01/31/9090108.htm,tmcnet.com,English,0.0,gdelt_gkg
INTC,2020-01-31,Surface Pro 7 and Laptop 3 get long lists of firmware and driver updates,https://www.neowin.net/news/surface-pro-7-and-laptop-3-get-long-lists-of-firmware-and-driver-updates,neowin.net,English,0.0,gdelt_gkg
INTC,2020-01-31,"Energy Conservation Service Market Competitive Landscape , Analysis , Outlook By Key Players :: GE , Siemens , Enertika , WGL Energy Services , Schneider Electric , Engie",https://www.marketwatch.com/press-release/energy-conservation-service-market-competitive-landscape-analysis-outlook-by-key-players-ge-siemens-enertika-wgl-energy-services-schneider-electric-engie-2020-01-30,marketwatch.com,English,0.0,gdelt_gkg
INTC,2020-01-31,Intel Corp legal compliance counsel joins software firm Splunk,https://economictimes.indiatimes.com/tech/software/intel-corps-legal-compliance-counsel-joins-software-firm-splunk-to-head-legal-for-apac-region/articleshow/73812913.cms,economictimes.indiatimes.com,English,0.0,gdelt_gkg
INTC,2020-01-31,Week In Review,http://www.apparelnews.net/news/2020/jan/30/week-review/,apparelnews.net,English,0.0,gdelt_gkg
INTC,2020-01-31,North American $30+ Billion Artificial Intelligence ( AI ) Chip Market Outlook to 2027 : Projecting a CAGR of 32 % ,http://www.globenewswire.com/news-release/2020/01/31/1977988/0/en/North-American-30-Billion-Artificial-Intelligence-AI-Chip-Market-Outlook-to-2027-Projecting-a-CAGR-of-32.html,globenewswire.com,English,0.0,gdelt_gkg
INTC,2020-01-31,"Wireless Connectivity Market Insights By Growth , Emerging Trends And Forecast By 2025",https://www.marketwatch.com/press-release/wireless-connectivity-market-insights-by-growth-emerging-trends-and-forecast-by-2025-2020-01-31,marketwatch.com,English,0.0,gdelt_gkg
INTC,2020-01-31,"Internet of Things ( IoT ) in Logistics Market Growth Rate By Top Key Players - SAP SE , Intel Corporation , Oracle Corporation",https://www.marketwatch.com/press-release/internet-of-things-iot-in-logistics-market-growth-rate-by-top-key-players---sap-se-intel-corporation-oracle-corporation-2020-01-31,marketwatch.com,English,0.0,gdelt_gkg
INTC,2020-01-31,Company Names Tribunal decision : Dataintel Ltd,https://www.gov.uk/government/publications/company-names-tribunal-decision-dataintel-ltd,gov.uk,English,0.0,gdelt_gkg
INTC,2020-01-31,Cloud Computing Server Market : Maintaining a Strong Outlook - Here Why - Press Release,http://www.digitaljournal.com/pr/4574988,digitaljournal.com,English,0.0,gdelt_gkg
INTC,2020-02-01,"Cloud Gaming Market to Witness a Robust CAGR of 59 % Over 2019 - 2024 | Rise in Number of Gamers , Upsurge in Immersive & Competitive Gaming on Mobile Devices",https://www.tmcnet.com/usubmit/2020/01/31/9090446.htm,tmcnet.com,English,0.0,gdelt_gkg
INTC,2020-02-01,The LHD / ERISA Advisor - January 2020 | Hinshaw & Culbertson LLP,https://www.jdsupra.com/legalnews/the-lhd-erisa-advisor-january-2020-68134/,jdsupra.com,English,0.0,gdelt_gkg
INTC,2020-02-01,Cloud Computing Server Market : Maintaining a Strong Outlook - Here Why,https://insurancenewsnet.com/oarticle/cloud-computing-server-market-maintaining-a-strong-outlook-heres-why,insurancenewsnet.com,English,0.0,gdelt_gkg
INTC,2020-02-01,"Intel Corporation ( NASDAQ : INTC ), Johnson & Johnson ( NYSE : JNJ ) - Barron Picks And Pans : Intel , Johnson & Johnson , T - Mobile And More",https://www.benzinga.com/media/20/02/15233177/barrons-picks-and-pans-intel-johnson-johnson-t-mobile-and-more,benzinga.com,English,0.0,gdelt_gkg
INTC,2020-02-01,"Quantum Computing Market Insights 2020 - 2025 - QC Professional Services Will Reach $512 Million by 2025 , Growing at a CAGR of 73 . 5 %; Leading Services Will Be Deployment , Maintenance & Consulting",https://finance.yahoo.com/news/quantum-computing-market-insights-2020-224500516.html,finance.yahoo.com,English,0.0,gdelt_gkg
INTC,2020-02-01,USB - IF announces publication of USB4 specification – OSnews,https://www.osnews.com/story/131285/usb-if-announces-publication-of-usb4-specification/,osnews.com,English,0.0,gdelt_gkg
INTC,2020-02-01,"Internet Of Things ( IoT ) In Logistics Market Strategy , Segmentation Analysis and Forecast to 2026",http://www.comunicati.net/comunicati/aziende/tecnologia/618096.html,comunicati.net,English,0.0,gdelt_gkg
INTC,2020-02-01,"Position Scrimmage : Coronavirus , End - Of - Month Profit Taking Influencing Markets",https://finance.yahoo.com/news/position-scrimmage-coronavirus-end-month-144645533.html,finance.yahoo.com,English,0.0,gdelt_gkg
INTC,2020-05-20,Pivot Technology Services Partners with OARO to Deliver Advanced Digital Identity and Access Management,https://finance.yahoo.com/news/pivot-technology-services-partners-oaro-210000182.html,finance.yahoo.com,English,0.0,gdelt_gkg
INTC,2020-05-20,Dow Jones Industrial Average ( INDEXDJX : . DJI ) close 1 . 4 % higher as tech saves the day . ,http://www.idahoreporter.com/2020/dow-jones-industrial-average-indexdjx-dji-close-1-4-higher-as-tech-saves-the-day/,idahoreporter.com,English,0.0,gdelt_gkg
INTC,2020-05-20,Intel acquires Austin - based startup Rivet Networks [ Austin American - Statesman ] ,https://www.dailyrepublic.com/all-dr-news/wires/intel-acquires-austin-based-startup-rivet-networks-austin-american-statesman/,dailyrepublic.com,English,0.0,gdelt_gkg
INTC,2020-05-20,Internet of Things ( IoT ) market worldwide is projected to grow by US$714 . 5 Billion,https://finance.yahoo.com/news/internet-things-iot-market-worldwide-201523707.html,finance.yahoo.com,English,0.0,gdelt_gkg
INTC,2020-05-20,Pivot Technology Services Partners with OARO to Deliver Advanced Digital Identity and Access Management,https://www.tmcnet.com/usubmit/2020/05/20/9154760.htm,tmcnet.com,English,0.0,gdelt_gkg
INTC,2020-05-21,Genetic barcodes can ensure authentic DNA fingerprints,https://phys.org/news/2020-05-genetic-barcodes-authentic-dna-fingerprints.html,phys.org,English,0.0,gdelt_gkg
INTC,2020-05-21,Pamplin Media Group - Intel employees file numerous OSHA complaints against tech giant,https://pamplinmedia.com/pt/9-news/467681-378574-intel-employees-file-numerous-osha-complaints-against-tech-giant,pamplinmedia.com,English,0.0,gdelt_gkg
INTC,2020-05-21,Genetic barcodes can now ensure authentic DNA fingerprints,https://www.wraltechwire.com/2020/05/21/genetic-barcodes-can-now-ensure-authentic-dna-fingerprints/,wraltechwire.com,English,0.0,gdelt_gkg
INTC,2020-05-21,Advanced Driver Assistance Systems ( ADAS ) Market Detailed Analysis of Current Industry Figures with Forecasts Growth By 2026,https://www.marketwatch.com/press-release/advanced-driver-assistance-systems-adas-market-detailed-analysis-of-current-industry-figures-with-forecasts-growth-by-2026-2020-05-21,marketwatch.com,English,0.0,gdelt_gkg
INTC,2020-05-21,"Gesture Recognition Market 2023 Size , Share , Growth And Scope",https://www.marketwatch.com/press-release/gesture-recognition-market-2023-size-share-growth-and-scope-2020-05-21,marketwatch.com,English,0.0,gdelt_gkg
INTC,2020-05-21,What To Know Before Buying Intel Corporation ( NASDAQ : INTC ) For Its Dividend,https://finance.yahoo.com/news/know-buying-intel-corporation-nasdaq-125713682.html,finance.yahoo.com,English,0.0,gdelt_gkg
INTC,2020-05-21,"High - Performance Computing Market 2023 Size , Industry Share , significant",https://www.marketwatch.com/press-release/high-performance-computing-market-2023-size-industry-share-significant-2020-05-21,marketwatch.com,English,0.0,gdelt_gkg
INTC,2020-05-21,Genetic barcodes can ensure authentic DNA fingerprints,https://www.eurekalert.org/pub_releases/2020-05/du-gbc052120.php,eurekalert.org,English,0.0,gdelt_gkg
INTC,2020-05-21,PTAB Institution Data Analysis Proves That Reforms Have Failed,https://www.ipwatchdog.com/2020/05/21/ptab-institution-data-analysis-proves-reforms-failed/id=121440/,ipwatchdog.com,English,0.0,gdelt_gkg
INTC,2020-05-21,Quantum Computing Market To Witness Astonishing Growth 2026,https://www.openpr.com/news/2053982/quantum-computing-market-to-witness-astonishing-growth-2026,openpr.com,English,0.0,gdelt_gkg
INTC,2020-05-21,Industry 4 . 0 Market Ongoing Trends and Recent Developments with,https://www.openpr.com/news/2054033/industry-4-0-market-ongoing-trends-and-recent-developments-with,openpr.com,English,0.0,gdelt_gkg
INTC,2020-05-21,Machine Learning in Healthcare Market 2020 Global Demand Rises Due to COVID - 19 Outbreak,https://www.marketwatch.com/press-release/machine-learning-in-healthcare-market-2020-global-demand-rises-due-to-covid-19-outbreak-2020-05-21,marketwatch.com,English,0.0,gdelt_gkg
INTC,2020-05-21,"COVID - 19 Impact and Trends in the C - RAN Market - Rapid Growth , Industry Competition Outlook and Future Scope",https://www.marketwatch.com/press-release/covid-19-impact-and-trends-in-the-c-ran-market---rapid-growth-industry-competition-outlook-and-future-scope-2020-05-21,marketwatch.com,English,0.0,gdelt_gkg
INTC,2020-05-21,"Intel acquires Rivet Networks to boost home Wi - Fi for gaming , streaming",http://www.daijiworld.com/news/newsDisplay.aspx?newsID=710646,daijiworld.com,English,0.0,gdelt_gkg
INTC,2020-05-21,"Intel acquires Rivet Networks to boost home Wi - Fi for gaming , streaming",https://www.prokerala.com/news/articles/a1043486.html,prokerala.com,English,0.0,gdelt_gkg
INTC,2020-05-21,Coronavirus Impact on Time Sensitive Networking Market,https://www.marketwatch.com/press-release/coronavirus-impact-on-time-sensitive-networking-market-2020-05-21,marketwatch.com,English,0.0,gdelt_gkg
INTC,2020-05-21,System - On - A - Chip ( SoC ) market worldwide is projected to grow by US$35 . 5 Billion,https://uk.finance.yahoo.com/news/system-chip-soc-market-worldwide-225500450.html,uk.finance.yahoo.com,English,0.0,gdelt_gkg
INTC,2020-05-21,"Intel Tiger Lake CPUs With Xe Graphics Offer Up To 2x GPU Performance , Faster Than AMD 7nm Renoir APUs With Vega GPU",https://wccftech.com/intel-tiger-lake-cpu-xe-gpu-2x-graphics-performance-faster-than-amd-ryzen-4000-renior-7nm-vega/,wccftech.com,English,0.0,gdelt_gkg
INTC,2020-05-21,System - On - A - Chip ( SoC ) market worldwide is projected to grow by US$35 . 5 Billion,https://www.globenewswire.com/news-release/2020/05/20/2036748/0/en/System-On-A-Chip-SoC-market-worldwide-is-projected-to-grow-by-US-35-5-Billion.html,globenewswire.com,English,0.0,gdelt_gkg
INTC,2020-05-21,"Global Home Energy Management System ( HEMS ) Market 2020 Analysis , Types , Applications , Forecast and COVID - 19 Impact Analysis 2026 – Surfacing Magazine",https://surfacingmagazine.net/global-home-energy-management-system-hems-market-2020-analysis-types-applications-forecast-and-covid-19-impact-analysis-2026/,surfacingmagazine.net,English,0.0,gdelt_gkg
INTC,2020-05-22,Artificial Intelligence ( AI ) market worldwide is projected to grow by US$284 . 6 Billion,https://www.globenewswire.com/news-release/2020/05/22/2037692/0/en/Artificial-Intelligence-AI-market-worldwide-is-projected-to-grow-by-US-284-6-Billion.html,globenewswire.com,English,0.0,gdelt_gkg
INTC,2020-05-22,Intel vs AMD 2020 : Which processor should you opt for ? ,https://www.trustedreviews.com/news/intel-vs-amd-4033531,trustedreviews.com,English,0.0,gdelt_gkg
INTC,2020-05-22,Intel Rocket Lake - S 6 Core Desktop CPU Spotted & Benchmarked,https://wccftech.com/intel-11th-gen-rocket-lake-6-core-desktop-cpu-benchmarks-leak/,wccftech.com,English,0.0,gdelt_gkg
INTC,2020-05-22,"Smart Retail Market Insights 2020 - 2025 Featuring Profiles of Key Players Including IBM , Intel , Cisco Systems , NXP Semiconductors , and Microsoft Among Others",https://www.prnewswire.com:443/news-releases/smart-retail-market-insights-2020-2025-featuring-profiles-of-key-players-including-ibm-intel-cisco-systems-nxp-semiconductors-and-microsoft-among-others-301064241.html,prnewswire.com,English,0.0,gdelt_gkg
INTC,2020-05-22,Artificial Intelligence ( AI ) market worldwide is projected to grow by US$284 . 6 Billion - Press Release,http://www.digitaljournal.com/pr/4691229,digitaljournal.com,English,0.0,gdelt_gkg
INTC,2020-05-22,"Covid 19 Application Specific Integrated Circuit Market - Future Prospects , Industry Growth to 2023",https://www.briefingwire.com/pr/covid-19-application-specific-integrated-circuit-market-future-prospects-industry-growth-to-2023,briefingwire.com,English,0.0,gdelt_gkg
INTC,2020-05-22,"IBM : New Decade , New Stock ( NYSE : IBM ) ",https://seekingalpha.com/article/4349230-ibm-new-decade-new-stock,seekingalpha.com,English,0.0,gdelt_gkg
INTC,2020-05-22,Gesture Recognition and Touchless Sensing Market in Global : Current and the Future Trends,https://www.marketwatch.com/press-release/gesture-recognition-and-touchless-sensing-market-in-global-current-and-the-future-trends-2020-05-22,marketwatch.com,English,0.0,gdelt_gkg
INTC,2020-05-22,"When Confidentiality and 28 united states C . § 1782 Collide : In re Application of Servotronics , Inc . | Locke Lord LLP",https://www.jdsupra.com/legalnews/when-confidentiality-and-28-u-s-c-1782-99205/,jdsupra.com,English,0.0,gdelt_gkg
INTC,2020-05-22,"Smart Retail Market Insights 2020 - 2025 Featuring Profiles of Key Players Including IBM , Intel , Cisco Systems , NXP Semiconductors , and Microsoft Among Others",https://www.tmcnet.com/usubmit/2020/05/22/9155948.htm,tmcnet.com,English,0.0,gdelt_gkg
INTC,2020-05-22,TSM | Benzinga,https://www.benzinga.com/topic/tsm,benzinga.com,English,0.0,gdelt_gkg
INTC,2020-05-22,"Hyperscale data center market : Key Facts , Dynamics , Segments and Forecast Predictions Presented Until 2025",https://www.marketwatch.com/press-release/hyperscale-data-center-market-key-facts-dynamics-segments-and-forecast-predictions-presented-until-2025-2020-05-22,marketwatch.com,English,0.0,gdelt_gkg
INTC,2020-05-22,Genetic Barcodes Can Ensure Authentic DNA Fingerprints,https://www.forensicmag.com/564594-Genetic-Barcodes-Can-Ensure-Authentic-DNA-Fingerprints/,forensicmag.com,English,0.0,gdelt_gkg
INTC,2020-05-22,Ground Engineering Market 2020 Advancement and Precise,https://www.openpr.com/news/2055021/ground-engineering-market-2020-advancement-and-precise,openpr.com,English,0.0,gdelt_gkg
INTC,2020-05-22,Global Spear Phishing Market Report Till 2026,https://www.briefingwire.com/pr/global-spear-phishing-market-report-till-2026,briefingwire.com,English,0.0,gdelt_gkg
INTC,2020-05-22,Huge Growth in 2020 : Medical Plastic Market Revenue Status,https://www.openpr.com/news/2055067/huge-growth-in-2020-medical-plastic-market-revenue-status,openpr.com,English,0.0,gdelt_gkg
INTC,2020-05-22,"Network Security Appliance Market by Component , Business Function , Enterprise Size , and Industry Vertical : Global Opportunity Analysis and Industry Forecast , 2020 – 2026",https://empowerednews.net/network-security-appliance-market-by-component-business-function-enterprise-size-and-industry-vertical-global-opportunity-analysis-and-industry-forecast-2020-2026-2/181668521/,empowerednews.net,English,0.0,gdelt_gkg
INTC,2020-05-22,2020 - 2026 Condensing Unit Market Outlook and Opportunities,https://www.openpr.com/news/2055048/2020-2026-condensing-unit-market-outlook-and-opportunities,openpr.com,English,0.0,gdelt_gkg
INTC,2020-05-22,Genetic Barcodes Can Ensure Authentic DNA Fingerprints,https://scienceblog.com/516527/genetic-barcodes-can-ensure-authentic-dna-fingerprints/,scienceblog.com,English,0.0,gdelt_gkg
INTC,2020-05-22,Why the Industrial Internet of Things Technology Market is set,https://www.openpr.com/news/2054573/why-the-industrial-internet-of-things-technology-market-is-set,openpr.com,English,0.0,gdelt_gkg
INTC,2020-05-22,Neural Network Software Market Analysis as per the Latest COVID - 19 Impact,https://www.marketwatch.com/press-release/neural-network-software-market-analysis-as-per-the-latest-covid-19-impact-2020-05-22,marketwatch.com,English,0.0,gdelt_gkg
INTC,2020-05-22,"At 4 . 1 % CAGR , Refractive Surgery Devices Market Size to Cross $",https://www.openpr.com/news/2054481/at-4-1-cagr-refractive-surgery-devices-market-size-to-cross,openpr.com,English,0.0,gdelt_gkg
INTC,2020-05-22,"Peripheral Component Interconnect Express Market By Development , Trends , Investigation 2020 And Forecast To 2026",https://www.marketwatch.com/press-release/peripheral-component-interconnect-express-market-by-development-trends-investigation-2020-and-forecast-to-2026-2020-05-22,marketwatch.com,English,0.0,gdelt_gkg
INTC,2020-05-22,"Global Electronic PC Accessories Market Growth Factors , Business Developments , Segmentation and Technologies 2020 - 2026 – Surfacing Magazine",https://surfacingmagazine.net/global-electronic-pc-accessories-market-growth-factors-business-developments-segmentation-and-technologies-2020-2026/,surfacingmagazine.net,English,0.0,gdelt_gkg
INTC,2020-05-22,"Artificial intelligence market Analysis and Forecast by 2018 - 2026 Opportunities , Risk , and Driving Force",http://www.comunicati.net/comunicati/aziende/informatica/information_technology/639812.html,comunicati.net,English,0.0,gdelt_gkg
INTC,2020-05-22,COVID - 19 Impact on IOT Chip Market - MarketWatch,https://www.marketwatch.com/press-release/covid-19-impact-on-iot-chip-market-2020-05-22,marketwatch.com,English,0.0,gdelt_gkg
INTC,2020-05-23,Neural Network Software Market is Expected to Witness a Steady Growth by 2025,https://www.marketwatch.com/press-release/neural-network-software-market-is-expected-to-witness-a-steady-growth-by-2025-2020-05-23,marketwatch.com,English,0.0,gdelt_gkg
INTC,2020-05-23,How to build a cheap VR - ready PC,https://news.yahoo.com/build-cheap-vr-ready-pc-201538727.html,news.yahoo.com,English,0.0,gdelt_gkg
INTC,2020-05-23,System - in - Package ( SiP ) Technology market worldwide is projected to grow by US$13 . 5 Billion,https://uk.finance.yahoo.com/news/system-package-sip-technology-market-145300698.html,uk.finance.yahoo.com,English,0.0,gdelt_gkg
INTC,2020-05-23,"U . S . adding 33 Chinese companies , institutions to economic blacklist",https://www.foxbusiness.com/economy/u-s-adding-33-chinese-companies-and-institutions-to-the-economic-blacklist,foxbusiness.com,English,0.0,gdelt_gkg
INTC,2020-05-23,Opinion | LAMonitor . com,https://www.lamonitor.com/section/opinion?page=7&mini=calendar-date/2013-07,lamonitor.com,English,0.0,gdelt_gkg
INTC,2020-05-23,যুক্তরাষ্ট্রের কালো তালিকায় এবার চীনের ৩৩ কম্পানি ও | 915040 | কালের কণ্ঠ,https://www.kalerkantho.com/online/business/2020/05/23/915040,kalerkantho.com,Bengali,0.0,gdelt_gkg
INTC,2020-05-23,"Artificial Intelligence and Robotics in Aerospace and Defense Market 2020 Industry Demands , Insight & Forecast by 2025",https://www.marketwatch.com/press-release/artificial-intelligence-and-robotics-in-aerospace-and-defense-market-2020-industry-demands-insight-forecast-by-2025-2020-05-23,marketwatch.com,English,0.0,gdelt_gkg
INTC,2020-05-23,IoT Cloud Platforms Market Research Provides an In - Depth Analysis on the Future Growth Prospects and Global Market Trends Forecast 2026,https://www.marketwatch.com/press-release/iot-cloud-platforms-market-research-provides-an-in-depth-analysis-on-the-future-growth-prospects-and-global-market-trends-forecast-2026-2020-05-23,marketwatch.com,English,0.0,gdelt_gkg
INTC,2020-05-23,Global Log Management Market Report Till 2026,https://www.briefingwire.com/pr/global-log-management-market-report-till-2026,briefingwire.com,English,0.0,gdelt_gkg
INTC,2020-05-24,"Silicon Photonics Market growth predicted at over 30 % till 2026 : Global Market Insights , Inc . ",https://finance.yahoo.com/news/silicon-photonics-market-growth-predicted-230010827.html,finance.yahoo.com,English,0.0,gdelt_gkg
INTC,2020-05-24,Impact of COVID - 19 on Automotive IoT Market,https://www.briefingwire.com/pr/impact-of-covid-19-on-automotive-iot-market-research-trades,briefingwire.com,English,0.0,gdelt_gkg
INTC,2020-05-24,20 2 4 Bells for CBA,https://www.bankingday.com/20-2-4-bells-for-cba,bankingday.com,English,0.0,gdelt_gkg
INTC,2020-05-24,Ex - Christ Law principal John Thaliath takes over top job at General Electric South Asia from 8 - year GC Tejal Patil,https://www.legallyindia.com/in-house-corporate-counsel/ex-christ-law-principal-john-thaliath-takes-over-top-job-at-general-electric-south-asia-from-8-year-gc-tejal-patil-20200501-11379,legallyindia.com,English,0.0,gdelt_gkg
INTC,2020-05-24,Hedge Funds Have Never Been This Bullish On UnitedHealth Group ( UNH ) ,https://www.insidermonkey.com/blog/hedge-funds-have-never-been-this-bullish-on-unitedhealth-group-unh-833858/,insidermonkey.com,English,0.0,gdelt_gkg
INTC,2020-05-24,"Automotive Gesture Recognition Market Share , Historical Growth , Analysis , Opportunities and Forecast To 2026",https://www.marketwatch.com/press-release/automotive-gesture-recognition-market-share-historical-growth-analysis-opportunities-and-forecast-to-2026-2020-05-24,marketwatch.com,English,0.0,gdelt_gkg
INTC,2020-05-24,"Telemedicine Market Analysis Devices , By Top Key Players , Global Industry Size , Growth Opportunity",http://www.comunicati.net/comunicati/aziende/tecnologia/640091.html,comunicati.net,English,0.0,gdelt_gkg
INTC,2020-05-25,"Hyperscale data center market – Segmented By Product , Type , Application , and Region – Global Growth , Trends , and Forecast To 2025",https://www.marketwatch.com/press-release/hyperscale-data-center-market-segmented-by-product-type-application-and-region-global-growth-trends-and-forecast-to-2025-2020-05-25,marketwatch.com,English,0.0,gdelt_gkg
INTC,2020-05-25,"Amid the COVID - 19 crisis and the looming economic recession , the Virtual Reality ( VR ) market worldwide will grow by a projected US$82 . 6 Billion , during the analysis period",https://www.tmcnet.com/usubmit/2020/05/25/9156390.htm,tmcnet.com,English,0.0,gdelt_gkg
INTC,2020-05-25,"Amid the COVID - 19 crisis and the looming economic recession , the Virtual Reality ( VR ) market worldwide will grow by a projected US$82 . 6 Billion , during the analysis period",https://www.prnewswire.com/news-releases/amid-the-covid-19-crisis-and-the-looming-economic-recession-the-virtual-reality-vr-market-worldwide-will-grow-by-a-projected-us82-6-billion-during-the-analysis-period-301064835.html,prnewswire.com,English,0.0,gdelt_gkg
INTC,2020-05-25,"Amid the COVID - 19 crisis and the looming economic recession , the Virtual Reality ( VR ) market worldwide will grow by a projected US$82 . 6 Billion , during the analysis period",https://www.prnewswire.com:443/news-releases/amid-the-covid-19-crisis-and-the-looming-economic-recession-the-virtual-reality-vr-market-worldwide-will-grow-by-a-projected-us82-6-billion-during-the-analysis-period-301064835.html,prnewswire.com,English,0.0,gdelt_gkg
INTC,2020-05-25,My Perennial Income Portfolio,https://seekingalpha.com/article/4349922-perennial-income-portfolio,seekingalpha.com,English,0.0,gdelt_gkg
INTC,2020-05-25,"Energy and Utility Analytics Market Analysis : Leading Industry Players , Recent trends , Potential Growth , Share , Demand and Forecast To 2026",https://www.marketwatch.com/press-release/energy-and-utility-analytics-market-analysis-leading-industry-players-recent-trends-potential-growth-share-demand-and-forecast-to-2026-2020-05-25,marketwatch.com,English,0.0,gdelt_gkg
INTC,2020-05-25,"Network Processor Market Size , 2020 Rising Impact of COVID - 19 , Global Industry Demand , Scope and Strategic Outlook 2025",https://www.marketwatch.com/press-release/network-processor-market-size-2020-rising-impact-of-covid-19-global-industry-demand-scope-and-strategic-outlook-2025-2020-05-25,marketwatch.com,English,0.0,gdelt_gkg
INTC,2020-05-25,"Covid 19 Private Narrowband IoT Market - Growth Analysis , Trends , Demand , Competitive Landscape",https://www.briefingwire.com/pr/covid-19-private-narrowband-iot-market-growth-analysis-trends-demand-competitive-landscape,briefingwire.com,English,0.0,gdelt_gkg
INTC,2020-05-25,"Impact of Covid - 19 on Gaming Desktop Market Technological Trends in 2020 - 2027| Leading Players like Dell Inc ., AsusTek Computer Inc ., Razer , etc",https://www.marketwatch.com/press-release/impact-of-covid-19-on-gaming-desktop-market-technological-trends-in-2020-2027-leading-players-like-dell-inc-asustek-computer-inc-razer-etc-2020-05-25,marketwatch.com,English,0.0,gdelt_gkg
INTC,2020-05-25,"Winning Without War : Educating Diplomats , Warriors and Spies",https://themedialine.org/mideast-streets/winning-without-war-educating-diplomats-warriors-and-spies/,themedialine.org,English,0.0,gdelt_gkg
INTC,2020-05-25,Gesture Recognition Market Size to Reach USD 34 . 32613 Billion by 2025,https://www.finanznachrichten.de/nachrichten-2020-05/49744512-gesture-recognition-market-size-to-reach-usd-34-32613-billion-by-2025-valuates-reports-008.htm,finanznachrichten.de,English,0.0,gdelt_gkg
INTC,2020-05-25,"AMD Stock Nearly 1 % Up , Company Announces Enterprise - grade GPUs",https://www.coinspeaker.com/amd-stock-enterprise-grade-gpus/,coinspeaker.com,English,0.0,gdelt_gkg
INTC,2020-05-25,"Enterprise Artificial Intelligence ( AI ) Market : Covid - 19 Impact on Global Key Players , Trends , Share , Industry Size , Growth , Opportunities , Forecast To 2025",https://www.texasguardian.com/news/265212455/enterprise-artificial-intelligence-ai-market-covid-19-impact-on-global-key-players-trends-share-industry-size-growth-opportunities-forecast-to-2025,texasguardian.com,English,0.0,gdelt_gkg
INTC,2020-05-25,"Coronaviru business impact : 3D Position and Acoustic Sensor Market Global Industry Analysis , Size , Share , Growth , Trends , and Forecast 2019 - 2026",https://www.marketwatch.com/press-release/coronavirus-business-impact-3d-position-and-acoustic-sensor-market-global-industry-analysis-size-share-growth-trends-and-forecast-2019---2026-2020-05-25,marketwatch.com,English,0.0,gdelt_gkg
INTC,2020-05-25,Gesture Recognition Market Size to Reach USD 34 . 32613 Billion by 2025,https://www.tmcnet.com/usubmit/2020/05/25/9156259.htm,tmcnet.com,English,0.0,gdelt_gkg
INTC,2020-05-25,"Global Digital Signage Market ( 2019 to 2027 ) - by Product , Application & Industry Vertical",https://www.benzinga.com/pressreleases/20/05/g16101337/global-digital-signage-market-2019-to-2027-by-product-application-industry-vertical,benzinga.com,English,0.0,gdelt_gkg
INTC,2020-05-25,"Healthcare Artificial Intelligence Market 2020 Technology Advancement – Next IT , IBM Corporation , Nvidia Corporation , Intel Corporation , Google",https://www.marketwatch.com/press-release/healthcare-artificial-intelligence-market-2020-technology-advancement-next-it-ibm-corporation-nvidia-corporation-intel-corporation-google-2020-05-25,marketwatch.com,English,0.0,gdelt_gkg
INTC,2020-05-25,"Silicon Photonics Market growth predicted at over 30 % till 2026 : Global Market Insights , Inc . ",http://www.globenewswire.com/news-release/2020/05/24/2037931/0/en/Silicon-Photonics-Market-growth-predicted-at-over-30-till-2026-Global-Market-Insights-Inc.html,globenewswire.com,English,0.0,gdelt_gkg
INTC,2020-05-25,"Silicon Photonics Market growth predicted at over 30 % till 2026 : Global Market Insights , Inc . ",https://forextv.com/top-news/silicon-photonics-market-growth-predicted-at-over-30-till-2026-global-market-insights-inc/,forextv.com,English,0.0,gdelt_gkg
INTC,2020-05-25,23 พฤษภาคม วันเต่าโลก เผยสถิติเต่าทะเลวางไข่สูงสุดรอบหลายสิบปี,http://www.newswit.com/gen/2020-05-25/6070aa8a707d0aced4898c6638f31bd6/,newswit.com,Thai,0.0,gdelt_gkg
INTC,2020-05-25,"Artificial Intelligence in Healthcare Market Analytical Overview , Growth Factors , Demand , Trends and Forecast to 2024",https://www.marketwatch.com/press-release/artificial-intelligence-in-healthcare-market-analytical-overview-growth-factors-demand-trends-and-forecast-to-2024-2020-05-25,marketwatch.com,English,0.0,gdelt_gkg
INTC,2020-05-25,"Russia Internet of Things ( IoT ) Market Projected to Worth USD 74 . 0 Billion by 2023|IBM , Amazon , Microsoft Corporation , Cisco Systems Inc ., PTC Inc . ",https://www.marketwatch.com/press-release/russia-internet-of-things-iot-market-projected-to-worth-usd-740-billion-by-2023ibm-amazon-microsoft-corporation-cisco-systems-inc-ptc-inc-2020-05-25,marketwatch.com,English,0.0,gdelt_gkg
INTC,2020-05-25,วิศวะฯ ศรีปทุม โชว์นวัตกรรม ตู้ความดันบวก ( Positive Pressure ) ,http://www.newswit.com/gen/2020-05-25/7a27dd56955c69558f5f031dc913f691/,newswit.com,Thai,0.0,gdelt_gkg
INTC,2020-05-25,"Global Digital Signage Market ( 2019 to 2027 ) - by Product , Application & Industry Vertical",http://www.globenewswire.com/news-release/2020/05/25/2038009/0/en/Global-Digital-Signage-Market-2019-to-2027-by-Product-Application-Industry-Vertical.html,globenewswire.com,English,0.0,gdelt_gkg
INTC,2020-05-25,"Enterprise Artificial Intelligence ( AI ) Market : Covid - 19 Impact on Global Key Players , Trends , Share , Industry Size , Growth , Opportunities , Forecast To 2025",https://www.sandiegosun.com/news/265212455/enterprise-artificial-intelligence-ai-market-covid-19-impact-on-global-key-players-trends-share-industry-size-growth-opportunities-forecast-to-2025,sandiegosun.com,English,0.0,gdelt_gkg
INTC,2020-05-25,"Enterprise Artificial Intelligence ( AI ) Market : Covid - 19 Impact on Global Key Players , Trends , Share , Industry Size , Growth , Opportunities , Forecast To 2025",https://www.newyorktelegraph.com/news/265212455/enterprise-artificial-intelligence-ai-market-covid-19-impact-on-global-key-players-trends-share-industry-size-growth-opportunities-forecast-to-2025,newyorktelegraph.com,English,0.0,gdelt_gkg
INTC,2020-05-25,Outlook on the Worldwide Artificial Intelligence in Manufacturing Industry to 2027 - Rising Demand of AI - Based Applications Presents Opportunities,http://www.globenewswire.com/news-release/2020/05/25/2038012/0/en/Outlook-on-the-Worldwide-Artificial-Intelligence-in-Manufacturing-Industry-to-2027-Rising-Demand-of-AI-Based-Applications-Presents-Opportunities.html,globenewswire.com,English,0.0,gdelt_gkg
INTC,2020-05-25,"Global Digital Signage Market ( 2019 to 2027 ) - by Product , Application & Industry Vertical - Press Release",http://www.digitaljournal.com/pr/4692074,digitaljournal.com,English,0.0,gdelt_gkg
INTC,2020-05-25,"Semiconductor Intellectual Property Market Analysis and Forecast by 2018 - 2026 Opportunities , Risk , and Driving Force",http://www.comunicati.net/comunicati/aziende/informatica/information_technology/640222.html,comunicati.net,English,0.0,gdelt_gkg
INTC,2020-05-26,Ethernet Alliance Elects and Installs 2020 Officers and Board of Directors,https://www.tmcnet.com/usubmit/2020/05/26/9156968.htm,tmcnet.com,English,0.0,gdelt_gkg
INTC,2020-05-26,"AI In Computer Vision Market Research Report 2020 Share , Growth , Opportunity , And Forecast - 2023",https://www.marketwatch.com/press-release/ai-in-computer-vision-market-research-report-2020-share-growth-opportunity-and-forecast-2023-2020-05-26,marketwatch.com,English,0.0,gdelt_gkg
INTC,2020-05-26,"Advanced Micro Devices , Inc . ( NYSE : AMD ), Intel Corporation ( NASDAQ : INTC ) - Linux Founder Switches Allegiance To AMD After 15 Years As Intel Customer",https://www.benzinga.com/news/20/05/16107690/linux-founder-switches-allegiance-to-amd-after-15-years-as-intel-customer,benzinga.com,English,0.0,gdelt_gkg
INTC,2020-05-26,CPU | Benzinga,https://www.benzinga.com/topic/cpu,benzinga.com,English,0.0,gdelt_gkg
INTC,2020-05-26,Linux | Benzinga,https://www.benzinga.com/topic/linux,benzinga.com,English,0.0,gdelt_gkg
INTC,2020-05-26,"Automotive Camera Market Analysis , Regional Outlook and Forecast 2019 - 2025",https://www.marketwatch.com/press-release/automotive-camera-market-analysis-regional-outlook-and-forecast-2019-2025-2020-05-26,marketwatch.com,English,0.0,gdelt_gkg
INTC,2020-05-26,POS Software Market Analysis Reports 2020 Revenue Growth Globally During The Forecast Period 2019 - 2025,https://www.marketwatch.com/press-release/pos-software-market-analysis-reports-2020-revenue-growth-globally-during-the-forecast-period-2019-2025-2020-05-26,marketwatch.com,English,0.0,gdelt_gkg
INTC,2020-05-26,"5G Chipset Market 2020 - 2023 Size , Share , Growth , Trends , and Forecast",https://www.marketwatch.com/press-release/5g-chipset-market-2020---2023-size-share-growth-trends-and-forecast-2020-05-26,marketwatch.com,English,0.0,gdelt_gkg
INTC,2020-05-26,IoT Analytics Market size Witness a Pronounce Growth during COVID - 19 2026,http://www.comunicati.net/comunicati/arte/musica/lirica/640679.html,comunicati.net,English,0.0,gdelt_gkg
INTC,2020-05-26,Thermal Scanner Market Expected to Grow at a CAGR of 9 . 14 % During 2020 - 2025,https://www.briefingwire.com/pr/thermal-scanner-market-expected-to-grow-at-a-cagr-of-914-during-2020-2025,briefingwire.com,English,0.0,gdelt_gkg
INTC,2020-05-26,"Hard Disk Market - SARS - CoV - 2 , Covid - 19 Analysis Perceives A Fabulous Growth Prospects ; Unleashed Market Insights Till 2026",https://www.marketwatch.com/press-release/hard-disk-market---sars-cov-2-covid-19-analysis-perceives-a-fabulous-growth-prospects-unleashed-market-insights-till-2026-2020-05-26,marketwatch.com,English,0.0,gdelt_gkg
INTC,2020-05-26,Your Digital Future Looks Brighter with Lenovo™ Detachable and Smart Home Devices,https://news.lenovo.com/pressroom/press-releases/your-digital-future-looks-brighter-with-lenovo-detachable-and-smart-home-devices/,news.lenovo.com,English,0.0,gdelt_gkg
INTC,2020-05-26,"Artificial Intelligence And Robotics In Aerospace And Defense Market Benefits , Technology Advancement and Future Scope Till 2024",https://www.marketwatch.com/press-release/artificial-intelligence-and-robotics-in-aerospace-and-defense-market-benefits-technology-advancement-and-future-scope-till-2024-2020-05-26,marketwatch.com,English,0.0,gdelt_gkg
INTC,2020-05-26,Analyst Review : C - RAN Market to Witness Tremendous Growth in the Upcoming Years,http://www.globenewswire.com/news-release/2020/05/26/2038651/0/en/Analyst-Review-C-RAN-Market-to-Witness-Tremendous-Growth-in-the-Upcoming-Years.html,globenewswire.com,English,0.0,gdelt_gkg
INTC,2020-05-26,OWC Receives Gold from American Business Awards for the ThunderBay 4 mini and Mercury Elite Pro Dock,https://www.prnewswire.com:443/news-releases/owc-receives-gold-from-american-business-awards-for-the-thunderbay-4-mini-and-mercury-elite-pro-dock-301064433.html,prnewswire.com,English,0.0,gdelt_gkg
INTC,2020-05-26,"Big Data Analytics In Energy Sector Market Precise Outlook 2020 - IBM Corporation , SAP SE , Microsoft Corporation , Dell Inc ., Accenture",https://www.marketwatch.com/press-release/big-data-analytics-in-energy-sector-market-precise-outlook-2020--ibm-corporation-sap-se-microsoft-corporation-dell-inc-accenture-2020-05-26,marketwatch.com,English,0.0,gdelt_gkg
INTC,2020-05-26,"Field Programmable Gate Array Market Share Current and Future Industry Trends , 2019 - 2026",https://www.marketwatch.com/press-release/field-programmable-gate-array-market-share-current-and-future-industry-trends-2019-2026-2020-05-26,marketwatch.com,English,0.0,gdelt_gkg
INTC,2020-05-26,IoT Analytics Market size Witness Steady Growth Through COVID - 19 2026,http://www.comunicati.net/comunicati/arte/musica/jazz/640778.html,comunicati.net,English,0.0,gdelt_gkg
INTC,2020-05-26,Intel Selects Pivot Technology Services as 2020 U . S . National Go - to - Market Partner of the Year,https://www.tmcnet.com/usubmit/2020/05/26/9157225.htm,tmcnet.com,English,0.0,gdelt_gkg
INTC,2020-05-26,"Laser Projector Market - SARS - CoV - 2 , Covid - 19 Analysis Share , Demand , Growth , Key Opportunities , Key Players and Industry Analysis By 2025",https://www.marketwatch.com/press-release/laser-projector-market---sars-cov-2-covid-19-analysis-share-demand-growth-key-opportunities-key-players-and-industry-analysis-by-2025-2020-05-26,marketwatch.com,English,0.0,gdelt_gkg
INTC,2020-05-26,M2M Cellular Modules Market 2020 : Record High Markets Expected due to Innovation and Product Premiumization,https://empowerednews.net/m2m-cellular-modules-market-2020-record-high-markets-expected-due-to-innovation-and-product-premiumization/181668975/,empowerednews.net,English,0.0,gdelt_gkg
INTC,2020-05-27,"AI In Computer VisionMarket Report 2020 - 2026 by Supply , Demand , Consumption , Sale , Price , Share , Revenue and Top Manufacturers",https://www.sandiegosun.com/news/265237024/ai-in-computer-visionmarket-report-2020-2026-by-supply-demand-consumption-sale-price-share-revenue-and-top-manufacturers,sandiegosun.com,English,0.0,gdelt_gkg
INTC,2020-05-27,"Network Processor Market COVID - 19 Impact , 2020 : Industry Analysis By Size , Share , Growth , Demand , Key - Companies , Trends and Forecast Till 2029",https://apnews.com/df0bfed42ef94253293eb409cb05c360,apnews.com,English,0.0,gdelt_gkg
INTC,2020-05-27,"AI In Computer VisionMarket Report 2020 - 2026 by Supply , Demand , Consumption , Sale , Price , Share , Revenue and Top Manufacturers",https://www.texasguardian.com/news/265237024/ai-in-computer-visionmarket-report-2020-2026-by-supply-demand-consumption-sale-price-share-revenue-and-top-manufacturers,texasguardian.com,English,0.0,gdelt_gkg
INTC,2020-05-27,Improving VASP Materials Simulation Performance,https://www.codeproject.com/Articles/5264946/Improving-VASP-Materials-Simulation-Performance,codeproject.com,English,0.0,gdelt_gkg
INTC,2020-05-27,"The global military embedded systems market size is expected to grow from USD 13 . 5 billion in 2020 to USD 18 . 4 billion by 2025 , at a CAGR of 6 . 4 % ",https://www.benzinga.com/pressreleases/20/05/g16113066/the-global-military-embedded-systems-market-size-is-expected-to-grow-from-usd-13-5-billion-in-2020,benzinga.com,English,0.0,gdelt_gkg
INTC,2020-05-27,Linux Founder Switches Allegiance To AMD After 15 Years As Intel Customer,https://finance.yahoo.com/news/linux-founder-switches-allegiance-amd-174851473.html,finance.yahoo.com,English,0.0,gdelt_gkg
INTC,2020-05-27,Intel Selects Pivot Technology Services as 2020 U . S . National Go - to - Market Partner of the Year,https://finance.yahoo.com/news/intel-selects-pivot-technology-services-210000225.html,finance.yahoo.com,English,0.0,gdelt_gkg
INTC,2020-05-27,"Hyperscale Computing Market Report To , 2025 Analysis By Top Manufacturers – CenturyLink , IBM Corporation , Microsoft , Yahoo !, Dell",http://www.comunicati.net/comunicati/aziende/tecnologia/640909.html,comunicati.net,English,0.0,gdelt_gkg
INTC,2020-05-27,"Multi Core Processors Market - SARS - CoV - 2 , Covid - 19 Analysis Perceives A Fabulous Growth Prospects ; Unleashed Market Insights Till 2025",https://www.marketwatch.com/press-release/multi-core-processors-market---sars-cov-2-covid-19-analysis-perceives-a-fabulous-growth-prospects-unleashed-market-insights-till-2025-2020-05-27,marketwatch.com,English,0.0,gdelt_gkg
INTC,2020-05-27,EnerSys Announces Changes to its Board of Directors,https://www.benzinga.com/pressreleases/20/05/g16122241/enersys-announces-changes-to-its-board-of-directors,benzinga.com,English,0.0,gdelt_gkg
INTC,2020-05-27,EnerSys Announces Changes to its Board of Directors,http://www.globenewswire.com/news-release/2020/05/27/2039746/0/en/EnerSys-Announces-Changes-to-its-Board-of-Directors.html,globenewswire.com,English,0.0,gdelt_gkg
INTC,2020-05-27,Energy and Utility Analytics Market to Grow At Healthy Rate Due To Enhanced Usage in COVID - 19 Analysis and Forecast to 2026,https://www.marketwatch.com/press-release/energy-and-utility-analytics-market-to-grow-at-healthy-rate-due-to-enhanced-usage-in-covid-19-analysis-and-forecast-to-2026-2020-05-27,marketwatch.com,English,0.0,gdelt_gkg
INTC,2020-05-27,25 Air Force Junior ROTC Cadets Selected for Elite Cyber Academy > Maxwell Air Force Base > Display,https://www.maxwell.af.mil/News/Display/Article/2198924/25-air-force-junior-rotc-cadets-selected-for-elite-cyber-academy/,maxwell.af.mil,English,0.0,gdelt_gkg
INTC,2020-05-27,"Hardware Acceleration Market - SARS - CoV - 2 , Covid - 19 Analysis , Share , Demand , Growth , Key Opportunities , Key Players and Industry Analysis By 2025",https://www.marketwatch.com/press-release/hardware-acceleration-market---sars-cov-2-covid-19-analysis-share-demand-growth-key-opportunities-key-players-and-industry-analysis-by-2025-2020-05-27,marketwatch.com,English,0.0,gdelt_gkg
INTC,2020-05-27,25 Air Force Junior ROTC Cadets Selected for Elite Cyber Academy > Air Education and Training Command > News,https://www.aetc.af.mil/News/Article/2199035/25-air-force-junior-rotc-cadets-selected-for-elite-cyber-academy/,aetc.af.mil,English,0.0,gdelt_gkg
INTC,2020-05-27,"Amid the COVID - 19 crisis and the looming economic recession , the Industrial Semiconductors market worldwide will grow by a projected US$57 . 9 Billion , during the analysis period",https://www.tmcnet.com/usubmit/2020/05/27/9158006.htm,tmcnet.com,English,0.0,gdelt_gkg
INTC,2020-05-27,"Amid the COVID - 19 crisis and the looming economic recession , the Industrial Semiconductors market worldwide will grow by a projected US$57 . 9 Billion , during the analysis period",https://www.prnewswire.com/news-releases/amid-the-covid-19-crisis-and-the-looming-economic-recession-the-industrial-semiconductors-market-worldwide-will-grow-by-a-projected-us57-9-billion-during-the-analysis-period-301066073.html,prnewswire.com,English,0.0,gdelt_gkg
INTC,2020-05-27,"Amid the COVID - 19 crisis and the looming economic recession , the Industrial Semiconductors market worldwide will grow by a projected US$57 . 9 Billion , during the analysis period",https://www.prnewswire.com:443/news-releases/amid-the-covid-19-crisis-and-the-looming-economic-recession-the-industrial-semiconductors-market-worldwide-will-grow-by-a-projected-us57-9-billion-during-the-analysis-period-301066073.html,prnewswire.com,English,0.0,gdelt_gkg
INTC,2020-05-27,"Cybersecurity Market Size Future Scope , Demands and Projected Industry Growths to 2026",https://www.marketwatch.com/press-release/cybersecurity-market-size-future-scope-demands-and-projected-industry-growths-to-2026-2020-05-27,marketwatch.com,English,0.0,gdelt_gkg
INTC,2020-05-27,"Global Artificial Intelligence in Manufacturing Market to Reach $4 . 19 Billion , Globally , by 2026 : Allied Market Research",https://www.marketwatch.com/press-release/global-artificial-intelligence-in-manufacturing-market-to-reach-419-billion-globally-by-2026-allied-market-research-2020-05-27-121841852,marketwatch.com,English,0.0,gdelt_gkg
INTC,2020-05-27,"AR VR Chip Market Expected to Grow $7 . 75 Billion by 2026 , at 23 . 3 % CAGR",https://www.marketwatch.com/press-release/ar-vr-chip-market-expected-to-grow-775-billion-by-2026at-233-cagr-2020-05-27,marketwatch.com,English,0.0,gdelt_gkg
INTC,2020-05-27,POS Software Market Analysis Reports 2020 Revenue Growth Globally During The Forecast Period till 2025,https://www.marketwatch.com/press-release/pos-software-market-analysis-reports-2020-revenue-growth-globally-during-the-forecast-period-till-2025-2020-05-27,marketwatch.com,English,0.0,gdelt_gkg
INTC,2020-05-27,"Asia Pacific Deep Learning Chip Market Analysis of Key Manufacturers , Dynamics & Forecast 2020 - 2027",https://empowerednews.net/asia-pacific-deep-learning-chip-market-analysis-of-key-manufacturers-dynamics-forecast-2020-2027/181669139/,empowerednews.net,English,0.0,gdelt_gkg
INTC,2020-05-27,"AI In Computer VisionMarket Report 2020 - 2026 by Supply , Demand , Consumption , Sale , Price , Share , Revenue and Top Manufacturers",https://www.newyorktelegraph.com/news/265237024/ai-in-computer-visionmarket-report-2020-2026-by-supply-demand-consumption-sale-price-share-revenue-and-top-manufacturers,newyorktelegraph.com,English,0.0,gdelt_gkg
INTC,2020-05-27,NAND FLASH MEMORY MARKET REPORT ( 2020 - 2027 ) | THE DEMAND FOR THE MARKET WILL DRASTICALLY INCREASE IN THE FUTURE … – Surfacing Magazine,https://surfacingmagazine.net/nand-flash-memory-market-report-2020-2027-the-demand-for-the-market-will-drastically-increase-in-the-future-4/,surfacingmagazine.net,English,0.0,gdelt_gkg
INTC,2020-05-27,"Global Near Field Communication in Healthcare Market ( 2020 to 2025 ) - Featuring Inside Secure , Qualcomm & Sony Among Others",http://www.globenewswire.com/news-release/2020/05/27/2039244/0/en/Global-Near-Field-Communication-in-Healthcare-Market-2020-to-2025-Featuring-Inside-Secure-Qualcomm-Sony-Among-Others.html,globenewswire.com,English,0.0,gdelt_gkg
INTC,2020-05-27,COVID - 19 Impact Analysis on Electronic Packaging Industry with Comprehensive Research Study and Strong Growth in Future 2023,https://www.marketwatch.com/press-release/covid-19-impact-analysis-on-electronic-packaging-industry-with-comprehensive-research-study-and-strong-growth-in-future-2023-2020-05-27,marketwatch.com,English,0.0,gdelt_gkg
INTC,2020-05-27,"Global Near Field Communication in Healthcare Market ( 2020 to 2025 ) - Featuring Inside Secure , Qualcomm & Sony Among Others - Press Release",http://www.digitaljournal.com/pr/4694475,digitaljournal.com,English,0.0,gdelt_gkg
INTC,2020-05-27,COVID - 19 Impact on Telehealth Market - MarketWatch,https://www.marketwatch.com/press-release/covid-19-impact-on-telehealth-market-2020-05-27,marketwatch.com,English,0.0,gdelt_gkg
INTC,2020-05-27,"Dynamic Random Access Memory ( DRAM ) Market Future Prospects 2026 | SK Hynix , Micron Technology , Samsung",https://www.marketwatch.com/press-release/dynamic-random-access-memory-dram-market-future-prospects-2026-sk-hynix-micron-technology-samsung-2020-05-27,marketwatch.com,English,0.0,gdelt_gkg
INTC,2020-05-27,Global Internet of Things ( IoT ) Market Insights Report 2020 - Falling Sensor Costs Drive Proliferation of IoT - ResearchAndMarkets . com - Press Release,http://www.digitaljournal.com/pr/4694740,digitaljournal.com,English,0.0,gdelt_gkg
INTC,2020-05-27,Global Internet of Things ( IoT ) Market Insights Report 2020 - Falling Sensor Costs Drive Proliferation of IoT - ResearchAndMarkets . com,https://www.galvnews.com/news_ap/business/article_37f1c8b9-87eb-557f-871f-0b75031e6c12.html,galvnews.com,English,0.0,gdelt_gkg
INTC,2020-05-27,Network Function Virtualization Market Covid 19 - Growth and Industry Forecast to 2022,https://www.briefingwire.com/pr/network-function-virtualization-market-covid-19-growth-and-industry-forecast-to-2022,briefingwire.com,English,0.0,gdelt_gkg
INTC,2020-05-27,"Global Log Management Market 2020 | Industry Analysis , Size , Share , Growth , Trends and Forecast Till 2026",http://www.comunicati.net/comunicati/aziende/tecnologia/641005.html,comunicati.net,English,0.0,gdelt_gkg
INTC,2020-05-28,"3D Semiconductor Packaging Covid 19 - Trends , Demand , Competitive Landscape to 2023",https://www.briefingwire.com/pr/3d-semiconductor-packaging-covid-19-trends-demand-competitive-landscape-to-2023,briefingwire.com,English,0.0,gdelt_gkg
INTC,2020-05-28,Workplace Transformation Market to Demonstrate Strong Growth Amid COVID - 19 Crisis Globally,https://www.marketwatch.com/press-release/workplace-transformation-market-to-demonstrate-strong-growth-amid-covid--19-crisis-globally-2020-05-28,marketwatch.com,English,0.0,gdelt_gkg
INTC,2020-05-28,Radio Access Network Market Is Expected to Reach $44 . 78 Billion by 2026 : At 11 . 3 % CAGR,https://www.marketwatch.com/press-release/radio-access-network-market-is-expected-to-reach-4478-billion-by-2026-at-113-cagr-2020-05-28,marketwatch.com,English,0.0,gdelt_gkg
INTC,2020-05-28,"AT & T , Deutsche Telekom , others support WBA OpenRoaming for Wi - Fi",https://www.lightreading.com/5g/atandt-deutsche-telekom-others-support-wbas-openroaming-for-wi-fi/d/d-id/759975,lightreading.com,English,0.0,gdelt_gkg
INTC,2020-05-28,"Intelligent Apps Market Sales Volume , Status , Growth , Opportunities and World the COVID - 19",http://www.comunicati.net/comunicati/arte/musica/rock/641414.html,comunicati.net,English,0.0,gdelt_gkg
INTC,2020-05-28,"Food Processing Machinery Market to reach at $68 , 882 million",https://www.openpr.com/news/2061187/food-processing-machinery-market-to-reach-at-68-882-million,openpr.com,English,0.0,gdelt_gkg
INTC,2020-05-28,WBA OpenRoaming opens the door to create one global Wi - Fi network,https://www.so-co-it.com/post/613278/wba-openroaming-opens-the-door-to-create-one-global-wi-fi-network.html,so-co-it.com,English,0.0,gdelt_gkg
INTC,2020-05-28,Impact of COVID - 19 on Animal Therapeutics and Diagnostics,https://www.openpr.com/news/2061195/impact-of-covid-19-on-animal-therapeutics-and-diagnostics,openpr.com,English,0.0,gdelt_gkg
INTC,2020-05-28,"At 29 . 5 % CAGR , Next Gen Memory Market Size , Growth Research Analysis and Share to reach around US $26 , 568 . 9 Mn by 2027",https://www.marketwatch.com/press-release/at-295-cagr-next-gen-memory-market-size-growth-research-analysis-and-share-to-reach-around-us-265689-mn-by-2027-2020-05-28,marketwatch.com,English,0.0,gdelt_gkg
INTC,2020-05-28,"Despite Uncertain Trial Date , PTAB Denies Institution | Jones Day",https://www.jdsupra.com/legalnews/despite-uncertain-trial-date-ptab-25453/,jdsupra.com,English,0.0,gdelt_gkg
INTC,2020-05-28,Global Cybersecurity Market is Expected to Reach $430 . 33 Billion by 2027 - Latest Market Research Report by Stratistics MRC,https://www.prnewswire.com:443/news-releases/global-cybersecurity-market-is-expected-to-reach-430-33-billion-by-2027--latest-market-research-report-by-stratistics-mrc-301067109.html,prnewswire.com,English,0.0,gdelt_gkg
INTC,2020-05-28,Global Cybersecurity Market is Expected to Reach $430 . 33 Billion by 2027 - Latest Market Research Report by Stratistics MRC,https://www.tmcnet.com/usubmit/2020/05/28/9159037.htm,tmcnet.com,English,0.0,gdelt_gkg
INTC,2020-05-28,Global Cybersecurity Market is Expected to Reach $430 . 33 Billion by 2027 - Latest Market Research Report by Stratistics MRC,https://www.prnewswire.com/news-releases/global-cybersecurity-market-is-expected-to-reach-430-33-billion-by-2027--latest-market-research-report-by-stratistics-mrc-301067109.html,prnewswire.com,English,0.0,gdelt_gkg
INTC,2020-05-28,Global Cybersecurity Market is Expected to Reach $430 . 33 Billion by 2027 - Latest Market Research Report by Stratistics MRC,https://news.yahoo.com/global-cybersecurity-market-expected-reach-210000698.html,news.yahoo.com,English,0.0,gdelt_gkg
INTC,2020-05-28,"COVID - 19 analysis on Microcontroller Embedded Systems Market , Share , Growth , ",https://www.briefingwire.com/pr/covid-19-analysis-on-microcontroller-embedded-systems-market-share-growth,briefingwire.com,English,0.0,gdelt_gkg
INTC,2020-05-28,"Global AI in Cybersecurity Market is expected to reach USD 30 . 5 billion by 2025 , witnessing 20 . 5 % CAGR during the forecast period ( 2020 – 2025 ) ",http://www.globenewswire.com/news-release/2020/05/28/2040510/0/en/Global-AI-in-Cybersecurity-Market-is-expected-to-reach-USD-30-5-billion-by-2025-witnessing-20-5-CAGR-during-the-forecast-period-2020-2025.html,globenewswire.com,English,0.0,gdelt_gkg
INTC,2020-05-28,Spintronic Logic Devices Market scrutinized in new research,https://www.openpr.com/news/2061031/spintronic-logic-devices-market-scrutinized-in-new-research,openpr.com,English,0.0,gdelt_gkg
INTC,2020-05-28,"Intelligent virtual assistants market Analysis and Forecast by 2018 - 2026 Opportunities , Risk , and Driving Force",http://www.comunicati.net/comunicati/aziende/informatica/information_technology/641302.html,comunicati.net,English,0.0,gdelt_gkg
INTC,2020-05-28,"Media Release : LTE Chipset  Market Size , Trends , and Future Forecast To 2027",https://www.cmo.com.au/mediareleases/127366/lte-chipset-market-size-trends-and-future/,cmo.com.au,English,0.0,gdelt_gkg
INTC,2020-05-28,EnerSys Announces Changes to its Board of Directors,https://www.globenewswire.com/news-release/2020/05/27/2039746/0/en/EnerSys-Announces-Changes-to-its-Board-of-Directors.html,globenewswire.com,English,0.0,gdelt_gkg
INTC,2020-05-28,"Image Recognition Market Strong Development By Major Emineant Players , Emerging Technololgy Trends And Forecast 2018 - 2025",https://empowerednews.net/image-recognition-market-strong-development-by-major-emineant-players-emerging-technololgy-trends-and-forecast-2018-2025-2/181669174/,empowerednews.net,English,0.0,gdelt_gkg
INTC,2020-05-28,Global 5G Chipset Market Size to witness a CAGR of 33 . 84 % during 2019 - 2027,https://www.marketwatch.com/press-release/global-5g-chipset-market-size-to-witness-a-cagr-of-3384-during-2019-2027-2020-05-27,marketwatch.com,English,0.0,gdelt_gkg
INTC,2020-05-28,"Next Generation Wireless Communication Market Covid 19 - Trends , Competitive Landscape till 2027",https://www.briefingwire.com/pr/next-generation-wireless-communication-market-covid-19-trends-competitive-landscape-till-2027,briefingwire.com,English,0.0,gdelt_gkg
INTC,2020-05-28,2027 : Automotive Semiconductor Market Analysis and Size report will reach to 12267 . 9 Million USD at CAGR of 5 . 5 % ,https://www.marketwatch.com/press-release/2027-automotive-semiconductor-market-analysis-and-size-report-will-reach-to-122679-million-usd-at-cagr-of-55-2020-05-28,marketwatch.com,English,0.0,gdelt_gkg
INTC,2020-05-28,Rising from the Valley | Daily times,https://dailytimes.com.pk/618269/rising-from-the-valley/,dailytimes.com.pk,English,0.0,gdelt_gkg
INTC,2020-05-28,Global Field Programmable Gate Arrays ( FPGA ) Industry ( 2019 to 2027 ) - Market Trajectory & Analytics - Press Release,http://www.digitaljournal.com/pr/4695812,digitaljournal.com,English,0.0,gdelt_gkg
INTC,2020-05-28,IT News Online - RealWire - WBA OpenRoaming™ opens the door to create one global Wi - Fi network,http://www.itnewsonline.com/realwire/WBA-OpenRoaming-opens-the-door-to-create-one-global-Wi-Fi-network/24338,itnewsonline.com,English,0.0,gdelt_gkg
INTC,2020-05-28,"AI Infrastructure Market Industry Analysis And Forecast 2020 - 2027 : By Component , Industry and Region . ",https://empowerednews.net/ai-infrastructure-market-industry-analysis-and-forecast-2020-2027-by-component-industry-and-region/181669198/,empowerednews.net,English,0.0,gdelt_gkg
INTC,2020-05-28,Global Neural Network Software Market Report Till 2026,https://www.briefingwire.com/pr/global-neural-network-software-market-report-till-2026,briefingwire.com,English,0.0,gdelt_gkg
INTC,2020-05-28,WiFi roaming alliance formed,https://www.electronicsweekly.com/news/business/wifi-roaming-alliance-formed-2020-05/,electronicsweekly.com,English,0.0,gdelt_gkg
INTC,2020-05-28,WBA OpenRoaming™ opens the door to create one global Wi - Fi network,https://www.realwire.com/releases/WBA-OpenRoaming-opens-the-door-to-create-one-global-Wi-Fi-network,realwire.com,English,0.0,gdelt_gkg
INTC,2020-05-28,TSMC Latest Hire Signals Intent To Cooperate Closely With American Officials,https://wccftech.com/tsmc-nicholas-montella-arizona-fab-5nm/,wccftech.com,English,0.0,gdelt_gkg
INTC,2020-05-28,"New hires : EnerSys , NeoVolta , Key Capture Energy announce senior appointments",https://www.energy-storage.news/news/new-hires-enersys-neovolta-key-capture-energy-announce-senior-appointments,energy-storage.news,English,0.0,gdelt_gkg
INTC,2020-05-28,"Global Spear Phishing Market 2020 | Industry Analysis , Size , Share , Growth , Trends and Forecast Till 2026",http://www.comunicati.net/comunicati/aziende/tecnologia/641371.html,comunicati.net,English,0.0,gdelt_gkg
INTC,2020-05-29,Coronavirus Impact on Automotive Noise Filters Market,https://www.marketwatch.com/press-release/coronavirus-impact-on-automotive-noise-filters-market-2020-05-29,marketwatch.com,English,0.0,gdelt_gkg
INTC,2020-05-29,Foreign Arbitrations and the Use of Section 44 ( 2 )( a ) of the Arbitration Act 1996 | Locke Lord LLP,https://www.jdsupra.com/legalnews/foreign-arbitrations-and-the-use-of-55888/,jdsupra.com,English,0.0,gdelt_gkg
INTC,2020-05-29,Arizona Department of Water Resources and Audubon Agree to Funding Plan to Conserve Colorado River Water,https://www.audubon.org/news/arizona-department-water-resources-and-audubon-agree-funding-plan-conserve,audubon.org,English,0.0,gdelt_gkg
INTC,2020-05-29,Kulicke & Soffa Appoints Jeff Richardson to its Board of Directors,https://finance.yahoo.com/news/kulicke-soffa-appoints-jeff-richardson-130500107.html,finance.yahoo.com,English,0.0,gdelt_gkg
INTC,2020-05-29,"Global Augmented Reality and Virtual Reality Market is expected to reach USD 161 . 1 billion by 2025 , witnessing 48 . 8 % CAGR during the forecast period ( 2020 – 2025 ): VynZ Research",https://forextv.com/top-news/global-augmented-reality-and-virtual-reality-market-is-expected-to-reach-usd-161-1-billion-by-2025-witnessing-48-8-cagr-during-the-forecast-period-2020-2025-vynz-research/,forextv.com,English,0.0,gdelt_gkg
INTC,2020-05-29,Internet of Things ( IoT ) Market Review 2012 - 2019 and Forecast 2020 - 2027 ( COVID - 19 Adjusted ) ,https://www.prnewswire.com:443/news-releases/internet-of-things-iot-market-review-2012-2019-and-forecast-2020-2027-covid-19-adjusted-301067745.html,prnewswire.com,English,0.0,gdelt_gkg
INTC,2020-05-29,Coronavirus Impact on Automotive Battery Management System Market,https://www.marketwatch.com/press-release/coronavirus-impact-on-automotive-battery-management-system-market-2020-05-29,marketwatch.com,English,0.0,gdelt_gkg
INTC,2020-05-29,Internet of Things ( IoT ) Market Review 2012 - 2019 and Forecast 2020 - 2027 ( COVID - 19 Adjusted ) ,https://www.prnewswire.com/news-releases/internet-of-things-iot-market-review-2012-2019-and-forecast-2020-2027-covid-19-adjusted-301067745.html,prnewswire.com,English,0.0,gdelt_gkg
INTC,2020-05-29,Wireless Broadband Alliance calls for single global Wi - Fi network,https://www.computerweekly.com/news/252483898/Wireless-Broadband-Alliance-calls-for-single-global-Wi-Fi-network,computerweekly.com,English,0.0,gdelt_gkg
INTC,2020-05-29,Internet of Things ( IoT ) Market Review 2012 - 2019 and Forecast 2020 - 2027 ( COVID - 19 Adjusted ) ,https://www.tmcnet.com/usubmit/2020/05/29/9159525.htm,tmcnet.com,English,0.0,gdelt_gkg
INTC,2020-05-29,Internet of Things ( IoT ) Market Review 2012 - 2019 and Forecast 2020 - 2027 ( COVID - 19 Adjusted ) ,https://news.yahoo.com/internet-things-iot-market-review-180000534.html,news.yahoo.com,English,0.0,gdelt_gkg
INTC,2020-05-29,"Mixed Reality Market Covid 19 - Regional Analysis , Emerging Brands to 2023",https://www.briefingwire.com/pr/mixed-reality-market-covid-19-regional-analysis-emerging-brands-to-2023,briefingwire.com,English,0.0,gdelt_gkg
INTC,2020-05-29,"Edge Computing Market 2024 : Global Segment , COVID - 19 Analysis , Competitor Strategy , Size , Share , Industry Profit Growth and Business Trends",https://www.marketwatch.com/press-release/edge-computing-market-2024-global-segment-covid---19-analysis-competitor-strategy-size-share-industry-profit-growth-and-business-trends-2020-05-28,marketwatch.com,English,0.0,gdelt_gkg
INTC,2020-05-29,"SECURITY SOLUTIONS MARKET TRENDS ANALYSIS , TOP MANUFACTURERS , SHARES , GROWTH OPPORTUNITIES , STATISTICS & FORECAST TO 2027",https://www.marketwatch.com/press-release/security-solutions-market-trends-analysis-top-manufacturers-shares-growth-opportunities-statistics-forecast-to-2027-2020-05-29,marketwatch.com,English,0.0,gdelt_gkg
INTC,2020-05-29,"Vision Processing Unit Market - SARS - CoV - 2 , Covid - 19 Analysis , Share , Demand , Growth , Key Opportunities , Key Players and Industry Analysis By 2025",https://www.marketwatch.com/press-release/vision-processing-unit-market---sars-cov-2-covid-19-analysis-share-demand-growth-key-opportunities-key-players-and-industry-analysis-by-2025-2020-05-29,marketwatch.com,English,0.0,gdelt_gkg
INTC,2020-05-29,Kulicke & Soffa Appoints Jeff Richardson to its Board of Directors - Press Release,http://www.digitaljournal.com/pr/4697477,digitaljournal.com,English,0.0,gdelt_gkg
INTC,2020-05-29,"IoT in Healthcare Market to Rise at 24 . 5 % CAGR till 2026 ; Concepts such as Telemedicine Have Yielded Exceptional Applications , says Fortune Business Insights™",http://www.globenewswire.com/news-release/2020/05/29/2040740/0/en/IoT-in-Healthcare-Market-to-Rise-at-24-5-CAGR-till-2026-Concepts-such-as-Telemedicine-Have-Yielded-Exceptional-Applications-says-Fortune-Business-Insights.html,globenewswire.com,English,0.0,gdelt_gkg
INTC,2020-05-29,"Teva Pharmaceutical Industries Limited ( NYSE : TEVA ), General Electric Company ( NYSE : GE ) - Cramer Shares His Thoughts On Teva , Oxford Industries And More",https://www.benzinga.com/media/20/05/16135751/cramer-shares-his-thoughts-on-teva-oxford-industries-and-more,benzinga.com,English,0.0,gdelt_gkg
INTC,2020-05-29,Cloud Radio Access Network Market COVID 19 Impact Study | Forecast Analysis Report 2020 - 2029,https://www.marketwatch.com/press-release/cloud-radio-access-network-market-covid-19-impact-study-forecast-analysis-report-2020-2029-2020-05-29,marketwatch.com,English,0.0,gdelt_gkg
INTC,2020-05-29,Global FPGA Market is Projected to grow at a CAGR of 7 . 6 % during the forecast period 2020 - 2027,https://www.marketwatch.com/press-release/global-fpga-market-is-projected-to-grow-at-a-cagr-of-76-during-the-forecast-period-2020-2027-2020-05-29,marketwatch.com,English,0.0,gdelt_gkg
INTC,2020-05-29,"Hyperscale data center market with High CAGR in Coming Years with Focusing Key players , Industry Developments , Outlook , Current Trends By 2026",https://www.marketwatch.com/press-release/hyperscale-data-center-market-with-high-cagr-in-coming-years-with-focusing-key-players-industry-developments-outlook-current-trends-by-2026-2020-05-29,marketwatch.com,English,0.0,gdelt_gkg
INTC,2020-05-29,เลี้ยงลูกให้ถูกทาง สร้างสมองด้วย Cognitive Science,http://www.newswit.com/gen/2020-05-29/93642ccbdfa70c5fae9f97fa798801a5/,newswit.com,Thai,0.0,gdelt_gkg
INTC,2020-05-29,"Deep Learning Market Analysis 2020 by Size , Share , Top Companies , Latest Trends , Leading Key Players , Future Growth , Forecast To 2023",https://www.marketwatch.com/press-release/deep-learning-market-analysis-2020-by-size-share-top-companies-latest-trends-leading-key-players-future-growth-forecast-to-2023-2020-05-28,marketwatch.com,English,0.0,gdelt_gkg
INTC,2020-05-29,"3D Sensor Market 2020 Analysis by Technology Current Trends , Impact Analysis of COVID - 19 , Segmentation , Key Players and Revenue Analysis Till 2023",https://www.marketwatch.com/press-release/3d-sensor-market-2020-analysis-by-technology-current-trends-impact-analysis-of-covid-19-segmentation-key-players-and-revenue-analysis-till-2023-2020-05-29,marketwatch.com,English,0.0,gdelt_gkg
INTC,2020-05-30,Semiconductor Market : High Consumption of Electronic devices to fuel Demand for Semiconductors,https://www.marketwatch.com/press-release/semiconductor-market-high-consumption-of-electronic-devices-to-fuel-demand-for-semiconductors-2020-05-30,marketwatch.com,English,0.0,gdelt_gkg
INTC,2020-05-30,Automotive Artificial Intelligence Market is expected to see growth rate of 37 . 86 % and may see market size of USD9537 . 46 Million by 2024,https://www.marketwatch.com/press-release/automotive-artificial-intelligence-market-is-expected-to-see-growth-rate-of-3786-and-may-see-market-size-of-usd953746-million-by-2024-2020-05-30,marketwatch.com,English,0.0,gdelt_gkg
INTC,2020-05-30,"Global Healthcare Artificial Intelligence Market 2020 Segmentation Analysis , Key Players , Industry Share and Forecast by 2026",https://www.marketwatch.com/press-release/global-healthcare-artificial-intelligence-market-2020-segmentation-analysis-key-players-industry-share-and-forecast-by-2026-2020-05-30,marketwatch.com,English,0.0,gdelt_gkg
INTC,2020-05-31,"Hyperscale data center market : Industry Insights , Major Key Players and Current Trends Analysis 2026",https://www.marketwatch.com/press-release/hyperscale-data-center-market-industry-insights-major-key-players-and-current-trends-analysis-2026-2020-05-31,marketwatch.com,English,0.0,gdelt_gkg
INTC,2020-06-01,Assessing the COVID - 19 Impact : Diagnostic Applications Significantly Uplift Prospects of Cognitive Systems Spending Amid Pandemic,https://www.albuquerqueexpress.com/news/265306171/assessing-the-covid-19-impact-diagnostic-applications-significantly-uplift-prospects-of-cognitive-systems-spending-amid-pandemic---future-market-insights,albuquerqueexpress.com,English,0.0,gdelt_gkg
INTC,2020-06-01,Europe 5G Infrastructure Market – Notable Developments & Key Players by 2026,http://www.comunicati.net/comunicati/arte/arte_popolare/642292.html,comunicati.net,English,0.0,gdelt_gkg
INTC,2020-06-01,"Intel Comet Lake Non - K CPUs  Power Limit  Overclocking on ASUS , ASRock , MSI H470 , B460 & H410 Motherboards Detailed & Compared",https://wccftech.com/intel-comet-lake-non-k-cpus-power-limit-overclocking-asus-asrock-msi-h470-b460-h410-motherboards-detailed/,wccftech.com,English,0.0,gdelt_gkg
INTC,2020-06-01,Assessing the COVID - 19 Impact : Diagnostic Applications Significantly Uplift Prospects of Cognitive Systems Spending Amid Pandemic,https://www.memphissun.com/news/265306171/assessing-the-covid-19-impact-diagnostic-applications-significantly-uplift-prospects-of-cognitive-systems-spending-amid-pandemic---future-market-insights,memphissun.com,English,0.0,gdelt_gkg
INTC,2020-06-01,Assessing the COVID - 19 Impact : Diagnostic Applications Significantly Uplift Prospects of Cognitive Systems Spending Amid Pandemic,https://www.newjerseytelegraph.com/news/265306171/assessing-the-covid-19-impact-diagnostic-applications-significantly-uplift-prospects-of-cognitive-systems-spending-amid-pandemic---future-market-insights,newjerseytelegraph.com,English,0.0,gdelt_gkg
INTC,2020-06-01,Intel Outpaces Facebook And Netflix As Top Stock To Buy,https://www.forbes.com/sites/qai/2020/06/01/intel-outpaces-facebook-and-netflix-as-top-stock-to-buy/,forbes.com,English,0.0,gdelt_gkg
INTC,2020-06-01,Assessing the COVID - 19 Impact : Diagnostic Applications Significantly Uplift Prospects of Cognitive Systems Spending Amid Pandemic,https://www.californiatelegraph.com/news/265306171/assessing-the-covid-19-impact-diagnostic-applications-significantly-uplift-prospects-of-cognitive-systems-spending-amid-pandemic---future-market-insights,californiatelegraph.com,English,0.0,gdelt_gkg
INTC,2020-06-01,Assessing the COVID - 19 Impact : Diagnostic Applications Significantly Uplift Prospects of Cognitive Systems Spending Amid Pandemic,https://www.hawaiitelegraph.com/news/265306171/assessing-the-covid-19-impact-diagnostic-applications-significantly-uplift-prospects-of-cognitive-systems-spending-amid-pandemic---future-market-insights,hawaiitelegraph.com,English,0.0,gdelt_gkg
INTC,2020-06-01,Assessing the COVID - 19 Impact : Diagnostic Applications Significantly Uplift Prospects of Cognitive Systems Spending Amid Pandemic,https://www.tennesseedaily.com/news/265306171/assessing-the-covid-19-impact-diagnostic-applications-significantly-uplift-prospects-of-cognitive-systems-spending-amid-pandemic---future-market-insights,tennesseedaily.com,English,0.0,gdelt_gkg
INTC,2020-06-01,Assessing the COVID - 19 Impact : Diagnostic Applications Significantly Uplift Prospects of Cognitive Systems Spending Amid Pandemic,https://www.phoenixherald.com/news/265306171/assessing-the-covid-19-impact-diagnostic-applications-significantly-uplift-prospects-of-cognitive-systems-spending-amid-pandemic---future-market-insights,phoenixherald.com,English,0.0,gdelt_gkg
INTC,2020-06-01,Assessing the COVID - 19 Impact : Diagnostic Applications Significantly Uplift Prospects of Cognitive Systems Spending Amid Pandemic,https://www.saltlakecitysun.com/news/265306171/assessing-the-covid-19-impact-diagnostic-applications-significantly-uplift-prospects-of-cognitive-systems-spending-amid-pandemic---future-market-insights,saltlakecitysun.com,English,0.0,gdelt_gkg
INTC,2020-06-01,Assessing the COVID - 19 Impact : Diagnostic Applications Significantly Uplift Prospects of Cognitive Systems Spending Amid Pandemic,https://www.bostonstar.com/news/265306171/assessing-the-covid-19-impact-diagnostic-applications-significantly-uplift-prospects-of-cognitive-systems-spending-amid-pandemic---future-market-insights,bostonstar.com,English,0.0,gdelt_gkg
INTC,2020-06-01,Assessing the COVID - 19 Impact : Diagnostic Applications Significantly Uplift Prospects of Cognitive Systems Spending Amid Pandemic,https://www.clevelandstar.com/news/265306171/assessing-the-covid-19-impact-diagnostic-applications-significantly-uplift-prospects-of-cognitive-systems-spending-amid-pandemic---future-market-insights,clevelandstar.com,English,0.0,gdelt_gkg
INTC,2020-06-01,"Internet of Things ( IoT ) Software Market : Covid - 19 Impact on Global Key Players , Trends , Share , Industry Size , Growth , Opportunities , Forecast To 2025",https://www.sandiegosun.com/news/265308324/internet-of-things-iot-software-market-covid-19-impact-on-global-key-players-trends-share-industry-size-growth-opportunities-forecast-to-2025,sandiegosun.com,English,0.0,gdelt_gkg
INTC,2020-06-01,"Internet of Things ( IoT ) Software Market : Covid - 19 Impact on Global Key Players , Trends , Share , Industry Size , Growth , Opportunities , Forecast To 2025",https://www.newyorktelegraph.com/news/265308324/internet-of-things-iot-software-market-covid-19-impact-on-global-key-players-trends-share-industry-size-growth-opportunities-forecast-to-2025,newyorktelegraph.com,English,0.0,gdelt_gkg
INTC,2020-06-01,Assessing the COVID - 19 Impact : Diagnostic Applications Significantly Uplift Prospects of Cognitive Systems Spending Amid Pandemic,https://www.nashvilleherald.com/news/265306171/assessing-the-covid-19-impact-diagnostic-applications-significantly-uplift-prospects-of-cognitive-systems-spending-amid-pandemic---future-market-insights,nashvilleherald.com,English,0.0,gdelt_gkg
INTC,2020-06-01,System - On - A - Chip ( SoC ) market worldwide is projected to grow by US$35 . 5 Billion,https://finance.yahoo.com/news/system-chip-soc-market-worldwide-225523728.html,finance.yahoo.com,English,0.0,gdelt_gkg
INTC,2020-06-01,Assessing the COVID - 19 Impact : Diagnostic Applications Significantly Uplift Prospects of Cognitive Systems Spending Amid Pandemic,https://www.pittsburghstar.com/news/265306171/assessing-the-covid-19-impact-diagnostic-applications-significantly-uplift-prospects-of-cognitive-systems-spending-amid-pandemic---future-market-insights,pittsburghstar.com,English,0.0,gdelt_gkg
INTC,2020-06-01,"Internet of Things ( IoT ) Software Market : Covid - 19 Impact on Global Key Players , Trends , Share , Industry Size , Growth , Opportunities , Forecast To 2025",https://www.texasguardian.com/news/265308324/internet-of-things-iot-software-market-covid-19-impact-on-global-key-players-trends-share-industry-size-growth-opportunities-forecast-to-2025,texasguardian.com,English,0.0,gdelt_gkg
INTC,2020-06-01,COVID - 19 Impact on Automotive Noise Filters Market,https://www.marketwatch.com/press-release/covid-19-impact-on-automotive-noise-filters-market-2020-06-01,marketwatch.com,English,0.0,gdelt_gkg
INTC,2020-06-01,Coronavirus Impact on Automotive Battery Management System Market,https://www.marketwatch.com/press-release/coronavirus-impact-on-automotive-battery-management-system-market-2020-06-01,marketwatch.com,English,0.0,gdelt_gkg
INTC,2020-06-01,"Global Non - volatile Memory Express ( NVMe ) Market 2020 Segmentation Analysis , Key Players , Industry Share and Forecast by 2026",https://www.marketwatch.com/press-release/global-non-volatile-memory-express-nvme-market-2020-segmentation-analysis-key-players-industry-share-and-forecast-by-2026-2020-06-01,marketwatch.com,English,0.0,gdelt_gkg
INTC,2020-06-01,"Evolving Opportunities For Memristor Devices Market ( 2020 - 2025 ) | Key Players : Hewlett - Packard , Intel Corporation , SK Hynix",https://www.marketwatch.com/press-release/evolving-opportunities-for-memristor-devices-market-2020-2025-key-players-hewlett-packard-intel-corporation-sk-hynix-2020-06-01,marketwatch.com,English,0.0,gdelt_gkg
INTC,2020-06-01,NAND FLASH MEMORY MARKET REPORT ( 2020 - 2027 ) | THE DEMAND FOR THE MARKET WILL DRASTICALLY INCREASE IN THE FUTURE ... ,https://www.marketwatch.com/press-release/nand-flash-memory-market-report-2020-2027-the-demand-for-the-market-will-drastically-increase-in-the-future-2020-06-01,marketwatch.com,English,0.0,gdelt_gkg
INTC,2020-06-01,WBA OpenRoaming™ opens the door to create one global Wi - Fi network,https://www.totaltele.com/506043/WBA-OpenRoaming-opens-the-door-to-create-one-global-Wi-Fi-network,totaltele.com,English,0.0,gdelt_gkg
INTC,2020-06-01,"Intel Revises Core i9 - 9900K Packaging To Traditional Box Shaped , Drops Limited Dodecahedron Design",https://wccftech.com/intel-revises-core-i9-9900k-packaging-to-traditional-box-shaped-drops-limited-dodecahedron-design/,wccftech.com,English,0.0,gdelt_gkg
INTC,2020-06-01,Kulicke & Soffa Appoints Jeff Richardson to Its Board of Directors,http://smt.iconnect007.com/index.php/article/123078/kulicke--soffa-appoints-jeff-richardson-to-its-board-of-directors/123081/,smt.iconnect007.com,English,0.0,gdelt_gkg
INTC,2020-06-01,Silicon Photonic Market by Technology Advancement and Business Outlook 2020 to 2021,https://www.marketwatch.com/press-release/silicon-photonic-market-by-technology-advancement-and-business-outlook-2020-to-2021-2020-06-01,marketwatch.com,English,0.0,gdelt_gkg
INTC,2020-06-01,IoT in Manufacturing Market to Hit USD 136 . 83 Billion by 2026 ; Digital Transformation of Business Operations to Fuel the Market : Fortune Business Insights™,https://www.benzinga.com/pressreleases/20/06/g16148130/iot-in-manufacturing-market-to-hit-usd-136-83-billion-by-2026-digital-transformation-of-business-o,benzinga.com,English,0.0,gdelt_gkg
INTC,2020-06-01,MRAM Market - Detailed Analysis of Current and Future Industry,https://www.openpr.com/news/2063689/mram-market-detailed-analysis-of-current-and-future-industry,openpr.com,English,0.0,gdelt_gkg
INTC,2020-06-01,Spear Phishing Market Is Set To Witness A Healthy CAGR Of 11 . 73 % In The Forecast Period Of 2019 To 2026,https://www.marketwatch.com/press-release/spear-phishing-market-is-set-to-witness-a-healthy-cagr-of-1173-in-the-forecast-period-of-2019-to-2026-2020-06-01,marketwatch.com,English,0.0,gdelt_gkg
INTC,2020-06-01,Assessing the COVID - 19 Impact : Diagnostic Applications Significantly Uplift Prospects of Cognitive Systems Spending Amid Pandemic,https://www.theusnews.com/news/265306171/assessing-the-covid-19-impact-diagnostic-applications-significantly-uplift-prospects-of-cognitive-systems-spending-amid-pandemic---future-market-insights,theusnews.com,English,0.0,gdelt_gkg
INTC,2020-06-01,Assessing the COVID - 19 Impact : Diagnostic Applications Significantly Uplift Prospects of Cognitive Systems Spending Amid Pandemic,https://www.stlouisstar.com/news/265306171/assessing-the-covid-19-impact-diagnostic-applications-significantly-uplift-prospects-of-cognitive-systems-spending-amid-pandemic---future-market-insights,stlouisstar.com,English,0.0,gdelt_gkg
INTC,2020-06-01,Assessing the COVID - 19 Impact : Diagnostic Applications Significantly Uplift Prospects of Cognitive Systems Spending Amid Pandemic,https://www.dallassun.com/news/265306171/assessing-the-covid-19-impact-diagnostic-applications-significantly-uplift-prospects-of-cognitive-systems-spending-amid-pandemic---future-market-insights,dallassun.com,English,0.0,gdelt_gkg
INTC,2020-06-01,Assessing the COVID - 19 Impact : Diagnostic Applications Significantly Uplift Prospects of Cognitive Systems Spending Amid Pandemic,https://www.baltimorestar.com/news/265306171/assessing-the-covid-19-impact-diagnostic-applications-significantly-uplift-prospects-of-cognitive-systems-spending-amid-pandemic---future-market-insights,baltimorestar.com,English,0.0,gdelt_gkg
INTC,2020-06-01,"AI in Hardware Market Next Big Thing : Major Giants : Qualcomm , Samsung , Xilinx , AMD , Microsoft - Press Release",http://www.digitaljournal.com/pr/4699054,digitaljournal.com,English,0.0,gdelt_gkg
INTC,2020-06-01,Hedge Funds Have Never Been This Bullish On Mastercard Incorporated ( MA ) ,https://www.insidermonkey.com/blog/hedge-funds-have-never-been-this-bullish-on-mastercard-incorporated-ma-837765/,insidermonkey.com,English,0.0,gdelt_gkg
INTC,2020-06-19,"Smart Learning Systems Market Booming Segments ; Investors Seeking Growth | Adobe Systems , Educomp Solutions , NIIT , Cisco Systems",https://www.sandiegosun.com/news/265505957/smart-learning-systems-market-booming-segments-investors-seeking-growth--adobe-systems-educomp-solutions-niit-cisco-systems,sandiegosun.com,English,0.0,gdelt_gkg
INTC,2020-06-19,Investorideas . com Newswire - The AI Eye # 372 : AWS ( NasdaqGS : AMZN ) Makes Snowcone Generally Available and Intel ( NasdaqGS : $INTC ) Expands Partnership with Penguin Computing ( NasdaqGS : $SGH ) ,http://www.investorideas.com/news/2020/artificial-intelligence/06191AIEye-AMZN-INTC-SGH.asp,investorideas.com,English,0.0,gdelt_gkg
INTC,2020-06-19,"Smart Learning Systems Market Booming Segments ; Investors Seeking Growth | Adobe Systems , Educomp Solutions , NIIT , Cisco Systems",https://www.texasguardian.com/news/265505957/smart-learning-systems-market-booming-segments-investors-seeking-growth--adobe-systems-educomp-solutions-niit-cisco-systems,texasguardian.com,English,0.0,gdelt_gkg
INTC,2020-06-19,Huawei Launches FusionServer Pro V6 Intelligent Server Based on the 3rd Gen Intel Xeon Scalable Processor,https://www.asiaone.com/business/huawei-launches-fusionserver-pro-v6-intelligent-server-based-3rd-gen-intel-xeon-scalable,asiaone.com,English,0.0,gdelt_gkg
INTC,2020-06-19,Telemedicine Market Share and Growth Factors Impact Analysis 2020 - 2027,https://www.marketwatch.com/press-release/telemedicine-market-share-and-growth-factors-impact-analysis-2020---2027-2020-06-19,marketwatch.com,English,0.0,gdelt_gkg
INTC,2020-06-19,Intelligent Apps Market Increasing Demand with Key Players COVID - 19 Impact Analysis,http://www.comunicati.net/comunicati/arte/musica/rock/646359.html,comunicati.net,English,0.0,gdelt_gkg
INTC,2020-06-19,Automotive Cyber Security Market Pin - Point Analysis For Changing Competitive Dynamics the COVID - 19,http://www.comunicati.net/comunicati/arte/musica/varie/646365.html,comunicati.net,English,0.0,gdelt_gkg
INTC,2020-06-19,Automotive Cyber Security Market Pin - Point Analysis For Changing Competitive Dynamics the COVID - 19,http://www.comunicati.net/comunicati/arte/musica/varie/646363.html,comunicati.net,English,0.0,gdelt_gkg
INTC,2020-06-19,Huawei Launches FusionServer Pro V6 Intelligent Server Based on the 3rd Gen Intel Xeon Scalable Processor – Tanzania News Gazette,https://www.tanzanianewsreports.com/huawei-launches-fusionserver-pro-v6-intelligent-server-based-on-the-3rd-gen-intel-xeon-scalable-processor/,tanzanianewsreports.com,English,0.0,gdelt_gkg
INTC,2020-06-19,Cognitive Computing Market 2020 to Witness Robust Expansion | Enterra Solutions ; Numenta ; Vicarious ; SparkCognition ; TIBCO Software Inc .; and others – Surfacing Magazine,https://surfacingmagazine.net/cognitive-computing-market-2020-to-witness-robust-expansion-enterra-solutions-numenta-vicarious-sparkcognition-tibco-software-inc-and-others/,surfacingmagazine.net,English,0.0,gdelt_gkg
INTC,2020-06-19,IT News Online - Globe Newswire - Increase Retail Revenue with Shuttle Computer Group D230 Programmable Shelf Sign with Facial Recognition and Speaker,http://www.itnewsonline.com/globenewswire/Increase-Retail-Revenue-with-Shuttle-Computer-Groups-D230-Programmable-Shelf-Sign-with-Facial-Recognition-and-Speaker/3593,itnewsonline.com,English,0.0,gdelt_gkg
INTC,2020-06-19,"Smart Learning Systems Market Booming Segments ; Investors Seeking Growth | Adobe Systems , Educomp Solutions , NIIT , Cisco Systems",https://www.newyorktelegraph.com/news/265505957/smart-learning-systems-market-booming-segments-investors-seeking-growth--adobe-systems-educomp-solutions-niit-cisco-systems,newyorktelegraph.com,English,0.0,gdelt_gkg
INTC,2020-06-19,"Gesture Recognition Market 2020 by Size , Share , Latest Global Trends , Top Key Players , Future Growth , Revenue Analysis , Demand Forecast To 2023",https://www.marketwatch.com/press-release/gesture-recognition-market-2020-by-size-share-latest-global-trends-top-key-players-future-growth-revenue-analysis-demand-forecast-to-2023-2020-06-19,marketwatch.com,English,0.0,gdelt_gkg
INTC,2020-06-19,Increase Retail Revenue with Shuttle Computer Group D230 Programmable Shelf Sign with Facial Recognition and Speaker,https://www.tmcnet.com/usubmit/2020/06/19/9171727.htm,tmcnet.com,English,0.0,gdelt_gkg
INTC,2020-06-19,Self - Learning Neuromorphic Chip Market to Potentially Generate Higher Valuation Post COVID 19 Pandemic | Forecast By 2023,https://www.marketwatch.com/press-release/self-learning-neuromorphic-chip-market-to-potentially-generate-higher-valuation-post-covid-19-pandemic-forecast-by-2023-2020-06-19,marketwatch.com,English,0.0,gdelt_gkg
INTC,2020-06-19,Huawei Launches FusionServer Pro V6 Intelligent Server Based on the 3rd Gen Intel Xeon Scalable Processor,https://www.finanznachrichten.de/nachrichten-2020-06/49968612-huawei-launches-fusionserver-pro-v6-intelligent-server-based-on-the-3rd-gen-intel-xeon-scalable-processor-008.htm,finanznachrichten.de,English,0.0,gdelt_gkg
INTC,2020-06-19,IoT Chip Market Worth $525 . 4 Billion by 2025 - Exclusive Report by MarketsandMarkets™,https://www.tmcnet.com/usubmit/2020/06/19/9171686.htm,tmcnet.com,English,0.0,gdelt_gkg
INTC,2020-06-19,Huawei Launches FusionServer Pro V6 Intelligent Server Based on the 3rd Gen Intel Xeon Scalable Processor,https://www.tmcnet.com/usubmit/2020/06/19/9171696.htm,tmcnet.com,English,0.0,gdelt_gkg
INTC,2020-06-19,Huawei Launches FusionServer Pro V6 Intelligent Server Based on the 3rd Gen Intel Xeon Scalable Processor,https://news.yahoo.com/huawei-launches-fusionserver-pro-v6-135200865.html,news.yahoo.com,English,0.0,gdelt_gkg
INTC,2020-06-19,"Artificial Intelligence in Healthcare Market To 2026 Historical , Current , And Projected Size Of The",https://www.pharmiweb.com/press-release/2020-06-19/artificial-intelligence-in-healthcare-market-to-2026-historical-current-and-projected-size-of-the,pharmiweb.com,English,0.0,gdelt_gkg
INTC,2020-06-19,IoT Chip Market Worth $525 . 4 Billion by 2025 - Exclusive Report by MarketsandMarkets™,https://www.prnewswire.com:443/news-releases/iot-chip-market-worth-525-4-billion-by-2025--exclusive-report-by-marketsandmarkets-301080192.html,prnewswire.com,English,0.0,gdelt_gkg
INTC,2020-06-19,IoT Chip Market Worth $525 . 4 Billion by 2025 - Exclusive Report by MarketsandMarkets™,https://www.prnewswire.com/news-releases/iot-chip-market-worth-525-4-billion-by-2025--exclusive-report-by-marketsandmarkets-301080192.html,prnewswire.com,English,0.0,gdelt_gkg
INTC,2020-06-19,IoT Chip Market Worth $525 . 4 Billion by 2025 - Exclusive Report by MarketsandMarkets,https://www.finanznachrichten.de/nachrichten-2020-06/49968120-iot-chip-market-worth-dollar-525-4-billion-by-2025-exclusive-report-by-marketsandmarkets-008.htm,finanznachrichten.de,English,0.0,gdelt_gkg
INTC,2020-06-19,"Workplace Transformation Market 2020 Global Trends , Market Share , Industry Size , Growth , Sales , Opportunities , and Market Forecast to 2023",https://www.marketwatch.com/press-release/workplace-transformation-market-2020-global-trends-market-share-industry-size-growth-sales-opportunities-and-market-forecast-to-2023-2020-06-19,marketwatch.com,English,0.0,gdelt_gkg
INTC,2020-06-20,"Huawei lance FusionServer Pro V6 , le serveur intelligent sappuyant sur le processeur Intel Xeon évolutif de 3e génération – Tanzania News Gazette",https://www.tanzanianewsreports.com/huawei-lance-fusionserver-pro-v6-le-serveur-intelligent-sappuyant-sur-le-processeur-intel-xeon-evolutif-de-3e-generation/,tanzanianewsreports.com,French,0.0,gdelt_gkg
INTC,2020-06-20,Intel Tiger Lake Core i7 - 1165G7 4 Core CPU On Par With AMD Renoir Ryzen 7 4700U 8 Core CPU,https://wccftech.com/intel-tiger-lake-core-i7-1165g7-on-par-with-amd-renoir-ryzen-7-4700u-cpu-3dmark-time-spy/,wccftech.com,English,0.0,gdelt_gkg
INTC,2020-06-20,"Huawei lance FusionServer Pro V6 , le serveur intelligent sappuyant sur le processeur Intel Xeon évolutif de 3e génération",https://www.prnewswire.com/news-releases/huawei-lance-fusionserver-pro-v6-le-serveur-intelligent-s-appuyant-sur-le-processeur-intel-xeon-evolutif-de-3e-generation-807851336.html,prnewswire.com,French,0.0,gdelt_gkg
INTC,2020-06-20,"Huawei lance FusionServer Pro V6 , le serveur intelligent sappuyant sur le processeur Intel Xeon évolutif de 3e génération",https://www.prnewswire.com:443/news-releases/huawei-lance-fusionserver-pro-v6-le-serveur-intelligent-s-appuyant-sur-le-processeur-intel-xeon-evolutif-de-3e-generation-807851336.html,prnewswire.com,French,0.0,gdelt_gkg
INTC,2020-06-20,Huawei Launches FusionServer Pro V6 Intelligent Server Based on the [...] ,https://www.cataniaoggi.it/comunicati-stampa/huawei-launches-fusionserver-pro-v6-intelligent-server-based-on-the-3rd-gen-intel-xeon-scalable-processor_46764,cataniaoggi.it,English,0.0,gdelt_gkg
INTC,2020-06-20,"Enterprise Quantum Computing Market Current Impact to Make Big Changes | Alibaba Group , Intel , Microsoft , D - Wave Systems",https://www.marketwatch.com/press-release/enterprise-quantum-computing-market-current-impact-to-make-big-changes-alibaba-group-intel-microsoft-d-wave-systems-2020-06-20,marketwatch.com,English,0.0,gdelt_gkg
INTC,2020-06-20,Non - Volatile Dual In - Line Memory Module Market Sale Area and Revenue Analysis | Comprehensive Study Covid - 19 Impact Analysis ( 2020 - 2029 ) ,https://www.marketwatch.com/press-release/non-volatile-dual-in-line-memory-module-market-sale-area-and-revenue-analysis-comprehensive-study-covid-19-impact-analysis-2020-2029-2020-06-20,marketwatch.com,English,0.0,gdelt_gkg
INTC,2020-06-20,Huawei Launches FusionServer,http://www.businessghana.com/site/news/technology/215734/Huawei-Launches-FusionServer,businessghana.com,English,0.0,gdelt_gkg
INTC,2020-06-20,Initiative du président Obama en faveur des jeunes leaders africains ( communiqué ) ,https://www.guinee7.com/initiative-du-president-obama-en-faveur-des-jeunes-leaders-africains-communique/,guinee7.com,French,0.0,gdelt_gkg
INTC,2020-06-21,IoT Chip Market Worth $525 . 4 Billion by 2025 - Exclusive Report by MarketsandMarkets™,https://finance.yahoo.com/news/iot-chip-market-worth-525-133000603.html,finance.yahoo.com,English,0.0,gdelt_gkg
INTC,2020-06-21,"Afrique : Huawei lance FusionServer Pro V6 , le serveur intelligent sappuyant sur le processeur Intel Xeon évolutif de 3e génération",https://fr.allafrica.com/stories/202006200132.html,fr.allafrica.com,French,0.0,gdelt_gkg
INTC,2020-06-21,WWDC來了 蘋概添新題材 | 科技產業 | 產經,https://udn.com/news/story/7240/4649695,udn.com,Chinese,0.0,gdelt_gkg
INTC,2020-06-22,Cybersecurity Services and Solutions Market Size is Projected to Reach USD 258 . 99 Billion by 2025,https://www.tmcnet.com/usubmit/2020/06/22/9172351.htm,tmcnet.com,English,0.0,gdelt_gkg
INTC,2020-06-22,A regulatory response to covid - 19 : unleash telehealth,https://blogs.bmj.com/bmj/2020/06/22/a-regulatory-response-to-covid-19-unleash-telehealth/,blogs.bmj.com,English,0.0,gdelt_gkg
INTC,2020-06-22,"Apple Inc . ( NASDAQ : AAPL ), Intel Corporation ( NASDAQ : INTC ) - Apple WWDC 2020 Highlights : iOS 14 , Mac Chips , Unlocking Cars And More",https://www.benzinga.com/news/20/06/16340340/apple-wwdc-2020-highlights-ios-14-mac-chips-unlocking-cars-and-more,benzinga.com,English,0.0,gdelt_gkg
INTC,2020-06-22,"Field Programmable Gate Array ( FPGA ) Market 2020 Global Industry - Key Players , Size , Trends , Opportunities , Growth Analysis and Forecast to 2026",https://www.texasguardian.com/news/265541395/field-programmable-gate-array-fpga-market-2020-global-industry---key-players-size-trends-opportunities-growth-analysis-and-forecast-to-2026,texasguardian.com,English,0.0,gdelt_gkg
INTC,2020-06-22,"Field Programmable Gate Array ( FPGA ) Market 2020 Global Industry - Key Players , Size , Trends , Opportunities , Growth Analysis and Forecast to 2026",https://www.newyorktelegraph.com/news/265541395/field-programmable-gate-array-fpga-market-2020-global-industry---key-players-size-trends-opportunities-growth-analysis-and-forecast-to-2026,newyorktelegraph.com,English,0.0,gdelt_gkg
INTC,2020-06-22,IoT Node and Gateway Market 2020 Research Analysis and Potential of Market from 2020 - 2023,https://www.tmcnet.com/usubmit/2020/06/19/9171796.htm,tmcnet.com,English,0.0,gdelt_gkg
INTC,2020-06-22,"Field Programmable Gate Array ( FPGA ) Market 2020 Global Industry - Key Players , Size , Trends , Opportunities , Growth Analysis and Forecast to 2026",https://www.sandiegosun.com/news/265541395/field-programmable-gate-array-fpga-market-2020-global-industry---key-players-size-trends-opportunities-growth-analysis-and-forecast-to-2026,sandiegosun.com,English,0.0,gdelt_gkg
INTC,2020-06-22,IoT Node and Gateway Market 2020 Research Analysis and Potential of Market from 2020 - 2023,https://www.tmcnet.com/usubmit/-iot-node-gateway-market-2020-research-analysis-potential-/2020/06/19/9171796.htm,tmcnet.com,English,0.0,gdelt_gkg
INTC,2020-06-22,AMD EPYC Processor Adoption Expands with New Supercomputing and High - Performance Cloud Computing System Wins,https://finance.yahoo.com/news/amd-epyc-processor-adoption-expands-150010410.html,finance.yahoo.com,English,0.0,gdelt_gkg
INTC,2020-06-22,iMac | Benzinga,https://www.benzinga.com/topic/imac,benzinga.com,English,0.0,gdelt_gkg
INTC,2020-06-22,Intelligent Virtual Assistant Market Size is set to Grow 21523 . 6 million USD by 2026,https://www.marketwatch.com/press-release/intelligent-virtual-assistant-market-size-is-set-to-grow-215236-million-usd-by-2026-2020-06-22,marketwatch.com,English,0.0,gdelt_gkg
INTC,2020-06-22,"Global Electronic PC Accessories Market 2020 Analysis by Manufacturers , End - User , Type , Application , Regions and Forecast to 2026",https://www.marketwatch.com/press-release/global-electronic-pc-accessories-market-2020-analysis-by-manufacturers-end-user-type-application-regions-and-forecast-to-2026-2020-06-21,marketwatch.com,English,0.0,gdelt_gkg
INTC,2020-06-22,Global Embedded System Market Is Expected to Reach USD 137 . 31 Billion by 2027 : Fior Markets,https://www.globenewswire.com/news-release/2020/06/22/2051451/0/en/Global-Embedded-System-Market-Is-Expected-to-Reach-USD-137-31-Billion-by-2027-Fior-Markets.html,globenewswire.com,English,0.0,gdelt_gkg
INTC,2020-06-22,"Apple Inc . ( NASDAQ : AAPL ), Intel Corporation ( NASDAQ : INTC ) - Apple Pro Says Monday WWDC A  Sell - The - News Type Of Event  ",https://www.benzinga.com/news/20/06/16333306/apple-pro-says-mondays-wwdc-a-sell-the-news-type-of-event,benzinga.com,English,0.0,gdelt_gkg
INTC,2020-06-22,"Global Smart Learning Systems Market Forecast to Reach $106 . 30 Billion by 2027 , Growing at a CAGR of 20 . 5 % – ResearchAndMarkets . com",https://www.financialbuzz.com/global-smart-learning-systems-market-forecast-to-reach-106-30-billion-by-2027-growing-at-a-cagr-of-20-5-researchandmarkets-com/,financialbuzz.com,English,0.0,gdelt_gkg
INTC,2020-06-22,"Global Mega Data Centers Market Study , 2012 - 2027 Featuring Company Profiles of 42 Industry Players",https://www.benzinga.com/pressreleases/20/06/g16329282/global-mega-data-centers-market-study-2012-2027-featuring-company-profiles-of-42-industry-players,benzinga.com,English,0.0,gdelt_gkg
INTC,2020-06-22,Cryptojacking detection tool launched by Intel and BlackBerry,https://insidebitcoins.com/news/cryptojacking-detection-tool-launched-by-intel-and-blackberry,insidebitcoins.com,English,0.0,gdelt_gkg
INTC,2020-06-22,Huawei veröffentlicht den intelligenten Server FusionServer Pro V6 basierend auf dem Prozessor 3rd Gen Intel Xeon Scalable,https://www.finanznachrichten.de/nachrichten-2020-06/49974716-huawei-veroeffentlicht-den-intelligenten-server-fusionserver-pro-v6-basierend-auf-dem-prozessor-3rd-gen-intel-xeon-scalable-007.htm,finanznachrichten.de,German,0.0,gdelt_gkg
INTC,2020-06-22,Dell Technologies Brings IT Infrastructure and Cloud Capabilities to Edge Environments,https://www.tmcnet.com/usubmit/2020/06/22/9172145.htm,tmcnet.com,English,0.0,gdelt_gkg
INTC,2020-06-22,AMD EPYC Processor Adoption Expands with New Supercomputing and High - Performance Cloud Computing System Wins,https://apnews.com/d5db97c9b18fd1c449782ced6a4f2791,apnews.com,English,0.0,gdelt_gkg
INTC,2020-06-22,Global Embedded System Market Is Expected to Reach USD 137 . 31 Billion by 2027 : Fior Markets,https://www.benzinga.com/pressreleases/20/06/g16336319/global-embedded-system-market-is-expected-to-reach-usd-137-31-billion-by-2027-fior-markets,benzinga.com,English,0.0,gdelt_gkg
INTC,2020-06-22,Cybersecurity Services and Solutions Market Size is Projected to Reach USD 258 . 99 Billion by 2025,https://www.prnewswire.com:443/news-releases/cybersecurity-services-and-solutions-market-size-is-projected-to-reach-usd-258-99-billion-by-2025---valuates-reports-301081045.html,prnewswire.com,English,0.0,gdelt_gkg
INTC,2020-06-23,"Organic Spintronics Market May Set New Growth Story | Everspin Technologies , Intel , Rhomap",https://www.marketwatch.com/press-release/organic-spintronics-market-may-set-new-growth-story-everspin-technologies-intel-rhomap-2020-06-23,marketwatch.com,English,0.0,gdelt_gkg
INTC,2020-06-23,Nasdaq hits all - time high after Trump overrides Navarro on China trade,https://www.foxbusiness.com/markets/us-stocks-june-23-2020,foxbusiness.com,English,0.0,gdelt_gkg
INTC,2020-06-23,"Acer New Swift 5 Fuses Style , Portability and Performance",https://www.prnewswire.com:443/news-releases/acers-new-swift-5-fuses-style-portability-and-performance-301081750.html,prnewswire.com,English,0.0,gdelt_gkg
INTC,2020-06-23,"Acer New Swift 5 Fuses Style , Portability and Performance",https://www.prnewswire.com/news-releases/acers-new-swift-5-fuses-style-portability-and-performance-301081750.html,prnewswire.com,English,0.0,gdelt_gkg
INTC,2020-06-23,Acer Launches Enduro Lineup of Rugged Notebooks and Tablets,https://www.prnewswire.com:443/news-releases/acer-launches-enduro-lineup-of-rugged-notebooks-and-tablets-301081592.html,prnewswire.com,English,0.0,gdelt_gkg
INTC,2020-06-23,Acer Launches Enduro Lineup of Rugged Notebooks and Tablets,https://www.prnewswire.com/news-releases/acer-launches-enduro-lineup-of-rugged-notebooks-and-tablets-301081592.html,prnewswire.com,English,0.0,gdelt_gkg
INTC,2020-06-23,Apple Unit Cost Savings From Custom Mac Processors Can Touch $50 / Unit,https://wccftech.com/apple-custom-mac-processors-cost-saving/,wccftech.com,English,0.0,gdelt_gkg
INTC,2020-06-23,ACER Unveils Swift 5 Notebook With Intel Tiger Lake CPU & Xe Graphics,https://wccftech.com/intel-11th-gen-tiger-lake-10nm-cpu-xe-gpu-powered-acer-swift-5-notebook-unveil/,wccftech.com,English,0.0,gdelt_gkg
INTC,2020-06-23,Quantum Computing Market To Witness Astonishing Growth 2026,https://www.openpr.com/news/2079305/quantum-computing-market-to-witness-astonishing-growth-2026,openpr.com,English,0.0,gdelt_gkg
INTC,2020-06-23,"Apple Inc . ( NASDAQ : AAPL ), Intel Corporation ( NASDAQ : INTC ) - Baird Charges Apple Price Target During WWDC20 , Expects 5G iPhone This Fall",https://www.benzinga.com/analyst-ratings/analyst-color/20/06/16353235/baird-charges-apple-price-target-during-wwdc20-expects-5g-iphone-this-fall,benzinga.com,English,0.0,gdelt_gkg
INTC,2020-06-23,"Acer New Swift 5 Fuses Style , Portability and Performance",https://www.tmcnet.com/usubmit/2020/06/23/9173358.htm,tmcnet.com,English,0.0,gdelt_gkg
INTC,2020-06-23,"America , Online",https://rhizome.org/editorial/2020/jun/23/america-online/,rhizome.org,English,0.0,gdelt_gkg
INTC,2020-06-23,"Apple Inc . ( NASDAQ : AAPL ), Intel Corporation ( NASDAQ : INTC ) - Apple  Advancing What Only Apple Can Do : Early Analyst Reactions To WWDC 2020",https://www.benzinga.com/analyst-ratings/analyst-color/20/06/16345266/apple-advancing-what-only-apple-can-do-early-analyst-reactions-to-wwdc-2020,benzinga.com,English,0.0,gdelt_gkg
INTC,2020-06-23,"Intel Corporation ( NASDAQ : INTC ), ( APPLE ) - Why Apple WWDC20 Is A Catalyst For These 9 Semiconductor Stocks",https://www.benzinga.com/analyst-ratings/analyst-color/20/06/16353899/why-apples-wwdc20-is-a-catalyst-for-these-9-semiconductor-stocks,benzinga.com,English,0.0,gdelt_gkg
INTC,2020-06-23,Mega Cap US Companies With Strong Market Cap : $AMZN $TSLA $AAPL,https://www.marketwatch.com/press-release/mega-cap-us-companies-with-strong-market-cap-amzn-tsla-aapl-2020-06-23,marketwatch.com,English,0.0,gdelt_gkg
INTC,2020-06-23,"Apple Inc . ( NASDAQ : AAPL ), Adobe Systems Incorporated ( NASDAQ : ADBE ) - Crazy Night :  Buy The Dip  Mentality Evident As Market Storms Back From Overnight Spook",https://www.benzinga.com/markets/futures/20/06/16353006/crazy-night-buy-the-dip-mentality-evident-as-market-storms-back-from-overnight-spook,benzinga.com,English,0.0,gdelt_gkg
INTC,2020-06-23,Computer Vision Market Comprehensive Study Explores Huge,https://www.openpr.com/news/2079173/computer-vision-market-comprehensive-study-explores-huge,openpr.com,English,0.0,gdelt_gkg
INTC,2020-06-23,Global Artificial Intelligence ( AI ) in Drug Discovery Market Is Expected to Reach USD 40 . 36 Billion by 2027 : Fior Markets,http://www.globenewswire.com/news-release/2020/06/23/2051663/0/en/Global-Artificial-Intelligence-AI-in-Drug-Discovery-Market-Is-Expected-to-Reach-USD-40-36-Billion-by-2027-Fior-Markets.html,globenewswire.com,English,0.0,gdelt_gkg
INTC,2020-06-23,QCI Launches Free Trial of Industry - Leading Mukai Quantum Computing Application Platform,https://www.tmcnet.com/usubmit/2020/06/23/9173100.htm,tmcnet.com,English,0.0,gdelt_gkg
INTC,2020-06-23,Global Artificial Intelligence ( AI ) in Drug Discovery Market Is Expected to Reach USD 40 . 36 Billion by 2027 : Fior Markets,https://www.globenewswire.com/news-release/2020/06/23/2051663/0/en/Global-Artificial-Intelligence-AI-in-Drug-Discovery-Market-Is-Expected-to-Reach-USD-40-36-Billion-by-2027-Fior-Markets.html,globenewswire.com,English,0.0,gdelt_gkg
INTC,2020-06-23,Blockchain Distributed Ledger Market - 2020 : COVID - 19,https://www.openpr.com/news/2078653/blockchain-distributed-ledger-market-2020-covid-19,openpr.com,English,0.0,gdelt_gkg
INTC,2020-06-23,Global Artificial Intelligence ( AI ) in Drug Discovery Market Is Expected to Reach USD 40 . 36 Billion by 2027 : Fior Markets,https://www.benzinga.com/pressreleases/20/06/g16345115/global-artificial-intelligence-ai-in-drug-discovery-market-is-expected-to-reach-usd-40-36-billion-,benzinga.com,English,0.0,gdelt_gkg
INTC,2020-06-23,"Apple Inc . ( NASDAQ : AAPL ), Intel Corporation ( NASDAQ : INTC ) - Apple  Advancing What Only Apple Can Do : Analysts Early Reactions To WWDC 2020",https://www.benzinga.com/analyst-ratings/analyst-color/20/06/16345266/apple-advancing-what-only-apple-can-do-analysts-early-reactions-to-wwdc-2020,benzinga.com,English,0.0,gdelt_gkg
INTC,2020-06-23,Detail Insight about Microprocessor Ventilator Market 2020,https://www.openpr.com/news/2078791/detail-insight-about-microprocessor-ventilator-market-2020,openpr.com,English,0.0,gdelt_gkg
INTC,2020-06-23,Embedded Processor Market to Record a Robust Growth Rate for the COVID - 19 Period,http://www.comunicati.net/comunicati/aziende/informatica/information_technology/646817.html,comunicati.net,English,0.0,gdelt_gkg
INTC,2020-06-23,"Automotive Battery Management System Market ( COVID 19 UPDATE ) Future Growth Analysis , Business Demand and Opportunities to 2025",https://www.marketwatch.com/press-release/automotive-battery-management-system-market-covid-19-update-future-growth-analysis-business-demand-and-opportunities-to-2025-2020-06-23,marketwatch.com,English,0.0,gdelt_gkg
INTC,2020-06-23,Красноярцев предупредили о змеях на Столбах » ( видео ) / Происшествия Красноярска и Красноярского края / Newslab . Ru,http://newslab.ru/news/975240,newslab.ru,Russian,0.0,gdelt_gkg
INTC,2020-06-23,Fabricar sus propios procesadores es el nuevo reto que enfrenta Huawei,https://www.larepublica.net/noticia/fabricar-sus-propios-procesadores-es-el-nuevo-reto-que-enfrenta-huawei,larepublica.net,Spanish,0.0,gdelt_gkg
INTC,2020-06-23,"Connected Logistics Market 2020 - Impact of COVID - 19 on Opportunity Assessment , Global Analysis and Forecast Report To 2025",https://www.marketwatch.com/press-release/connected-logistics-market-2020---impact-of-covid-19-on-opportunity-assessment-global-analysis-and-forecast-report-to-2025-2020-06-23,marketwatch.com,English,0.0,gdelt_gkg
INTC,2020-06-23,"Industrial Internet of Things Market Global Coronavirus Impact And Implications Analysis , Growth , Trends , Share and Forecast to 2026",https://www.marketwatch.com/press-release/industrial-internet-of-things-market-global-coronavirus-impact-and-implications-analysis-growth-trends-share-and-forecast-to-2026-2020-06-23,marketwatch.com,English,0.0,gdelt_gkg
INTC,2020-06-23,"IOT in Logistics Market ( COVID 19 UPDATE ) Future Growth Analysis , Business Demand and Opportunities to 2025",https://www.marketwatch.com/press-release/iot-in-logistics-market-covid-19-update-future-growth-analysis-business-demand-and-opportunities-to-2025-2020-06-23,marketwatch.com,English,0.0,gdelt_gkg
INTC,2020-06-23,"IOT in Automotive Market ( COVID 19 UPDATE ) Future Growth Analysis , Business Demand and Opportunities to 2025",https://www.marketwatch.com/press-release/iot-in-automotive-market-covid-19-update-future-growth-analysis-business-demand-and-opportunities-to-2025-2020-06-23,marketwatch.com,English,0.0,gdelt_gkg
INTC,2020-06-23,"Global Connected Logistics Market Forecast to 2029 , Featuring Hexagon , Bosch , IBM , Microsoft , Oracle , and More",https://www.benzinga.com/pressreleases/20/06/g16347294/global-connected-logistics-market-forecast-to-2029-featuring-hexagon-bosch-ibm-microsoft-oracle-an,benzinga.com,English,0.0,gdelt_gkg
INTC,2020-06-23,"Automotive Noise Filters Market 2020 with ( Covid - 19 ) Impact Key Players Analysis , Business Growth , Future Demand and Forecast by 2025",https://www.marketwatch.com/press-release/automotive-noise-filters-market-2020-with-covid-19-impact-key-players-analysis-business-growth-future-demand-and-forecast-by-2025-2020-06-23,marketwatch.com,English,0.0,gdelt_gkg
INTC,2020-06-24,Dow Jones Today Could Slide on Rising COVID - 19 Cases,https://moneymorning.com/2020/06/24/dow-jones-today-could-slide-on-rising-covid-19-cases/,moneymorning.com,English,0.0,gdelt_gkg
INTC,2020-06-24,Why Intel is doubling down on diversity,https://www.capacitymedia.com/articles/3825804/why-intel-is-doubling-down-on-diversity,capacitymedia.com,English,0.0,gdelt_gkg
INTC,2020-06-24,Notebook CPU Market : Global Industry Analysis and Opportunity Assessment 2020,https://www.sandiegosun.com/news/265557954/notebook-cpu-market-global-industry-analysis-and-opportunity-assessment-2020---2026,sandiegosun.com,English,0.0,gdelt_gkg
INTC,2020-06-24,Quantum Computing Market To Witness Astonishing Growth 2026,https://www.openpr.com/news/2079963/quantum-computing-market-to-witness-astonishing-growth-2026,openpr.com,English,0.0,gdelt_gkg
INTC,2020-06-24," ( AAL ), Boeing Company ( The ) ( NYSE : BA ) - Earnings Start Picking Up As Week Advances With KB Home Today And Nike Tomorrow",https://www.benzinga.com/news/earnings/20/06/16372795/earnings-start-picking-up-as-week-advances-with-kb-home-today-and-nike-tomorrow,benzinga.com,English,0.0,gdelt_gkg
INTC,2020-06-24,Global Semiconductor and Circuit Manufacturing Market ( 2020 to 2027 ) - Adoption of 5G Technology Presents Opportunities,https://www.prnewswire.com/news-releases/global-semiconductor-and-circuit-manufacturing-market-2020-to-2027---adoption-of-5g-technology-presents-opportunities-301083000.html,prnewswire.com,English,0.0,gdelt_gkg
INTC,2020-06-24,Intel Buys Moovit for Mobileye Mobility - as - a - Service Goals,https://cleantechnica.com/2020/06/24/intel-buys-moovit-for-mobileyes-mobility-as-a-service-goals/,cleantechnica.com,English,0.0,gdelt_gkg
INTC,2020-06-24,Global Semiconductor and Circuit Manufacturing Market ( 2020 to 2027 ) - Adoption of 5G Technology Presents Opportunities,https://news.yahoo.com/global-semiconductor-circuit-manufacturing-market-194500017.html,news.yahoo.com,English,0.0,gdelt_gkg
INTC,2020-06-24,Global Semiconductor and Circuit Manufacturing Market ( 2020 to 2027 ) - Adoption of 5G Technology Presents Opportunities,https://www.prnewswire.com:443/news-releases/global-semiconductor-and-circuit-manufacturing-market-2020-to-2027---adoption-of-5g-technology-presents-opportunities-301083000.html,prnewswire.com,English,0.0,gdelt_gkg
INTC,2020-06-24,Global Semiconductor and Circuit Manufacturing Market ( 2020 to 2027 ) - Adoption of 5G Technology Presents Opportunities,https://www.tmcnet.com/usubmit/2020/06/24/9174539.htm,tmcnet.com,English,0.0,gdelt_gkg
INTC,2020-06-24,"AAPL Stock Hits Record High of Over $370 , Apple Dumps Intel Processors",https://www.coinspeaker.com/apple-stock-hits-record-high-intel/,coinspeaker.com,English,0.0,gdelt_gkg
INTC,2020-06-24,"Global Artificial Intelligence Chipsets Market ( COVID - 19 Impact ) | Top Key Players are IBM Corp ., Microsoft Corp ., Google Inc ., FinGenius Ltd ., NVIDIA Corporation , Intel Corporation , General Vision , Inc . ",https://empowerednews.net/global-artificial-intelligence-chipsets-market-covid-19-impact-top-key-players-are-ibm-corp-microsoft-corp-google-inc-fingenius-ltd-nvidia-corporation-intel-corporation-general-vision-i/181672072/,empowerednews.net,English,0.0,gdelt_gkg
INTC,2020-06-24,"Outlook on the Global Market for Fall Detection Systems to 2027 - Featuring Alertone Services , Lifefone & Vital Connect Among Others - ResearchAndMarkets . com",https://insurancenewsnet.com/oarticle/outlook-on-the-global-market-for-fall-detection-systems-to-2027-featuring-alertone-services-lifefone-vital-connect-among-others-researchandmarkets-com,insurancenewsnet.com,English,0.0,gdelt_gkg
INTC,2020-06-24,Notebook CPU Market : Global Industry Analysis and Opportunity Assessment 2020,https://www.newyorktelegraph.com/news/265557954/notebook-cpu-market-global-industry-analysis-and-opportunity-assessment-2020---2026,newyorktelegraph.com,English,0.0,gdelt_gkg
INTC,2020-06-24,Why Apple WWDC20 Is A Catalyst For These 9 Semiconductor Stocks,https://finance.yahoo.com/news/why-apples-wwdc20-catalyst-9-224822059.html,finance.yahoo.com,English,0.0,gdelt_gkg
INTC,2020-06-24,Notebook CPU Market : Global Industry Analysis and Opportunity Assessment 2020,https://www.texasguardian.com/news/265557954/notebook-cpu-market-global-industry-analysis-and-opportunity-assessment-2020---2026,texasguardian.com,English,0.0,gdelt_gkg
INTC,2020-06-24,Artificial Intelligence in Healthcare Market Worth $45 . 2 Billion by 2026,http://www.sbwire.com/press-releases/artificial-intelligence-in-healthcare-market-worth-452-billion-by-2026-1294862.htm,sbwire.com,English,0.0,gdelt_gkg
INTC,2020-06-24,"Global Connected Logistics Market Forecast to 2029 , Featuring Hexagon , Bosch , IBM , Microsoft , Oracle , and More",https://uk.finance.yahoo.com/news/global-connected-logistics-market-forecast-095900832.html,uk.finance.yahoo.com,English,0.0,gdelt_gkg
INTC,2020-06-24,"Memory Particles Market 2020 Global Analysis , Opportunities and Forecast to 2026",https://www.marketwatch.com/press-release/memory-particles-market-2020-global-analysis-opportunities-and-forecast-to-2026-2020-06-23,marketwatch.com,English,0.0,gdelt_gkg
INTC,2020-06-24,"Global IoT in Oil and Gas Market ( 2019 to 2024 ) - Focus on Solutions , Applications & Industry Stream - ResearchAndMarkets . com",https://www.businesswire.com/news/home/20200623005661/en/Global-IoT-Oil-Gas-Market-2019-2024,businesswire.com,English,0.0,gdelt_gkg
INTC,2020-06-24,Augmented reality market in APAC expected to grow at highest CAGR during forecast period,https://www.marketwatch.com/press-release/augmented-reality-market-in-apac-expected-to-grow-at-highest-cagr-during-forecast-period-2020-06-24,marketwatch.com,English,0.0,gdelt_gkg
INTC,2020-06-24,เฉิงตู ส่งเสริมนวัตกรรมทางวิทยาศาสตร์และเทคโนโลยี,http://www.newswit.com/it/2020-06-24/ef78d0c1b45d89b39014b4c0b5bf4eae/,newswit.com,Thai,0.0,gdelt_gkg
INTC,2020-06-24,"Internet of Things ( IoT ) in Retail Market Covering Prime Factors With COVID - 19 Impact Analysis Allerin Tech Pvt Ltd , ARM Holdings Plc , Cisco Systems",https://www.benzinga.com/press-releases/20/06/wr16365404/internet-of-things-iot-in-retail-market-covering-prime-factors-with-covid-19-impact-analysis-all,benzinga.com,English,0.0,gdelt_gkg
INTC,2020-06-24,มั่นคงเคหะการ เดินหน้าโครงการจัดการขยะลอยน้ำ ด้วยทุ่นกักขยะ ( BOOM ) เฟส 2,http://www.newswit.com/gen/2020-06-24/8d10f4a145831399a3aaba9e0d8f700e/,newswit.com,Thai,0.0,gdelt_gkg
INTC,2020-06-24,มั่นคงเคหะการ เดินหน้าโครงการจัดการขยะลอยน้ำ ด้วยทุ่นกักขยะ ( BOOM ) เฟส,http://www.newswit.com/gen/2020-06-24/24e1d90db8eecfea78670de7da5650a2/,newswit.com,Thai,0.0,gdelt_gkg
INTC,2020-06-24,Impact of COVID - 19 on Intelligent Platform Management,https://www.openpr.com/news/2079662/impact-of-covid-19-on-intelligent-platform-management,openpr.com,English,0.0,gdelt_gkg
INTC,2020-06-24,"5G Enabled IIoT Market Will Reach $314 . 6 Billion by 2030 , Growing By 26 . 9 % Annually Over 2020 - 2030",https://www.marketwatch.com/press-release/5g-enabled-iiot-market-will-reach-3146-billion-by-2030-growing-by-269-annually-over-2020-2030-2020-06-24,marketwatch.com,English,0.0,gdelt_gkg
INTC,2020-06-24,"Outlook on the Global Market for Fall Detection Systems to 2027 - Featuring Alertone Services , Lifefone & Vital Connect Among Others - ResearchAndMarkets . com",https://www.businesswire.com/news/home/20200624005431/en/Outlook-Global-Market-Fall-Detection-Systems-2027,businesswire.com,English,0.0,gdelt_gkg
INTC,2020-06-24,বিশ্বের দ্রুততম কম্পিউটার তৈরি করলো জাপান,https://www.jagonews24.com/technology/news/592492,jagonews24.com,Bengali,0.0,gdelt_gkg
INTC,2020-06-25,Ronald L . Olson Elected to Doheny Eye Institute Board of Directors,https://news.yahoo.com/ronald-l-olson-elected-doheny-023500398.html,news.yahoo.com,English,0.0,gdelt_gkg
INTC,2020-06-25,Ronald L . Olson Elected to Doheny Eye Institute Board of Directors,https://www.benzinga.com/pressreleases/20/06/n16382425/ronald-l-olson-elected-to-doheny-eye-institute-board-of-directors,benzinga.com,English,0.0,gdelt_gkg
INTC,2020-06-25,Ronald L . Olson Elected to Doheny Eye Institute Board of Directors,https://finance.yahoo.com/news/ronald-l-olson-elected-doheny-023500398.html,finance.yahoo.com,English,0.0,gdelt_gkg
INTC,2020-06-25,Ronald L . Olson Elected to Doheny Eye Institute Board of Directors,https://www.prnewswire.com:443/news-releases/ronald-l-olson-elected-to-doheny-eye-institute-board-of-directors-301083394.html,prnewswire.com,English,0.0,gdelt_gkg
INTC,2020-06-25,Ronald L . Olson Elected to Doheny Eye Institute Board of Directors,https://www.prnewswire.com/news-releases/ronald-l-olson-elected-to-doheny-eye-institute-board-of-directors-301083394.html,prnewswire.com,English,0.0,gdelt_gkg
INTC,2020-06-25,"Global $22 . 6Bn AI in Fintech Market Outlook , 2020 - 2025 Featuring Profiles of IBM , Intel , ComplyAdvantage . com , Narrative Science , Amazon Web Services , IPsoft , and More",https://news.yahoo.com/global-22-6bn-ai-fintech-190000418.html,news.yahoo.com,English,0.0,gdelt_gkg
INTC,2020-06-25,"Global $22 . 6Bn AI in Fintech Market Outlook , 2020 - 2025 Featuring Profiles of IBM , Intel , ComplyAdvantage . com , Narrative Science , Amazon Web Services , IPsoft , and More",https://www.prnewswire.com:443/news-releases/global-22-6bn-ai-in-fintech-market-outlook-2020-2025-featuring-profiles-of-ibm-intel-complyadvantagecom-narrative-science-amazon-web-services-ipsoft-and-more-301083938.html,prnewswire.com,English,0.0,gdelt_gkg
INTC,2020-06-25,"Global $22 . 6Bn AI in Fintech Market Outlook , 2020 - 2025 Featuring Profiles of IBM , Intel , ComplyAdvantage . com , Narrative Science , Amazon Web Services , IPsoft , and More",https://www.tmcnet.com/usubmit/2020/06/25/9175413.htm,tmcnet.com,English,0.0,gdelt_gkg
INTC,2020-06-25,"Global $22 . 6Bn AI in Fintech Market Outlook , 2020 - 2025 Featuring Profiles of IBM , Intel , ComplyAdvantage . com , Narrative Science , Amazon Web Services , IPsoft , and More",https://www.prnewswire.com/news-releases/global-22-6bn-ai-in-fintech-market-outlook-2020-2025-featuring-profiles-of-ibm-intel-complyadvantagecom-narrative-science-amazon-web-services-ipsoft-and-more-301083938.html,prnewswire.com,English,0.0,gdelt_gkg
INTC,2020-06-25,OWC Announces First - ever Thunderbolt™ 3 Certified Bus - powered Portable Storage Enclosure with OWC Envoy Express,https://www.tmcnet.com/usubmit/2020/06/25/9175243.htm,tmcnet.com,English,0.0,gdelt_gkg
INTC,2020-06-25,"Intel Israel Export Nearly Doubles Over Past Year , Reaching $6 . 6 Billion | Jewish & Israel News Algemeiner . com",https://www.algemeiner.com/2020/06/25/intel-israels-export-nearly-doubles-over-past-year-reaching-6-6-billion/,algemeiner.com,English,0.0,gdelt_gkg
INTC,2020-06-25,Intel and National Science Foundation Invest in Wireless - Specific Machine Learning Edge Research,http://www.mobilitytechzone.com/lte/news/2020/06/25/9175182.htm,mobilitytechzone.com,English,0.0,gdelt_gkg
INTC,2020-06-25,OWC Announces First - ever Thunderbolt™ 3 Certified Bus - powered Portable Storage Enclosure with OWC Envoy Express,https://www.prnewswire.com:443/news-releases/owc-announces-first-ever-thunderbolt-3-certified-bus-powered-portable-storage-enclosure-with-owc-envoy-express-301083765.html,prnewswire.com,English,0.0,gdelt_gkg
INTC,2020-06-25,The Fourth World Intelligence Congress Kicked Off Online in Tianjin | ANP Pers Support,https://www.perssupport.nl/persbericht/250620169/the-fourth-world-intelligence-congress-kicked-off-online-in-tianjin,perssupport.nl,English,0.0,gdelt_gkg
INTC,2020-06-25,Intel and National Science Foundation Invest in Wireless - Specific Machine Learning Edge Research,https://www.nrtoday.com/ap/intel-and-national-science-foundation-invest-in-wireless-specific-machine-learning-edge-research/article_49ef7f67-c7b1-5910-a014-4f131b3309a1.html,nrtoday.com,English,0.0,gdelt_gkg
INTC,2020-06-25,The Fourth World Intelligence Congress Kicked Off Online in Tianjin,https://www.cataniaoggi.it/comunicati-stampa/the-fourth-world-intelligence-congress-kicked-off-online-in-tianjin_47436,cataniaoggi.it,English,0.0,gdelt_gkg
INTC,2020-06-25,Intel Launches First Artificial Intelligence Associate Degree Program,https://www.tmcnet.com/usubmit/-intel-launches-first-artificial-intelligence-associate-degree-program-/2020/06/25/9175184.htm,tmcnet.com,English,0.0,gdelt_gkg
INTC,2020-06-25,The Fourth World Intelligence Congress Kicked Off Online in Tianjin,https://www.finanznachrichten.de/nachrichten-2020-06/50014863-the-fourth-world-intelligence-congress-kicked-off-online-in-tianjin-008.htm,finanznachrichten.de,English,0.0,gdelt_gkg
INTC,2020-06-25,The Fourth World Intelligence Congress Kicked Off Online in Tianjin,https://news.yahoo.com/fourth-world-intelligence-congress-kicked-130000560.html,news.yahoo.com,English,0.0,gdelt_gkg
INTC,2020-06-25,"Artificial intelligence market Analysis and Forecast by 2018 - 2026 Opportunities , Risk , and Driving Force",http://www.comunicati.net/comunicati/aziende/informatica/information_technology/647573.html,comunicati.net,English,0.0,gdelt_gkg
INTC,2020-06-25,"Intel Israel export nearly doubles over past year , reaching $6 . 6 billion","https://www.calcalistech.com/ctech/articles/0,7340,L-3835874,00.html",calcalistech.com,English,0.0,gdelt_gkg
INTC,2020-06-25,​IV Congreso Mundial de Inteligencia enfoca en el futuro desarrollo de la inteligencia artificial _ Spanish . china . org . cn _ 中国最权威的西班牙语新闻网站,http://spanish.china.org.cn/txt/2020-06/25/content_76202746.htm,spanish.china.org.cn,Spanish,0.0,gdelt_gkg
INTC,2020-06-25,Press Release : AMD EPYC Processor Adoption Expands with New Supercomputing and High - Performance Cloud Computing System Wins,https://prwire.com.au/pr/90453/amd-epyc-processor-adoption-expands-with-new-supercomputing-and-high-performance-cloud-computing-system-wins,prwire.com.au,English,0.0,gdelt_gkg
INTC,2020-06-25,Ouverture du 4<sup>e< / sup> Congrès mondial de lintelligence à Tianjin : Focus sur les perspectives de développement de lintelligence artificielle,http://french.china.org.cn/china/txt/2020-06/25/content_76202990.htm,french.china.org.cn,French,0.0,gdelt_gkg
INTC,2020-06-25,Atomic Magnetometers Market to Record a Robust Growth Rate for the COVID - 19 Period,http://www.comunicati.net/comunicati/aziende/informatica/information_technology/647447.html,comunicati.net,English,0.0,gdelt_gkg
INTC,2020-06-25,Intel and National Science Foundation Invest in Wireless - Specific Machine Learning Edge Research,https://www.tmcnet.com/usubmit/-intel-national-science-foundation-invest-wireless-specific-machine-/2020/06/25/9175182.htm,tmcnet.com,English,0.0,gdelt_gkg
INTC,2020-06-26,"2020 Market Insights for the World Smart Learning Systems Market , Featuring Company Profiles of Blackboard , Inc , Cisco Systems , McGraw - Hill , Pearson PLC and Tata Interactive System",https://www.prnewswire.com/news-releases/2020-market-insights-for-the-world-smart-learning-systems-market-featuring-company-profiles-of--blackboard-inc-cisco-systems-mcgraw-hill-pearson-plc-and-tata-interactive-system-301084324.html,prnewswire.com,English,0.0,gdelt_gkg
INTC,2020-06-26,"2020 Market Insights for the World Smart Learning Systems Market , Featuring Company Profiles of Blackboard , Inc , Cisco Systems , McGraw - Hill , Pearson PLC and Tata Interactive System",https://www.prnewswire.com:443/news-releases/2020-market-insights-for-the-world-smart-learning-systems-market-featuring-company-profiles-of--blackboard-inc-cisco-systems-mcgraw-hill-pearson-plc-and-tata-interactive-system-301084324.html,prnewswire.com,English,0.0,gdelt_gkg
INTC,2020-06-26,Mobile Encryption Market Report Till 2025,https://www.briefingwire.com/pr/mobile-encryption-market-report-till-2025,briefingwire.com,English,0.0,gdelt_gkg
INTC,2020-06-26,Computer Peripherals Market Influential Factors Determining the Trajectory of the Market,http://www.comunicati.net/comunicati/arte/musica/dance/647917.html,comunicati.net,English,0.0,gdelt_gkg
INTC,2020-06-26,self - driving,https://www.benzinga.com/topic/self-driving,benzinga.com,English,0.0,gdelt_gkg
INTC,2020-06-26,Global Market Outlook for the General Purpose Artificial Intelligence Market 2020 - 2025 - Embedded AI in Building Infrastructure and Equipment Forecast to Reach $16 . 7 Billion Globally by 2025,https://news.yahoo.com/global-market-outlook-general-purpose-213000054.html,news.yahoo.com,English,0.0,gdelt_gkg
INTC,2020-06-26,Libra infusion of talent and money helps set small Maine town back on its feet,http://observer-me.com/2020/06/26/featured/libras-infusion-of-talent-and-money-helps-set-small-maine-town-back-on-its-feet/,observer-me.com,English,0.0,gdelt_gkg
INTC,2020-06-26,Global Market Outlook for the General Purpose Artificial Intelligence Market 2020 - 2025 - Embedded AI in Building Infrastructure and Equipment Forecast to Reach $16 . 7 Billion Globally by 2025,https://www.prnewswire.com:443/news-releases/global-market-outlook-for-the-general-purpose-artificial-intelligence-market-2020-2025---embedded-ai-in-building-infrastructure-and-equipment-forecast-to-reach-16-7-billion-globally-by-2025--301084372.html,prnewswire.com,English,0.0,gdelt_gkg
INTC,2020-06-26,Global Market Outlook for the General Purpose Artificial Intelligence Market 2020 - 2025 - Embedded AI in Building Infrastructure and Equipment Forecast to Reach $16 . 7 Billion Globally by 2025,https://www.tmcnet.com/usubmit/2020/06/26/9175973.htm,tmcnet.com,English,0.0,gdelt_gkg
INTC,2020-06-26,Global Market Outlook for the General Purpose Artificial Intelligence Market 2020 - 2025 - Embedded AI in Building Infrastructure and Equipment Forecast to Reach $16 . 7 Billion Globally by 2025,https://www.prnewswire.com/news-releases/global-market-outlook-for-the-general-purpose-artificial-intelligence-market-2020-2025---embedded-ai-in-building-infrastructure-and-equipment-forecast-to-reach-16-7-billion-globally-by-2025--301084372.html,prnewswire.com,English,0.0,gdelt_gkg
INTC,2020-06-26,"2020 Market Insights for the World Smart Learning Systems Market , Featuring Company Profiles of Blackboard , Inc , Cisco Systems , McGraw - Hill , Pearson PLC and Tata Interactive System",https://news.yahoo.com/2020-market-insights-world-smart-150000625.html,news.yahoo.com,English,0.0,gdelt_gkg
INTC,2020-06-26,ASSET ScanWorks streamlines interconnect testing of chiplets in multi - die packages and accelerates device programming,https://www.eejournal.com/industry_news/asset-scanworks-streamlines-interconnect-testing-of-chiplets-in-multi-die-packages-and-accelerates-device-programming/,eejournal.com,English,0.0,gdelt_gkg
INTC,2020-06-26,"Field Programmable Gate Array ( FPGA ) Market : Global Share , Size , Trends and Growth Analysis Forecast to 2020 - 2024",https://www.marketwatch.com/press-release/field-programmable-gate-array-fpga-market-global-share-size-trends-and-growth-analysis-forecast-to-2020-2024-2020-06-26,marketwatch.com,English,0.0,gdelt_gkg
INTC,2020-06-26,"2020 Market Insights for the World Smart Learning Systems Market , Featuring Company Profiles of Blackboard , Inc , Cisco Systems , McGraw - Hill , Pearson PLC and Tata Interactive System",https://www.tmcnet.com/usubmit/2020/06/26/9175866.htm,tmcnet.com,English,0.0,gdelt_gkg
INTC,2020-06-26,Rep . Gianforte Introduces Bill to Expand Access to Telehealth Services for Seniors,https://insurancenewsnet.com/oarticle/rep-gianforte-introduces-bill-to-expand-access-to-telehealth-services-for-seniors,insurancenewsnet.com,English,0.0,gdelt_gkg
INTC,2020-06-26,The Fourth World Intelligence Congress kicked off online in Tianjin,http://asiatoday.com/pressrelease/fourth-world-intelligence-congress-kicked-online-tianjin,asiatoday.com,English,0.0,gdelt_gkg
INTC,2020-06-26,ชัมซุง เผย Work from Home ดันยอดขายแท็บเล็ตพุ่ง 30 % ชี้ Galaxy Tab S6 Lite,http://www.newswit.com/it/2020-06-26/11dccd62cae118d2936fb1df3751251c/,newswit.com,Thai,0.0,gdelt_gkg
INTC,2020-06-26,The Fourth World Intelligence Congress Kicked Off Online in Tianjin,https://news.yahoo.com/fourth-world-intelligence-congress-kicked-055100275.html,news.yahoo.com,English,0.0,gdelt_gkg
INTC,2020-06-26,The Fourth World Intelligence Congress Kicked Off Online in Tianjin,https://www.tmcnet.com/usubmit/2020/06/26/9175563.htm,tmcnet.com,English,0.0,gdelt_gkg
INTC,2020-06-26,"PC as a Service ( PCaaS ) Market Share Current and Future Industry Trends , 2020 - 2026 | also Understand the influence of COVID - 19 on Global Industry",https://www.marketwatch.com/press-release/pc-as-a-service-pcaas-market-share-current-and-future-industry-trends-2020-2026-also-understand-the-influence-of-covid-19-on-global-industry-2020-06-26,marketwatch.com,English,0.0,gdelt_gkg
INTC,2020-06-26,A tale of Two Tech - Savvy Countries : Costa Rica and Rwanda,https://www.financialexpress.com/world-news/a-tale-of-two-tech-savvy-countries-costa-rica-and-rwanda/2005198/,financialexpress.com,English,0.0,gdelt_gkg
INTC,2020-06-26,Outlook into the IoT in Oil and Gas Global Markets to 2024,https://www.globenewswire.com/news-release/2020/06/26/2053970/0/en/Outlook-into-the-IoT-in-Oil-and-Gas-Global-Markets-to-2024-Analysis-and-Forecast.html,globenewswire.com,English,0.0,gdelt_gkg
INTC,2020-06-26,"Spear Phishing Market Key Trends , Manufacturers in Globe , ",https://www.openpr.com/news/2080856/spear-phishing-market-key-trends-manufacturers-in-globe,openpr.com,English,0.0,gdelt_gkg
INTC,2020-06-26,Non - Volatile Memory Market - Upcoming Trends and Business Opportunities till 2023,https://www.briefingwire.com/pr/non-volatile-memory-market-upcoming-trends-and-business-opportunities-till-2023,briefingwire.com,English,0.0,gdelt_gkg
INTC,2020-06-26,A tale of Two Tech - Savvy Countries : Costa Rica and Rwanda,https://www.msn.com/en-in/news/other/a-tale-of-two-tech-savvy-countries-costa-rica-and-rwanda/ar-BB1608UT,msn.com,English,0.0,gdelt_gkg
INTC,2020-06-26,A tale of Two Tech - Savvy Countries : Costa Rica and Rwanda,https://www.msn.com/en-in/finance/markets/a-tale-of-two-tech-savvy-countries-costa-rica-and-rwanda/ar-BB1608UT,msn.com,English,0.0,gdelt_gkg
INTC,2020-06-26,"Global Private Narrowband IoT Market - Size , Share Analysis , Growth , Trends and Forecast to 2025",https://www.briefingwire.com/pr/global-private-narrowband-iot-market-size-share-analysis-growth-trends-and-forecast-to-2025,briefingwire.com,English,0.0,gdelt_gkg
INTC,2020-06-27,Healthcare Artificial Intelligence Market to Grow at Robust CAGR in the COVID - 19 Lockdown Scenario,http://www.comunicati.net/comunicati/aziende/informatica/information_technology/647948.html,comunicati.net,English,0.0,gdelt_gkg
INTC,2020-06-27,Healthcare Artificial Intelligence Market Increasing Demand with Key Players COVID - 19 Impact Analysis,http://www.comunicati.net/comunicati/arte/musica/dance/648035.html,comunicati.net,English,0.0,gdelt_gkg
INTC,2020-06-27,AI Infrastructure Market Growth Opportunities Created by Covid19 Outbreak,http://www.comunicati.net/comunicati/arte/letteratura/648032.html,comunicati.net,English,0.0,gdelt_gkg
INTC,2020-06-27,"Current and Future Demand of Artificial Intelligence in Medicine Market by Forecast to 2026 with Profiling Leading Companies – Welltok , Inc ., Intel Corporation , Nvidia Corporation , Google Inc – Bandera County Courier",https://www.bccourier.com/current-and-future-demand-of-artificial-intelligence-in-medicine-market-by-forecast-to-2026-with-profiling-leading-companies-welltok-inc-intel-corporation-nvidia-corporation-google-inc/,bccourier.com,English,0.0,gdelt_gkg
INTC,2020-06-27,AI Infrastructure Market to Record a Robust Growth Rate for the COVID - 19 Period,http://www.comunicati.net/comunicati/aziende/informatica/information_technology/647945.html,comunicati.net,English,0.0,gdelt_gkg
INTC,2020-06-27,AI Infrastructure Market to Record a Robust Growth Rate for the COVID - 19 Period,http://www.comunicati.net/comunicati/aziende/informatica/information_technology/647951.html,comunicati.net,English,0.0,gdelt_gkg
INTC,2020-06-27,"Global Automotive Telematics Systems Market 2020 - Impact of COVID - 19 , Future Growth Analysis and Challenges | Agero , Airbiquity , ATT , Continental , Delphi Automotive – Bandera County Courier",https://www.bccourier.com/global-automotive-telematics-systems-market-2020-impact-of-covid-19-future-growth-analysis-and-challenges-agero-airbiquity-att-continental-delphi-automotive/,bccourier.com,English,0.0,gdelt_gkg
INTC,2020-06-27,"Spintronics 2027 Market Analysis by Advanced Technologies and Rising Demand Led by Advanced MicroSensors Corporation ( AMS ), Atomistix A / S , Crocus Technology , Everspin Technologies",https://www.newyorktelegraph.com/news/265585839/spintronics-2027-market-analysis-by-advanced-technologies-and-rising-demand-led-by-advanced-microsensors-corporation-ams-atomistix-as-crocus-technology-everspin-technologies,newyorktelegraph.com,English,0.0,gdelt_gkg
INTC,2020-06-27,"Spintronics 2027 Market Analysis by Advanced Technologies and Rising Demand Led by Advanced MicroSensors Corporation ( AMS ), Atomistix A / S , Crocus Technology , Everspin Technologies",https://www.texasguardian.com/news/265585839/spintronics-2027-market-analysis-by-advanced-technologies-and-rising-demand-led-by-advanced-microsensors-corporation-ams-atomistix-as-crocus-technology-everspin-technologies,texasguardian.com,English,0.0,gdelt_gkg
INTC,2020-06-27,"Spintronics 2027 Market Analysis by Advanced Technologies and Rising Demand Led by Advanced MicroSensors Corporation ( AMS ), Atomistix A / S , Crocus Technology , Everspin Technologies",https://www.sandiegosun.com/news/265585839/spintronics-2027-market-analysis-by-advanced-technologies-and-rising-demand-led-by-advanced-microsensors-corporation-ams-atomistix-as-crocus-technology-everspin-technologies,sandiegosun.com,English,0.0,gdelt_gkg
INTC,2020-06-28,"Global Phishing Protection Market 2020 Top Key Players | Cyren , BAE Systems , Microsoft Corporation , FireEye Inc ., Symantec Corporation – Galus Australis",https://galusaustralis.com/2020/06/713633/global-phishing-protection-market-2020-top-key-players-cyren-bae-systems-microsoft-corporation-fireeye-inc-symantec-corporation/,galusaustralis.com,English,0.0,gdelt_gkg
INTC,2020-06-28,Global 5G Chipset Market 2020 is Booming at a Healthy CAGR of 49 . 2 % ,https://www.openpr.com/news/2081178/global-5g-chipset-market-2020-is-booming-at-a-healthy-cagr-of-49-2,openpr.com,English,0.0,gdelt_gkg
INTC,2020-06-29,"Global IoT Security Solution Market 2020 Key Players , Share , Trend , Segmentation and Forecast to 2026",https://brazilbusiness.einnews.com/pr_news/520570136/global-iot-security-solution-market-2020-key-players-share-trend-segmentation-and-forecast-to-2026,brazilbusiness.einnews.com,English,0.0,gdelt_gkg
INTC,2020-06-29,Global Virtual Communication Market Trends to 2028 - Global Virtual Communications Market Forecast to Grow to USD 20 - 21 Billion by 2028,https://www.tmcnet.com/usubmit/2020/06/29/9176702.htm,tmcnet.com,English,0.0,gdelt_gkg
INTC,2020-06-29,Artificial Intelligence Market Size is Expected to Exhibit 54 billion USD by 2026,https://www.marketwatch.com/press-release/artificial-intelligence-market-size-is-expected-to-exhibit-54-billion-usd-by-2026-2020-06-29,marketwatch.com,English,0.0,gdelt_gkg
INTC,2020-06-29,Global Virtual Communication Market Trends to 2028 - Global Virtual Communications Market Forecast to Grow to USD 20 - 21 Billion by 2028,https://news.yahoo.com/global-virtual-communication-market-trends-171500256.html,news.yahoo.com,English,0.0,gdelt_gkg
INTC,2020-06-29,Global Virtual Communication Market Trends to 2028 - Global Virtual Communications Market Forecast to Grow to USD 20 - 21 Billion by 2028,https://www.prnewswire.com:443/news-releases/global-virtual-communication-market-trends-to-2028---global-virtual-communications-market-forecast-to-grow-to-usd-20-21-billion-by-2028-301085105.html,prnewswire.com,English,0.0,gdelt_gkg
INTC,2020-06-29,Global Virtual Communication Market Trends to 2028 - Global Virtual Communications Market Forecast to Grow to USD 20 - 21 Billion by 2028,https://www.prnewswire.com/news-releases/global-virtual-communication-market-trends-to-2028---global-virtual-communications-market-forecast-to-grow-to-usd-20-21-billion-by-2028-301085105.html,prnewswire.com,English,0.0,gdelt_gkg
INTC,2020-06-29,Amazon AWS Wins Crucial IHS Markit Cloud Business,https://wccftech.com/amazon-aws-ihs-markit-demand-datacenter/,wccftech.com,English,0.0,gdelt_gkg
INTC,2020-06-29,Challenge to Intel expansion plan to be fast tracked,https://www.irishtimes.com/business/technology/challenge-to-intel-s-expansion-plan-to-be-fast-tracked-1.4291814,irishtimes.com,English,0.0,gdelt_gkg
INTC,2020-06-29,"IoT Security Solution Market 2020 Global Trend , Segmentation and Opportunities Forecast To 2026",https://www.marketwatch.com/press-release/iot-security-solution-market-2020-global-trend-segmentation-and-opportunities-forecast-to-2026-2020-06-29,marketwatch.com,English,0.0,gdelt_gkg
INTC,2020-06-29,Digital Oilfield Technology Market to Witness Huge Growth,https://www.openpr.com/news/2081607/digital-oilfield-technology-market-to-witness-huge-growth,openpr.com,English,0.0,gdelt_gkg
INTC,2020-06-29,"Global Fall Detection System Industry to 2027 - Key Drivers , Restraints , Opportunities & Threats",https://www.benzinga.com/pressreleases/20/06/g16424266/global-fall-detection-system-industry-to-2027-key-drivers-restraints-opportunities-threats,benzinga.com,English,0.0,gdelt_gkg
INTC,2020-06-29,Farmer challenge to €3 . 7bn Intel Ireland expansion to be heard in December,https://www.breakingnews.ie/ireland/farmers-challenge-to-37bn-intel-ireland-expansion-to-be-heard-in-december-1008122.html,breakingnews.ie,English,0.0,gdelt_gkg
INTC,2020-06-29,"Global Cloud Gaming Market By Type , By Offering , By Type of Device , By Deployment Mode , By Gaming System , By End Users , By Region , Forecast & Opportunities , 2025",https://www.tmcnet.com/usubmit/2020/06/29/9176415.htm,tmcnet.com,English,0.0,gdelt_gkg
INTC,2020-06-29,The Fourth World Intelligence Congress Kicked Off Online in Tianjin,https://news.yahoo.com/fourth-world-intelligence-congress-kicked-143100737.html,news.yahoo.com,English,0.0,gdelt_gkg
INTC,2020-06-29,The Fourth World Intelligence Congress kicked off online in Tianjin,https://www.prleap.com/pr/276143/the-fourth-world-intelligence-congress-kicked-off-online-in-tianjin,prleap.com,English,0.0,gdelt_gkg
INTC,2020-06-29,"Non Volatile Memory Market - Demand and Forecast , Size , Share , Growth to 2023",https://www.briefingwire.com/pr/non-volatile-memory-market-demand-and-forecast-size-share-growth-to-2023,briefingwire.com,English,0.0,gdelt_gkg
INTC,2020-06-29,Attractive - Rated Intel And Nvidia Are Among This Week Top Trending Stocks,https://www.forbes.com/sites/qai/2020/06/29/attractive-rated-intel-and-nvidia-are-among-this-weeks-top-trending-stocks/,forbes.com,English,0.0,gdelt_gkg
INTC,2020-06-29,"Silicon Photonic Market Business Size 2020 , Growth Rate , Competitive Analysis , Industry Dynamics & Estimation by 2026",https://www.marketwatch.com/press-release/silicon-photonic-market-business-size-2020-growth-rate-competitive-analysis-industry-dynamics-estimation-by-2026-2020-06-29,marketwatch.com,English,0.0,gdelt_gkg
INTC,2020-06-29,Insights on the Global Silicon Photonics Market to 2025 - Key Drivers and Challenges - ResearchAndMarkets . com,https://www.businesswire.com/news/home/20200629005270/en/Insights-Global-Silicon-Photonics-Market-2025--,businesswire.com,English,0.0,gdelt_gkg
INTC,2020-06-29,Insights on the Global Silicon Photonics Market to 2025 – Key Drivers and Challenges – ResearchAndMarkets . com,https://www.financialbuzz.com/insights-on-the-global-silicon-photonics-market-to-2025-key-drivers-and-challenges-researchandmarkets-com/,financialbuzz.com,English,0.0,gdelt_gkg
INTC,2020-06-29,"Industrial IoT ( IIoT ) Market Size , Growth Research Analysis and Share to reach around US $771 . 72 billion by 2026",https://www.marketwatch.com/press-release/industrial-iot-iiot-market-size-growth-research-analysis-and-share-to-reach-around-us-77172-billion-by-2026-2020-06-29,marketwatch.com,English,0.0,gdelt_gkg
INTC,2020-06-30,Worldwide IoT in Oil and Gas Industry to 2024 - Rising Deployment of Data Analytics Presents Opportunities,https://www.prnewswire.com:443/news-releases/worldwide-iot-in-oil-and-gas-industry-to-2024---rising-deployment-of-data-analytics-presents-opportunities-301085871.html,prnewswire.com,English,0.0,gdelt_gkg
INTC,2020-06-30,Worldwide IoT in Oil and Gas Industry to 2024 - Rising Deployment of Data Analytics Presents Opportunities,https://news.yahoo.com/worldwide-iot-oil-gas-industry-143000357.html,news.yahoo.com,English,0.0,gdelt_gkg
INTC,2020-06-30,Worldwide IoT in Oil and Gas Industry to 2024 - Rising Deployment of Data Analytics Presents Opportunities,https://www.tmcnet.com/usubmit/2020/06/30/9177682.htm,tmcnet.com,English,0.0,gdelt_gkg
INTC,2020-06-30,"AI in Healthcare Market Size is Estimated to Reach USD 99 , 491 . 58 Million by 2027",https://www.finanznachrichten.de/nachrichten-2020-06/50054261-ai-in-healthcare-market-size-is-estimated-to-reach-usd-99-491-58-million-by-2027-valuates-reports-008.htm,finanznachrichten.de,English,0.0,gdelt_gkg
INTC,2020-06-30,"AI in Healthcare Market Size is Estimated to Reach USD 99 , 491 . 58 Million by 2027",https://www.prnewswire.com:443/news-releases/ai-in-healthcare-market-size-is-estimated-to-reach-usd-99-491-58-million-by-2027----valuates-reports-301086006.html,prnewswire.com,English,0.0,gdelt_gkg
INTC,2020-06-30,"At 7 . 3 % CAGR , GNSS Chip Market Size , Growth Research Analysis and Share to surpass a $5430 million valuation by 2024",https://www.marketwatch.com/press-release/at-73-cagr-gnss-chip-market-size-growth-research-analysis-and-share-to-surpass-a-5430-million-valuation-by-2024-2020-06-30,marketwatch.com,English,0.0,gdelt_gkg
INTC,2020-06-30,"Embedded Systems Market May Set New Growth Story | Texas Instruments , Xilinx , Altera",https://www.texasguardian.com/news/265627617/embedded-systems-market-may-set-new-growth-story--texas-instruments-xilinx-altera,texasguardian.com,English,0.0,gdelt_gkg
INTC,2020-06-30,Worldwide IoT in Oil and Gas Industry to 2024 - Rising Deployment of Data Analytics Presents Opportunities,https://finance.yahoo.com/news/worldwide-iot-oil-gas-industry-143000357.html,finance.yahoo.com,English,0.0,gdelt_gkg
INTC,2020-06-30,Intel and the International Olympic Committee to Provide Support Services to Athletes Worldwide |,http://digitalmedianet.com/intel-and-the-international-olympic-committee-to-provide-support-services-to-athletes-worldwide/,digitalmedianet.com,English,0.0,gdelt_gkg
INTC,2020-06-30,"Embedded Systems Market May Set New Growth Story | Texas Instruments , Xilinx , Altera",https://www.sandiegosun.com/news/265627617/embedded-systems-market-may-set-new-growth-story--texas-instruments-xilinx-altera,sandiegosun.com,English,0.0,gdelt_gkg
INTC,2020-06-30,Worldwide IoT in Oil and Gas Industry to 2024 - Rising Deployment of Data Analytics Presents Opportunities,https://www.prnewswire.com/news-releases/worldwide-iot-in-oil-and-gas-industry-to-2024---rising-deployment-of-data-analytics-presents-opportunities-301085871.html,prnewswire.com,English,0.0,gdelt_gkg
INTC,2020-06-30,"Embedded Systems Market May Set New Growth Story | Texas Instruments , Xilinx , Altera",https://www.newyorktelegraph.com/news/265627617/embedded-systems-market-may-set-new-growth-story--texas-instruments-xilinx-altera,newyorktelegraph.com,English,0.0,gdelt_gkg
INTC,2020-06-30,Autonomy | Benzinga,https://www.benzinga.com/topic/autonomy,benzinga.com,English,0.0,gdelt_gkg
INTC,2020-06-30,"Spear Phishing Market Key Trends , Manufacturers in Globe , ",https://www.openpr.com/news/2082321/spear-phishing-market-key-trends-manufacturers-in-globe,openpr.com,English,0.0,gdelt_gkg
INTC,2020-06-30,"AI in Healthcare Market Size is Estimated to Reach USD 99 , 491 . 58 Million by 2027",https://www.tmcnet.com/usubmit/2020/06/30/9177680.htm,tmcnet.com,English,0.0,gdelt_gkg
INTC,2020-06-30,"Artificial intelligence ( AI ) Market Size is Expected to Reach USD 169 , 411 . 8 Million in 2025",https://www.prnewswire.com:443/news-releases/artificial-intelligence-ai-market-size-is-expected-to-reach-usd-169-411-8-million-in-2025---valuates-reports-301085882.html,prnewswire.com,English,0.0,gdelt_gkg
INTC,2020-06-30,IoT Chip Market Worth $525 . 4 Billion by 2025,http://www.sbwire.com/press-releases/iot-chip-market-worth-5254-billion-by-2025-1295425.htm,sbwire.com,English,0.0,gdelt_gkg
INTC,2020-06-30,"Artificial Intelligence in Healthcare Market : 3 Bold Projections for 2020 | Emerging Players Siemens Healthineers , Johnson & Johnson Services , Medtronic",https://www.texasguardian.com/news/265616243/artificial-intelligence-in-healthcare-market-3-bold-projections-for-2020--emerging-players-siemens-healthineers-johnson--johnson-services-medtronic,texasguardian.com,English,0.0,gdelt_gkg
INTC,2020-06-30,"Global Identity and Access Management Market 2020 – CA Technologies , IBM Corporation , Microsoft Corporation , Dell EMC , Intel Corporation – Bandera County Courier",https://www.bccourier.com/global-identity-and-access-management-market-2020-ca-technologies-ibm-corporation-microsoft-corporation-dell-emc-intel-corporation/,bccourier.com,English,0.0,gdelt_gkg
INTC,2020-06-30,"Artificial Intelligence in Healthcare Market : 3 Bold Projections for 2020 | Emerging Players Siemens Healthineers , Johnson & Johnson Services , Medtronic",https://www.sandiegosun.com/news/265616243/artificial-intelligence-in-healthcare-market-3-bold-projections-for-2020--emerging-players-siemens-healthineers-johnson--johnson-services-medtronic,sandiegosun.com,English,0.0,gdelt_gkg
INTC,2020-06-30,"Artificial Intelligence in Healthcare Market : 3 Bold Projections for 2020 | Emerging Players Siemens Healthineers , Johnson & Johnson Services , Medtronic",https://www.newyorktelegraph.com/news/265616243/artificial-intelligence-in-healthcare-market-3-bold-projections-for-2020--emerging-players-siemens-healthineers-johnson--johnson-services-medtronic,newyorktelegraph.com,English,0.0,gdelt_gkg
INTC,2020-06-30,AEM unaffected by Apple move to drop Intel : DBS,https://www.businesstimes.com.sg/companies-markets/aem-unaffected-by-apples-move-to-drop-intel-dbs,businesstimes.com.sg,English,0.0,gdelt_gkg
INTC,2020-06-30,"Global Silicon Photonics Market By Component , By Product , By Material , By End User , By Region , Competition , Forecast & Opportunities , 2025 - Press Release",http://www.digitaljournal.com/pr/4727004,digitaljournal.com,English,0.0,gdelt_gkg
INTC,2020-06-30,"IoT Cloud Market Major Technology Giants in Buzz Again | AWS IOT , Google , Microsoft , IBM Watson IoT",https://www.newyorktelegraph.com/news/265619054/iot-cloud-market-major-technology-giants-in-buzz-again--aws-iot-google-microsoft-ibm-watson-iot,newyorktelegraph.com,English,0.0,gdelt_gkg
INTC,2020-06-30,"IoT Cloud Market Major Technology Giants in Buzz Again | AWS IOT , Google , Microsoft , IBM Watson IoT",https://www.sandiegosun.com/news/265619054/iot-cloud-market-major-technology-giants-in-buzz-again--aws-iot-google-microsoft-ibm-watson-iot,sandiegosun.com,English,0.0,gdelt_gkg
INTC,2020-06-30,Kioxia Holdings Corporation Appoints Michael R . Splinter to Board of Directors,https://www.benzinga.com/pressreleases/20/06/b16442575/kioxia-holdings-corporation-appoints-michael-r-splinter-to-board-of-directors,benzinga.com,English,0.0,gdelt_gkg
INTC,2020-06-30,"Motion Sensor Market Size Worth $8 . 7 Billion By 2025 | CAGR : 7 . 8 % | Grand View Research , Inc . - Press Release",http://www.digitaljournal.com/pr/4727528,digitaljournal.com,English,0.0,gdelt_gkg
INTC,2020-06-30,chips | Benzinga,https://www.benzinga.com/topic/chips,benzinga.com,English,0.0,gdelt_gkg
INTC,2020-06-30,"Artificial intelligence ( AI ) Market Size is Expected to Reach USD 169 , 411 . 8 Million in 2025",https://www.finanznachrichten.de/nachrichten-2020-06/50052367-artificial-intelligence-ai-market-size-is-expected-to-reach-usd-169-411-8-million-in-2025-valuates-reports-008.htm,finanznachrichten.de,English,0.0,gdelt_gkg
INTC,2020-06-30,"IoT Cloud Market Major Technology Giants in Buzz Again | AWS IOT , Google , Microsoft , IBM Watson IoT",https://www.texasguardian.com/news/265619054/iot-cloud-market-major-technology-giants-in-buzz-again--aws-iot-google-microsoft-ibm-watson-iot,texasguardian.com,English,0.0,gdelt_gkg
INTC,2020-07-01,Intel Patents Modular Notebook With Foldable Dual Screens,https://segmentnext.com/2020/07/01/intel-patent-notebook-foldable/,segmentnext.com,English,0.0,gdelt_gkg
INTC,2020-07-01,Automotive Semiconductor Market Size Expected to Witness High Growth over the Forecast Period By 2027,https://www.marketwatch.com/press-release/automotive-semiconductor-market-size-expected-to-witness-high-growth-over-the-forecast-period-by-2027-2020-07-01,marketwatch.com,English,0.0,gdelt_gkg
INTC,2020-07-01,Worldwide Fall Detection System Market ( 2019 to 2027 ) - Strategic Recommendations For New Entrants,https://finance.yahoo.com/news/worldwide-fall-detection-system-market-193000562.html,finance.yahoo.com,English,0.0,gdelt_gkg
INTC,2020-07-01,Worldwide Fall Detection System Market ( 2019 to 2027 ) - Strategic Recommendations For New Entrants,https://news.yahoo.com/worldwide-fall-detection-system-market-193000562.html,news.yahoo.com,English,0.0,gdelt_gkg
INTC,2020-07-01,QCI Set to Win as Only Public Pure - Play in Quantum Computing,https://www.tmcnet.com/usubmit/2020/07/01/9178344.htm,tmcnet.com,English,0.0,gdelt_gkg
INTC,2020-07-01,Worldwide Fall Detection System Market ( 2019 to 2027 ) - Strategic Recommendations For New Entrants,https://www.prnewswire.com:443/news-releases/worldwide-fall-detection-system-market-2019-to-2027---strategic-recommendations-for-new-entrants-301087113.html,prnewswire.com,English,0.0,gdelt_gkg
INTC,2020-07-01,Machine Vision Market Worth $13 . 0 Billion by 2025 - Exclusive Report by MarketsandMarkets™,https://news.yahoo.com/machine-vision-market-worth-13-133000228.html,news.yahoo.com,English,0.0,gdelt_gkg
INTC,2020-07-01,Machine Vision Market Worth $13 . 0 Billion by 2025 - Exclusive Report by MarketsandMarkets™,https://www.tmcnet.com/usubmit/2020/07/01/9178520.htm,tmcnet.com,English,0.0,gdelt_gkg
INTC,2020-07-01,Machine Vision Market Worth $13 . 0 Billion by 2025 - Exclusive Report by MarketsandMarkets,https://www.finanznachrichten.de/nachrichten-2020-07/50066351-machine-vision-market-worth-dollar-13-0-billion-by-2025-exclusive-report-by-marketsandmarkets-008.htm,finanznachrichten.de,English,0.0,gdelt_gkg
INTC,2020-07-01,Virgin Media united kingdom and Cisco Deploy OpenRoaming WiFi in London,https://www.ispreview.co.uk/index.php/2020/07/virgin-media-uk-and-cisco-deploy-openroaming-wifi-in-london.html,ispreview.co.uk,English,0.0,gdelt_gkg
INTC,2020-07-01,"South Korea Internet of Things Market : Opportunities and Forecast Assessment , 2020 - 2027",https://www.marketwatch.com/press-release/south-korea-internet-of-things-market-opportunities-and-forecast-assessment-2020-2027-2020-07-01,marketwatch.com,English,0.0,gdelt_gkg
INTC,2020-07-01,Machine Vision Market Worth $13 . 0 Billion by 2025 - Exclusive Report by MarketsandMarkets™,https://www.prnewswire.com/news-releases/machine-vision-market-worth-13-0-billion-by-2025--exclusive-report-by-marketsandmarkets-301086644.html,prnewswire.com,English,0.0,gdelt_gkg
INTC,2020-07-01,Worldwide Fall Detection System Market ( 2019 to 2027 ) - Strategic Recommendations For New Entrants,https://www.prnewswire.com/news-releases/worldwide-fall-detection-system-market-2019-to-2027---strategic-recommendations-for-new-entrants-301087113.html,prnewswire.com,English,0.0,gdelt_gkg
INTC,2020-09-19,How Coronavirus Pandemic Will Impact Data Center Chip Market Forecast Research Reports Offers Key,https://www.briefingwire.com/pr/how-coronavirus-pandemic-will-impact-data-center-chip-market-forecast-research-reports-offers-key,briefingwire.com,English,0.0,gdelt_gkg
INTC,2020-09-19,"Digital Signage Market Growth Statics , Top Performing Players Profiles and Sales Data",https://www.so-co-it.com/post/619638/digital-signage-market-growth-statics-top-performing-players-profiles-and-sales-data.html,so-co-it.com,English,0.0,gdelt_gkg
INTC,2020-09-19,"Artificial Intelligence in Medicine Market 2020 Global Analysis , Opportunities and Forecast to 2026",https://www.marketwatch.com/press-release/artificial-intelligence-in-medicine-market-2020-global-analysis-opportunities-and-forecast-to-2026-2020-09-19,marketwatch.com,English,0.0,gdelt_gkg
INTC,2020-09-20,3 Ways Artificial Intelligence Is Changing The Auto Industry,https://techmalak.com/3-ways-artificial-intelligence-is-changing-the-auto-industry/,techmalak.com,English,0.0,gdelt_gkg
INTC,2020-09-20,"Active Electronic Components Market Growth Opportunities , Industry Development and Demand Analysis|Infineon Technologies AG , NXP Semiconductors NV , Texas Instruments Incorporated",https://www.eturbonews.com/636384/active-electronic-components-market-growth-opportunities-industry-development-and-demand-analysisinfineon-technologies-ag-nxp-semiconductors-nv-texas-instruments-incorporated/,eturbonews.com,English,0.0,gdelt_gkg
INTC,2020-09-21,Artificial Intelligence ( Chipsets ) Market Worth $57 . 8 Billion by 2026 - Press Release,http://www.digitaljournal.com/pr/4813543,digitaljournal.com,English,0.0,gdelt_gkg
INTC,2020-09-21,"Global Programmable Logic Controllers ( PLCs ) Market 2020 Demand , Industry Synopsis , Operational Efficiency and Market Capitalization by 2025",https://www.marketwatch.com/press-release/global-programmable-logic-controllers-plcs-market-2020-demand-industry-synopsis-operational-efficiency-and-market-capitalization-by-2025-2020-09-21,marketwatch.com,English,0.0,gdelt_gkg
INTC,2020-09-21,Sheaff Brock Money Manager Featured on TD Ameritrade Network,http://kokomoperspective.com/politics/indiana/sheaff-brock-money-manager-featured-on-td-ameritrade-network/article_677fa7bf-e718-5437-ae2f-1ce227e5a1f0.html,kokomoperspective.com,English,0.0,gdelt_gkg
INTC,2020-09-21,Sheaff Brock Money Manager Featured on TD Ameritrade Network,https://www.prnewswire.com:443/news-releases/sheaff-brock-money-manager-featured-on-td-ameritrade-network-301134911.html,prnewswire.com,English,0.0,gdelt_gkg
INTC,2020-09-21,DEADLINE ALERT for INTC and UCO : The Law Offices of Frank R . Cruz Reminds Investors of Class Actions on Behalf of Shareholders,https://finance.yahoo.com/news/deadline-alert-intc-uco-law-161300725.html,finance.yahoo.com,English,0.0,gdelt_gkg
INTC,2020-09-21,"Lam Research Corporation ( NASDAQ : LRCX ), KLA - Tencor Corporation ( NASDAQ : KLAC ) - Why Stifel Is Positive On Semiconductor Equipment Makers Lam Research , KLA",https://www.benzinga.com/analyst-ratings/analyst-color/20/09/17585579/why-stifel-is-positive-on-semiconductor-equipment-makers-lam-research-kla,benzinga.com,English,0.0,gdelt_gkg
INTC,2020-09-21,Newly Released Versions of DMTF Redfish® and SNIA Swordfish™ Specifications Include NVMe™ and NVMe - oF™ Specification Enhancements,https://www.prnewswire.com:443/news-releases/newly-released-versions-of-dmtf-redfish-and-snia-swordfish-specifications-include-nvme-and-nvme-of-specification-enhancements-301134298.html,prnewswire.com,English,0.0,gdelt_gkg
INTC,2020-09-21,"Modular Data Center Market 2020 | Trends , Growth Demand , Opportunities & Forecast To 2026",https://www.marketwatch.com/press-release/modular-data-center-market-2020-trends-growth-demand-opportunities-forecast-to-2026-2020-09-21,marketwatch.com,English,0.0,gdelt_gkg
INTC,2020-09-21,"Impact Of COVID - 19 On Artificial Industrial in Manufacturing Market 2020 Industry Challenges , Business Overview And Forecast Research Study 2026",https://www.marketwatch.com/press-release/impact-of-covid-19-on-artificial-industrial-in-manufacturing-market-2020-industry-challenges-business-overview-and-forecast-research-study-2026-2020-09-21,marketwatch.com,English,0.0,gdelt_gkg
INTC,2020-09-21,"Neuromorphic Computing Market Overview , Dynamics , Segments , Size and Scope",https://www.marketwatch.com/press-release/neuromorphic-computing-market-overview-dynamics-segments-size-and-scope-2020-09-21,marketwatch.com,English,0.0,gdelt_gkg
INTC,2020-09-21,Cloud Infrastructure Market Revenue is To Reach A Value of CAGR Forecast Till 2027,http://www.comunicati.net/comunicati/aziende/informatica/information_technology/662147.html,comunicati.net,English,0.0,gdelt_gkg
INTC,2020-09-22,Intel Appoints Saf Yeboah - Amankwah as Senior Vice President and Chief Strategy Officer,https://www.valdostadailytimes.com/news/business/intel-appoints-saf-yeboah-amankwah-as-senior-vice-president-and-chief-strategy-officer/article_3bec87e9-ba15-51c8-9e28-b6333e1974c9.html,valdostadailytimes.com,English,0.0,gdelt_gkg
INTC,2020-09-22,Glancy Prongay & Murray Reminds Investors of Looming Deadline in the Class Action Lawsuit Against Intel Corporation ( INTC ) ,https://www.prnewswire.com:443/news-releases/glancy-prongay--murray-reminds-investors-of-looming-deadline-in-the-class-action-lawsuit-against-intel-corporation-intc-301135828.html,prnewswire.com,English,0.0,gdelt_gkg
INTC,2020-09-22,"5G Services Market May Set New Growth Story | Cisco Systems , Verizon Communications , AT & T",https://www.texasguardian.com/news/266475614/5g-services-market-may-set-new-growth-story--cisco-systems-verizon-communications-att,texasguardian.com,English,0.0,gdelt_gkg
INTC,2020-09-22,Intel Appoints Saf Yeboah - Amankwah as Senior Vice President and Chief Strategy Officer,https://www.dailyamerican.com/ap/business/intel-appoints-saf-yeboah-amankwah-as-senior-vice-president-and-chief-strategy-officer/article_9b19fa86-33c9-5903-ab19-413a33a2b72d.html,dailyamerican.com,English,0.0,gdelt_gkg
INTC,2020-09-22,Artificial Intelligence ( AI ) in Automotive Market Progressing to Achieve More than USD 12 billion Revenue Mark by 2026,https://www.marketwatch.com/press-release/artificial-intelligence-ai-in-automotive-market-progressing-to-achieve-more-than-usd-12-billion-revenue-mark-by-2026-2020-09-22,marketwatch.com,English,0.0,gdelt_gkg
INTC,2020-09-22,"5G Services Market May Set New Growth Story | Cisco Systems , Verizon Communications , AT & T",https://www.sandiegosun.com/news/266475614/5g-services-market-may-set-new-growth-story--cisco-systems-verizon-communications-att,sandiegosun.com,English,0.0,gdelt_gkg
INTC,2020-09-22,Intel Appoints Saf Yeboah - Amankwah as Senior Vice President and Chief Strategy Officer,https://www.marketwatch.com/press-release/intel-appoints-saf-yeboah-amankwah-as-senior-vice-president-and-chief-strategy-officer-2020-09-22,marketwatch.com,English,0.0,gdelt_gkg
INTC,2020-09-22,"5G Services Market May Set New Growth Story | Cisco Systems , Verizon Communications , AT & T",https://www.newyorktelegraph.com/news/266475614/5g-services-market-may-set-new-growth-story--cisco-systems-verizon-communications-att,newyorktelegraph.com,English,0.0,gdelt_gkg
INTC,2020-09-22,"Intel appoints Saf Yeboah - Amankwah as senior vice president , chief strategy officer",https://www.thestar.com.my/news/world/2020/09/23/intel-appoints-saf-yeboah-amankwah-as-senior-vice-president-chief-strategy-officer,thestar.com.my,English,0.0,gdelt_gkg
INTC,2020-09-22,Intel Appoints Saf Yeboah - Amankwah as Senior Vice President and Chief Strategy Officer,https://www.businesswire.com/news/home/20200922005765/en/Intel-Appoints-Saf-Yeboah-Amankwah-as-Senior-Vice-President-and-Chief-Strategy-Officer,businesswire.com,English,0.0,gdelt_gkg
INTC,2020-09-22,Intel Corporation Appoints Safe Yeboah - Amankwah as Senior VP and Chief Strategy Officer,https://www.financialbuzz.com/intel-corporation-appoints-safe-yeboah-amankwah-as-senior-vp-and-chief-strategy-officer/,financialbuzz.com,English,0.0,gdelt_gkg
INTC,2020-09-22,"Global supply chains disrupted : Additive manufacturing , onshoring , and COVID - 19",https://www.atlanticcouncil.org/event/global-supply-chains-disrupted/,atlanticcouncil.org,English,0.0,gdelt_gkg
INTC,2020-09-22,"Global Machine Learning Market 2020 Industry Growth Analysis by Key Players , Segments , Competitive Landscape and Forecast to 2025",https://www.marketwatch.com/press-release/global-machine-learning-market-2020-industry-growth-analysis-by-key-players-segments-competitive-landscape-and-forecast-to-2025-2020-09-22,marketwatch.com,English,0.0,gdelt_gkg
INTC,2020-09-22,Intel Appoints Saf Yeboah - Amankwah as Senior Vice President and Chief Strategy Officer,https://www.tmcnet.com/usubmit/2020/09/22/9224881.htm,tmcnet.com,English,0.0,gdelt_gkg
INTC,2020-09-22,Forecast Business Analysis with COVID - 19 impact on the Global Internet of Things ( IoT ) in Energy Market,https://www.marketwatch.com/press-release/forecast-business-analysis-with-covid-19-impact-on-the-global-internet-of-things-iot-in-energy-market-2020-09-22,marketwatch.com,English,0.0,gdelt_gkg
INTC,2020-09-22,"Intel appoints Saf Yeboah - Amankwah as senior vice president , chief strategy officer - Xinhua",http://www.xinhuanet.com/english/2020-09/23/c_139389076.htm,xinhuanet.com,English,0.0,gdelt_gkg
INTC,2020-09-22,Intel helps power the world fastest gaming desktop PCs with 10th Gen Intel® Core™ K - Series processors - brand stories,https://www.hindustantimes.com/brand-stories/intel-helps-power-the-world-s-fastest-gaming-desktop-pcs-with-10th-gen-intel-core-k-series-processors/story-FXjFx2IkgoFd8sBwNv9QUP.html,hindustantimes.com,English,0.0,gdelt_gkg
INTC,2020-09-22,Intel Appoints Saf Yeboah - Amankwah as Senior Vice President and Chief Strategy Officer,http://next-generation-communications.tmcnet.com/news/2020/09/22/9224881.htm,next-generation-communications.tmcnet.com,English,0.0,gdelt_gkg
INTC,2020-09-22,"Artificial Intelligence In Cybersecurity Market Drives Future Change | Acalvio Technologies , Inc ., Amazon . com , Inc ., Argus Cyber Security , Bitsight Technologies",https://www.sandiegosun.com/news/266474104/artificial-intelligence-in-cybersecurity-market-drives-future-change--acalvio-technologies-inc-amazoncom-inc-argus-cyber-security-bitsight-technologies,sandiegosun.com,English,0.0,gdelt_gkg
INTC,2020-09-22,"Artificial Intelligence In Cybersecurity Market Drives Future Change | Acalvio Technologies , Inc ., Amazon . com , Inc ., Argus Cyber Security , Bitsight Technologies",https://www.newyorktelegraph.com/news/266474104/artificial-intelligence-in-cybersecurity-market-drives-future-change--acalvio-technologies-inc-amazoncom-inc-argus-cyber-security-bitsight-technologies,newyorktelegraph.com,English,0.0,gdelt_gkg
INTC,2020-09-22,"Energy and Utility Analytics Market Growth Prospects , Proposal Strategy and Value Chain Study | Capgemini SE , Intel Corporation , Oracle Corporation",https://www.marketwatch.com/press-release/energy-and-utility-analytics-market-growth-prospects-proposal-strategy-and-value-chain-study-capgemini-se-intel-corporation-oracle-corporation-2020-09-22,marketwatch.com,English,0.0,gdelt_gkg
INTC,2020-09-22,A Peek Into The Markets : US Stock Futures Mixed ; Powell Testimony In Focus,https://www.benzinga.com/news/20/09/17598492/a-peek-into-the-markets-us-stock-futures-mixed-powell-testimony-in-focus,benzinga.com,English,0.0,gdelt_gkg
INTC,2020-09-22,Artificial Intelligence ( Chipsets ) Market Worth $57 . 8 Billion by 2026,http://www.sbwire.com/press-releases/artificial-intelligence-chipsets-market-worth-578-billion-by-2026-1304793.htm,sbwire.com,English,0.0,gdelt_gkg
INTC,2020-09-22,"Global ARM Microprocessor Forecast Report 2027 : Revenue and Outlook by Industry Players Broadcom Limited , IBM Corporation , Intel Corporation , Marvell Technology Group and Microchip Technology Incorporated",https://www.texasguardian.com/news/266469629/global-arm-microprocessor-forecast-report-2027-revenue-and-outlook-by-industry-players-broadcom-limited-ibm-corporation-intel-corporation-marvell-technology-group-and-microchip-technology-incorporated,texasguardian.com,English,0.0,gdelt_gkg
INTC,2020-09-22,"Global ARM Microprocessor Forecast Report 2027 : Revenue and Outlook by Industry Players Broadcom Limited , IBM Corporation , Intel Corporation , Marvell Technology Group and Microchip Technology Incorporated",https://www.sandiegosun.com/news/266469629/global-arm-microprocessor-forecast-report-2027-revenue-and-outlook-by-industry-players-broadcom-limited-ibm-corporation-intel-corporation-marvell-technology-group-and-microchip-technology-incorporated,sandiegosun.com,English,0.0,gdelt_gkg
INTC,2020-09-22,"Global ARM Microprocessor Forecast Report 2027 : Revenue and Outlook by Industry Players Broadcom Limited , IBM Corporation , Intel Corporation , Marvell Technology Group and Microchip Technology Incorporated",https://www.newyorktelegraph.com/news/266469629/global-arm-microprocessor-forecast-report-2027-revenue-and-outlook-by-industry-players-broadcom-limited-ibm-corporation-intel-corporation-marvell-technology-group-and-microchip-technology-incorporated,newyorktelegraph.com,English,0.0,gdelt_gkg
INTC,2020-09-22,Senate IP Subcommittee Continues Search for Balance on Potential Copyright Reforms,https://www.ipwatchdog.com/2020/09/21/senate-ip-subcommittee-continues-search-balance-potential-copyright-reforms/id=125465/,ipwatchdog.com,English,0.0,gdelt_gkg
INTC,2020-09-22,"Global IoT Security Services Market Projection By Dynamics , Global Trends , Industry Growth , Research , Revenue , Regional Segmented , Outlook & Forecast Till 2026",https://www.sandiegosun.com/news/266470955/global-iot-security-services-market-projection-by-dynamics-global-trends-industry-growth-research-revenue-regional-segmented-outlook--forecast-till-2026,sandiegosun.com,English,0.0,gdelt_gkg
INTC,2020-09-22,Global IoT Chips Market Size will Escalate Rapidly in the Near Future | Industry Analysis and Forecast Report by 2027,https://www.sandiegosun.com/news/266470232/global-iot-chips-market-size-will-escalate-rapidly-in-the-near-future--industry-analysis-and-forecast-report-by-2027,sandiegosun.com,English,0.0,gdelt_gkg
INTC,2020-09-22,Global IoT Chips Market Size will Escalate Rapidly in the Near Future | Industry Analysis and Forecast Report by 2027,https://www.newyorktelegraph.com/news/266470232/global-iot-chips-market-size-will-escalate-rapidly-in-the-near-future--industry-analysis-and-forecast-report-by-2027,newyorktelegraph.com,English,0.0,gdelt_gkg
INTC,2020-09-22,Global IoT Chips Market Size will Escalate Rapidly in the Near Future | Industry Analysis and Forecast Report by 2027,https://www.texasguardian.com/news/266470232/global-iot-chips-market-size-will-escalate-rapidly-in-the-near-future--industry-analysis-and-forecast-report-by-2027,texasguardian.com,English,0.0,gdelt_gkg
INTC,2020-09-22,"Global IoT Security Services Market Projection By Dynamics , Global Trends , Industry Growth , Research , Revenue , Regional Segmented , Outlook & Forecast Till 2026",https://www.newyorktelegraph.com/news/266470955/global-iot-security-services-market-projection-by-dynamics-global-trends-industry-growth-research-revenue-regional-segmented-outlook--forecast-till-2026,newyorktelegraph.com,English,0.0,gdelt_gkg
INTC,2020-09-22,"Time - Sensitive Networking Market Size Analysis with Key Players , Applications , Trends and Forecasts to 2026",https://www.marketwatch.com/press-release/time-sensitive-networking-market-size-analysis-with-key-players-applications-trends-and-forecasts-to-2026-2020-09-22,marketwatch.com,English,0.0,gdelt_gkg
INTC,2020-09-22,Automotive Cyber Security Market Size to Surpass US$ 3104 . 4 million by 2025,https://www.marketwatch.com/press-release/automotive-cyber-security-market-size-to-surpass-us-31044-million-by-2025-2020-09-22,marketwatch.com,English,0.0,gdelt_gkg
INTC,2020-09-22,"Intel Corporation ( NASDAQ : INTC ), QUALCOMM Incorporated ( NASDAQ : QCOM ) - Intel Gets US License To Continue Supplying To Huawei",https://www.benzinga.com/news/20/09/17596329/intel-gets-us-license-to-continue-supplying-to-huawei,benzinga.com,English,0.0,gdelt_gkg
INTC,2020-09-22,"Artificial Intelligence In Cybersecurity Market Drives Future Change | Acalvio Technologies , Inc ., Amazon . com , Inc ., Argus Cyber Security , Bitsight Technologies",https://www.texasguardian.com/news/266474104/artificial-intelligence-in-cybersecurity-market-drives-future-change--acalvio-technologies-inc-amazoncom-inc-argus-cyber-security-bitsight-technologies,texasguardian.com,English,0.0,gdelt_gkg
INTC,2020-09-22,"IoT Gateway Devices Market growth predicted at 14 % through 2026 : Global Market Insights , Inc . ",https://forextv.com/top-news/iot-gateway-devices-market-growth-predicted-at-14-through-2026-global-market-insights-inc/,forextv.com,English,0.0,gdelt_gkg
INTC,2020-09-22,"Global IoT Security Services Market Projection By Dynamics , Global Trends , Industry Growth , Research , Revenue , Regional Segmented , Outlook & Forecast Till 2026",https://www.texasguardian.com/news/266470955/global-iot-security-services-market-projection-by-dynamics-global-trends-industry-growth-research-revenue-regional-segmented-outlook--forecast-till-2026,texasguardian.com,English,0.0,gdelt_gkg
INTC,2020-09-23,"IoT Microcontrollers Market is Thriving Worldwide | ARM , Texas Instruments , Intel , Qualcomm",https://www.sandiegosun.com/news/266486721/iot-microcontrollers-market-is-thriving-worldwide--arm-texas-instruments-intel-qualcomm,sandiegosun.com,English,0.0,gdelt_gkg
INTC,2020-09-23,"Cloud Radio Access Network ( C - RAN ) Market is Thriving Worldwide | Nokia , Cisco Systems , Samsung Electronics",https://www.newyorktelegraph.com/news/266486725/cloud-radio-access-network-c-ran-market-is-thriving-worldwide--nokia-cisco-systems-samsung-electronics,newyorktelegraph.com,English,0.0,gdelt_gkg
INTC,2020-09-23,"IoT Microcontrollers Market is Thriving Worldwide | ARM , Texas Instruments , Intel , Qualcomm",https://www.newyorktelegraph.com/news/266486721/iot-microcontrollers-market-is-thriving-worldwide--arm-texas-instruments-intel-qualcomm,newyorktelegraph.com,English,0.0,gdelt_gkg
INTC,2020-09-23,"Al Habtoor , Mobileye enter mobility solutions deal",http://tradearabia.com/news/MTR_373108.html,tradearabia.com,English,0.0,gdelt_gkg
INTC,2020-09-23,"Intel : Introduces IoT - Enhanced Processors to Increase Performance , AI , Security",https://www.marketscreener.com/quote/stock/INTEL-CORPORATION-4829/news/Intel-Introduces-IoT-Enhanced-Processors-to-Increase-Performance-AI-Security-31346901/,marketscreener.com,English,0.0,gdelt_gkg
INTC,2020-09-23,"INTC Upcoming Deadline Alert : Bronstein , Gewirtz & Grossman , LLC Reminds Intel Corporation Shareholders of Class Action and Encourages Investors to Contact the Firm",https://news.yahoo.com/intc-upcoming-deadline-alert-bronstein-150000523.html,news.yahoo.com,English,0.0,gdelt_gkg
INTC,2020-09-23,"INTC Upcoming Deadline Alert : Bronstein , Gewirtz & Grossman , LLC Reminds Intel Corporation Shareholders of Class Action and Encourages Investors to Contact the Firm",https://www.prnewswire.com/news-releases/intc-upcoming-deadline-alert-bronstein-gewirtz--grossman-llc-reminds-intel-corporation-shareholders-of-class-action-and-encourages-investors-to-contact-the-firm-301133759.html,prnewswire.com,English,0.0,gdelt_gkg
INTC,2020-09-23,"Cloud Radio Access Network ( C - RAN ) Market is Thriving Worldwide | Nokia , Cisco Systems , Samsung Electronics",https://www.sandiegosun.com/news/266486725/cloud-radio-access-network-c-ran-market-is-thriving-worldwide--nokia-cisco-systems-samsung-electronics,sandiegosun.com,English,0.0,gdelt_gkg
INTC,2020-09-23,"Al Habtoor , Mobileye enter mobility solutions deal",http://tradearabia.com/news/IT_373108.html,tradearabia.com,English,0.0,gdelt_gkg
INTC,2020-09-23,Supermicro is First - to - Market with NEBS Level 3 Certified 1U Serve,https://tass.com/press-releases/1204249,tass.com,English,0.0,gdelt_gkg
INTC,2020-09-23,"Intel Appoints Saf Yeboah - Amankwah as Senior VP , Chief Strategy Officer",http://ein.iconnect007.com/index.php/article/124597/intel-appoints-saf-yeboah-amankwah-as-senior-vp-chief-strategy-officer/124600/,ein.iconnect007.com,English,0.0,gdelt_gkg
INTC,2020-09-23,"IoT Microcontrollers Market is Thriving Worldwide | ARM , Texas Instruments , Intel , Qualcomm",https://www.texasguardian.com/news/266486721/iot-microcontrollers-market-is-thriving-worldwide--arm-texas-instruments-intel-qualcomm,texasguardian.com,English,0.0,gdelt_gkg
INTC,2020-09-23,KKR to invest $755 million in retail arm of India Reliance,https://www.gulftoday.ae/business/2020/09/23/kkr-to-invest-$755-million-in-retail-arm-of-india-reliance,gulftoday.ae,English,0.0,gdelt_gkg
INTC,2020-09-23,Global Semiconductor Packaging Industry,https://www.prnewswire.com:443/news-releases/global-semiconductor-packaging-industry-301136721.html,prnewswire.com,English,0.0,gdelt_gkg
INTC,2020-09-23,Global Semiconductor Packaging Industry,https://www.prnewswire.com/news-releases/global-semiconductor-packaging-industry-301136721.html,prnewswire.com,English,0.0,gdelt_gkg
INTC,2020-09-23,Gesture Recognition Market 2020 : Top Factors That Are Leading The Demand Around The Globe,http://www.comunicati.net/comunicati/aziende/informatica/information_technology/662759.html,comunicati.net,English,0.0,gdelt_gkg
INTC,2020-09-23,Huawei to Keep Up Deal with Qualcomm after License Approval,https://www.coinspeaker.com/huawei-qualcomm-trade-license/,coinspeaker.com,English,0.0,gdelt_gkg
INTC,2020-09-23,"Embedded Systems Market to Market Growth , Competitive Analysis , Future Prospects and Top Key Players xyzWitness Huge Growth by 2027",https://www.marketwatch.com/press-release/embedded-systems-market-to-market-growth-competitive-analysis-future-prospects-and-top-key-players-xyzwitness-huge-growth-by-2027-2020-09-23,marketwatch.com,English,0.0,gdelt_gkg
INTC,2020-09-23,"Israel Mobileye , Dubai Al Habtoor join hands on self - driving cars",https://www.msn.com/en-ae/news/other/israels-mobileye-dubais-al-habtoor-join-hands-on-self-driving-cars/ar-BB19lFxB,msn.com,English,0.0,gdelt_gkg
INTC,2020-09-23,Investorideas . com Newswire - AI Eye Episode 438 : Intel ( NasdaqGS : $INTC ) Introduces New IoT - Enhanced Processors and Accenture ( NYSE : $ACN ) to Acquire N3,http://www.investorideas.com/news/2020/artificial-intelligence/09231AIEye-INTC-ACN.asp,investorideas.com,English,0.0,gdelt_gkg
INTC,2020-09-23,"Cloud Radio Access Network ( C - RAN ) Market is Thriving Worldwide | Nokia , Cisco Systems , Samsung Electronics",https://www.texasguardian.com/news/266486725/cloud-radio-access-network-c-ran-market-is-thriving-worldwide--nokia-cisco-systems-samsung-electronics,texasguardian.com,English,0.0,gdelt_gkg
INTC,2020-09-23,"INTC Upcoming Deadline Alert : Bronstein , Gewirtz & Grossman , LLC Reminds Intel Corporation Shareholders of Class Action and Encourages Investors to Contact the Firm",https://www.prnewswire.com:443/news-releases/intc-upcoming-deadline-alert-bronstein-gewirtz--grossman-llc-reminds-intel-corporation-shareholders-of-class-action-and-encourages-investors-to-contact-the-firm-301133759.html,prnewswire.com,English,0.0,gdelt_gkg
INTC,2020-09-23,Location Based VR Market to achieve a highly promising CAGR of 15 . 25 % during 2019 to 2027,https://brazilbusiness.einnews.com/pr_news/526867045/location-based-vr-market-to-achieve-a-highly-promising-cagr-of-15-25-during-2019-to-2027,brazilbusiness.einnews.com,English,0.0,gdelt_gkg
INTC,2020-09-23,"The Dynamic Random Access Memory ( DRAM ) Market Report ( 2020 - 2027 ): Opportunities , Challenges , Strategies , Forecasts",https://www.texasguardian.com/news/266485957/the-dynamic-random-access-memory-dram-market-report-2020-2027-opportunities-challenges-strategies-forecasts,texasguardian.com,English,0.0,gdelt_gkg
INTC,2020-09-23,"Intel appoints Saf Yeboah - Amankwah as senior vice president , chief strategy officer",https://www.msn.com/en-xl/news/other/intel-appoints-saf-yeboah-amankwah-as-senior-vice-president-chief-strategy-officer/ar-BB19k42P,msn.com,English,0.0,gdelt_gkg
INTC,2020-09-23,Reducing hospital overcrowding with a wearable health - monitoring patch | Texas A & M University Engineering,https://engineering.tamu.edu/news/2020/09/reducing-hospital-overcrowding-with-a-wearable-health-monitoring-patch.html,engineering.tamu.edu,English,0.0,gdelt_gkg
INTC,2020-09-23,Extreme Ultraviolet Lithography Market Outlook Highlights Major Opportunities by 2020,https://brazilbusiness.einnews.com/pr_news/526796722/extreme-ultraviolet-lithography-market-outlook-highlights-major-opportunities-by-2020,brazilbusiness.einnews.com,English,0.0,gdelt_gkg
INTC,2020-09-23,Synbiotech และ Lonza ประกาศความร่วมมือพัฒนาและจำหน่ายโพรไบโอติก TWK10 ( R ) ,http://www.newswit.com/food/2020-09-23/4267c65295cc6ca79174f58d82c441bb/,newswit.com,Thai,0.0,gdelt_gkg
INTC,2020-09-23,"Xinhua world news summary at 0030 GMT , Sept . 23",https://www.arabherald.com/news/266481014/xinhua-world--summary-at-0030-gmt-sept-23,arabherald.com,English,0.0,gdelt_gkg
INTC,2020-09-23,"Xinhua world news summary at 0030 GMT , Sept . 23",https://www.middleeaststar.com/news/266481014/xinhua-world--summary-at-0030-gmt-sept-23,middleeaststar.com,English,0.0,gdelt_gkg
INTC,2020-09-23,"Xinhua world news summary at 0030 GMT , Sept . 23",https://www.iranherald.com/news/266481014/xinhua-world--summary-at-0030-gmt-sept-23,iranherald.com,English,0.0,gdelt_gkg
INTC,2020-09-23,"Neural Network Software Market Share , Future Strategies , Value ( USD Mn ) and Type | Google Inc , IBM Corporation , Microsoft Corporation",https://www.marketwatch.com/press-release/neural-network-software-market-share-future-strategies-valueusd-mn-and-type-google-inc-ibm-corporation-microsoft-corporation-2020-09-23,marketwatch.com,English,0.0,gdelt_gkg
INTC,2020-09-23,  ซัมซุง จับมือ  ลาซาด้า ส่งแคมเปญ  Super Brand Day,http://www.newswit.com/evnt/2020-09-23/126cb6d1f244d6e3c030cf49edbfbffd/,newswit.com,Thai,0.0,gdelt_gkg
INTC,2020-09-23,"Industrial IoT ( IIoT ) Market Size , Share anticipated to reach over $ 771 . 72 billion by 2026 - Industry News",https://www.marketwatch.com/press-release/industrial-iot-iiot-market-size-share-anticipated-to-reach-over-77172-billion-by-2026---industry-news-2020-09-23,marketwatch.com,English,0.0,gdelt_gkg
INTC,2020-09-23,Intel Appoints Saf Yeboah - Amankwah as Senior Vice President and Chief Strategy Officer,https://www.pressreleasepoint.com/intel-appoints-saf-yeboah-amankwah-senior-vice-president-and-chief-strategy-officer,pressreleasepoint.com,English,0.0,gdelt_gkg
INTC,2020-09-23,"Corporate clean power commitment unstoppable at Climate Week NYC , in spite of COVID - 19",https://www.theclimategroup.org/news/corporate-clean-power-commitment-unstoppable-climate-week-nyc-spite-covid-19,theclimategroup.org,English,0.0,gdelt_gkg
INTC,2020-09-23,"Global IoT Solution for Security Analytics Market Projection by Latest Technology , Opportunity , Application , Growth , Services , Project Revenue Analysis Report Forecast To 2026",https://www.newyorktelegraph.com/news/266485679/global-iot-solution-for-security-analytics-market-projection-by-latest-technology-opportunity-application-growth-services-project-revenue-analysis-report-forecast-to-2026,newyorktelegraph.com,English,0.0,gdelt_gkg
INTC,2020-09-23,Global Neuromorphic Computing Market Report 2019 with Analysis of COVID - 19 Impact,http://www.comunicati.net/comunicati/aziende/tecnologia/662672.html,comunicati.net,English,0.0,gdelt_gkg
INTC,2020-09-23,"The Dynamic Random Access Memory ( DRAM ) Market Report ( 2020 - 2027 ): Opportunities , Challenges , Strategies , Forecasts",https://www.newyorktelegraph.com/news/266485957/the-dynamic-random-access-memory-dram-market-report-2020-2027-opportunities-challenges-strategies-forecasts,newyorktelegraph.com,English,0.0,gdelt_gkg
INTC,2020-09-23,"Intel Editorial : Intel Fuels the Edge Today With Expanded Tech , Customer Deployments |",http://www.consumerelectronicsnet.com/intel-editorial-intel-fuels-the-edge-today-with-expanded-tech-customer-deployments/,consumerelectronicsnet.com,English,0.0,gdelt_gkg
INTC,2020-09-23,"The Dynamic Random Access Memory ( DRAM ) Market Report ( 2020 - 2027 ): Opportunities , Challenges , Strategies , Forecasts",https://www.sandiegosun.com/news/266485957/the-dynamic-random-access-memory-dram-market-report-2020-2027-opportunities-challenges-strategies-forecasts,sandiegosun.com,English,0.0,gdelt_gkg
INTC,2020-09-23,"Intel Editorial : Intel Fuels the Edge Today With Expanded Tech , Customer Deployments",https://www.businesswire.com/news/home/20200923005277/en/Intel-Editorial-Intel-Fuels-the-Edge-Today-With-Expanded-Tech-Customer-Deployments,businesswire.com,English,0.0,gdelt_gkg
INTC,2020-09-23,"Global IoT Solution for Security Analytics Market Projection by Latest Technology , Opportunity , Application , Growth , Services , Project Revenue Analysis Report Forecast To 2026",https://www.texasguardian.com/news/266485679/global-iot-solution-for-security-analytics-market-projection-by-latest-technology-opportunity-application-growth-services-project-revenue-analysis-report-forecast-to-2026,texasguardian.com,English,0.0,gdelt_gkg
INTC,2020-09-23,"Global IoT Solution for Security Analytics Market Projection by Latest Technology , Opportunity , Application , Growth , Services , Project Revenue Analysis Report Forecast To 2026",https://www.sandiegosun.com/news/266485679/global-iot-solution-for-security-analytics-market-projection-by-latest-technology-opportunity-application-growth-services-project-revenue-analysis-report-forecast-to-2026,sandiegosun.com,English,0.0,gdelt_gkg
INTC,2020-09-23,"Intel Introduces IoT - Enhanced Processors to Increase Performance , AI , Security |",http://www.consumerelectronicsnet.com/intel-introduces-iot-enhanced-processors-to-increase-performance-ai-security/,consumerelectronicsnet.com,English,0.0,gdelt_gkg
INTC,2020-09-24,"Ai In Computer Vision Market MAY SEE A BIG MOVE | Qualcomm Technologies , Inc ., Google LLC , Allied Vision Technologies GmbH",https://www.texasguardian.com/news/266494776/ai-in-computer-vision-market-may-see-a-big-move--qualcomm-technologies-inc-google-llc-allied-vision-technologies-gmbh,texasguardian.com,English,0.0,gdelt_gkg
INTC,2020-09-24,Deadline Reminder : The Law Offices of Howard G . Smith Reminds Investors of Looming Deadline in the Class Action Lawsuit Against Intel Corporation ( INTC ) ,https://www.prnewswire.com/news-releases/deadline-reminder-the-law-offices-of-howard-g-smith-reminds-investors-of-looming-deadline-in-the-class-action-lawsuit-against-intel-corporation-intc-301137683.html,prnewswire.com,English,0.0,gdelt_gkg
INTC,2020-09-24,"Intel Corporation ( NASDAQ : INTC ) - Here How Much Investing $1 , 000 In Intel At Dot - Com Bubble Peak Would Be Worth Today",https://www.benzinga.com/general/education/20/09/17606377/heres-how-much-investing-1-000-in-intel-at-dot-com-bubble-peak-would-be-worth-today,benzinga.com,English,0.0,gdelt_gkg
INTC,2020-09-24,"Cloud Computing In Industrial Iot Market MAY SEE A BIG MOVE | Ibm , Intel Corporation , Irootech , LosantIOT , Inc . ",https://www.sandiegosun.com/news/266496050/cloud-computing-in-industrial-iot-market-may-see-a-big-move--ibm-intel-corporation-irootech-losantiot-inc,sandiegosun.com,English,0.0,gdelt_gkg
INTC,2020-09-24,"Cloud Computing In Industrial Iot Market MAY SEE A BIG MOVE | Ibm , Intel Corporation , Irootech , LosantIOT , Inc . ",https://www.texasguardian.com/news/266496050/cloud-computing-in-industrial-iot-market-may-see-a-big-move--ibm-intel-corporation-irootech-losantiot-inc,texasguardian.com,English,0.0,gdelt_gkg
INTC,2020-09-24,Intel Mobileye Ups Game in ADAS Space With Geely Alliance,https://news.yahoo.com/intels-mobileye-ups-game-adas-151803235.html,news.yahoo.com,English,0.0,gdelt_gkg
INTC,2020-09-24,OWC Introduces Mercury Pro LTO Solution Making Archiving Seamless,https://www.prnewswire.com/news-releases/owc-introduces-mercury-pro-lto-solution-making-archiving-seamless-301137671.html,prnewswire.com,English,0.0,gdelt_gkg
INTC,2020-09-24,Cloud Radio Access Network ( C - RAN ) Market 2020 : Advanced Technologies & Growth Opportunities In Global Industry By 2027,http://www.comunicati.net/comunicati/aziende/informatica/information_technology/663023.html,comunicati.net,English,0.0,gdelt_gkg
INTC,2020-09-24,OWC Introduces Mercury Pro LTO Solution Making Archiving Seamless,https://www.prnewswire.com:443/news-releases/owc-introduces-mercury-pro-lto-solution-making-archiving-seamless-301137671.html,prnewswire.com,English,0.0,gdelt_gkg
INTC,2020-09-24,"Cloud Computing In Industrial Iot Market MAY SEE A BIG MOVE | Ibm , Intel Corporation , Irootech , LosantIOT , Inc . ",https://www.newyorktelegraph.com/news/266496050/cloud-computing-in-industrial-iot-market-may-see-a-big-move--ibm-intel-corporation-irootech-losantiot-inc,newyorktelegraph.com,English,0.0,gdelt_gkg
INTC,2020-09-24,Mobile Edge Computing ( MEC ) Market is Booming Industry in Upcoming Years Due To Global Demand,http://www.comunicati.net/comunicati/aziende/informatica/information_technology/663007.html,comunicati.net,English,0.0,gdelt_gkg
INTC,2020-09-24,"Here How Much Investing $1 , 000 In Intel At Dot - Com Bubble Peak Would Be Worth Today",https://finance.yahoo.com/news/heres-much-investing-1-000-142048982.html,finance.yahoo.com,English,0.0,gdelt_gkg
INTC,2020-09-24,Newswire & Press Release / Kontron COM Express® and SMARC Module with Next Generation Low - power Intel Atom Processors - Electronics / Instrumentation / RFID - Kontron – Member of the S & T Group,https://www.newswiretoday.com/news/173759/,newswiretoday.com,English,0.0,gdelt_gkg
INTC,2020-09-24,"Ai In Computer Vision Market MAY SEE A BIG MOVE | Qualcomm Technologies , Inc ., Google LLC , Allied Vision Technologies GmbH",https://www.sandiegosun.com/news/266494776/ai-in-computer-vision-market-may-see-a-big-move--qualcomm-technologies-inc-google-llc-allied-vision-technologies-gmbh,sandiegosun.com,English,0.0,gdelt_gkg
INTC,2020-09-24,Deadline Reminder : The Law Offices of Howard G . Smith Reminds Investors of Looming Deadline in the Class Action Lawsuit Against Intel Corporation ( INTC ) ,https://www.prnewswire.com:443/news-releases/deadline-reminder-the-law-offices-of-howard-g-smith-reminds-investors-of-looming-deadline-in-the-class-action-lawsuit-against-intel-corporation-intc-301137683.html,prnewswire.com,English,0.0,gdelt_gkg
INTC,2020-09-24,"Application Specific Integrated Circuit Market Enhancement , Latest Trends , Growth and Opportunity during 2020 to 2026",https://www.marketwatch.com/press-release/application-specific-integrated-circuit-market-enhancement-latest-trends-growth-and-opportunity-during-2020-to-2026-2020-09-24,marketwatch.com,English,0.0,gdelt_gkg
INTC,2020-09-24,The AI ( chipsets ) market is projected to grow at a CAGR of 40 . 1 % from 2020 to 2026 - Press Release,http://www.digitaljournal.com/pr/4817324,digitaljournal.com,English,0.0,gdelt_gkg
INTC,2020-09-24,"Hadoop Big Data Analytics Market Competitive Vendors , Regional Analysis and Growth Drivers | ATOS SE , Cray Inc , IBM Corporation",https://www.marketwatch.com/press-release/hadoop-big-data-analytics-market-competitive-vendors-regional-analysis-and-growth-drivers-atos-se-cray-inc-ibm-corporation-2020-09-24,marketwatch.com,English,0.0,gdelt_gkg
INTC,2020-09-24,Dubai Al Habtoor and Israel Mobileye partner on self - driving cars,https://www.zawya.com/mena/en/business/story/Dubais_Al_Habtoor_and_Israels_Mobileye_partner_on_selfdriving_cars-SNG_185357893/,zawya.com,English,0.0,gdelt_gkg
INTC,2020-09-24, ( 2020 - 2030 ) Refractive Surgery Devices And Equipment Market,https://www.openpr.com/news/2141222/2020-2030-refractive-surgery-devices-and-equipment-market,openpr.com,English,0.0,gdelt_gkg
INTC,2020-09-24,"UAE , Israeli Firms Team up to Roll Out Self - Driving Cars",https://www.albawaba.com/business/uae-israeli-firms-team-roll-out-self-driving-cars-1382580,albawaba.com,English,0.0,gdelt_gkg
INTC,2020-09-24,เอไอเอส ควง มศว . เปิด AIS PLAYGROUND @ SWU แหล่งเพาะเมล็ดพันธุ์นวัตกรรุ่นใหม่,http://www.newswit.com/it/2020-09-24/06680f34f0ee35bd03ab89ea49ef332f/,newswit.com,Thai,0.0,gdelt_gkg
INTC,2020-09-24,"Laptop Accessories Market Latest Advancements , Trends and Huge Business Opportunities 2020 to 2025",https://markets.financialcontent.com/stocks/news/read/40435246/laptop_accessories_market_latest_advancements,markets.financialcontent.com,English,0.0,gdelt_gkg
INTC,2020-09-24,"Newswire & Press Release / Kontron Deploys 11th Gen Intel Core Processors on COM Express® Modules , 3U VPX Blades and 3 . 5  SBC - Electronics / Instrumentation / RFID - Kontron – Member of the S & T Group",https://www.newswiretoday.com/news/173744/Kontron-Deploys-11th-Gen-Intel-Core-Processors-on-COM-Express-Modules-3U-VPX-Blades-and-3.5-SBC/,newswiretoday.com,English,0.0,gdelt_gkg
INTC,2020-09-24,"Newswire & Press Release / Kontron Deploys 11th Gen Intel Core Processors on COM Express® Modules , 3U VPX Blades and 3 . 5  SBC - Electronics / Instrumentation / RFID - Kontron – Member of the S & T Group",https://www.newswiretoday.com/news/173744/,newswiretoday.com,English,0.0,gdelt_gkg
INTC,2020-09-24,Random Access Memory ( RAM ) Memory Device Market 2020 Global Analysis & Forecast to 2026 Market Research Report,https://www.texasguardian.com/news/266494477/random-access-memory-ram-memory-device-market-2020-global-analysis--forecast-to-2026-market-research-report,texasguardian.com,English,0.0,gdelt_gkg
INTC,2020-09-24,Random Access Memory ( RAM ) Memory Device Market 2020 Global Analysis & Forecast to 2026 Market Research Report,https://www.sandiegosun.com/news/266494477/random-access-memory-ram-memory-device-market-2020-global-analysis--forecast-to-2026-market-research-report,sandiegosun.com,English,0.0,gdelt_gkg
INTC,2020-09-24,Random Access Memory ( RAM ) Memory Device Market 2020 Global Analysis & Forecast to 2026 Market Research Report,https://www.newyorktelegraph.com/news/266494477/random-access-memory-ram-memory-device-market-2020-global-analysis--forecast-to-2026-market-research-report,newyorktelegraph.com,English,0.0,gdelt_gkg
INTC,2020-09-24,Intelligent Virtual Assistant Market is Witnessing Notable,https://www.openpr.com/news/2141708/intelligent-virtual-assistant-market-is-witnessing-notable,openpr.com,English,0.0,gdelt_gkg
INTC,2020-09-24,"Ai In Computer Vision Market MAY SEE A BIG MOVE | Qualcomm Technologies , Inc ., Google LLC , Allied Vision Technologies GmbH",https://www.newyorktelegraph.com/news/266494776/ai-in-computer-vision-market-may-see-a-big-move--qualcomm-technologies-inc-google-llc-allied-vision-technologies-gmbh,newyorktelegraph.com,English,0.0,gdelt_gkg
INTC,2020-09-24,"Global Spin Electronics Market 2020 Analytical Assessment , Key Drivers , Growth and Opportunities to 2025",https://www.marketwatch.com/press-release/global-spin-electronics-market-2020-analytical-assessment-key-drivers-growth-and-opportunities-to-2025-2020-09-23,marketwatch.com,English,0.0,gdelt_gkg
INTC,2020-09-24,"Global Spin Diodes Market 2020 by Key Players , Regions , Type and Application , Forecast to 2025",https://www.marketwatch.com/press-release/global-spin-diodes-market-2020-by-key-players-regions-type-and-application-forecast-to-2025-2020-09-23,marketwatch.com,English,0.0,gdelt_gkg
INTC,2020-09-24,"Supermicro is First - to - Market with NEBS Level 3 Certified 1U Server -- Delivers 2 , 560 NVIDIA GPU Cores for 5G Edge AI & VR Innovation",https://www.pressreleasepoint.com/supermicro-first-market-nebs-level-3-certified-1u-server-delivers-2560-nvidia-gpu-cores-5g-edge-ai,pressreleasepoint.com,English,0.0,gdelt_gkg
INTC,2020-09-25,SMTC Corporation COO Appointed to the AME Board,http://smt.iconnect007.com/index.php/article/124630/smtc-corporation-coo-appointed-to-the-ame-board/124633/,smt.iconnect007.com,English,0.0,gdelt_gkg
INTC,2020-09-25,Construction Underway in Central Arizona on 100 - Megawatt East Line Solar Plant,https://tucson.com/business/construction-underway-in-central-arizona-on-100-megawatt-east-line-solar-plant/article_8253e781-c13c-5c8e-94bc-58b792666e2a.html,tucson.com,English,0.0,gdelt_gkg
INTC,2020-09-25,sPower has announced construction is underway on East Line Solar,https://www.energyglobal.com/solar/25092020/spower-has-announced-construction-is-underway-on-east-line-solar/,energyglobal.com,English,0.0,gdelt_gkg
INTC,2020-09-25,"Stadium Access Control Systems Market to Experience Significant Downturn amid COVID - 19 , Projects KDMI",https://www.marketwatch.com/press-release/stadium-access-control-systems-market-to-experience-significant-downturn-amid-covid-19-projects-kdmi-2020-09-25,marketwatch.com,English,0.0,gdelt_gkg
INTC,2020-09-25,"First stop : Climate commitments . Next stop : Climate action ? | A Green Living Blog - Go Green , Green Home , Green Energy",http://agreenliving.org/first-stop-climate-commitments-next-stop-climate-action/,agreenliving.org,English,0.0,gdelt_gkg
INTC,2020-09-25,COVID - 19 to Have Significant Effect on Worldwide Adoption of Body Area Network Market,https://brazilbusiness.einnews.com/pr_news/527025754/covid-19-to-have-significant-effect-on-worldwide-adoption-of-body-area-network-market,brazilbusiness.einnews.com,English,0.0,gdelt_gkg
INTC,2020-09-25,"Online Fitness Market growth predicted at 30 % through 2026 : Global Market Insights , Inc . – Padovanews",http://www.padovanews.it/2020/09/25/online-fitness-market-growth-predicted-at-30-through-2026-global-market-insights-inc/,padovanews.it,English,0.0,gdelt_gkg
INTC,2020-09-25,Newswire & Press Release / Kontron COM Express® and SMARC Module with Next Generation Low - power Intel Atom Processors - Electronics / Instrumentation / RFID - Kontron – Member of the S & T Group,https://www.newswiretoday.com/news/173759/Kontron-COM-Express-and-SMARC-Module-with-Next-Generation-Low-power-Intel-Atom-Processors/,newswiretoday.com,English,0.0,gdelt_gkg
INTC,2020-09-25,เทคโนโลยีการแพทย์ สังคมสูงวัย โอกาสและความท้าทายในโลกการศึกษา,http://www.newswit.com/food/2020-09-25/628615a00a30c86719b0fa71f2c8e12d/,newswit.com,Thai,0.0,gdelt_gkg
INTC,2020-09-25,Construction Underway in Central Arizona on 100 - Megawatt East Line Solar Plant |,http://business.itbusinessnet.com/2020/09/construction-underway-in-central-arizona-on-100-megawatt-east-line-solar-plant/,business.itbusinessnet.com,English,0.0,gdelt_gkg
INTC,2020-09-25,Construction Underway in Central Arizona on 100 - Megawatt East Line Solar Plant,https://www.benzinga.com/pressreleases/20/09/b17649952/construction-underway-in-central-arizona-on-100-megawatt-east-line-solar-plant,benzinga.com,English,0.0,gdelt_gkg
INTC,2020-09-25,Wireless Sensor Network ( WSN ） Market - 2025 : Exclusive Analysis of Key Driving and Restraining Factors,https://www.marketwatch.com/press-release/wireless-sensor-network-wsnmarket---2025-exclusive-analysis-of-key-driving-and-restraining-factors-2020-09-25,marketwatch.com,English,0.0,gdelt_gkg
INTC,2020-09-25,Artificial Intelligence ( AI ) in Healthcare Market Size to accrue $ 4757 . 5 million by 2025,https://www.marketwatch.com/press-release/artificial-intelligence-ai-in-healthcare-market-size-to-accrue-47575-million-by-2025-2020-09-25,marketwatch.com,English,0.0,gdelt_gkg
INTC,2020-09-26,Precision Medicine Market Growing Trends and Demands Analysis forecast 2020 to 2026,https://www.marketwatch.com/press-release/precision-medicine-market-growing-trends-and-demands-analysis-forecast-2020-to-2026-2020-09-26,marketwatch.com,English,0.0,gdelt_gkg
INTC,2020-09-26,Webinar : Turning the Tide for Semiconductor Manufacturing in the U . S . ,https://www.semiconductors.org/events/webinar-turning-the-tide-strengthening-the-u-s-position-in-semiconductor-manufacturing/,semiconductors.org,English,0.0,gdelt_gkg
INTC,2020-09-26,"Europe Embedded System Market 2020 Key Players , Industry Size , Share , Segmentation , Comprehensive Analysis And Forecast By 2025",https://www.marketwatch.com/press-release/europe-embedded-system-market-2020-key-players-industry-size-share-segmentation-comprehensive-analysis-and-forecast-by-2025-2020-09-25,marketwatch.com,English,0.0,gdelt_gkg
INTC,2020-09-27,Resistive Load Bank Market To Witness Excellent Growth,https://www.openpr.com/news/2143710/resistive-load-bank-market-to-witness-excellent-growth-current,openpr.com,English,0.0,gdelt_gkg
INTC,2020-09-27,BDO hires Marla Garin - Alvarez from Thomson Reuters to head sustainability reporting,https://www.eco-business.com/news/bdo-hires-marla-garin-alvarez-from-thomson-reuters-to-head-sustainability-reporting/,eco-business.com,English,0.0,gdelt_gkg
INTC,2020-09-27,MEED | Al - Habtoor signs deal with Israeli technology firm,https://www.meed.com/al-habtoor-signs-deal-with-israeli-technology-firm,meed.com,English,0.0,gdelt_gkg
INTC,2020-09-27,"Industrial Internet of Things Market overview 2020 , In - depth analysis with Impact of COVID - 19 , Types , Opportunities , Revenue and Forecast 2026",https://www.marketwatch.com/press-release/industrial-internet-of-things-market-overview-2020-in-depth-analysis-with-impact-of-covid-19-types-opportunities-revenue-and-forecast-2026-2020-09-25,marketwatch.com,English,0.0,gdelt_gkg
INTC,2020-09-27,"Global Field - Programmable Gate Array ( FPGA ) Market 2020 Industry Analysis , Key Drivers , Business Strategy , Opportunities and Forecast to 2025",https://www.marketwatch.com/press-release/global-field-programmable-gate-array-fpga-market-2020-industry-analysis-key-drivers-business-strategy-opportunities-and-forecast-to-2025-2020-09-27,marketwatch.com,English,0.0,gdelt_gkg
INTC,2020-09-28,Software Defined Perimeter Market is set to reach a market value of US$ 41 . 1 Bn by 2030,https://brazilbusiness.einnews.com/pr_news/527207663/software-defined-perimeter-market-is-set-to-reach-a-market-value-of-us-41-1-bn-by-2030,brazilbusiness.einnews.com,English,0.0,gdelt_gkg
INTC,2020-09-28,NVIDIA Arm Deal Might Be Rejected By Chinese Officials Believes Local Academic,https://wccftech.com/nvidia-arm-deal-chinese-officials-academic/,wccftech.com,English,0.0,gdelt_gkg
INTC,2020-09-28,"Global Vibration Sensor Market By Technology , By Type , By Material , By End User , By Region , Industry Analysis and Forecast , 2020 - 2026",https://www.marketwatch.com/press-release/global-vibration-sensor-market-by-technology-by-type-by-material-by-end-user-by-region-industry-analysis-and-forecast-2020---2026-2020-09-28,marketwatch.com,English,0.0,gdelt_gkg
INTC,2020-09-28,"Global Vibration Sensor Market By Technology , By Type , By Material , By End User , By Region , Industry Analysis and Forecast , 2020",https://www.prnewswire.com:443/news-releases/global-vibration-sensor-market-by-technology-by-type-by-material-by-end-user-by-region-industry-analysis-and-forecast-2020---2026-301138900.html,prnewswire.com,English,0.0,gdelt_gkg
INTC,2020-09-28,"Global Internet of Things ( IoT ) Security Market 2020 Industry Analysis by Key Players , Product Type , Application , Regions and Forecast to 2025",https://www.marketwatch.com/press-release/global-internet-of-things-iot-security-market-2020-industry-analysis-by-key-players-product-type-application-regions-and-forecast-to-2025-2020-09-28,marketwatch.com,English,0.0,gdelt_gkg
INTC,2020-09-28,Construction begins on solar plant in Arizona to support Intel facility,https://dailyenergyinsider.com/news/27315-construction-begins-on-solar-plant-in-arizona-to-support-intels-facility/,dailyenergyinsider.com,English,0.0,gdelt_gkg
INTC,2020-09-28,"Industrial IoT ( IIOT ) Market – Industry Outlook by Drivers , Restraints , market demands , And forecast 2020 - 2026",https://www.marketwatch.com/press-release/industrial-iot-iiot-market-industry-outlook-by-drivers-restraints-market-demands-and-forecast-2020-2026-2020-09-28,marketwatch.com,English,0.0,gdelt_gkg
INTC,2020-09-28,"Global Intelligent Automation in Aerospace and Defence Market 2020 Industry Outlook , Comprehensive Insights , Growth and Forecast 2025",https://www.texasguardian.com/news/266531995/global-intelligent-automation-in-aerospace-and-defence-market-2020-industry-outlook-comprehensive-insights-growth-and-forecast-2025,texasguardian.com,English,0.0,gdelt_gkg
INTC,2020-09-28,"Global Intelligent Automation in Aerospace and Defence Market 2020 Industry Outlook , Comprehensive Insights , Growth and Forecast 2025",https://www.newyorktelegraph.com/news/266531995/global-intelligent-automation-in-aerospace-and-defence-market-2020-industry-outlook-comprehensive-insights-growth-and-forecast-2025,newyorktelegraph.com,English,0.0,gdelt_gkg
INTC,2020-09-28,"Global Intelligent Automation in Aerospace and Defence Market 2020 Industry Outlook , Comprehensive Insights , Growth and Forecast 2025",https://www.sandiegosun.com/news/266531995/global-intelligent-automation-in-aerospace-and-defence-market-2020-industry-outlook-comprehensive-insights-growth-and-forecast-2025,sandiegosun.com,English,0.0,gdelt_gkg
INTC,2020-09-28,"Healthcare IOT Security Market Global Trends , Market Share , Industry Size , Growth , Opportunities and Market Forecast 2020 to 2027",https://www.marketwatch.com/press-release/healthcare-iot-security-market-global-trends-market-share-industry-size-growth-opportunities-and-market-forecast-2020-to-2027-2020-09-28,marketwatch.com,English,0.0,gdelt_gkg
INTC,2020-09-29,"Cloud Identity And Access Management ( IAM ) Market 2020 : Discovers The Opportunities , Trends , Risk , Simulation , Management To 2025",https://www.texasguardian.com/news/266545689/cloud-identity-and-access-management-iam-market-2020--discovers-the-opportunitiestrendsrisksimulationmanagement-to-2025,texasguardian.com,English,0.0,gdelt_gkg
INTC,2020-09-29,Impact of COVID - 19 Pandemic on Internet of Things ( IoT ) in Logistics Market Growth 2020,https://brazilbusiness.einnews.com/pr_news/527290885/impact-of-covid-19-pandemic-on-internet-of-things-iot-in-logistics-market-growth-2020,brazilbusiness.einnews.com,English,0.0,gdelt_gkg
INTC,2020-09-29,"Image Recognition in Retail Market May Set New Growth Story | IBM , AWS , Google , Microsoft",https://www.newyorktelegraph.com/news/266545617/image-recognition-in-retail-market-may-set-new-growth-story--ibm-aws-google-microsoft,newyorktelegraph.com,English,0.0,gdelt_gkg
INTC,2020-09-29,"Big Data in Smart Cities Market May See a Big Move | Cisco Systems , Schneider Electric , IBM",https://www.newyorktelegraph.com/news/266545612/big-data-in-smart-cities-market-may-see-a-big-move--cisco-systems-schneider-electric-ibm,newyorktelegraph.com,English,0.0,gdelt_gkg
INTC,2020-09-29,"Cloud Identity And Access Management ( IAM ) Market 2020 : Discovers The Opportunities , Trends , Risk , Simulation , Management To 2025",https://www.newyorktelegraph.com/news/266545689/cloud-identity-and-access-management-iam-market-2020--discovers-the-opportunitiestrendsrisksimulationmanagement-to-2025,newyorktelegraph.com,English,0.0,gdelt_gkg
INTC,2020-09-29,"Global Electronic PC Accessories Market 2020 Comprehensive Analysis , Future Estimations , Growth Drivers and Forecast to 2025",https://www.marketwatch.com/press-release/global-electronic-pc-accessories-market-2020-comprehensive-analysis-future-estimations-growth-drivers-and-forecast-to-2025-2020-09-29,marketwatch.com,English,0.0,gdelt_gkg
INTC,2020-09-29,Intel invests in Israeli co Lightbit Labs,https://en.globes.co.il/en/article-intel-invests-in-israeli-co-lightbit-labs-1001344006,en.globes.co.il,English,0.0,gdelt_gkg
INTC,2020-09-29,"Global Wireless Connectivity Market 2020 Future Trend , Business Strategies , Revenue Value , Comprehensive Analysis and Forecast by 2025",https://www.marketwatch.com/press-release/global-wireless-connectivity-market-2020-future-trend-business-strategies-revenue-value-comprehensive-analysis-and-forecast-by-2025-2020-09-29,marketwatch.com,English,0.0,gdelt_gkg
INTC,2020-09-29,"5G in Telemedicine Market Critical Analysis With Expert Opinion : GlobalMed , Medtronic , Koninklijke Philips",https://www.sandiegosun.com/news/266548461/5g-in-telemedicine-market-critical-analysis-with-expert-opinion--globalmed-medtronic-koninklijke-philips,sandiegosun.com,English,0.0,gdelt_gkg
INTC,2020-09-29,Network Function Virtualization Market - Growth and Recent Trends by Forecast to 2022,https://www.briefingwire.com/pr/network-function-virtualization-market-growth-and-recent-trends-by-forecast-to-2022,briefingwire.com,English,0.0,gdelt_gkg
INTC,2020-09-29,"Artificial Intelligence In Healthcare Market Growth , Leading Players and Forecast To 2025",https://www.marketwatch.com/press-release/artificial-intelligence-in-healthcare-market-growth-leading-players-and-forecast-to-2025-2020-09-29,marketwatch.com,English,0.0,gdelt_gkg
INTC,2020-09-29,"Intelligent Platform Management Interface Market - Size , Segments , Emerging Technologies till 2023",https://www.briefingwire.com/pr/intelligent-platform-management-interface-market-size-segments-emerging-technologies-till-2023,briefingwire.com,English,0.0,gdelt_gkg
INTC,2020-09-29,IoT Monetization Market Analysis & Forecast For Next 5 Years,http://www.sbwire.com/press-releases/iot-monetization-market-3-bold-projections-for-2020-emerging-players-amdocs-thales-zuora-ptc-1306852.htm,sbwire.com,English,0.0,gdelt_gkg
INTC,2020-09-29,"Cloud Identity And Access Management ( IAM ) Market 2020 : Discovers The Opportunities , Trends , Risk , Simulation , Management To 2025",https://www.sandiegosun.com/news/266545689/cloud-identity-and-access-management-iam-market-2020--discovers-the-opportunitiestrendsrisksimulationmanagement-to-2025,sandiegosun.com,English,0.0,gdelt_gkg
INTC,2020-09-29,"Wal - Mart Stores , Inc . ( NYSE : WMT ), Amazon . com , Inc . ( NASDAQ : AMZN ) - Walmart Looks To Invest Up To $25B In Tata India Retail App , As Other US Giants Rush To Rival : Report",https://www.benzinga.com/news/20/09/17689484/walmart-looks-to-invest-up-to-25b-in-tatas-india-retail-app-as-other-us-giants-rush-to-rival-report,benzinga.com,English,0.0,gdelt_gkg
INTC,2020-09-29,"Time - Sensitive Networking Market Share 2020 : Top Manufacturers , Industry Size , Regional Analysis , Types and Applications and Forecasts to 2026",https://www.marketwatch.com/press-release/time-sensitive-networking-market-share-2020-top-manufacturers-industry-size-regional-analysis-types-and-applications-and-forecasts-to-2026-2020-09-29,marketwatch.com,English,0.0,gdelt_gkg
INTC,2020-09-29,"Artificial Intelligence ( AI ) Chipsets Market Share – Industry Analysis , Size , Growth , Trends , Top Key Players and Regional Forecast 2020 - 2026",https://www.marketwatch.com/press-release/artificial-intelligence-ai-chipsets-market-share-industry-analysis-size-growth-trends-top-key-players-and-regional-forecast-2020-2026-2020-09-29,marketwatch.com,English,0.0,gdelt_gkg
INTC,2020-09-29,Construction begins on 100 - MW solar plant in Arizona - Renewable Energy World,https://www.renewableenergyworld.com/2020/09/29/construction-begins-on-100-mw-solar-plant-in-arizona/,renewableenergyworld.com,English,0.0,gdelt_gkg
INTC,2020-09-29,Global Drones Market to Witness the Highest Growth Globally in Coming Years 2020 - 2025,https://www.marketwatch.com/press-release/global-drones-market-to-witness-the-highest-growth-globally-in-coming-years-2020-2025-2020-09-29,marketwatch.com,English,0.0,gdelt_gkg
INTC,2020-09-29,"ProtocolNow Chooses Tech Leader , Pankaj Likhmania as Chief Information Officer",https://www.prnewswire.com:443/news-releases/protocolnow-chooses-tech-leader-pankaj-likhmania-as-chief-information-officer-301139975.html,prnewswire.com,English,0.0,gdelt_gkg
INTC,2020-09-29,"Big Data in Smart Cities Market May See a Big Move | Cisco Systems , Schneider Electric , IBM",https://www.sandiegosun.com/news/266545612/big-data-in-smart-cities-market-may-see-a-big-move--cisco-systems-schneider-electric-ibm,sandiegosun.com,English,0.0,gdelt_gkg
INTC,2020-09-29,Miracast Wireless Display Market Is Expected To Witnessing Market Growth At A Rate Of 10 . 50 % In The Forecast Period Of 2020 To 2027,https://www.marketwatch.com/press-release/miracast-wireless-display-market-is-expected-to-witnessing-market-growth-at-a-rate-of-1050-in-the-forecast-period-of-2020-to-2027-2020-09-29,marketwatch.com,English,0.0,gdelt_gkg
INTC,2020-09-29,"ProtocolNow Chooses Tech Leader , Pankaj Likhmania as Chief Information Officer",https://www.prnewswire.com/news-releases/protocolnow-chooses-tech-leader-pankaj-likhmania-as-chief-information-officer-301139975.html,prnewswire.com,English,0.0,gdelt_gkg
INTC,2020-09-29,"Image Recognition in Retail Market May Set New Growth Story | IBM , AWS , Google , Microsoft",https://www.texasguardian.com/news/266545617/image-recognition-in-retail-market-may-set-new-growth-story--ibm-aws-google-microsoft,texasguardian.com,English,0.0,gdelt_gkg
INTC,2020-09-29,"Big Data in Smart Cities Market May See a Big Move | Cisco Systems , Schneider Electric , IBM",https://www.texasguardian.com/news/266545612/big-data-in-smart-cities-market-may-see-a-big-move--cisco-systems-schneider-electric-ibm,texasguardian.com,English,0.0,gdelt_gkg
INTC,2020-09-29,"Image Recognition in Retail Market May Set New Growth Story | IBM , AWS , Google , Microsoft",https://www.sandiegosun.com/news/266545617/image-recognition-in-retail-market-may-set-new-growth-story--ibm-aws-google-microsoft,sandiegosun.com,English,0.0,gdelt_gkg
INTC,2020-09-29,Cloud Gaming Market Analysis and Forecasts by Service Key,https://www.openpr.com/news/2146128/cloud-gaming-market-analysis-and-forecasts-by-service-key,openpr.com,English,0.0,gdelt_gkg
INTC,2020-09-30,Surface Book 3 and Pro 7 get long lists of driver and firmware updates,https://www.neowin.net/news/surface-book-3-and-pro-7-get-long-lists-of-driver-and-firmware-updates,neowin.net,English,0.0,gdelt_gkg
INTC,2020-09-30,"At 24 . 73 % CAGR , 3D Sensor Market Size to Surpass USD 7221 . 75 Million by 2025",https://www.marketwatch.com/press-release/at-2473-cagr-3d-sensor-market-size-to-surpass-usd-722175-million-by-2025-2020-09-30,marketwatch.com,English,0.0,gdelt_gkg
INTC,2020-09-30,The global silicon photonics market accounted for $520 . 0 million in 2019 and is expected to reach $3 . 07 billion by 2025,https://www.cnweekly.com/news/state/the-global-silicon-photonics-market-accounted-for-520-0-million-in-2019-and-is-expected/article_5dd4d606-2bca-585b-be74-bd10127c7b24.html,cnweekly.com,English,0.0,gdelt_gkg
INTC,2020-09-30,The global silicon photonics market accounted for $520 . 0 million in 2019 and is expected to reach $3 . 07 billion by 2025,https://www.marketwatch.com/press-release/the-global-silicon-photonics-market-accounted-for-5200-million-in-2019-and-is-expected-to-reach-307-billion-by-2025-2020-09-30,marketwatch.com,English,0.0,gdelt_gkg
INTC,2020-09-30,Artificial Intelligence in Medicine Market - What the Buzz And How Is It Revolutionizing the Medicine Market,https://www.texasguardian.com/news/266556010/artificial-intelligence-in-medicine-market---whats-the-buzz-and-how-is-it-revolutionizing-the-medicine-market,texasguardian.com,English,0.0,gdelt_gkg
INTC,2020-09-30,"Cloud Computing in Industrial IOT Market Drives Future Change | Ibm , Intel Corporation , Irootech , LosantIOT , Inc ., Microsoft Corporation",https://www.texasguardian.com/news/266555998/cloud-computing-in-industrial-iot-market-drives-future-change--ibm-intel-corporation-irootech-losantiot-inc-microsoft-corporation,texasguardian.com,English,0.0,gdelt_gkg
INTC,2020-09-30,Artificial Intelligence in Medicine Market - What the Buzz And How Is It Revolutionizing the Medicine Market,https://www.newyorktelegraph.com/news/266556010/artificial-intelligence-in-medicine-market---whats-the-buzz-and-how-is-it-revolutionizing-the-medicine-market,newyorktelegraph.com,English,0.0,gdelt_gkg
INTC,2020-09-30,"Cloud Computing in Industrial IOT Market Drives Future Change | Ibm , Intel Corporation , Irootech , LosantIOT , Inc ., Microsoft Corporation",https://www.newyorktelegraph.com/news/266555998/cloud-computing-in-industrial-iot-market-drives-future-change--ibm-intel-corporation-irootech-losantiot-inc-microsoft-corporation,newyorktelegraph.com,English,0.0,gdelt_gkg
INTC,2020-09-30,Artificial Intelligence in Medicine Market - What the Buzz And How Is It Revolutionizing the Medicine Market,https://www.sandiegosun.com/news/266556010/artificial-intelligence-in-medicine-market---whats-the-buzz-and-how-is-it-revolutionizing-the-medicine-market,sandiegosun.com,English,0.0,gdelt_gkg
INTC,2020-09-30,CyberSecurity Market 2020 Receives a Rapid Boost in Economy due to High Emerging Demands by Forecast to 2025,https://www.marketwatch.com/press-release/cybersecurity-market-2020-receives-a-rapid-boost-in-economy-due-to-high-emerging-demands-by-forecast-to-2025-2020-09-30,marketwatch.com,English,0.0,gdelt_gkg
INTC,2020-09-30,"Cloud Computing in Industrial IOT Market Drives Future Change | Ibm , Intel Corporation , Irootech , LosantIOT , Inc ., Microsoft Corporation",https://www.sandiegosun.com/news/266555998/cloud-computing-in-industrial-iot-market-drives-future-change--ibm-intel-corporation-irootech-losantiot-inc-microsoft-corporation,sandiegosun.com,English,0.0,gdelt_gkg
INTC,2020-09-30,The Battery Show & EV Tech Digital Days Announces First Wave of Globally Renowned Speakers,https://omaha.com/business/markets/the-battery-show-ev-tech-digital-days-announces-first-wave-of-globally-renowned-speakers/article_647c4418-2ae1-5c29-89aa-dbdfd190a68b.html,omaha.com,English,0.0,gdelt_gkg
INTC,2020-09-30,5G Chipset Market Worth $23 . 5 Billion by 2027| The growing demand for high - speed data services to propel market growth . ,https://www.marketwatch.com/press-release/5g-chipset-market-worth-235-billion-by-2027-the-growing-demand-for-high-speed-data-services-to-propel-market-growth-2020-09-30,marketwatch.com,English,0.0,gdelt_gkg
INTC,2020-09-30,"5G in Telemedicine Market Critical Analysis With Expert Opinion : GlobalMed , Medtronic , Koninklijke Philips",https://www.texasguardian.com/news/266548461/5g-in-telemedicine-market-critical-analysis-with-expert-opinion--globalmed-medtronic-koninklijke-philips,texasguardian.com,English,0.0,gdelt_gkg
INTC,2020-09-30,"Security Orchestration Market Competitive Landscape , Reckoned Growth Study , Trends and Threats | Tufin , FireEye Inc , Swimlane LLC",https://www.marketwatch.com/press-release/security-orchestration-market-competitive-landscape-reckoned-growth-study-trends-and-threats-tufin-fireeye-inc-swimlane-llc-2020-09-30,marketwatch.com,English,0.0,gdelt_gkg
INTC,2020-09-30,5G Chipset Market to be worth $23 . 5 billion by 2027 - Exclusive Report Covering Pre and Post COVID - 19 Market Analysis by Meticulous Research® - Press Release,http://www.digitaljournal.com/pr/4823819,digitaljournal.com,English,0.0,gdelt_gkg
INTC,2020-09-30,"Advanced Micro Devices , Inc . ( NYSE : AMD ), Intel Corporation ( NASDAQ : INTC ) - Todd Gordon AMD Options Trade",https://www.benzinga.com/markets/options/20/09/17712003/todd-gordons-amd-options-trade,benzinga.com,English,0.0,gdelt_gkg
INTC,2020-09-30,"5G in Telemedicine Market Critical Analysis With Expert Opinion : GlobalMed , Medtronic , Koninklijke Philips",https://www.newyorktelegraph.com/news/266548461/5g-in-telemedicine-market-critical-analysis-with-expert-opinion--globalmed-medtronic-koninklijke-philips,newyorktelegraph.com,English,0.0,gdelt_gkg
INTC,2020-09-30,Silicon Photonics Market Size Worth USD 4 . 62 Billion by 2027 | CAGR of 22 . 7 %: Emergen Research,https://www.prnewswire.com:443/news-releases/silicon-photonics-market-size-worth-usd-4-62-billion-by-2027--cagr-of-22-7-emergen-research-301141931.html,prnewswire.com,English,0.0,gdelt_gkg
INTC,2020-09-30,Silicon Photonics Market Size Worth USD 4 . 62 Billion by 2027 | CAGR of 22 . 7 %: Emergen Research,https://www.finanznachrichten.de/nachrichten-2020-09/50837903-silicon-photonics-market-size-worth-usd-4-62-billion-by-2027-cagr-of-22-7-emergen-research-008.htm,finanznachrichten.de,English,0.0,gdelt_gkg
INTC,2020-09-30,Silicon Photonics Market Size Worth USD 4 . 62 Billion by 2027 | CAGR of 22 . 7 %: Emergen Research,https://www.prnewswire.com/news-releases/silicon-photonics-market-size-worth-usd-4-62-billion-by-2027--cagr-of-22-7-emergen-research-301141931.html,prnewswire.com,English,0.0,gdelt_gkg
INTC,2020-09-30,Artificial Neural Network Software Market - Growth and Recent Trends by Forecast to 2023,https://www.briefingwire.com/pr/artificial-neural-network-software-market-growth-and-recent-trends-by-forecast-to-2023,briefingwire.com,English,0.0,gdelt_gkg
INTC,2020-09-30,The Battery Show & EV Tech Digital Days Announces First Wave of Globally Renowned Speakers,https://www.marketwatch.com/press-release/the-battery-show-ev-tech-digital-days-announces-first-wave-of-globally-renowned-speakers-2020-09-30,marketwatch.com,English,0.0,gdelt_gkg
INTC,2020-10-01,"Healthcare Cloud Computing Market Is Booming Worldwide | IBM , Microsoft , and Amazon Web Services",https://www.sandiegosun.com/news/266561753/healthcare-cloud-computing-market-is-booming-worldwide--ibm-microsoft-and-amazon-web-services,sandiegosun.com,English,0.0,gdelt_gkg
INTC,2020-10-01,"Internet of Things Integration Market May See a Big Move : Major Giants Smartbear Sotware , Intel , Meshed - Press Release",http://www.digitaljournal.com/pr/4826346,digitaljournal.com,English,0.0,gdelt_gkg
INTC,2020-10-01,Latest Trends in Blockchain in Manufacturing Market Overview 2020 : Global Growth Analysis and Forecast Report till 2027,https://www.texasguardian.com/news/266561824/latest-trends-in-blockchain-in-manufacturing-market-overview-2020-global-growth-analysis-and-forecast-report-till-2027,texasguardian.com,English,0.0,gdelt_gkg
INTC,2020-10-01,Latest Trends in Blockchain in Manufacturing Market Overview 2020 : Global Growth Analysis and Forecast Report till 2027,https://www.newyorktelegraph.com/news/266561824/latest-trends-in-blockchain-in-manufacturing-market-overview-2020-global-growth-analysis-and-forecast-report-till-2027,newyorktelegraph.com,English,0.0,gdelt_gkg
INTC,2020-10-01,Liqid Secures $32 Million Contract to Deliver the World Largest Composable Supercomputer for the Department of Defense |,http://enterpriseapps.itbusinessnet.com/2020/10/liqid-secures-32-million-contract-to-deliver-the-worlds-largest-composable-supercomputer-for-the-department-of-defense/,enterpriseapps.itbusinessnet.com,English,0.0,gdelt_gkg
INTC,2020-10-01,Latest Trends in Blockchain in Manufacturing Market Overview 2020 : Global Growth Analysis and Forecast Report till 2027,https://www.sandiegosun.com/news/266561824/latest-trends-in-blockchain-in-manufacturing-market-overview-2020-global-growth-analysis-and-forecast-report-till-2027,sandiegosun.com,English,0.0,gdelt_gkg
INTC,2020-10-01,Liqid Secures $32 Million Contract to Deliver the World Largest Composable Supercomputer for the Department of Defense |,http://business.itbusinessnet.com/2020/10/liqid-secures-32-million-contract-to-deliver-the-worlds-largest-composable-supercomputer-for-the-department-of-defense/,business.itbusinessnet.com,English,0.0,gdelt_gkg
INTC,2020-10-01,Liqid Secures $32 Million Contract to Deliver the World Largest Composable Supercomputer for the Department of Defense |,http://softwaredev.itbusinessnet.com/2020/10/liqid-secures-32-million-contract-to-deliver-the-worlds-largest-composable-supercomputer-for-the-department-of-defense/,softwaredev.itbusinessnet.com,English,0.0,gdelt_gkg
INTC,2020-10-01,Liqid Secures $32 Million Contract to Deliver the World Largest Composable Supercomputer for the Department of Defense |,http://networking.itbusinessnet.com/2020/10/liqid-secures-32-million-contract-to-deliver-the-worlds-largest-composable-supercomputer-for-the-department-of-defense/,networking.itbusinessnet.com,English,0.0,gdelt_gkg
INTC,2020-10-01,OWC Launches New Hub for Thunderbolt™ 4 PCs,https://www.prnewswire.com:443/news-releases/owc-launches-new-hub-for-thunderbolt-4-pcs-301144487.html,prnewswire.com,English,0.0,gdelt_gkg
INTC,2020-10-01,Liqid Secures $32 Million Contract to Deliver the World Largest Composable Supercomputer for the Department of Defense |,http://hardware.itbusinessnet.com/2020/10/liqid-secures-32-million-contract-to-deliver-the-worlds-largest-composable-supercomputer-for-the-department-of-defense/,hardware.itbusinessnet.com,English,0.0,gdelt_gkg
INTC,2020-10-01,OWC Launches New Hub for Thunderbolt™ 4 PCs,https://www.prnewswire.com/news-releases/owc-launches-new-hub-for-thunderbolt-4-pcs-301144487.html,prnewswire.com,English,0.0,gdelt_gkg
INTC,2020-10-01,"Healthcare Cloud Computing Market Is Booming Worldwide | IBM , Microsoft , and Amazon Web Services",https://www.newyorktelegraph.com/news/266561753/healthcare-cloud-computing-market-is-booming-worldwide--ibm-microsoft-and-amazon-web-services,newyorktelegraph.com,English,0.0,gdelt_gkg
INTC,2020-10-01,Liqid Secures $32 Million Contract to Deliver the World Largest Composable Supercomputer for the Department of Defense |,http://internet.itbusinessnet.com/2020/10/liqid-secures-32-million-contract-to-deliver-the-worlds-largest-composable-supercomputer-for-the-department-of-defense/,internet.itbusinessnet.com,English,0.0,gdelt_gkg
INTC,2020-10-01,Liqid Secures $32 Million Contract to Deliver the World Largest Composable Supercomputer for the Department of Defense |,http://security.itbusinessnet.com/2020/10/liqid-secures-32-million-contract-to-deliver-the-worlds-largest-composable-supercomputer-for-the-department-of-defense/,security.itbusinessnet.com,English,0.0,gdelt_gkg
INTC,2020-10-01,Liqid Secures $32 Million Contract to Deliver the World Largest Composable Supercomputer for the Department of Defense |,http://cloud.itbusinessnet.com/2020/10/liqid-secures-32-million-contract-to-deliver-the-worlds-largest-composable-supercomputer-for-the-department-of-defense/,cloud.itbusinessnet.com,English,0.0,gdelt_gkg
INTC,2020-10-01,"Internet of Things Integration Market May see a Big Move | Major Giants Smartbear Sotware , Intel , Me",http://www.sbwire.com/press-releases/internet-of-things-integration-market-may-see-a-big-move-major-giants-smartbear-sotware-intel-meshed-1307135.htm,sbwire.com,English,0.0,gdelt_gkg
INTC,2020-10-01,"Healthcare Cloud Computing Market Is Booming Worldwide | IBM , Microsoft , and Amazon Web Services",https://www.texasguardian.com/news/266561753/healthcare-cloud-computing-market-is-booming-worldwide--ibm-microsoft-and-amazon-web-services,texasguardian.com,English,0.0,gdelt_gkg
INTC,2020-10-01,Worldwide 5G Infrastructure Industry to 2027 - Impact of COVID - 19,https://www.prnewswire.com:443/news-releases/worldwide-5g-infrastructure-industry-to-2027---impact-of-covid-19-301143840.html,prnewswire.com,English,0.0,gdelt_gkg
INTC,2020-10-01,U . S . Department of Energy Advances Nuclear Stockpile Research and Simulations with 4X More Powerful Supercomputer Built by Hewlett Packard Enterprise |,http://security.itbusinessnet.com/2020/10/u-s-department-of-energy-advances-nuclear-stockpile-research-and-simulations-with-4x-more-powerful-supercomputer-built-by-hewlett-packard-enterprise/,security.itbusinessnet.com,English,0.0,gdelt_gkg
INTC,2020-10-01,Forbes Announces The World Most Influential CMOs Ranking Featuring Preeminent Chief Marketing Officers Who Are Finding Action - Forward Solutions To Create A More Diverse Future,https://www.forbes.com/sites/forbespr/2020/10/01/forbes-announces-the-worlds-most-influential-cmos-ranking-featuring-preeminent-chief-marketing-officers-who-are-finding-action-forward-solutions-to-create-a-more-diverse-future/,forbes.com,English,0.0,gdelt_gkg
INTC,2020-10-01,"Artificial Intelligence in Manufacturing Market Size , Future Scope , Growth Analysis and Forecast Report by 2027 with Top Companies",https://www.texasguardian.com/news/266559377/artificial-intelligence-in-manufacturing-market-size-future-scope-growth-analysis-and-forecast-report-by-2027-with-top-companies,texasguardian.com,English,0.0,gdelt_gkg
INTC,2020-10-01,Fresh Surface Firmware Updates Are Out for Pro 7 and Book 3,https://wccftech.com/fresh-surface-firmware-updates-are-out-for-pro-7-and-book-3/,wccftech.com,English,0.0,gdelt_gkg
INTC,2020-10-01,U . S . Department of Energy Advances Nuclear Stockpile Research and Simulations with 4X More Powerful Supercomputer Built by Hewlett Packard Enterprise |,http://cloud.itbusinessnet.com/2020/10/u-s-department-of-energy-advances-nuclear-stockpile-research-and-simulations-with-4x-more-powerful-supercomputer-built-by-hewlett-packard-enterprise/,cloud.itbusinessnet.com,English,0.0,gdelt_gkg
INTC,2020-10-01,"Artificial Intelligence in Manufacturing Market Size , Future Scope , Growth Analysis and Forecast Report by 2027 with Top Companies",https://www.newyorktelegraph.com/news/266559377/artificial-intelligence-in-manufacturing-market-size-future-scope-growth-analysis-and-forecast-report-by-2027-with-top-companies,newyorktelegraph.com,English,0.0,gdelt_gkg
INTC,2020-10-01,"Intelligent Platform Management Interface ( IPMI ) Market Size and Forecast Report 2020 - 2027 | Intel , NEC Corp ., Super Micro Computer , Dell , ARM Holdings , Cisco Systems , and Microsoft",https://www.sandiegosun.com/news/266560092/intelligent-platform-management-interface-ipmi-market-size-and-forecast-report-2020-2027--intel-nec-corp-super-micro-computer-dell-arm-holdings-cisco-systems-and-microsoft,sandiegosun.com,English,0.0,gdelt_gkg
INTC,2020-10-01,U . S . Department of Energy Advances Nuclear Stockpile Research and Simulations with 4X More Powerful Supercomputer Built by Hewlett Packard Enterprise |,http://internet.itbusinessnet.com/2020/10/u-s-department-of-energy-advances-nuclear-stockpile-research-and-simulations-with-4x-more-powerful-supercomputer-built-by-hewlett-packard-enterprise/,internet.itbusinessnet.com,English,0.0,gdelt_gkg
INTC,2020-10-01,U . S . Department of Energy Advances Nuclear Stockpile Research and Simulations with 4X More Powerful Supercomputer Built by Hewlett Packard Enterprise |,http://networking.itbusinessnet.com/2020/10/u-s-department-of-energy-advances-nuclear-stockpile-research-and-simulations-with-4x-more-powerful-supercomputer-built-by-hewlett-packard-enterprise/,networking.itbusinessnet.com,English,0.0,gdelt_gkg
INTC,2020-10-01,U . S . Department of Energy Advances Nuclear Stockpile Research and Simulations with 4X More Powerful Supercomputer Built by Hewlett Packard Enterprise |,http://business.itbusinessnet.com/2020/10/u-s-department-of-energy-advances-nuclear-stockpile-research-and-simulations-with-4x-more-powerful-supercomputer-built-by-hewlett-packard-enterprise/,business.itbusinessnet.com,English,0.0,gdelt_gkg
INTC,2020-10-01,"Intelligent Platform Management Interface ( IPMI ) Market Size and Forecast Report 2020 - 2027 | Intel , NEC Corp ., Super Micro Computer , Dell , ARM Holdings , Cisco Systems , and Microsoft",https://www.texasguardian.com/news/266560092/intelligent-platform-management-interface-ipmi-market-size-and-forecast-report-2020-2027--intel-nec-corp-super-micro-computer-dell-arm-holdings-cisco-systems-and-microsoft,texasguardian.com,English,0.0,gdelt_gkg
INTC,2020-10-01,U . S . Department of Energy Advances Nuclear Stockpile Research and Simulations with 4X More Powerful Supercomputer Built by Hewlett Packard Enterprise |,http://hardware.itbusinessnet.com/2020/10/u-s-department-of-energy-advances-nuclear-stockpile-research-and-simulations-with-4x-more-powerful-supercomputer-built-by-hewlett-packard-enterprise/,hardware.itbusinessnet.com,English,0.0,gdelt_gkg
INTC,2020-10-01,"Intelligent Platform Management Interface ( IPMI ) Market Size and Forecast Report 2020 - 2027 | Intel , NEC Corp ., Super Micro Computer , Dell , ARM Holdings , Cisco Systems , and Microsoft",https://www.newyorktelegraph.com/news/266560092/intelligent-platform-management-interface-ipmi-market-size-and-forecast-report-2020-2027--intel-nec-corp-super-micro-computer-dell-arm-holdings-cisco-systems-and-microsoft,newyorktelegraph.com,English,0.0,gdelt_gkg
INTC,2020-10-01,U . S . Department of Energy Advances Nuclear Stockpile Research and Simulations with 4X More Powerful Supercomputer Built by Hewlett Packard Enterprise |,http://softwaredev.itbusinessnet.com/2020/10/u-s-department-of-energy-advances-nuclear-stockpile-research-and-simulations-with-4x-more-powerful-supercomputer-built-by-hewlett-packard-enterprise/,softwaredev.itbusinessnet.com,English,0.0,gdelt_gkg
INTC,2020-10-01,"WiLAN , a Quarterhill Company , Announces New Intel License Agreement",https://www.prnewswire.com:443/news-releases/wilan-a-quarterhill-company-announces-new-intel-license-agreement-301143532.html,prnewswire.com,English,0.0,gdelt_gkg
INTC,2020-10-01,Worldwide 5G Infrastructure Industry to 2027 - Impact of COVID - 19,https://news.yahoo.com/worldwide-5g-infrastructure-industry-2027-144500352.html,news.yahoo.com,English,0.0,gdelt_gkg
INTC,2020-10-01,"Artificial Intelligence in Manufacturing Market Size , Future Scope , Growth Analysis and Forecast Report by 2027 with Top Companies",https://www.sandiegosun.com/news/266559377/artificial-intelligence-in-manufacturing-market-size-future-scope-growth-analysis-and-forecast-report-by-2027-with-top-companies,sandiegosun.com,English,0.0,gdelt_gkg
INTC,2020-10-13,"Medtronic 2020 Integrated Performance Report Shares Goal of Carbon Neutrality by FY30 , Achievement of 100 % Gender Pay Equity in the U . S ., and Progress on COVID - 19 Response",https://www.prnewswire.com/news-releases/medtronic-2020-integrated-performance-report-shares-goal-of-carbon-neutrality-by-fy30-achievement-of-100-gender-pay-equity-in-the-us-and-progress-on-covid-19-response-301150724.html,prnewswire.com,English,0.0,gdelt_gkg
INTC,2020-10-13,IGI Announces Commitment to Global Efforts Supporting Online Safety and Privacy for Cybersecurity Awareness Month,https://www.tennesseedaily.com/news/266678390/igi-announces-commitment-to-global-efforts-supporting-online-safety-and-privacy-for-cybersecurity-awareness-month,tennesseedaily.com,English,0.0,gdelt_gkg
INTC,2020-10-13,IGI Announces Commitment to Global Efforts Supporting Online Safety and Privacy for Cybersecurity Awareness Month,https://www.hawaiitelegraph.com/news/266678390/igi-announces-commitment-to-global-efforts-supporting-online-safety-and-privacy-for-cybersecurity-awareness-month,hawaiitelegraph.com,English,0.0,gdelt_gkg
INTC,2020-10-13,IGI Announces Commitment to Global Efforts Supporting Online Safety and Privacy for Cybersecurity Awareness Month,https://www.nashvilleherald.com/news/266678390/igi-announces-commitment-to-global-efforts-supporting-online-safety-and-privacy-for-cybersecurity-awareness-month,nashvilleherald.com,English,0.0,gdelt_gkg
INTC,2020-10-13,"Leo Stan Ekeh , the whiz who launched Nigeria first locally manufactured computers",https://nairametrics.com/2020/10/10/leo-stan-ekeh-the-whiz-who-launched-nigerias-first-locally-manufactured-computers/,nairametrics.com,English,0.0,gdelt_gkg
INTC,2020-10-13,IGI Announces Commitment to Global Efforts Supporting Online Safety and Privacy for Cybersecurity Awareness Month,https://www.phoenixherald.com/news/266678390/igi-announces-commitment-to-global-efforts-supporting-online-safety-and-privacy-for-cybersecurity-awareness-month,phoenixherald.com,English,0.0,gdelt_gkg
INTC,2020-10-13,IGI Announces Commitment to Global Efforts Supporting Online Safety and Privacy for Cybersecurity Awareness Month,https://www.pittsburghstar.com/news/266678390/igi-announces-commitment-to-global-efforts-supporting-online-safety-and-privacy-for-cybersecurity-awareness-month,pittsburghstar.com,English,0.0,gdelt_gkg
INTC,2020-10-13,Top Cloud Providers Double Compute Offerings in 5 Quarters | Liftr Insights Data Reveals,https://www.prnewswire.com:443/news-releases/top-cloud-providers-double-compute-offerings-in-5-quarters--liftr-insights-data-reveals-301149629.html,prnewswire.com,English,0.0,gdelt_gkg
INTC,2020-10-13,IGI Announces Commitment to Global Efforts Supporting Online Safety and Privacy for Cybersecurity Awareness Month,https://www.clevelandstar.com/news/266678390/igi-announces-commitment-to-global-efforts-supporting-online-safety-and-privacy-for-cybersecurity-awareness-month,clevelandstar.com,English,0.0,gdelt_gkg
INTC,2020-10-13,IGI Announces Commitment to Global Efforts Supporting Online Safety and Privacy for Cybersecurity Awareness Month,https://www.memphissun.com/news/266678390/igi-announces-commitment-to-global-efforts-supporting-online-safety-and-privacy-for-cybersecurity-awareness-month,memphissun.com,English,0.0,gdelt_gkg
INTC,2020-10-13,Semiconductor Spintronics Market - press releases,https://www.openpr.com/news/archive/232886/Semiconductor-Spintronics-Market.html,openpr.com,English,0.0,gdelt_gkg
INTC,2020-10-13,Medtronic : 2020 Integrated Performance Report,https://www.3blmedia.com/News/Medtronic-2020-Integrated-Performance-Report-Shares-Goal-Carbon-Neutrality-FY30-Achievement-100,3blmedia.com,English,0.0,gdelt_gkg
INTC,2020-10-13,IGI Announces Commitment to Global Efforts Supporting Online Safety and Privacy for Cybersecurity Awareness Month,https://www.stlouisstar.com/news/266678390/igi-announces-commitment-to-global-efforts-supporting-online-safety-and-privacy-for-cybersecurity-awareness-month,stlouisstar.com,English,0.0,gdelt_gkg
INTC,2020-10-13,IGI Announces Commitment to Global Efforts Supporting Online Safety and Privacy for Cybersecurity Awareness Month,https://www.baltimorestar.com/news/266678390/igi-announces-commitment-to-global-efforts-supporting-online-safety-and-privacy-for-cybersecurity-awareness-month,baltimorestar.com,English,0.0,gdelt_gkg
INTC,2020-10-13,IGI Announces Commitment to Global Efforts Supporting Online Safety and Privacy for Cybersecurity Awareness Month,https://www.albuquerqueexpress.com/news/266678390/igi-announces-commitment-to-global-efforts-supporting-online-safety-and-privacy-for-cybersecurity-awareness-month,albuquerqueexpress.com,English,0.0,gdelt_gkg
INTC,2020-10-13,CSRWire - Intel on 100 Most Sustainably Managed Companies,https://www.csrwire.com/press_releases/707086-intel-100-most-sustainably-managed-companies,csrwire.com,English,0.0,gdelt_gkg
INTC,2020-10-13,OWC Blasts User Content to Space with Blue Origin,https://www.prnewswire.com:443/news-releases/owc-blasts-user-content-to-space-with-blue-origin-301151321.html,prnewswire.com,English,0.0,gdelt_gkg
INTC,2020-10-13,IGI Announces Commitment to Global Efforts Supporting Online Safety and Privacy for Cybersecurity Awareness Month,https://www.dallassun.com/news/266678390/igi-announces-commitment-to-global-efforts-supporting-online-safety-and-privacy-for-cybersecurity-awareness-month,dallassun.com,English,0.0,gdelt_gkg
INTC,2020-10-13,"Streaming Devices Market Will Hit Big Revenues In Future | Biggest Opportunity By Key Players - Google LLC , Amazon . com , Inc ., Apple Inc ., Humax",https://www.sandiegosun.com/news/266675191/streaming-devices-market-will-hit-big-revenues-in-future--biggest-opportunity-by-key-players---google-llc-amazoncom-inc-apple-inc-humax,sandiegosun.com,English,0.0,gdelt_gkg
INTC,2020-10-13,"5G Infrastructure Market in Europe Experience a Revolutionary growth by 2027 | Qualcomm Technologies , Inc ., Huawei Technologies Co ., Ltd ., Intel Corporation",https://www.texasguardian.com/news/266675190/5g-infrastructure-market-in-europe-experience-a-revolutionary-growth-by-2027--qualcomm-technologies-inc-huawei-technologies-co-ltd-intel-corporation,texasguardian.com,English,0.0,gdelt_gkg
INTC,2020-10-13,"Investorideas . com Newswire - AI Eye Episode 452 : VSBLTY Releases Corporate Update and Intel ( NasdaqGS : $INTC ) India Collaborates with Government of Telangana , IIIT - Hyderabad , and PHFI on AI Research Center",http://www.investorideas.com/news/2020/artificial-intelligence/10131AIEye-VSBY-INTC.asp,investorideas.com,English,0.0,gdelt_gkg
INTC,2020-10-13,Enterprise Quantum Computing Markets Demand and Growing Business Opportunities 2020 to 2025,https://www.briefingwire.com/pr/enterprise-quantum-computing-markets-demand-and-growing-business-opportunities-2020-to-2025,briefingwire.com,English,0.0,gdelt_gkg
INTC,2020-10-13,"5G Infrastructure Market in Europe Experience a Revolutionary growth by 2027 | Qualcomm Technologies , Inc ., Huawei Technologies Co ., Ltd ., Intel Corporation",https://www.newyorktelegraph.com/news/266675190/5g-infrastructure-market-in-europe-experience-a-revolutionary-growth-by-2027--qualcomm-technologies-inc-huawei-technologies-co-ltd-intel-corporation,newyorktelegraph.com,English,0.0,gdelt_gkg
INTC,2020-10-13,"Streaming Devices Market Will Hit Big Revenues In Future | Biggest Opportunity By Key Players - Google LLC , Amazon . com , Inc ., Apple Inc ., Humax",https://www.newyorktelegraph.com/news/266675191/streaming-devices-market-will-hit-big-revenues-in-future--biggest-opportunity-by-key-players---google-llc-amazoncom-inc-apple-inc-humax,newyorktelegraph.com,English,0.0,gdelt_gkg
INTC,2020-10-13,"Global Silicon Photonics Markets , 2015 - 2019 & 2020 - 2025 : Companies are Using Organic Strategies to Increase their Share",https://news.yahoo.com/global-silicon-photonics-markets-2015-101500003.html,news.yahoo.com,English,0.0,gdelt_gkg
INTC,2020-10-13,Synopsys Demonstrates Industry First PCI Express 5 . 0 IP Interoperability with Intel Future Xeon Scalable Processor,https://www.prnewswire.com:443/news-releases/synopsys-demonstrates-industrys-first-pci-express-5-0-ip-interoperability-with-intels-future-xeon-scalable-processor-301151098.html,prnewswire.com,English,0.0,gdelt_gkg
INTC,2020-10-13,Top Cloud Providers Double Compute Offerings in 5 Quarters | Liftr Insights Data Reveals,https://news.yahoo.com/top-cloud-providers-double-compute-130700868.html,news.yahoo.com,English,0.0,gdelt_gkg
INTC,2020-10-13,"Global Silicon Photonics Markets , 2015 - 2019 & 2020 - 2025 : Companies are Using Organic Strategies to Increase their Share",https://www.prnewswire.com:443/news-releases/global-silicon-photonics-markets-2015-2019--2020-2025-companies-are-using-organic-strategies-to-increase-their-share-301150916.html,prnewswire.com,English,0.0,gdelt_gkg
INTC,2020-10-13,IGI Announces Commitment to Global Efforts Supporting Online Safety and Privacy for Cybersecurity Awareness Month,https://www.californiatelegraph.com/news/266678390/igi-announces-commitment-to-global-efforts-supporting-online-safety-and-privacy-for-cybersecurity-awareness-month,californiatelegraph.com,English,0.0,gdelt_gkg
INTC,2020-10-13,"Streaming Devices Market Will Hit Big Revenues In Future | Biggest Opportunity By Key Players - Google LLC , Amazon . com , Inc ., Apple Inc ., Humax",https://www.texasguardian.com/news/266675191/streaming-devices-market-will-hit-big-revenues-in-future--biggest-opportunity-by-key-players---google-llc-amazoncom-inc-apple-inc-humax,texasguardian.com,English,0.0,gdelt_gkg
INTC,2020-10-13,IGI Announces Commitment to Global Efforts Supporting Online Safety and Privacy for Cybersecurity Awareness Month,https://www.bostonstar.com/news/266678390/igi-announces-commitment-to-global-efforts-supporting-online-safety-and-privacy-for-cybersecurity-awareness-month,bostonstar.com,English,0.0,gdelt_gkg
INTC,2020-10-13,IGI Announces Commitment to Global Efforts Supporting Online Safety and Privacy for Cybersecurity Awareness Month,https://www.newjerseytelegraph.com/news/266678390/igi-announces-commitment-to-global-efforts-supporting-online-safety-and-privacy-for-cybersecurity-awareness-month,newjerseytelegraph.com,English,0.0,gdelt_gkg
INTC,2020-10-13,ALB 40 Under 40 2020 | Asian Legal Business,https://www.legalbusinessonline.com/features/alb-40-under-40-2020,legalbusinessonline.com,English,0.0,gdelt_gkg
INTC,2020-10-13,IGI Announces Commitment to Global Efforts Supporting Online Safety and Privacy for Cybersecurity Awareness Month,https://www.theusnews.com/news/266678390/igi-announces-commitment-to-global-efforts-supporting-online-safety-and-privacy-for-cybersecurity-awareness-month,theusnews.com,English,0.0,gdelt_gkg
INTC,2020-10-13,OWC Blasts User Content to Space with Blue Origin,https://www.prnewswire.com/news-releases/owc-blasts-user-content-to-space-with-blue-origin-301151321.html,prnewswire.com,English,0.0,gdelt_gkg
INTC,2020-10-13,IGI Announces Commitment to Global Efforts Supporting Online Safety and Privacy for Cybersecurity Awareness Month,https://www.saltlakecitysun.com/news/266678390/igi-announces-commitment-to-global-efforts-supporting-online-safety-and-privacy-for-cybersecurity-awareness-month,saltlakecitysun.com,English,0.0,gdelt_gkg
INTC,2020-10-13,"Infinite Group , Inc .: IGI Announces Commitment to Global Efforts Supporting Online Safety and Privacy for Cybersecurity Awareness Month",https://www.finanznachrichten.de/nachrichten-2020-10/50944701-infinite-group-inc-igi-announces-commitment-to-global-efforts-supporting-online-safety-and-privacy-for-cybersecurity-awareness-month-200.htm,finanznachrichten.de,English,0.0,gdelt_gkg
INTC,2020-10-14,OWC Launches  Leaders and GameChanger Podcast,https://www.prnewswire.com:443/news-releases/owc-launches-leaders-and-gamechangers-podcast-301152406.html,prnewswire.com,English,0.0,gdelt_gkg
INTC,2020-10-14,Intel : Xeon Scalable Platform Built for Most Sensitive Workloads,https://www.marketscreener.com/quote/stock/INTEL-CORPORATION-4829/news/Intel-Xeon-Scalable-Platform-Built-for-Most-Sensitive-Workloads-31538253/,marketscreener.com,English,0.0,gdelt_gkg
INTC,2020-10-14,"Organizations Using Privacy - Preserving Analytics and Confidential Computing to Gain Business Insights , Improve Patient Care , and Protect Privacy |",http://hardware.itbusinessnet.com/2020/10/organizations-using-privacy-preserving-analytics-and-confidential-computing-to-gain-business-insights-improve-patient-care-and-protect-privacy/,hardware.itbusinessnet.com,English,0.0,gdelt_gkg
INTC,2020-10-14,"Organizations Using Privacy - Preserving Analytics and Confidential Computing to Gain Business Insights , Improve Patient Care , and Protect Privacy |",http://softwaredev.itbusinessnet.com/2020/10/organizations-using-privacy-preserving-analytics-and-confidential-computing-to-gain-business-insights-improve-patient-care-and-protect-privacy/,softwaredev.itbusinessnet.com,English,0.0,gdelt_gkg
INTC,2020-10-14,Rochester lab sets new record toward long - sought goal,https://www.miragenews.com/rochester-lab-sets-new-record-toward-long-sought-goal/,miragenews.com,English,0.0,gdelt_gkg
INTC,2020-10-14,Términos con la letra P,https://www.deguate.com/artman/publish/glosario-gestion/Terminos-con-la-letra-P.shtml,deguate.com,Spanish,0.0,gdelt_gkg
INTC,2020-10-14,Network Slicing Market to Witness an Outstanding Growth during,https://www.openpr.com/news/2159735/network-slicing-market-to-witness-an-outstanding-growth-during,openpr.com,English,0.0,gdelt_gkg
INTC,2020-10-14,"Bank of America Corporation ( NYSE : BAC ), Citigroup Inc . ( NYSE : C ) - McAfee Targets $814M In IPO Funding , Trading Debut Expected On Oct . 22",https://www.benzinga.com/news/20/10/17897538/mcafee-targets-814m-in-ipo-funding-trading-debut-expected-on-oct-22,benzinga.com,English,0.0,gdelt_gkg
INTC,2020-10-14,Rochester researchers synthesize room temperature superconducting material,https://www.eurekalert.org/pub_releases/2020-10/uor-rrs101320.php,eurekalert.org,English,0.0,gdelt_gkg
INTC,2020-10-14,"3D NAND Memory Market Size , Share , Growth Survey 2020 to 2027 and Industry Analysis Report",https://www.newyorktelegraph.com/news/266684808/3d-nand-memory-market-size-share-growth-survey-2020-to-2027-and-industry-analysis-report,newyorktelegraph.com,English,0.0,gdelt_gkg
INTC,2020-10-14,"3D NAND Memory Market Size , Share , Growth Survey 2020 to 2027 and Industry Analysis Report",https://www.texasguardian.com/news/266684808/3d-nand-memory-market-size-share-growth-survey-2020-to-2027-and-industry-analysis-report,texasguardian.com,English,0.0,gdelt_gkg
INTC,2020-10-14,"3D NAND Memory Market Size , Share , Growth Survey 2020 to 2027 and Industry Analysis Report",https://www.sandiegosun.com/news/266684808/3d-nand-memory-market-size-share-growth-survey-2020-to-2027-and-industry-analysis-report,sandiegosun.com,English,0.0,gdelt_gkg
INTC,2020-10-14,"Ultra - mobile Devices Market Industry Development , Growth Opportunities and Demand Analysis : Apple Inc ., Google Inc ., HTC Corporation , Microsoft Corporation , Sony Corporation",https://stockmarketvista.com/2020/10/13/ultra-mobile-devices-market-industry-development-growth-opportunities-and-demand-analysis-apple-inc-google-inc-htc-corporation-microsoft-corporation-sony-corporation/,stockmarketvista.com,English,0.0,gdelt_gkg
INTC,2020-10-14,"Medtronic 2020 Integrated Performance Report Shares Goal of Carbon Neutrality by FY30 , Achievement of 100 % Gender Pay Equity in the U . S ., and Progress on COVID - 19 Response",https://www.biospace.com/article/releases/medtronic-2020-integrated-performance-report-shares-goal-of-carbon-neutrality-by-fy30-achievement-of-100-percent-gender-pay-equity-in-the-u-s-and-progress-on-covid-19-response/,biospace.com,English,0.0,gdelt_gkg
INTC,2020-10-14,McAfee | Benzinga,https://www.benzinga.com/topic/mcafee,benzinga.com,English,0.0,gdelt_gkg
INTC,2020-10-14,"Organizations Using Privacy - Preserving Analytics and Confidential Computing to Gain Business Insights , Improve Patient Care , and Protect Privacy |",http://internet.itbusinessnet.com/2020/10/organizations-using-privacy-preserving-analytics-and-confidential-computing-to-gain-business-insights-improve-patient-care-and-protect-privacy/,internet.itbusinessnet.com,English,0.0,gdelt_gkg
INTC,2020-10-15,Leading Organizations in the Region Honored by Frost & Sullivan in the 3rd Edition of the 2020 Asia - Pacific Best Practices Virtual Awards Ceremony,https://www.prnewswire.com:443/news-releases/leading-organizations-in-the-region-honored-by-frost--sullivan-in-the-3rd-edition-of-the-2020-asia-pacific-best-practices-virtual-awards-ceremony-301152935.html,prnewswire.com,English,0.0,gdelt_gkg
INTC,2020-10-15,Leading Organizations in the Region Honored by Frost & Sullivan in the 3rd Edition of the 2020 Asia - Pacific Best Practices Virtual Awards Ceremony,https://news.yahoo.com/leading-organizations-region-honored-frost-104700289.html,news.yahoo.com,English,0.0,gdelt_gkg
INTC,2020-10-15,Room - temperature superconductor ? Rochester lab sets new record toward long - sought goal,https://www.technology.org/2020/10/15/room-temperature-superconductor-rochester-lab-sets-new-record-toward-long-sought-goal/,technology.org,English,0.0,gdelt_gkg
INTC,2020-10-15,"Direxion Daily Semiconductor Bull 3x Shares ETF ( ETF : SOXL ), Intel Corporation ( NASDAQ : INTC ) - Reasons To Believe In A Thrilling Semiconductor ETF",https://www.benzinga.com/trading-ideas/long-ideas/20/10/17913603/reasons-to-believe-in-a-thrilling-semiconductor-etf,benzinga.com,English,0.0,gdelt_gkg
INTC,2020-10-15,Talent Board Announces Winners of 2020 Global Candidate Experience Awards,https://www.prnewswire.com:443/news-releases/talent-board-announces-winners-of-2020-global-candidate-experience-awards-301152807.html,prnewswire.com,English,0.0,gdelt_gkg
INTC,2020-10-15,Wireless Connectivity Market worth $141 . 1 billion by 2025 - Exclusive Report by MarketsandMarkets,https://www.finanznachrichten.de/nachrichten-2020-10/50967907-wireless-connectivity-market-worth-dollar-141-1-billion-by-2025-exclusive-report-by-marketsandmarkets-008.htm,finanznachrichten.de,English,0.0,gdelt_gkg
INTC,2020-10-15,Global Automatic Call Distributor Industry,https://www.globenewswire.com/news-release/2020/10/15/2108987/0/en/Global-Automatic-Call-Distributor-Industry.html,globenewswire.com,English,0.0,gdelt_gkg
INTC,2020-10-15,Intel acquires Israeli mobility service provider Moovit for $900 million,https://www.domain-b.com/companies/companies_I/Intel/20200505_acquires.html,domain-b.com,English,0.0,gdelt_gkg
INTC,2020-10-15,Abaco Announces Significant Win from Major European Technology Company to Help Equip Helicopter Cabin Computer,https://www.prnewswire.com:443/news-releases/abaco-announces-significant-win-from-major-european-technology-company-to-help-equip-helicopter-cabin-computer-301152973.html,prnewswire.com,English,0.0,gdelt_gkg
INTC,2020-10-15,Abaco Announces Significant Win from Major European Technology Company to Help Equip Helicopter Cabin Computer,https://news.yahoo.com/abaco-announces-significant-win-major-150000480.html,news.yahoo.com,English,0.0,gdelt_gkg
INTC,2020-10-15,Scientists Create First Room - Temperature Superconductor | Physics,http://www.sci-news.com/physics/first-room-temperature-superconductor-08952.html,sci-news.com,English,0.0,gdelt_gkg
INTC,2020-10-15,SMTA Additive Electronics TechXchange Kicks Off Today,http://smt.iconnect007.com/index.php/article/124892/smta-additive-electronics-techxchange-kicks-off-today/124895/,smt.iconnect007.com,English,0.0,gdelt_gkg
INTC,2020-10-15,Leading Organizations in the Region Honored by Frost & Sullivan in the 3rd Edition of the 2020 Asia - Pacific Best Practices Virtual Awards Ceremony,https://www.finanznachrichten.de/nachrichten-2020-10/50965639-leading-organizations-in-the-region-honored-by-frost-sullivan-in-the-3rd-edition-of-the-2020-asia-pacific-best-practices-virtual-awards-ceremony-008.htm,finanznachrichten.de,English,0.0,gdelt_gkg
INTC,2020-10-15,"IoT Security Market to Reach USD 20 , 776 . 1 Million by 2027 ; Growing Adoption of Blockchain Technology to Amplify Business , states Fortune Business Insights™",https://www.globenewswire.com/news-release/2020/10/14/2108164/0/en/IoT-Security-Market-to-Reach-USD-20-776-1-Million-by-2027-Growing-Adoption-of-Blockchain-Technology-to-Amplify-Business-states-Fortune-Business-Insights.html,globenewswire.com,English,0.0,gdelt_gkg
INTC,2020-10-15,Analytics of Things Market Comprehensive Analysis for Business,https://www.openpr.com/news/2161034/analytics-of-things-market-comprehensive-analysis-for-business,openpr.com,English,0.0,gdelt_gkg
INTC,2020-10-15,OWC Receives Two Company Awards from Comparably,https://www.hometownregister.com/news/state/owc-receives-two-company-awards-from-comparably/article_84703e50-8fa2-5176-a1d5-d037b4fb3330.html,hometownregister.com,English,0.0,gdelt_gkg
INTC,2020-10-15,Kenya Competes Fairly On Solutions to Fight COVID - 19,https://www.cio.co.ke/kenya-competes-fairly-on-solutions-to-fight-covid-19/,cio.co.ke,English,0.0,gdelt_gkg
INTC,2020-10-15,"IoT Utilities Market , Global Key Players , Trends , Share , Industry Size , Growth , Opportunities , Forecast To 2025",https://www.sandiegosun.com/news/266693964/iot-utilities-market-global-key-players-trends-share-industry-size-growth-opportunities-forecast-to-2025,sandiegosun.com,English,0.0,gdelt_gkg
INTC,2020-10-15,"Machine Vision System Market to Witness Massive growth ahead | Baumer Ltd ., Cgnex Corporation , Canon Inc ., FLIR System",https://www.sandiegosun.com/news/266693932/machine-vision-system-market-to-witness-massive-growth-ahead--baumer-ltd-cgnex-corporation-canon-inc-flir-system,sandiegosun.com,English,0.0,gdelt_gkg
INTC,2020-10-15,"Machine Vision System Market to Witness Massive growth ahead | Baumer Ltd ., Cgnex Corporation , Canon Inc ., FLIR System",https://www.texasguardian.com/news/266693932/machine-vision-system-market-to-witness-massive-growth-ahead--baumer-ltd-cgnex-corporation-canon-inc-flir-system,texasguardian.com,English,0.0,gdelt_gkg
INTC,2020-10-15,Intel Xeon Scalable Platform Built for Most Sensitive Workloads,https://www.businesswire.com/news/home/20201014005202/en/Intel-Xeon-Scalable-Platform-Built-for-Most-Sensitive-Workloads,businesswire.com,English,0.0,gdelt_gkg
INTC,2020-10-15,"Technology CAD Software Market Size Worth $315 . 4 Million By 2027 : Grand View Research , Inc . ",https://www.finanznachrichten.de/nachrichten-2020-10/50963837-technology-cad-software-market-size-worth-dollar-315-4-million-by-2027-grand-view-research-inc-008.htm,finanznachrichten.de,English,0.0,gdelt_gkg
INTC,2020-10-15,"IoT Utilities Market , Global Key Players , Trends , Share , Industry Size , Growth , Opportunities , Forecast To 2025",https://www.texasguardian.com/news/266693964/iot-utilities-market-global-key-players-trends-share-industry-size-growth-opportunities-forecast-to-2025,texasguardian.com,English,0.0,gdelt_gkg
INTC,2020-10-15,"Machine Vision System Market to Witness Massive growth ahead | Baumer Ltd ., Cgnex Corporation , Canon Inc ., FLIR System",https://www.newyorktelegraph.com/news/266693932/machine-vision-system-market-to-witness-massive-growth-ahead--baumer-ltd-cgnex-corporation-canon-inc-flir-system,newyorktelegraph.com,English,0.0,gdelt_gkg
INTC,2020-10-15,"IoT Utilities Market , Global Key Players , Trends , Share , Industry Size , Growth , Opportunities , Forecast To 2025",https://www.newyorktelegraph.com/news/266693964/iot-utilities-market-global-key-players-trends-share-industry-size-growth-opportunities-forecast-to-2025,newyorktelegraph.com,English,0.0,gdelt_gkg
INTC,2020-10-15,"IoT and Blockchain Market Booming Segments ; Investors Seeking Growth | IBM , Microsoft , Intel , Amazon",https://www.sandiegosun.com/news/266694346/iot-and-blockchain-market-booming-segments-investors-seeking-growth--ibm-microsoft-intel-amazon,sandiegosun.com,English,0.0,gdelt_gkg
INTC,2020-10-15,"Quick AI adoption essential for future of work in India , says Intel",https://www.business-standard.com/article/technology/quick-ai-adoption-essential-for-future-of-work-in-india-says-intel-120101500680_1.html,business-standard.com,English,0.0,gdelt_gkg
INTC,2020-10-15,"Technology CAD Software Market Size Worth $315 . 4 Million By 2027 : Grand View Research , Inc . ",https://www.prnewswire.com:443/news-releases/technology-cad-software-market-size-worth-315-4-million-by-2027-grand-view-research-inc-301152979.html,prnewswire.com,English,0.0,gdelt_gkg
INTC,2020-10-15,"IoT and Blockchain Market Booming Segments ; Investors Seeking Growth | IBM , Microsoft , Intel , Amazon",https://www.newyorktelegraph.com/news/266694346/iot-and-blockchain-market-booming-segments-investors-seeking-growth--ibm-microsoft-intel-amazon,newyorktelegraph.com,English,0.0,gdelt_gkg
INTC,2020-10-15,"Middle East and Africa Machine learning market Size , Share , Analysis , Industry Report and Forecast",https://www.briefingwire.com/pr/middle-east-and-africa-machine-learning-market-size-share-analysis-industry-report-and-forecast,briefingwire.com,English,0.0,gdelt_gkg
INTC,2020-10-15,"Technology CAD Software Market Size Worth $315 . 4 Million By 2027 : Grand View Research , Inc . ",https://www.prnewswire.com/news-releases/technology-cad-software-market-size-worth-315-4-million-by-2027-grand-view-research-inc-301152979.html,prnewswire.com,English,0.0,gdelt_gkg
INTC,2020-10-15,Embracing AI vital for future of work in India : Intel,https://www.prokerala.com/news/articles/a1092288.html,prokerala.com,English,0.0,gdelt_gkg
INTC,2020-10-15,Quick AI adoption essential for future of work in India : Intel,https://www.prokerala.com/news/articles/a1092267.html,prokerala.com,English,0.0,gdelt_gkg
INTC,2020-10-15,"Latin America Machine learning market Size , Share , Analysis , Industry Report and Forecast to 2028",https://www.briefingwire.com/pr/latin-america-machine-learning-market-size-share-analysis-industry-report-and-forecast-to-2028,briefingwire.com,English,0.0,gdelt_gkg
INTC,2020-10-15,"IoT and Blockchain Market Booming Segments ; Investors Seeking Growth | IBM , Microsoft , Intel , Amazon",https://www.texasguardian.com/news/266694346/iot-and-blockchain-market-booming-segments-investors-seeking-growth--ibm-microsoft-intel-amazon,texasguardian.com,English,0.0,gdelt_gkg
INTC,2020-10-15,"North America Machine learning market Size , Share , Analysis , Industry Report and Forecast to 2028",https://www.briefingwire.com/pr/north-america-machine-learning-market-size-share-analysis-industry-report-and-forecast-to-2028,briefingwire.com,English,0.0,gdelt_gkg
INTC,2020-10-16,"Healthcare Artificial Intelligence Market Bigger Than Expected | Intel Corporation , Nvidia Corporation , Google",https://www.newyorktelegraph.com/news/266704436/healthcare-artificial-intelligence-market-bigger-than-expected--intel-corporation-nvidia-corporation-google,newyorktelegraph.com,English,0.0,gdelt_gkg
INTC,2020-10-16,"Healthcare Artificial Intelligence Market Bigger Than Expected | Intel Corporation , Nvidia Corporation , Google",https://www.sandiegosun.com/news/266704436/healthcare-artificial-intelligence-market-bigger-than-expected--intel-corporation-nvidia-corporation-google,sandiegosun.com,English,0.0,gdelt_gkg
INTC,2020-10-16,"Healthcare Artificial Intelligence Market Bigger Than Expected | Intel Corporation , Nvidia Corporation , Google",https://www.texasguardian.com/news/266704436/healthcare-artificial-intelligence-market-bigger-than-expected--intel-corporation-nvidia-corporation-google,texasguardian.com,English,0.0,gdelt_gkg
INTC,2020-10-16,"Healthcare Artificial Intelligence Market Bigger Than Expected | Intel Corporation , Nvidia Corporation , Google",https://ipsnews.net/business/2020/10/16/healthcare-artificial-intelligence-market-bigger-than-expected-intel-corporation-nvidia-corporation-google/,ipsnews.net,English,0.0,gdelt_gkg
INTC,2020-10-16,Kenya Competes Fairly on Solutions to Fight Covid - 19,https://allafrica.com/stories/202010160137.html,allafrica.com,English,0.0,gdelt_gkg
INTC,2020-10-17,Tanzanian among finalists of ATU innovation challenge 2020,https://www.ippmedia.com/en/news/tanzanian-among-finalists-atu-innovation-challenge-2020,ippmedia.com,English,0.0,gdelt_gkg
INTC,2020-10-17,Internet of Things Market is Booming Worldwide Latest Study Reveal,https://www.newyorktelegraph.com/news/266713644/internet-of-things-market-is-booming-worldwide-latest-study-reveal,newyorktelegraph.com,English,0.0,gdelt_gkg
INTC,2020-10-17,Internet of Things Market is Booming Worldwide Latest Study Reveal,https://www.texasguardian.com/news/266713644/internet-of-things-market-is-booming-worldwide-latest-study-reveal,texasguardian.com,English,0.0,gdelt_gkg
INTC,2020-10-17,Internet of Things Market is Booming Worldwide Latest Study Reveal,https://www.sandiegosun.com/news/266713644/internet-of-things-market-is-booming-worldwide-latest-study-reveal,sandiegosun.com,English,0.0,gdelt_gkg
INTC,2020-10-17,Artificial Intelligence in Healthcare Market : Is Slated To Witness Tremendous Growth To 2020 – 202,https://www.pharmiweb.com/press-release/2020-10-17/artificial-intelligence-in-healthcare-market-is-slated-to-witness-tremendous-growth-to-2020-202,pharmiweb.com,English,0.0,gdelt_gkg
INTC,2020-10-17,Bright Machines Announces Election of Glenda Dorchak to Its Board of Directors,https://www.financialbuzz.com/bright-machines-announces-election-of-glenda-dorchak-to-its-board-of-directors/,financialbuzz.com,English,0.0,gdelt_gkg
INTC,2020-10-19,ชิพ ( SHIP ) แอปพลิเคชัน SOCIAL DATING APP ใหม่ล่าสุด เปิดตัวแล้วในประเทศไทย,http://www.newswit.com/it/2020-10-19/dcfa45f0d8bd5a5d42ddd48e8b377bd7/,newswit.com,Thai,0.0,gdelt_gkg
INTC,2020-10-19,"Encryption Software Industry SWOT Analysis , Size , Share , Price , Trends and Growth Forecast to 2025",https://brazilbusiness.einnews.com/pr_news/528721614/encryption-software-industry-swot-analysis-size-share-price-trends-and-growth-forecast-to-2025,brazilbusiness.einnews.com,English,0.0,gdelt_gkg
INTC,2020-10-21,Porsche Design and Acer Unveil the Porsche Design Acer Book RS,https://www.prnewswire.com/news-releases/porsche-design-and-acer-unveil-the-porsche-design-acer-book-rs-301156568.html,prnewswire.com,English,0.0,gdelt_gkg
INTC,2020-10-21,Acer Announces New ConceptD PCs for Creators,https://www.prnewswire.com:443/news-releases/acer-announces-new-conceptd-pcs-for-creators-301156509.html,prnewswire.com,English,0.0,gdelt_gkg
INTC,2020-10-21,"PDF : Current Growth Status Of Artificial Intelligence ( AI ) in Cyber security Market 2020 | Darktrace ( NAS : TSCO ), Cylance ( NYS : CE ) ",https://www.sandiegosun.com/news/266750329/pdf-current-growth-status-of-artificial-intelligence-ai-in-cyber-security-market-2020--darktrace-nastsco-cylancenysce,sandiegosun.com,English,0.0,gdelt_gkg
INTC,2020-10-21,Porsche Design and Acer Unveil the Porsche Design Acer Book RS,https://www.prnewswire.com:443/news-releases/porsche-design-and-acer-unveil-the-porsche-design-acer-book-rs-301156568.html,prnewswire.com,English,0.0,gdelt_gkg
INTC,2020-10-21,"Acer First Chromebook With the Qualcomm Snapdragon 7c Compute Platform is Ultraportable , 4G LTE Equipped",https://news.yahoo.com/acers-first-chromebook-qualcomm-snapdragon-135000106.html,news.yahoo.com,English,0.0,gdelt_gkg
INTC,2020-10-21,"Acer First Chromebook With the Qualcomm Snapdragon 7c Compute Platform is Ultraportable , 4G LTE Equipped",https://www.prnewswire.com/news-releases/acers-first-chromebook-with-the-qualcomm-snapdragon-7c-compute-platform-is-ultraportable-4g-lte-equipped-301156565.html,prnewswire.com,English,0.0,gdelt_gkg
INTC,2020-10-21,"Acer Releases SigridWave , an In - Game Live AI Translator Trained With Game Jargon , for Planet9",https://www.prnewswire.com:443/news-releases/acer-releases-sigridwave-an-in-game-live-ai-translator-trained-with-game-jargon-for-planet9-301156514.html,prnewswire.com,English,0.0,gdelt_gkg
INTC,2020-10-21,3D Sensors Market May See a Big Move By 2026,https://www.sandiegosun.com/news/266749947/3d-sensors-market-may-see-a-big-move-by-2026,sandiegosun.com,English,0.0,gdelt_gkg
INTC,2020-10-21,Acer Unveils 3 New Products in the Robust TravelMate Notebook Series for Commercial Use,https://www.prnewswire.com/news-releases/acer-unveils-3-new-products-in-the-robust-travelmate-notebook-series-for-commercial-use-301156550.html,prnewswire.com,English,0.0,gdelt_gkg
INTC,2020-10-21,"Tourist Hotspots in Spain to Provide Secure , Auto - Connected Wi - Fi With First Spanish Deployment of WBA OpenRoaming™ by WIONGO",https://www.realwire.com/releases/Tourist-Hotspots-in-Spain-to-Provide-Secure-Auto-Connected-Wi-Fi,realwire.com,English,0.0,gdelt_gkg
INTC,2020-10-21,Were Hedge Funds Right About Dipping Their Toes Into Walmart Inc . ( WMT )? ,https://www.insidermonkey.com/blog/were-hedge-funds-right-about-dipping-their-toes-into-walmart-inc-wmt-886469/,insidermonkey.com,English,0.0,gdelt_gkg
INTC,2020-10-21,"PDF : Current Growth Status Of Artificial Intelligence ( AI ) in Cyber security Market 2020 | Darktrace ( NAS : TSCO ), Cylance ( NYS : CE ) ",https://www.texasguardian.com/news/266750329/pdf-current-growth-status-of-artificial-intelligence-ai-in-cyber-security-market-2020--darktrace-nastsco-cylancenysce,texasguardian.com,English,0.0,gdelt_gkg
INTC,2020-10-21,Acer Reveals New LED & Laser Projectors for Entertainment and Business,https://www.prnewswire.com:443/news-releases/acer-reveals-new-led--laser-projectors-for-entertainment-and-business-301156516.html,prnewswire.com,English,0.0,gdelt_gkg
INTC,2020-10-21,"Acer Releases SigridWave , an In - Game Live AI Translator Trained With Game Jargon , for Planet9",https://www.prnewswire.com/news-releases/acer-releases-sigridwave-an-in-game-live-ai-translator-trained-with-game-jargon-for-planet9-301156514.html,prnewswire.com,English,0.0,gdelt_gkg
INTC,2020-10-21,Acer Announces New ConceptD PCs for Creators,https://www.prnewswire.com/news-releases/acer-announces-new-conceptd-pcs-for-creators-301156509.html,prnewswire.com,English,0.0,gdelt_gkg
INTC,2020-10-21,"Acer First Chromebook With the Qualcomm Snapdragon 7c Compute Platform is Ultraportable , 4G LTE Equipped",https://www.prnewswire.com:443/news-releases/acers-first-chromebook-with-the-qualcomm-snapdragon-7c-compute-platform-is-ultraportable-4g-lte-equipped-301156565.html,prnewswire.com,English,0.0,gdelt_gkg
INTC,2020-10-21,Acer Reveals New LED & Laser Projectors for Entertainment and Business,https://www.prnewswire.com/news-releases/acer-reveals-new-led--laser-projectors-for-entertainment-and-business-301156516.html,prnewswire.com,English,0.0,gdelt_gkg
INTC,2020-10-21,Acer Unveils 3 New Products in the Robust TravelMate Notebook Series for Commercial Use,https://www.prnewswire.com:443/news-releases/acer-unveils-3-new-products-in-the-robust-travelmate-notebook-series-for-commercial-use-301156550.html,prnewswire.com,English,0.0,gdelt_gkg
INTC,2020-10-21,"$115 . 35 Bn Non - Volatile Memory Express ( NVMe ) Markets , 2025 : Impact of COVID - 19 - Device , End User , Communication , Industry , Funding",http://www.globenewswire.com/news-release/2020/10/21/2111583/0/en/115-35-Bn-Non-Volatile-Memory-Express-NVMe-Markets-2025-Impact-of-COVID-19-Device-End-User-Communication-Industry-Funding.html,globenewswire.com,English,0.0,gdelt_gkg
INTC,2020-10-21,"PDF : Current Growth Status Of Artificial Intelligence ( AI ) in Cyber security Market 2020 | Darktrace ( NAS : TSCO ), Cylance ( NYS : CE ) ",https://www.newyorktelegraph.com/news/266750329/pdf-current-growth-status-of-artificial-intelligence-ai-in-cyber-security-market-2020--darktrace-nastsco-cylancenysce,newyorktelegraph.com,English,0.0,gdelt_gkg
INTC,2020-10-21,3D Sensors Market May See a Big Move By 2026,https://www.texasguardian.com/news/266749947/3d-sensors-market-may-see-a-big-move-by-2026,texasguardian.com,English,0.0,gdelt_gkg
INTC,2020-10-21,"Madison Strategic Sector Premium Fund ( NYSE : MSP ), Intel Corporation ( NASDAQ : INTC ) - IPO Outlook : McAfee , Cloud Company Datto Lead The Week",https://www.benzinga.com/news/20/10/17944832/ipo-outlook-mcafee-cloud-company-datto-lead-the-week,benzinga.com,English,0.0,gdelt_gkg
INTC,2020-10-21,3D Sensors Market May See a Big Move By 2026,https://www.newyorktelegraph.com/news/266749947/3d-sensors-market-may-see-a-big-move-by-2026,newyorktelegraph.com,English,0.0,gdelt_gkg
INTC,2020-10-21,"Acer Announces Latest Lineup of Consumer Notebooks Across Swift , Spin and Aspire Series",https://www.prnewswire.com:443/news-releases/acer-announces-latest-lineup-of-consumer-notebooks-across-swift-spin-and-aspire-series-301156557.html,prnewswire.com,English,0.0,gdelt_gkg
INTC,2020-10-21,"Tourist Hotspots in Spain to Provide Secure , Auto - Connected Wi - Fi With First Spanish Deployment of WBA OpenRoaming™ by WIONGO",http://www.itnewsonline.com/Realwire/Tourist-Hotspots-in-Spain-to-Provide-Secure-Auto-Connected-Wi-Fi-With-First-Spanish-Deployment-of-WBA-OpenRoaming-by-WIONGO/24792,itnewsonline.com,English,0.0,gdelt_gkg
INTC,2020-10-21,"Cloud Radio Access Network Market Research Report by Technology , by Component , by Network , by Deployment Area - Global Forecast to 2025",https://www.prnewswire.com:443/news-releases/cloud-radio-access-network-market-research-report-by-technology-by-component-by-network-by-deployment-area---global-forecast-to-2025---cumulative-impact-of-covid-19-301156621.html,prnewswire.com,English,0.0,gdelt_gkg
INTC,2020-10-21,"Acer Announces Latest Lineup of Consumer Notebooks Across Swift , Spin and Aspire Series",https://www.prnewswire.com/news-releases/acer-announces-latest-lineup-of-consumer-notebooks-across-swift-spin-and-aspire-series-301156557.html,prnewswire.com,English,0.0,gdelt_gkg
INTC,2020-10-21,IBM Drives Capabilities for Clients to Run Business - Critical SAP® Software Workloads on Hybrid Cloud,https://www.prnewswire.com:443/news-releases/ibm-drives-capabilities-for-clients-to-run-business-critical-sap-software-workloads-on-hybrid-cloud-301156804.html,prnewswire.com,English,0.0,gdelt_gkg
INTC,2020-10-22,"Industrial IoT Market Outlook : Major Technology Giants in Buzz Again | IBM , ABB , Texas Instruments , Cisco , Intel , Rockwell Automation and More",https://www.globenewswire.com/news-release/2020/10/22/2112635/0/en/Industrial-IoT-Market-Outlook-Major-Technology-Giants-in-Buzz-Again-IBM-ABB-Texas-Instruments-Cisco-Intel-Rockwell-Automation-and-More.html,globenewswire.com,English,0.0,gdelt_gkg
INTC,2020-10-22,"Stocks rise on improving jobs data ; AT & T , Tesla shine",https://www.foxbusiness.com/markets/us-stocks-october-22-2020,foxbusiness.com,English,0.0,gdelt_gkg
INTC,2020-10-22,"Internet of Things Software Market is Booming Worldwide | Google , Amazon Web Services , Intel",https://www.texasguardian.com/news/266760822/internet-of-things-software-market-is-booming-worldwide--google-amazon-web-services-intel,texasguardian.com,English,0.0,gdelt_gkg
INTC,2020-10-22,"Global 3D NAND Flash Memory Chip Industry Insights & Opportunity Evaluation , 2020 - 2026 | Samsung Electronics , Toshiba / SanDisk , SK Hynix Semiconductor , Micron Technology , Intel Corporation",https://www.texasguardian.com/news/266760842/global-3d-nand-flash-memory-chip-industry-insights--opportunity-evaluation-2020-2026--samsung-electronics-toshibasandisk-sk-hynix-semiconductor-micron-technology-intel-corporation,texasguardian.com,English,0.0,gdelt_gkg
INTC,2020-10-22,Supermicro 2U Ultra - E Short - Depth Server -- Now with NEBS Level 3 - Certification -- Delivers Data Center Computational Power to the Telecom Edge,https://www.finanznachrichten.de/nachrichten-2020-10/51028851-supermicro-2u-ultra-e-short-depth-server-now-with-nebs-level-3-certification-delivers-data-center-computational-power-to-the-telecom-edge-008.htm,finanznachrichten.de,English,0.0,gdelt_gkg
INTC,2020-10-22,Labrador Celebrates the Most Transparent Industries in the US |,http://security.itbusinessnet.com/2020/10/labrador-celebrates-the-most-transparent-industries-in-the-us/,security.itbusinessnet.com,English,0.0,gdelt_gkg
INTC,2020-10-22,Labrador Celebrates the Most Transparent Industries in the US |,http://cloud.itbusinessnet.com/2020/10/labrador-celebrates-the-most-transparent-industries-in-the-us/,cloud.itbusinessnet.com,English,0.0,gdelt_gkg
INTC,2020-10-22,Labrador Celebrates the Most Transparent Industries in the US |,http://enterpriseapps.itbusinessnet.com/2020/10/labrador-celebrates-the-most-transparent-industries-in-the-us/,enterpriseapps.itbusinessnet.com,English,0.0,gdelt_gkg
INTC,2020-10-22," ( MCFE ), Intel Corporation ( NASDAQ : INTC ) - McAfee Corp IPO : What Investors Need To Know",https://www.benzinga.com/news/20/10/18013515/mcafee-corp-ipo-what-investors-need-to-know,benzinga.com,English,0.0,gdelt_gkg
INTC,2020-10-22,"Global 3D NAND Flash Memory Chip Industry Insights & Opportunity Evaluation , 2020 - 2026 | Samsung Electronics , Toshiba / SanDisk , SK Hynix Semiconductor , Micron Technology , Intel Corporation",https://www.newyorktelegraph.com/news/266760842/global-3d-nand-flash-memory-chip-industry-insights--opportunity-evaluation-2020-2026--samsung-electronics-toshibasandisk-sk-hynix-semiconductor-micron-technology-intel-corporation,newyorktelegraph.com,English,0.0,gdelt_gkg
INTC,2020-10-22,"Quantum Computing Technologies Market Analysis , Size , Share , Trending Technologies , Strategies And Growth Opportunities Up To 2026 | Airbus Group , Cambridge Quantum Computing , IBM , Google Quantum AI Lab , Microsoft Quantum Architectures",https://markets.financialcontent.com/stocks/news/read/40547083/quantum_computing_technologies_market_analysis,markets.financialcontent.com,English,0.0,gdelt_gkg
INTC,2020-10-22,"Internet of Things Software Market is Booming Worldwide | Google , Amazon Web Services , Intel",https://www.sandiegosun.com/news/266760822/internet-of-things-software-market-is-booming-worldwide--google-amazon-web-services-intel,sandiegosun.com,English,0.0,gdelt_gkg
INTC,2020-10-22,Intel Corporation ( NASDAQ : INTC ) - Mike Khouw Sees Unusual Options Activity In Intel,https://www.benzinga.com/markets/options/20/10/18009393/mike-khouw-sees-unusual-options-activity-in-intel,benzinga.com,English,0.0,gdelt_gkg
INTC,2020-10-22,"Global 3D NAND Flash Memory Chip Industry Insights & Opportunity Evaluation , 2020 - 2026 | Samsung Electronics , Toshiba / SanDisk , SK Hynix Semiconductor , Micron Technology , Intel Corporation",https://www.sandiegosun.com/news/266760842/global-3d-nand-flash-memory-chip-industry-insights--opportunity-evaluation-2020-2026--samsung-electronics-toshibasandisk-sk-hynix-semiconductor-micron-technology-intel-corporation,sandiegosun.com,English,0.0,gdelt_gkg
INTC,2020-10-22,A Peek Into The Markets : US Stock Futures Fall ; Tesla Beats Q3 Estimates,https://www.benzinga.com/news/earnings/20/10/18009899/a-peek-into-the-markets-us-stock-futures-fall-tesla-beats-q3-estimates,benzinga.com,English,0.0,gdelt_gkg
INTC,2020-10-22,Labrador Celebrates the Most Transparent Industries in the US |,http://hardware.itbusinessnet.com/2020/10/labrador-celebrates-the-most-transparent-industries-in-the-us/,hardware.itbusinessnet.com,English,0.0,gdelt_gkg
INTC,2020-10-22,"Internet of Things Software Market is Booming Worldwide | Google , Amazon Web Services , Intel",https://www.newyorktelegraph.com/news/266760822/internet-of-things-software-market-is-booming-worldwide--google-amazon-web-services-intel,newyorktelegraph.com,English,0.0,gdelt_gkg
INTC,2020-10-22,"7 Stocks To Watch For October 22 , 2020",https://www.benzinga.com/news/earnings/20/10/18009208/7-stocks-to-watch-for-october-22-2020,benzinga.com,English,0.0,gdelt_gkg
INTC,2020-10-22,"PDF of Global Civil Drone Market Growth , In - depth Insight And Research Finding To 2020 - 2026 | 3D Robotics , Aerovironment , Drone Volt , ECA Group",https://www.newyorktelegraph.com/news/266758544/pdf-of-global-civil-drone-market-growth-in-depth-insight-and-research-finding-to-2020-2026--3d-robotics-aerovironment-drone-volt-eca-group,newyorktelegraph.com,English,0.0,gdelt_gkg
INTC,2020-10-22,"PDF of Global Civil Drone Market Growth , In - depth Insight And Research Finding To 2020 - 2026 | 3D Robotics , Aerovironment , Drone Volt , ECA Group",https://www.texasguardian.com/news/266758544/pdf-of-global-civil-drone-market-growth-in-depth-insight-and-research-finding-to-2020-2026--3d-robotics-aerovironment-drone-volt-eca-group,texasguardian.com,English,0.0,gdelt_gkg
INTC,2020-10-22,"PDF of Global Civil Drone Market Growth , In - depth Insight And Research Finding To 2020 - 2026 | 3D Robotics , Aerovironment , Drone Volt , ECA Group",https://www.sandiegosun.com/news/266758544/pdf-of-global-civil-drone-market-growth-in-depth-insight-and-research-finding-to-2020-2026--3d-robotics-aerovironment-drone-volt-eca-group,sandiegosun.com,English,0.0,gdelt_gkg
INTC,2020-10-22," ( MCFE ), ( FROG ) - McAfee Raises $740M In IPO",https://www.benzinga.com/news/20/10/18007629/mcafee-raises-740m-in-ipo,benzinga.com,English,0.0,gdelt_gkg
INTC,2020-10-22,"The global wireless connectivity market is estimated to grow from USD 69 . 0 billion in 2020 to USD 141 . 1 billion by 2025 , at a CAGR of 15 . 4 % - Press Release",http://www.digitaljournal.com/pr/4850366,digitaljournal.com,English,0.0,gdelt_gkg
INTC,2020-10-22,"Non - Volatile Memory Express ( NVMe ) Market Growth and key Industry Players , 2020 Analysis and Forecast",https://www.newyorktelegraph.com/news/266759562/non-volatile-memory-express-nvme-market-growth-and-key-industry-players-2020-analysis-and-forecast,newyorktelegraph.com,English,0.0,gdelt_gkg
INTC,2020-10-22,"Non - Volatile Memory Express ( NVMe ) Market Growth and key Industry Players , 2020 Analysis and Forecast",https://www.texasguardian.com/news/266759562/non-volatile-memory-express-nvme-market-growth-and-key-industry-players-2020-analysis-and-forecast,texasguardian.com,English,0.0,gdelt_gkg
INTC,2020-10-22,"Non - Volatile Memory Express ( NVMe ) Market Growth and key Industry Players , 2020 Analysis and Forecast",https://www.sandiegosun.com/news/266759562/non-volatile-memory-express-nvme-market-growth-and-key-industry-players-2020-analysis-and-forecast,sandiegosun.com,English,0.0,gdelt_gkg
INTC,2020-10-22,Intel Powers First Satellite with AI on Board – Parabolic Arc,http://www.parabolicarc.com/2020/10/22/intel-powers-first-satellite-with-ai-on-board/,parabolicarc.com,English,0.0,gdelt_gkg
INTC,2020-10-22,Labrador Celebrates the Most Transparent Industries in the US |,http://business.itbusinessnet.com/2020/10/labrador-celebrates-the-most-transparent-industries-in-the-us/,business.itbusinessnet.com,English,0.0,gdelt_gkg
INTC,2020-10-22,Labrador Celebrates the Most Transparent Industries in the US |,http://networking.itbusinessnet.com/2020/10/labrador-celebrates-the-most-transparent-industries-in-the-us/,networking.itbusinessnet.com,English,0.0,gdelt_gkg
INTC,2020-10-22,"Asia Industry 4 . 0 Market 2020 Analysis and Precise Outlook - Mitsubishi Electric , Omron Corporation , Yokogawa Electric Corporation , Fanuc Corporation",https://markets.financialcontent.com/stocks/news/read/40545583/asia_industry_4.0_market_2020_analysis_and_precise_outlook_,markets.financialcontent.com,English,0.0,gdelt_gkg
INTC,2020-10-23,英特爾明年初決定是否委外 法人 ： 台積電可望接單 | 證券,https://www.cna.com.tw/news/afe/202010230224.aspx,cna.com.tw,Chinese,0.0,gdelt_gkg
INTC,2020-10-23,Intel Beat Earnings Expectations . Why Its Stock Is Tumbling . ,https://www.marketwatch.com/articles/intel-beat-earnings-expectations-why-its-stock-is-tumbling-51603401405,marketwatch.com,English,0.0,gdelt_gkg
INTC,2020-10-23,A Peek Into The Markets : US Stock Futures Gain ; FDA Approves Gilead Covid - 19 Drug,https://www.benzinga.com/news/earnings/20/10/18030466/a-peek-into-the-markets-us-stock-futures-gain-fda-approves-gileads-covid-19-drug,benzinga.com,English,0.0,gdelt_gkg
INTC,2020-10-23,Intel ( INTC ) Q3 2020 Earnings Call Transcript,https://www.fool.com/earnings/call-transcripts/2020/10/23/intel-intc-q3-2020-earnings-call-transcript/?source=iedfolrf0000001,fool.com,English,0.0,gdelt_gkg
INTC,2020-10-23,"Xinhua world news summary at 0030 GMT , Oct . 23",https://www.brazilsun.com/news/266765674/xinhua-world--summary-at-0030-gmt-oct-23,brazilsun.com,English,0.0,gdelt_gkg
INTC,2020-10-23,Dell Precision 7510 - LinuxFr . org,https://linuxfr.org/forums/general-petites-annonces/posts/dell-precision-7510,linuxfr.org,English,0.0,gdelt_gkg
INTC,2020-10-23,A New Future Market Insights Study Analyses Growth of EUV Lithography Market in Light of the Global Corona Virus Outbreak,http://www.comunicati.net/comunicati/arte/ballo_e_danza/667898.html,comunicati.net,English,0.0,gdelt_gkg
INTC,2020-10-23,"5 Stocks To Watch For October 23 , 2020",https://www.benzinga.com/news/earnings/20/10/18029901/5-stocks-to-watch-for-october-23-2020,benzinga.com,English,0.0,gdelt_gkg
INTC,2020-10-24,"Smart Stadium Market 2020 Along With Covid - 19 Impact Analysis , Advancement And Outlook 2025",https://www.briefingwire.com/pr/smart-stadium-market-2020-along-with-covid-19-impact-analysis-advancement-and-outlook-2025,briefingwire.com,English,0.0,gdelt_gkg
INTC,2020-10-24,"Fairer sex : Women are , indeed , the fairer sex - The Economic Times",https://economictimes.indiatimes.com/magazines/panache/women-are-indeed-the-fairer-sex/articleshow/78840512.cms,economictimes.indiatimes.com,English,0.0,gdelt_gkg
INTC,2020-10-24,Investing . com Weekly Wrap - Up 23October 2020,http://econintersect.com/pages/investing/investing.php?post=202010240153,econintersect.com,English,0.0,gdelt_gkg
INTC,2020-10-24,"Semiconductor Packaging Market 2020 SWOT Analysis and Key Business Strategies by Leading Players – Fujitsu Ltd , UTAC Group , Chipmos Technologies , Inc ., Chipbond Technology Corporation",https://markets.financialcontent.com/stocks/news/read/40554958/semiconductor_packaging_market_2020_swot_analysis_and_key_business_strategies_by_leading_players_%E2%80%93_fujitsu_ltd,markets.financialcontent.com,English,0.0,gdelt_gkg
INTC,2020-10-24,Server Chassis Market Technology Advancement and Future Scope Till 2025,http://finance.dailyherald.com/dailyherald/news/read/40555045/server_chassis_market_technology_advancement_and_future_scope_till_2025,finance.dailyherald.com,English,0.0,gdelt_gkg
INTC,2020-10-24, 《 國際產業 》 英特爾上修全年財測 但Q4不如預期 _ 富聯網,http://ww2.money-link.com.tw/RealtimeNews/NewsContent.aspx?sn=4335685001&pu=News_0001_7,ww2.money-link.com.tw,Chinese,0.0,gdelt_gkg
INTC,2020-10-24, 《 國際產業 》 英特爾上修全年財測 但Q4不如預期 _ 富聯網,http://ww2.money-link.com.tw/RealtimeNews/NewsContent.aspx?sn=4335685001&pu=News_0031,ww2.money-link.com.tw,Chinese,0.0,gdelt_gkg
INTC,2020-10-24,"Augmented Reality Market worth $72 . 7 billion by 2024 , at a CAGR of 46 . 6 % - Press Release",http://www.digitaljournal.com/pr/4853425,digitaljournal.com,English,0.0,gdelt_gkg
INTC,2020-10-25,10 Biggest Price Target Changes For Friday,https://www.benzinga.com/analyst-ratings/price-target/20/10/18031571/10-biggest-price-target-changes-for-friday,benzinga.com,English,0.0,gdelt_gkg
INTC,2020-10-25,"The first satellite with AI onboard is now in orbit , and its tech could completely change how we respond to wildfires",https://www.businessinsider.in/tech/news/the-first-satellite-with-ai-onboard-is-now-in-orbit-and-its-tech-could-completely-change-how-we-respond-to-wildfires/articleshow/78858333.cms,businessinsider.in,English,0.0,gdelt_gkg
INTC,2020-10-25,Latest innovation in Medical Electronics Market 2020 Where,https://www.openpr.com/news/2170743/latest-innovation-in-medical-electronics-market-2020-where,openpr.com,English,0.0,gdelt_gkg
INTC,2020-10-25,Qualitative report on M and A Platform Market 2020 with COVID19,https://www.openpr.com/news/2170742/qualitative-report-on-m-and-a-platform-market-2020-with-covid19,openpr.com,English,0.0,gdelt_gkg
INTC,2020-10-25,Explore how Mining Drilling Services market is thriving,https://www.openpr.com/news/2170740/explore-how-mining-drilling-services-market-is-thriving,openpr.com,English,0.0,gdelt_gkg
INTC,2020-10-25,"The first satellite with AI onboard is now in orbit , and its tech could completely change how we respond to wildfires",http://www.msn.com/en-us/news/technology/the-first-satellite-with-ai-onboard-is-now-in-orbit-and-its-tech-could-completely-change-how-we-respond-to-wildfires/ar-BB1anctZ,msn.com,English,0.0,gdelt_gkg
INTC,2020-10-26,Healthcare Cognitive Computing Market Opportunities and Industry Expansion Strategies by 2027,https://www.newyorktelegraph.com/news/266797556/healthcare-cognitive-computing-market-opportunities-and-industry-expansion-strategies-by-2027--medwhat-ibm-cognitivescale-apixio,newyorktelegraph.com,English,0.0,gdelt_gkg
INTC,2020-10-26,"Digital Transformation in Oil and Gas Market to Witness Massive Growth | Emerson Electric , General Electric , IBM Corporation",https://www.texasguardian.com/news/266796748/digital-transformation-in-oil-and-gas-market-to-witness-massive-growth--emerson-electric-general-electric-ibm-corporation,texasguardian.com,English,0.0,gdelt_gkg
INTC,2020-10-26,"Fog Computing Market Forecast - Growth Analysis , Trends , Demand , Competitive Landscape to 2022",https://www.briefingwire.com/pr/fog-computing-market-forecast-growth-analysis-trends-demand-competitive-landscape-to-2022,briefingwire.com,English,0.0,gdelt_gkg
INTC,2020-10-26,Linux Foundation Focuses on Science and Research to Advance Diversity and Inclusion in Software Engineering,https://apnews.com/press-release/pr-newswire/race-and-ethnicity-science-business-technology-oceania-94e1143fb0114807436190b41c0c15bc,apnews.com,English,0.0,gdelt_gkg
INTC,2020-10-26,Linux Foundation Focuses on Science and Research to Advance Diversity and Inclusion in Software Engineering,https://www.linuxfoundation.org/press-release/2020/10/linux-foundation-focuses-on-science-and-research-to-advance-diversity-and-inclusion-in-software-engineering/,linuxfoundation.org,English,0.0,gdelt_gkg
INTC,2020-10-26,"Apple Inc . ( NASDAQ : AAPL ), ( ABBV ) - FAANGs In Focus : Amazon , Facebook , Apple , Alphabet , All Set To Report Later This Week",https://www.benzinga.com/news/earnings/20/10/18055872/faangs-in-focus-amazon-facebook-apple-alphabet-all-set-to-report-later-this-week,benzinga.com,English,0.0,gdelt_gkg
INTC,2020-10-26,Linux Foundation Focuses on Science and Research to Advance Diversity and Inclusion in Software Engineering,https://www.prnewswire.com/news-releases/linux-foundation-focuses-on-science-and-research-to-advance-diversity-and-inclusion-in-software-engineering-301159505.html,prnewswire.com,English,0.0,gdelt_gkg
INTC,2020-10-26,"Digital Transformation in Oil and Gas Market to Witness Massive Growth | Emerson Electric , General Electric , IBM Corporation",https://www.sandiegosun.com/news/266796748/digital-transformation-in-oil-and-gas-market-to-witness-massive-growth--emerson-electric-general-electric-ibm-corporation,sandiegosun.com,English,0.0,gdelt_gkg
INTC,2020-10-26,ก . พ . ร . ผลักดันให้ส่วนราชการปรับปรุงประสิทธิภาพด้านเศรษฐกิจ การท่องเที่ยว,http://www.newswit.com/gen/2020-10-26/935d2b7fe23b86b5a4935e14f14071ca/,newswit.com,Thai,0.0,gdelt_gkg
INTC,2020-10-26,Healthcare Cognitive Computing Market Opportunities and Industry Expansion Strategies by 2027,https://www.sandiegosun.com/news/266797556/healthcare-cognitive-computing-market-opportunities-and-industry-expansion-strategies-by-2027--medwhat-ibm-cognitivescale-apixio,sandiegosun.com,English,0.0,gdelt_gkg
INTC,2020-10-26,"Automotive Electronic Control Unit Market to Hit USD 84 Billion by 2027 ; Increasing Demand for Efficient Engine Automation Solutions in Vehicles to Boost ECU Market Growth , Says Fortune Business Insights™",https://www.benzinga.com/pressreleases/20/10/g18050798/automotive-electronic-control-unit-market-to-hit-usd-84-billion-by-2027-increasing-demand-for-effi,benzinga.com,English,0.0,gdelt_gkg
INTC,2020-10-26,"Wireless Intrusion Prevention System ( WIPS ) Market 2020 , Global Trends , Opportunity and Growth Analysis Forecast by 2025",https://brazilbusiness.einnews.com/pr_news/529257586/wireless-intrusion-prevention-system-wips-market-2020-global-trends-opportunity-and-growth-analysis-forecast-by-2025,brazilbusiness.einnews.com,English,0.0,gdelt_gkg
INTC,2020-10-26,"Intel Corporation ( NASDAQ : INTC ), ( CLUBQ ) - How To Really Hedge Your Portfolio",https://www.benzinga.com/markets/penny-stocks/20/10/18057708/how-to-really-hedge-your-portfolio,benzinga.com,English,0.0,gdelt_gkg
INTC,2020-10-26,"Digital Transformation in Oil and Gas Market to Witness Massive Growth | Emerson Electric , General Electric , IBM Corporation",https://www.newyorktelegraph.com/news/266796748/digital-transformation-in-oil-and-gas-market-to-witness-massive-growth--emerson-electric-general-electric-ibm-corporation,newyorktelegraph.com,English,0.0,gdelt_gkg
INTC,2020-10-26,Healthcare Cognitive Computing Market Opportunities and Industry Expansion Strategies by 2027,https://www.texasguardian.com/news/266797556/healthcare-cognitive-computing-market-opportunities-and-industry-expansion-strategies-by-2027--medwhat-ibm-cognitivescale-apixio,texasguardian.com,English,0.0,gdelt_gkg
INTC,2020-10-26,CIO Leadership : HMG Strategy Smashes Registration Records for its Global Women in Technology Summit on Oct . 26,https://news.yahoo.com/cio-leadership-hmg-strategy-smashes-152700996.html,news.yahoo.com,English,0.0,gdelt_gkg
INTC,2020-10-27,Automotive Semiconductor Market Players Hope for a Revival in Passenger Vehicles Segment : Future Market Insights,https://www.stlouisstar.com/news/266807618/automotive-semiconductor-market-players-hope-for-a-revival-in-passenger-vehicles-segment-future-market-insights,stlouisstar.com,English,0.0,gdelt_gkg
INTC,2020-10-27,Automotive Semiconductor Market Players Hope for a Revival in Passenger Vehicles Segment : Future Market Insights,https://www.nashvilleherald.com/news/266807618/automotive-semiconductor-market-players-hope-for-a-revival-in-passenger-vehicles-segment-future-market-insights,nashvilleherald.com,English,0.0,gdelt_gkg
INTC,2020-10-27,Automotive Semiconductor Market Players Hope for a Revival in Passenger Vehicles Segment : Future Market Insights,https://www.hawaiitelegraph.com/news/266807618/automotive-semiconductor-market-players-hope-for-a-revival-in-passenger-vehicles-segment-future-market-insights,hawaiitelegraph.com,English,0.0,gdelt_gkg
INTC,2020-10-27,Automotive Semiconductor Market Players Hope for a Revival in Passenger Vehicles Segment : Future Market Insights,https://www.saltlakecitysun.com/news/266807618/automotive-semiconductor-market-players-hope-for-a-revival-in-passenger-vehicles-segment-future-market-insights,saltlakecitysun.com,English,0.0,gdelt_gkg
INTC,2020-10-27,Intel Corporation ( INTC ) ,https://www.benzinga.com/topic/intel-corporation-intc,benzinga.com,English,0.0,gdelt_gkg
INTC,2020-10-27,Automotive Semiconductor Market Players Hope for a Revival in Passenger Vehicles Segment : Future Market Insights,https://www.newjerseytelegraph.com/news/266807618/automotive-semiconductor-market-players-hope-for-a-revival-in-passenger-vehicles-segment-future-market-insights,newjerseytelegraph.com,English,0.0,gdelt_gkg
INTC,2020-10-27,Automotive Semiconductor Market Players Hope for a Revival in Passenger Vehicles Segment : Future Market Insights,https://www.finanznachrichten.de/nachrichten-2020-10/51067347-automotive-semiconductor-market-players-hope-for-a-revival-in-passenger-vehicles-segment-future-market-insights-200.htm,finanznachrichten.de,English,0.0,gdelt_gkg
INTC,2020-10-27,"Advanced Micro Devices , Inc . ( NYSE : AMD ), Intel Corporation ( NASDAQ : INTC ) - Tuesday Market Minute : What AMD , XLNX Deal Means For Investors",https://www.benzinga.com/news/earnings/20/10/18075384/tuesdays-market-minute-what-amd-xlnx-deal-means-for-investors,benzinga.com,English,0.0,gdelt_gkg
INTC,2020-10-27," ( AAL ), Apple Inc . ( NASDAQ : AAPL ) - Caterpillar , Pfizer , 3M Earnings Come In Better Than Expected , With Microsoft Straight Ahead",https://www.benzinga.com/news/earnings/20/10/18076139/caterpillar-pfizer-3m-earnings-come-in-better-than-expected-with-microsoft-straight-ahead,benzinga.com,English,0.0,gdelt_gkg
INTC,2020-10-27,Automotive Semiconductor Market Players Hope for a Revival in Passenger Vehicles Segment : Future Market Insights,https://www.tennesseedaily.com/news/266807618/automotive-semiconductor-market-players-hope-for-a-revival-in-passenger-vehicles-segment-future-market-insights,tennesseedaily.com,English,0.0,gdelt_gkg
INTC,2020-10-27,"AMD Announces $35 Billion Xilinx Acquisition , Hopes To Target Multiple Markets",https://wccftech.com/amd-xilinx-acquisition-data-center-grow/,wccftech.com,English,0.0,gdelt_gkg
INTC,2020-10-27,হুয়াওয়ের কাছে  কিছু প্যানেল  বিক্রি করবে স্যামসাং ডিসপ্লে,https://bangla.bdnews24.com/tech/article1819995.bdnews,bangla.bdnews24.com,Bengali,0.0,gdelt_gkg
INTC,2020-10-27,Sales of 3D Sensor to Decelerate in 2020 as COVID - 19 Pandemic,https://www.openpr.com/news/2173164/sales-of-3d-sensor-to-decelerate-in-2020-as-covid-19-pandemic,openpr.com,English,0.0,gdelt_gkg
INTC,2020-10-27,Artificial Intelligence Chip Market Value and Forecast 2017 - 2025,https://www.briefingwire.com/pr/artificial-intelligence-chip-market-value-and-forecast-2017-2025,briefingwire.com,English,0.0,gdelt_gkg
INTC,2020-10-27,Artificial Intelligence Chip Market Value Chain and Forecast 2017 - 2025,https://www.briefingwire.com/pr/artificial-intelligence-chip-market-value-chain-and-forecast-2017-2025,briefingwire.com,English,0.0,gdelt_gkg
INTC,2020-10-27,Cloud Radio Access Network ( C - RAN ) Market 2020 Global Analysis & Forecast to 2026 Market Research Report,https://www.texasguardian.com/news/266805064/cloud-radio-access-network-c-ran-market-2020-global-analysis--forecast-to-2026-market-research-report,texasguardian.com,English,0.0,gdelt_gkg
INTC,2020-10-27,Cloud Radio Access Network ( C - RAN ) Market 2020 Global Analysis & Forecast to 2026 Market Research Report,https://www.sandiegosun.com/news/266805064/cloud-radio-access-network-c-ran-market-2020-global-analysis--forecast-to-2026-market-research-report,sandiegosun.com,English,0.0,gdelt_gkg
INTC,2020-10-27,"Global 5G Services Market 2020 - 2025 with Profiles of Major Players - Intel , Ericsson , NEC , Huawei , Qualcomm",https://www.prnewswire.com:443/news-releases/global-5g-services-market-2020-2025-with-profiles-of-major-players---intel-ericsson-nec-huawei-qualcomm-301160497.html,prnewswire.com,English,0.0,gdelt_gkg
INTC,2020-10-27,Cloud Radio Access Network ( C - RAN ) Market 2020 Global Analysis & Forecast to 2026 Market Research Report,https://www.newyorktelegraph.com/news/266805064/cloud-radio-access-network-c-ran-market-2020-global-analysis--forecast-to-2026-market-research-report,newyorktelegraph.com,English,0.0,gdelt_gkg
INTC,2020-10-27,Non - Volatile Memory Market worth $83 . 6 billion by 2025 - Exclusive Report by MarketsandMarkets,https://www.finanznachrichten.de/nachrichten-2020-10/51066863-non-volatile-memory-market-worth-dollar-83-6-billion-by-2025-exclusive-report-by-marketsandmarkets-008.htm,finanznachrichten.de,English,0.0,gdelt_gkg
INTC,2020-10-27,"Global 5G Services Market 2020 - 2025 with Profiles of Major Players - Intel , Ericsson , NEC , Huawei , Qualcomm",https://news.yahoo.com/global-5g-services-market-2020-133000691.html,news.yahoo.com,English,0.0,gdelt_gkg
INTC,2020-10-27,Non - Volatile Memory Market worth $83 . 6 billion by 2025 - Exclusive Report by MarketsandMarkets™,https://news.yahoo.com/non-volatile-memory-market-worth-133000970.html,news.yahoo.com,English,0.0,gdelt_gkg
INTC,2020-10-27,Global Neural Network Software Market - Upcoming Trends and Business Opportunities till 2023,https://www.briefingwire.com/pr/global-neural-network-software-market-upcoming-trends-and-business-opportunities-till-2023,briefingwire.com,English,0.0,gdelt_gkg
INTC,2020-10-27,Non - Volatile Memory Market worth $83 . 6 billion by 2025 - Exclusive Report by MarketsandMarkets™,https://www.prnewswire.com/news-releases/non-volatile-memory-market-worth-83-6-billion-by-2025--exclusive-report-by-marketsandmarkets-301160417.html,prnewswire.com,English,0.0,gdelt_gkg
INTC,2020-10-27,Non - Volatile Memory Market worth $83 . 6 billion by 2025 - Exclusive Report by MarketsandMarkets™,https://www.prnewswire.com:443/news-releases/non-volatile-memory-market-worth-83-6-billion-by-2025--exclusive-report-by-marketsandmarkets-301160417.html,prnewswire.com,English,0.0,gdelt_gkg
INTC,2020-10-28,"Neuromorphic Computing Systems Market , 2028",https://www.prnewswire.com:443/news-releases/neuromorphic-computing-systems-market-2028-301161695.html,prnewswire.com,English,0.0,gdelt_gkg
INTC,2020-10-28,"5G Services Market to See Promising Growth Ahead | Cisco Systems , Samsung Electronics , Ericsson , Qualcomm",https://www.sandiegosun.com/news/266814607/5g-services-market-to-see-promising-growth-ahead--cisco-systems-samsung-electronics-ericsson-qualcomm,sandiegosun.com,English,0.0,gdelt_gkg
INTC,2020-10-28,  World on the Verge of Becoming One Giant Wi - Fi Network  ,http://www.itnewsonline.com/Realwire/World-on-the-Verge-of-Becoming-One-Giant-Wi-Fi-Network/24822,itnewsonline.com,English,0.0,gdelt_gkg
INTC,2020-10-28,"Infrastructure , Federalism , and Economists",https://www.cato.org/blog/infrastructure-federalism-economists,cato.org,English,0.0,gdelt_gkg
INTC,2020-10-28,"Neuromorphic Computing Systems Market , 2028",https://www.prnewswire.com/news-releases/neuromorphic-computing-systems-market-2028-301161695.html,prnewswire.com,English,0.0,gdelt_gkg
INTC,2020-10-28,"5G Services Market to See Promising Growth Ahead | Cisco Systems , Samsung Electronics , Ericsson , Qualcomm",https://www.texasguardian.com/news/266814607/5g-services-market-to-see-promising-growth-ahead--cisco-systems-samsung-electronics-ericsson-qualcomm,texasguardian.com,English,0.0,gdelt_gkg
INTC,2020-10-28,AMD Receives Big Price Target Upgrades As Wall Street Changes Tone On Xilinx Deal,https://wccftech.com/and-price-target-upgrades-xilinx/,wccftech.com,English,0.0,gdelt_gkg
INTC,2020-10-28,"IoT for Finance Market Next Big Thing | ARM Holdings PLC , Cisco Systems , Intel Corporation",https://www.texasguardian.com/news/266814868/iot-for-finance-market-next-big-thing--arm-holdings-plc-cisco-systems-intel-corporation,texasguardian.com,English,0.0,gdelt_gkg
INTC,2020-10-28,"IoT for Finance Market Next Big Thing | ARM Holdings PLC , Cisco Systems , Intel Corporation",https://www.sandiegosun.com/news/266814868/iot-for-finance-market-next-big-thing--arm-holdings-plc-cisco-systems-intel-corporation,sandiegosun.com,English,0.0,gdelt_gkg
INTC,2020-10-28,"5G Services Market to See Promising Growth Ahead | Cisco Systems , Samsung Electronics , Ericsson , Qualcomm",https://ipsnews.net/business/2020/10/28/5g-services-market-to-see-promising-growth-ahead-cisco-systems-samsung-electronics-ericsson-qualcomm/,ipsnews.net,English,0.0,gdelt_gkg
INTC,2020-10-28,How Artificial Intelligence Can Help Construction Business,https://www.openpr.com/news/2174370/how-artificial-intelligence-can-help-construction-business,openpr.com,English,0.0,gdelt_gkg
INTC,2020-10-28,"IoT for Finance Market Next Big Thing | ARM Holdings PLC , Cisco Systems , Intel Corporation",https://www.newyorktelegraph.com/news/266814868/iot-for-finance-market-next-big-thing--arm-holdings-plc-cisco-systems-intel-corporation,newyorktelegraph.com,English,0.0,gdelt_gkg
INTC,2020-10-28,  World on the Verge of Becoming One Giant Wi - Fi Network  ,https://www.realwire.com/releases/World-on-the-Verge-of-Becoming-One-Giant-Wi-Fi-Network,realwire.com,English,0.0,gdelt_gkg
INTC,2020-10-29,"Global Non - Volatile Memory Express ( NVMe ) Market , 2020 - 2025 : Growth Opportunities in Big Data Analytics and Artificial Intelligence",https://www.prnewswire.com/news-releases/global-non-volatile-memory-express-nvme-market-2020-2025-growth-opportunities-in-big-data-analytics-and-artificial-intelligence-301162833.html,prnewswire.com,English,0.0,gdelt_gkg
INTC,2020-10-29,"Global Non - Volatile Memory Express ( NVMe ) Market , 2020 - 2025 : Growth Opportunities in Big Data Analytics and Artificial Intelligence",https://news.yahoo.com/global-non-volatile-memory-express-141500042.html,news.yahoo.com,English,0.0,gdelt_gkg
INTC,2020-10-29,"Electronic PC Accessories Industry Key Drivers , Business Insights And Forecast 2026 | Western Digital Corporation , Logitech , Lenovo , Microsoft , ASUSTeK",https://www.newyorktelegraph.com/news/266824611/electronic-pc-accessories-industry-key-drivers-business-insights-and-forecast-2026--western-digital-corporation-logitech-lenovo-microsoft-asustek,newyorktelegraph.com,English,0.0,gdelt_gkg
INTC,2020-10-29,"Global Intelligent Platform Management Interface Market - Future Prospects , Industry Growth to 2023",https://www.briefingwire.com/pr/global-intelligent-platform-management-interface-market-future-prospects-industry-growth-to-2023,briefingwire.com,English,0.0,gdelt_gkg
INTC,2020-10-29,"shepreneurs : ET Women Forum : Listen up , shepreneurs ! Support and sisterhood is now a click away",https://economictimes.indiatimes.com/magazines/panache/et-womens-forum-listen-up-shepreneurs-support-and-sisterhood-is-now-a-click-away/articleshow/78925812.cms,economictimes.indiatimes.com,English,0.0,gdelt_gkg
INTC,2020-10-29,"OWC Announces Envoy Pro Elektron The Fastest , Toughest Mini - Sized USB - C Bus - Powered SSD",https://www.prnewswire.com/news-releases/owc-announces-envoy-pro-elektron-the-fastest-toughest-mini-sized-usb-c-bus-powered-ssd-301162960.html,prnewswire.com,English,0.0,gdelt_gkg
INTC,2020-10-29,"3D NAND Flash Memory Market Experience Significant Growth by 2025 | Samsung Electronics Co ., Ltd ., Toshiba Corporation , SK Hynix Semiconductor",https://www.newyorktelegraph.com/news/266822791/3d-nand-flash-memory-market-experience-significant-growth-by-2025--samsung-electronics-co-ltd-toshiba-corporation-sk-hynix-semiconductor,newyorktelegraph.com,English,0.0,gdelt_gkg
INTC,2020-10-29,"3D NAND Flash Memory Market Experience Significant Growth by 2025 | Samsung Electronics Co ., Ltd ., Toshiba Corporation , SK Hynix Semiconductor",https://www.sandiegosun.com/news/266822791/3d-nand-flash-memory-market-experience-significant-growth-by-2025--samsung-electronics-co-ltd-toshiba-corporation-sk-hynix-semiconductor,sandiegosun.com,English,0.0,gdelt_gkg
INTC,2020-10-29,"Electronic PC Accessories Industry Key Drivers , Business Insights And Forecast 2026 | Western Digital Corporation , Logitech , Lenovo , Microsoft , ASUSTeK",https://www.texasguardian.com/news/266824611/electronic-pc-accessories-industry-key-drivers-business-insights-and-forecast-2026--western-digital-corporation-logitech-lenovo-microsoft-asustek,texasguardian.com,English,0.0,gdelt_gkg
INTC,2020-10-29,"3D NAND Flash Memory Market Experience Significant Growth by 2025 | Samsung Electronics Co ., Ltd ., Toshiba Corporation , SK Hynix Semiconductor",https://www.texasguardian.com/news/266822791/3d-nand-flash-memory-market-experience-significant-growth-by-2025--samsung-electronics-co-ltd-toshiba-corporation-sk-hynix-semiconductor,texasguardian.com,English,0.0,gdelt_gkg
INTC,2020-10-29,"Electronic PC Accessories Industry Key Drivers , Business Insights And Forecast 2026 | Western Digital Corporation , Logitech , Lenovo , Microsoft , ASUSTeK",https://www.sandiegosun.com/news/266824611/electronic-pc-accessories-industry-key-drivers-business-insights-and-forecast-2026--western-digital-corporation-logitech-lenovo-microsoft-asustek,sandiegosun.com,English,0.0,gdelt_gkg
INTC,2020-10-30,"Automotive Cyber Security Market Status , Growth and Technology Advancements 2020 - 2025",http://markets.buffalonews.com/buffnews/news/read/40580766/automotive_cyber_security_market_status,markets.buffalonews.com,English,0.0,gdelt_gkg
INTC,2020-10-30,"Automotive Cyber Security Market Status , Growth and Technology Advancements 2020 - 2025",http://finance.dailyherald.com/dailyherald/news/read/40580766/automotive_cyber_security_market_status,finance.dailyherald.com,English,0.0,gdelt_gkg
INTC,2020-10-31,"Industrial IoT Market Size , Share , Industry Report with | Arm Limited , Cisco , Intel Corporation , GENERAL ELECTRIC , and More",https://apnews.com/press-release/wired-release/technology-business-corporate-news-products-and-services-industrial-products-and-services-f37eaab3d88e8a7ea518ff3ada691c87,apnews.com,English,0.0,gdelt_gkg
INTC,2020-11-18,Solid State Drives ( SSD ) Market by 2027 Key Opportunities and Future Demand,https://www.newyorktelegraph.com/news/267017394/solid-state-drives-ssd-market-by-2027-key-opportunities-and-future-demand,newyorktelegraph.com,English,0.0,gdelt_gkg
INTC,2020-11-18,Solid State Drives ( SSD ) Market by 2027 Key Opportunities and Future Demand,https://www.sandiegosun.com/news/267017394/solid-state-drives-ssd-market-by-2027-key-opportunities-and-future-demand,sandiegosun.com,English,0.0,gdelt_gkg
INTC,2020-11-18,Good Way Launches the World 1st Thunderbolt™ 4 Docking Station Certified by Intel for Windows and Mac . ,https://www.prweb.com/releases/good_way_launches_the_worlds_1st_thunderbolt_4_docking_station_certified_by_intel_for_windows_and_mac/prweb17547705.htm,prweb.com,English,0.0,gdelt_gkg
INTC,2020-11-18,Porsche Design Acer Book RS Now Available in the United States at Acer Store,https://www.prweb.com/releases/porsche_design_acer_book_rs_now_available_in_the_united_states_at_acer_store/prweb17554418.htm,prweb.com,English,0.0,gdelt_gkg
INTC,2020-11-18,"Industrial Internet of Things ( IIoT ) Market Analytical Overview , Growth Factors , Demand , Trends and Forecast to 2026",https://www.marketwatch.com/press-release/industrial-internet-of-things-iiot-market-analytical-overview-growth-factors-demand-trends-and-forecast-to-2026-2020-11-18,marketwatch.com,English,0.0,gdelt_gkg
INTC,2020-11-18,"Automotive Telematics Market Research Report by Technology , by Vehicle , by Services , by Distribution - Global Forecast to 2025",https://www.prnewswire.com/news-releases/automotive-telematics-market-research-report-by-technology-by-vehicle-by-services-by-distribution---global-forecast-to-2025---cumulative-impact-of-covid-19-301175869.html,prnewswire.com,English,0.0,gdelt_gkg
INTC,2020-11-18,"Deep Learning Market Report 2020 Industry Trends , Share and Size , Expected CAGR , Top players",https://www.marketwatch.com/press-release/deep-learning-market-report-2020-industry-trends-share-and-size-expected-cagr-top-players-2020-11-18,marketwatch.com,English,0.0,gdelt_gkg
INTC,2020-11-18,"Automotive Telematics Market Research Report by Technology , by Vehicle , by Services , by Distribution - Global Forecast to 2025",https://www.prnewswire.com:443/news-releases/automotive-telematics-market-research-report-by-technology-by-vehicle-by-services-by-distribution---global-forecast-to-2025---cumulative-impact-of-covid-19-301175869.html,prnewswire.com,English,0.0,gdelt_gkg
INTC,2020-11-18,"Global Medical IoT Software Market 2020 Growth Factors - Davra , VMware , Ripples IoT , HealthSaaS , STANLEY Healthcare",https://www.newyorktelegraph.com/news/267018943/global-medical-iot-software-market-2020-growth-factors---davra-vmware-ripples-iot-healthsaas-stanley-healthcare,newyorktelegraph.com,English,0.0,gdelt_gkg
INTC,2020-11-18,"Global Medical IoT Software Market 2020 Growth Factors - Davra , VMware , Ripples IoT , HealthSaaS , STANLEY Healthcare",https://www.texasguardian.com/news/267018943/global-medical-iot-software-market-2020-growth-factors---davra-vmware-ripples-iot-healthsaas-stanley-healthcare,texasguardian.com,English,0.0,gdelt_gkg
INTC,2020-11-18,Solid State Drives ( SSD ) Market by 2027 Key Opportunities and Future Demand,https://www.texasguardian.com/news/267017394/solid-state-drives-ssd-market-by-2027-key-opportunities-and-future-demand,texasguardian.com,English,0.0,gdelt_gkg
INTC,2020-11-18,"Cloud High Performance Computing Market Analysis Report 2020 : Current Industry Trends , Share and Size , Expected CAGR",https://www.marketwatch.com/press-release/cloud-high-performance-computing-market-analysis-report-2020-current-industry-trends-share-and-size-expected-cagr-2020-11-18,marketwatch.com,English,0.0,gdelt_gkg
INTC,2020-11-18,"What is a IoT Cloud Market and Why It Matters | Intel Corporation , ayla Networks , artik Cloud",https://www.texasguardian.com/news/267016252/what-is-a-iot-cloud-market-and-why-it-matters--intel-corporation-ayla-networks-artik-cloud,texasguardian.com,English,0.0,gdelt_gkg
INTC,2020-11-18,"Quantum Computing Market Size - Top Key Players Profiles and Future Prospects , Industry Growth 2023",https://www.briefingwire.com/pr/quantum-computing-market-size-top-key-players-profiles-and-future-prospects-industry-growth-2023,briefingwire.com,English,0.0,gdelt_gkg
INTC,2020-11-18,"What is a IoT Cloud Market and Why It Matters | Intel Corporation , ayla Networks , artik Cloud",https://www.sandiegosun.com/news/267016252/what-is-a-iot-cloud-market-and-why-it-matters--intel-corporation-ayla-networks-artik-cloud,sandiegosun.com,English,0.0,gdelt_gkg
INTC,2020-11-18,"Europe Field Programmable Gate Array ( FPGA ) Market by Size , Growth , Opportunity and Forecast to 2026",https://www.marketwatch.com/press-release/europe-field-programmable-gate-array-fpga-market-by-size-growth-opportunity-and-forecast-to-2026-2020-11-18,marketwatch.com,English,0.0,gdelt_gkg
INTC,2020-11-18,"What is a IoT Cloud Market and Why It Matters | Intel Corporation , ayla Networks , artik Cloud",https://www.newyorktelegraph.com/news/267016252/what-is-a-iot-cloud-market-and-why-it-matters--intel-corporation-ayla-networks-artik-cloud,newyorktelegraph.com,English,0.0,gdelt_gkg
INTC,2020-11-18,"First Intel Structured ASIC for 5G , AI , Cloud and Edge Announced",https://www.pressreleasepoint.com/first-intel-structured-asic-5g-ai-cloud-and-edge-announced,pressreleasepoint.com,English,0.0,gdelt_gkg
INTC,2020-11-18,New Intel Open FPGA Stack Eases Development of Custom Platforms,https://www.pressreleasepoint.com/new-intel-open-fpga-stack-eases-development-custom-platforms,pressreleasepoint.com,English,0.0,gdelt_gkg
INTC,2020-11-18,"Global Medical IoT Software Market 2020 Growth Factors - Davra , VMware , Ripples IoT , HealthSaaS , STANLEY Healthcare",https://www.sandiegosun.com/news/267018943/global-medical-iot-software-market-2020-growth-factors---davra-vmware-ripples-iot-healthsaas-stanley-healthcare,sandiegosun.com,English,0.0,gdelt_gkg
INTC,2020-11-18,Intel Teases 32 Core Ice Lake - SP Xeon CPU Beating A 64 Core AMD EPYC Rome CPU,https://wccftech.com/intel-claims-32-core-ice-lake-sp-xeon-beats-a-64-core-amd-epyc-rome-cpu/,wccftech.com,English,0.0,gdelt_gkg
INTC,2020-11-18,CHAYO บุ๊คกำไร 9 เดือน อยู่ที่ 119 ลบ . โตเฉียด 30 % แย้ม Q4 ฟอร์มสวย,http://www.newswit.com/fin/2020-11-18/d221b47ad002141dbf8616a8e6bcec22/,newswit.com,Thai,0.0,gdelt_gkg
INTC,2020-11-18,"North America Field Programmable Gate Array ( FPGA ) Market Share Current and Future Industry Trends , 2020 - 2026",https://www.marketwatch.com/press-release/north-america-field-programmable-gate-array-fpga-market-share-current-and-future-industry-trends-2020-2026-2020-11-18,marketwatch.com,English,0.0,gdelt_gkg
INTC,2020-11-18,NEXCOM Named to Intel Network Builders Winner Circle Awards Leaders Board for Second Year in a Row,https://www.finanznachrichten.de/nachrichten-2020-11/51273545-nexcom-named-to-intel-network-builders-winners-circle-awards-leaders-board-for-second-year-in-a-row-008.htm,finanznachrichten.de,English,0.0,gdelt_gkg
INTC,2020-11-18,NEXCOM Named to Intel Network Builders Winner Circle Awards Leaders Board for Second Year in a Row,https://www.prnewswire.com/news-releases/nexcom-named-to-intel-network-builders-winners-circle-awards-leaders-board-for-second-year-in-a-row-301174610.html,prnewswire.com,English,0.0,gdelt_gkg
INTC,2020-11-18,SHIPโซเชียลเดทติ้งแอปพลิเคชันใหม่ล่าสุด เปิดตัวในไทยแล้ว ! ,http://www.newswit.com/gen/2020-11-18/a4fd9b3a31a720d22140be99e0f0adfc/,newswit.com,Thai,0.0,gdelt_gkg
INTC,2020-11-18,Israel Maniv Mobility Leads Investment In UAE Scooter Startup Fenix,https://nocamels.com/2020/11/israel-maniv-mobility-uae-fenix/,nocamels.com,English,0.0,gdelt_gkg
INTC,2020-11-18,Smart Cities Market To See Extraordinary Growth,https://www.openpr.com/news/2189844/smart-cities-market-to-see-extraordinary-growth-abb-ltd,openpr.com,English,0.0,gdelt_gkg
INTC,2020-11-18,NEXCOM Named to Intel Network Builders Winner Circle Awards Leaders Board for Second Year in a Row,https://www.prnewswire.com:443/news-releases/nexcom-named-to-intel-network-builders-winners-circle-awards-leaders-board-for-second-year-in-a-row-301174610.html,prnewswire.com,English,0.0,gdelt_gkg
INTC,2020-11-18,theAsianparent names ex - OYO marketer as country manager in Indonesia,https://www.marketing-interactive.com/theasianparent-names-ex-oyo-marketer-as-country-manager-in-indonesia,marketing-interactive.com,English,0.0,gdelt_gkg
INTC,2020-11-18,"Global Smart Cities Market 2020 Industry Trends , Share , Opportunities , Market Research Analysis and Forecast - 2026",https://energy.einnews.com/pr_news/530951167/global-smart-cities-market-2020-industry-trends-share-opportunities-market-research-analysis-and-forecast-2026,energy.einnews.com,English,0.0,gdelt_gkg
INTC,2020-11-18,"Global Non - volatile Memory Express Market 2020 Growth Analysis , Industry Trends , Sales Revenue , Future Development Status and Forecast by 2026",https://www.marketwatch.com/press-release/global-non-volatile-memory-express-market-2020-growth-analysis-industry-trends-sales-revenue-future-development-status-and-forecast-by-2026-2020-11-17,marketwatch.com,English,0.0,gdelt_gkg
INTC,2020-11-19,PNC Promotes Senior Technology Executives Deborah Guild And Ganesh Krishnan,https://www.prnewswire.com:443/news-releases/pnc-promotes-senior-technology-executives-deborah-guild-and-ganesh-krishnan-301177704.html,prnewswire.com,English,0.0,gdelt_gkg
INTC,2020-11-19,"Virtual Customer Premises Equipment ( CPE ) Market Size , Share to Witness Unprecedented Growth Through 2027 - Industry News",https://www.marketwatch.com/press-release/virtual-customer-premises-equipment-cpe-market-size-share-to-witness-unprecedented-growth-through-2027-industry-news-2020-11-19,marketwatch.com,English,0.0,gdelt_gkg
INTC,2020-11-19,"Software - Defined Perimeter Market by Growth Rate , Key Manufacturers , Industry Size , Share and Latest Opportunities Forecast to 2023",https://www.marketwatch.com/press-release/software-defined-perimeter-market-by-growth-rate-key-manufacturers-industry-size-share-and-latest-opportunities-forecast-to-2023-2020-11-19,marketwatch.com,English,0.0,gdelt_gkg
INTC,2020-11-19,OWC Announces Mac Compatibility for New Thunderbolt Hub,https://www.prnewswire.com:443/news-releases/owc-announces-mac-compatibility-for-new-thunderbolt-hub-301177645.html,prnewswire.com,English,0.0,gdelt_gkg
INTC,2020-11-19,MSFT : 4 Tech Stocks on the Robinhood 100 to Buy for 2021,https://stocknews.com/news/msft-amzn-pypl-amd-4-tech-stocks-on-the-robinhood-100-to-buy-for/,stocknews.com,English,0.0,gdelt_gkg
INTC,2020-11-19,PNC Promotes Senior Technology Executives Deborah Guild And Ganesh Krishnan,https://www.prnewswire.com/news-releases/pnc-promotes-senior-technology-executives-deborah-guild-and-ganesh-krishnan-301177704.html,prnewswire.com,English,0.0,gdelt_gkg
INTC,2020-11-19,"Workplace Transformation Market Report 2020 Expected Growth and its Factors , CAGR , Industry Size , Business Prospects and Forecast 2023",https://www.marketwatch.com/press-release/workplace-transformation-market-report-2020-expected-growth-and-its-factors-cagr-industry-size-business-prospects-and-forecast-2023-2020-11-19,marketwatch.com,English,0.0,gdelt_gkg
INTC,2020-11-19,"Computer Vision Market Report 2020 Industry Trends , Share and Size , Complete Data Analysis across the Region and Globe",https://www.marketwatch.com/press-release/computer-vision-market-report-2020-industry-trends-share-and-size-complete-data-analysis-across-the-region-and-globe-2020-11-19,marketwatch.com,English,0.0,gdelt_gkg
INTC,2020-11-19,"Wi - Fi 6 is ready for carrier network deployment , says WBA after successful completion of trials - VanillaPlus",https://www.vanillaplus.com/2020/11/19/55873-wi-fi-6-ready-carrier-network-deployment-says-wba-successful-completion-trials/,vanillaplus.com,English,0.0,gdelt_gkg
INTC,2020-11-19,"Artificial Intelligence in Precision Medicine Market Size Estimation , Industry Share , Future Demand , Dynamics , Drivers , Research Methodology by 2025",https://www.marketwatch.com/press-release/artificial-intelligence-in-precision-medicine-market-size-estimation-industry-share-future-demand-dynamics-drivers-research-methodology-by-2025-2020-11-19,marketwatch.com,English,0.0,gdelt_gkg
INTC,2020-11-19,"Gesture Recognition Market Share and Size , Complete Data Analysis across the Region and Globe , Opportunities and Growth Forecast 2023",https://www.marketwatch.com/press-release/gesture-recognition-market-share-and-size-complete-data-analysis-across-the-region-and-globe-opportunities-and-growth-forecast-2023-2020-11-19,marketwatch.com,English,0.0,gdelt_gkg
INTC,2020-11-19,"Flip Chip Market to Generate $39 . 67 Bn , Globally , by 2027 at 6 . 1 % CAGR , Allied Market Research",https://news.yahoo.com/flip-chip-market-generate-39-125000750.html,news.yahoo.com,English,0.0,gdelt_gkg
INTC,2020-11-19,IOT Chip Market Forecast to 2027 – COVID - 19 Impact and Regional Analysis,https://www.marketwatch.com/press-release/iot-chip-market-forecast-to-2027-covid-19-impact-and-regional-analysis-2020-11-19,marketwatch.com,English,0.0,gdelt_gkg
INTC,2020-11-19,"Flip Chip Market to Generate $39 . 67 Bn , Globally , by 2027 at 6 . 1 % CAGR , Allied Market Research",https://www.prnewswire.com:443/news-releases/flip-chip-market-to-generate-39-67-bn-globally-by-2027-at-6-1-cagr-allied-market-research-301176755.html,prnewswire.com,English,0.0,gdelt_gkg
INTC,2020-11-19,Augmented Reality And Virtual Reality Market Analysis,https://www.openpr.com/news/2190526/augmented-reality-and-virtual-reality-market-analysis,openpr.com,English,0.0,gdelt_gkg
INTC,2020-11-19,"Flip Chip Market to Generate $39 . 67 Bn , Globally , by 2027 at 6 . 1 % CAGR , Allied Market Research",https://www.finanznachrichten.de/nachrichten-2020-11/51291579-flip-chip-market-to-generate-dollar-39-67-bn-globally-by-2027-at-6-1-cagr-allied-market-research-008.htm,finanznachrichten.de,English,0.0,gdelt_gkg
INTC,2020-11-19,TSMC Arizona Foundry To Be Aided By $205 Million In City Funds For Infrastructure,https://wccftech.com/tsmc-arizona-foundry-205-million-approved/,wccftech.com,English,0.0,gdelt_gkg
INTC,2020-11-19,"Neural Network Software Market by Growth Rate , Key Manufacturers , Industry Size , Share and Latest Opportunities Forecast to 2023",https://www.marketwatch.com/press-release/neural-network-software-market-by-growth-rate-key-manufacturers-industry-size-share-and-latest-opportunities-forecast-to-2023-2020-11-19,marketwatch.com,English,0.0,gdelt_gkg
INTC,2020-11-19,"Wearable Security Device Market Report 2020 Trends , Share and Size , Complete Data Analysis across the Region and Globe",https://www.marketwatch.com/press-release/wearable-security-device-market-report-2020-trends-share-and-size-complete-data-analysis-across-the-region-and-globe-2020-11-19,marketwatch.com,English,0.0,gdelt_gkg
INTC,2020-11-19,Internet of Things Market to Witness Huge Growth by 2025,https://www.openpr.com/news/2190749/internet-of-things-market-to-witness-huge-growth-by-2025,openpr.com,English,0.0,gdelt_gkg
INTC,2020-11-19,Cross - Industry Survey Reveals 79 % Plan to Adopt WBA OpenRoaming,https://www.realwire.com/releases/Cross-Industry-Survey-Reveals-79-Plan-to-Adopt-WBA-OpenRoaming,realwire.com,English,0.0,gdelt_gkg
INTC,2020-11-20,"Intel announces NUC M15 Laptop , powered by its 11th gen processors",https://indianexpress.com/article/technology/laptops/intel-announces-nuc-m15-laptop-kit-its-own-whitebook-powered-by-11th-gen-processors-7059089/,indianexpress.com,English,0.0,gdelt_gkg
INTC,2020-11-20,"NAND Flash Market Share 2020 : Top Manufacturers , Industry Size , Regional Analysis , Types and Applications and Forecasts to 2025",https://www.marketwatch.com/press-release/nand-flash-market-share-2020-top-manufacturers-industry-size-regional-analysis-types-and-applications-and-forecasts-to-2025-2020-11-20,marketwatch.com,English,0.0,gdelt_gkg
INTC,2020-11-20,Computer Microchip Market Strategic Industry Evolutionary Analysis Till 2029,https://www.eturbonews.com/1839355/computer-microchip-market-strategic-industry-evolutionary-analysis-till-2029-samsung-electronics-co-ltd/,eturbonews.com,English,0.0,gdelt_gkg
INTC,2020-11-20,IEEE InTech Virtual Forum Unites Global Leaders to Examine Tech Industry Response to Covid - 19,https://www.prnewswire.com/news-releases/ieee-intech-virtual-forum-unites-global-leaders-to-examine-tech-industrys-response-to-covid-19-301178139.html,prnewswire.com,English,0.0,gdelt_gkg
INTC,2020-11-20,"Global Quantum Technology Markets , 2020 - 2025 : Future 6G Technology Market Solutions , a Key Driver for Market Opportunities",https://www.prnewswire.com:443/news-releases/global-quantum-technology-markets-2020-2025-future-6g-technology-market-solutions-a-key-driver-for-market-opportunities-301177935.html,prnewswire.com,English,0.0,gdelt_gkg
INTC,2020-11-20,"Mixed Reality Market Size - Review , Growth Factors and Regional Forecast to 2023",https://www.briefingwire.com/pr/mixed-reality-market-size-review-growth-factors-and-regional-forecast-to-2023,briefingwire.com,English,0.0,gdelt_gkg
INTC,2020-11-20,Engadget The Morning After,https://www.engadget.com/m1-macbook-air-pro-teardown-tma-124031895.html,engadget.com,English,0.0,gdelt_gkg
INTC,2020-11-20,Solid State Drive Market can rise rapidly between 2018 and 2025,http://www.comunicati.net/comunicati/aziende/ecologia/673282.html,comunicati.net,English,0.0,gdelt_gkg
INTC,2020-11-20,PCのセキュリティを向上させるべく 、 マイクロソフトは独自チップの開発に乗り出した,https://wired.jp/2020/11/20/microsoft-pluton-secure-processor/,wired.jp,Japanese,0.0,gdelt_gkg
INTC,2020-11-20,"5G in Defense Market by Communication Infrastructure , Core Network Technology , Platform , End - user , Network Type , Chipset , Operational Frequency , Installation and Region",https://www.prnewswire.com:443/news-releases/5g-in-defense-market-by-communication-infrastructure-core-network-technology-platform-end-user-network-type-chipset-operational-frequency-installation-and-region---global-forecast-to-2025-301177932.html,prnewswire.com,English,0.0,gdelt_gkg
INTC,2020-11-20,"5G in Defense Market by Communication Infrastructure , Core Network Technology , Platform , End - user , Network Type , Chipset , Operational Frequency , Installation and Region",https://news.yahoo.com/5g-defense-market-communication-infrastructure-114500197.html,news.yahoo.com,English,0.0,gdelt_gkg
INTC,2020-11-20,"Internet of Things ( IoT ) Market scope , Global Industry Trends , Share , Size and Forecast Report By 2024",https://www.marketwatch.com/press-release/internet-of-things-iot-market-scope-global-industry-trends-share-size-and-forecast-report-by-2024-2020-11-20,marketwatch.com,English,0.0,gdelt_gkg
INTC,2020-11-20,,https://www.heise.de/solutions/intel-vpro/mobiles-arbeiten-bei-voller-leistung/,heise.de,German,0.0,gdelt_gkg
INTC,2020-11-20,"Machine Vision Market Size , Share , Trend & Growth Forecast 2027",https://www.openpr.com/news/2191292/machine-vision-market-size-share-trend-growth-forecast-2027,openpr.com,English,0.0,gdelt_gkg
INTC,2020-11-20,Data Monetization Market Competitive Landscape and Industrial Growth,https://www.eturbonews.com/1839353/data-monetization-market-competitive-landscape-and-industrial-growth-accenture-plc-capgemini-se/,eturbonews.com,English,0.0,gdelt_gkg
INTC,2020-11-20,Microprocessor Market With New Principle And Updated Strategies 2027,https://industrytoday.co.uk/it/microprocessor-market-with-new-principle-and-updated-strategies-2027-,industrytoday.co.uk,English,0.0,gdelt_gkg
INTC,2020-11-21,Neural Network Software Market Forecast to 2027 – COVID - 19 Impact and Regional Analysis,https://www.marketwatch.com/press-release/neural-network-software-market-forecast-to-2027-covid-19-impact-and-regional-analysis-2020-11-20-191754229,marketwatch.com,English,0.0,gdelt_gkg
INTC,2020-11-21,"GNSS Chip Market May Set New Growth Story | Qualcomm , Broadcom , Mediatek",https://www.sandiegosun.com/news/267042876/gnss-chip-market-may-set-new-growth-story--qualcomm-broadcom-mediatek,sandiegosun.com,English,0.0,gdelt_gkg
INTC,2020-11-21,"GNSS Chip Market May Set New Growth Story | Qualcomm , Broadcom , Mediatek",https://www.newyorktelegraph.com/news/267042876/gnss-chip-market-may-set-new-growth-story--qualcomm-broadcom-mediatek,newyorktelegraph.com,English,0.0,gdelt_gkg
INTC,2020-11-21,"GNSS Chip Market May Set New Growth Story | Qualcomm , Broadcom , Mediatek",https://www.texasguardian.com/news/267042876/gnss-chip-market-may-set-new-growth-story--qualcomm-broadcom-mediatek,texasguardian.com,English,0.0,gdelt_gkg
INTC,2020-11-21,"Digital Power Electronics Market Size , Status and Future Outlook 2020",https://www.marketwatch.com/press-release/digital-power-electronics-market-size-status-and-future-outlook-2020-2020-11-21,marketwatch.com,English,0.0,gdelt_gkg
INTC,2020-11-21,JFK Conspiracy Theories Are Debunked in New Book –  On The Trail of Delusion  ,"https://www.expertclick.com/NewsRelease/JFK-Conspiracy-Theories-Are-Debunked-in-New-Book-On-The-Trail-of-Delusion-Fred-Litwin-Aut,2020238867.aspx",expertclick.com,English,0.0,gdelt_gkg
INTC,2020-11-22,"5G Chipset Market Size USD 22 , 929 Million by 2026 at CAGR 48 . 7 % ",https://www.finanznachrichten.de/nachrichten-2020-11/51310762-5g-chipset-market-size-usd-22-929-million-by-2026-at-cagr-48-7-valuates-reports-008.htm,finanznachrichten.de,English,0.0,gdelt_gkg
INTC,2020-11-22,"Tech shares could crash 40 %, warns fundie",https://www.fool.com.au/2020/11/23/tech-shares-could-crash-40-warns-fundie/,fool.com.au,English,0.0,gdelt_gkg
INTC,2020-11-22,"The world has just scratched the surface of AI use , says Intel Nivruti Rai",https://tech.hindustantimes.com/tech/news/the-world-has-just-scratched-the-surface-of-ai-use-says-intel-s-nivruti-rai-71606043276963.html,tech.hindustantimes.com,English,0.0,gdelt_gkg
INTC,2020-11-22,"5G Chipset Market Size USD 22 , 929 Million by 2026 at CAGR 48 . 7 % ",http://www.itnewsonline.com/PRNewswire/5G-Chipset-Market-Size-USD-22929-Million-by-2026-at-CAGR-48.7Percent--Valuates-Reports/721597,itnewsonline.com,English,0.0,gdelt_gkg
INTC,2020-11-22,"5G Chipset Market Size USD 22 , 929 Million by 2026 at CAGR 48 . 7 % ",https://www.prnewswire.com:443/news-releases/5g-chipset-market-size-usd-22-929-million-by-2026-at-cagr-48-7--valuates-reports-301178515.html,prnewswire.com,English,0.0,gdelt_gkg
INTC,2020-11-22,"5G Chipset Market Size USD 22 , 929 Million by 2026 at CAGR 48 . 7 % ",https://www.prnewswire.com/news-releases/5g-chipset-market-size-usd-22-929-million-by-2026-at-cagr-48-7--valuates-reports-301178515.html,prnewswire.com,English,0.0,gdelt_gkg
INTC,2020-11-23,"3D Sensor Market Report 2020 Share and Size , Complete Data Analysis across the Region and Globe , Opportunities and Growth Forecast 2023",https://www.marketwatch.com/press-release/3d-sensor-market-report-2020-share-and-size-complete-data-analysis-across-the-region-and-globe-opportunities-and-growth-forecast-2023-2020-11-23,marketwatch.com,English,0.0,gdelt_gkg
INTC,2020-11-23,"Healthcare IOT Security Market to See Promising Growth Ahead| IBM Corporation , Cisco Systems , Intel Corporation – Business",https://ipsnews.net/business/2020/11/23/healthcare-iot-security-market-to-see-promising-growth-ahead-ibm-corporation-cisco-systems-intel-corporation/,ipsnews.net,English,0.0,gdelt_gkg
INTC,2020-11-23,"IoT Chips Market Outlook 2020 - 2027 : Size , Competitive Analysis , Industry Analysis , Growth Strategy , and Forecast Report",https://www.newyorktelegraph.com/news/267065380/iot-chips-market-outlook-2020-2027-size-competitive-analysis-industry-analysis-growth-strategy-and-forecast-report,newyorktelegraph.com,English,0.0,gdelt_gkg
INTC,2020-11-23,"Healthcare IOT Security Market to See Promising Growth Ahead| IBM Corporation , Cisco Systems , Intel Corporation",https://www.newyorktelegraph.com/news/267065208/healthcare-iot-security-market-to-see-promising-growth-ahead-ibm-corporation-cisco-systems-intel-corporation,newyorktelegraph.com,English,0.0,gdelt_gkg
INTC,2020-11-23,"Healthcare IOT Security Market to See Promising Growth Ahead| IBM Corporation , Cisco Systems , Intel Corporation",https://www.sandiegosun.com/news/267065208/healthcare-iot-security-market-to-see-promising-growth-ahead-ibm-corporation-cisco-systems-intel-corporation,sandiegosun.com,English,0.0,gdelt_gkg
INTC,2020-11-23,"Global Machine Vision Systems and Components Market 2020 Segment Overview , Company Profiles , Regional Analysis and Forecast 2026",https://www.marketwatch.com/press-release/global-machine-vision-systems-and-components-market-2020-segment-overview-company-profiles-regional-analysis-and-forecast-2026-2020-11-22,marketwatch.com,English,0.0,gdelt_gkg
INTC,2020-11-23,"Global Ethernet Storage Fabric Market 2020 Growth , Industry Trend , Sales Revenue , Size by Regional Forecast to 2026",https://www.marketwatch.com/press-release/global-ethernet-storage-fabric-market-2020-growth-industry-trend-sales-revenue-size-by-regional-forecast-to-2026-2020-11-22,marketwatch.com,English,0.0,gdelt_gkg
INTC,2020-11-23,"Industrial IOT Market Report 2020 Recent Growth and its Factors , CAGR , Industry Size , Business Prospects and Forecast 2023",https://www.marketwatch.com/press-release/industrial-iot-market-report-2020-recent-growth-and-its-factors-cagr-industry-size-business-prospects-and-forecast-2023-2020-11-23,marketwatch.com,English,0.0,gdelt_gkg
INTC,2020-11-23,Compelling New Book Debunks JFK Conspiracy Theories - Press Release,http://www.digitaljournal.com/pr/4888217,digitaljournal.com,English,0.0,gdelt_gkg
INTC,2020-11-23,"Computer Vision Market Size Worth $19 . 1 Billion By 2027 | CAGR : 7 . 6 %: Grand View Research , Inc . ",https://news.yahoo.com/computer-vision-market-size-worth-093500088.html,news.yahoo.com,English,0.0,gdelt_gkg
INTC,2020-11-23,"Graphic Processing Unit ( GPU ) Market to Reach $200 . 85 Bn , Globally , by 2027 at 33 . 6 % CAGR : AMR",https://www.finanznachrichten.de/nachrichten-2020-11/51317790-graphic-processing-unit-gpu-market-to-reach-dollar-200-85-bn-globally-by-2027-at-33-6-cagr-amr-008.htm,finanznachrichten.de,English,0.0,gdelt_gkg
INTC,2020-11-23,"Internet of Things ( IoT ) Market 2020 Top Manufactures Analysis , Size , Share , Trends and Forecast to 2024",https://www.marketwatch.com/press-release/internet-of-things-iot-market-2020-top-manufactures-analysis-size-share-trends-and-forecast-to-2024-2020-11-23,marketwatch.com,English,0.0,gdelt_gkg
INTC,2020-11-23,"Computer Vision Market Size Worth $19 . 1 Billion By 2027 | CAGR : 7 . 6 %: Grand View Research , Inc . ",https://www.prnewswire.com:443/news-releases/computer-vision-market-size-worth-19-1-billion-by-2027--cagr-7-6-grand-view-research-inc-301178628.html,prnewswire.com,English,0.0,gdelt_gkg
INTC,2020-11-23,"Healthcare IOT Security Market to See Promising Growth Ahead| IBM Corporation , Cisco Systems , Intel Corporation",https://www.texasguardian.com/news/267065208/healthcare-iot-security-market-to-see-promising-growth-ahead-ibm-corporation-cisco-systems-intel-corporation,texasguardian.com,English,0.0,gdelt_gkg
INTC,2020-11-23,"Graphic Processing Unit ( GPU ) Market to Reach $200 . 85 Bn , Globally , by 2027 at 33 . 6 % CAGR : AMR",https://news.yahoo.com/graphic-processing-unit-gpu-market-131000052.html,news.yahoo.com,English,0.0,gdelt_gkg
INTC,2020-11-23,"Electric VDigital IC Market Trends , Share and Size , Complete Data Analysis across the Region and Globe , Opportunities and Growth Forecast 2023",https://www.marketwatch.com/press-release/electric-vdigital-ic-market-trends-share-and-size-complete-data-analysis-across-the-region-and-globe-opportunities-and-growth-forecast-2023-2020-11-23,marketwatch.com,English,0.0,gdelt_gkg
INTC,2020-11-23,"Deep Learning Market Size , Definition , Development , News and significant Growth With Regional Trends By Forecast 2023",https://www.marketwatch.com/press-release/deep-learning-market-size-definition-development-news-and-significant-growth-with-regional-trends-by-forecast-2023-2020-11-23,marketwatch.com,English,0.0,gdelt_gkg
INTC,2020-11-23,"Computer Vision Market Size Worth $19 . 1 Billion By 2027 | CAGR : 7 . 6 %: Grand View Research , Inc . ",https://www.prnewswire.com/news-releases/computer-vision-market-size-worth-19-1-billion-by-2027--cagr-7-6-grand-view-research-inc-301178628.html,prnewswire.com,English,0.0,gdelt_gkg
INTC,2020-11-23,Solid State Drive ( SSD ) Market Forecast to 2027 – COVID - 19 Impact and Regional Analysis,https://www.marketwatch.com/press-release/solid-state-drive-ssd-market-forecast-to-2027-covid-19-impact-and-regional-analysis-2020-11-23,marketwatch.com,English,0.0,gdelt_gkg
INTC,2020-11-24,"Neural Networks Software Market to See Huge Growth by 2025 : Google , IBM , Alyuda Research",http://www.sbwire.com/press-releases/neural-networks-software-market-to-see-huge-growth-by-2025-google-ibm-alyuda-research-1317797.htm,sbwire.com,English,0.0,gdelt_gkg
INTC,2020-11-24,"Global Hyper - Convergence Data Center Market 2020 Trends , Research , Analysis & Review Forecast 2026",https://www.sandiegosun.com/news/267072079/global-hyper-convergence-data-center-market-2020-trends-research-analysis--review-forecast-2026,sandiegosun.com,English,0.0,gdelt_gkg
INTC,2020-11-24,"Digital Sign Market to Witness Huge Growth by 2025 | LG Electronics , Toshiba , Adflow Networks , KeyWest Technology",https://www.marketwatch.com/press-release/digital-sign-market-to-witness-huge-growth-by-2025-lg-electronics-toshiba-adflow-networks-keywest-technology-2020-11-24,marketwatch.com,English,0.0,gdelt_gkg
INTC,2020-11-24,"Commercial Vehicle Telematics Market Report 2020 : Global Market Analysis 2019 - 2025 with Focus on Products , Applications , & Supply Chain",https://www.prnewswire.com:443/news-releases/commercial-vehicle-telematics-market-report-2020-global-market-analysis-2019-2025-with-focus-on-products-applications--supply-chain-301179631.html,prnewswire.com,English,0.0,gdelt_gkg
INTC,2020-11-24,"IoT Chips Market Outlook 2020 - 2027 : Size , Competitive Analysis , Industry Analysis , Growth Strategy , and Forecast Report",https://www.sandiegosun.com/news/267065380/iot-chips-market-outlook-2020-2027-size-competitive-analysis-industry-analysis-growth-strategy-and-forecast-report,sandiegosun.com,English,0.0,gdelt_gkg
INTC,2020-11-24,Global Quantum Computing Industry,https://www.prnewswire.com:443/news-releases/global-quantum-computing-industry-301179619.html,prnewswire.com,English,0.0,gdelt_gkg
INTC,2020-11-24,Global Quantum Computing Industry,https://www.prnewswire.com/news-releases/global-quantum-computing-industry-301179619.html,prnewswire.com,English,0.0,gdelt_gkg
INTC,2020-11-24,"Hyperscale Data Center Market activity 2025 Share , Growth by Geographical Region , Application , Driver , Trends , Top Company and Forecast",https://www.marketwatch.com/press-release/hyperscale-data-center-market-activity-2025-share-growth-by-geographical-region-application-driver-trends-top-company-and-forecast-2020-11-24,marketwatch.com,English,0.0,gdelt_gkg
INTC,2020-11-24,AR and VR Tech Continues to Soar ; Google and Microsoft Tops Sales List,http://www.itechpost.com/articles/104140/20201124/ar-and-vr-tech-continues-to-soar-google-and-microsoft-tops-sales-list.htm,itechpost.com,English,0.0,gdelt_gkg
INTC,2020-11-24,"Narrowband IoT ( NB - IoT ) Market to See Major Growth by 2026 | Vodafone , Reliance Jio , Huawei Technologies , Sierra Wireless",https://www.marketwatch.com/press-release/narrowband-iot-nb-iot-market-to-see-major-growth-by-2026-vodafone-reliance-jio-huawei-technologies-sierra-wireless-2020-11-24,marketwatch.com,English,0.0,gdelt_gkg
INTC,2020-11-24,"Industrial IoT ( IIOT ) Market 2020 Research Study including Growth Factors , Types and Application to 2026",https://www.marketwatch.com/press-release/industrial-iot-iiot-market-2020-research-study-including-growth-factors-types-and-application-to-2026-2020-11-24,marketwatch.com,English,0.0,gdelt_gkg
INTC,2020-11-24,"Global Consumer Internet of Things ( CIoT ) Market 2020 Industry Analysis , Key Drivers , Business Strategy , Opportunities and Forecast to 2026",https://www.marketwatch.com/press-release/global-consumer-internet-of-things-ciot-market-2020-industry-analysis-key-drivers-business-strategy-opportunities-and-forecast-to-2026-2020-11-23,marketwatch.com,English,0.0,gdelt_gkg
INTC,2020-11-24,"Automotive Cyber Security Market Worth Observing Growth : Arilou Technologies , Cisco Systems , Harman - Press Release",http://www.digitaljournal.com/pr/4891558,digitaljournal.com,English,0.0,gdelt_gkg
INTC,2020-11-24,"IoT Chips Market Outlook 2020 - 2027 : Size , Competitive Analysis , Industry Analysis , Growth Strategy , and Forecast Report",https://www.texasguardian.com/news/267065380/iot-chips-market-outlook-2020-2027-size-competitive-analysis-industry-analysis-growth-strategy-and-forecast-report,texasguardian.com,English,0.0,gdelt_gkg
INTC,2020-11-24,Here the 8th Most Popular Stock Among Hedge Funds,https://news.yahoo.com/8th-most-popular-stock-among-202244715.html,news.yahoo.com,English,0.0,gdelt_gkg
INTC,2020-11-24,"Global Hyper - Convergence Data Center Market 2020 Trends , Research , Analysis & Review Forecast 2026",https://www.newyorktelegraph.com/news/267072079/global-hyper-convergence-data-center-market-2020-trends-research-analysis--review-forecast-2026,newyorktelegraph.com,English,0.0,gdelt_gkg
INTC,2020-11-24,"Internet of Things ( IoT ) in Retail Market Growth , Threat , Demand , Scope and Trends , Forecast Till 2029",https://apnews.com/press-release/wired-release/business-technology-products-and-services-asia-consumer-products-and-services-f4046ed7de0f1326b9982d632c362e12,apnews.com,English,0.0,gdelt_gkg
INTC,2020-11-24,"Advanced Solid - State Memory Systems Market to Witness Stunning Growth |4DS , Adesto Technologies , Crocus Technology",https://www.texasguardian.com/news/267069437/advanced-solid-state-memory-systems-market-to-witness-stunning-growth-4ds-adesto-technologies-crocus-technology,texasguardian.com,English,0.0,gdelt_gkg
INTC,2020-11-24,"3D Sensor Market 2020 Share , Trend , Segmentation And Forecast To 2025",https://www.marketwatch.com/press-release/3d-sensor-market-2020-share-trend-segmentation-and-forecast-to-2025-2020-11-23,marketwatch.com,English,0.0,gdelt_gkg
INTC,2020-11-24,"Advanced Solid - State Memory Systems Market to Witness Stunning Growth |4DS , Adesto Technologies , Crocus Technology",https://www.sandiegosun.com/news/267069437/advanced-solid-state-memory-systems-market-to-witness-stunning-growth-4ds-adesto-technologies-crocus-technology,sandiegosun.com,English,0.0,gdelt_gkg
INTC,2020-11-24,"Global Hyper - Convergence Data Center Market 2020 Trends , Research , Analysis & Review Forecast 2026",https://www.texasguardian.com/news/267072079/global-hyper-convergence-data-center-market-2020-trends-research-analysis--review-forecast-2026,texasguardian.com,English,0.0,gdelt_gkg
INTC,2020-11-24,"Advanced Solid - State Memory Systems Market to Witness Stunning Growth |4DS , Adesto Technologies , Crocus Technology",https://www.newyorktelegraph.com/news/267069437/advanced-solid-state-memory-systems-market-to-witness-stunning-growth-4ds-adesto-technologies-crocus-technology,newyorktelegraph.com,English,0.0,gdelt_gkg
INTC,2020-11-25,"Mobile Edge Computing ( MEC ) Market WILL HIT BIG REVENUES IN FUTURE | IBM Corporation , Nokia Corporation , PeerApp , Inc",https://www.texasguardian.com/news/267086159/mobile-edge-computing-mec-market-will-hit-big-revenues-in-future--ibm-corporation-nokia-corporation-peerapp-inc,texasguardian.com,English,0.0,gdelt_gkg
INTC,2020-11-25,"Telemedicine Market 2020 Insights , Growth Drivers , Top Trends , Size , Share Investment , Global Analysis and Forecast 2022",https://www.marketwatch.com/press-release/telemedicine-market-2020-insights-growth-drivers-top-trends-size-share-investment-global-analysis-and-forecast-2022-2020-11-25,marketwatch.com,English,0.0,gdelt_gkg
INTC,2020-11-25,"Workplace Transformation Market Next Big Thing | Major Giants Tech Mahindra , Jabil Circuits , Adobe Systems",https://www.texasguardian.com/news/267086179/workplace-transformation-market-next-big-thing--major-giants-tech-mahindra-jabil-circuits-adobe-systems,texasguardian.com,English,0.0,gdelt_gkg
INTC,2020-11-25,Intel Corp ( NASDAQ : INTC ) – A Stock Review / Guide – Investment Watch,https://www.investmentwatchblog.com/intel-corp-nasdaq-intc-a-stock-review-guide/,investmentwatchblog.com,English,0.0,gdelt_gkg
INTC,2020-11-25,Vehicle Embedded Software Market to See Booming Growth,https://www.sandiegosun.com/news/267085882/vehicle-embedded-software-market-to-see-booming-growth--ibm-intel-microsoft,sandiegosun.com,English,0.0,gdelt_gkg
INTC,2020-11-25,"Workplace Transformation Market Next Big Thing | Major Giants Tech Mahindra , Jabil Circuits , Adobe Systems",https://www.newyorktelegraph.com/news/267086179/workplace-transformation-market-next-big-thing--major-giants-tech-mahindra-jabil-circuits-adobe-systems,newyorktelegraph.com,English,0.0,gdelt_gkg
INTC,2020-11-25,$3 . 77 Billion Simultaneous Localization and Mapping Technology Market - Global Industry Analysis and Growth Forecast to 2030,https://www.prnewswire.com:443/news-releases/3-77-billion-simultaneous-localization-and-mapping-technology-market---global-industry-analysis-and-growth-forecast-to-2030--301180520.html,prnewswire.com,English,0.0,gdelt_gkg
INTC,2020-11-25,"Telehealth Market Research Report by Type , by Product Type , by End - Use Industry – Global Forecast to 2025 – Cumulative Impact of COVID - 19",https://www.marketwatch.com/press-release/telehealth-market-research-report-by-type-by-product-type-by-end-use-industry-global-forecast-to-2025-cumulative-impact-of-covid-19-2020-11-25,marketwatch.com,English,0.0,gdelt_gkg
INTC,2020-11-25,"Mobile Edge Computing ( MEC ) Market WILL HIT BIG REVENUES IN FUTURE | IBM Corporation , Nokia Corporation , PeerApp , Inc",https://www.newyorktelegraph.com/news/267086159/mobile-edge-computing-mec-market-will-hit-big-revenues-in-future--ibm-corporation-nokia-corporation-peerapp-inc,newyorktelegraph.com,English,0.0,gdelt_gkg
INTC,2020-11-25,Vehicle Embedded Software Market to See Booming Growth,https://www.newyorktelegraph.com/news/267085882/vehicle-embedded-software-market-to-see-booming-growth--ibm-intel-microsoft,newyorktelegraph.com,English,0.0,gdelt_gkg
INTC,2020-11-25,"Mobile Edge Computing ( MEC ) Market WILL HIT BIG REVENUES IN FUTURE | IBM Corporation , Nokia Corporation , PeerApp , Inc",https://www.sandiegosun.com/news/267086159/mobile-edge-computing-mec-market-will-hit-big-revenues-in-future--ibm-corporation-nokia-corporation-peerapp-inc,sandiegosun.com,English,0.0,gdelt_gkg
INTC,2020-11-25,Redefining PC experience with ultrapowerful thin & light laptops,https://www.hindustantimes.com/brand-stories/redefining-pc-experience-with-ultrapowerful-thin-light-laptops/story-lrNTKfQEE4PJ3epahT29RM.html,hindustantimes.com,English,0.0,gdelt_gkg
INTC,2020-11-25,"Workplace Transformation Market Next Big Thing | Major Giants Tech Mahindra , Jabil Circuits , Adobe Systems",https://www.sandiegosun.com/news/267086179/workplace-transformation-market-next-big-thing--major-giants-tech-mahindra-jabil-circuits-adobe-systems,sandiegosun.com,English,0.0,gdelt_gkg
INTC,2020-11-25,"Mobile Edge Computing ( MEC ) Market WILL HIT BIG REVENUES IN FUTURE | IBM Corporation , Nokia Corporation , PeerApp , Inc – Business",https://ipsnews.net/business/2020/11/25/mobile-edge-computing-mec-market-will-hit-big-revenues-in-future-ibm-corporation-nokia-corporation-peerapp-inc/,ipsnews.net,English,0.0,gdelt_gkg
INTC,2020-11-25,Vehicle Embedded Software Market to See Booming Growth,https://www.texasguardian.com/news/267085882/vehicle-embedded-software-market-to-see-booming-growth--ibm-intel-microsoft,texasguardian.com,English,0.0,gdelt_gkg
INTC,2020-11-25,"Hyperscale Data Center Market Size , Trends , Companies , Driver , Segmentation , Forecast to 2025",https://www.marketwatch.com/press-release/hyperscale-data-center-market-size-trends-companies-driver-segmentation-forecast-to-2025-2020-11-25,marketwatch.com,English,0.0,gdelt_gkg
INTC,2020-11-25,"Context Aware Computing Global Market 2020 - Key Application , Opportunities , Demand , Status , Trends , Share , Forecast 2026",https://www.sandiegosun.com/news/267078334/context-aware-computing-global-market-2020---key-application-opportunities-demand-status-trends-share-forecast-2026,sandiegosun.com,English,0.0,gdelt_gkg
INTC,2020-11-25,"5G Chipset Market Size , Share to expand at 33 . 84 % CAGR during 2019 - 2025 - Industry News",https://www.marketwatch.com/press-release/5g-chipset-market-size-share-to-expand-at-3384-cagr-during-2019-2025---industry-news-2020-11-25,marketwatch.com,English,0.0,gdelt_gkg
INTC,2020-11-25,"Context Aware Computing Global Market 2020 - Key Application , Opportunities , Demand , Status , Trends , Share , Forecast 2026",https://www.texasguardian.com/news/267078334/context-aware-computing-global-market-2020---key-application-opportunities-demand-status-trends-share-forecast-2026,texasguardian.com,English,0.0,gdelt_gkg
INTC,2020-11-25,"Context Aware Computing Global Market 2020 - Key Application , Opportunities , Demand , Status , Trends , Share , Forecast 2026",https://www.newyorktelegraph.com/news/267078334/context-aware-computing-global-market-2020---key-application-opportunities-demand-status-trends-share-forecast-2026,newyorktelegraph.com,English,0.0,gdelt_gkg
INTC,2020-11-25,Top public relations experts in the technology industry,https://www.businessinsider.com/top-public-relations-experts-in-the-technology-industry-2020-11,businessinsider.com,English,0.0,gdelt_gkg
INTC,2020-11-25,$3 . 77 Billion Simultaneous Localization and Mapping Technology Market - Global Industry Analysis and Growth Forecast to 2030,https://www.prnewswire.com/news-releases/3-77-billion-simultaneous-localization-and-mapping-technology-market---global-industry-analysis-and-growth-forecast-to-2030--301180520.html,prnewswire.com,English,0.0,gdelt_gkg
INTC,2020-11-25,5G Infrastructure Market : Growing Demand to Impact Revenue Share during 2020 - 2025,https://www.briefingwire.com/pr/5g-infrastructure-market-growing-demand-to-impact-revenue-share-during-2020-2025,briefingwire.com,English,0.0,gdelt_gkg
INTC,2020-11-26,"Global Healthcare IOT Security Market 2020 Industry Analysis , Size , Share , Growth , Trends & Forecast To 2026",https://www.newyorktelegraph.com/news/267088348/global-healthcare-iot-security-market-2020-industry-analysis-size-share-growth-trends--forecast-to-2026,newyorktelegraph.com,English,0.0,gdelt_gkg
INTC,2020-11-26,Senegal UVS uses Ato BullSequana Intel - based supercomputer to evaluate impact of COVID - 19 containment measures Paris Stock Exchange : ATO,https://www.globenewswire.com/news-release/2020/11/26/2134341/0/en/Senegal-s-UVS-uses-Atos-BullSequana-Intel-based-supercomputer-to-evaluate-impact-of-COVID-19-containment-measures.html,globenewswire.com,English,0.0,gdelt_gkg
INTC,2020-11-26,Senegal UVS uses Ato BullSequana Intel - based supercomputer to evaluate impact of COVID - 19 containment measures,https://www.generation-nt.com/senegal-eur-uvs-uses-atos-eur-bullsequana-intel-based-supercomputer-to-newswire-1982677.html,generation-nt.com,English,0.0,gdelt_gkg
INTC,2020-11-26,"Automotive Electronic Control Unit Market is Estimated to Value $84 . 29 Billion By 2025 : Grand View Research , Inc",https://www.marketwatch.com/press-release/automotive-electronic-control-unit-market-is-estimated-to-value-8429-billion-by-2025-grand-view-research-inc-2020-11-26,marketwatch.com,English,0.0,gdelt_gkg
INTC,2020-11-26,Senegal UVS uses Ato BullSequana Intel - based supercomputer to evaluate impact of COVID - 19 containment measures,http://www.itnewsonline.com/GlobeNewswire/Senegals-UVS-uses-Atos-BullSequana-Intel-based-supercomputer-to-evaluate-impact-of-COVID-19-containment-measures/11676,itnewsonline.com,English,0.0,gdelt_gkg
INTC,2020-11-26,"A Quantitative SWOT analysis on Healthcare Cognitive Computing Market Size , Share , Trends , Segmentation and Forecast to 2025",https://industrytoday.co.uk/health_and_safety/a-quantitative-swot-analysis-on-healthcare-cognitive-computing-market-size--share--trends--segmentation-and-forecast-to-2025,industrytoday.co.uk,English,0.0,gdelt_gkg
INTC,2020-11-26,Investegate |Atos International Announcements | Atos International : Senegal UVS uses Ato BullSequana Intel - based supercomputer to evaluate impact of COVID - 19 containment measures,https://www.investegate.co.uk/atos-international/gnw/senegal--8217-s-uvs-uses-atos--8217--bullsequana-intel-based-supercomputer-to-evaluate-impact-of-covid-19-containment-measures/20201126090000H1694/,investegate.co.uk,English,0.0,gdelt_gkg
INTC,2020-11-26,"Global Depth Sensing Market Size by Production , Top Countries Import - Export and Consumption Forecast & Regional Analysis by 2024",https://www.marketwatch.com/press-release/global-depth-sensing-market-size-by-production-top-countries-import-export-and-consumption-forecast-regional-analysis-by-2024-2020-11-26,marketwatch.com,English,0.0,gdelt_gkg
INTC,2020-11-26,Smart Connected Assets and Operations Market Thriving,https://www.openpr.com/news/2196582/smart-connected-assets-and-operations-market-thriving,openpr.com,English,0.0,gdelt_gkg
INTC,2020-11-26,"Hadoop Big Data Analytics Market Segments , Future Demand , Market Growth , Recent Trends , Top Players",https://www.newyorktelegraph.com/news/267089855/hadoop-big-data-analytics-market-segments-future-demand-market-growth-recent-trends-top-players,newyorktelegraph.com,English,0.0,gdelt_gkg
INTC,2020-11-26,"Network Function Virtualization Market - Segmented By Product Type , End - Use Type and Geography – Growth , Trends & Forecast , 2026",http://www.comunicati.net/comunicati/aziende/informatica/information_technology/674517.html,comunicati.net,English,0.0,gdelt_gkg
INTC,2020-11-26,"Global Mobile Encryption Market 2020 Ongoing Trend , Recent Developments , Competitive Landscape and Regional Forecast to 2025",https://www.marketwatch.com/press-release/global-mobile-encryption-market-2020-ongoing-trend-recent-developments-competitive-landscape-and-regional-forecast-to-2025-2020-11-25,marketwatch.com,English,0.0,gdelt_gkg
INTC,2020-11-26,"Global Healthcare IOT Security Market 2020 Industry Analysis , Size , Share , Growth , Trends & Forecast To 2026",https://www.sandiegosun.com/news/267088348/global-healthcare-iot-security-market-2020-industry-analysis-size-share-growth-trends--forecast-to-2026,sandiegosun.com,English,0.0,gdelt_gkg
INTC,2020-11-26,"Global Healthcare IOT Security Market 2020 Industry Analysis , Size , Share , Growth , Trends & Forecast To 2026",https://www.texasguardian.com/news/267088348/global-healthcare-iot-security-market-2020-industry-analysis-size-share-growth-trends--forecast-to-2026,texasguardian.com,English,0.0,gdelt_gkg
INTC,2020-11-26,Global $29 Billion Application Specific Integrated Circuits ( ASIC ) Market Trajectory & Analytics to 2027 - ResearchAndMarkets . com - Press Release,http://www.digitaljournal.com/pr/4893904,digitaljournal.com,English,0.0,gdelt_gkg
INTC,2020-11-26,"2026 Cognitive Analytics Market |Top Companies , Trends and Future Prospects Details for Business Development",https://www.marketwatch.com/press-release/2026-cognitive-analytics-market-top-companies-trends-and-future-prospects-details-for-business-development-2020-11-25,marketwatch.com,English,0.0,gdelt_gkg
INTC,2020-11-26,"AI in Healthcare Market worth $33 . 42 Billion by 2026 , at a CAGR of 46 . 21 % ",https://www.marketwatch.com/press-release/ai-in-healthcare-market-worth-3342-billion-by-2026-at-a-cagr-of-4621-2020-11-26,marketwatch.com,English,0.0,gdelt_gkg
INTC,2020-11-26,"Hadoop Big Data Analytics Market Segments , Future Demand , Market Growth , Recent Trends , Top Players",https://www.sandiegosun.com/news/267089855/hadoop-big-data-analytics-market-segments-future-demand-market-growth-recent-trends-top-players,sandiegosun.com,English,0.0,gdelt_gkg
INTC,2020-11-26,Contact and Call Centre Outsourcing Market Comprehensive,https://www.openpr.com/news/2196328/contact-and-call-centre-outsourcing-market-comprehensive,openpr.com,English,0.0,gdelt_gkg
INTC,2020-11-26,Atos International : Senegal UVS uses Ato BullSequana Intel - based supercomputer to evaluate impact of COVID - 19 containment measures,https://www.finanznachrichten.de/nachrichten-2020-11/51349754-atos-international-senegal-s-uvs-uses-atos-bullsequana-intel-based-supercomputer-to-evaluate-impact-of-covid-19-containment-measures-399.htm,finanznachrichten.de,English,0.0,gdelt_gkg
INTC,2020-11-26,"Hadoop Big Data Analytics Market Segments , Future Demand , Market Growth , Recent Trends , Top Players",https://www.texasguardian.com/news/267089855/hadoop-big-data-analytics-market-segments-future-demand-market-growth-recent-trends-top-players,texasguardian.com,English,0.0,gdelt_gkg
INTC,2020-11-26,"LUniversité virtuelle du Sénégal utilise le supercalculateur BullSequana dAtos , basé sur des processeurs Intel , pour évaluer limpact des mesures de confinement liées au COVID - 19",https://www.silicon.fr/press-release/luniversit-virtuelle-du-sngal-utilise-le-supercalculateur-bullsequana-datos-bas-sur-des-processeurs-intel-pour-valuer-limpact-des-mesures-de-confinem,silicon.fr,French,0.0,gdelt_gkg
INTC,2020-11-26,"Artificial Intelligence Market research , Industry Outlook , Current Trends and Forecast by 2026",https://www.marketwatch.com/press-release/artificial-intelligence-market-research-industry-outlook-current-trends-and-forecast-by-2026-2020-11-25,marketwatch.com,English,0.0,gdelt_gkg
INTC,2020-11-27,"Cloud Infrastructure Services Market In - Depth Analysis , Global Trends , Size , Opportunity , Distributors / Traders , Future Demand and Recent Developments",https://www.sandiegosun.com/news/267103563/cloud-infrastructure-services-market-in-depth-analysis-global-trends-size-opportunity-distributorstraders-future-demand-and-recent-developments,sandiegosun.com,English,0.0,gdelt_gkg
INTC,2020-11-27,"Cloud Infrastructure Services Market In - Depth Analysis , Global Trends , Size , Opportunity , Distributors / Traders , Future Demand and Recent Developments",https://www.texasguardian.com/news/267103563/cloud-infrastructure-services-market-in-depth-analysis-global-trends-size-opportunity-distributorstraders-future-demand-and-recent-developments,texasguardian.com,English,0.0,gdelt_gkg
INTC,2020-11-27,"Europe Computer Vision Market ( 2020 to 2026 ) - by Product Type , Component , Application , Vertical and Country - Press Release",http://www.digitaljournal.com/pr/4895367,digitaljournal.com,English,0.0,gdelt_gkg
INTC,2020-11-27,"Cloud Infrastructure Services Market In - Depth Analysis , Global Trends , Size , Opportunity , Distributors / Traders , Future Demand and Recent Developments",https://www.newyorktelegraph.com/news/267103563/cloud-infrastructure-services-market-in-depth-analysis-global-trends-size-opportunity-distributorstraders-future-demand-and-recent-developments,newyorktelegraph.com,English,0.0,gdelt_gkg
INTC,2020-11-27,"Europe Computer Vision Market ( 2020 to 2026 ) - by Product Type , Component , Application , Vertical and Country",https://www.benzinga.com/pressreleases/20/11/g18553922/europe-computer-vision-market-2020-to-2026-by-product-type-component-application-vertical-and-coun,benzinga.com,English,0.0,gdelt_gkg
INTC,2020-11-27,"Consumer Internet of Things ( CIoT ) Market , Global Key Players , Trends , Share , Industry Size , Growth , Opportunities , Forecast To 2025",https://www.newyorktelegraph.com/news/267100773/consumer-internet-of-things-ciot-market-global-key-players-trends-share-industry-size-growth-opportunities-forecast-to-2025,newyorktelegraph.com,English,0.0,gdelt_gkg
INTC,2020-11-27,Artificial Intelligence in Healthcare Global Market - Forecast to 2027,https://www.benzinga.com/pressreleases/20/11/g18554055/artificial-intelligence-in-healthcare-global-market-forecast-to-2027,benzinga.com,English,0.0,gdelt_gkg
INTC,2020-11-27,"Consumer Internet of Things ( CIoT ) Market , Global Key Players , Trends , Share , Industry Size , Growth , Opportunities , Forecast To 2025",https://www.texasguardian.com/news/267100773/consumer-internet-of-things-ciot-market-global-key-players-trends-share-industry-size-growth-opportunities-forecast-to-2025,texasguardian.com,English,0.0,gdelt_gkg
INTC,2020-11-27,"FPGA Security Market 2020 Research Study including Growth Factors , Types and Application to 2025",https://www.marketwatch.com/press-release/fpga-security-market-2020-research-study-including-growth-factors-types-and-application-to-2025-2020-11-27,marketwatch.com,English,0.0,gdelt_gkg
INTC,2020-11-27,"Insights on the Photonic ICs Global Market to 2027 - Featuring Agilent Technologies , Broadcom & Intel Among Others - Press Release",http://www.digitaljournal.com/pr/4895291,digitaljournal.com,English,0.0,gdelt_gkg
INTC,2020-11-27,Artificial Intelligence in Healthcare Global Market - Forecast to 2027 - Press Release,http://www.digitaljournal.com/pr/4895381,digitaljournal.com,English,0.0,gdelt_gkg
INTC,2020-11-27,Single Board Computer Market | 4 Major Trends Fostering Industry Outlook Through 2025,https://www.marketwatch.com/press-release/single-board-computer-market-4-major-trends-fostering-industry-outlook-through-2025-2020-11-26,marketwatch.com,English,0.0,gdelt_gkg
INTC,2020-11-27,"IOT in Logistics Market Analysis , Trends , Top Manufacturers , Share , Growth , Statistics , Opportunities & Forecast to 2027",https://www.marketwatch.com/press-release/iot-in-logistics-market-analysis-trends-top-manufacturers-share-growth-statistics-opportunities-forecast-to-2027-2020-11-27,marketwatch.com,English,0.0,gdelt_gkg
INTC,2020-11-27,"IOT in Automotive Market 2020 Share , Trend , Segmentation And Forecast To 2025",https://www.marketwatch.com/press-release/iot-in-automotive-market-2020-share-trend-segmentation-and-forecast-to-2025-2020-11-27,marketwatch.com,English,0.0,gdelt_gkg
INTC,2020-11-27,"Consumer Internet of Things ( CIoT ) Market , Global Key Players , Trends , Share , Industry Size , Growth , Opportunities , Forecast To 2025",https://www.sandiegosun.com/news/267100773/consumer-internet-of-things-ciot-market-global-key-players-trends-share-industry-size-growth-opportunities-forecast-to-2025,sandiegosun.com,English,0.0,gdelt_gkg
INTC,2020-11-28,"Artificial Intelligence In Manufacturing Market 2021 - 2027 | Comprehensive Study COVID - 19 Impact Analysis | Global Key Players : Siemens , Intel Corporation , NVIDIA Corporation , Alphabet , IBM Corporation , Microsoft Corporation",https://markets.financialcontent.com/stocks/news/read/40692456/artificial_intelligence_in_manufacturing_market_2021,markets.financialcontent.com,English,0.0,gdelt_gkg
INTC,2020-11-28,Non - volatile memory ( NVM ) Market is estimated to reach $115 billion by 2025 ; growing at a CAGR of 10 . 2 % from 2020 to 2025,https://www.marketwatch.com/press-release/non-volatile-memory-nvm-market-is-estimated-to-reach-115-billion-by-2025-growing-at-a-cagr-of-102-from-2020-to-2025-2020-11-28,marketwatch.com,English,0.0,gdelt_gkg
INTC,2020-11-28,"Cloud Infrastructure Services Market In - Depth Analysis , Global Trends , Size , Opportunity , Distributors / Traders , Future Demand and Recent Developments – Business",https://ipsnews.net/business/2020/11/27/cloud-infrastructure-services-market-in-depth-analysis-global-trends-size-opportunity-distributors-traders-future-demand-and-recent-developments/,ipsnews.net,English,0.0,gdelt_gkg
INTC,2020-11-28,Internet Security Market is estimated to reach $64 . 9 billion by 2025 ; growing at a CAGR of 8 . 8 % from 2020 to 2025,https://www.marketwatch.com/press-release/internet-security-market-is-estimated-to-reach-649-billion-by-2025-growing-at-a-cagr-of-88-from-2020-to-2025-2020-11-28,marketwatch.com,English,0.0,gdelt_gkg
INTC,2020-11-28,Jesus Rodriguez – Medium,https://jrodthoughts.medium.com/?source=extreme_main_feed---------2-73--------------------4d08fdf4_d1d9_41a3_8fbc_221194425407-------,jrodthoughts.medium.com,English,0.0,gdelt_gkg
INTC,2020-11-28,Jesus Rodriguez – Medium,https://jrodthoughts.medium.com/?source=extreme_main_feed---------3-73--------------------e74878d0_edf7_4f63_9025_2a0dcaceb657-------,jrodthoughts.medium.com,English,0.0,gdelt_gkg
INTC,2020-11-28,Intel 3rd Gen Ice Lake - SP Xeon CPU With 14 Cores & 28 Threads Benchmarked,https://wccftech.com/intel-3rd-gen-ice-lake-sp-xeon-cpu-with-14-cores-28-threads-benchmarked/,wccftech.com,English,0.0,gdelt_gkg
INTC,2020-11-29,Jesus Rodriguez – Medium,https://jrodthoughts.medium.com/?source=extreme_main_feed---------2-73--------------------b10d080c_3d86_4231_9d63_e74f1b984022-------,jrodthoughts.medium.com,English,0.0,gdelt_gkg
INTC,2020-11-29,Jesus Rodriguez – Medium,https://jrodthoughts.medium.com/?source=extreme_main_feed---------4-73--------------------9d7fad18_bdb9_43ee_92c2_90b0ef3e0791-------,jrodthoughts.medium.com,English,0.0,gdelt_gkg
INTC,2020-11-29,15 Best Blue Chip Stocks to Buy Now - Insider Monkey,https://www.insidermonkey.com/blog/15-best-blue-chip-stocks-to-buy-now-892781/,insidermonkey.com,English,0.0,gdelt_gkg
INTC,2020-11-29,"5G Wireless Ecosystem Market Application , Region , Global Growth , Trends , and Forecast To 2027",https://www.marketwatch.com/press-release/5g-wireless-ecosystem-market-application-region-global-growth-trends-and-forecast-to-2027-2020-11-29,marketwatch.com,English,0.0,gdelt_gkg
INTC,2020-11-30,"Automotive Cyber Security Market : Global Industry Analysis , Trends , Market Size , and Forecasts up to 2026",https://www.newyorktelegraph.com/news/267127881/automotive-cyber-security-market-global-industry-analysis-trends-market-size-and-forecasts-up-to-2026,newyorktelegraph.com,English,0.0,gdelt_gkg
INTC,2020-11-30,"Automotive Cyber Security Market : Global Industry Analysis , Trends , Market Size , and Forecasts up to 2026",https://www.sandiegosun.com/news/267127881/automotive-cyber-security-market-global-industry-analysis-trends-market-size-and-forecasts-up-to-2026,sandiegosun.com,English,0.0,gdelt_gkg
INTC,2020-11-30,"Automotive Cyber Security Market : Global Industry Analysis , Trends , Market Size , and Forecasts up to 2026",https://www.texasguardian.com/news/267127881/automotive-cyber-security-market-global-industry-analysis-trends-market-size-and-forecasts-up-to-2026,texasguardian.com,English,0.0,gdelt_gkg
INTC,2020-11-30,"Global Fin Field Effect Transistor ( FinFET ) Market 2020 Size , Revenue , Growth Rate , Restraints , Forecast Analysis by 2025",https://www.marketwatch.com/press-release/global-fin-field-effect-transistor-finfet-market-2020-size-revenue-growth-rate-restraints-forecast-analysis-by-2025-2020-11-30,marketwatch.com,English,0.0,gdelt_gkg
INTC,2020-11-30,"Machine Vision Systems Market Future Trends , Historical Analysis , Competitive Landscape and Regional Forecast 2022",https://www.marketwatch.com/press-release/machine-vision-systems-market-future-trends-historical-analysis-competitive-landscape-and-regional-forecast-2022-2020-11-30,marketwatch.com,English,0.0,gdelt_gkg
INTC,2020-11-30,Global and Regional Industrial IoT ( IIoT ) Market taking Research Report | Growth Forecast 2026,https://www.marketwatch.com/press-release/global-and-regional-industrial-iot-iiot-market-taking-research-report-growth-forecast-2026-2020-11-30,marketwatch.com,English,0.0,gdelt_gkg
INTC,2020-11-30,"Comprehensive Analysis Report of Global Wi - Fi 6 Devices Market with Top Players like Cisco Systems , NEC Corporation , ALE International , AT & T Corporation , ADTRAN & Actiontec Electronics",https://www.sandiegosun.com/news/267128732/comprehensive-analysis-report-of-global-wi-fi-6-devices-market-with-top-players-like-cisco-systems-nec-corporation-ale-international-att-corporation-adtran--actiontec-electronics,sandiegosun.com,English,0.0,gdelt_gkg
INTC,2020-11-30,"Comprehensive Analysis Report of Global Wi - Fi 6 Devices Market with Top Players like Cisco Systems , NEC Corporation , ALE International , AT & T Corporation , ADTRAN & Actiontec Electronics",https://www.texasguardian.com/news/267128732/comprehensive-analysis-report-of-global-wi-fi-6-devices-market-with-top-players-like-cisco-systems-nec-corporation-ale-international-att-corporation-adtran--actiontec-electronics,texasguardian.com,English,0.0,gdelt_gkg
INTC,2020-11-30,"Comprehensive Analysis Report of Global Wi - Fi 6 Devices Market with Top Players like Cisco Systems , NEC Corporation , ALE International , AT & T Corporation , ADTRAN & Actiontec Electronics",https://www.newyorktelegraph.com/news/267128732/comprehensive-analysis-report-of-global-wi-fi-6-devices-market-with-top-players-like-cisco-systems-nec-corporation-ale-international-att-corporation-adtran--actiontec-electronics,newyorktelegraph.com,English,0.0,gdelt_gkg
INTC,2020-11-30,"Apple Inc . ( NASDAQ : AAPL ), Alibaba ( NYSE : BABA ) - Apple , Alibaba , Tesla , Intel , GM How South Korea Sovereign Wealth Fund Played US Stocks In Q3",https://www.benzinga.com/trading-ideas/long-ideas/20/11/18568270/apple-alibaba-tesla-intel-gm-how-south-korea-sovereign-wealth-fund-played-us-stocks-in-q,benzinga.com,English,0.0,gdelt_gkg
INTC,2020-11-30,"Automotive Battery Management System Market Forecasts to 2025 : Global Industry Growth , Share , Size , Trends and Segmentation Report",https://www.marketwatch.com/press-release/automotive-battery-management-system-market-forecasts-to-2025-global-industry-growth-share-size-trends-and-segmentation-report-2020-11-30,marketwatch.com,English,0.0,gdelt_gkg
INTC,2020-11-30,"Network Function Virtualization ( NFV ) Market - Trends , Analysis , Segmentation , Forecast to 2020 - 2022",https://www.briefingwire.com/pr/network-function-virtualization-nfv-market-trends-analysis-segmentation-forecast-to-2020-2022,briefingwire.com,English,0.0,gdelt_gkg
INTC,2020-11-30,"Apple , Alibaba , Tesla , Intel , GM How South Korea Sovereign Wealth Fund Played US Stocks In Q3",https://finance.yahoo.com/news/apple-alibaba-tesla-intel-gm-113904365.html,finance.yahoo.com,English,0.0,gdelt_gkg
INTC,2020-11-30,China $1 . 4 Trillion Program Aims To Replace U . S . Chip Subservience & Make Satellites,https://wccftech.com/china-state-fund-1-4-trillion-chips-us-satellites/,wccftech.com,English,0.0,gdelt_gkg
INTC,2020-11-30,ZTE สนับสนุน Ncell ในภารกิจบำรุงรักษาเครือข่ายเชิงป้องกัน ณ,http://www.newswit.com/it/2020-11-30/d4e2b5ffb9e6cfb4d44ba9611534a678/,newswit.com,Thai,0.0,gdelt_gkg
INTC,2020-11-30,Top 15 AI Acquisitions Of 2020,https://analyticsindiamag.com/top-15-ai-acquisitions-of-2020/,analyticsindiamag.com,English,0.0,gdelt_gkg
INTC,2020-11-30,Is The Walt Disney Company ( DIS ) A Good Stock To Buy Now ? ,https://news.yahoo.com/walt-disney-company-dis-good-152044983.html,news.yahoo.com,English,0.0,gdelt_gkg
INTC,2020-11-30,ANALYTICS : The Most Litigious District Court Patent Plaintiffs,https://lawstreetmedia.com/tech/analytics-the-most-litigious-district-court-patent-plaintiffs/,lawstreetmedia.com,English,0.0,gdelt_gkg
INTC,2020-11-30,Risa Lavizzo - Mourey Elected as HHMI Trustee,https://www.hhmi.org/news/risa-lavizzo-mourey-elected-as-hhmi-trustee,hhmi.org,English,0.0,gdelt_gkg
INTC,2020-11-30,"Mixed Reality Market 2020 Demand , Current and Future Plans by Forecast to 2022",https://www.marketwatch.com/press-release/mixed-reality-market-2020-demand-current-and-future-plans-by-forecast-to-2022-2020-11-30,marketwatch.com,English,0.0,gdelt_gkg
INTC,2020-12-01,"IoT Cloud Market to Witness Astonishing growth by 2026 | Intel Corporation , ayla Networks , artik Cloud",https://www.newyorktelegraph.com/news/267136936/iot-cloud-market-to-witness-astonishing-growth-by-2026--intel-corporation-ayla-networks-artik-cloud,newyorktelegraph.com,English,0.0,gdelt_gkg
INTC,2020-12-01,"Unfold Game New Indie Competition Offers $170 , 000 In Prizes",https://www.forbes.com/sites/moorinsights/2020/11/30/unfold-games-new-indie-competition-offers-170000-in-prizes/,forbes.com,English,0.0,gdelt_gkg
INTC,2020-12-01,5G Chipset Market 2020 provides an in - depth insight of Sales and Trends Forecast to 2023,https://www.marketwatch.com/press-release/5g-chipset-market-2020-provides-an-in-depth-insight-of-sales-and-trends-forecast-to-2023-2020-12-01,marketwatch.com,English,0.0,gdelt_gkg
INTC,2020-12-01,"IoT Cloud Market to Witness Astonishing growth by 2026 | Intel Corporation , ayla Networks , artik Cloud",https://www.sandiegosun.com/news/267136936/iot-cloud-market-to-witness-astonishing-growth-by-2026--intel-corporation-ayla-networks-artik-cloud,sandiegosun.com,English,0.0,gdelt_gkg
INTC,2020-12-01,"IoT Cloud Market to Witness Astonishing growth by 2026 | Intel Corporation , ayla Networks , artik Cloud",https://www.texasguardian.com/news/267136936/iot-cloud-market-to-witness-astonishing-growth-by-2026--intel-corporation-ayla-networks-artik-cloud,texasguardian.com,English,0.0,gdelt_gkg
INTC,2020-12-01,AWS Leverages Habana Gaudi AI Processors,https://www.galvnews.com/news_ap/business/article_2f6f825d-cd27-5735-b44d-aac2a3afc628.html,galvnews.com,English,0.0,gdelt_gkg
INTC,2020-12-01,AWS Leverages Habana Gaudi AI Processors – IT Business Net,http://softwaredev.itbusinessnet.com/2020/12/aws-leverages-habana-gaudi-ai-processors/,softwaredev.itbusinessnet.com,English,0.0,gdelt_gkg
INTC,2020-12-01,"Advanced Driver Assistance Systems ( ADAS ) Market rage taking Growth Prospects , Key Vendors , Future Scenario Forecast to 2026",https://www.marketwatch.com/press-release/advanced-driver-assistance-systems-adas-market-rage-taking-growth-prospects-key-vendors-future-scenario-forecast-to-2026-2020-12-01,marketwatch.com,English,0.0,gdelt_gkg
INTC,2020-12-01,Global Body Area Network Industry,https://www.prnewswire.com/news-releases/global-body-area-network-industry-301182340.html,prnewswire.com,English,0.0,gdelt_gkg
INTC,2020-12-01,"Analytics of Things Market Next Big Thing | Major Giants Cisco Systems , IBM , Microsoft",https://www.newyorktelegraph.com/news/267139114/analytics-of-things-market-next-big-thing--major-giants-cisco-systems-ibm-microsoft,newyorktelegraph.com,English,0.0,gdelt_gkg
INTC,2020-12-01,"Global Embedded Systems Market 2020 by Key Players , Regions , Type and Application , Forecast to 2025",https://www.marketwatch.com/press-release/global-embedded-systems-market-2020-by-key-players-regions-type-and-application-forecast-to-2025-2020-12-01,marketwatch.com,English,0.0,gdelt_gkg
INTC,2020-12-01,"Analytics of Things Market Next Big Thing | Major Giants Cisco Systems , IBM , Microsoft",https://www.texasguardian.com/news/267139114/analytics-of-things-market-next-big-thing--major-giants-cisco-systems-ibm-microsoft,texasguardian.com,English,0.0,gdelt_gkg
INTC,2020-12-01,Oil & Gas Security Market Value is Projected to Reah $36 . 01 Billion by 2023 | CAGR 6 . 7 % ,https://energy.einnews.com/pr_news/531840864/oil-gas-security-market-value-is-projected-to-reah-36-01-billion-by-2023-cagr-6-7,energy.einnews.com,English,0.0,gdelt_gkg
INTC,2020-12-01,"Global Artificial Intelligence Market 2020 Scope of the Report , Challenges and Trends , Key Regions and Key Players Analysis by 2025",https://www.marketwatch.com/press-release/global-artificial-intelligence-market-2020-scope-of-the-report-challenges-and-trends-key-regions-and-key-players-analysis-by-2025-2020-12-01,marketwatch.com,English,0.0,gdelt_gkg
INTC,2020-12-01,AWS Leverages Habana Gaudi AI Processors – IT Business Net,http://business.itbusinessnet.com/2020/12/aws-leverages-habana-gaudi-ai-processors/,business.itbusinessnet.com,English,0.0,gdelt_gkg
INTC,2020-12-01,"Artificial Intelligence in Marketing Market to See Huge Growth by 2026 : Intel , Welltok , Nvidia - Press Release",http://www.digitaljournal.com/pr/4899202,digitaljournal.com,English,0.0,gdelt_gkg
INTC,2020-12-01,AWS Leverages Habana Gaudi AI Processors – IT Business Net,http://hardware.itbusinessnet.com/2020/12/aws-leverages-habana-gaudi-ai-processors/,hardware.itbusinessnet.com,English,0.0,gdelt_gkg
INTC,2020-12-01,"Global IoT Devices Industry Analysis , Size , Market share , Growth , Trend and Forecast to 2025",https://www.marketwatch.com/press-release/global-iot-devices-industry-analysis-size-market-share-growth-trend-and-forecast-to-2025-2020-12-01,marketwatch.com,English,0.0,gdelt_gkg
INTC,2020-12-01,"Analytics of Things Market Next Big Thing | Major Giants Cisco Systems , IBM , Microsoft",https://www.sandiegosun.com/news/267139114/analytics-of-things-market-next-big-thing--major-giants-cisco-systems-ibm-microsoft,sandiegosun.com,English,0.0,gdelt_gkg
INTC,2020-12-01,Global DDR4 SDRAM Market 2020 Key Aspects of the Industry by Segments to 2025,https://www.marketwatch.com/press-release/global-ddr4-sdram-market-2020-key-aspects-of-the-industry-by-segments-to-2025-2020-11-30,marketwatch.com,English,0.0,gdelt_gkg
INTC,2020-12-01,"Europe Machine Learning Market Business Model , Industry Chain , Value Chain , Legal Policies",https://www.briefingwire.com/pr/europe-machine-learning-market-business-model-industry-chain-value-chain-legal-policies,briefingwire.com,English,0.0,gdelt_gkg
INTC,2020-12-01,Markets and Markets Limited ( via Public ) / 5G Chipset Market worth $67 . 2 billion by 2027,http://www.publicnow.com/view/846F534C877B92E204B3B2152D55D5E08DC5312B?1606796398,publicnow.com,English,0.0,gdelt_gkg
INTC,2020-12-01,MarketDigits - press releases - openPR . com,https://www.openpr.com/news/archive/234790/MarketDigits.html,openpr.com,English,0.0,gdelt_gkg
INTC,2020-12-01,"AI In Computer Vision Market 2020 Research , Key Players , Industry Overview , Supply and Consumption Analysis 2023",https://www.marketwatch.com/press-release/ai-in-computer-vision-market-2020-research-key-players-industry-overview-supply-and-consumption-analysis-2023-2020-12-01,marketwatch.com,English,0.0,gdelt_gkg
INTC,2020-12-01,"Point of Sale Software Market 2020 Dynamics , Trends , Emerging Growth Factors and Forecast to 2024",https://www.marketwatch.com/press-release/point-of-sale-software-market-2020-dynamics-trends-emerging-growth-factors-and-forecast-to-2024-2020-12-01,marketwatch.com,English,0.0,gdelt_gkg
INTC,2020-12-01,Wireless Connectivity Market Size USD 50200 Million by 2026 at CAGR 10 . 6 % ,https://www.prnewswire.com:443/news-releases/wireless-connectivity-market-size-usd-50200-million-by-2026-at-cagr-10-6--valuates-reports-301182518.html,prnewswire.com,English,0.0,gdelt_gkg
INTC,2020-12-01,AWS Leverages Habana Gaudi AI Processors – IT Business Net,http://cloud.itbusinessnet.com/2020/12/aws-leverages-habana-gaudi-ai-processors/,cloud.itbusinessnet.com,English,0.0,gdelt_gkg
INTC,2020-12-01,5G Chipset Market worth $67 . 2 billion by 2027 - Exclusive Report by MarketsandMarkets,https://www.finanznachrichten.de/nachrichten-2020-12/51389017-5g-chipset-market-worth-dollar-67-2-billion-by-2027-exclusive-report-by-marketsandmarkets-008.htm,finanznachrichten.de,English,0.0,gdelt_gkg
INTC,2020-12-01,Global Body Area Network Industry,https://www.prnewswire.com:443/news-releases/global-body-area-network-industry-301182340.html,prnewswire.com,English,0.0,gdelt_gkg
INTC,2020-12-01,Wireless Connectivity Market Size USD 50200 Million by 2026 at CAGR 10 . 6 % ,https://www.finanznachrichten.de/nachrichten-2020-12/51389880-wireless-connectivity-market-size-usd-50200-million-by-2026-at-cagr-10-6-valuates-reports-008.htm,finanznachrichten.de,English,0.0,gdelt_gkg
INTC,2020-12-01,"Latin America Machine learning market Size , Share , Industry Report and Forecast to 2028",https://www.briefingwire.com/pr/latin-america-machine-learning-market-size-share-industry-report-and-forecast-to-2028,briefingwire.com,English,0.0,gdelt_gkg
INTC,2020-12-01,"Middle East and Africa Machine learning Market Growth , Analysis by Recent Trends , Development",https://www.briefingwire.com/pr/middle-east-and-africa-machine-learning-market-growth-analysis-by-recent-trends-development,briefingwire.com,English,0.0,gdelt_gkg
INTC,2020-12-01,Abaco Wins Major Order to Equip Next Generation SOSA™ Aligned Multifunction Processor for Military Aircraft,https://www.prnewswire.com:443/news-releases/abaco-wins-major-order-to-equip-next-generation-sosa-aligned-multifunction-processor-for-military-aircraft-301182623.html,prnewswire.com,English,0.0,gdelt_gkg
INTC,2020-12-01,Hyperscale Data Center Market 2020 provides an in - depth insight of Sales and Trends Forecast to 2023,https://www.marketwatch.com/press-release/hyperscale-data-center-market-2020-provides-an-in-depth-insight-of-sales-and-trends-forecast-to-2023-2020-12-01,marketwatch.com,English,0.0,gdelt_gkg
INTC,2020-12-01,"Point of Sale Software Market 2020 Research , Key Players , Industry Overview , Supply and Consumption Analysis 2024",https://www.marketwatch.com/press-release/point-of-sale-software-market-2020-research-key-players-industry-overview-supply-and-consumption-analysis-2024-2020-12-01,marketwatch.com,English,0.0,gdelt_gkg
INTC,2020-12-01,"Workplace Transformation Market Report 2020 Global Industry Size , Segment by Key Companies , Types & Applications and Forecast to 2026",https://www.marketwatch.com/press-release/workplace-transformation-market-report-2020-global-industry-size-segment-by-key-companies-types-applications-and-forecast-to-2026-2020-11-30,marketwatch.com,English,0.0,gdelt_gkg
