ticker,date,title,url,domain,language,tone,source
PYPL,2018-02-01,"Iran and the dress code of women : Liberty , the shadow of Saudi Arabia , and Islamic Sharia law",https://moderntokyonews.com/2018/02/01/iran-and-the-dress-code-of-women-liberty-the-shadow-of-saudi-arabia-and-islamic-sharia-law/,moderntokyonews.com,English,0.0,gdelt_gkg
PYPL,2018-02-01,"הושלמה רפורמת המדדים : מיילן יצאה מת  א 35 , הפ יקס  כ סה",https://www.globes.co.il/news/article.aspx?did=1001222124,globes.co.il,Hebrew,0.0,gdelt_gkg
PYPL,2018-02-01,בקרוב : רכישת ויאגרה - ללא מרשם של רופא,http://www.globes.co.il/news/article.aspx?did=1001222164,globes.co.il,Hebrew,0.0,gdelt_gkg
PYPL,2018-02-01,"$5K given to school classes , clubs | Local News",http://www.crossville-chronicle.com/news/local_news/k-given-to-school-classes-clubs/article_14b5b5f2-0783-11e8-a7be-0fdfef1438d4.html,crossville-chronicle.com,English,0.0,gdelt_gkg
PYPL,2018-02-01,רוח גבית לשי ויים בבזק,http://www.globes.co.il/news/article.aspx?did=1001220536&fromelement=hp_deot_faces_ballon,globes.co.il,Hebrew,0.0,gdelt_gkg
PYPL,2018-02-01,US stock indexes turn slightly lower as early gains vanish | Business,http://www.gettysburgtimes.com/news/business/article_359d9869-32a6-5658-95ba-22fc3311c1da.html,gettysburgtimes.com,English,0.0,gdelt_gkg
PYPL,2018-02-01,  שרה  ת יהו ביקשה לשים סיגרים ושמפ יות בשקיות כהות  ,http://www.globes.co.il/news/article.aspx?did=1001222163,globes.co.il,Hebrew,0.0,gdelt_gkg
PYPL,2018-02-01,3quarksdaily : Electronic music as we know it began with the experiments of two women,http://www.3quarksdaily.com/3quarksdaily/2018/02/electronic-music-as-we-know-it-began-with-the-experiments-of-two-women.html,3quarksdaily.com,English,0.0,gdelt_gkg
PYPL,2018-02-01,קרן מ יבים רוכשת את ב יין מטה המשטרה ברמלה ב - 78 . 5 מ  ש  ,http://www.globes.co.il/news/article.aspx?did=1001222142,globes.co.il,Hebrew,0.0,gdelt_gkg
PYPL,2018-02-01,Airbnb : not going public in 2018,https://www.marketwatch.com/story/airbnb-not-going-public-in-2018-2018-02-01,marketwatch.com,English,0.0,gdelt_gkg
PYPL,2018-02-01,ת ודתיות בוול סטריט ; איביי מז קת על רקע הפרידה מפייפאל,https://www.globes.co.il/news/article.aspx?did=1001221846,globes.co.il,Hebrew,0.0,gdelt_gkg
PYPL,2018-02-01,רווח של 20 מיליארד דולר ל - AT & T - הודות לרפורמת המס,http://www.globes.co.il/news/article.aspx?did=1001222113,globes.co.il,Hebrew,0.0,gdelt_gkg
PYPL,2018-02-01,US stock indexes turn slightly lower as early gains vanish | Nation,http://www.omaha.com/news/nation/us-stock-indexes-turn-slightly-lower-as-early-gains-vanish/article_00b764dc-a6ad-51f6-b99e-202d54ba5c2a.html,omaha.com,English,0.0,gdelt_gkg
PYPL,2018-02-01,Wall St . pulls back from earlier gains as bond yields rise,http://www.4-traders.com/news/Wall-St-pulls-back-from-earlier-gains-as-bond-yields-rise--25911077/,4-traders.com,English,0.0,gdelt_gkg
PYPL,2018-02-01,US stock indexes turn slightly lower as early gains vanish | Business & Industry,http://www.wacotrib.com/news/business/wire/us-stock-indexes-turn-slightly-lower-as-early-gains-vanish/article_eb0e2b27-0485-5ffb-ae87-847570ca7463.html,wacotrib.com,English,0.0,gdelt_gkg
PYPL,2018-02-01,מארק צוקרברג מסכם ש ה קשה לפייסבוק : חברים זה כסף,https://www.globes.co.il/news/article.aspx?did=1001222041,globes.co.il,Hebrew,0.0,gdelt_gkg
PYPL,2018-02-01,ההמו ים  גד הפריבילגים,http://www.globes.co.il/news/article.aspx?did=1001221426&fromelement=hp_deot_faces_ballon,globes.co.il,Hebrew,0.0,gdelt_gkg
PYPL,2018-02-01,US stock indexes turn slightly lower as early gains vanish | Business - wire,http://www.fredericksburg.com/news/news-wire/us-stock-indexes-turn-slightly-lower-as-early-gains-vanish/article_44c6a260-8fbc-518c-9193-09890c30aee1.html,fredericksburg.com,English,0.0,gdelt_gkg
PYPL,2018-02-01,US stock indexes turn slightly lower as early gains vanish | AP US / World,http://www.greensboro.com/ap/us_world/us-stock-indexes-turn-slightly-lower-as-early-gains-vanish/article_7ef9b753-dba9-5efd-9b39-fa7a834f443b.html,greensboro.com,English,0.0,gdelt_gkg
PYPL,2018-02-01,"הושלמה רפורמת המדדים : מיילן יצאה מת  א 35 , הפ יקס  כ סה",http://www.globes.co.il/news/article.aspx?did=1001222124,globes.co.il,Hebrew,0.0,gdelt_gkg
PYPL,2018-02-01,"FARK . com : ( 9896165 ) The good news is , Goodwill has a bargain grenade launcher for sale . UPDATE : It a toy",http://www.fark.com/comments/9896165/The-good-news-is-Goodwill-has-a-bargain-grenade-launcher-for-sale-UPDATE-Its-a-toy,fark.com,English,0.0,gdelt_gkg
PYPL,2018-02-01,Aktien New York : Dow leicht im Plus - Berichtssaison mit Licht und Schatten ( 655389128 ) ,http://www.boersennews.de/nachrichten/artikel/aktien-new-york--dow-leicht-im-plus-berichtssaison-mit-licht-und-schatten/655389128,boersennews.de,German,0.0,gdelt_gkg
PYPL,2018-02-01,PayPal getting whacked after eBay announces a new payment partner,https://finance.yahoo.com/m/bcf965ad-e857-342b-9d1d-b3bf8f9a40dc/ss_paypal,finance.yahoo.com,English,0.0,gdelt_gkg
PYPL,2018-02-01,Invitan a talleres para aprovechar el comercio global desde la isla,https://www.elnuevodia.com/negocios/consumo/nota/invitanatalleresparaaprovecharelcomercioglobaldesdelaisla-2395096/,elnuevodia.com,Spanish,0.0,gdelt_gkg
PYPL,2018-02-01,PYPL Stock : Go Long PayPal Holdings Inc Into This Dip,https://investorplace.com/2018/02/go-long-paypal-holdings-inc-pypl-stock-earnings-dip/,investorplace.com,English,0.0,gdelt_gkg
PYPL,2018-02-01,US stock indexes turn slightly lower as early gains vanish,http://www.ourmidland.com/news/article/US-stocks-waver-early-on-between-small-gains-and-12543076.php,ourmidland.com,English,0.0,gdelt_gkg
PYPL,2018-02-01,ইন্টারনেটে আয়ের সবথেকে সহজ উপায় - মাসে প্রায় ৫০০ - ১০০০ ডলার আয় হবে - অ্যান্ড্রোয়েড + পিসি | Techtunes,https://www.techtunes.com.bd/outsourcing/tune-id/548046,techtunes.com.bd,Bengali,0.0,gdelt_gkg
PYPL,2018-02-01,"Tech , bank stocks lead Wall Street higher",http://isp.netscape.com/pf/story/0002/20180201/KBN1FL57H_7,isp.netscape.com,English,0.0,gdelt_gkg
PYPL,2018-02-01,  Season of Love  Starts With JJ House Savings,http://forimmediaterelease.net/season-of-love-starts-with-jjs-house-savings-105599/,forimmediaterelease.net,English,0.0,gdelt_gkg
PYPL,2018-02-01,MARKET SNAPSHOT : Stock Market Faces Choppy Trade As Bond Yields Reflate,http://www.4-traders.com/news/MARKET-SNAPSHOT-Stock-Market-Faces-Choppy-Trade-As-Bond-Yields-Reflate--25914306/,4-traders.com,English,0.0,gdelt_gkg
PYPL,2018-02-01,3quarksdaily : What Makes Extraordinary Science Extraordinary,http://www.3quarksdaily.com/3quarksdaily/2018/02/what-makes-extraordinary-science-extraordinary.html,3quarksdaily.com,English,0.0,gdelt_gkg
PYPL,2018-02-01,קרן מ יבים רוכשת את ב יין מטה המשטרה ברמלה ב - 78 . 5 מ  ש  ,https://www.globes.co.il/news/article.aspx?did=1001222142,globes.co.il,Hebrew,0.0,gdelt_gkg
PYPL,2018-02-01,DMCA ignored | Free Cpanel | Start From 4$,http://www.hostingdiscussion.com/vps-hosting-offers/66277-dmca-ignored-free-cpanel-start-4-bitcoin-paypal-webmoney.html,hostingdiscussion.com,English,0.0,gdelt_gkg
PYPL,2018-02-01,"storybreak stars ); background - repeat : no - repeat ; background - position : center }. editor . editor - inner div . legacy - raw - html ,. post - content div . legacy - raw - html { border : 3px solid # eeb544 ; padding : 5px ; margin - bottom : ...",https://gizmodo.com/?startTime=1517501340274,gizmodo.com,English,0.0,gdelt_gkg
PYPL,2018-02-01,US stock indexes turn slightly lower as early gains vanish | National News,http://magicvalley.com/news/national/us-stock-indexes-turn-slightly-lower-as-early-gains-vanish/article_384b0065-44f0-5325-a46a-96d0ed931bb7.html,magicvalley.com,English,0.0,gdelt_gkg
PYPL,2018-02-01,"PayPal fourth - quarter profit beats estimates , but forecast disappoints",https://finance.yahoo.com/news/paypals-profit-jumps-59-percent-213225987.html,finance.yahoo.com,English,0.0,gdelt_gkg
PYPL,2018-02-01,Asia Morning Call - Global Markets,http://www.kitco.com/news/2018-02-01/Asia-Morning-Call-Global-Markets.html,kitco.com,English,0.0,gdelt_gkg
PYPL,2018-02-01,News Highlights,http://www.4-traders.com/news/News-Highlights-Top-Company-News-of-the-Day--25914403/,4-traders.com,English,0.0,gdelt_gkg
PYPL,2018-02-01,"Paul Krugman : Bubble , bubble , fraud and trouble with bitcoin - ",http://www.dailyastorian.com/columns/20180201/paul-krugman-bubble-bubble-fraud-and-trouble-with-bitcoin,dailyastorian.com,English,0.0,gdelt_gkg
PYPL,2018-02-01,US stock indexes turn slightly lower as early gains vanish,http://www.wwl.com/articles/ap-news/us-stock-indexes-turn-slightly-lower-early-gains-vanish,wwl.com,English,0.0,gdelt_gkg
PYPL,2018-02-01,Wall St pulls back from earlier gains as bond yields rise,https://www.nasdaq.com/article/wall-st-pulls-back-from-earlier-gains-as-bond-yields-rise-20180201-01391,nasdaq.com,English,0.0,gdelt_gkg
PYPL,2018-02-01,US stock indexes turn slightly lower as early gains vanish | Wire,http://www.godanriver.com/work_it_sova/news/wire/us-stock-indexes-turn-slightly-lower-as-early-gains-vanish/article_edd9f306-0340-55d0-854a-e757456050b3.html,godanriver.com,English,0.0,gdelt_gkg
PYPL,2018-02-01,Wall St . pulls back from earlier gains as bond yields rise,https://www.reuters.com/article/us-usa-stocks/wall-st-pulls-back-from-earlier-gains-as-bond-yields-rise-idUSKBN1FL57H,reuters.com,English,0.0,gdelt_gkg
PYPL,2018-02-01,"storybreak stars ); background - repeat : no - repeat ; background - position : center }. editor . editor - inner div . legacy - raw - html ,. post - content div . legacy - raw - html { border : 3px solid # eeb544 ; padding : 5px ; margin - bottom : ...",https://gizmodo.com/?startTime=1517499600004,gizmodo.com,English,0.0,gdelt_gkg
PYPL,2018-02-01,Earnings : 3 Megacap Tech Stocks to Watch Today,https://finance.yahoo.com/news/earnings-3-megacap-tech-stocks-150600588.html,finance.yahoo.com,English,0.0,gdelt_gkg
PYPL,2018-02-01,פער הדיווח  סגר :  טבע מקבלת עכשיו את הרע מש י העולמות  ,http://www.globes.co.il/news/article.aspx?did=1001222073,globes.co.il,Hebrew,0.0,gdelt_gkg
PYPL,2018-02-01,US stock indexes turn slightly lower as early gains vanish | AP National News,http://tucson.com/news/national/us-stock-indexes-turn-slightly-lower-as-early-gains-vanish/article_84ed12a4-e8f8-5a35-8a2f-9c8f91d53a19.html,tucson.com,English,0.0,gdelt_gkg
PYPL,2018-02-01,  Season of Love  Starts With JJ House Savings,https://www.marketwatch.com/story/season-of-love-starts-with-jjs-house-savings-2018-02-01,marketwatch.com,English,0.0,gdelt_gkg
PYPL,2018-02-01,"TSX falls to 8 - week low , as Facebook , Microsoft lead Wall Street higher - Article",https://www.bnn.ca/tsx-falls-to-8-week-low-as-facebook-microsoft-lead-wall-street-higher-1.985119,bnn.ca,English,0.0,gdelt_gkg
PYPL,2018-02-01,US stock indexes turn slightly lower as early gains vanish,http://www.nydailynews.com/newswires/news/business/stock-indexes-turn-slightly-early-gains-vanish-article-1.3792734,nydailynews.com,English,0.0,gdelt_gkg
PYPL,2018-02-01,Why Google is Spending Big on Undersea Cables,http://www.nasdaq.com/article/why-google-is-spending-big-on-undersea-cables-cm914763,nasdaq.com,English,0.0,gdelt_gkg
PYPL,2018-02-01,US stock indexes turn slightly lower as early gains vanish | Business,http://kdhnews.com/business/us-stock-indexes-turn-slightly-lower-as-early-gains-vanish/article_6c14c8b0-dd9f-5add-a784-1887f081b497.html,kdhnews.com,English,0.0,gdelt_gkg
PYPL,2018-02-01,  Season of Love  Starts With JJ House Savings,https://www.prnewswire.com/news-releases/season-of-love-starts-with-jjs-house-savings-300592163.html,prnewswire.com,English,0.0,gdelt_gkg
PYPL,2018-02-01,Article : Daily Inspiration More than one way to write a blog,https://www.opednews.com/articles/Daily-Inspiration-mdash--by-Josh-Mitteldorf-Cats-180124-325.html,opednews.com,English,0.0,gdelt_gkg
PYPL,2018-02-01,US stock indexes turn slightly lower as early gains vanish | Business,http://www.northwestgeorgianews.com/associated_press/business/us-stock-indexes-turn-slightly-lower-as-early-gains-vanish/article_0a6c7d88-14d7-5efd-b45f-170745308633.html,northwestgeorgianews.com,English,0.0,gdelt_gkg
PYPL,2018-02-01,"How To Get Paid On Time , Every Time « CBS San Francisco",http://sanfrancisco.cbslocal.com/2018/02/01/get-paid-on-time/,sanfrancisco.cbslocal.com,English,0.0,gdelt_gkg
PYPL,2018-02-01,3quarksdaily : The Nonbinary Gender Trap,http://www.3quarksdaily.com/3quarksdaily/2018/02/the-nonbinary-gender-trap.html,3quarksdaily.com,English,0.0,gdelt_gkg
PYPL,2018-02-01,3quarksdaily : MLK Now,http://www.3quarksdaily.com/3quarksdaily/2018/02/mlk-now.html,3quarksdaily.com,English,0.0,gdelt_gkg
PYPL,2018-02-01,תחמון וב ייה : יזמים מקימים מפלצות  דל  ן ע קיות ללא אישור - בידיעה שיוכשרו בדיעבד,http://www.globes.co.il/news/article.aspx?did=1001221125,globes.co.il,Hebrew,0.0,gdelt_gkg
PYPL,2018-02-01,US stock indexes turn slightly lower as early gains vanish | National,http://www.the-messenger.com/news/national/article_5f04a1cf-c0a3-5b8a-8553-04281d3e28be.html,the-messenger.com,English,0.0,gdelt_gkg
PYPL,2018-02-01,  Season of Love  Starts With JJ House Savings,http://www.tmcnet.com/usubmit/2018/02/01/8693196.htm,tmcnet.com,English,0.0,gdelt_gkg
PYPL,2018-02-01,US stocks waver early on between small gains and losses,http://www.dothanfirst.com/news/us-stocks-waver-early-on-between-small-gains-and-losses/948290693,dothanfirst.com,English,0.0,gdelt_gkg
PYPL,2018-02-01,MARKET SNAPSHOT : Stock Market Faces Choppy Trade As Bond Yields Reflate,http://www.4-traders.com/news/MARKET-SNAPSHOT-Stock-Market-Faces-Choppy-Trade-As-Bond-Yields-Reflate--25914389/,4-traders.com,English,0.0,gdelt_gkg
PYPL,2018-02-01,"Global stocks edge up in cautious trade , dollar eases",http://www.4-traders.com/news/Global-stocks-edge-up-in-cautious-trade-dollar-eases--25910089/,4-traders.com,English,0.0,gdelt_gkg
PYPL,2018-02-01,Markets Right Now : Stock rise at midday after early wobble | Business,http://missoulian.com/business/markets-right-now-stock-rise-at-midday-after-early-wobble/article_cfb1aa83-afe2-5679-96a0-bfcad734ea41.html,missoulian.com,English,0.0,gdelt_gkg
PYPL,2018-02-01,IT News Online - PR Newswire,http://www.itnewsonline.com/prnewswire/Lattice-Engines-Sees-Stellar-Growth-in-2017/576891,itnewsonline.com,English,0.0,gdelt_gkg
PYPL,2018-02-01,Technology companies lead US stocks higher in midday trade,http://kstp.com/business/us-stocks-waver-early-on-between-small-gains-and-losses/4768293/?cat=140,kstp.com,English,0.0,gdelt_gkg
PYPL,2018-02-01,king5 . com,http://www.king5.com/article/news/nation-now/gay-rights-groups-say-amazon-should-avoid-these-9-cities-for-second-headquarters/465-9fda3ae8-c22b-4ca1-a561-97ee3da79002,king5.com,English,0.0,gdelt_gkg
PYPL,2018-02-01,11alive . com,http://www.11alive.com/article/news/nation-now/gay-rights-groups-say-amazon-should-avoid-these-9-cities-for-second-headquarters/465-9fda3ae8-c22b-4ca1-a561-97ee3da79002,11alive.com,English,0.0,gdelt_gkg
PYPL,2018-02-01,"Tech , bank stocks lead Wall Street higher",https://uk.reuters.com/article/us-usa-stocks/tech-bank-stocks-lead-wall-street-higher-idUKKBN1FL57H,uk.reuters.com,English,0.0,gdelt_gkg
PYPL,2018-02-01,Technology companies lead US stocks higher in midday trade | National,http://missoulian.com/news/national/technology-companies-lead-us-stocks-higher-in-midday-trade/article_59579a39-c139-5b03-891e-70c7763aaf0e.html,missoulian.com,English,0.0,gdelt_gkg
PYPL,2018-02-01,Technology companies lead US stocks higher in midday trade | National,http://siouxcityjournal.com/news/national/technology-companies-lead-us-stocks-higher-in-midday-trade/article_64891a43-911f-5f8c-9616-34f4fa82a54a.html,siouxcityjournal.com,English,0.0,gdelt_gkg
PYPL,2018-02-01,"Tech , bank stocks lead Wall Street higher",https://finance.yahoo.com/news/futures-slip-fed-strikes-hawkish-tone-microsoft-dips-124808805--finance.html,finance.yahoo.com,English,0.0,gdelt_gkg
PYPL,2018-02-01,Markets Right Now : Stock rise at midday after early wobble | Business,http://siouxcityjournal.com/business/markets-right-now-stock-rise-at-midday-after-early-wobble/article_845190f8-cb3a-5efd-b966-8db1c966ed6c.html,siouxcityjournal.com,English,0.0,gdelt_gkg
PYPL,2018-02-01,kgw . com,http://www.kgw.com/article/news/nation-now/gay-rights-groups-say-amazon-should-avoid-these-9-cities-for-second-headquarters/465-9fda3ae8-c22b-4ca1-a561-97ee3da79002,kgw.com,English,0.0,gdelt_gkg
PYPL,2018-02-01,Technology companies lead US stocks higher in midday trade,http://naplesherald.com/2018/02/01/technology-companies-lead-us-stocks-higher-midday-trade/,naplesherald.com,English,0.0,gdelt_gkg
PYPL,2018-02-01,US stocks waver early on between small gains and losses | Business,http://www.shorelinemedia.net/ludington_daily_news/business/us-stocks-waver-early-on-between-small-gains-and-losses/article_48f56e5f-4bf0-5c57-9cdf-3a5922b52ac5.html,shorelinemedia.net,English,0.0,gdelt_gkg
PYPL,2018-02-01,Lattice Engines Sees Stellar Growth in 2017,http://forimmediaterelease.net/lattice-engines-sees-stellar-growth-in-2017-105124/,forimmediaterelease.net,English,0.0,gdelt_gkg
PYPL,2018-02-01,"Tech , bank stocks lead Wall Street higher",http://www.4-traders.com/news/Tech-bank-stocks-lead-Wall-Street-higher--25911077/,4-traders.com,English,0.0,gdelt_gkg
PYPL,2018-02-01,Lattice Engines Sees Stellar Growth in 2017,https://www.marketwatch.com/story/lattice-engines-sees-stellar-growth-in-2017-2018-02-01,marketwatch.com,English,0.0,gdelt_gkg
PYPL,2018-02-01,5 Lame Excuses That Unsuccessful People Always Make,http://www.greenwichtime.com/news/article/5-Lame-Excuses-That-Unsuccessful-People-Always-12543336.php,greenwichtime.com,English,0.0,gdelt_gkg
PYPL,2018-02-01,St . Louisan followed the path of a martyred priest,http://stlouisreview.com/article/2018-02-01/st-louisan-followed,stlouisreview.com,English,0.0,gdelt_gkg
PYPL,2018-02-01,Lattice Engines Sees Stellar Growth in 2017,https://www.prnewswire.com/news-releases/lattice-engines-sees-stellar-growth-in-2017-300592145.html,prnewswire.com,English,0.0,gdelt_gkg
PYPL,2018-02-01,Technology companies lead US stocks higher in midday trade | AP National News,http://tucson.com/news/national/technology-companies-lead-us-stocks-higher-in-midday-trade/article_84ed12a4-e8f8-5a35-8a2f-9c8f91d53a19.html,tucson.com,English,0.0,gdelt_gkg
PYPL,2018-02-01,"Elon Musk sells 20 , 000 flamethrowers to the American public , jokes about  zombie apocalypse  ",http://www.independent.co.uk/life-style/gadgets-and-tech/news/elon-musk-flamethrower-boring-company-sells-out-release-date-when-details-features-a8189886.html,independent.co.uk,English,0.0,gdelt_gkg
PYPL,2018-02-01,Technology companies lead US stocks higher in midday trade | National,http://muscatinejournal.com/news/national/us-stock-indexes-waver-between-small-gains-and-losses/article_0271181d-5220-5dba-bb5d-d1770fdceb64.html,muscatinejournal.com,English,0.0,gdelt_gkg
PYPL,2018-02-01,Markets Right Now : Stock rise at midday after early wobble | Business News,http://tucson.com/business/markets-right-now-stock-rise-at-midday-after-early-wobble/article_5dd92db8-8cc1-5628-890f-b55cab31f539.html,tucson.com,English,0.0,gdelt_gkg
PYPL,2018-02-01,THIEL slams Silicon Valley  one - party  politics -- DE LEON playing fundraising catch - up -- COX hits the airwaves -- LICCARDO backs VILLARAIGOSA,https://www.politico.com/newsletters/california-playbook/2018/02/01/thiel-slams-silicon-valleys-one-party-politics-de-leon-playing-fundraising-catchup-nunes-challenger-making-gains-cox-hits-the-airwaves-first-in-gov-race-liccardo-backs-villaraigosa-243022,politico.com,English,0.0,gdelt_gkg
PYPL,2018-02-01,US stocks waver early on between small gains and losses,http://www.wfmz.com/news/ap-national/us-stocks-waver-early-on-between-small-gains-and-losses/694959974,wfmz.com,English,0.0,gdelt_gkg
PYPL,2018-02-01,"Xerox Hasnt Discussed Fuji Deal With Carl Icahn , Darwin Deason ( NYSE : XRX ) ",https://www.benzinga.com/news/18/02/11119334/xerox-hasnt-discussed-fuji-deal-with-carl-icahn-darwin-deason,benzinga.com,English,0.0,gdelt_gkg
PYPL,2018-02-01,Report : Google Alphabet Explores Joint Venture Opportunity With Saudi Aramco,https://www.benzinga.com/news/18/02/11117818/report-googles-alphabet-explores-joint-venture-opportunity-with-saudi-aramco,benzinga.com,English,0.0,gdelt_gkg
PYPL,2018-02-01,5 Lame Excuses That Unsuccessful People Always Make,http://www.newstimes.com/news/article/5-Lame-Excuses-That-Unsuccessful-People-Always-12543336.php,newstimes.com,English,0.0,gdelt_gkg
PYPL,2018-02-01,Markets Right Now : Stock rise at midday after early wobble,https://www.chieftain.com/business/markets-right-now-stock-rise-at-midday-after-early-wobble/article_b0a0cf61-13da-5448-85fe-23ac323a4bc8.html,chieftain.com,English,0.0,gdelt_gkg
PYPL,2018-02-01,Technology companies lead US stocks higher in midday trade | National,http://www.ccenterdispatch.com/news/national/article_d3ad6bf1-af07-5307-aa07-3b9f088ce15d.html,ccenterdispatch.com,English,0.0,gdelt_gkg
PYPL,2018-02-01,News Highlights,http://www.4-traders.com/news/News-Highlights-Top-Company-News-of-the-Day--25913787/,4-traders.com,English,0.0,gdelt_gkg
PYPL,2018-02-01,"25 New Savingstar offers : Cereal , Yoplait , Old El Paso , Starbucks",http://www.wral.com/25-new-savingstar-offers-cereal-yoplait-old-el-paso-starbucks/17306456/,wral.com,English,0.0,gdelt_gkg
PYPL,2018-02-01,2 : 00PM Water Cooler 2 / 1 / 2018,https://www.nakedcapitalism.com/2018/02/200pm-water-cooler-212018.html,nakedcapitalism.com,English,0.0,gdelt_gkg
PYPL,2018-02-01,"Best  Minecraft  Skins On the Marketplace  Star War ,  Stranger Thing , and More",http://toucharcade.com/2018/02/01/best-minecraft-skins-on-the-marketplace-star-wars-stranger-things-and-more/,toucharcade.com,English,0.0,gdelt_gkg
PYPL,2018-02-01,"Stocks edge up in cautious trade , dollar eases",http://www.financialexpress.com/market/stocks-edge-up-in-cautious-trade-dollar-eases/1045363/,financialexpress.com,English,0.0,gdelt_gkg
PYPL,2018-02-01,"storybreak stars ); background - repeat : no - repeat ; background - position : center }. editor . editor - inner div . legacy - raw - html ,. post - content div . legacy - raw - html { border : 3px solid # eeb544 ; padding : 5px ; margin - bottom : ...",https://gizmodo.com/?startTime=1517488800835,gizmodo.com,English,0.0,gdelt_gkg
PYPL,2018-02-01,Technology companies lead US stocks higher in midday trade,http://www.myplainview.com/news/article/US-stocks-waver-early-on-between-small-gains-and-12543076.php,myplainview.com,English,0.0,gdelt_gkg
PYPL,2018-02-01,"MARKET SNAPSHOT : Stock Market Gains , But Off Session Highs In Afternoon Trade",http://www.4-traders.com/news/MARKET-SNAPSHOT-Stock-Market-Gains-But-Off-Session-Highs-In-Afternoon-Trade--25913967/,4-traders.com,English,0.0,gdelt_gkg
PYPL,2018-02-01,"Uber  really pleased  with launch in Tauranga , expects demand to ramp up",http://www.nzherald.co.nz/bay-of-plenty-times/news/article.cfm?c_id=1503343&objectid=11986258,nzherald.co.nz,English,0.0,gdelt_gkg
PYPL,2018-02-01,How I Became A Brown Girl Landlord Before 35 : Part III,http://madamenoire.com/1013620/how-i-became-a-brown-girl-landlord-before-35-part-iii/,madamenoire.com,English,0.0,gdelt_gkg
PYPL,2018-02-01,"storybreak stars ); background - repeat : no - repeat ; background - position : center }. editor . editor - inner div . legacy - raw - html ,. post - content div . legacy - raw - html { border : 3px solid # eeb544 ; padding : 5px ; margin - bottom : ...",https://gizmodo.com/?startTime=1517488376054,gizmodo.com,English,0.0,gdelt_gkg
PYPL,2018-02-01,"DECENT And Dragonfly Launch ALAX , A Project Using Blockchain To Revolutionize Payment Processing In The Gaming Industry",https://paymentweek.com/20108-2-1-decent-dragonfly-launch-alax-project-using-blockchain-revolutionize-payment-processing-gaming-industry/,paymentweek.com,English,0.0,gdelt_gkg
PYPL,2018-02-01,"US STOCKS - Tech , bank stocks lead Wall Street higher",https://www.nasdaq.com/article/us-stockstech-bank-stocks-lead-wall-street-higher-20180201-01298,nasdaq.com,English,0.0,gdelt_gkg
PYPL,2018-02-01,Why Google is Spending Big on Undersea Cables,https://www.fool.com/investing/2018/02/01/why-google-is-spending-big-on-undersea-cables.aspx?source=iedfolrf0000001,fool.com,English,0.0,gdelt_gkg
PYPL,2018-02-01,"Tech , bank stocks lead Wall Street higher",https://in.reuters.com/article/usa-stocks/tech-bank-stocks-lead-wall-street-higher-idINKBN1FL5MZ,in.reuters.com,English,0.0,gdelt_gkg
PYPL,2018-02-01,Yarmouth native launches Moonlite web app for fellow moonlighters,http://www.mainebiz.biz/article/20180201/NEWS01/180209999,mainebiz.biz,English,0.0,gdelt_gkg
PYPL,2018-02-01,EBay is dumping PayPal for a Dutch rival,http://www.hartfordbusiness.com/article/20180201/NEWS02/302019998,hartfordbusiness.com,English,0.0,gdelt_gkg
PYPL,2018-02-01,Markets Right Now : Stock rise at midday after early wobble | Business,http://www.stltoday.com/business/markets-right-now-stock-rise-at-midday-after-early-wobble/article_5a44c717-ee8b-51da-a421-83414508e389.html,stltoday.com,English,0.0,gdelt_gkg
PYPL,2018-02-01,Under Attack : Outsiders threatening traditional business banking models,https://www.cuinsight.com/attack-outsiders-threatening-traditional-business-banking-models.html,cuinsight.com,English,0.0,gdelt_gkg
PYPL,2018-02-01,Technology companies lead US stocks higher in midday trade - Newschannel 6 Now,http://www.newschannel6now.com/story/37404006/technology-companies-lead-us-stocks-higher-in-midday-trade,newschannel6now.com,English,0.0,gdelt_gkg
PYPL,2018-02-01,Markets Right Now : Stock rise at midday after early wobble,http://www.mynews13.com/content/news/cfnews13/news/article.html/content/news/articles/ap/2018/02/01/Markets_Right_Now_Stock_rise_at_midday_after_early_wobble.html,mynews13.com,English,0.0,gdelt_gkg
PYPL,2018-02-01,"Tech , bank stocks lead Wall Street higher",https://www.nasdaq.com/article/tech-bank-stocks-lead-wall-street-higher-20180201-01295,nasdaq.com,English,0.0,gdelt_gkg
PYPL,2018-02-01,Why Google is Spending Big on Undersea Cables,https://www.nasdaq.com/article/why-google-is-spending-big-on-undersea-cables-cm914763,nasdaq.com,English,0.0,gdelt_gkg
PYPL,2018-02-01,Markets Right Now : Stock rise at midday after early wobble | National,http://www.ccenterdispatch.com/news/national/article_a1b91568-56f4-58f4-a2e6-3bfa6437a741.html,ccenterdispatch.com,English,0.0,gdelt_gkg
PYPL,2018-02-01,wgrz . com,http://www.wgrz.com/article/news/nation-now/gay-rights-groups-say-amazon-should-avoid-these-9-cities-for-second-headquarters/465-9fda3ae8-c22b-4ca1-a561-97ee3da79002,wgrz.com,English,0.0,gdelt_gkg
PYPL,2018-02-01,abc10 . com,http://www.abc10.com/article/news/nation-now/gay-rights-groups-say-amazon-should-avoid-these-9-cities-for-second-headquarters/465-9fda3ae8-c22b-4ca1-a561-97ee3da79002,abc10.com,English,0.0,gdelt_gkg
PYPL,2018-02-01,Swag Code until 4 pm for 4 SB points,http://www.wral.com/swag-code-until-4-pm-for-4-sb-points/17306463/,wral.com,English,0.0,gdelt_gkg
PYPL,2018-02-01,LATE BRIEFING,http://www.finanznachrichten.de/nachrichten-2018-02/42901197-late-briefing-unternehmen-und-maerkte-015.htm,finanznachrichten.de,German,0.0,gdelt_gkg
PYPL,2018-02-01,"US STOCKS - Tech , bank stocks lead Wall Street higher",http://www.kitco.com/news/2018-02-01/US-STOCKS-Tech-bank-stocks-lead-Wall-Street-higher.html,kitco.com,English,0.0,gdelt_gkg
PYPL,2018-02-01,Technology companies lead U . S . stocks higher | Business,http://www.stltoday.com/business/local/technology-companies-lead-u-s-stocks-higher/article_dfd79165-7cf9-5521-9b65-e94e367a5ab7.html,stltoday.com,English,0.0,gdelt_gkg
PYPL,2018-02-01,"MARKET SNAPSHOT : Dow Notches Slight Gain , But S & P 500 , Nasdaq End Lower Ahead Of Jobs Report",http://www.morningstar.com/news/dow-jones/TDJNDN_2018020113545/market-snapshot-dow-notches-slight-gain-but-sp-500-nasdaq-end-lower-ahead-of-jobs-report.html,morningstar.com,English,0.0,gdelt_gkg
PYPL,2018-02-01,US stock indexes turn slightly lower as early gains vanish | Nation,http://www.stltoday.com/news/national/us-stock-indexes-turn-slightly-lower-as-early-gains-vanish/article_120b1efc-aed6-5bc4-ba77-9c60f41775a5.html,stltoday.com,English,0.0,gdelt_gkg
PYPL,2018-02-01,wcnc . com,http://www.wcnc.com/article/news/nation-now/gay-rights-groups-say-amazon-should-avoid-these-9-cities-for-second-headquarters/465-9fda3ae8-c22b-4ca1-a561-97ee3da79002,wcnc.com,English,0.0,gdelt_gkg
PYPL,2018-02-01,Markets Right Now : US stock indexes close mostly lower,http://www.mynews13.com/content/news/cfnews13/news/article.html/content/news/articles/ap/2018/02/01/Markets_Right_Now_US_stock_indexes_close_mostly_lower.html,mynews13.com,English,0.0,gdelt_gkg
PYPL,2018-02-01,Wall Street forfeits early gains as bond yields rise,https://in.reuters.com/article/usa-stocks/wall-street-forfeits-early-gains-as-bond-yields-rise-idINKBN1FL5MZ,in.reuters.com,English,0.0,gdelt_gkg
PYPL,2018-02-01,Finance news you need to know today,http://www.news.com.au/finance/markets/world-markets/finance-news-you-need-to-know-today/news-story/bc833e184e662d8af8408c724fe5443f,news.com.au,English,0.0,gdelt_gkg
PYPL,2018-02-01,Wall Street finit sur une note prudente,https://www.easybourse.com/marches/point-tendance/31891/wall-street-finit-sur-une-note-prudente.html,easybourse.com,French,0.0,gdelt_gkg
PYPL,2018-02-01,US STOCKS - Wall St shares forfeit early gains as bond yields rise,http://www.kitco.com/news/2018-02-01/US-STOCKS-Wall-St-shares-forfeit-early-gains-as-bond-yields-rise.html,kitco.com,English,0.0,gdelt_gkg
PYPL,2018-02-01,US stocks head mostly lower as early gains fade | Ap Nation,http://www.herald-dispatch.com/ap/ap_nation/us-stocks-head-mostly-lower-as-early-gains-fade/article_c25a2222-ec2f-5afc-a6e4-98c9aa2fba9c.html,herald-dispatch.com,English,0.0,gdelt_gkg
PYPL,2018-02-01,US stocks head mostly lower as early gains fade,http://www.wfsb.com/story/37404005/technology-companies-lead-us-stocks-higher-in-midday-trade,wfsb.com,English,0.0,gdelt_gkg
PYPL,2018-02-01,US STOCKS - Wall St forfeits early gains as bond yields rise,http://www.kitco.com/news/2018-02-01/US-STOCKS-Wall-St-forfeits-early-gains-as-bond-yields-rise.html,kitco.com,English,0.0,gdelt_gkg
PYPL,2018-02-01,"South Carolina animal rescuer and sanctuary , victims of disaster",https://petrescuereport.com/2018/south-carolina-animal-rescuer-sanctuary-victims-disaster/,petrescuereport.com,English,0.0,gdelt_gkg
PYPL,2018-02-01,PayPal and UPS stumble while eBay and Qorvo advance,http://www.therepublic.com/2018/02/01/financial-markets-stocks-21/,therepublic.com,English,0.0,gdelt_gkg
PYPL,2018-02-01,Wall St . shares forfeit early gains as bond yields rise,https://in.reuters.com/article/us-usa-stocks/wall-st-shares-forfeit-early-gains-as-bond-yields-rise-idINKBN1FL57H,in.reuters.com,English,0.0,gdelt_gkg
PYPL,2018-02-01,US stocks head mostly lower as early gains fade | Business,https://www.bozemandailychronicle.com/ap_news/business/us-stocks-head-mostly-lower-as-early-gains-fade/article_a9e341c1-1dff-52c4-9a12-47a565bf5767.html,bozemandailychronicle.com,English,0.0,gdelt_gkg
PYPL,2018-02-01,US stocks head mostly lower as early gains fade,http://www.creweguardian.co.uk/news/national/15914795.US_stocks_head_mostly_lower_as_early_gains_fade/,creweguardian.co.uk,English,0.0,gdelt_gkg
PYPL,2018-02-01,US stocks end mostly down as treasury yields spike,http://www.thebull.com.au/articles/a/72155-us-stocks-end-mostly-down-as-treasury-yields-spike.html,thebull.com.au,English,0.0,gdelt_gkg
PYPL,2018-02-01,Wall Street shares forfeit early gains as bond yields rise | Business,http://www.stltoday.com/business/local/wall-street-shares-forfeit-early-gains-as-bond-yields-rise/article_dfd79165-7cf9-5521-9b65-e94e367a5ab7.html,stltoday.com,English,0.0,gdelt_gkg
PYPL,2018-02-01,"Stocks Mixed At Close , As Ferrari , Qorvo , OpenText Score Breakouts",https://www.investors.com/market-trend/stock-market-today/stocks-mixed-at-close-as-ferrari-qorvo-opentext-score-breakouts/,investors.com,English,0.0,gdelt_gkg
PYPL,2018-02-01,PayPal and UPS stumble while eBay and Qorvo advance,http://www.nzherald.co.nz/business/news/article.cfm?c_id=3&objectid=11986818,nzherald.co.nz,English,0.0,gdelt_gkg
PYPL,2018-02-01,Markets Right Now : US stock indexes close mostly lower | Business,http://missoulian.com/business/markets-right-now-us-stock-indexes-close-mostly-lower/article_cfb1aa83-afe2-5679-96a0-bfcad734ea41.html,missoulian.com,English,0.0,gdelt_gkg
PYPL,2018-02-01,US stocks head mostly lower as early gains fade | Business,http://www.northwestgeorgianews.com/associated_press/business/us-stocks-head-mostly-lower-as-early-gains-fade/article_0a6c7d88-14d7-5efd-b45f-170745308633.html,northwestgeorgianews.com,English,0.0,gdelt_gkg
PYPL,2018-02-01,Aktien New York Schluss : Dow knapp im Plus - Berichtssaison im Fokus,https://www.focus.de/finanzen/news/wirtschaftsticker/aktien-new-york-schluss-dow-knapp-im-plus-berichtssaison-im-fokus_id_8400698.html,focus.de,German,0.0,gdelt_gkg
PYPL,2018-02-01,Wall Street forfeits early gains as bond yields rise,http://www.business-standard.com/article/reuters/wall-street-forfeits-early-gains-as-bond-yields-rise-118020200079_1.html,business-standard.com,English,0.0,gdelt_gkg
PYPL,2018-02-01,US stocks head mostly lower as early gains fade | Technology,http://www.pressofatlanticcity.com/business/technology/us-stocks-head-mostly-lower-as-early-gains-fade/article_36725af1-70f5-5141-8e1c-0d4d5c824947.html,pressofatlanticcity.com,English,0.0,gdelt_gkg
PYPL,2018-02-01,"MARKET SNAPSHOT : Dow Notches Slight Gain , But S & P 500 , Nasdaq End Lower Ahead Of Jobs Report",http://www.4-traders.com/news/MARKET-SNAPSHOT-Dow-Notches-Slight-Gain-But-S-P-500-Nasdaq-End-Lower-Ahead-Of-Jobs-Report--25915167/,4-traders.com,English,0.0,gdelt_gkg
PYPL,2018-02-01,Pledge - O - Rama : January Results and February Pledges,https://www.japersrink.com/2018/2/1/16959470/pledge-o-rama-january-results-and-february-pledges,japersrink.com,English,0.0,gdelt_gkg
PYPL,2018-02-01,US close : Shares mixed as inflation worries kick in,http://www.livecharts.co.uk/share_prices/US-close--Shares-mixed-as-inflation-worries-k-news27012152.html,livecharts.co.uk,English,0.0,gdelt_gkg
PYPL,2018-02-01,Wall St . shares forfeit early gains as bond yields rise,http://www.4-traders.com/news/Wall-St-shares-forfeit-early-gains-as-bond-yields-rise--25911077/,4-traders.com,English,0.0,gdelt_gkg
PYPL,2018-02-01,PayPal and UPS stumble while eBay and Qorvo advance,http://www.miamiherald.com/news/business/article197907579.html,miamiherald.com,English,0.0,gdelt_gkg
PYPL,2018-02-01,Bezos Fortune Jumps $6 . 5 Billion After Hours in Tech Wild Ride,https://www.bloomberg.com/news/articles/2018-02-01/bezos-fortune-jumps-6-5-billion-after-hours-in-tech-s-wild-ride,bloomberg.com,English,0.0,gdelt_gkg
PYPL,2018-02-01,US stocks head mostly ower as early gains fade,https://www.breakingnews.ie/business/us-stocks-head-mostly-ower-as-early-gains-fade-826013.html,breakingnews.ie,English,0.0,gdelt_gkg
PYPL,2018-02-01,US stocks head mostly lower as early gains fade,http://www.lancashiretelegraph.co.uk/news/national/15914795.US_stocks_head_mostly_lower_as_early_gains_fade/,lancashiretelegraph.co.uk,English,0.0,gdelt_gkg
PYPL,2018-02-01,US stock indexes turn slightly lower as early gains vanish,https://www.chieftain.com/news/us-stock-indexes-turn-slightly-lower-as-early-gains-vanish/article_89e14539-9cee-55da-a4a0-90b8601e6c6d.html,chieftain.com,English,0.0,gdelt_gkg
PYPL,2018-02-01,5 Lame Excuses That Unsuccessful People Always Make,http://www.stamfordadvocate.com/news/article/5-Lame-Excuses-That-Unsuccessful-People-Always-12543336.php,stamfordadvocate.com,English,0.0,gdelt_gkg
PYPL,2018-02-01,9news . com,http://www.9news.com/article/news/nation-now/gay-rights-groups-say-amazon-should-avoid-these-9-cities-for-second-headquarters/465-9fda3ae8-c22b-4ca1-a561-97ee3da79002,9news.com,English,0.0,gdelt_gkg
PYPL,2018-02-01,abc10 . com,http://www.abc10.com/article/news/nation-world/amazons-second-headquarters-gay-groups-say-amazon-should-avoid-these-9-cities/513475517,abc10.com,English,0.0,gdelt_gkg
PYPL,2018-02-01,"storybreak stars ); background - repeat : no - repeat ; background - position : center }. editor . editor - inner div . legacy - raw - html ,. post - content div . legacy - raw - html { border : 3px solid # eeb544 ; padding : 5px ; margin - bottom : ...",https://gizmodo.com/?startTime=1517507414637,gizmodo.com,English,0.0,gdelt_gkg
PYPL,2018-02-01,Tahiti downplays floating islands reports,http://www.radionz.co.nz/international/pacific-news/349490/tahiti-downplays-floating-islands-reports,radionz.co.nz,English,0.0,gdelt_gkg
PYPL,2018-02-01,US stocks head mostly lower as early gains fade,https://www.eveningtelegraph.co.uk/2018/02/01/us-stocks-head-mostly-lower-as-early-gains-fade/,eveningtelegraph.co.uk,English,0.0,gdelt_gkg
PYPL,2018-02-01,"Airbnb CFO Out in Management Shakeup , No IPO Planned for 2018 – Skift",https://skift.com/2018/02/01/airbnb-cfo-out-in-management-shakeup-no-ipo-planned-for-2018/,skift.com,English,0.0,gdelt_gkg
PYPL,2018-02-01,PayPal Ends a Record Year and Looks Ahead to a Separation from eBay,https://www.fool.com/investing/2018/02/01/paypal-ends-a-record-year-and-looks-ahead-to-a-sep.aspx?source=iedfolrf0000001,fool.com,English,0.0,gdelt_gkg
PYPL,2018-02-01,Tech billionaires Peter Thiel and Reid Hoffman talk  crisis of democracy  ,https://www.sfchronicle.com/business/article/Tech-billionaires-Peter-Thiel-and-Reid-Hoffman-12543882.php,sfchronicle.com,English,0.0,gdelt_gkg
PYPL,2018-02-01,What Happened in the Stock Market Today,https://www.fool.com/investing/2018/02/01/what-happened-in-the-stock-market-today.aspx?source=iedfolrf0000001,fool.com,English,0.0,gdelt_gkg
PYPL,2018-02-01,US stocks close mostly lower as early gains fade | Wall Street,http://www.omaha.com/money/wall-street/us-stocks-close-mostly-lower-as-early-gains-fade/article_00b764dc-a6ad-51f6-b99e-202d54ba5c2a.html,omaha.com,English,0.0,gdelt_gkg
PYPL,2018-02-01,US stocks close mostly lower as early gains fade | Nation,http://www.stltoday.com/news/national/us-stocks-close-mostly-lower-as-early-gains-fade/article_120b1efc-aed6-5bc4-ba77-9c60f41775a5.html,stltoday.com,English,0.0,gdelt_gkg
PYPL,2018-02-01,"Airbnb chief financial officer departs amid tensions , leaving IPO timing unclear",http://www.latimes.com/business/la-fi-airbnb-cfo-ipo-20180201-story.html,latimes.com,English,0.0,gdelt_gkg
PYPL,2018-02-01,US close : Shares mixed as inflation worries kick in,http://www.hl.co.uk/shares/stock-market-news/market-reports/us-close-shares-mixed-as-inflation-worries-kick-in,hl.co.uk,English,0.0,gdelt_gkg
PYPL,2018-02-01,Interest Rate Worries May Weigh On Wall Street,http://markets.businessinsider.com/news/stocks/Interest-Rate-Worries-May-Weigh-On-Wall-Street-1014800708,markets.businessinsider.com,English,0.0,gdelt_gkg
PYPL,2018-02-01,US stocks head mostly lower as early gains fade | Consumer,http://www.omaha.com/money/consumer/us-stocks-head-mostly-lower-as-early-gains-fade/article_00b764dc-a6ad-51f6-b99e-202d54ba5c2a.html,omaha.com,English,0.0,gdelt_gkg
PYPL,2018-02-01,Markets Right Now : US stock indexes close mostly lower | Business,http://www.stltoday.com/business/markets-right-now-us-stock-indexes-close-mostly-lower/article_5a44c717-ee8b-51da-a421-83414508e389.html,stltoday.com,English,0.0,gdelt_gkg
PYPL,2018-02-01,US stocks head mostly lower as early gains fade,http://www.chardandilminsternews.co.uk/news/national/15914795.US_stocks_head_mostly_lower_as_early_gains_fade/,chardandilminsternews.co.uk,English,0.0,gdelt_gkg
PYPL,2018-02-01,US stocks head mostly lower as early gains fade,http://www.campaignseries.co.uk/news/national/15914795.US_stocks_head_mostly_lower_as_early_gains_fade/,campaignseries.co.uk,English,0.0,gdelt_gkg
PYPL,2018-02-01,"US STOCKS - Wall St set to open lower on hawkish Fed , Microsoft drop",https://uk.reuters.com/article/usa-stocks/us-stocks-wall-st-set-to-open-lower-on-hawkish-fed-microsofts-drop-idUKL4N1PR4QI,uk.reuters.com,English,0.0,gdelt_gkg
PYPL,2018-02-01,US stocks head mostly lower as early gains fade,http://www.northwichguardian.co.uk/news/national/15914795.US_stocks_head_mostly_lower_as_early_gains_fade/,northwichguardian.co.uk,English,0.0,gdelt_gkg
PYPL,2018-02-01,US stocks head mostly lower as early gains fade,http://www.thisislocallondon.co.uk/news/national/15914795.US_stocks_head_mostly_lower_as_early_gains_fade/,thisislocallondon.co.uk,English,0.0,gdelt_gkg
PYPL,2018-02-01,US stocks head mostly lower as early gains fade,http://www.keighleynews.co.uk/news/national/15914795.US_stocks_head_mostly_lower_as_early_gains_fade/,keighleynews.co.uk,English,0.0,gdelt_gkg
PYPL,2018-02-01,US stocks head mostly lower as early gains fade,http://www.wafb.com/story/37404005/us-stock-indexes-turn-slightly-lower-as-early-gains-vanish,wafb.com,English,0.0,gdelt_gkg
PYPL,2018-02-01,US stocks head mostly lower as early gains fade,http://www.enfieldindependent.co.uk/news/national/15914795.US_stocks_head_mostly_lower_as_early_gains_fade/,enfieldindependent.co.uk,English,0.0,gdelt_gkg
PYPL,2018-02-01, Никола Тесла отново е звезда в Сърбия,http://e-vestnik.bg/27505/nikola-tesla-otnovo-e-zvezda-v-sarbiya/,e-vestnik.bg,Bulgarian,0.0,gdelt_gkg
PYPL,2018-02-01,US stocks head mostly lower as early gains fade,http://www.newsandstar.co.uk/news/national/article/US-stocks-head-mostly-lower-as-early-gains-fade-114503ba-a8c7-449a-93de-5f8b056b09cd-ds,newsandstar.co.uk,English,0.0,gdelt_gkg
PYPL,2018-02-01,US close : Shares mixed as inflation worries kick in,https://uk.webfg.com/news/market-report-us-close/us-close-shares-mixed-as-inflation-worries-kick-in--3111693.html,uk.webfg.com,English,0.0,gdelt_gkg
PYPL,2018-02-01,"Market Close Report : NASDAQ Composite index closes at 7 , 385 . 86 down - 25 . 62 points",https://www.nasdaq.com/article/market-close-report-nasdaq-composite-index-closes-at-738586-down-2562-points-cm914932,nasdaq.com,English,0.0,gdelt_gkg
PYPL,2018-02-01,"Tech , bank stocks lead Wall Street higher",http://www.business-standard.com/article/reuters/tech-bank-stocks-lead-wall-street-higher-118020200024_1.html,business-standard.com,English,0.0,gdelt_gkg
PYPL,2018-02-01,Amazon признан самым успешным брендом в мире : Apple занял второе место,https://joinfo.ua/inworld/1225574_Amazon-priznan-samim-uspeshnim-brendom-mire-Apple.html,joinfo.ua,Russian,0.0,gdelt_gkg
PYPL,2018-02-01,Wall St . pulls back from earlier gains as bond yields rise,https://uk.reuters.com/article/us-usa-stocks/wall-st-pulls-back-from-earlier-gains-as-bond-yields-rise-idUKKBN1FL57H,uk.reuters.com,English,0.0,gdelt_gkg
PYPL,2018-02-01,Markets Right Now : US stock indexes close mostly lower | AP US / World,http://www.greensboro.com/ap/us_world/markets-right-now-us-stock-indexes-close-mostly-lower/article_50b9e84f-faba-5fd7-99b1-924693f818a9.html,greensboro.com,English,0.0,gdelt_gkg
PYPL,2018-02-01,US stocks head mostly lower as early gains fade | Nation,http://www.stltoday.com/news/national/us-stocks-head-mostly-lower-as-early-gains-fade/article_120b1efc-aed6-5bc4-ba77-9c60f41775a5.html,stltoday.com,English,0.0,gdelt_gkg
PYPL,2018-02-01,Markets Right Now : US stock indexes close mostly lower | Business,http://siouxcityjournal.com/business/markets-right-now-us-stock-indexes-close-mostly-lower/article_845190f8-cb3a-5efd-b966-8db1c966ed6c.html,siouxcityjournal.com,English,0.0,gdelt_gkg
PYPL,2018-02-01,"Panasonic PTRZ370U 1920 x 1080 3500 lm DLP Full HD Projector 10 , 000 : 1 RJ45",https://www.newegg.com/Product/Product.aspx?Item=N82E16824187219&cm_sp=Homepage_BS-_-P7_24-187-219-_-02012018,newegg.com,English,0.0,gdelt_gkg
PYPL,2018-02-01,US stocks head mostly lower as early gains fade,http://www.nydailynews.com/newswires/news/business/stocks-head-early-gains-fade-article-1.3792734,nydailynews.com,English,0.0,gdelt_gkg
PYPL,2018-02-01,Markets Right Now : US stock indexes close mostly lower,http://www.nydailynews.com/newswires/news/business/markets-stock-indexes-close-article-1.3792688,nydailynews.com,English,0.0,gdelt_gkg
PYPL,2018-02-01,US STOCKS - Wall St forfeits early gains as bond yields rise,https://www.nasdaq.com/article/us-stockswall-st-forfeits-early-gains-as-bond-yields-rise-20180201-01571,nasdaq.com,English,0.0,gdelt_gkg
PYPL,2018-02-01,Get clicking,https://weeklyworker.co.uk/worker/1188/get-clicking/,weeklyworker.co.uk,English,0.0,gdelt_gkg
PYPL,2018-02-01,US stocks head mostly lower as early gains fade | National,http://missoulian.com/news/national/us-stocks-head-mostly-lower-as-early-gains-fade/article_59579a39-c139-5b03-891e-70c7763aaf0e.html,missoulian.com,English,0.0,gdelt_gkg
PYPL,2018-02-01,US stocks head mostly lower as early gains fade | Business & Industry,http://www.wacotrib.com/news/business/wire/us-stocks-head-mostly-lower-as-early-gains-fade/article_eb0e2b27-0485-5ffb-ae87-847570ca7463.html,wacotrib.com,English,0.0,gdelt_gkg
PYPL,2018-02-01,US stocks head mostly lower as early gains fade | Business - wire,http://www.fredericksburg.com/business/business-wire/us-stocks-head-mostly-lower-as-early-gains-fade/article_44c6a260-8fbc-518c-9193-09890c30aee1.html,fredericksburg.com,English,0.0,gdelt_gkg
PYPL,2018-02-01,US stocks head mostly lower as early gains fade | National,http://host.madison.com/news/national/us-stocks-head-mostly-lower-as-early-gains-fade/article_ccf1a2dc-4f10-56d9-91d5-cde71060177a.html,host.madison.com,English,0.0,gdelt_gkg
PYPL,2018-02-01,Markets Right Now : US stock indexes close mostly lower,https://www.chieftain.com/business/markets-right-now-us-stock-indexes-close-mostly-lower/article_b0a0cf61-13da-5448-85fe-23ac323a4bc8.html,chieftain.com,English,0.0,gdelt_gkg
PYPL,2018-02-01,Wall Street pulls back from earlier gains as bond yields rise,http://www.financialexpress.com/market/wall-street-pulls-back-from-earlier-gains-as-bond-yields-rise/1045523/,financialexpress.com,English,0.0,gdelt_gkg
PYPL,2018-02-01,"storybreak stars ); background - repeat : no - repeat ; background - position : center }. editor . editor - inner div . legacy - raw - html ,. post - content div . legacy - raw - html { border : 3px solid # eeb544 ; padding : 5px ; margin - bottom : ...",https://gizmodo.com/?startTime=1517502300732,gizmodo.com,English,0.0,gdelt_gkg
PYPL,2018-02-01,Stifel Kept PayPal ( NASDAQ : PYPL ) As Hold ; Has PT Of $79 . 0 – Octafinance,http://www.octafinance.com/stifel-kept-paypal-nasdaqpypl-as-hold-has-pt-of-79-0/537589/,octafinance.com,English,0.0,gdelt_gkg
PYPL,2018-02-01,US stocks waver early on between small gains and losses,http://www.wearecentralpa.com/news/us-stocks-waver-early-on-between-small-gains-and-losses/948290900,wearecentralpa.com,English,0.0,gdelt_gkg
PYPL,2018-02-01,Wall Street pulls back from earlier gains as bond yields rise,https://in.reuters.com/article/usa-stocks/wall-street-pulls-back-from-earlier-gains-as-bond-yields-rise-idINKBN1FL5MZ,in.reuters.com,English,0.0,gdelt_gkg
PYPL,2018-02-01,Lincoln man whose furniture business prompted complaints ordered to pay $59K in restitution | Crime and Courts,http://journalstar.com/news/local/911/lincoln-man-whose-furniture-business-prompted-complaints-ordered-to-pay/article_7729656d-3374-51bf-aeb1-320f0ccf4e25.html,journalstar.com,English,0.0,gdelt_gkg
PYPL,2018-02-01,US stock indexes turn slightly lower as early gains vanish | AP wire stories,https://www.heraldtimesonline.com/wire/business/us-stock-indexes-turn-slightly-lower-as-early-gains-vanish/article_6ff6c747-abef-532d-823c-6992d476e19c.html,heraldtimesonline.com,English,0.0,gdelt_gkg
PYPL,2018-02-01,Interview : Secure shopping online made easy ( Includes interview and first - hand account ) ,http://www.digitaljournal.com/business/interview-secure-shopping-on-line-made-easy/article/513763,digitaljournal.com,English,0.0,gdelt_gkg
PYPL,2018-02-01,US stock indexes turn slightly lower as early gains vanish | National,http://www.yakimaherald.com/news/business/national/us-stock-indexes-turn-slightly-lower-as-early-gains-vanish/article_87bbc763-ca06-5722-ab86-5a2b92d01371.html,yakimaherald.com,English,0.0,gdelt_gkg
PYPL,2018-02-01,Tech billionaires Peter Thiel and Reid Hoffman talk  crisis of democracy  ,http://www.sfchronicle.com/business/article/Tech-billionaires-Peter-Thiel-and-Reid-Hoffman-12543882.php,sfchronicle.com,English,0.0,gdelt_gkg
PYPL,2018-02-01,1 Carat TW Channel Set Eternity Diamond Band in 10K White Gold,https://www.szul.com/1-carat-tw-channel-set-eternity-diamond-band-in-10k-white-gold/p_194157,szul.com,English,0.0,gdelt_gkg
PYPL,2018-02-01,Wall Street pulls back from earlier gains as bond yields rise,http://www.business-standard.com/article/reuters/wall-street-pulls-back-from-earlier-gains-as-bond-yields-rise-118020200066_1.html,business-standard.com,English,0.0,gdelt_gkg
PYPL,2018-02-01,Najwiêkszy serwis aukcyjny na ¶wiecie ma nowy pomys³ . Wywo³a³ nim euforiê na gie³dzie i podtopi³ wa ¿ nego partnera,"http://next.gazeta.pl/next/7,151003,22972063,najwiekszy-serwis-aukcyjny-na-swiecie-ma-nowy-pomysl-wywolal.html",next.gazeta.pl,Polish,0.0,gdelt_gkg
PYPL,2018-02-01,Wall Street shares forfeit early gains as bond yields rise,http://www.foxbusiness.com/markets/2018/02/01/wall-street-shares-forfeit-early-gains-as-bond-yields-rise.html,foxbusiness.com,English,0.0,gdelt_gkg
PYPL,2018-02-01,US stock indexes turn slightly lower as early gains vanish | National,http://missoulian.com/news/national/us-stock-indexes-turn-slightly-lower-as-early-gains-vanish/article_59579a39-c139-5b03-891e-70c7763aaf0e.html,missoulian.com,English,0.0,gdelt_gkg
PYPL,2018-02-01,US stocks head mostly lower as early gains fade,http://www.512tech.com/business/stocks-head-mostly-lower-early-gains-fade/H6bYZkY5GdKTlyBGvOMNhJ/,512tech.com,English,0.0,gdelt_gkg
PYPL,2018-02-01,UPS Might Be Making a Locker That Accepts Bitcoin,https://www.coindesk.com/ups-might-making-locker-accepts-bitcoin/,coindesk.com,English,0.0,gdelt_gkg
PYPL,2018-02-01,Wall St . forfeits early gains as bond yields rise,http://www.4-traders.com/news/Wall-St-forfeits-early-gains-as-bond-yields-rise--25911077/,4-traders.com,English,0.0,gdelt_gkg
PYPL,2018-02-01,PayPal Climbs Off Worst Levels But Remains Firmly Negative,https://www.nasdaq.com/article/paypal-climbs-off-worst-levels-but-remains-firmly-negative-20180201-01404,nasdaq.com,English,0.0,gdelt_gkg
PYPL,2018-02-01,US stocks head mostly lower as early gains fade | National,http://siouxcityjournal.com/news/national/us-stocks-head-mostly-lower-as-early-gains-fade/article_64891a43-911f-5f8c-9616-34f4fa82a54a.html,siouxcityjournal.com,English,0.0,gdelt_gkg
PYPL,2018-02-01,"TSX falls to 14 - week low , as Wall Street pushes higher - Article",https://www.bnn.ca/tsx-falls-to-14-week-low-as-wall-street-pushes-higher-1.985119,bnn.ca,English,0.0,gdelt_gkg
PYPL,2018-02-01,"Tech Up , Helped By Facebook Earnings",http://www.4-traders.com/news/Tech-Up-Helped-By-Facebook-Earnings-Tech-Roundup--25915219/,4-traders.com,English,0.0,gdelt_gkg
PYPL,2018-02-01,News Views and Reviews,http://newsviewsnreviews.com/2018/02/alphabet-drops-on-earnings-miss-cnbc/,newsviewsnreviews.com,English,0.0,gdelt_gkg
PYPL,2018-02-01,Markets Right Now : US stock indexes close mostly lower | Business News,http://tucson.com/business/markets-right-now-us-stock-indexes-close-mostly-lower/article_5dd92db8-8cc1-5628-890f-b55cab31f539.html,tucson.com,English,0.0,gdelt_gkg
PYPL,2018-02-01,Wall St . shares forfeit early gains as bond yields rise,https://www.reuters.com/article/us-usa-stocks/wall-st-shares-forfeit-early-gains-as-bond-yields-rise-idUSKBN1FL57H,reuters.com,English,0.0,gdelt_gkg
PYPL,2018-02-01,US stocks head mostly lower as early gains fade | AP National News,http://tucson.com/news/national/us-stocks-head-mostly-lower-as-early-gains-fade/article_84ed12a4-e8f8-5a35-8a2f-9c8f91d53a19.html,tucson.com,English,0.0,gdelt_gkg
PYPL,2018-02-01,Wall St . shares forfeit early gains as bond yields rise,https://uk.reuters.com/article/us-usa-stocks/wall-st-shares-forfeit-early-gains-as-bond-yields-rise-idUKKBN1FL57H,uk.reuters.com,English,0.0,gdelt_gkg
PYPL,2018-02-01,US stocks end mostly down as treasury yields spike,https://www.channelnewsasia.com/news/business/us-stocks-end-mostly-down-as-treasury-yields-spike-9918760,channelnewsasia.com,English,0.0,gdelt_gkg
PYPL,2018-02-01,Wall St . Shares Forfeit Early Gains as Bond Yields Rise,https://www.nytimes.com/reuters/2018/02/01/business/01reuters-usa-stocks.html,nytimes.com,English,0.0,gdelt_gkg
PYPL,2018-02-01,US stocks head mostly lower as early gains fade | National,http://lacrossetribune.com/news/national/us-stocks-head-mostly-lower-as-early-gains-fade/article_96589752-c5ae-5528-ba45-c208fb2c2bcb.html,lacrossetribune.com,English,0.0,gdelt_gkg
PYPL,2018-02-01,Markets Right Now : US stock indexes close mostly lower | Business,http://kdhnews.com/business/markets-right-now-us-stock-indexes-close-mostly-lower/article_f3a42c56-f256-5084-a5bc-0626a218e1cd.html,kdhnews.com,English,0.0,gdelt_gkg
PYPL,2018-02-01,Markets Right Now : US stock indexes close mostly lower,https://www.washingtonpost.com/national/markets-right-now-us-stock-indexes-close-mostly-lower/2018/02/01/01e0eb6a-0795-11e8-aa61-f3391373867e_story.html,washingtonpost.com,English,0.0,gdelt_gkg
PYPL,2018-02-01,"Peter Thiel : East Bay is a  basically a failing state , will probably go broke in  next recession  ",http://www.sfgate.com/business/article/Peter-Thiel-East-Bay-stanford-failing-state-paypal-12544174.php,sfgate.com,English,0.0,gdelt_gkg
PYPL,2018-02-01,"Airbnb CFO departs , leaving IPO timeline unclear - Article",https://www.bnn.ca/airbnb-cfo-departs-leaving-ipo-timeline-unclear-1.985624,bnn.ca,English,0.0,gdelt_gkg
PYPL,2018-02-01,Why PayPal Holdings Inc . Stock Fell 10 % Thursday,http://www.nasdaq.com/article/why-paypal-holdings-inc-stock-fell-10-thursday-cm914874,nasdaq.com,English,0.0,gdelt_gkg
PYPL,2018-02-01,Wall St . forfeits early gains as bond yields rise,https://www.reuters.com/article/us-usa-stocks/wall-st-forfeits-early-gains-as-bond-yields-rise-idUSKBN1FL57H,reuters.com,English,0.0,gdelt_gkg
PYPL,2018-02-01,"storybreak stars ); background - repeat : no - repeat ; background - position : center }. editor . editor - inner div . legacy - raw - html ,. post - content div . legacy - raw - html { border : 3px solid # eeb544 ; padding : 5px ; margin - bottom : ...",https://gizmodo.com/?startTime=1517503210040,gizmodo.com,English,0.0,gdelt_gkg
PYPL,2018-02-01,Mehkumlarin ictimai is goreceyi yerlerin siyahisi ve bu sexslerin sayinin mueyyen edileceyi muddet melum olub,http://www.azadliq.az/xeber/200921/mehkumlarin-ictimai-is-goreceyi-yerlerin-siyahisi-ve-bu-sexslerin-sayinin-mueyyen-edileceyi-muddet-melum-olub-2/,azadliq.az,Russian,0.0,gdelt_gkg
PYPL,2018-02-01,US stocks head mostly lower as early gains fade | Business,http://kdhnews.com/business/us-stocks-head-mostly-lower-as-early-gains-fade/article_6c14c8b0-dd9f-5add-a784-1887f081b497.html,kdhnews.com,English,0.0,gdelt_gkg
PYPL,2018-02-01,Wall St . forfeits early gains as bond yields rise,https://uk.reuters.com/article/us-usa-stocks/wall-st-forfeits-early-gains-as-bond-yields-rise-idUKKBN1FL57H,uk.reuters.com,English,0.0,gdelt_gkg
PYPL,2018-02-01,The close : TSX closes at 15 - week low on global jitters over hawkish Fed,https://www.theglobeandmail.com/globe-investor/inside-the-market/market-updates/the-close-tsx-closes-at-15-week-low-on-global-jitters-over-hawkish-fed/article37823267/,theglobeandmail.com,English,0.0,gdelt_gkg
PYPL,2018-02-01, оссийские « спящие агенты » в Сербии пробудились | Политика,http://inosmi.ru/politic/20180202/241346600.html,inosmi.ru,Russian,0.0,gdelt_gkg
PYPL,2018-02-01,Wall St . gains fade as bond yields climb,https://uk.reuters.com/article/us-usa-stocks/wall-st-gains-fade-as-bond-yields-climb-idUKKBN1FL57H,uk.reuters.com,English,0.0,gdelt_gkg
PYPL,2018-02-01,"Amazon HQ2 : No gay ? No way ! campaign tells Amazon to avoid 9 cities , including Raleigh",http://www.newsobserver.com/news/business/article197883699.html,newsobserver.com,English,0.0,gdelt_gkg
PYPL,2018-02-01,US stocks head mostly lower as early gains fade,https://www.chieftain.com/news/us-stocks-head-mostly-lower-as-early-gains-fade/article_89e14539-9cee-55da-a4a0-90b8601e6c6d.html,chieftain.com,English,0.0,gdelt_gkg
PYPL,2018-02-01,Saving Time With Grocery Shopping Services in West Michigan,https://toughnickel.com/frugal-living/Grocery-Shopping-Services-in-West-Michigan,toughnickel.com,English,0.0,gdelt_gkg
PYPL,2018-02-01,Markets Right Now : US stock indexes close mostly lower | Business,http://www.newsadvance.com/work_it_lynchburg/news/wire/markets-right-now-us-stock-indexes-close-mostly-lower/article_0542e654-0714-56ce-92f3-678065152056.html,newsadvance.com,English,0.0,gdelt_gkg
PYPL,2018-03-01,Displacing Wikileaks : Is Securedrop a Government Leak Graveyard ? ,https://www.mintpressnews.com/displacing-wikileaks-is-securedrop-a-government-leak-graveyard/238339/,mintpressnews.com,English,0.0,gdelt_gkg
PYPL,2018-03-01,  Frozen  Director Says She Open to a Female Love Interest For Elsa in Sequel,http://freerepublic.com/focus/f-chat/3636368/posts,freerepublic.com,English,0.0,gdelt_gkg
PYPL,2018-03-01,Skipping School Until Gun Control Passes . What A Concept,http://freerepublic.com/focus/f-news/3636364/posts,freerepublic.com,English,0.0,gdelt_gkg
PYPL,2018-03-01,Parkland Student Alfonso Calderon Says NRA Is Basically Killing Children,http://freerepublic.com/focus/f-news/3636363/posts,freerepublic.com,English,0.0,gdelt_gkg
PYPL,2018-03-01,PayPal settles FTC complaints over Venmo vagueness – FinTech Futures,http://www.bankingtech.com/2018/03/paypal-settles-ftc-complaints-over-venmo-vagueness/,bankingtech.com,English,0.0,gdelt_gkg
PYPL,2018-03-01,YouTube Goes On Rampage Against Conservative Accounts ; Blames  Newer Members  Of Mod Team,http://freerepublic.com/focus/f-news/3636355/posts,freerepublic.com,English,0.0,gdelt_gkg
PYPL,2018-03-01,Global Warming Fail : Winter Storm Humiliates Mayor Announcing Ban on Certain Cars,http://freerepublic.com/focus/f-chat/3636366/posts,freerepublic.com,English,0.0,gdelt_gkg
PYPL,2018-03-01,Man arrested for sending white powder to Donald Trump Jr . s NYC apartment,http://freerepublic.com/focus/f-news/3636356/posts,freerepublic.com,English,0.0,gdelt_gkg
PYPL,2018-03-01,"Putin Wants Modern Weapons , Not a Modern Russia",http://freerepublic.com/focus/f-chat/3636359/posts,freerepublic.com,English,0.0,gdelt_gkg
PYPL,2018-03-01,Disarming 20 - Year - Old Moms,http://freerepublic.com/focus/f-news/3636360/posts,freerepublic.com,English,0.0,gdelt_gkg
PYPL,2018-03-01,Beverly man Daniel Frisiello charged with mailing white powder to Donald Trump Jr . ,http://freerepublic.com/focus/f-news/3636362/posts,freerepublic.com,English,0.0,gdelt_gkg
PYPL,2018-03-01,Plug and Play Welcomes 111 Startups for its First Batches of the Year | ANP Pers Support,https://www.perssupport.nl/persbericht/010318163/plug-and-play-welcomes-111-startups-for-its-first-batches-of-the-year,perssupport.nl,English,0.0,gdelt_gkg
PYPL,2018-03-01,Article : Daily Inspiration Beautiful Changes,https://www.opednews.com/populum/page.php?f=Daily-Inspiration-mdash--by-Josh-Mitteldorf-Change-180301-287.html,opednews.com,English,0.0,gdelt_gkg
PYPL,2018-03-01,Plug and Play Welcomes 111 Startups for its First Batches of the Year,http://www.prnewswire.co.uk/news-releases/plug-and-play-welcomes-111-startups-for-its-first-batches-of-the-year-675548253.html,prnewswire.co.uk,English,0.0,gdelt_gkg
PYPL,2018-03-01,George Takei Steps in It With Tweets About Gun Control,http://freerepublic.com/focus/f-news/3636358/posts,freerepublic.com,English,0.0,gdelt_gkg
PYPL,2018-03-01,Billy Graham in England,http://freerepublic.com/focus/f-news/3636365/posts,freerepublic.com,English,0.0,gdelt_gkg
PYPL,2018-03-01,Man Warns Others After Losing Thousands During Online Monkey Purchase,http://whotv.com/2018/03/01/man-warns-others-after-losing-thousands-during-online-monkey-purchase/,whotv.com,English,0.0,gdelt_gkg
PYPL,2018-03-01,erowid Carisoprodol . Pharmacy Brand Carisoprodol . Generic by Danter ( Danter ) on Mobypicture,http://www.mobypicture.com/user/Danter/view/20181080,mobypicture.com,English,0.0,gdelt_gkg
PYPL,2018-03-01,Los teléfonos celulares ayudan a mejorar la respuesta ante las catástrofes,http://www.panorama.com.ve/cienciaytecnologia/Los-telefonos-celulares-ayudan-a-mejorar-la-respuesta-ante-las-catastrofes-20180301-0033.html,panorama.com.ve,Spanish,0.0,gdelt_gkg
PYPL,2018-03-01,Real estate in Spain : How a €5 raffle ticket could win you a Spanish beach house | In English,https://elpais.com/elpais/2018/02/28/inenglish/1519822133_910499.html,elpais.com,English,0.0,gdelt_gkg
PYPL,2018-03-01,Startup offers annuities online on a subscription plan,http://www.investmentnews.com/article/20180301/FREE/180309997/startup-offers-annuities-online-on-a-subscription-plan,investmentnews.com,English,0.0,gdelt_gkg
PYPL,2018-03-01,"Zacks Investment Ideas feature highlights : MasTec , Lam Research , NVIDIA , Apple and Square",https://www.nasdaq.com/article/zacks-investment-ideas-feature-highlights-mastec-lam-research-nvidia-apple-and-square-cm928738,nasdaq.com,English,0.0,gdelt_gkg
PYPL,2018-03-01,The Future of Online Payments : Cryptocurrencies in Ecommerce - Hiring,https://www.upwork.com/hiring/for-clients/future-online-payments-cryptocurrencies-ecommerce/,upwork.com,English,0.0,gdelt_gkg
PYPL,2018-03-01,Gotta Do It,http://www.morrisherald-news.com/2018/02/26/gotta-do-it/avpkspv/,morrisherald-news.com,English,0.0,gdelt_gkg
PYPL,2018-03-01,Sharyl Attkisson Accuses Obama DOJ of Secretly Swapping Out Her Computer Hard Drive,http://freerepublic.com/focus/f-chat/3636382/posts,freerepublic.com,English,0.0,gdelt_gkg
PYPL,2018-03-01,Gorilla Statue Removed After Complaints It Was Racially Insensitive,http://freerepublic.com/focus/f-chat/3636367/posts,freerepublic.com,English,0.0,gdelt_gkg
PYPL,2018-03-01,Freep Mar / 18,http://freerepublic.com/focus/f-chat/3636357/posts,freerepublic.com,English,0.0,gdelt_gkg
PYPL,2018-03-01,augmentin price . Augmentin NO PRESCRIPTION Overnight Buy . Cheap by Danter ( Danter ) on Mobypicture,http://www.mobypicture.com/user/Danter/view/20181067,mobypicture.com,English,0.0,gdelt_gkg
PYPL,2018-03-01,"Rush Limbaugh Show , M - F , 12NOONPM - 3PM , EST , WOR AM , March 1 , 2018",http://freerepublic.com/focus/f-news/3636361/posts,freerepublic.com,English,0.0,gdelt_gkg
PYPL,2018-03-01,How a tech firm brought data and worry to New Orleans crime fighting,http://www.nola.com/crime/index.ssf/2018/03/palantir_new_orleans_nopd.html,nola.com,English,0.0,gdelt_gkg
PYPL,2018-03-01,Untitled,https://www.saferworld.org.uk/funding-and-finance/faqs,saferworld.org.uk,English,0.0,gdelt_gkg
PYPL,2018-03-01,Trump and Old - Time Democrats,http://freerepublic.com/focus/f-news/3636369/posts,freerepublic.com,English,0.0,gdelt_gkg
PYPL,2018-03-01,Massachusetts Man Arrested for Mailing Threatening Letters Containing Suspicious White Powder,http://freerepublic.com/focus/f-news/3636389/posts,freerepublic.com,English,0.0,gdelt_gkg
PYPL,2018-03-01,Beschwerden über unzulässige Zahlungsentgelte - LVZ,http://www.lvz.de/Mehr/Finanzen/Aktuelles/Beschwerden-ueber-unzulaessige-Zahlungsentgelte,lvz.de,German,0.0,gdelt_gkg
PYPL,2018-03-01,What Happening : Week of Feb . 28 | What Happening,https://thealmanac.net/life-culture/whats_happening/what-s-happening-week-of-feb/article_c28f3cfe-1591-11e8-9d51-5fb894877c79.html,thealmanac.net,English,0.0,gdelt_gkg
PYPL,2018-03-01,Beschwerden über unzulässige Zahlungsentgelte,http://www.wiesbadener-tagblatt.de/wirtschaft/geld-und-recht/beschwerden-ueber-unzulaessige-zahlungsentgelte_18559746.htm,wiesbadener-tagblatt.de,German,0.0,gdelt_gkg
PYPL,2018-03-01,JP Open Studios  Art on Tap  @ Doyle s CafeJamaica Plain News,http://www.jamaicaplainnews.com/event/jp-open-studios-art-on-tap-doyles-cafe,jamaicaplainnews.com,English,0.0,gdelt_gkg
PYPL,2018-03-01,Brazilian IPOs get into a New York state of mind,https://www.nasdaq.com/article/brazilian-ipos-get-into-a-new-york-state-of-mind-20180301-01136,nasdaq.com,English,0.0,gdelt_gkg
PYPL,2018-03-01,Deal of the Day : Breezy Hill Nursery $25 gift card half off – West of the I,http://www.westofthei.com/2018/03/01/deal-of-the-day-breezy-hill-nursery-25-gift-card-half-off/65193,westofthei.com,English,0.0,gdelt_gkg
PYPL,2018-03-01,Die Linken auf Schritt und Tritt bekämpfen : Der Internetmilliardär Peter Thiel will ein konservatives ... ,http://www.finanznachrichten.de/nachrichten-2018-03/43153895-die-linken-auf-schritt-und-tritt-bekaempfen-der-internetmilliardaer-peter-thiel-will-ein-konservatives-198.htm,finanznachrichten.de,German,0.0,gdelt_gkg
PYPL,2018-03-01,Beschwerden über unzulässige Zahlungsentgelte,"https://www.frankenpost.de/leben/geld-recht/dpa/geld_recht/art661141,6006612",frankenpost.de,German,0.0,gdelt_gkg
PYPL,2018-03-01,How a €5 raffle ticket could win you a Spanish beach house,http://www.msn.com/en-gb/news/msn/how-a-%E2%82%AC5-raffle-ticket-could-win-you-a-spanish-beach-house/ar-BBJKkvs,msn.com,English,0.0,gdelt_gkg
PYPL,2018-03-01,Los teléfonos móviles ayudan a mejorar la respuesta ante las catástrofes,https://www.deperu.com/noticias/los-telefonos-moviles-ayudan-a-mejorar-la-respuesta-ante-las-catastrofes-86050.html,deperu.com,Spanish,0.0,gdelt_gkg
PYPL,2018-03-01,Beschwerden über unzulässige Zahlungsentgelte - Finanzen,https://www.abendblatt.de/wirtschaft/finanzen/article213590675/Beschwerden-ueber-unzulaessige-Zahlungsentgelte.html,abendblatt.de,German,0.0,gdelt_gkg
PYPL,2018-03-01,More # FakeNews : Liberal Media Trashes Trump with Sessions Dinner Meeting Pic [ TR ] ,http://freerepublic.com/focus/f-news/3636381/posts,freerepublic.com,English,0.0,gdelt_gkg
PYPL,2018-03-01,Recycling scheme finally coming to town,https://www.northernstar.com.au/news/therapy-dogs-in-courts-a-howling-success/3349712/,northernstar.com.au,English,0.0,gdelt_gkg
PYPL,2018-03-01,Carisoprodol online coupon . Discount Store Buy Carisoprodol . Order by Danter ( Danter ) on Mobypicture,http://www.mobypicture.com/user/Danter/view/20181227,mobypicture.com,English,0.0,gdelt_gkg
PYPL,2018-03-01,Beschwerden über unzulässige Zahlungsentgelte - DNN,http://www.dnn.de/Mehr/Finanzen/Finanznews/Beschwerden-ueber-unzulaessige-Zahlungsentgelte,dnn.de,German,0.0,gdelt_gkg
PYPL,2018-03-01,"Molly Roberts Tries , and Fails , to Rationalize the Anger of the Mob",http://freerepublic.com/focus/f-news/3636370/posts,freerepublic.com,English,0.0,gdelt_gkg
PYPL,2018-03-01,Mobile phones help transform disaster relief,https://phys.org/news/2018-03-mobile-disaster-relief.html,phys.org,English,0.0,gdelt_gkg
PYPL,2018-03-01,Coral Casino - Review,https://www.onlinecasinoreports.com/onlinecasinos/coral-casino.php,onlinecasinoreports.com,English,0.0,gdelt_gkg
PYPL,2018-03-01,When Illegally Obtained Evidence Can Be Used Against You,http://freerepublic.com/focus/f-news/3636371/posts,freerepublic.com,English,0.0,gdelt_gkg
PYPL,2018-03-01,Beschwerden über unzulässige Zahlungsentgelte,http://www.thueringer-allgemeine.de/startseite/detail/-/specific/Beschwerden-ueber-unzulaessige-Zahlungsentgelte-1890721286,thueringer-allgemeine.de,German,0.0,gdelt_gkg
PYPL,2018-03-01,Global Remittance Market : Industry Analysis & Outlook 2018 - 2022 - ResearchAndMarkets . com,https://www.marketwatch.com/story/global-remittance-market-industry-analysis-outlook-2018-2022---researchandmarketscom-2018-03-01,marketwatch.com,English,0.0,gdelt_gkg
PYPL,2018-03-01,Judge Andrew Napolitano : In defense of the right to keep and bear arms,http://freerepublic.com/focus/f-news/3636372/posts,freerepublic.com,English,0.0,gdelt_gkg
PYPL,2018-03-01,Behind the  Parkland Students  are Bloomberg and Soros,http://freerepublic.com/focus/f-news/3636373/posts,freerepublic.com,English,0.0,gdelt_gkg
PYPL,2018-03-01,Ladbrokes Casino - Review,https://www.onlinecasinoreports.com/onlinecasinos/ladbrokes-casino.php,onlinecasinoreports.com,English,0.0,gdelt_gkg
PYPL,2018-03-01,Michigander Buys Monkey Online,http://witl.com/michigander-buys-monkey-online-still-monkeyless-at-this-time/,witl.com,English,0.0,gdelt_gkg
PYPL,2018-03-01,Beschwerden über unzulässige Zahlungsentgelte,http://www.kreis-anzeiger.de/wirtschaft/geld-und-recht/beschwerden-ueber-unzulaessige-zahlungsentgelte_18559746.htm,kreis-anzeiger.de,German,0.0,gdelt_gkg
PYPL,2018-03-01,Beschwerden über unzulässige Zahlungsentgelte,http://www.giessener-anzeiger.de/wirtschaft/geld-und-recht/beschwerden-ueber-unzulaessige-zahlungsentgelte_18559746.htm,giessener-anzeiger.de,German,0.0,gdelt_gkg
PYPL,2018-03-01,"Johnny Manziel recounts his  reckles trip to Las Vegas , says hell play for free",http://freerepublic.com/focus/f-chat/3636327/posts,freerepublic.com,English,0.0,gdelt_gkg
PYPL,2018-03-01,"Bought an item in Poland , shipped to the US . Help to track it . ",https://polishforums.com/usa-canada/poland-bought-item-shipped-help-track-41557/,polishforums.com,English,0.0,gdelt_gkg
PYPL,2018-03-01,Throwback Thursday,http://freerepublic.com/focus/f-bloggers/3636334/posts,freerepublic.com,English,0.0,gdelt_gkg
PYPL,2018-03-01,Afterpay puts sexy into payments,https://www.euromoney.com/article/b174gd9vmj74vm/afterpay-puts-sexy-into-payments,euromoney.com,English,0.0,gdelt_gkg
PYPL,2018-03-01,Here how influencers can elevate their brand presence to global stardom,https://rollingout.com/2018/03/01/heres-influencers-can-elevate-brands-presence-global-stardom/,rollingout.com,English,0.0,gdelt_gkg
PYPL,2018-03-01,Florida shooting survivor implores Trump to pass stricter gun laws : Please . Please . ,http://freerepublic.com/focus/f-news/3636339/posts,freerepublic.com,English,0.0,gdelt_gkg
PYPL,2018-03-01,U . S . Looks To Dethrone Russia As Top Oil Producer,http://freerepublic.com/focus/f-bloggers/3636337/posts,freerepublic.com,English,0.0,gdelt_gkg
PYPL,2018-03-01,An Open Letter to David Hogg,http://freerepublic.com/focus/f-bloggers/3636341/posts,freerepublic.com,English,0.0,gdelt_gkg
PYPL,2018-03-01,Atheists Raise Unholy Hell About Congress Honoring Billy Graham [ Here we go ...] ,http://freerepublic.com/focus/f-news/3636336/posts,freerepublic.com,English,0.0,gdelt_gkg
PYPL,2018-03-01,DOJ  Reviewing  Whether Oakland Mayor Who Warned of ICE Raid Broke Any Laws,http://freerepublic.com/focus/f-news/3636333/posts,freerepublic.com,English,0.0,gdelt_gkg
PYPL,2018-03-01,MDCPS Superintendent : Over My Dead Body Will [ ICE ] Enforce On School Grounds,http://freerepublic.com/focus/f-news/3636338/posts,freerepublic.com,English,0.0,gdelt_gkg
PYPL,2018-03-01,Trumps Win is the Reichstag Fire of Internet Censorship,http://freerepublic.com/focus/f-news/3636340/posts,freerepublic.com,English,0.0,gdelt_gkg
PYPL,2018-03-01,American Dreamers : Why immigrants start so many businesses | Local Business,http://www.daily-journal.com/business/american-dreamers-why-immigrants-start-so-many-businesses/article_58cdbaf6-4b17-567b-a7f4-9720dd9dd49a.html,daily-journal.com,English,0.0,gdelt_gkg
PYPL,2018-03-01,Hyperscale Capex Reached $22 billion in Q4 and is Still Growing Rapidly,http://www.tmcnet.com/usubmit/2018/03/01/8710025.htm,tmcnet.com,English,0.0,gdelt_gkg
PYPL,2018-03-01,NATIONAL PEANUT BUTTER LOVERS DAY,http://freerepublic.com/focus/f-chat/3636343/posts,freerepublic.com,English,0.0,gdelt_gkg
PYPL,2018-03-01,The Seven Deadly Sins : Lust,http://freerepublic.com/focus/f-religion/3636335/posts,freerepublic.com,English,0.0,gdelt_gkg
PYPL,2018-03-01,Pennsylvania Firearm Owners Association Discussion Forum,http://forum.pafoa.org/external.php?s=05e1ca1a9c758346a90bcb181a60cd9c&type=RSS2&forumids=122,forum.pafoa.org,English,0.0,gdelt_gkg
PYPL,2018-03-01,Los teléfonos móviles ayudan a mejorar la respuesta ante las catástrofes| ELESPECTADOR . COM,https://www.elespectador.com/tecnologia/los-telefonos-moviles-ayudan-mejorar-la-respuesta-ante-las-catastrofes-articulo-741898,elespectador.com,Spanish,0.0,gdelt_gkg
PYPL,2018-03-01,UPDATE 1 - Brazilian IPOs get into a New York state of mind,http://www.kitco.com/news/2018-03-01/UPDATE-1-Brazilian-IPOs-get-into-a-New-York-state-of-mind.html,kitco.com,English,0.0,gdelt_gkg
PYPL,2018-03-01,Mitchell Gives the Game Away :  If the Guns Did Not Exist ... ,http://freerepublic.com/focus/f-news/3636315/posts,freerepublic.com,English,0.0,gdelt_gkg
PYPL,2018-03-01,"Starving Venezuelans Abandon Dogs , Buy Dog Food For Themselves",http://freerepublic.com/focus/f-news/3636328/posts,freerepublic.com,English,0.0,gdelt_gkg
PYPL,2018-03-01,"Alyssa Milano Leads Charge for Boycott of Amazon , Apple , and FedEx over NRA",http://freerepublic.com/focus/f-news/3636326/posts,freerepublic.com,English,0.0,gdelt_gkg
PYPL,2018-03-01,President Trump Meets with Bipartisan Members of Congress to Discuss School and Community Safety,http://freerepublic.com/focus/f-news/3636322/posts,freerepublic.com,English,0.0,gdelt_gkg
PYPL,2018-03-01,"Aichi tomato grower arrested for allegedly stealing cabbages , currently priced at a premium",http://freerepublic.com/focus/f-chat/3636324/posts,freerepublic.com,English,0.0,gdelt_gkg
PYPL,2018-03-01,Hamburg supermarket attack : Ahmad Alhaw sentenced to life,http://freerepublic.com/focus/f-news/3636319/posts,freerepublic.com,English,0.0,gdelt_gkg
PYPL,2018-03-01,Californias housing crunch has turned liberals against one another,http://freerepublic.com/focus/f-news/3636321/posts,freerepublic.com,English,0.0,gdelt_gkg
PYPL,2018-03-01,phentermine feedback . Buy Phentermine Online,http://www.mobypicture.com/user/Danter/view/20181283,mobypicture.com,English,0.0,gdelt_gkg
PYPL,2018-03-01,JROTC shooting teams qualify for nationals Rifle squads score high,http://freerepublic.com/focus/f-chat/3636316/posts,freerepublic.com,English,0.0,gdelt_gkg
PYPL,2018-03-01,Taxpayers subsidize foreign students,http://freerepublic.com/focus/f-news/3636330/posts,freerepublic.com,English,0.0,gdelt_gkg
PYPL,2018-03-01,Homeless Puppy Chewed Off Her Own Paw Because She Was in So Much Pain - Let Help Her Recover ! ,http://www.onegreenplanet.org/news/puppy-chewed-off-paw-from-pain/,onegreenplanet.org,English,0.0,gdelt_gkg
PYPL,2018-03-01,Half a Century of Blaming White Racism for Black America Problems,http://freerepublic.com/focus/f-news/3636351/posts,freerepublic.com,English,0.0,gdelt_gkg
PYPL,2018-03-01,Six Of The Most Insane Moments At Trumps Gun Control Bill Meeting,http://freerepublic.com/focus/f-news/3636342/posts,freerepublic.com,English,0.0,gdelt_gkg
PYPL,2018-03-01,Beschwerden über unzulässige Zahlungsentgelte,https://www.wlz-online.de/magazin/beschwerden-ueber-unzulaessige-zahlungsentgelte-zr-9656805.html,wlz-online.de,German,0.0,gdelt_gkg
PYPL,2018-03-01,MSE Equity Price Index climbs to near 2 - month high,https://www.timesofmalta.com/articles/view/20180301/business/mse-equity-price-index-climbs-to-near-2-month-high.672080,timesofmalta.com,English,0.0,gdelt_gkg
PYPL,2018-03-01,Knife Hit App : 5 Things to Know,https://www.gottabemobile.com/knife-hit-app-5-things-to-know/,gottabemobile.com,English,0.0,gdelt_gkg
PYPL,2018-03-01,"Saving the Date , Serving Up an Ace",http://www.clintonchronicle.com/breaking-news/saving-date-serving-ace,clintonchronicle.com,English,0.0,gdelt_gkg
PYPL,2018-03-01,My Thoughts on Viewing Billy Graham Lying in Honor,http://freerepublic.com/focus/f-bloggers/3636347/posts,freerepublic.com,English,0.0,gdelt_gkg
PYPL,2018-03-01,Helix Jump App : 5 Things to Know,https://www.gottabemobile.com/helix-jump-app-5-things-to-know/,gottabemobile.com,English,0.0,gdelt_gkg
PYPL,2018-03-01,Planned Parenthood Acknowledges Its Racist Roots and Eugenics of Founder Margaret Sanger,http://freerepublic.com/focus/f-news/3636348/posts,freerepublic.com,English,0.0,gdelt_gkg
PYPL,2018-03-01,Posibilidad - Los teléfonos móviles ayudan a mejorar la respuesta ante las catástrofes,https://www.listindiario.com/las-mundiales/2018/03/01/504728/los-telefonos-moviles-ayudan-a-mejorar-la-respuesta-ante-las-catastrofes,listindiario.com,Spanish,0.0,gdelt_gkg
PYPL,2018-03-01,Can we criticize the Parkland kids ? ,http://freerepublic.com/focus/f-news/3636349/posts,freerepublic.com,English,0.0,gdelt_gkg
PYPL,2018-03-01,Beschwerden über unzulässige Zahlungsentgelte,https://www.volksstimme.de/geld_recht/beschwerden-ueber-unzulaessige-zahlungsentgelte/1519919643000,volksstimme.de,German,0.0,gdelt_gkg
PYPL,2018-03-01,Beschwerden über unzulässige Zahlungsentgelte,http://www.lampertheimer-zeitung.de/wirtschaft/geld-und-recht/beschwerden-ueber-unzulaessige-zahlungsentgelte_18559746.htm,lampertheimer-zeitung.de,German,0.0,gdelt_gkg
PYPL,2018-03-01,"Apple , Amazon struggle to sit out NRA gun - control debate",http://freerepublic.com/focus/f-news/3636345/posts,freerepublic.com,English,0.0,gdelt_gkg
PYPL,2018-03-01,Beschwerden über unzulässige Zahlungsentgelte,http://www.buerstaedter-zeitung.de/wirtschaft/geld-und-recht/beschwerden-ueber-unzulaessige-zahlungsentgelte_18559746.htm,buerstaedter-zeitung.de,German,0.0,gdelt_gkg
PYPL,2018-03-01,Beschwerden über unzulässige Zahlungsentgelte,https://www.az-online.de/ratgeber/beschwerden-ueber-unzulaessige-zahlungsentgelte-zr-9656805.html,az-online.de,German,0.0,gdelt_gkg
PYPL,2018-03-01,Beschwerden über unzulässige Zahlungsentgelte,http://www.main-spitze.de/wirtschaft/geld-und-recht/beschwerden-ueber-unzulaessige-zahlungsentgelte_18559746.htm,main-spitze.de,German,0.0,gdelt_gkg
PYPL,2018-03-01,Beschwerden über unzulässige Zahlungsentgelte,http://www.wz.de/home/ratgeber/geld-recht/beschwerden-ueber-unzulaessige-zahlungsentgelte-1.2632024,wz.de,German,0.0,gdelt_gkg
PYPL,2018-03-01,Plug and Play Welcomes 111 Startups for its First Batches of the Year,https://www.prnewswire.com/news-releases/plug-and-play-welcomes-111-startups-for-its-first-batches-of-the-year-300606749.html,prnewswire.com,English,0.0,gdelt_gkg
PYPL,2018-03-01,Plug and Play Welcomes 111 Startups for its First Batches of the Year,https://www.marketwatch.com/story/plug-and-play-welcomes-111-startups-for-its-first-batches-of-the-year-2018-03-01,marketwatch.com,English,0.0,gdelt_gkg
PYPL,2018-03-01,Terms and conditions,https://www.thetimes.co.uk/static/terms-and-conditions/,thetimes.co.uk,English,0.0,gdelt_gkg
PYPL,2018-03-01,Texas students launch  No Whites Allowed  magazine,http://freerepublic.com/focus/f-chat/3636352/posts,freerepublic.com,English,0.0,gdelt_gkg
PYPL,2018-03-01,Newt Gingrich : Trump has just delivered two brilliant political surprises,http://freerepublic.com/focus/f-news/3636350/posts,freerepublic.com,English,0.0,gdelt_gkg
PYPL,2018-03-01,Beschwerden über unzulässige Zahlungsentgelte - Steuern,https://www.morgenpost.de/wirtschaft/steuern/article213590675/Beschwerden-ueber-unzulaessige-Zahlungsentgelte.html,morgenpost.de,German,0.0,gdelt_gkg
PYPL,2018-03-01,Nolte : I Bought a Gun on a Lark Then I Needed It,http://freerepublic.com/focus/f-news/3636346/posts,freerepublic.com,English,0.0,gdelt_gkg
PYPL,2018-03-01,Vandalized Las Vegas billboard has Shoot a Kid message,http://freerepublic.com/focus/f-news/3636354/posts,freerepublic.com,English,0.0,gdelt_gkg
PYPL,2018-03-01,Article : Daily Inspiration Beautiful Changes,https://www.opednews.com/articles/Daily-Inspiration-mdash--by-Josh-Mitteldorf-Change-180301-287.html,opednews.com,English,0.0,gdelt_gkg
PYPL,2018-03-01,Plug and Play Welcomes 111 Startups for its First Batches of the Year,http://www.finanznachrichten.de/nachrichten-2018-03/43152667-plug-and-play-welcomes-111-startups-for-its-first-batches-of-the-year-008.htm,finanznachrichten.de,English,0.0,gdelt_gkg
PYPL,2018-03-01,Plug and Play Welcomes 111 Startups for its First Batches of the Year,http://forimmediaterelease.net/plug-and-play-welcomes-111-startups-for-its-first-batches-of-the-year-158469/,forimmediaterelease.net,English,0.0,gdelt_gkg
PYPL,2018-03-01,Liz Koh : Do you have the mindset of a billionaire ? ,https://www.stuff.co.nz/business/101831549/Liz-Koh-Do-you-have-the-mindset-of-a-billionaire,stuff.co.nz,English,0.0,gdelt_gkg
PYPL,2018-03-01,Wettbewerbszentrale : Beschwerden über unzulässige ... ,http://www.azonline.de/Welt/Ratgeber/Finanzen/3202776-Wettbewerbszentrale-Beschwerden-ueber-unzulaessige-Zahlungsentgelte,azonline.de,German,0.0,gdelt_gkg
PYPL,2018-03-01,Understanding the Strategy Behind President Trump Twitter Slam of AG Sessions,http://freerepublic.com/focus/f-news/3636344/posts,freerepublic.com,English,0.0,gdelt_gkg
PYPL,2018-03-01,Parkland Shooting Could Lift Rick Scott Over Incumbent Bill Nelson In 2018 FL Senate Race,http://freerepublic.com/focus/f-news/3636353/posts,freerepublic.com,English,0.0,gdelt_gkg
PYPL,2018-03-01,Beschwerden über unzulässige Zahlungsentgelte,https://www.tz.de/leben/beschwerden-ueber-unzulaessige-zahlungsentgelte-zr-9656805.html,tz.de,German,0.0,gdelt_gkg
PYPL,2018-03-01,Four online scams within a week in Dungannon area,http://ulsterherald.com/2018/03/01/four-online-scams-within-week-dungannon-area/,ulsterherald.com,English,0.0,gdelt_gkg
PYPL,2018-03-01,Support us Berkeleyside,http://www.berkeleyside.com/support-berkeleyside,berkeleyside.com,English,0.0,gdelt_gkg
PYPL,2018-03-01,5 Stocks To Buy After The Crash,https://www.nasdaq.com/article/5-stocks-to-buy-after-the-crash-cm928900,nasdaq.com,English,0.0,gdelt_gkg
PYPL,2018-03-01,2 : 00PM Water Cooler 3 / 1 / 2018,https://www.nakedcapitalism.com/2018/03/200pm-water-cooler-312018.html,nakedcapitalism.com,English,0.0,gdelt_gkg
PYPL,2018-03-01,Official PayPal app for the Samsung Gear 2 now available,http://pctechmag.com/2014/07/official-paypal-app-for-the-samsung-gear-2-now-available/,pctechmag.com,English,0.0,gdelt_gkg
PYPL,2018-03-01,"  Что же вы мне раньше - то не сказали , что вам нужна не баня , а",https://www.kp.ru/daily/26801/3836293/,kp.ru,Russian,0.0,gdelt_gkg
PYPL,2018-03-01,Валентин КАТАСОНОВ . От проекта El Petro к золотой цифровой валюте,https://www.fondsk.ru/news/2018/03/01/ot-proekta-el-petro-k-zolotoj-cifrovoj-valjute-45696.html,fondsk.ru,Russian,0.0,gdelt_gkg
PYPL,2018-03-01,Mobile phones help transform disaster relief,https://finance.yahoo.com/news/mobile-phones-help-transform-disaster-relief-112748499.html,finance.yahoo.com,English,0.0,gdelt_gkg
PYPL,2018-03-01,Los teléfonos móviles ayudan a mejorar la respuesta ante las catástrofes,http://versionfinal.com.ve/tecnologia/los-telefonos-moviles-ayudan-a-mejorar-la-respuesta-ante-las-catastrofes/,versionfinal.com.ve,Spanish,0.0,gdelt_gkg
PYPL,2018-03-01,Funky Taurus Media - Music Photo Agency & Products,http://www.funkytaurusmedia.com/shop_content.php?coID=3&XTCsid=a1m2kjllvoah8rq4suth0ts542,funkytaurusmedia.com,German,0.0,gdelt_gkg
PYPL,2018-03-01,Standing up to hate : Oakland Mayor Libby Schaaf shows how its done,http://freerepublic.com/focus/f-news/3636437/posts,freerepublic.com,English,0.0,gdelt_gkg
PYPL,2018-03-01,en Rhodes launches a shadow National Security Council,http://freerepublic.com/focus/f-news/3636436/posts,freerepublic.com,English,0.0,gdelt_gkg
PYPL,2018-03-01,"  Trump is Winning , says Moscow analyst . ",http://freerepublic.com/focus/f-bloggers/3636443/posts,freerepublic.com,English,0.0,gdelt_gkg
PYPL,2018-03-01,Phone call captures moment woman gave birth when she hadnt realised she was pregnant,http://freerepublic.com/focus/f-chat/3636440/posts,freerepublic.com,English,0.0,gdelt_gkg
PYPL,2018-03-01,The cost of getting paid,http://www.dhakatribune.com/business/2018/03/01/cost-getting-paid/,dhakatribune.com,English,0.0,gdelt_gkg
PYPL,2018-03-01,Street Artist Skewers # MeToo with Hollywood Billboards : Oscar for Biggest Pedophile Goes to ,http://freerepublic.com/focus/f-news/3636435/posts,freerepublic.com,English,0.0,gdelt_gkg
PYPL,2018-03-01,White House preparing for McMaster exit as early as next month,http://freerepublic.com/focus/f-news/3636442/posts,freerepublic.com,English,0.0,gdelt_gkg
PYPL,2018-03-01,"As Dick and Walmart pull back , Buds Gun Shop charges ahead",http://www.kentucky.com/news/local/counties/fayette-county/article202850554.html,kentucky.com,English,0.0,gdelt_gkg
PYPL,2018-03-01,Women Are Marrying Trees to Help Save Them,http://freerepublic.com/focus/f-chat/3636434/posts,freerepublic.com,English,0.0,gdelt_gkg
PYPL,2018-03-01,Mulaka Interview ( Pt . 2 ): Team Lienzo talk about Mulaka and Their Future,http://operationrainfall.com/2018/03/01/mulaka-playstation-microsoft-nintendo-tarahumara-development-charity-lienzo-opr/,operationrainfall.com,English,0.0,gdelt_gkg
PYPL,2018-03-01,GitHub acaba de sobrevivir el ataque DDoS más grande de la historia,https://www.genbeta.com/actualidad/github-acaba-de-sobrevivir-el-ataque-ddos-mas-grande-de-la-historia,genbeta.com,Spanish,0.0,gdelt_gkg
PYPL,2018-03-01,Mobile Phones Help Transform Disaster Relief,https://www.newvision.co.ug/new_vision/news/1472297/mobile-phones-help-transform-disaster-relief,newvision.co.ug,English,0.0,gdelt_gkg
PYPL,2018-03-01,How the new tax law will affect Philly companies big and small,http://www.philly.com/philly/blogs/inq-phillydeals/new-tax-law-philly-corporations-dividends-mergers-trump-20180301.html,philly.com,English,0.0,gdelt_gkg
PYPL,2018-03-01,Current Qatar Airways promotions for your next trip,https://www.pointhacks.com.au/qatar-airways-promotions/,pointhacks.com.au,English,0.0,gdelt_gkg
PYPL,2018-03-01,Kleptocracy Asset Recovery Rewards Act : Stephen Lynch and Republican Keith Rothfus want to pay millions to foreign whistleblowers Quartz,https://qz.com/1219305/kleptocracy-asset-recovery-rewards-act-stephen-lynch-and-republican-keith-rothfus-want-to-pay-millions-to-foreign-whistleblowers/,qz.com,English,0.0,gdelt_gkg
PYPL,2018-03-01,Los teléfonos móviles ayudan a mejorar la respuesta ante las catástrofes,http://www.latribuna.hn/2018/03/01/los-telefonos-moviles-ayudan-mejorar-la-respuesta-ante-las-catastrofes/,latribuna.hn,Spanish,0.0,gdelt_gkg
PYPL,2018-03-01,"PayPal s Venmo must be more transparent with users , per FTC settlement",https://www.abqjournal.com/1140011/paypals-venmo-must-be-more-transparent-with-users-per-ftc-settlement.html,abqjournal.com,English,0.0,gdelt_gkg
PYPL,2018-03-01,U . S . Lawmakers Want To Pay Up to $5 Million For Foreign Corruption Tips - Oversight,http://www.govexec.com/oversight/2018/03/us-lawmakers-want-pay-5-million-foreign-corruption-tips/146345/,govexec.com,English,0.0,gdelt_gkg
PYPL,2018-03-01,"Delingpole : Big Freeze Means Global Warming Is Worse Than Ever , Alarmists Warn",http://freerepublic.com/focus/f-news/3636447/posts,freerepublic.com,English,0.0,gdelt_gkg
PYPL,2018-03-01,"Hawaii Has Gone Alabama Crazy , And Everyone Is Tua Cousin",http://freerepublic.com/focus/f-chat/3636441/posts,freerepublic.com,English,0.0,gdelt_gkg
PYPL,2018-03-01,Los teléfonos móviles ayudan a mejorar la respuesta ante las catástrofes,http://www.hoybolivia.com/Noticia.php?IdNoticia=258994,hoybolivia.com,Spanish,0.0,gdelt_gkg
PYPL,2018-03-01,"Transgender student , 15 , is  outed  after being made to change in ladie locker room by ... ",http://freerepublic.com/focus/f-chat/3636459/posts,freerepublic.com,English,0.0,gdelt_gkg
PYPL,2018-03-01,Payday for Instagram Users | Business And Careers,http://www.charkoosta.com/online_features/business_and_careers/payday-for-instagram-users/article_3fb5effc-7491-58ac-bb20-ece38303b4ce.html,charkoosta.com,English,0.0,gdelt_gkg
PYPL,2018-03-01,"Oakland Mayor still unapologetic over committing felony , obstructing justice",http://freerepublic.com/focus/f-news/3636446/posts,freerepublic.com,English,0.0,gdelt_gkg
PYPL,2018-03-01,"Aid convoy arrives in Syria Afrin , ICRC says",http://freerepublic.com/focus/f-news/3636450/posts,freerepublic.com,English,0.0,gdelt_gkg
PYPL,2018-03-01,Microsoft Corporation Stock Is Firing on All Cylinders,https://www.nasdaq.com/article/microsoft-corporation-stock-is-firing-on-all-cylinders-cm929063,nasdaq.com,English,0.0,gdelt_gkg
PYPL,2018-03-01,Murky role of MI5 and MI6 in relation to Islamists : Manchester connection of Lee Rigby and al - Liby,https://moderntokyonews.com/2018/03/01/murky-role-of-mi5-and-mi6-in-relation-to-islamists-manchester-connection-of-lee-rigby-and-al-liby/,moderntokyonews.com,English,0.0,gdelt_gkg
PYPL,2018-03-01,"Hawaii Has Gone Alabama Crazy , And Everyone Is Tua Cousin",http://www.freerepublic.com/focus/f-chat/3636441/posts,freerepublic.com,English,0.0,gdelt_gkg
PYPL,2018-03-01,BREAKING : A Parkland First Responder Just Made An Admission And Its Bad ! ,http://freerepublic.com/focus/f-chat/3636452/posts,freerepublic.com,English,0.0,gdelt_gkg
PYPL,2018-03-01,Chinas Military Finances Blockbuster Propaganda Movie About Heroic Chinese Marines in Yemen,http://freerepublic.com/focus/f-chat/3636468/posts,freerepublic.com,English,0.0,gdelt_gkg
PYPL,2018-03-01,Report : Muellers investigation takes a bizarre turn,http://freerepublic.com/focus/f-news/3636465/posts,freerepublic.com,English,0.0,gdelt_gkg
PYPL,2018-03-01,Hollister Girl Melts Hearts With Letters to Father,http://freerepublic.com/focus/f-chat/3636467/posts,freerepublic.com,English,0.0,gdelt_gkg
PYPL,2018-03-01,Facts About Airbus Subsidies,http://freerepublic.com/focus/f-news/3636466/posts,freerepublic.com,English,0.0,gdelt_gkg
PYPL,2018-03-01,The ever - receding Space Launch System,http://freerepublic.com/focus/f-bloggers/3636463/posts,freerepublic.com,English,0.0,gdelt_gkg
PYPL,2018-03-01,6 Of The Most Insane Moments at Trump Gun Control Bill Meeting,http://freerepublic.com/focus/f-news/3636445/posts,freerepublic.com,English,0.0,gdelt_gkg
PYPL,2018-03-01,Court upholds ending  no sea otter zone  on California coast,http://freerepublic.com/focus/f-chat/3636464/posts,freerepublic.com,English,0.0,gdelt_gkg
PYPL,2018-03-01,Phoenix :  How can you ask someone to serve their country when you cant even pay them ? ( Canada ) ,http://freerepublic.com/focus/f-news/3636432/posts,freerepublic.com,English,0.0,gdelt_gkg
PYPL,2018-03-01,Funky Taurus Media - Music Photo Agency & Products,http://www.funkytaurusmedia.com/shop_content.php?coID=3&XTCsid=2nq7h49nf9023b1ukefdj86995,funkytaurusmedia.com,German,0.0,gdelt_gkg
PYPL,2018-03-01,Georgia lawmakers yank tax break for Delta after airline cuts ties with NRA,http://freerepublic.com/focus/f-news/3636455/posts,freerepublic.com,English,0.0,gdelt_gkg
PYPL,2018-03-01,Man arrested for sending white powder to Donald Trump Jr . s NYC apartment,http://freerepublic.com/focus/f-news/3636457/posts,freerepublic.com,English,0.0,gdelt_gkg
PYPL,2018-03-01,BREAKING : A Parkland First Responder Just Made An Admission And Its Bad ! ,http://freerepublic.com/focus/f-news/3636452/posts,freerepublic.com,English,0.0,gdelt_gkg
PYPL,2018-03-01,"Dem Mayor Helps Criminals Evade ICE , CBS & NBC Call it a Feud",http://freerepublic.com/focus/f-news/3636460/posts,freerepublic.com,English,0.0,gdelt_gkg
PYPL,2018-03-01,"Report : Following Algorithm Change , President Trumps Facebook Engagement Dropped by 45 % ",http://freerepublic.com/focus/f-bloggers/3636449/posts,freerepublic.com,English,0.0,gdelt_gkg
PYPL,2018-03-01,Sanders fined for accepting foreign donations in 2016 election,http://freerepublic.com/focus/f-news/3636444/posts,freerepublic.com,English,0.0,gdelt_gkg
PYPL,2018-03-01,U . S . Aircraft Carrier Flexes Muscle Deep In South China Sea In Defiance Of China,http://freerepublic.com/focus/f-news/3636448/posts,freerepublic.com,English,0.0,gdelt_gkg
PYPL,2018-03-01,Liberal Late - Night Host Stephen Colbert Praises Donald Trump ( on gun control ) ,http://freerepublic.com/focus/f-news/3636453/posts,freerepublic.com,English,0.0,gdelt_gkg
PYPL,2018-03-01,Why Did It Take Two Weeks To Discover Parkland Students Astroturfing ? ,http://freerepublic.com/focus/f-news/3636458/posts,freerepublic.com,English,0.0,gdelt_gkg
PYPL,2018-03-01,The wild wars within the Trump White House,http://freerepublic.com/focus/f-news/3636456/posts,freerepublic.com,English,0.0,gdelt_gkg
PYPL,2018-03-01,How Many Lives Are Saved by Guns,http://freerepublic.com/focus/f-news/3636451/posts,freerepublic.com,English,0.0,gdelt_gkg
PYPL,2018-03-01,Disclosing the Crime : How the University of South Florida Duped the Department of Education,http://freerepublic.com/focus/f-news/3636429/posts,freerepublic.com,English,0.0,gdelt_gkg
PYPL,2018-03-01,Elon Musk brother Kimbal : This was the  best decision of my life  ,https://www.cnbc.com/2018/03/01/elon-musks-brother-kimbal-this-was-the-best-decision-of-my-life.html,cnbc.com,English,0.0,gdelt_gkg
PYPL,2018-03-01,Former financial manager of Kalamazoo Strong accused of embezzlement,http://wwmt.com/news/local/former-financial-manager-of-kalamazoo-strong-accused-of-embezzlement,wwmt.com,English,0.0,gdelt_gkg
PYPL,2018-03-01,Why ? Go Look In The Mirror,http://freerepublic.com/focus/f-news/3636461/posts,freerepublic.com,English,0.0,gdelt_gkg
PYPL,2018-03-01, [ Catholic Caucus ] Vatican Reaffirms Teaching on Salvation in Response to Cultural Changes,http://freerepublic.com/focus/f-religion/3636420/posts,freerepublic.com,English,0.0,gdelt_gkg
PYPL,2018-03-01,Comparing America to Israel on gun laws is dishonest  and revealing ( Barf alert ) ,http://freerepublic.com/focus/f-news/3636462/posts,freerepublic.com,English,0.0,gdelt_gkg
PYPL,2018-03-01,Grace to the Humble,http://freerepublic.com/focus/f-religion/3636430/posts,freerepublic.com,English,0.0,gdelt_gkg
PYPL,2018-03-01,Republican Chuck Boyce quits U . S . Senate bid amid health concerns,https://www.delawareonline.com/story/news/politics/2018/03/01/republican-u-s-senate-candidate-chuck-boyce-dropping-out-race/385984002/,delawareonline.com,English,0.0,gdelt_gkg
PYPL,2018-03-01,tramadol mexico . Watch Buy Tramadol No Prescription ?. purchase by Danter ( Danter ) on Mobypicture,http://www.mobypicture.com/user/Danter/view/20181383,mobypicture.com,English,0.0,gdelt_gkg
PYPL,2018-03-01,Cloud Providers Blew Past Record Spending Last Quarter On Data Center Buildouts - Page : 1,https://www.crn.com/news/cloud/300100061/cloud-providers-blew-past-record-spending-last-quarter-on-data-center-buildouts.htm,crn.com,English,0.0,gdelt_gkg
PYPL,2018-03-01,Is Trump a Gun Grabber ? ,http://freerepublic.com/focus/f-chat/3636402/posts,freerepublic.com,English,0.0,gdelt_gkg
PYPL,2018-03-01,Brown University holds racially segregated lunches,http://freerepublic.com/focus/f-news/3636400/posts,freerepublic.com,English,0.0,gdelt_gkg
PYPL,2018-03-01,US Army tanks get futuristic shields to destroy incoming threats,http://freerepublic.com/focus/f-news/3636404/posts,freerepublic.com,English,0.0,gdelt_gkg
PYPL,2018-03-01,11 Métodos para vivir viajando y nunca necesitar dinero - Info,https://www.taringa.net/posts/info/20140701/11-Metodos-para-vivir-viajando-y-nunca-necesitar-dinero.html,taringa.net,Spanish,0.0,gdelt_gkg
PYPL,2018-03-01,Beschwerden über unzulässige Zahlungsentgelte,https://www.bergedorfer-zeitung.de/ueberregionales/wirtschaft/article213590675/Beschwerden-ueber-unzulaessige-Zahlungsentgelte.html,bergedorfer-zeitung.de,German,0.0,gdelt_gkg
PYPL,2018-03-01,President Trump to Review Ban on Military Personnel Carrying Firearms,http://freerepublic.com/focus/f-news/3636406/posts,freerepublic.com,English,0.0,gdelt_gkg
PYPL,2018-03-01,Funky Taurus Media - Music Photo Agency & Products,http://www.funkytaurusmedia.com/shop_content.php?coID=3&XTCsid=i0293d4o0cqp5gntpcj9ha39q7,funkytaurusmedia.com,English,0.0,gdelt_gkg
PYPL,2018-03-01,PWG moves venue of next show due to ticketing issue,https://www.f4wonline.com/indies/pwg-moves-venue-next-show-due-ticketing-issue-252621,f4wonline.com,English,0.0,gdelt_gkg
PYPL,2018-03-01,It Time to Create New Republics,http://freerepublic.com/focus/f-chat/3636408/posts,freerepublic.com,English,0.0,gdelt_gkg
PYPL,2018-03-01,Pork Fat Ranked Among Top 10 Most Nutritious Foods : Report,http://freerepublic.com/focus/f-chat/3636407/posts,freerepublic.com,English,0.0,gdelt_gkg
PYPL,2018-03-01,Massachusetts Man Arrested For Mailing White Powder Threat Letter To Don Trump Jr,http://freerepublic.com/focus/f-news/3636392/posts,freerepublic.com,English,0.0,gdelt_gkg
PYPL,2018-03-01,"Spurned by U . S . and Facing Danger Back Home , Iranian Christians Fear the Worst",http://freerepublic.com/focus/f-news/3636418/posts,freerepublic.com,English,0.0,gdelt_gkg
PYPL,2018-03-01,"History of tattooing is rewritten after world earliest figurative inkings are found on 5 , 000",http://freerepublic.com/focus/f-chat/3636391/posts,freerepublic.com,English,0.0,gdelt_gkg
PYPL,2018-03-01,Fitton : The Deep State Is in Deep Cover - up Mode,http://freerepublic.com/focus/f-news/3636385/posts,freerepublic.com,English,0.0,gdelt_gkg
PYPL,2018-03-01,South Africa Votes To Seize White - Owned Land Without Compensation,http://freerepublic.com/focus/f-news/3636390/posts,freerepublic.com,English,0.0,gdelt_gkg
PYPL,2018-03-01,NAACP Helped Craft Sheriff Israels No Arrest Policy,http://freerepublic.com/focus/f-news/3636386/posts,freerepublic.com,English,0.0,gdelt_gkg
PYPL,2018-03-01,US lawmakers want to pay up to $5 million for foreign corruption tips,https://www.msn.com/en-us/news/technology/us-lawmakers-want-to-pay-up-to-245-million-for-foreign-corruption-tips/ar-BBJL9aO,msn.com,English,0.0,gdelt_gkg
PYPL,2018-03-01,Los teléfonos móviles ayudan a mejorar la respuesta ante las catástrofes,http://eldia.com.do/los-telefonos-moviles-ayudan-a-mejorar-la-respuesta-ante-las-catastrofes/,eldia.com.do,Spanish,0.0,gdelt_gkg
PYPL,2018-03-01,Texas For The Win ! ,http://freerepublic.com/focus/f-news/3636388/posts,freerepublic.com,English,0.0,gdelt_gkg
PYPL,2018-03-01,"In Explosive Accusation , Sharyl Attkisson Says Obama DOJ Secretly Switched Her Computer Hard Drive",http://freerepublic.com/focus/f-news/3636380/posts,freerepublic.com,English,0.0,gdelt_gkg
PYPL,2018-03-01,Do you have the mindset of a billionaire ? ,https://www.stuff.co.nz/business/101831549/Do-you-have-the-mindset-of-a-billionaire,stuff.co.nz,English,0.0,gdelt_gkg
PYPL,2018-03-01,Why Cant a Woman Be Less Like a Man ? ,http://freerepublic.com/focus/f-bloggers/3636384/posts,freerepublic.com,English,0.0,gdelt_gkg
PYPL,2018-03-01,Pledge - O - Rama : February Results and March Pledges,https://www.japersrink.com/2018/3/1/17066580/pledge-o-rama-february-results-and-march-pledges-capitals,japersrink.com,English,0.0,gdelt_gkg
PYPL,2018-03-01,"School shootings are not the new normal , despite statistics that stretch the truth",http://freerepublic.com/focus/f-news/3636387/posts,freerepublic.com,English,0.0,gdelt_gkg
PYPL,2018-03-01,FR Donate Link Gives Error Page,http://freerepublic.com/focus/f-chat/3636383/posts,freerepublic.com,English,0.0,gdelt_gkg
PYPL,2018-03-01,MEXICO OIL INDUSTRY CONTINUES TO DISINTEGRATE : PEMEX Suffers $18 Billion Loss,https://srsroccoreport.com/mexicos-oil-industry-continues-disintegrate-pemex-suffers-18-billion-loss/,srsroccoreport.com,English,0.0,gdelt_gkg
PYPL,2018-03-01,A Different Kind of Political Contribution : South Texas Candidate Gets Deer [ DNA ] Donations,http://freerepublic.com/focus/f-backroom/3636403/posts,freerepublic.com,English,0.0,gdelt_gkg
PYPL,2018-03-01,Trumps Sudden Love of Gun Control Isnt That Sudden,http://freerepublic.com/focus/f-news/3636393/posts,freerepublic.com,English,0.0,gdelt_gkg
PYPL,2018-03-01,Wolf Administration Project to Improve Operations ... while Adding Jobs at Pennsylvania Company,http://freerepublic.com/focus/f-news/3636425/posts,freerepublic.com,English,0.0,gdelt_gkg
PYPL,2018-03-01,White Woman Who Says Shes Black Says Black Lives Matter After Attacking Cop,http://freerepublic.com/focus/f-news/3636412/posts,freerepublic.com,English,0.0,gdelt_gkg
PYPL,2018-03-01,Texas woman who falsely claimed black men raped her pleads guilty to felony charges,http://freerepublic.com/focus/f-news/3636454/posts,freerepublic.com,English,0.0,gdelt_gkg
PYPL,2018-03-01,Swag Code until 4 pm for 4 SB points,http://www.wral.com/swag-code-until-4-pm-for-4-sb-points/17384336/,wral.com,English,0.0,gdelt_gkg
PYPL,2018-03-01,This Startup Has a Plan to Sell Annuities So Your Clients Dont Die Po,http://www.wealthmanagement.com/retirement-planning/startup-has-plan-sell-annuities-so-your-clients-dont-die-poor,wealthmanagement.com,English,0.0,gdelt_gkg
PYPL,2018-03-01,3quarksdaily : Sean Carroll on Dark Matter and the Earliest Stars,http://www.3quarksdaily.com/3quarksdaily/2018/03/sean-carroll-on-dark-matter-and-the-earliest-stars.html,3quarksdaily.com,English,0.0,gdelt_gkg
PYPL,2018-03-01,Trump official says unaccompanied minors dont have constitutional right to abortions,http://freerepublic.com/focus/f-chat/3636426/posts,freerepublic.com,English,0.0,gdelt_gkg
PYPL,2018-03-01,3quarksdaily : Yuval Noah Harari : Industrial farming is one of the worst crimes in history,http://www.3quarksdaily.com/3quarksdaily/2018/03/yuval-noah-harari-industrial-farming-is-one-of-the-worst-crimes-in-history.html,3quarksdaily.com,English,0.0,gdelt_gkg
PYPL,2018-03-01, ( Vanity ) I sent White House e - mail that 2nd Amend is a Red Line for me . ,http://freerepublic.com/focus/f-news/3636428/posts,freerepublic.com,English,0.0,gdelt_gkg
PYPL,2018-03-01,"  Memories  from Cats , done from Star Trek Spock point of view",http://freerepublic.com/focus/f-chat/3636427/posts,freerepublic.com,English,0.0,gdelt_gkg
PYPL,2018-03-01,3quarksdaily : Jordan Casteel Is Making You Look,http://www.3quarksdaily.com/3quarksdaily/2018/03/jordan-casteel-is-making-you-look.html,3quarksdaily.com,English,0.0,gdelt_gkg
PYPL,2018-03-01,El Corte Inglés se alía con Alibaba : permitirá pagar con el Paypal chino,https://www.economiadigital.es/directivos-y-empresas/el-corte-ingles-alibaba-alianza-alipay_540650_102.html,economiadigital.es,Spanish,0.0,gdelt_gkg
PYPL,2018-03-01,Trump says US will impose steel and aluminum tariffs,http://freerepublic.com/focus/f-news/3636415/posts,freerepublic.com,English,0.0,gdelt_gkg
PYPL,2018-03-01,Even better,https://weeklyworker.co.uk/worker/1192/even-better/,weeklyworker.co.uk,English,0.0,gdelt_gkg
PYPL,2018-03-01,DrudgeReport Economic Headlines ... Winning ! ,http://freerepublic.com/focus/f-news/3636424/posts,freerepublic.com,English,0.0,gdelt_gkg
PYPL,2018-03-01,3quarksdaily : A better description of entropy,http://www.3quarksdaily.com/3quarksdaily/2018/03/a-better-description-of-entropy.html,3quarksdaily.com,English,0.0,gdelt_gkg
PYPL,2018-03-01,New Plug and Play accelerator could grow beyond health tech startups,http://www.crainscleveland.com/article/20180301/news/153541/new-plug-and-play-accelerator-could-grow-beyond-health-tech-startups,crainscleveland.com,English,0.0,gdelt_gkg
PYPL,2018-03-01,Bob Woodward Warns the Media : We Could Drive Trump to Suicide,http://freerepublic.com/focus/f-news/3636411/posts,freerepublic.com,English,0.0,gdelt_gkg
PYPL,2018-03-01,"  Hot coil challenge  newest , dangerous fad ( like Tide Pods were not bad enough ) ",http://freerepublic.com/focus/f-news/3636417/posts,freerepublic.com,English,0.0,gdelt_gkg
PYPL,2018-03-01,"Ben Carson asks HUD to cancel order for $31 , 000 dining set",http://freerepublic.com/focus/f-news/3636422/posts,freerepublic.com,English,0.0,gdelt_gkg
PYPL,2018-03-01,Huge Leftwing Activist Groups Behind Supposed Teen - Organized March for Gun Control,http://freerepublic.com/focus/f-news/3636410/posts,freerepublic.com,English,0.0,gdelt_gkg
PYPL,2018-03-01, [ Catholic - Orthodox Cauc ] De Mattei : Opponents of Ostpolitik  Part 2 : Father Alessio Ulisse,http://freerepublic.com/focus/f-religion/3636413/posts,freerepublic.com,English,0.0,gdelt_gkg
PYPL,2018-03-01, [ Catholic Caucus ] Enough With the Monkey Business,http://freerepublic.com/focus/f-religion/3636409/posts,freerepublic.com,English,0.0,gdelt_gkg
PYPL,2018-03-01,Will These Pro - Gun Control Celebrities Make Another Film Using Firearms ? ,http://freerepublic.com/focus/f-chat/3636414/posts,freerepublic.com,English,0.0,gdelt_gkg
PYPL,2018-03-01,Peter Thiel : „ Die Linken auf Schritt und Tritt bekämpfen  ,https://www.wiwo.de/unternehmen/dienstleister/peter-thiel-die-linken-auf-schritt-und-tritt-bekaempfen/20989632.html,wiwo.de,German,0.0,gdelt_gkg
PYPL,2018-03-01,"FREE REPUBLIC FREEPATHON is like the NRA . If you dont give , YOU lose freedom . ",http://freerepublic.com/focus/f-news/3636423/posts,freerepublic.com,English,0.0,gdelt_gkg
PYPL,2018-03-01,How to manage a huge client,https://www.creativebloq.com/advice/how-to-manage-a-huge-client,creativebloq.com,English,0.0,gdelt_gkg
PYPL,2018-03-01,Putin shows Florida getting nuked in mock video to boast new weapons,http://freerepublic.com/focus/f-news/3636416/posts,freerepublic.com,English,0.0,gdelt_gkg
PYPL,2018-03-01,Pa . School District to Move Kids Due to Church Honoring AR - 15 Rifles,http://freerepublic.com/focus/f-chat/3636419/posts,freerepublic.com,English,0.0,gdelt_gkg
PYPL,2018-03-31,"L - 3 to provide mortar fuzes to Afghanistan , Bahrain",http://www.spacewar.com/reports/L-3_to_provide_mortar_fuzes_to_Afghanistan_Bahrain_999.html,spacewar.com,English,0.0,gdelt_gkg
PYPL,2018-03-31,Pennsylvania Firearm Owners Association Discussion Forum,http://forum.pafoa.org/external.php?s=2c302fb1ede1e387bacb8c14cb665712&type=RSS2&forumids=111,forum.pafoa.org,English,0.0,gdelt_gkg
PYPL,2018-03-31,Page A001 | e - Edition,https://tylerpaper.com/eedition/page-a/page_4494904f-9210-59c3-9ffa-f6ba9b65f9b5.html,tylerpaper.com,English,0.0,gdelt_gkg
PYPL,2018-03-31,A Change of Pace : Four Online Payment Alternatives to Paypal,http://www.qrcodepress.com/a-change-of-pace-four-online-payment-alternatives-to-paypal/8517629/,qrcodepress.com,English,0.0,gdelt_gkg
PYPL,2018-03-31,Reddit přestal akceptovat platby v bitcoinech . Kvůli Coinbase,https://www.zive.cz/clanky/reddit-prestal-akceptovat-platby-v-bitcoinech-kvuli-coinbase/sc-3-a-192478/default.aspx,zive.cz,Czech,0.0,gdelt_gkg
PYPL,2018-03-31,Bicupid Review,https://www.askmen.com/dating/online-dating-sites/gay/bicupid-review.html,askmen.com,English,0.0,gdelt_gkg
PYPL,2018-03-31,PayPal blockiert den Verkauf einer WSWS - Broschüre,http://www.wsws.org/de/articles/2018/03/31/payp-m31.html,wsws.org,German,0.0,gdelt_gkg
PYPL,2018-03-31,Mobile Payment Transaction Service Market will hit at a CAGR of 19 . 2 % by 2025,https://www.openpr.com/news/999546/Mobile-Payment-Transaction-Service-Market-will-hit-at-a-CAGR-of-19-2-by-2025.html,openpr.com,English,0.0,gdelt_gkg
PYPL,2018-03-31,Warum syt dir so truurig ? - Schweiz : Standard,https://www.derbund.ch/schweiz/standard/warum-syt-dir-so-truurig/story/10409225,derbund.ch,German,0.0,gdelt_gkg
PYPL,2018-03-31,Pressenza,https://www.pressenza.com/2018/03/cambridge-analytica-happens-privatise-military-propaganda/,pressenza.com,English,0.0,gdelt_gkg
PYPL,2018-03-31,Warum syt dir so truurig ? - Schweiz : Standard,https://www.thunertagblatt.ch/schweiz/standard/warum-syt-dir-so-truurig/story/10409225,thunertagblatt.ch,German,0.0,gdelt_gkg
PYPL,2018-03-31,PayPal bloquea la venta de un panfleto del WSWS,http://www.wsws.org/es/articles/2018/03/31/payp-m31.html,wsws.org,Spanish,0.0,gdelt_gkg
PYPL,2018-03-31,Warum syt dir so truurig ? - Schweiz : Standard,https://www.bernerzeitung.ch/schweiz/standard/Warum-syt-dir-so-truurig/story/10409225,bernerzeitung.ch,German,0.0,gdelt_gkg
PYPL,2018-03-31,Insitu tapped to manage ScanEagle UAS in Afghanistan,http://www.spacewar.com/reports/Insitu_tapped_to_manage_ScanEagle_UAS_in_Afghanistan_999.html,spacewar.com,English,0.0,gdelt_gkg
PYPL,2018-03-31,Traders Sell Shares of Paypal ( PYPL ) on Strength ( PYPL ) ,https://www.dailypolitical.com/2018/03/31/traders-sell-shares-of-paypal-pypl-on-strength-pypl.html,dailypolitical.com,English,0.0,gdelt_gkg
PYPL,2018-03-31,Pennsylvania Firearm Owners Association Discussion Forum,http://forum.pafoa.org/external.php?s=b3e803251d519b528438fd63dddd0b66&type=RSS2&forumids=111,forum.pafoa.org,English,0.0,gdelt_gkg
PYPL,2018-03-31,Pennsylvania Firearm Owners Association Discussion Forum,http://forum.pafoa.org/external.php?s=0f52c091007db5cf12f10968c708d623&type=RSS2&forumids=111,forum.pafoa.org,English,0.0,gdelt_gkg
PYPL,2018-03-31,A bridge so far : China controversial megaproject,http://www.spacedaily.com/reports/A_bridge_so_far_Chinas_controversial_megaproject_999.html,spacedaily.com,English,0.0,gdelt_gkg
PYPL,2018-03-31,Thurston County Non - Profit Helps First Responders Make a Difference,http://www.thurstontalk.com/2018/03/31/thurston-county-non-profit-helps-first-responders-make-difference/,thurstontalk.com,English,0.0,gdelt_gkg
PYPL,2018-03-31,"American , British soldiers killed in Syria ; Trump signals exit  very soon  ",http://www.spacewar.com/reports/American_British_soldiers_killed_in_Syria_Pentagon_999.html,spacewar.com,English,0.0,gdelt_gkg
PYPL,2018-03-31,Invertir tus bitcoins taringueros en préstamos - Economía y Negocios,https://www.taringa.net/posts/economia-negocios/18825013/Invertir-tus-bitcoins-taringueros-en-prestamos.html,taringa.net,Spanish,0.0,gdelt_gkg
PYPL,2018-03-31,Trump ties South Korea trade deal to North Korea talks,http://www.spacewar.com/reports/Trump_ties_South_Korea_trade_deal_to_North_Korea_talks_999.html,spacewar.com,English,0.0,gdelt_gkg
PYPL,2018-03-31,China aircraft carrier spotted in huge naval drill,http://www.spacewar.com/reports/Chinas_aircraft_carrier_spotted_in_huge_naval_drill_999.html,spacewar.com,English,0.0,gdelt_gkg
PYPL,2018-03-31,Greece demands  clear answer from Turkey on detained soldiers,http://www.spacewar.com/reports/Greece_demands_clear_answers_from_Turkey_on_detained_soldiers_999.html,spacewar.com,English,0.0,gdelt_gkg
PYPL,2018-03-31,Que vaut la nouvelle version de Norton Security Premium 2018 ? ,"https://www.tomsguide.fr/article/test-norton-security-premium-2018,2-2239.html",tomsguide.fr,French,0.0,gdelt_gkg
PYPL,2018-03-31,Warum syt dir so truurig ? - Schweiz : Standard,https://www.berneroberlaender.ch/schweiz/standard/warum-syt-dir-so-truurig/story/10409225,berneroberlaender.ch,German,0.0,gdelt_gkg
PYPL,2018-03-31,Pennsylvania Firearm Owners Association Discussion Forum,http://forum.pafoa.org/external.php?s=8f7ce4634f48ec8512a516396c60e306&type=RSS2&forumids=111,forum.pafoa.org,English,0.0,gdelt_gkg
PYPL,2018-03-31,Marble Arch Investments LP Has Boosted Stake in Applied Optoelectronics ( AAOI ) as Market Valuation Declined ; State Of Tennessee Treasury Department Trimmed Suncor Energy ( SU ) Stake by $13 . 81 Million as Valuation Declined,https://www.whatsonthorold.com/2018/03/31/marble-arch-investments-lp-has-boosted-stake-in-applied-optoelectronics-aaoi-as-market-valuation-declined-state-of-tennessee-treasury-department-trimmed-suncor-energy-su-stake-by-13-81-million-a/,whatsonthorold.com,English,0.0,gdelt_gkg
PYPL,2018-03-31,Stories of Rejection From 8 of the World Most Successful Entrepreneurs and Leaders,https://www.thehour.com/news/article/Stories-of-Rejection-From-8-of-the-World-s-Most-12794030.php,thehour.com,English,0.0,gdelt_gkg
PYPL,2018-03-31,Pomozite Adelu Pašaliću iz Zenice kojem je epilepsija oduzela djetinjstvo,https://www.klix.ba/vijesti/humanitarne-akcije/pomozite-adelu-pasalicu-iz-zenice-kojem-je-epilepsija-oduzela-djetinjstvo/180331019,klix.ba,Bosnian,0.0,gdelt_gkg
PYPL,2018-03-31,"Carmelo Sucameli , The sadness of the circus with animals",https://loeildelaphotographie.com/en/carmelo-sucameli-the-sadness-of-the-circus-with-animals/,loeildelaphotographie.com,English,0.0,gdelt_gkg
PYPL,2018-03-31,Man who received money from united kingdom - Bangladeshi firm with ISIS links jailed for 20 years in US,https://bdnews24.com/world/2018/03/31/man-who-received-money-from-uk-bangladeshi-firm-with-isis-links-jailed-for-20-years-in-us,bdnews24.com,English,0.0,gdelt_gkg
PYPL,2018-03-31,Pennsylvania Firearm Owners Association Discussion Forum,http://forum.pafoa.org/external.php?s=3e461352fb2aa362bf48dcad9b64c6f7&type=RSS2&forumids=111,forum.pafoa.org,English,0.0,gdelt_gkg
PYPL,2018-03-31,Russia slams Poland  militarisation  after Patriot missile deal,http://www.spacewar.com/reports/Russia_slams_Polands_militarisation_after_Patriot_missile_deal_999.html,spacewar.com,English,0.0,gdelt_gkg
PYPL,2018-03-31,Gwyneth Paltrow Goop Just Raised Gobs Of Money To Peddle Pseudoscience,https://www.gizmodo.com.au/2018/03/gwyneth-paltrows-goop-just-raised-gobs-of-money-to-peddle-pseudoscience/,gizmodo.com.au,English,0.0,gdelt_gkg
PYPL,2018-03-31,Pennsylvania Firearm Owners Association Discussion Forum,http://forum.pafoa.org/external.php?s=85aa3028854a8316530e8fb88616a516&type=RSS2&forumids=111,forum.pafoa.org,English,0.0,gdelt_gkg
PYPL,2018-03-31,Sanford C . Bernstein Begins Coverage on Paypal ( PYPL ) ,https://www.dailypolitical.com/2018/03/31/sanford-c-bernstein-begins-coverage-on-paypal-pypl.html,dailypolitical.com,English,0.0,gdelt_gkg
PYPL,2018-03-31,GIGA fragt PayPal : „ Seid ihr eine Bank ? ,https://www.giga.de/webapps/paypal/specials/giga-fragt-paypal-seid-ihr-eine-bank/,giga.de,German,0.0,gdelt_gkg
PYPL,2018-03-31,Read from Luna author Ian McDonald new time - travel romance Time Was,https://www.theverge.com/2018/3/31/17175806/ian-mcdonald-time-was-time-travel-science-fiction-romance-excerpt,theverge.com,English,0.0,gdelt_gkg
PYPL,2018-03-31,Howard University students protest after embezzlement exposed | News,http://www.phillytrib.com/news/howard-university-students-protest-after-embezzlement-exposed/article_c8862f8c-3881-51f2-916c-55cfe2fa4248.html,phillytrib.com,English,0.0,gdelt_gkg
PYPL,2018-03-31,Pennsylvania Firearm Owners Association Discussion Forum,http://forum.pafoa.org/external.php?s=eb20b412d0d6e02a1fd2eb8be93c4775&type=RSS2&forumids=111,forum.pafoa.org,English,0.0,gdelt_gkg
PYPL,2018-03-31,Equa bank,http://forum.finexpert.e15.cz/viewtopic.php?f=316&t=1108515&p=11892132,forum.finexpert.e15.cz,Czech,0.0,gdelt_gkg
PYPL,2018-03-31,Pennsylvania Firearm Owners Association Discussion Forum,http://forum.pafoa.org/external.php?s=83b23c3702e8b2e26ccdc94ff49be2f4&type=RSS2&forumids=111,forum.pafoa.org,English,0.0,gdelt_gkg
PYPL,2018-03-31,Article : Daily Inspiration Virtual Reality,https://www.opednews.com/populum/page.php?f=Daily-Inspiration-mdash--by-Josh-Mitteldorf-Virtual-Reality-180331-305.html,opednews.com,English,0.0,gdelt_gkg
PYPL,2018-03-31,Pennsylvania Firearm Owners Association Discussion Forum,http://forum.pafoa.org/external.php?s=c2f51e1ef90a17ddc95519949b0ba08e&type=RSS2&forumids=111,forum.pafoa.org,English,0.0,gdelt_gkg
PYPL,2018-03-31,Mobile payments test by PayPal using face verification,http://www.qrcodepress.com/mobile-payments-test-being-run-by-paypal-using-facial-verification/8522722/,qrcodepress.com,English,0.0,gdelt_gkg
PYPL,2018-03-31,Pennsylvania Firearm Owners Association Discussion Forum,http://forum.pafoa.org/external.php?s=24863ba2e47f00eb4440c0d18f298cf9&type=RSS2&forumids=111,forum.pafoa.org,English,0.0,gdelt_gkg
PYPL,2018-03-31,Sanford C . Bernstein Begins Coverage on Paypal ( PYPL ) ,https://www.tickerreport.com/banking-finance/3317243/sanford-c-bernstein-begins-coverage-on-paypal-pypl.html,tickerreport.com,English,0.0,gdelt_gkg
PYPL,2018-03-31,Stories of Rejection From 8 of the World Most Successful Entrepreneurs and Leaders,https://www.greenwichtime.com/news/article/Stories-of-Rejection-From-8-of-the-World-s-Most-12794030.php,greenwichtime.com,English,0.0,gdelt_gkg
PYPL,2018-03-31,3quarksdaily : ,http://www.3quarksdaily.com/3quarksdaily/2018/03/my-dad-asks-how-com-black-folk-cant-just-write-abut-flowersbijan-been-dead-11-months-my-blue-margin-re.html,3quarksdaily.com,English,0.0,gdelt_gkg
PYPL,2018-03-31,Gaze Books Archives,http://www.beautifuldecay.com/tag/gaze-books/,beautifuldecay.com,English,0.0,gdelt_gkg
PYPL,2018-03-31,Courir après la pastille « compte vérifié » rime - t - il encore  quelque chose ? ,http://www.slate.fr/story/159685/internet-reseaux-sociaux-twitter-instagram-facebook-comptes-verifies-certification,slate.fr,French,0.0,gdelt_gkg
PYPL,2018-03-31,General Dynamics awarded $61M contract for Abrams tank support,http://www.spacewar.com/reports/General_Dynamics_awarded_61M_contract_for_Abrams_tank_support_999.html,spacewar.com,English,0.0,gdelt_gkg
PYPL,2018-03-31,Field Studies Archives,http://www.beautifuldecay.com/tag/field-studies/,beautifuldecay.com,English,0.0,gdelt_gkg
PYPL,2018-03-31,Equa bank,http://forum.finexpert.e15.cz/./viewtopic.php?f=316&t=1108515&p=11892132,forum.finexpert.e15.cz,Czech,0.0,gdelt_gkg
PYPL,2018-03-31,Equa bank,http://forum.finexpert.e15.cz/./viewtopic.php?f=316&p=11892132,forum.finexpert.e15.cz,Czech,0.0,gdelt_gkg
PYPL,2018-03-31,"Scientists find 13 , 000 - year - old footprints in Canada",http://www.terradaily.com/reports/Scientists_find_13000-year-old_footprints_in_Canada_999.html,terradaily.com,English,0.0,gdelt_gkg
PYPL,2018-03-31,3quarksdaily : Can Islamic and European Civilizations Coexist ? ,http://www.3quarksdaily.com/3quarksdaily/2018/03/can-islamic-and-european-civilizations-coexist.html,3quarksdaily.com,English,0.0,gdelt_gkg
PYPL,2018-03-31,"Pomerantz LLP and the Rosen Law Firm Announce the Pendency of a Class Action Against PayPal Holdings , Inc . and Certain Officers - PYPL",http://virtual-strategy.com/2018/03/30/pomerantz-llp-and-the-rosen-law-firm-announce-the-pendency-of-a-class-action-against-paypal-holdings-inc-and-certain-officers-pypl/,virtual-strategy.com,English,0.0,gdelt_gkg
PYPL,2018-03-31,"Gordon Ramsay berates , dismisses Gary boy from  MasterChef Junior  | Indiana",http://kokomoperspective.com/politics/indiana/gordon-ramsay-berates-dismisses-gary-boy-from-masterchef-junior/article_24ce5765-fed5-5e61-b507-27d917be81e2.html,kokomoperspective.com,English,0.0,gdelt_gkg
PYPL,2018-03-31,Pennsylvania Firearm Owners Association Discussion Forum,http://forum.pafoa.org/external.php?s=ff67c4104a3d2c1fbd557722acc6b230&type=RSS2&forumids=111,forum.pafoa.org,English,0.0,gdelt_gkg
PYPL,2018-03-31,"In Fukushima ghost town , a factory on the road to rebirth",http://www.terradaily.com/reports/In_Fukushima_ghost_town_a_factory_on_the_road_to_rebirth_999.html,terradaily.com,English,0.0,gdelt_gkg
PYPL,2018-03-31,Where Chinese space station Tiangong falls to Earth still a mystery,http://www.terradaily.com/reports/Where_Chinese_space_station_Tiangong_falls_to_Earth_still_a_mystery_999.html,terradaily.com,English,0.0,gdelt_gkg
PYPL,2018-03-31,Powerful X - rays key to confirming water source deep below Earth surface,http://www.terradaily.com/reports/Argonnes_powerful_X_rays_key_to_confirming_water_source_deep_below_Earths_surface_999.html,terradaily.com,English,0.0,gdelt_gkg
PYPL,2018-03-31,NASA satellite spots Eastern Europe orange snow,http://www.terradaily.com/reports/NASA_satellite_spots_Eastern_Europes_orange_snow_999.html,terradaily.com,English,0.0,gdelt_gkg
PYPL,2018-03-31,Parts of the Amazon thought uninhabited were home to a million people,http://www.terradaily.com/reports/Parts_of_the_Amazon_thought_uninhabited_were_actually_home_to_up_to_a_million_people_999.html,terradaily.com,English,0.0,gdelt_gkg
PYPL,2018-03-31,New interactive map shows climate change everywhere in world,http://www.terradaily.com/reports/New_interactive_map_shows_climate_change_everywhere_in_world_999.html,terradaily.com,English,0.0,gdelt_gkg
PYPL,2018-03-31,Pennsylvania Firearm Owners Association Discussion Forum,http://forum.pafoa.org/external.php?s=22690e034ebd1b42242dbb91f0f76535&type=RSS2&forumids=111,forum.pafoa.org,English,0.0,gdelt_gkg
PYPL,2018-03-31,Out of this world : Inside Japan space colony centre,http://www.spacedaily.com/reports/Out_of_this_world_Inside_Japans_space_colony_centre_999.html,spacedaily.com,English,0.0,gdelt_gkg
PYPL,2018-03-31,В Masterforex - V объяснили почему и к каким уровням падает биткоин,http://www.profi-forex.org/birzhi/kriptovalyuty/entry1008312242.html,profi-forex.org,Russian,0.0,gdelt_gkg
PYPL,2018-03-31,The Whale Archives,http://www.beautifuldecay.com/tag/the-whale/,beautifuldecay.com,English,0.0,gdelt_gkg
PYPL,2018-03-31,AIDAN KOCH FIELD STUDIES,http://www.beautifuldecay.com/2012/03/16/aidan-kochs-field-studies/,beautifuldecay.com,English,0.0,gdelt_gkg
PYPL,2018-03-31,He the ex - Army boxer who plans to keep Tyneside estates safe - but MPs are worried,https://www.chroniclelive.co.uk/news/north-east-news/hes-ex-army-boxer-who-14478146,chroniclelive.co.uk,English,0.0,gdelt_gkg
PYPL,2018-03-31,Seth Rich Brother Files Lawsuit Alleging Baseless Claims On DNC Hack,http://bpr.org/post/seth-richs-brother-files-lawsuit-alleging-baseless-claims-dnc-hack,bpr.org,English,0.0,gdelt_gkg
PYPL,2018-03-31,What 31 highly successful people were doing at age 25,https://www.businessinsider.com.au/what-highly-successful-people-were-doing-at-25-2015-9,businessinsider.com.au,English,0.0,gdelt_gkg
PYPL,2018-03-31,Seth Rich Brother Files Lawsuit Alleging Baseless Claims On DNC Hack,http://nprillinois.org/post/seth-richs-brother-files-lawsuit-alleging-baseless-claims-dnc-hack,nprillinois.org,English,0.0,gdelt_gkg
PYPL,2018-03-31,New climate model developed by Russian and German scientists,http://www.spacedaily.com/reports/New_climate_model_developed_by_Russian_and_German_scientists_999.html,spacedaily.com,English,0.0,gdelt_gkg
PYPL,2018-03-31,Seth Rich Brother Files Lawsuit Alleging Baseless Claims On DNC Hack,http://wkyufm.org/post/seth-richs-brother-files-lawsuit-alleging-baseless-claims-dnc-hack,wkyufm.org,English,0.0,gdelt_gkg
PYPL,2018-03-31,Seth Rich Brother Files Lawsuit Alleging Baseless Claims On DNC Hack,http://wdiy.org/post/seth-richs-brother-files-lawsuit-alleging-baseless-claims-dnc-hack,wdiy.org,English,0.0,gdelt_gkg
PYPL,2018-03-31,Seth Rich Brother Files Lawsuit Alleging Baseless Claims On DNC Hack,http://whqr.org/post/seth-richs-brother-files-lawsuit-alleging-baseless-claims-dnc-hack,whqr.org,English,0.0,gdelt_gkg
PYPL,2018-03-31,Seth Rich Brother Files Lawsuit Alleging Baseless Claims On DNC Hack,http://wshu.org/post/seth-richs-brother-files-lawsuit-alleging-baseless-claims-dnc-hack,wshu.org,English,0.0,gdelt_gkg
PYPL,2018-03-31,Pennsylvania Firearm Owners Association Discussion Forum,http://forum.pafoa.org/external.php?s=cf8cc9f0836523e9407306d989dbc909&type=RSS2&forumids=111,forum.pafoa.org,English,0.0,gdelt_gkg
PYPL,2018-03-31,Pets of the Week,http://www.urbanacitizen.com/news/61698/pets-of-the-week-81,urbanacitizen.com,English,0.0,gdelt_gkg
PYPL,2018-03-31,Community rallies to feed seized Terrebonne horses,http://www.ktvz.com/news/community-rallies-to-feed-seized-terrebonne-horses/723246385,ktvz.com,English,0.0,gdelt_gkg
PYPL,2018-03-31,St . Paul s Centennial Showboat could have new home in Winona – Twin Cities,https://www.twincities.com/2018/03/30/winona-pair-looks-to-buy-st-pauls-centennial-showboat/,twincities.com,English,0.0,gdelt_gkg
PYPL,2018-03-31,Faith Community Notes | Religion,http://www.fredericksburg.com/features/religion/faith-community-notes/article_5959aadb-48b0-5d3a-9b69-32773779dcde.html,fredericksburg.com,English,0.0,gdelt_gkg
PYPL,2018-03-31,"Pomerantz LLP and the Rosen Law Firm Announce the Pendency of a Class Action Against PayPal Holdings , Inc . and Certain Officers - PYPL",https://www.benzinga.com/pressreleases/18/03/g11448459/pomerantz-llp-and-the-rosen-law-firm-announce-the-pendency-of-a-class-,benzinga.com,English,0.0,gdelt_gkg
PYPL,2018-03-31,Painting fundraiser at Canton church,http://northcountrynow.com/featured_events/painting-fundraiser-canton-church-0231204,northcountrynow.com,English,0.0,gdelt_gkg
PYPL,2018-03-31,Pennsylvania Firearm Owners Association Discussion Forum,http://forum.pafoa.org/external.php?s=f284564d011669b0d6723b77133fc0f0&type=RSS2&forumids=111,forum.pafoa.org,English,0.0,gdelt_gkg
PYPL,2018-03-31,"New telephone scam has surfaced , Maryland Judiciary warns | Southern Maryland News Net",https://smnewsnet.com/archives/431912/new-telephone-scam-has-surfaced-maryland-judiciary-warns/,smnewsnet.com,English,0.0,gdelt_gkg
PYPL,2018-03-31,Seth Rich Brother Files Lawsuit Alleging Baseless Claims On DNC Hack,http://radio.wosu.org/post/seth-richs-brother-files-lawsuit-alleging-baseless-claims-dnc-hack,radio.wosu.org,English,0.0,gdelt_gkg
PYPL,2018-03-31,Egyptian presidential elections highlight a significant step backwards for democracy,https://www.transparency.org/news/pressrelease/egyptian_presidential_elections_step_backwards,transparency.org,English,0.0,gdelt_gkg
PYPL,2018-03-31,Coordinating Council president calls on Burbankers to support youth during these unsettling times,http://www.latimes.com/socal/burbank-leader/opinion/tn-blr-me-mailbag-20180330-story.html,latimes.com,English,0.0,gdelt_gkg
PYPL,2018-03-31,High Quality In Hand Images of Takara Tomy Transformers Encore God Fire Convoy ( RID Omega Prime ) ,https://www.seibertron.com/transformers/news/high-quality-in-hand-images-of-takara-tomy-transformers-encore-god-fire-convoy-rid-omega-prime/40998/,seibertron.com,English,0.0,gdelt_gkg
PYPL,2018-03-31,Poland buys US Patriot anti - missile system for $4 . 8 bn,http://www.spacedaily.com/reports/Poland_buys_US_Patriot_anti-missile_system_for_48_bn_999.html,spacedaily.com,English,0.0,gdelt_gkg
PYPL,2018-03-31,Coming down in flames : Fiery endings for spacecraft,http://www.spacedaily.com/reports/Coming_down_in_flames_Fiery_endings_for_spacecraft_999.html,spacedaily.com,English,0.0,gdelt_gkg
PYPL,2018-03-31,Comments on  Tucson cowpunks the Low Wines say goodbye ( for now )  ,http://www.tucsonsentinel.com/arts/comments/033018_low_wines/,tucsonsentinel.com,English,0.0,gdelt_gkg
PYPL,2018-03-31,"Even without Cambridge Analytica ( or Facebook ), was the internet always meant for surveillance ? ",https://scroll.in/article/873722/even-without-cambridge-analytica-or-facebook-was-the-internet-always-meant-for-surveillance,scroll.in,English,0.0,gdelt_gkg
PYPL,2018-03-31,  안   직장이란 게 존재 수 있을까  ,http://www.ohmynews.com/NWS_Web/View/ss_pg.aspx?CNTN_CD=A0002419661&PAGE_CD=N0002&CMPT_CD=M0142,ohmynews.com,Korean,0.0,gdelt_gkg
PYPL,2018-03-31,1986 Fender Jazzmaster Japan Sunburst > Guitars Electric Solid Body,https://www.gbase.com/gear/fender-jazzmaster-japan-1986-sunburst,gbase.com,English,0.0,gdelt_gkg
PYPL,2018-03-31,| ইন্টারনেট লাইফ,https://www.priyo.com/people/luna-shamsuddoha/,priyo.com,Bengali,0.0,gdelt_gkg
PYPL,2018-03-31,Pennsylvania Firearm Owners Association Discussion Forum,http://forum.pafoa.org/external.php?s=ab037066097e61f8203d4f8c0da60ebe&type=RSS2&forumids=111,forum.pafoa.org,English,0.0,gdelt_gkg
PYPL,2018-03-31,eHam . net Classifieds Radio Shack TRC - 222 CB Radio $25,http://www.eham.net/classifieds/detail/541017,eham.net,English,0.0,gdelt_gkg
PYPL,2018-03-31,Scientists stunned by discovery of galaxy without dark matter,http://www.spacedaily.com/reports/Scientists_stunned_by_discovery_of_galaxy_without_dark_matter_999.html,spacedaily.com,English,0.0,gdelt_gkg
PYPL,2018-03-31,Taming chaos : Calculating probability in complex systems,http://www.spacedaily.com/reports/Taming_chaos_Calculating_probability_in_complex_systems_999.html,spacedaily.com,English,0.0,gdelt_gkg
PYPL,2018-03-31,China says Earth - bound space lab to offer  splendid  show,http://www.spacedaily.com/reports/China_says_Earth-bound_space_lab_to_offer_splendid_show_999.html,spacedaily.com,English,0.0,gdelt_gkg
PYPL,2018-03-31,Automated sea vehicles for monitoring the oceans,http://www.spacedaily.com/reports/Automated_sea_vehicles_for_monitoring_the_oceans_999.html,spacedaily.com,English,0.0,gdelt_gkg
PYPL,2018-03-31,State police blotter : March 30 | State,http://www.bradfordera.com/news/state/state-police-blotter-march/article_8a9fa754-ce03-5957-973c-e2e265707648.html,bradfordera.com,English,0.0,gdelt_gkg
PYPL,2018-03-31,Pennsylvania Firearm Owners Association Discussion Forum,http://forum.pafoa.org/external.php?s=80758f6e286f1d92b3959b246178b99e&type=RSS2&forumids=111,forum.pafoa.org,English,0.0,gdelt_gkg
PYPL,2018-03-31,eHam . net Classifieds Yaesu FT - 450D $500,http://www.eham.net/classifieds/detail/541015,eham.net,English,0.0,gdelt_gkg
PYPL,2018-03-31,Seth Rich Brother Files Lawsuit Alleging Baseless Claims On DNC Hack,http://northernpublicradio.org/post/seth-richs-brother-files-lawsuit-alleging-baseless-claims-dnc-hack,northernpublicradio.org,English,0.0,gdelt_gkg
PYPL,2018-03-31,Tiangong - 1 expected to burn up on reentering atmosphere,http://www.spacedaily.com/reports/Tiangong_1_expected_to_burn_up_on_reentering_atmosphere_999.html,spacedaily.com,English,0.0,gdelt_gkg
PYPL,2018-03-31,Researchers create microlaser that flies along hollow optical fiber,http://www.spacedaily.com/reports/Researchers_create_microlaser_that_flies_along_hollow_optical_fiber_999.html,spacedaily.com,English,0.0,gdelt_gkg
PYPL,2018-03-31,3 - DIY : Printing your own bioprinter,http://www.spacedaily.com/reports/3_DIY_Printing_your_own_bioprinter_999.html,spacedaily.com,English,0.0,gdelt_gkg
PYPL,2018-03-31,"Point Nemo , Earth watery graveyard for spacecraft",http://www.spacedaily.com/reports/Point_Nemo_Earths_watery_graveyard_for_spacecraft_999.html,spacedaily.com,English,0.0,gdelt_gkg
PYPL,2018-03-31,Bicupid Review,https://ca.askmen.com/dating/online-dating-sites/gay/bicupid-review.html,ca.askmen.com,English,0.0,gdelt_gkg
PYPL,2018-03-31,"Hot , metallic Mercury - like exoplanet discovered 340 light - years from Earth",http://www.spacedaily.com/reports/Hot_metallic_Mercury-like_exoplanet_discovered_340_light-years_from_Earth_999.html,spacedaily.com,English,0.0,gdelt_gkg
PYPL,2018-03-31,Raytheon awarded contract for AN / ALR - 69A radar receiver system,http://www.spacedaily.com/reports/Raytheon_awarded_contract_for_ANALR-69A_radar_receiver_system_999.html,spacedaily.com,English,0.0,gdelt_gkg
PYPL,2018-03-31,QR codes used for successful mobile commerce for book sales,http://www.qrcodepress.com/qr-codes-used-for-successful-mobile-commerce-for-book-sales/8511692/,qrcodepress.com,English,0.0,gdelt_gkg
PYPL,2018-03-31,High - sensitivity 3 - D technique unveiled using single - atom measurements,http://www.spacedaily.com/reports/Researchers_unveil_high_sensitivity_3_D_technique_using_single_atom_measurements_999.html,spacedaily.com,English,0.0,gdelt_gkg
PYPL,2018-03-31,"Daily Update : Andre documentary premiere , weekend schedule , Styles",https://www.f4wonline.com/daily-updates/daily-update-andre-documentary-premiere-weekend-schedule-styles-254606,f4wonline.com,English,0.0,gdelt_gkg
PYPL,2018-03-31,Air Propel Women Tr Air Max 10 Dollar,http://gaynews.it/nIpUeIQLC,gaynews.it,English,0.0,gdelt_gkg
PYPL,2018-03-31,Stories of Rejection From 8 of the World Most Successful Entrepreneurs and Leaders,https://www.ctpost.com/news/article/Stories-of-Rejection-From-8-of-the-World-s-Most-12794030.php,ctpost.com,English,0.0,gdelt_gkg
PYPL,2018-03-31,Pennsylvania Firearm Owners Association Discussion Forum,http://forum.pafoa.org/external.php?s=8b6b0890d919a48c13267cd9364a1409&type=RSS2&forumids=111,forum.pafoa.org,English,0.0,gdelt_gkg
PYPL,2018-03-31,Not So Happy Motoring,https://www.zerohedge.com/news/2018-03-30/not-so-happy-motoring,zerohedge.com,English,0.0,gdelt_gkg
PYPL,2018-03-31,Funky Taurus Media - Music Photo Agency & Products,http://www.funkytaurusmedia.com/shop_content.php?coID=3&XTCsid=7lmfdkesbu59775ipss7u1tqq4,funkytaurusmedia.com,German,0.0,gdelt_gkg
PYPL,2018-03-31,3quarksdaily : Civilisations by David Olusoga,http://www.3quarksdaily.com/3quarksdaily/2018/03/civilisations-by-david-olusoga.html,3quarksdaily.com,English,0.0,gdelt_gkg
PYPL,2018-03-31,"CHILE , WORLD FOURTH LARGEST SILVER PRODUCER : Mine Supply Down 20 % ",https://srsroccoreport.com/chile-fourth-largest-silver-producer-mine-supply-down-20/,srsroccoreport.com,English,0.0,gdelt_gkg
PYPL,2018-03-31,Steven Universe Recap :  Pool Hopping  ,https://www.themarysue.com/steven-universe-recap-pool-hopping/,themarysue.com,English,0.0,gdelt_gkg
PYPL,2018-03-31,SpaceX says Iridium satellite payload deploye,http://www.spacedaily.com/reports/SpaceX_says_Iridium_satellite_payload_deployed_999.html,spacedaily.com,English,0.0,gdelt_gkg
PYPL,2018-03-31,noticias negocios Lanzan plataforma para Pymes exportadoras,http://planoinformativo.com/582413/lanzan-plataforma-para-pymes-exportadoras-negocios,planoinformativo.com,Spanish,0.0,gdelt_gkg
PYPL,2018-03-31,US astronauts make spacewalk to perform ISS repairs,http://www.spacedaily.com/reports/US_astronauts_make_spacewalk_to_perform_ISS_repairs_999.html,spacedaily.com,English,0.0,gdelt_gkg
PYPL,2018-03-31,A Runaway Star in the Small Magellanic Cloud,http://www.spacedaily.com/reports/A_Runaway_Star_in_the_Small_Magellanic_Cloud_999.html,spacedaily.com,English,0.0,gdelt_gkg
PYPL,2018-03-31,Modern Tokyo Times,http://moderntokyotimes.com/confucianism-and-the-piety-of-the-japanese-artist-watanabe-kazan-1793-1841/,moderntokyotimes.com,English,0.0,gdelt_gkg
PYPL,2018-03-31,"3quarksdaily : The Strange Order of Things : Life , Feeling , and the Making of Cultures",http://www.3quarksdaily.com/3quarksdaily/2018/03/the-strange-order-of-things-life-feeling-and-the-making-of-cultures.html,3quarksdaily.com,English,0.0,gdelt_gkg
PYPL,2018-03-31,3 Stocks That Feel Like Netflix in 2002,https://www.fool.com/investing/2018/03/31/3-stocks-that-feel-like-netflix-in-2002.aspx,fool.com,English,0.0,gdelt_gkg
PYPL,2018-03-31,Corsair призывает спасать видеокарты от майнеров / Новости / Overclockers . ua,https://www.overclockers.ua/news/hardware/2018-04-01/122029/,overclockers.ua,Russian,0.0,gdelt_gkg
PYPL,2018-03-31,"Sneaker Con comes to Santa Clara , drawing  sneakerheads  ",https://www.mercurynews.com/2018/03/31/sneaker-con-thousands-gather-in-santa-clara-to-buy-sell-and-trade-valuable-footwear/,mercurynews.com,English,0.0,gdelt_gkg
PYPL,2018-03-31,Die Lottozahlen,http://www.aachener-nachrichten.de/news/newsticker/die-lottozahlen-1.1862129,aachener-nachrichten.de,German,0.0,gdelt_gkg
PYPL,2018-03-31,Pennsylvania Firearm Owners Association Discussion Forum,http://forum.pafoa.org/external.php?s=49f4c94d2c921e882ce1849c613ca9e0&type=RSS2&forumids=111,forum.pafoa.org,English,0.0,gdelt_gkg
PYPL,2018-03-31,Bitcoin headed to zero as NSA plan plays out | Zero Hedge,https://www.zerohedge.com/news/2018-03-30/bitcoin-headed-zero-nsa-plan-plays-out,zerohedge.com,English,0.0,gdelt_gkg
PYPL,2018-03-31,Pennsylvania Firearm Owners Association Discussion Forum,http://forum.pafoa.org/external.php?s=08fec6eef6d06232e453571dfadea108&type=RSS2&forumids=111,forum.pafoa.org,English,0.0,gdelt_gkg
PYPL,2018-03-31,  FBI Gets More Points for Killing Bad Guys Than Saving Good One - Journalist,https://sputniknews.com/analysis/201803311063105110-fbi-gets-more-point-for-killing-bad-guys/,sputniknews.com,English,0.0,gdelt_gkg
PYPL,2018-03-31,Pennsylvania Firearm Owners Association Discussion Forum,http://forum.pafoa.org/external.php?s=db5535430c5e5be14e9f346bec47ca5c&type=RSS2&forumids=111,forum.pafoa.org,English,0.0,gdelt_gkg
PYPL,2018-03-31,Genea - Musings,https://www.geneamusings.com/search?updated-max=2018-03-30T08:21:00-07:00&max-results=10,geneamusings.com,English,0.0,gdelt_gkg
PYPL,2018-03-31,Pennsylvania Firearm Owners Association Discussion Forum,http://forum.pafoa.org/external.php?s=62709ebb8b020eee3f66c6e294c8790d&type=RSS2&forumids=111,forum.pafoa.org,English,0.0,gdelt_gkg
PYPL,2018-03-31,Pennsylvania Firearm Owners Association Discussion Forum,http://forum.pafoa.org/external.php?s=0c9721b75ed5f1ba7aaa536f7d856086&type=RSS2&forumids=111,forum.pafoa.org,English,0.0,gdelt_gkg
PYPL,2018-03-31,Steven Universe Recap :  The Big Show  ,https://www.themarysue.com/steven-universe-recap-the-big-show/,themarysue.com,English,0.0,gdelt_gkg
PYPL,2018-03-31,3quarksdaily : WHAT IS A TRANSLATOR ? ,http://www.3quarksdaily.com/3quarksdaily/2018/03/what-is-a-translator.html,3quarksdaily.com,English,0.0,gdelt_gkg
PYPL,2018-03-31,"Earth water present before impact formed moon , study finds",http://www.terradaily.com/reports/Earths_water_present_before_impact_formed_moon_study_finds_999.html,terradaily.com,English,0.0,gdelt_gkg
PYPL,2018-04-01,"Help A David get a new phone , he desperate",https://www.athleticsnation.com/2018/4/1/17185590/help-as-david-get-a-new-phone-hes-desperate,athleticsnation.com,English,0.0,gdelt_gkg
PYPL,2018-04-01,Pennsylvania Firearm Owners Association Discussion Forum,http://forum.pafoa.org/external.php?s=49f23c935f9eac884cbc29dcab769f81&type=RSS2&forumids=111,forum.pafoa.org,English,0.0,gdelt_gkg
PYPL,2018-04-01,i24NEWS,https://www.i24news.tv/en/news/economy/finance/171281-180401-blockchain-in-israel-a-diamond-in-the-rough,i24news.tv,English,0.0,gdelt_gkg
PYPL,2018-04-01,Pennsylvania Firearm Owners Association Discussion Forum,http://forum.pafoa.org/external.php?s=d5ad607c5cc0a083e1b748326bcf1e40&type=RSS2&forumids=111,forum.pafoa.org,English,0.0,gdelt_gkg
PYPL,2018-04-01,Original expect to continue our path white steady Cheap Nike Sneakers,http://www.unomasuno.com.mx/original-expect-to-continue-our-path-white-steady-cheap-nike-sneakers/,unomasuno.com.mx,English,0.0,gdelt_gkg
PYPL,2018-04-01,Abstract wallpapers : vivid contrasting colors [ pack 3 ] ,http://www.idownloadblog.com/2018/04/01/abstract-wallpapers-vivid-contrasting-colors/,idownloadblog.com,English,0.0,gdelt_gkg
PYPL,2018-04-01,יצר י המיליו רים : מה קורה כש - 100 אלף איש פותחים לוטו פרטי,https://www.mako.co.il/finances-money/Article-721eafc7dab6261006.htm?sCh=3d385dd2dd5d4110&pId=1943416319,mako.co.il,Hebrew,0.0,gdelt_gkg
PYPL,2018-04-01,the small silver detail color Economici Nike Air Max 90,http://www.unomasuno.com.mx/the-small-silver-detail-color-economici-nike-air-max-90/,unomasuno.com.mx,English,0.0,gdelt_gkg
PYPL,2018-04-01,Rebuilding Together Duneland needs volunteers | Porter County News,http://www.nwitimes.com/news/local/porter/rebuilding-together-duneland-needs-volunteers/article_aeebe2e8-d2f2-5b27-bdbe-a1e91cbdc7aa.html,nwitimes.com,English,0.0,gdelt_gkg
PYPL,2018-04-01,3quarksdaily : handel messiah,http://www.3quarksdaily.com/3quarksdaily/2018/04/handels-messiah.html,3quarksdaily.com,English,0.0,gdelt_gkg
PYPL,2018-04-01,Pennsylvania Firearm Owners Association Discussion Forum,http://forum.pafoa.org/external.php?s=b969b35204f5888329caea8d17a2ed64&type=RSS2&forumids=111,forum.pafoa.org,English,0.0,gdelt_gkg
PYPL,2018-04-01,New April printable & digital coupons,http://www.wral.com/new-april-printable-digital-coupons/17455436/,wral.com,English,0.0,gdelt_gkg
PYPL,2018-04-01,3quarksdaily : liam oflynn ( 1945,http://www.3quarksdaily.com/3quarksdaily/2018/04/liam-oflynn-1945-2018.html,3quarksdaily.com,English,0.0,gdelt_gkg
PYPL,2018-04-01,3quarksdaily : Why are the poor blamed and shamed for their deaths ? ,http://www.3quarksdaily.com/3quarksdaily/2018/04/why-are-the-poor-blamed-and-shamed-for-their-deaths-.html,3quarksdaily.com,English,0.0,gdelt_gkg
PYPL,2018-04-01,CAD Forum,http://www.cadforum.cz/cadforum_en/how-to-set-output-folder-for-autocad-plot-to-file-tip11841,cadforum.cz,English,0.0,gdelt_gkg
PYPL,2018-04-01,"Već godinu dana 2000 Finaca dobiva plaću , a da ne moraju raditi",https://www.tportal.hr/biznis/clanak/vec-godinu-dana-2000-finaca-dobiva-placu-a-da-ne-moraju-raditi-foto-20180401,tportal.hr,Croatian,0.0,gdelt_gkg
PYPL,2018-04-01,"Concrete that heals , walls like aquariums - welcome to your future living home",http://www.heraldscotland.com/news/16130769.Concrete_that_heals__walls_like_aquariums___welcome_to_your_future_living_home/,heraldscotland.com,English,0.0,gdelt_gkg
PYPL,2018-04-01,La prohibición de Roku en México,https://www.informador.mx/suplementos/La-prohibicin-de-Roku-en-Mxico-20180331-0105.html,informador.mx,Spanish,0.0,gdelt_gkg
PYPL,2018-04-01,Freelancing taking root in the Philippines,https://www.rappler.com/business/199334-freelancer-market-growing-philippines-paypal,rappler.com,English,0.0,gdelt_gkg
PYPL,2018-04-01,"New Savingstar offers : Cereal , Yoplait , Nature Valley bars , Totino ",http://www.wral.com/new-savingstar-offers-cereal-yoplait-nature-valley-bars-totino-s/17453869/,wral.com,English,0.0,gdelt_gkg
PYPL,2018-04-01,Patreon Contributor Topic Show 04 / 01 by The Yaron Brook Show,http://www.blogtalkradio.com/yaronbrook/2018/04/01/patreon-contributor-topic-show,blogtalkradio.com,English,0.0,gdelt_gkg
PYPL,2018-04-01,3quarksdaily : Sunday Poem,http://www.3quarksdaily.com/3quarksdaily/2018/04/sunday-poem.html,3quarksdaily.com,English,0.0,gdelt_gkg
PYPL,2018-04-01,Řetězec C & A spouští e - shop i pro Čechy . Výhodu jako Poláci a Rakušané ale nemají,https://zpravy.aktualne.cz/finance/nakupovani/retezec-ca-spousti-e-shop-i-pro-cechy/r~f5e0279634f711e880d30cc47ab5f122/?redirected=1522609298,zpravy.aktualne.cz,Czech,0.0,gdelt_gkg
PYPL,2018-04-01,Pennsylvania Firearm Owners Association Discussion Forum,http://forum.pafoa.org/external.php?s=55c830805541999d4227fa6fe67a8879&type=RSS2&forumids=111,forum.pafoa.org,English,0.0,gdelt_gkg
PYPL,2018-04-01,Pennsylvania Firearm Owners Association Discussion Forum,http://forum.pafoa.org/external.php?s=19cc78995f831a633d3ee359ea7ddbb0&type=RSS2&forumids=111,forum.pafoa.org,English,0.0,gdelt_gkg
PYPL,2018-04-01,3quarksdaily : Stéphane Audran ( 1932,http://www.3quarksdaily.com/3quarksdaily/2018/04/st%C3%A9phane-audran-1932-2018.html,3quarksdaily.com,English,0.0,gdelt_gkg
PYPL,2018-04-01,Norse Code Podcast Episode 229 : Scouting and Rebuilding with Jonathan and Drew,https://www.dailynorseman.com/2018/4/1/17186286/norse-code-podcast-episode-229-scouting-and-rebuilding-with-jonathan-and-drew,dailynorseman.com,English,0.0,gdelt_gkg
PYPL,2018-04-01,Pennsylvania Firearm Owners Association Discussion Forum,http://forum.pafoa.org/external.php?s=f7b146f2e92350aee774b9fcb2ede638&type=RSS2&forumids=111,forum.pafoa.org,English,0.0,gdelt_gkg
PYPL,2018-04-01,Funky Taurus Media - Music Photo Agency & Products,http://www.funkytaurusmedia.com/shop_content.php?coID=3&XTCsid=79imeb7rr0340aviafte42oa05,funkytaurusmedia.com,English,0.0,gdelt_gkg
PYPL,2018-04-01,Pennsylvania Firearm Owners Association Discussion Forum,http://forum.pafoa.org/external.php?s=382b14e67830b10e6ad18cd15c151b33&type=RSS2&forumids=111,forum.pafoa.org,English,0.0,gdelt_gkg
PYPL,2018-04-01,March 2018 Ballot Access News Print Edition,http://ballot-access.org/2018/04/01/march-2018-ballot-access-news-print-edition/,ballot-access.org,English,0.0,gdelt_gkg
PYPL,2018-04-01,Řetězec C & A spouští e - shop i pro Čechy . Výhodu jako Poláci a Rakušané ale nemají,https://zpravy.aktualne.cz/finance/nakupovani/retezec-ca-spousti-e-shop-i-pro-cechy/r~f5e0279634f711e880d30cc47ab5f122/?redirected=1522612899,zpravy.aktualne.cz,Czech,0.0,gdelt_gkg
PYPL,2018-04-01,Pennsylvania Firearm Owners Association Discussion Forum,http://forum.pafoa.org/external.php?s=c17b2028fb2973cb691e62e8495db518&type=RSS2&forumids=111,forum.pafoa.org,English,0.0,gdelt_gkg
PYPL,2018-04-01,"Tampa teacher surprises 5th - graders with Easters baskets bought with donations – WSVN 7News | Miami News , Weather , Sports",https://wsvn.com/news/local/tampa-teacher-surprises-5th-graders-with-easters-baskets-bought-with-donations/,wsvn.com,English,0.0,gdelt_gkg
PYPL,2018-04-01,Řetězec C & A spouští e - shop i pro Čechy . Výhodu jako Poláci a Rakušané ale nemají,https://zpravy.aktualne.cz/finance/nakupovani/retezec-ca-spousti-e-shop-i-pro-cechy/r~f5e0279634f711e880d30cc47ab5f122/?redirected=1522618296,zpravy.aktualne.cz,Czech,0.0,gdelt_gkg
PYPL,2018-04-01,Řetězec C & A spouští e - shop i pro Čechy . Výhodu jako Poláci a Rakušané ale nemají,https://zpravy.aktualne.cz/finance/nakupovani/retezec-ca-spousti-e-shop-i-pro-cechy/r~f5e0279634f711e880d30cc47ab5f122/?redirected=1522620118,zpravy.aktualne.cz,Czech,0.0,gdelt_gkg
PYPL,2018-04-01,April Fools 2018 : Here are this year best gaming gags,https://www.pcgamesn.com/gaming-april-fools-2018,pcgamesn.com,English,0.0,gdelt_gkg
PYPL,2018-04-01,"Audio Note ( Jp ) Kagura Factory wired 120v | Tube | Carlsbad , California 92009",https://www.audiogon.com/listings/lis8h255-audio-note-jp-kagura-factory-wired-120v-tube,audiogon.com,English,0.0,gdelt_gkg
PYPL,2018-04-01,Cetelem kreditní karta,http://forum.finexpert.e15.cz/./viewtopic.php?f=316&t=1199028&p=11892894,forum.finexpert.e15.cz,Czech,0.0,gdelt_gkg
PYPL,2018-04-01,"Behind the Lyrics :  Fingerbangin , the Dean Ween Group",http://ultimateclassicrock.com/dean-ween-fingerbangin-lyrics/,ultimateclassicrock.com,English,0.0,gdelt_gkg
PYPL,2018-04-01,"SPME BDS Monitor : Campus Protests , Labour Party and More",https://www.algemeiner.com/2018/04/01/spme-bds-monitor-campus-protests-labour-party-and-more/,algemeiner.com,English,0.0,gdelt_gkg
PYPL,2018-04-01,Pennsylvania Firearm Owners Association Discussion Forum,http://forum.pafoa.org/external.php?s=f2851ff95598372e03173aa599229859&type=RSS2&forumids=111,forum.pafoa.org,English,0.0,gdelt_gkg
PYPL,2018-04-01,Funky Taurus Media - Music Photo Agency & Products,http://www.funkytaurusmedia.com/shop_content.php?coID=3&XTCsid=fph1tt844smksmgair6alloo10,funkytaurusmedia.com,English,0.0,gdelt_gkg
PYPL,2018-04-01,Pennsylvania Firearm Owners Association Discussion Forum,http://forum.pafoa.org/external.php?s=ed255ae1ec787cac9b44c0569c541ef5&type=RSS2&forumids=111,forum.pafoa.org,English,0.0,gdelt_gkg
PYPL,2018-04-01,Semana Santa Vistas : Processions – AntiguaDailyPhoto . Com,http://antiguadailyphoto.com/2018/04/01/semana-santa-vistas-processions/,antiguadailyphoto.com,English,0.0,gdelt_gkg
PYPL,2018-04-01,Pennsylvania Firearm Owners Association Discussion Forum,http://forum.pafoa.org/external.php?s=0143dd5d5f8495b53e962f4a3ae0c24f&type=RSS2&forumids=111,forum.pafoa.org,English,0.0,gdelt_gkg
PYPL,2018-04-01,"The rise of the banking machines will dispense with cash , branches and humans",https://www.independent.ie/business/irish/the-rise-of-the-banking-machines-will-dispense-with-cash-branches-and-humans-36762525.html,independent.ie,English,0.0,gdelt_gkg
PYPL,2018-04-01,New Zealand releases Peter Thiel citizenship details,https://www.cnbc.com/2017/06/29/new-zealand-releases-peter-thiel-citizenship-details.html,cnbc.com,English,0.0,gdelt_gkg
PYPL,2018-04-01,Cambridge Analytica Is What Happens When You Privatise Military Propaganda,https://human-wrongs-watch.net/2018/04/01/cambridge-analytica-is-what-happens-when-you-privatise-military-propaganda/,human-wrongs-watch.net,English,0.0,gdelt_gkg
PYPL,2018-04-01,Genea - Musings,https://www.geneamusings.com/search?updated-max=2018-03-30T15:00:00-07:00&max-results=10,geneamusings.com,English,0.0,gdelt_gkg
PYPL,2018-04-01,Leia Kids,http://www.heraldstaronline.com/news/local-news/2018/04/leias-kids/,heraldstaronline.com,English,0.0,gdelt_gkg
PYPL,2018-04-01,Grand Haven Tribune : Being paid to shut off your smartphone,http://www.grandhaventribune.com/Technology/2018/03/31/These-companies-will-pay-you-to-shut-off-your-phone.html,grandhaventribune.com,English,0.0,gdelt_gkg
PYPL,2018-04-01,Pennsylvania Firearm Owners Association Discussion Forum,http://forum.pafoa.org/external.php?s=b8d1a6b1689fdf4ff5e57f31de6cc3e6&type=RSS2&forumids=111,forum.pafoa.org,English,0.0,gdelt_gkg
PYPL,2018-04-01,What to know about the game show app giving out millions of dollars for free,https://www.thespectrum.com/story/life/features/2018/03/31/what-to-know-about-the-game-show-app-giving-out-millions-of-dollars-for-free/33352249/,thespectrum.com,English,0.0,gdelt_gkg
PYPL,2018-04-01,3 Stocks That Feel Like Netflix in 2002,https://www.fool.com/investing/2018/03/31/3-stocks-that-feel-like-netflix-in-2002.aspx?source=iedfolrf0000001,fool.com,English,0.0,gdelt_gkg
PYPL,2018-04-01,Springtime ushers in common wedding - planning conundrums | Family,http://www.santafenewmexican.com/life/family/springtime-ushers-in-common-wedding-planning-conundrums/article_d2a0af03-1734-5750-8f67-2728043ea0ad.html,santafenewmexican.com,English,0.0,gdelt_gkg
PYPL,2018-04-01,Pennsylvania Firearm Owners Association Discussion Forum,http://forum.pafoa.org/external.php?s=bf5329b829216f8b3d15025065009427&type=RSS2&forumids=111,forum.pafoa.org,English,0.0,gdelt_gkg
PYPL,2018-04-01,Cambridge Analytica Is What Happens When You Privatize Military Propaganda,http://www.informationclearinghouse.info/49117.htm,informationclearinghouse.info,English,0.0,gdelt_gkg
PYPL,2018-04-01,Pennsylvania Firearm Owners Association Discussion Forum,http://forum.pafoa.org/external.php?s=a38a14788f5d1c5e24ba1c2d98b8113f&type=RSS2&forumids=111,forum.pafoa.org,English,0.0,gdelt_gkg
PYPL,2018-04-01,Pennsylvania Firearm Owners Association Discussion Forum,http://forum.pafoa.org/external.php?s=9cc87b750699192134bd0dbae64d73c2&type=RSS2&forumids=111,forum.pafoa.org,English,0.0,gdelt_gkg
PYPL,2018-04-01,3 Stocks That Feel Like Netflix in 2002 | Markets - and - stocks,http://www.nwitimes.com/business/investment/markets-and-stocks/stocks-that-feel-like-netflix-in/article_4dcc3d62-8cc5-5a47-8a1f-7f3a658077bf.html,nwitimes.com,English,0.0,gdelt_gkg
PYPL,2018-04-01,Untitled,http://www.funkytaurusmedia.com/checkout_shipping.php?XTCsid=5g44oio9htsh0ctc6a73obj464,funkytaurusmedia.com,English,0.0,gdelt_gkg
PYPL,2018-04-01,Seth Rich s Brother Files Lawsuit Alleging Baseless Claims On DNC Hack,http://en.brinkwire.com/235964/seth-richs-brother-files-lawsuit-alleging-baseless-claims-on-dnc-hack/,en.brinkwire.com,English,0.0,gdelt_gkg
PYPL,2018-04-01,"Sneaker Con : Thousands gather in Santa Clara to buy , sell and trade valuable footwear – East Bay Times",https://www.eastbaytimes.com/2018/03/31/sneaker-con-thousands-gather-in-santa-clara-to-buy-sell-and-trade-valuable-footwear/,eastbaytimes.com,English,0.0,gdelt_gkg
PYPL,2018-04-01,Pennsylvania Firearm Owners Association Discussion Forum,http://forum.pafoa.org/external.php?s=69d13fc3298913f5f043fe1de5ac4d5e&type=RSS2&forumids=111,forum.pafoa.org,English,0.0,gdelt_gkg
PYPL,2018-04-01,President Xi Jinping of China to promote bilateral developments with Myanmar,https://moderntokyonews.com/2018/04/01/president-xi-jinping-of-china-to-promote-bilateral-developments-with-myanmar/,moderntokyonews.com,English,0.0,gdelt_gkg
PYPL,2018-04-01,Mountain Biking News Archive,https://www.pinkbike.com/news/archive/?catid=0&year=2016&month=4,pinkbike.com,English,0.0,gdelt_gkg
PYPL,2018-04-01,3 Stocks That Feel Like Netflix in 2002,https://www.foxbusiness.com/markets/3-stocks-that-feel-like-netflix-in-2002,foxbusiness.com,English,0.0,gdelt_gkg
PYPL,2018-04-01,Pennsylvania Firearm Owners Association Discussion Forum,http://forum.pafoa.org/external.php?s=ce6032c8a9f32c8beb94c4f50231e6ce&type=RSS2&forumids=111,forum.pafoa.org,English,0.0,gdelt_gkg
PYPL,2018-04-01,How fintech is changing the business landscape for small businesses,http://www.bmmagazine.co.uk/in-business/how-fintech-is-changing-the-business-landscape-for-small-businesses/,bmmagazine.co.uk,English,0.0,gdelt_gkg
PYPL,2018-04-01,11 Telltale Signs Your Accounts And Devices Have Been Hacked,https://www.gizmodo.com.au/2018/04/11-tell-tale-signs-your-accounts-and-devices-have-been-hacked/,gizmodo.com.au,English,0.0,gdelt_gkg
PYPL,2018-04-01,Pennsylvania Firearm Owners Association Discussion Forum,http://forum.pafoa.org/external.php?s=c8c5a875fb61f3b22e33c6e2eee27abe&type=RSS2&forumids=111,forum.pafoa.org,English,0.0,gdelt_gkg
PYPL,2018-04-01,Steven Universe Recap :  Letters to Lars  ,https://www.themarysue.com/steven-universe-recap-letters-to-lars/,themarysue.com,English,0.0,gdelt_gkg
PYPL,2018-04-01,"HSBC , 기업 간 결 에  페이팔  도입",http://www.zdnet.co.kr/news/news_view.asp?artice_id=20180401090723&lo=z37,zdnet.co.kr,Korean,0.0,gdelt_gkg
PYPL,2018-04-01,El comercio electrónico crece más en los países de la región,http://www.paginasiete.bo/inversion/2018/4/1/el-comercio-electronico-crece-mas-en-los-paises-de-la-region-175089.html,paginasiete.bo,Spanish,0.0,gdelt_gkg
PYPL,2018-04-01,Pennsylvania Firearm Owners Association Discussion Forum,http://forum.pafoa.org/external.php?s=39bfb2422322a216c1dc9ccbd53cafa2&type=RSS2&forumids=111,forum.pafoa.org,English,0.0,gdelt_gkg
PYPL,2018-04-01,Modern Tokyo Times,http://moderntokyotimes.com/president-xi-jinping-of-china-to-promote-bilateral-developments-with-myanmar/,moderntokyotimes.com,English,0.0,gdelt_gkg
PYPL,2018-04-01,Free Groups for Parents of Newborns at Curtis HallJamaica Plain News,http://www.jamaicaplainnews.com/event/free-groups-for-parents-of-newborns-at-curtis-hall/2018-04-04,jamaicaplainnews.com,English,0.0,gdelt_gkg
PYPL,2018-04-01,Pennsylvania Firearm Owners Association Discussion Forum,http://forum.pafoa.org/external.php?s=b492f08f549a9f428fab042bb2e0532b&type=RSS2&forumids=111,forum.pafoa.org,English,0.0,gdelt_gkg
PYPL,2018-04-01,Pennsylvania Firearm Owners Association Discussion Forum,http://forum.pafoa.org/external.php?s=33bc194759901f8efd8fd1a88603fae8&type=RSS2&forumids=111,forum.pafoa.org,English,0.0,gdelt_gkg
PYPL,2018-04-01,Кокосовое масло для красоты и здоровья : чем оно полезно - Леди,https://joinfo.ua/lady/beauty/1228982_Kokosovoe-maslo-krasoti-zdorovya-ono-polezno.html,joinfo.ua,Russian,0.0,gdelt_gkg
PYPL,2018-04-01,Our rights when buying from an individual,https://www.timesofmalta.com/articles/view/20180401/consumer-affairs/Our-rights-when-buying-from-an-individual.675050,timesofmalta.com,English,0.0,gdelt_gkg
PYPL,2018-04-01,Leia Kids,http://www.weirtondailytimes.com/news/local-news/2018/04/leias-kids/,weirtondailytimes.com,English,0.0,gdelt_gkg
PYPL,2018-04-01,American gets 20 years jail for plotting IS attack with united kingdom - Bangladeshi firm money,http://www.dhakatribune.com/world/2018/04/01/american-20-years-jail-plotting-is-attack-uk-bangladeshi-firm-money/,dhakatribune.com,English,0.0,gdelt_gkg
PYPL,2018-04-01,Pennsylvania Firearm Owners Association Discussion Forum,http://forum.pafoa.org/external.php?s=f788aae25bbdb6a2cb704482549187e2&type=RSS2&forumids=111,forum.pafoa.org,English,0.0,gdelt_gkg
PYPL,2018-04-01,"Daily Update : WrestleMania 34 runtime , Hulk Hogan , Vader",https://www.f4wonline.com/daily-updates/daily-update-wrestlemania-34-runtime-hulk-hogan-vader-254611,f4wonline.com,English,0.0,gdelt_gkg
PYPL,2018-04-01,Pennsylvania Firearm Owners Association Discussion Forum,http://forum.pafoa.org/external.php?s=370454da7f8664d2f019da48ff18a0a4&type=RSS2&forumids=111,forum.pafoa.org,English,0.0,gdelt_gkg
PYPL,2018-04-01,7 - Week Welding ClassJamaica Plain News,http://www.jamaicaplainnews.com/event/7-week-welding-class,jamaicaplainnews.com,English,0.0,gdelt_gkg
PYPL,2018-04-01,"Sneaker Con : Thousands gather in Santa Clara to buy , sell and trade valuable footwear",http://www.santacruzsentinel.com/business/20180331/sneaker-con-thousands-gather-in-santa-clara-to-buy-sell-and-trade-valuable-footwear,santacruzsentinel.com,English,0.0,gdelt_gkg
PYPL,2018-04-01,Funky Taurus Media - Music Photo Agency & Products,http://www.funkytaurusmedia.com/shop_content.php?coID=3&XTCsid=5g44oio9htsh0ctc6a73obj464,funkytaurusmedia.com,German,0.0,gdelt_gkg
PYPL,2018-04-01,"$265 NLHE MTT Deep Stacked : AA hand , how would you play this ? ",https://www.cardschat.com/f51/265-nlhe-mtt-deep-stacked-aa-371099/,cardschat.com,English,0.0,gdelt_gkg
PYPL,2018-04-01,Harpoon Brewery Present : Open Mic Night at the Midway ! Jamaica Plain News,http://www.jamaicaplainnews.com/event/harpoon-brewery-present-open-mic-night-at-the-midway/2018-04-01,jamaicaplainnews.com,English,0.0,gdelt_gkg
PYPL,2018-04-01,Pennsylvania Firearm Owners Association Discussion Forum,http://forum.pafoa.org/external.php?s=04d27fd6c726b6795930d71268e22624&type=RSS2&forumids=111,forum.pafoa.org,English,0.0,gdelt_gkg
PYPL,2018-04-01,Pennsylvania Firearm Owners Association Discussion Forum,http://forum.pafoa.org/external.php?s=4e067d2bdaf192eef24fc610a8bdf22a&type=RSS2&forumids=111,forum.pafoa.org,English,0.0,gdelt_gkg
PYPL,2018-04-01,Overdose Prevention TrainingJamaica Plain News,http://www.jamaicaplainnews.com/event/overdose-prevention-training,jamaicaplainnews.com,English,0.0,gdelt_gkg
PYPL,2018-04-01,Week - End du 1er Avril 2018,http://www.lemauricien.com/article/week-end-du-1er-avril-2018/,lemauricien.com,French,0.0,gdelt_gkg
PYPL,2018-04-01,Concrete that heals . Walls like aquariums . Welcome to your future living home . ,http://www.heraldscotland.com/news/16130769.Concrete_that_heals__Living_windows__Tiles_that_produce_energy__Welcome_to_your_future_living_home/,heraldscotland.com,English,0.0,gdelt_gkg
PYPL,2018-04-01,The Invisible Threat : Gas Leak ImpactsJamaica Plain News,http://www.jamaicaplainnews.com/event/the-invisible-threat-gas-leak-impacts,jamaicaplainnews.com,English,0.0,gdelt_gkg
PYPL,2018-04-01,Pennsylvania Firearm Owners Association Discussion Forum,http://forum.pafoa.org/external.php?s=4b41d037168ff9e114cde7656a3354a3&type=RSS2&forumids=111,forum.pafoa.org,English,0.0,gdelt_gkg
PYPL,2018-04-01,Pennsylvania Firearm Owners Association Discussion Forum,http://forum.pafoa.org/external.php?s=1ca219b4fb9db4998df9da19bc379b30&type=RSS2&forumids=111,forum.pafoa.org,English,0.0,gdelt_gkg
PYPL,2018-07-31,Mexiko - Stadt - Flugzeugabsturz mit mindestens 100 Passagieren in Mexiko,http://www.aachener-nachrichten.de/news/newsticker/flugzeugabsturz-mit-mindestens-100-passagieren-in-mexiko-1.1953699,aachener-nachrichten.de,German,0.0,gdelt_gkg
PYPL,2018-07-31,Berlin - Drreschden sind Thema im Kabinett,http://www.aachener-nachrichten.de/news/newsticker/duerreschaeden-sind-thema-im-kabinett-1.1953705,aachener-nachrichten.de,German,0.0,gdelt_gkg
PYPL,2018-07-31,Bretten - Nicht mehr einbetoniert : Kater Jimmy ist wieder in Freiheit,http://www.aachener-nachrichten.de/news/newsticker/nicht-mehr-einbetoniert-kater-jimmy-ist-wieder-in-freiheit-1.1953701,aachener-nachrichten.de,German,0.0,gdelt_gkg
PYPL,2018-07-31,Mexiko - Stadt - Passagierflugzeug in Mexiko verunglckt,http://www.aachener-nachrichten.de/news/newsticker/passagierflugzeug-in-mexiko-verunglueckt-1.1953704,aachener-nachrichten.de,German,0.0,gdelt_gkg
PYPL,2018-07-31,Menlo Park - Kampf gegen Desinformation : Facebook lscht Fake - Accounts,http://www.aachener-nachrichten.de/news/newsticker/kampf-gegen-desinformation-facebook-loescht-fake-accounts-1.1953700,aachener-nachrichten.de,German,0.0,gdelt_gkg
PYPL,2018-07-31,PayPal : A Little Misunderstanding Between Friends Provides An Opportunity For Investors,https://seekingalpha.com/article/4192761-paypal-little-misunderstanding-friends-provides-opportunity-investors,seekingalpha.com,English,0.0,gdelt_gkg
PYPL,2018-07-31,Siegburg - Tdlicher Unfall an Stauende auf A3,http://www.aachener-nachrichten.de/lokales/region/toedlicher-unfall-an-stauende-auf-a3-1.1953690,aachener-nachrichten.de,German,0.0,gdelt_gkg
PYPL,2018-07-31,Transcript : Apple CEO Tim Cook on the company 2018 Q3 earnings,https://www.imore.com/apple-earnings-q3-2018,imore.com,English,0.0,gdelt_gkg
PYPL,2018-07-31,Apple Pay heading to CVS and 7 - Eleven this fall,https://www.cnet.com/news/apple-pay-heading-to-cvs-and-7-eleven-this-fall/,cnet.com,English,0.0,gdelt_gkg
PYPL,2018-07-31,Why the Censors Hate Assange - Antiwar . com Blog,https://www.antiwar.com/blog/2018/07/31/why-the-censors-hate-assange/,antiwar.com,English,0.0,gdelt_gkg
PYPL,2018-07-31,Facebook – The Anti - Social Network | RevolutionRadio . org,http://revolutionradio.org/2018/07/31/facebook-the-anti-social-network/,revolutionradio.org,English,0.0,gdelt_gkg
PYPL,2018-07-31,"Financial Innovation Now , the Group that Represents Amazon , Apple , Google & More , Welcomes OCCs Decision to Move Forward on Fintech Charter",https://www.crowdfundinsider.com/2018/07/137165-financial-innovation-now-the-group-that-represents-amazon-apple-google-more-welcomes-occs-decision-to-move-forward-on-fintech-charter/,crowdfundinsider.com,English,0.0,gdelt_gkg
PYPL,2018-07-31,"How to upgrade , renew or change your Whaleoil subscription – Whale Oil Beef Hooked",https://www.whaleoil.co.nz/2018/08/how-to-upgrade-renew-or-change-your-whaleoil-subscription-65/,whaleoil.co.nz,English,0.0,gdelt_gkg
PYPL,2018-07-31,Apple Pay comes to 7 - Eleven and CVS later in 2018,https://www.engadget.com/2018/07/31/apple-pay-comes-to-7-eleven-and-cvs-later-in-2018/,engadget.com,English,0.0,gdelt_gkg
PYPL,2018-07-31,Apple Pay is coming to CVS and 7 - Eleven later this year,https://www.msn.com/en-us/news/technology/apple-pay-is-coming-to-cvs-and-7-eleven-later-this-year/ar-BBLkzFA,msn.com,English,0.0,gdelt_gkg
PYPL,2018-08-01,China launches high - resolution Earth observation satellite,http://www.spacedaily.com/reports/China_launches_high_resolution_Earth_observation_satellite_999.html,spacedaily.com,English,0.0,gdelt_gkg
PYPL,2018-08-01,Putnam - Montgomery County Nonprofit Learning Series continues - The Paper of Montgomery County,https://thepaper24-7.com/Content/News/Local-News/Article/Putnam-Montgomery-County-Nonprofit-Learning-Series-continues/23/22/65773,thepaper24-7.com,English,0.0,gdelt_gkg
PYPL,2018-08-01,המחלוקת שמעכבת את כניסת אפליקציות התשלומים מחו  ל,"https://www.calcalist.co.il/money/articles/0,7340,L-3743465,00.html",calcalist.co.il,Hebrew,0.0,gdelt_gkg
PYPL,2018-08-01,"New Savingstar offers : General Mills cereal , yogurt , granola bars , pizza rolls , fruit snacks :: WRAL . com",https://www.wral.com/new-savingstar-offers-general-mills-cereal-yogurt-granola-bars-pizza-rolls-fruit-snacks/17735423/,wral.com,English,0.0,gdelt_gkg
PYPL,2018-08-01,Blockchain has a far - right past . Does it have a future in Rhode Island ? ,https://www.rifuture.org/blockchain-has-a-far-right-past-does-it-have-a-future-in-rhode-island/,rifuture.org,English,0.0,gdelt_gkg
PYPL,2018-08-01,Pizza fans can get a free 15 Domino pizza with this exclusive offer,https://www.mirror.co.uk/money/shopping-deals/dominos-pizza-free-exclusive-13013731,mirror.co.uk,English,0.0,gdelt_gkg
PYPL,2018-08-01,Ambien online pharmacy - Opt for the Top - Quality Drugs at the Most Competitive Prices at online Drugstore,http://tatobaynews.com/ambien-online-pharmacy/,tatobaynews.com,English,0.0,gdelt_gkg
PYPL,2018-08-01,Everything youve ever wanted to know about smartphones in North Korea,https://www.androidauthority.com/north-korea-smartphones-891287/,androidauthority.com,English,0.0,gdelt_gkg
PYPL,2018-08-01,Rohren - Bruno Gerhards ist nach 25 Jahren wieder Schtzenknig in Rohren,http://www.aachener-nachrichten.de/lokales/eifel/bruno-gerhards-ist-nach-25-jahren-wieder-schuetzenkoenig-in-rohren-1.1953832,aachener-nachrichten.de,German,0.0,gdelt_gkg
PYPL,2018-08-01,Comments on  Member of  rip crew  linked to Brian Terry slaying extradited to Arizona  ,http://www.tucsonsentinel.com/local/comments/073118_terry_murder/,tucsonsentinel.com,English,0.0,gdelt_gkg
PYPL,2018-08-01,Ассанж выйдет из посольства Эквадора из - за болезни,https://www.pravda.ru/news/world/01-08-2018/1390314-assanz-0/,pravda.ru,Russian,0.0,gdelt_gkg
PYPL,2018-08-01,Wiesbaden - BKA stellt Bericht zu organisierter Kriminalitt vor,http://www.aachener-zeitung.de/news/newsticker/bka-stellt-bericht-zu-organisierter-kriminalitaet-vor-1.1953712,aachener-zeitung.de,German,0.0,gdelt_gkg
PYPL,2018-08-01,"imToken announces 2 . 0 International Version , imToken Venture | 01 . 08 . 18",https://www.finanzen.ch/nachrichten/aktien/imToken-announces-2-0-International-Version-imToken-Venture-1027420254,finanzen.ch,English,0.0,gdelt_gkg
PYPL,2018-08-01,Q4 2018 EPS Estimates for Paypal Holdings Inc ( PYPL ) Cut by KeyCorp,https://www.dailypolitical.com/2018/08/01/q4-2018-eps-estimates-for-paypal-holdings-inc-pypl-cut-by-keycorp.html,dailypolitical.com,English,0.0,gdelt_gkg
PYPL,2018-08-01,Global B2C E - Commerce Market 2018 : Asia - Pacific Region Leads Worldwide Move to Mobile Payments - ResearchAndMarkets . com,https://www.businesswire.com/news/home/20180801005940/en/Global-B2C-E-Commerce-Market-2018-Asia-Pacific-Region,businesswire.com,English,0.0,gdelt_gkg
PYPL,2018-08-01,Mozilla warns it plans to distrust all Symantec - chained certs in October,https://www.zdnet.com/article/mozilla-warns-it-plans-to-distrust-all-symantec-chained-certs-in-october/,zdnet.com,English,0.0,gdelt_gkg
PYPL,2018-08-01, [ INGRESO ] paginas para ganar dinero - Economa y Negocios,https://www.taringa.net/posts/economia-negocios/20224369/INGRESO-paginas-para-ganar-dinero.html,taringa.net,Spanish,0.0,gdelt_gkg
PYPL,2018-08-01,Community calendar for 2018,http://www.troyrecord.com/lifestyle/20180801/community-calendar-for-2018,troyrecord.com,English,0.0,gdelt_gkg
PYPL,2018-08-01,Frankfurt / Berlin - Unfall - Experte : Hheres Risiko bei Hitze,http://www.aachener-nachrichten.de/news/aus-aller-welt/unfall-experte-hoeheres-risiko-bei-hitze-1.1953766,aachener-nachrichten.de,German,0.0,gdelt_gkg
PYPL,2018-08-01,Berlin - Viele Fische halten 30 Grad im Wasser aus,http://www.aachener-zeitung.de/news/newsticker/viele-fische-halten-30-grad-im-wasser-aus-trotzdem-sterben-1.1953787,aachener-zeitung.de,German,0.0,gdelt_gkg
PYPL,2018-08-01,Community calendar,http://www.saratogian.com/lifestyle/20180801/community-calendar,saratogian.com,English,0.0,gdelt_gkg
PYPL,2018-08-01,Q3 2018 EPS Estimates for Paypal Holdings Inc ( PYPL ) Cut by William Blair,https://www.dailypolitical.com/2018/07/31/q3-2018-eps-estimates-for-paypal-holdings-inc-pypl-cut-by-william-blair.html,dailypolitical.com,English,0.0,gdelt_gkg
PYPL,2018-08-01,Apple Inc . ( AAPL ) Q3 2018 Earnings Conference Call Transcript,https://www.msn.com/en-us/money/technology/apple-inc-aapl-q3-2018-earnings-conference-call-transcript/ar-BBLkz5Y,msn.com,English,0.0,gdelt_gkg
PYPL,2018-08-01,Oniomania : Compulsive shopper who spent $150k in 6 months issues warning,https://www.geelongadvertiser.com.au/business/how-woman-with-compulsive-buying-disorder-lost-a-fortune-in-just-a-few-months/news-story/10d7099ac184c8d4950ef580ea00dead?nk=9a7006901e8674580177853c93233031-1533103323,geelongadvertiser.com.au,English,0.0,gdelt_gkg
PYPL,2018-08-01,iPhone X factor fuels Apple earnings surge - Mobile World Live,https://www.mobileworldlive.com/devices/news-devices/iphone-x-factor-fuels-apple-earnings-surge/,mobileworldlive.com,English,0.0,gdelt_gkg
PYPL,2018-08-01,Cusco - Zugunglck bei Machu Picchu in Peru : fnf Schwerverletzte,http://www.aachener-nachrichten.de/news/aus-aller-welt/zugunglueck-bei-machu-picchu-in-peru-fuenf-schwerverletzte-1.1953842,aachener-nachrichten.de,German,0.0,gdelt_gkg
PYPL,2018-08-01,Three hybrid watches : all the benefits of a smartwatch without the superfluous tech | Post Magazine,https://www.scmp.com/magazines/post-magazine/fashion/article/2157730/three-hybrid-watches-all-benefits-smartwatch-without,scmp.com,English,0.0,gdelt_gkg
PYPL,2018-08-01,"People use cannabis products for health problems like Parkinson , epilepsy , and acne but misinformation and out - of - date regulations are stopping most from benefitting",https://www.registercitizen.com/technology/businessinsider/article/People-use-cannabis-products-for-health-problems-13122445.php,registercitizen.com,English,0.0,gdelt_gkg
PYPL,2018-08-01,Bonus binary options no deposit,http://yourelection15.co.uk/tag/fashion/bonus-binary-options-no-deposit.html,yourelection15.co.uk,English,0.0,gdelt_gkg
PYPL,2018-08-01,EKD - Magazin bezeichnet Abtreibungsrztin als Retterin,http://www.kath.net/news/64641,kath.net,German,0.0,gdelt_gkg
PYPL,2018-08-01,"People use cannabis products for health problems like Parkinson , epilepsy , and acne but misinformation and out - of - date regulations are stopping most from benefitting",https://www.nhregister.com/technology/businessinsider/article/People-use-cannabis-products-for-health-problems-13122445.php,nhregister.com,English,0.0,gdelt_gkg
PYPL,2018-08-01,New August printable & digital coupons :: WRAL . com,https://www.wral.com/new-august-printable-digital-coupons/17739351/,wral.com,English,0.0,gdelt_gkg
PYPL,2018-08-01,"People use cannabis products for health problems like Parkinson , epilepsy , and acne but misinformation and out - of - date regulations are stopping most from benefitting",https://www.businessinsider.com.au/cannabis-could-help-range-of-health-problems-but-industry-is-stifled-by-out-of-date-regulations-2018-7,businessinsider.com.au,English,0.0,gdelt_gkg
PYPL,2018-08-01,"How to be a YouTube star : creators give tips before Hong Kong fan concert featuring Shangrila , Matt Steffanina and more",https://www.scmp.com/culture/arts-entertainment/article/2157833/how-be-youtube-star-creators-give-tips-hong-kong-fan,scmp.com,English,0.0,gdelt_gkg
PYPL,2018-08-01,Apple Pay to launch in Germany this year,https://www.telecompaper.com/news/apple-pay-to-launch-in-germany-this-year--1255149,telecompaper.com,English,0.0,gdelt_gkg
PYPL,2018-08-01,Charity helping to keep Oatland Island animals happy after tornado - News - Savannah Morning News,http://www.savannahnow.com/news/20180731/charity-helping-to-keep-oatland-islands-animals-happy-after-tornado,savannahnow.com,English,0.0,gdelt_gkg
PYPL,2018-08-01,eHam . net QSL Manager Finder - Search Results for LZ1146SPS,https://www.eham.net/qslmgr/result?Callsign=LZ1146SPS,eham.net,English,0.0,gdelt_gkg
PYPL,2018-08-01,"People use cannabis products for health problems like Parkinson , epilepsy , and acne but misinformation and out - of - date regulations are stopping most from benefitting",https://www.newstimes.com/technology/businessinsider/article/People-use-cannabis-products-for-health-problems-13122445.php,newstimes.com,English,0.0,gdelt_gkg
PYPL,2018-08-01,Friends Of Shelter And Companion Animals Presents  Pay For A Spay  Day Aug . 11,https://www.ladailypost.com/content/friends-shelter-and-companion-animals-presents-%E2%80%98pay-spay%E2%80%99-day-aug-11,ladailypost.com,English,0.0,gdelt_gkg
PYPL,2018-08-01,"Who the hell is Elon Musk , and why are Grimes fans not happy about their relationship ? ",https://www.nme.com/blogs/nme-blogs/who-is-elon-musk-grimes-boyfriend-2361664,nme.com,English,0.0,gdelt_gkg
PYPL,2018-08-01,A Push for 3 - D Weapons by One of the World  Most Dangerous People  ,http://www.msn.com/en-us/news/us/a-push-for-3-d-weapons-by-one-of-the-world%E2%80%99s-%E2%80%98most-dangerous-people%E2%80%99/ar-BBLkU3g,msn.com,English,0.0,gdelt_gkg
PYPL,2018-08-01,Payment Gateways 2018 Global Market to Reach US$ 6291800 million and Growing at CAGR of 16 . 1 % by 2023,https://www.openpr.com/news/1156696/Payment-Gateways-2018-Global-Market-to-Reach-US-6291800-million-and-Growing-at-CAGR-of-16-1-by-2023.html,openpr.com,English,0.0,gdelt_gkg
PYPL,2018-08-01,"Heavee announces his debut album for Teklife , WFM",http://www.factmag.com/2018/08/01/heavee-announces-his-debut-album-for-teklife-wfm/,factmag.com,English,0.0,gdelt_gkg
PYPL,2018-08-01,First openly lesbian ceo of a Fortune 500 firm appointed,https://www.gaystarnews.com/article/first-openly-lesbian-ceo-of-a-fortune-500-firm-appointed/,gaystarnews.com,English,0.0,gdelt_gkg
PYPL,2018-08-01,Westmeath Examiner - Mullingar woman presents Friends of Breastfeeding Awards,http://www.westmeathexaminer.ie/news/roundup/articles/2018/08/01/4159588-mullingar-woman-presents-friends-of-breastfeeding-awards/,westmeathexaminer.ie,English,0.0,gdelt_gkg
PYPL,2018-08-01,Decentralising the web : Why is it so hard to achieve ? ,https://www.computing.co.uk/ctg/news/3036546/decentralising-the-web-why-is-it-so-hard-to-achieve,computing.co.uk,English,0.0,gdelt_gkg
PYPL,2018-08-01,Binary option robot recensione,http://yourelection15.co.uk/anonymous/binary-option-robot-recensione.html,yourelection15.co.uk,English,0.0,gdelt_gkg
PYPL,2018-08-01,Binary demo options,http://yourelection15.co.uk/news/05/06/national-newspapers-election-controversy/binary-demo-options.html,yourelection15.co.uk,English,0.0,gdelt_gkg
PYPL,2018-08-01,Raven Rescue appeals for help following arson attack,http://www.halesowennews.co.uk/news/16390870.ravens-rescue-appeals-for-help-following-arson-attack/,halesowennews.co.uk,English,0.0,gdelt_gkg
PYPL,2018-08-01,"Cannabis could help a range of health problems , but the industry is stifled",https://www.businessinsider.com/cannabis-could-help-range-of-health-problems-but-industry-is-stifled-by-out-of-date-regulations-2018-7,businessinsider.com,English,0.0,gdelt_gkg
PYPL,2018-08-01,Silicon Valley war against Palestine – Middle East Monitor,https://www.middleeastmonitor.com/20180801-silicon-valleys-war-against-palestine/,middleeastmonitor.com,English,0.0,gdelt_gkg
PYPL,2018-08-01,Miami - Manchester United gewinnt Testspiel gegen Real Madrid,http://www.aachener-zeitung.de/news/newsticker/manchester-united-gewinnt-testspiel-gegen-real-madrid-1.1953759,aachener-zeitung.de,German,0.0,gdelt_gkg
PYPL,2018-08-01,Wiesbaden - BKA stellt Bericht zu organisierter Kriminalitt vor,http://www.aachener-nachrichten.de/news/newsticker/bka-stellt-bericht-zu-organisierter-kriminalitaet-vor-1.1953712,aachener-nachrichten.de,German,0.0,gdelt_gkg
PYPL,2018-08-01,Berlin - Stdtetag fordert mehr Geld fr Kleinkinder - Betreuung,http://www.aachener-zeitung.de/news/newsticker/staedtetag-fordert-mehr-geld-fuer-kleinkinder-betreuung-1.1953747,aachener-zeitung.de,German,0.0,gdelt_gkg
PYPL,2018-08-01,Elon Musk net worth : How did Elon Musk make his money - How much money does he have ? | Celebrity News | Showbiz & TV,https://www.express.co.uk/celebrity-news/997390/elon-musk-net-worth-mars-space-x-tesla-founder-space-travel,express.co.uk,English,0.0,gdelt_gkg
PYPL,2018-08-01,Apple earnings beat expectations in 2018 Q3 but with average iPhone sales,https://www.industryleadersmagazine.com/apple-earnings-beat-expectations-in-2018-q3-but-with-average-iphone-sales/,industryleadersmagazine.com,English,0.0,gdelt_gkg
PYPL,2018-08-01,Siegburg - Tdlicher Unfall an Stauende auf A3,http://www.aachener-nachrichten.de/news/newsticker/toedlicher-unfall-an-stauende-auf-a3-1.1953710,aachener-nachrichten.de,German,0.0,gdelt_gkg
PYPL,2018-08-01,Apple Music and Pay are quietly preparing Apple for the end of the iPhone,https://bgr.com/2018/07/31/apple-music-services-revenue-q3-2018/,bgr.com,English,0.0,gdelt_gkg
PYPL,2018-08-01,Dad had emergency Spinal surgery needs your help ! ,https://patch.com/florida/tarponsprings/dad-had-emergency-spinal-surgery-needs-your-help,patch.com,English,0.0,gdelt_gkg
PYPL,2018-08-01,"Apple Pay coming to Germany – 7 Eleven , and CVS Pharmacy in the US | Chillicious",http://www.chillicious.com/business/apple-pay-coming-to-germany-7-eleven-and-cvs-pharmacy-in-the-us/,chillicious.com,English,0.0,gdelt_gkg
PYPL,2018-08-01,Apple Stops Taking Businesses for Granted,http://www.lightreading.com/mobile/devices-smartphones/apple-stops-taking-businesses-for-granted/d/d-id/745053,lightreading.com,English,0.0,gdelt_gkg
PYPL,2018-08-01,Shopify : Q2  18 Earnings Review,https://seekingalpha.com/article/4192866-shopify-q218-earnings-review,seekingalpha.com,English,0.0,gdelt_gkg
PYPL,2018-08-01,Apple ( AAPL ) Q3 2018 Results - Earnings Call Transcript,https://seekingalpha.com/article/4192790-apple-aapl-q3-2018-results-earnings-call-transcript,seekingalpha.com,English,0.0,gdelt_gkg
PYPL,2018-08-01,Siegburg - Tdlicher Unfall an Stauende auf A3,http://www.aachener-zeitung.de/lokales/region/toedlicher-unfall-an-stauende-auf-a3-1.1953690,aachener-zeitung.de,German,0.0,gdelt_gkg
PYPL,2018-08-01,"Apple Pay coming to Germany - 7 Eleven , and CVS Pharmacy in the US",https://www.gsmarena.com/apple_pay_coming_to_germany__7_eleven_and_cvs_pharmacy_in_the_us-news-32532.php,gsmarena.com,English,0.0,gdelt_gkg
PYPL,2018-08-01,Offenbach - Nach Hitzerekord nur leichte Abkhlung erwartet,http://www.aachener-zeitung.de/news/newsticker/nach-hitzerekord-nur-leichte-abkuehlung-erwartet-1.1953714,aachener-zeitung.de,German,0.0,gdelt_gkg
PYPL,2018-08-01,Do citizens own computers in China ? ,https://www.quora.com/Do-citizens-own-computers-in-China,quora.com,English,0.0,gdelt_gkg
PYPL,2018-08-01,Mnchen - Ankerzentren starten in Bayern,http://www.aachener-zeitung.de/news/newsticker/ankerzentren-starten-in-bayern-1.1953707,aachener-zeitung.de,German,0.0,gdelt_gkg
PYPL,2018-08-01,Washington - US - Gericht : Keine Plne fr Waffen aus dem 3D - Drucker,http://www.aachener-nachrichten.de/news/newsticker/us-gericht-keine-plaene-fuer-waffen-aus-dem-3d-drucker-1.1953708,aachener-nachrichten.de,German,0.0,gdelt_gkg
PYPL,2018-08-01,Mnchen - Ankerzentren starten in Bayern,http://www.aachener-nachrichten.de/news/newsticker/ankerzentren-starten-in-bayern-1.1953707,aachener-nachrichten.de,German,0.0,gdelt_gkg
PYPL,2018-08-01,Mexiko - Stadt - Flugzeugunglck im Norden Mexikos endet glimpflich,http://www.aachener-nachrichten.de/news/newsticker/flugzeugunglueck-im-norden-mexikos-endet-glimpflich-1.1953709,aachener-nachrichten.de,German,0.0,gdelt_gkg
PYPL,2018-08-01,Delaware Two Openly Gay Candidates Running for Senate,https://pridelife.com/delawares-two-openly-gay-candidates-running-for-senate/,pridelife.com,English,0.0,gdelt_gkg
PYPL,2018-08-01,Apple Pay Expanding to CVS and 7 - Eleven,https://www.phonescoop.com/articles/article.php?a=20944,phonescoop.com,English,0.0,gdelt_gkg
PYPL,2018-08-01,Mexiko - Stadt - Flugzeugunglck im Norden Mexikos endet glimpflich,http://www.aachener-zeitung.de/news/newsticker/flugzeugunglueck-im-norden-mexikos-endet-glimpflich-1.1953709,aachener-zeitung.de,German,0.0,gdelt_gkg
PYPL,2018-08-01,"Apple Q3 results in numbers : iPhone prices continue to rise , services grow 31 per cent",https://indianexpress.com/article/technology/tech-news-technology/apple-q3-results-in-numbers-iphone-prices-grow-services-wearables-rise-5285712/,indianexpress.com,English,0.0,gdelt_gkg
PYPL,2018-08-01,Must - have financial tools for easier freelancing,http://www.freemalaysiatoday.com/category/leisure/2018/08/01/must-have-financial-tools-for-easier-freelancing/,freemalaysiatoday.com,English,0.0,gdelt_gkg
PYPL,2018-08-01,Cupertino - iPhone X belebt Geschft - Apple Pay bald in Deutschland,http://www.aachener-zeitung.de/news/newsticker/iphone-x-belebt-geschaeft-apple-pay-bald-in-deutschland-1.1953713,aachener-zeitung.de,German,0.0,gdelt_gkg
PYPL,2018-08-01,Los Angeles - Yosemite - Tal wegen Waldbrnden lnger geschlossen,http://www.aachener-zeitung.de/news/newsticker/yosemite-tal-wegen-waldbraenden-laenger-geschlossen-1.1953753,aachener-zeitung.de,German,0.0,gdelt_gkg
PYPL,2018-08-01,Bretten - Kater Jimmy ist wieder in Freiheit,http://www.aachener-zeitung.de/news/aus-aller-welt/kater-jimmy-ist-wieder-in-freiheit-1.1953696,aachener-zeitung.de,German,0.0,gdelt_gkg
PYPL,2018-08-01,CPA - The Guardian,http://www.cpa.org.au/guardian/2018/1833/11-paypals.html,cpa.org.au,English,0.0,gdelt_gkg
PYPL,2018-08-01,"Daily Update : Brian Christopher , Total Bellas ratings , McGregor",https://www.f4wonline.com/daily-updates/daily-update-brian-christopher-total-bellas-ratings-mcgregor-262776,f4wonline.com,English,0.0,gdelt_gkg
PYPL,2018-08-01,Apple Pay heading to CVS and 7 - Eleven this fall,https://www.cnet.com/uk/news/apple-pay-heading-to-cvs-and-7-eleven-this-fall/,cnet.com,English,0.0,gdelt_gkg
PYPL,2018-08-01,Apple iPhone X keeps selling as Q3 services revenue soars,https://www.cnet.com/uk/news/apples-iphone-x-keeps-selling-as-q3-earnings-services-revenue-soars/,cnet.com,English,0.0,gdelt_gkg
PYPL,2018-08-01,"Islamization and Bengali Muslim migration : Indigenous of Assam , the Chittagong Hill Tracts , and Rakhine",https://moderntokyonews.com/2018/07/31/islamization-and-bengali-muslim-migration-indigenous-of-assam-the-chittagong-hill-tracts-and-rakhine/,moderntokyonews.com,English,0.0,gdelt_gkg
PYPL,2018-08-01,CoinList : Origin Protocol Raises $6 . 6 Million . $2 Million was Funded in Just 5 Minutes,https://www.crowdfundinsider.com/2018/08/137196-coinlist-origin-protocol-raises-6-6-million-2-million-was-funded-in-just-5-minutes/,crowdfundinsider.com,English,0.0,gdelt_gkg
PYPL,2018-08-01,Washington - US - Gericht : Keine Plne fr Waffen aus dem 3D - Drucker,http://www.aachener-zeitung.de/news/newsticker/us-gericht-keine-plaene-fuer-waffen-aus-dem-3d-drucker-1.1953708,aachener-zeitung.de,German,0.0,gdelt_gkg
PYPL,2018-08-01,PayPal warning : Users complain of lookalike scam,https://www.the-star.co.ke/news/2018/08/01/paypal-warning-users-complain-of-lookalike-scam_c1795923,the-star.co.ke,English,0.0,gdelt_gkg
PYPL,2018-08-01,Virginia State Senator in Rare Support by Politician for Assange,https://consortiumnews.com/2018/07/31/virginia-state-senator-in-rare-support-by-politician-for-assange/,consortiumnews.com,English,0.0,gdelt_gkg
PYPL,2018-08-01,Offenbach - Nach Hitzerekord nur leichte Abkhlung erwartet,http://www.aachener-nachrichten.de/news/newsticker/nach-hitzerekord-nur-leichte-abkuehlung-erwartet-1.1953714,aachener-nachrichten.de,German,0.0,gdelt_gkg
PYPL,2018-08-01,"imToken Announces 2 . 0 International Version , imToken Venture",https://www.tmcnet.com/usubmit/2018/08/01/8795008.htm,tmcnet.com,English,0.0,gdelt_gkg
PYPL,2018-08-01,Berlin - Stdtetag fordert mehr Geld fr Kleinkinder - Betreuung,http://www.aachener-nachrichten.de/news/newsticker/staedtetag-fordert-mehr-geld-fuer-kleinkinder-betreuung-1.1953747,aachener-nachrichten.de,German,0.0,gdelt_gkg
PYPL,2018-08-01,The Victory Show | KRUU - LP 100 . 1 FM,http://www.kruufm.com/node/21317,kruufm.com,English,0.0,gdelt_gkg
PYPL,2018-08-01,Offenbach - August startet nach Hitzerekord auch wieder hei,http://www.aachener-nachrichten.de/news/newsticker/august-startet-nach-hitzerekord-auch-wieder-heiss-1.1953746,aachener-nachrichten.de,German,0.0,gdelt_gkg
PYPL,2018-08-01,Apple Inc . ( AAPL ) Q3 2018 Earnings Conference Call Transcript,https://www.msn.com/en-us/finance/technology/apple-inc-aapl-q3-2018-earnings-conference-call-transcript/ar-BBLkz5Y,msn.com,English,0.0,gdelt_gkg
PYPL,2018-08-01,Tim Cook lo confirma : Apple Pay llegar a Alemania a finales de 2018,https://www.applesfera.com/general/tim-cook-confirma-apple-pay-llegara-alemania-finales-2018,applesfera.com,Spanish,0.0,gdelt_gkg
PYPL,2018-08-01,Mother continues son legacy with annual school supply drive,"http://www.bullardnews.com/stories/mother-continues-sons-legacywith-annual-school-supply-drive,127613",bullardnews.com,English,0.0,gdelt_gkg
PYPL,2018-08-01,"Berlin - Kabinett : Pflege , Steuerbetrug im Online - Handel und E - Autos",http://www.aachener-nachrichten.de/news/newsticker/kabinett-pflege-steuerbetrug-im-online-handel-und-e-autos-1.1953711,aachener-nachrichten.de,German,0.0,gdelt_gkg
PYPL,2018-08-01,Wyre : The Blockchain Platform Taking The Lead In Cross - Border Transactions,https://www.forbes.com/sites/julianmitchell/2018/07/31/wyre-the-blockchain-platform-taking-the-lead-in-cross-border-transactions/,forbes.com,English,0.0,gdelt_gkg
PYPL,2018-08-01,⚡ SAVE 25 % FOR LIFE ! ⚡ UNLIMITED SSD Storage & Bandwidth ⚡ FREE Dedicated IP ⚡,https://www.hostingdiscussion.com/reseller-hosting-offers/68220-save-25-life-unlimited-ssd-storage-bandwidth-free-dedicated-ip.html,hostingdiscussion.com,English,0.0,gdelt_gkg
PYPL,2018-08-01,Cupertino - iPhone X belebt Geschft - Apple Pay bald in Deutschland,http://www.aachener-nachrichten.de/news/newsticker/iphone-x-belebt-geschaeft-apple-pay-bald-in-deutschland-1.1953713,aachener-nachrichten.de,German,0.0,gdelt_gkg
PYPL,2018-08-01,Menlo Park - Facebook meldet neuen Manipulationsversuch mit Fake - Accounts,http://www.aachener-nachrichten.de/news/newsticker/facebook-meldet-neuen-manipulationsversuch-mit-fake-accounts-1.1953720,aachener-nachrichten.de,German,0.0,gdelt_gkg
PYPL,2018-08-01,"imToken Announces 2 . 0 International Version , imToken Venture",https://www.finanznachrichten.de/nachrichten-2018-08/44424448-imtoken-announces-2-0-international-version-imtoken-venture-008.htm,finanznachrichten.de,English,0.0,gdelt_gkg
PYPL,2018-08-01,"Police report | News , Sports , Jobs",http://www.lewistownsentinel.com/news/local-news/2018/08/police-report-152/,lewistownsentinel.com,English,0.0,gdelt_gkg
PYPL,2018-08-01,Apple Inc . ( AAPL ) Q3 2018 Earnings Conference Call Transcript,https://www.fool.com/earnings/call-transcripts/2018/07/31/apple-inc-aapl-q3-2018-earnings-conference-call-tr.aspx?source=iedfolrf0000001,fool.com,English,0.0,gdelt_gkg
PYPL,2018-08-01,Why the Censors Hate Assange,http://rinf.com/alt-news/newswire/why-the-censors-hate-assange/,rinf.com,English,0.0,gdelt_gkg
PYPL,2018-08-01,Apple inches closer to $1T market cap after record - setting third quarter,https://nypost.com/2018/07/31/apple-inches-closer-to-1t-market-cap-after-record-setting-third-quarter/,nypost.com,English,0.0,gdelt_gkg
PYPL,2018-08-01,Credit Card Declined : U . K . PPRO Just Got $50M to Help Payment Processors Reach the Rest of the E - Commerce World,https://www.globalatlanta.com/credit-card-declined-u-k-s-ppro-just-got-50m-to-help-payment-processors-reach-the-rest-of-the-e-commerce-world/,globalatlanta.com,English,0.0,gdelt_gkg
PYPL,2018-08-01,Berlin - Scholz : Steuerbetrug bei Online - Handel wird eingedmmt,http://www.aachener-nachrichten.de/news/newsticker/scholz-steuerbetrug-bei-online-handel-wird-eingedaemmt-1.1953721,aachener-nachrichten.de,German,0.0,gdelt_gkg
PYPL,2018-08-01,Raven Rescue appeals for help following arson attack,http://www.dudleynews.co.uk/news/16390870.ravens-rescue-appeals-for-help-following-arson-attack/,dudleynews.co.uk,English,0.0,gdelt_gkg
PYPL,2018-08-01,"Fusion Power : Watching , Waiting , as Research Continues",https://www.powermag.com/fusion-power-watching-waiting-as-research-continues/,powermag.com,English,0.0,gdelt_gkg
PYPL,2018-08-01,Berlin - Seehofer erfreut ber Start bayerischer Ankerzentren,http://www.aachener-nachrichten.de/news/newsticker/seehofer-erfreut-ueber-start-bayerischer-ankerzentren-1.1954082,aachener-nachrichten.de,German,0.0,gdelt_gkg
PYPL,2018-08-01,Smart mobile access control authentication | TDSi | Security News,https://www.sourcesecurity.com/insights/mobile-access-control-authentication-smart-devices-co-823-ga-co-1645-ga-co-10238-ga-co-10858-ga.1533127927.html,sourcesecurity.com,English,0.0,gdelt_gkg
PYPL,2018-08-01,Square to report second quarter results after the bell,https://www.cnbc.com/2018/08/01/square-to-report-second-quarter-results-after-the-bell.html,cnbc.com,English,0.0,gdelt_gkg
PYPL,2018-08-01,Global B2C E - Commerce Sales to Maintain Double - Digit Growth Rate Through 2021,https://www.prnewswire.com/news-releases/global-b2c-e-commerce-sales-to-maintain-double-digit-growth-rate-through-2021-300690171.html,prnewswire.com,English,0.0,gdelt_gkg
PYPL,2018-08-01,These Devon restaurants are giving away FREE pizza this week,https://www.devonlive.com/whats-on/food-drink/free-pizza-hut-papa-johns-1851019,devonlive.com,English,0.0,gdelt_gkg
PYPL,2018-08-01,6LAYER :: SSD | LiteSpeed | MariaDB | Backups | Softaculous | CDN :: united kingdom / US / CA / SG,https://www.hostingdiscussion.com/shared-hosting-offers/68224-6layer-ssd-litespeed-mariadb-backups-softaculous-cdn-uk-us-ca-sg.html,hostingdiscussion.com,English,0.0,gdelt_gkg
PYPL,2018-08-01,Mnchen - Whrend Sder - Auftritts : Ast verletzt elf Menschen,http://www.aachener-nachrichten.de/news/newsticker/waehrend-soeder-auftritts-ast-verletzt-elf-menschen-1.1954388,aachener-nachrichten.de,German,0.0,gdelt_gkg
PYPL,2018-08-01,"Mizuho , KBW Take the Measure of Mobile Payments Kingpin Mastercard",https://paymentweek.com/2018-8-1-mizuho-kbw-take-measure-mobile-payments-kingpin-mastercard/,paymentweek.com,English,0.0,gdelt_gkg
PYPL,2018-08-01,"How to ... - Delta Publications , Inc . - Eastern Wisconsin",http://www.deltapublications.com/main.asp?SectionID=5&TM=34775.54,deltapublications.com,English,0.0,gdelt_gkg
PYPL,2018-08-01,Google Pay | The Gadget Man – Technology News and Reviews,https://www.thegadgetman.org.uk/tag/google-pay/,thegadgetman.org.uk,English,0.0,gdelt_gkg
PYPL,2018-08-01,Dren - Neuzugnge bei den SWD Powervolleys sind angriffslustig,http://www.aachener-nachrichten.de/lokales/dueren/neuzugaenge-bei-den-swd-powervolleys-sind-angriffslustig-1.1954155,aachener-nachrichten.de,German,0.0,gdelt_gkg
PYPL,2018-08-01,"Police Find Accused Counterfeiters , Drug Dealer Next Door",https://www.mymotherlode.com/news/local/379847/police-find-accused-counterfeiters-drug-dealer-next-door.html,mymotherlode.com,English,0.0,gdelt_gkg
PYPL,2018-08-01,ERP software | Accounting Today,https://www.accountingtoday.com/tag/erp-software,accountingtoday.com,English,0.0,gdelt_gkg
PYPL,2018-08-01,The 5 Big Cybersecurity Risks Faced By Small Businesses,https://blog.thomasnet.com/manufacturing-risks,blog.thomasnet.com,English,0.0,gdelt_gkg
PYPL,2018-08-01,Gangelt - Betrunkener Radfahrer verletzt sich bei Sturz lebensgefhrlich,http://www.aachener-nachrichten.de/lokales/geilenkirchen/betrunkener-radfahrer-verletzt-sich-bei-sturz-lebensgefaehrlich-1.1954199,aachener-nachrichten.de,German,0.0,gdelt_gkg
PYPL,2018-08-01,Who has been charged in Robert Mueller Trump - Russia investigation,https://www.businessinsider.com/who-has-been-charged-in-russia-investigation-mueller-trump-2017-12,businessinsider.com,English,0.0,gdelt_gkg
PYPL,2018-08-01,2 : 00PM Water Cooler 8 / 1 / 2018 | naked capitalism,https://www.nakedcapitalism.com/2018/08/200pm-water-cooler-8-1-2018.html,nakedcapitalism.com,English,0.0,gdelt_gkg
PYPL,2018-08-01,Apple Stops Taking Businesses for Granted,http://www.lightreading.com/mobile/devices-smartphones/apple-stops-taking-businesses-for-granted/d/d-id/745053?piddl_msgid=288501,lightreading.com,English,0.0,gdelt_gkg
PYPL,2018-08-01,Here everyone who has been charged in Mueller Russia probe so far,https://markets.businessinsider.com/news/stocks/who-has-been-charged-in-russia-investigation-mueller-trump-2017-12-1027423177,markets.businessinsider.com,English,0.0,gdelt_gkg
PYPL,2018-08-01,"This Black Women Equal Pay Day , New Research Shows Too Few People Know Black Women Face Such a Large Pay Gap",https://www.prnewswire.com/news-releases/this-black-womens-equal-pay-day-new-research-shows-too-few-people-know-black-women-face-such-a-large-pay-gap-300689860.html,prnewswire.com,English,0.0,gdelt_gkg
PYPL,2018-08-01,Minnesota Vikings Podcast Episode 236 : Back to Work,https://www.dailynorseman.com/2018/8/1/17639580/minnesota-vikings-norse-code-podcast-episode-236-back-to-work-stefon-diggs-contract-lions-preview,dailynorseman.com,English,0.0,gdelt_gkg
PYPL,2018-08-01,Binary options trading competition,http://yourelection15.co.uk/tag/debate/binary-options-trading-competition.html,yourelection15.co.uk,English,0.0,gdelt_gkg
PYPL,2018-08-01,Binary option vic,http://yourelection15.co.uk/category/news-national/binary-option-vic.html,yourelection15.co.uk,English,0.0,gdelt_gkg
PYPL,2018-08-01,Apple - TechRepublic,https://www.techrepublic.com/topic/apple/,techrepublic.com,English,0.0,gdelt_gkg
PYPL,2018-08-01,Why your refund for Another World Festival is in doubt after event cancelled at last minute,https://www.bristolpost.co.uk/whats-on/music-nightlife/your-refund-another-world-festival-1850688,bristolpost.co.uk,English,0.0,gdelt_gkg
PYPL,2018-08-01,Point72 Asset Management LP Trimmed Its Progressive Ohio ( PGR ) Stake ; Miller Herman ( MLHR ) Sentiment Is 1 . 2,https://tokoyuri.com/2018/08/01/point72-asset-management-lp-trimmed-its-progressive-ohio-pgr-stake-miller-herman-mlhrs-sentiment-is-1-2/,tokoyuri.com,English,0.0,gdelt_gkg
PYPL,2018-08-01,GIMP 2 . 10 . 4 : on garde le rythme ! ,https://linuxfr.org/news/gimp-2-10-4-on-garde-le-rythme,linuxfr.org,French,0.0,gdelt_gkg
PYPL,2018-08-01,What Is Elon Musk Net Worth ? The Story of Tesla CEO,https://www.thestreet.com/lifestyle/elon-musk-net-worth-14668322,thestreet.com,English,0.0,gdelt_gkg
PYPL,2018-08-01,APWG Report : Cybercrime Gangs Ramp Up Phishing Attacks in 2018,https://www.businesswire.com/news/home/20180801006022/en/APWG-Report-Cybercrime-Gangs-Ramp-Phishing-Attacks,businesswire.com,English,0.0,gdelt_gkg
PYPL,2018-08-01,APWG Report : Cybercrime Gangs Ramp Up Phishing Attacks in 2018,http://www.4-traders.com/news/APWG-Report-Cybercrime-Gangs-Ramp-Up-Phishing-Attacks-in-2018--27039101/,4-traders.com,English,0.0,gdelt_gkg
PYPL,2018-08-01,APWG Report : Cybercrime Gangs Ramp Up Phishing Attacks in 2018,https://www.marketwatch.com/press-release/apwg-report-cybercrime-gangs-ramp-up-phishing-attacks-in-2018-2018-08-01,marketwatch.com,English,0.0,gdelt_gkg
PYPL,2018-08-01,Rurdorf - Rurdorfer Sommer - Cup : Auch Freialdenhoven nimmt Kurs auf das Finale,http://www.aachener-zeitung.de/lokales/juelich/rurdorfer-sommer-cup-auch-freialdenhoven-nimmt-kurs-auf-das-finale-1.1954098,aachener-zeitung.de,German,0.0,gdelt_gkg
PYPL,2018-08-01,"UPDATE 2 - Square profit beats estimates , outlook falls short",https://www.reuters.com/article/square-results/update-2-squares-profit-beats-estimates-outlook-falls-short-idUSL4N1US6JJ,reuters.com,English,0.0,gdelt_gkg
PYPL,2018-08-01,Global B2C E - Commerce Sales to Maintain Double - Digit Growth Rate Through 2021,https://www.prnewswire.com:443/news-releases/global-b2c-e-commerce-sales-to-maintain-double-digit-growth-rate-through-2021-300690171.html,prnewswire.com,English,0.0,gdelt_gkg
PYPL,2018-08-01,Jerusalem - Zehntausende Teilnehmer bei Gay - Pride in Jerusalem erwartet,http://www.aachener-nachrichten.de/news/newsticker/zehntausende-teilnehmer-bei-gay-pride-in-jerusalem-erwartet-1.1954395,aachener-nachrichten.de,German,0.0,gdelt_gkg
PYPL,2018-08-01,Wyoming Area Kiwanis Club Third Annual Duck Derby is Sept . 2 in West Pittston,http://www.kiwaniswest.org/news/current-u-s-kiwanis-news/9223-wyoming-area-kiwanis-club-s-third-annual-duck-derby-is-sept-2-in-west-pittston-the-sunday-dispatch.html,kiwaniswest.org,English,0.0,gdelt_gkg
PYPL,2018-08-01,Ask HN : Who is hiring ? ( August 2018 ) ,https://news.ycombinator.com/item?id=17663077,news.ycombinator.com,English,0.0,gdelt_gkg
PYPL,2018-08-01,Square Earnings Forecast Comes Up Short of High Expectations,https://www.bloomberg.com/news/articles/2018-08-01/square-earnings-forecast-comes-up-short-amid-high-expectations,bloomberg.com,English,0.0,gdelt_gkg
PYPL,2018-08-01,Global B2C E - Commerce Market 2018 : Asia - Pacific Region Leads Worldwide Move to Mobile Payments - ResearchAndMarkets . com,https://www.marketwatch.com/press-release/global-b2c-e-commerce-market-2018-asia-pacific-region-leads-worldwide-move-to-mobile-payments---researchandmarketscom-2018-08-01,marketwatch.com,English,0.0,gdelt_gkg
PYPL,2018-08-01,"Watertown Police Log : Resident loses $3 , 200 to chocolate fraudsters - News - Watertown TAB",http://watertown.wickedlocal.com/news/20180801/watertown-police-log-resident-loses-3200-to-chocolate-fraudsters,watertown.wickedlocal.com,English,0.0,gdelt_gkg
PYPL,2018-08-01,Apple Pay touches 1B Q3 transactions,https://www.mobilepaymentstoday.com/news/apple-pay-touches-1b-q3-transactions/,mobilepaymentstoday.com,English,0.0,gdelt_gkg
PYPL,2018-08-01,"Novinky v červenci : delší fixace u hypoték , multibanking a výběry z auta",https://www.mesec.cz/clanky/novinky-v-cervenci-banky-se-predhani-v-hypotekach-delsi-fixace-nova-centra-neucelove-casti-na-cokoli/,mesec.cz,Czech,0.0,gdelt_gkg
PYPL,2018-08-01,"Tribune Anniversary Celebration Includes Tributes , Community Service and Fun",http://www.savannahtribune.com/articles/tribune-anniversary-celebration-includes-tributes-community-service-and-fun/,savannahtribune.com,English,0.0,gdelt_gkg
PYPL,2018-08-01,Japan and its military air - launched missiles upgrade : North Korea and China,https://moderntokyonews.com/2018/08/01/japan-and-its-military-air-launched-missiles-upgrade-north-korea-and-china/,moderntokyonews.com,English,0.0,gdelt_gkg
PYPL,2018-08-01,Funky Taurus Media - Music Photo Agency & Products,http://www.funkytaurusmedia.com/shop_content.php?coID=3&XTCsid=qotcnr7kokjrg1967j6k9vnbf5,funkytaurusmedia.com,German,0.0,gdelt_gkg
PYPL,2018-08-01,5 Top Stock Trades for Thursday -- Buy Apple on Push to $1 Trillion ? ,https://investorplace.com/2018/08/5-top-stock-trades-for-thursday-aapl-pypl-cmg-amzn-iq/,investorplace.com,English,0.0,gdelt_gkg
PYPL,2018-08-01,E - Auto - Pionier am Scheideweg : Tesla will mit stotterndem Motor durchstarten,https://www.zdf.de/nachrichten/heute/e-auto-tesla-will-mit-stotterndem-motor-durchstartetn-100.html,zdf.de,German,0.0,gdelt_gkg
PYPL,2018-08-01,Money sent for Isis the rescue dog triggers terror alert because she mistaken for the jihadis,https://www.thesun.co.uk/news/6919360/dog-charity-in-online-jihad-alert-because-rescued-pooch-it-was-raising-money-for-is-called-isis/,thesun.co.uk,English,0.0,gdelt_gkg
PYPL,2018-08-01, [ H ] ardOCP : Need Pirate TV - Here My Credit Card,http://www.hardocp.com/news/2018/08/01/need_pirate_tv_heres_my_credit_card,hardocp.com,English,0.0,gdelt_gkg
PYPL,2018-08-01,Swag Code until 7 pm for 3 SB points :: WRAL . com,https://www.wral.com/swag-code-until-7-pm-for-3-sb-points/17741345/,wral.com,English,0.0,gdelt_gkg
PYPL,2018-08-01,Binary options bot free download,http://yourelection15.co.uk/binary-options-bot-free-download.html,yourelection15.co.uk,English,0.0,gdelt_gkg
PYPL,2018-08-01,eHam . net Classifieds F . S . ANAN 200D Mint Condition,https://www.eham.net/classifieds/detail/548180,eham.net,English,0.0,gdelt_gkg
PYPL,2018-08-01,"Advertising , Shopping and Payments in AR and VR ( 2018 - 2023 ): VR Creates Opportunities for Real Commerce in a Virtual World via both Real Currency and Virtual Currency including Cryptocurrencies",https://www.prnewswire.com:443/news-releases/advertising-shopping-and-payments-in-ar-and-vr-2018-2023-vr-creates-opportunities-for-real-commerce-in-a-virtual-world-via-both-real-currency-and-virtual-currency-including-cryptocurrencies-300690309.html,prnewswire.com,English,0.0,gdelt_gkg
PYPL,2018-08-01,Mastercard and Visa Under Pressure for  Enabling  IPTV Piracy,https://torrentfreak.com/mastercard-and-visa-under-pressure-for-enabling-iptv-piracy-180801/,torrentfreak.com,English,0.0,gdelt_gkg
PYPL,2018-08-01,Subscription Architectural Digest,https://subscribe.architecturaldigest.com/subscribe/architecturaldigest/117187?source=AMS_ARD_EDIT_BANNER_SEPT_2018_GTD,subscribe.architecturaldigest.com,English,0.0,gdelt_gkg
PYPL,2018-08-01,"Advertising , Shopping and Payments in AR and VR ( 2018 - 2023 ): VR Creates Opportunities for Real Commerce in a Virtual World via both Real Currency and Virtual Currency including Cryptocurrencies",https://www.tmcnet.com/usubmit/2018/08/01/8795883.htm,tmcnet.com,English,0.0,gdelt_gkg
PYPL,2018-08-01,APWG Report : Cybercrime Gangs Ramp Up Phishing Attacks in 2018,https://www.tmcnet.com/usubmit/2018/08/01/8795873.htm,tmcnet.com,English,0.0,gdelt_gkg
PYPL,2018-08-01,"Advertising , Shopping and Payments in AR and VR ( 2018 - 2023 ): VR Creates Opportunities for Real Commerce in a Virtual World via both Real Currency and Virtual Currency including Cryptocurrencies",https://www.prnewswire.com/news-releases/advertising-shopping-and-payments-in-ar-and-vr-2018-2023-vr-creates-opportunities-for-real-commerce-in-a-virtual-world-via-both-real-currency-and-virtual-currency-including-cryptocurrencies-300690309.html,prnewswire.com,English,0.0,gdelt_gkg
PYPL,2018-08-01,Volunteer Open House at the Arnold Arboretum : Share Nature with Children ! Jamaica Plain News,https://www.jamaicaplainnews.com/event/volunteer-open-house-at-the-arnold-arboretum-share-nature-with-children,jamaicaplainnews.com,English,0.0,gdelt_gkg
PYPL,2018-08-01,Stamps . com : Reports Second Quarter 2018 Results,http://www.4-traders.com/STAMPS-COM-INC-10973/news/Stamps-com-Reports-Second-Quarter-2018-Results-27039065/,4-traders.com,English,0.0,gdelt_gkg
PYPL,2018-08-01,"How to upgrade , renew or change your Whaleoil subscription – Whale Oil Beef Hooked",https://www.whaleoil.co.nz/2018/08/how-to-upgrade-renew-or-change-your-whaleoil-subscription-64/,whaleoil.co.nz,English,0.0,gdelt_gkg
PYPL,2018-08-01,"Wake Up Call : Kirkland Passes Quinn as World Top Litigation Firm , Report Says – Big Law Business",https://biglawbusiness.com/wake-up-call-kirkland-passes-quinn-as-worlds-top-litigation-firm-report-says/,biglawbusiness.com,English,0.0,gdelt_gkg
PYPL,2018-08-01,Live : News Updates from Washington DC | American Center for Law and Justice,https://aclj.org/aclj/live-news-updates-from-washington-dc,aclj.org,English,0.0,gdelt_gkg
PYPL,2018-08-01,Apple : One Step Closer to $1 Trillion mark after Q3 Earnings,http://www.financialbuzz.com/apple-one-step-closer-to-1-trillion-mark-after-q3-earnings-1158402,financialbuzz.com,English,0.0,gdelt_gkg
PYPL,2018-08-01,Why to trade binary options,http://yourelection15.co.uk/news/05/01/russell-brand-supports-green-party-hopeful/why-to-trade-binary-options.html,yourelection15.co.uk,English,0.0,gdelt_gkg
PYPL,2018-08-01,Apple Pay | The Gadget Man – Technology News and Reviews,https://www.thegadgetman.org.uk/tag/apple-pay/,thegadgetman.org.uk,English,0.0,gdelt_gkg
PYPL,2018-08-01,"Apple Q3 : Sales boom , Apple Pay expands to CVS and 7 - Eleven",https://www.techrepublic.com/article/apples-q3-sales-boom-apple-pay-expands-to-cvs-and-7-eleven/,techrepublic.com,English,0.0,gdelt_gkg
PYPL,2018-08-01,Friends band together to help Holly McFarlane with cancer,http://www.gazette-news.co.uk/news/16388554.friends-band-together-to-help-holly-mcfarlane-with-cancer/,gazette-news.co.uk,English,0.0,gdelt_gkg
PYPL,2018-08-01,A local lineup for Carroll County Chasefest - Carroll County Times,http://www.carrollcountytimes.com/news/local/cc-en-chasefest-20180730-story.html,carrollcountytimes.com,English,0.0,gdelt_gkg
PYPL,2018-08-01,Covington Capital Management Boosted Its Cummins ( CMI ) Position ; Urban Outfitters ( URBN ) Has 1 . 11 Sentiment,https://dminute.com/2018/08/01/covington-capital-management-boosted-its-cummins-cmi-position-urban-outfitters-urbn-has-1-11-sentiment/,dminute.com,English,0.0,gdelt_gkg
PYPL,2018-08-01,Friends band together to help Holly McFarlane with cancer | Clacton and Frinton Gazette,http://www.clactonandfrintongazette.co.uk/news/16388554.friends-band-together-to-help-holly-mcfarlane-with-cancer/,clactonandfrintongazette.co.uk,English,0.0,gdelt_gkg
PYPL,2018-08-01,IT News Online > PR . com - SonoCoin Organizes and Sponsors the Lift : Lab Conference :  Creating and Retaining Value Through Coin Offerings from Whitepaper to Delivery  ,http://www.itnewsonline.com/pr.com/SonoCoin-Organizes-and-Sponsors-the-Lift-Lab-Conference-Creating-and-Retaining-Value-Through-Coin-Offerings-from-Whitepaper-to-Delivery/15225,itnewsonline.com,English,0.0,gdelt_gkg
PYPL,2018-08-01,"Spend at least $15 at Best Buy , get $15 cash back",https://www.cnet.com/news/spend-at-least-15-at-best-buy-get-15-cash-back/,cnet.com,English,0.0,gdelt_gkg
PYPL,2018-08-01,"How to ... - Delta Publications , Inc . - Eastern Wisconsin",http://www.deltapublications.com/main.asp?SectionID=5&TM=38382.07,deltapublications.com,English,0.0,gdelt_gkg
PYPL,2018-08-01,Commission denqute Gurib - Fakim : Lappel  tmoins ferm,http://www.lemauricien.com/article/commission-denquete-gurib-fakim-lappel-a-temoins-ferme/,lemauricien.com,French,0.0,gdelt_gkg
PYPL,2018-08-01,Itwire . Com Site Info - SgLinks . com,http://sglinks.com/sites/itwire.com,sglinks.com,English,0.0,gdelt_gkg
PYPL,2018-08-01,"How to ... - Delta Publications , Inc . - Eastern Wisconsin",http://www.deltapublications.com/main.asp?SectionID=5&SubSectionID=27&TM=38382.07,deltapublications.com,English,0.0,gdelt_gkg
PYPL,2018-08-01,Four Things Retailers Should Learn From Apple As It Nears $1 Trillion Market Cap,https://www.forbes.com/sites/andriacheng/2018/08/01/four-things-retailers-should-learn-from-apple-as-it-nears-1-trillion-market-cap/,forbes.com,English,0.0,gdelt_gkg
PYPL,2018-08-01,August Conferences : Part I | BTCMANAGER,https://btcmanager.com/august-conferences-part-i/,btcmanager.com,English,0.0,gdelt_gkg
PYPL,2018-08-01,Friends band together to help Holly McFarlane with cancer | Maldon and Burnham Standard,http://www.maldonandburnhamstandard.co.uk/news/north_essex_news/16388554.friends-band-together-to-help-holly-with-cancer/,maldonandburnhamstandard.co.uk,English,0.0,gdelt_gkg
PYPL,2018-08-01,"How to ... - Delta Publications , Inc . - Eastern Wisconsin",http://www.deltapublications.com/main.asp?SectionID=5&SubSectionID=27&TM=34775.54,deltapublications.com,English,0.0,gdelt_gkg
PYPL,2018-08-01,Podcast | The Gadget Man – Technology News and Reviews,https://www.thegadgetman.org.uk/tag/podcast/,thegadgetman.org.uk,English,0.0,gdelt_gkg
PYPL,2018-08-01,"HELOSE ADJOWA ADANDOGOU - DALMEIDA , PRESIDENTE DE LA FASFAF :  Je vais bousculer nos chefs dEtat",http://lepays.bf/heloise-adjowa-adandogou-dalmeida-presidente-de-la-fasfaf-je-vais-bousculer-nos-chefs-detat/,lepays.bf,French,0.0,gdelt_gkg
PYPL,2018-08-01,"People use cannabis products for health problems like Parkinson , epilepsy , and acne but misinformation and out - of - date regulations are stopping most from benefitting",https://www.stamfordadvocate.com/technology/businessinsider/article/People-use-cannabis-products-for-health-problems-13122445.php,stamfordadvocate.com,English,0.0,gdelt_gkg
PYPL,2018-08-01,"This Black Women Equal Pay Day , New Research Shows Too Few People Know Black Women Face Such a Large Pay Gap",https://www.prnewswire.com:443/news-releases/this-black-womens-equal-pay-day-new-research-shows-too-few-people-know-black-women-face-such-a-large-pay-gap-300689860.html,prnewswire.com,English,0.0,gdelt_gkg
PYPL,2018-08-01,"People use cannabis products for health problems like Parkinson , epilepsy , and acne but misinformation and out - of - date regulations are stopping most from benefitting",https://www.thehour.com/technology/businessinsider/article/People-use-cannabis-products-for-health-problems-13122445.php,thehour.com,English,0.0,gdelt_gkg
PYPL,2018-08-01,Raven Rescue appeals for help following arson attack,http://www.stourbridgenews.co.uk/news/16390870.ravens-rescue-appeals-for-help-following-arson-attack/,stourbridgenews.co.uk,English,0.0,gdelt_gkg
PYPL,2018-08-01,"This Black Women Equal Pay Day , New Research Shows Too Few People Know Black Women Face Such a Large Pay Gap",http://www.4-traders.com/news/This-Black-Women-s-Equal-Pay-Day-New-Research-Shows-Too-Few-People-Know-Black-Women-Face-Such-a-Lar--27036187/,4-traders.com,English,0.0,gdelt_gkg
PYPL,2018-08-01,"People use cannabis products for health problems like Parkinson , epilepsy , and acne but misinformation and out - of - date regulations are stopping most from benefitting",https://www.greenwichtime.com/technology/businessinsider/article/People-use-cannabis-products-for-health-problems-13122445.php,greenwichtime.com,English,0.0,gdelt_gkg
PYPL,2018-08-01,"People use cannabis products for health problems like Parkinson , epilepsy , and acne but misinformation and out - of - date regulations are stopping most from benefitting",https://www.middletownpress.com/technology/businessinsider/article/People-use-cannabis-products-for-health-problems-13122445.php,middletownpress.com,English,0.0,gdelt_gkg
PYPL,2018-08-01,"People use cannabis products for health problems like Parkinson , epilepsy , and acne but misinformation and out - of - date regulations are stopping most from benefitting",https://www.ctpost.com/technology/businessinsider/article/People-use-cannabis-products-for-health-problems-13122445.php,ctpost.com,English,0.0,gdelt_gkg
PYPL,2018-08-01,What to Do With All Your Skinny Jeans,https://www.gq.com/story/what-to-do-with-skinny-jeans-ask-mag,gq.com,English,0.0,gdelt_gkg
PYPL,2018-08-01,অ্যাফিলিয়েট মার্কেটিং করে মাসে ৪০০ - ৫০০ ডলার আয় করুন ! | Techtunes,https://www.techtunes.com.bd/outsourcing/tune-id/592658,techtunes.com.bd,Bengali,0.0,gdelt_gkg
PYPL,2018-08-01,Amazon | The Gadget Man – Technology News and Reviews,https://www.thegadgetman.org.uk/tag/amazon/,thegadgetman.org.uk,English,0.0,gdelt_gkg
PYPL,2018-08-01,The Morning Download : Nestl Blockchain Test Traces Ingredients From Suppliers to the Mouths of Babes - CIO Journal . ,https://blogs.wsj.com/cio/2018/08/01/the-morning-download-nestle-blockchain-test-traces-ingredients-from-suppliers-to-the-mouths-of-babes/,blogs.wsj.com,English,0.0,gdelt_gkg
PYPL,2018-08-01,PayPal | The Gadget Man – Technology News and Reviews,https://www.thegadgetman.org.uk/tag/paypal/,thegadgetman.org.uk,English,0.0,gdelt_gkg
PYPL,2018-08-01,Were the moon landings faked ? Conspiracy theories about the Apollo programme and why people still think it a hoax,https://www.thesun.co.uk/tech/6912943/moon-landings-faked-conspiracy-theories-apollo-hoax/,thesun.co.uk,English,0.0,gdelt_gkg
PYPL,2018-08-01,Cashless Society | The Gadget Man – Technology News and Reviews,https://www.thegadgetman.org.uk/tag/cashless-society/,thegadgetman.org.uk,English,0.0,gdelt_gkg
PYPL,2018-08-01,Wyoming Area Kiwanis Club Third Annual Duck Derby is Sept . 2 in West Pittston,https://www.psdispatch.com/news/63789/wyoming-area-kiwanis-clubs-third-annual-duck-derby-is-sept-2-in-west-pittston,psdispatch.com,English,0.0,gdelt_gkg
PYPL,2018-08-01,What will PayPal Do With Its Cash Pile ? ,https://www.sramanamitra.com/2018/08/01/what-will-paypal-do-with-its-cash-pile/,sramanamitra.com,English,0.0,gdelt_gkg
PYPL,2018-08-01,SafeBreach Launches Global Channel Program to Deliver Breach and Attack Simulation Platform and Services,https://forextv.com/top-news/safebreach-launches-global-channel-program-to-deliver-breach-and-attack-simulation-platform-and-services/,forextv.com,English,0.0,gdelt_gkg
PYPL,2018-08-01,WordPress . com,https://www.pcmag.com/review/362552/wordpress-com,pcmag.com,English,0.0,gdelt_gkg
PYPL,2018-08-01,F|T : The FinTech Times - DREAM THIEVES ? ,https://betakit.com/ft-the-fintech-times-dream-thieves/,betakit.com,English,0.0,gdelt_gkg
PYPL,2018-08-01,SafeBreach Launches Global Channel Program to Deliver Breach and Attack Simulation Platform and Services,https://www.tmcnet.com/usubmit/2018/08/01/8795684.htm,tmcnet.com,English,0.0,gdelt_gkg
PYPL,2018-08-01,SafeBreach Launches Global Channel Program to Deliver Breach and Attack Simulation Platform and Services,http://www.4-traders.com/news/SafeBreach-Launches-Global-Channel-Program-to-Deliver-Breach-and-Attack-Simulation-Platform-and-Serv--27037939/,4-traders.com,English,0.0,gdelt_gkg
PYPL,2018-08-01,IDENTITY THEFT : ,https://b937.radio.com/media/audio-channel/identity-theft-0,b937.radio.com,English,0.0,gdelt_gkg
PYPL,2018-08-01,SafeBreach Launches Global Channel Program to Deliver Breach and Attack Simulation Platform and Services,http://globenewswire.com/news-release/2018/08/01/1545695/0/en/SafeBreach-Launches-Global-Channel-Program-to-Deliver-Breach-and-Attack-Simulation-Platform-and-Services.html,globenewswire.com,English,0.0,gdelt_gkg
PYPL,2018-08-01,New York State Fair,https://www.pahomepage.com/new-york-state-fair,pahomepage.com,English,0.0,gdelt_gkg
PYPL,2018-08-01,What legacy will WikiLeaks founder Julian Assange leave behind ? ,https://www.engadget.com/2018/08/01/julian-assange-wikileaks-legacy-retrospective/,engadget.com,English,0.0,gdelt_gkg
PYPL,2018-08-01,Offenbach - Deutschland erwarten auch in nchsten Tagen tropische Nchte,http://www.aachener-nachrichten.de/news/newsticker/deutschland-erwarten-auch-in-naechsten-tagen-tropische-naechte-1.1954088,aachener-nachrichten.de,German,0.0,gdelt_gkg
PYPL,2018-08-01,A Threat to Global Democracy : How Facebook & Surveillance Capitalism Empower Authoritarianism,https://www.democracynow.org/2018/8/1/a_threat_to_global_democracy_how,democracynow.org,English,0.0,gdelt_gkg
PYPL,2018-08-01,"Today Local Deals : Jagged Edges Salon , M & M Meats , Chap Elba Diner",http://www.thebatavian.com/howard-b-owens/todays-local-deals-jagged-edges-salon-mm-meats-chaps-elba-diner/518998,thebatavian.com,English,0.0,gdelt_gkg
PYPL,2018-08-01,  Shopify  For Services Omnify Joins Stripe Partner Program In India,https://inc42.com/buzz/shopify-for-services-omnify-joins-stripe-partner-program-in-india/,inc42.com,English,0.0,gdelt_gkg
PYPL,2018-08-01,eHam . net Classifieds F . S . ANAN 200D Mint Condition,https://www.eham.net/classifieds/detail/548153,eham.net,English,0.0,gdelt_gkg
PYPL,2018-08-01,Global B2C E - Commerce Sales to Maintain Double - Digit Growth Rate Through 2021,https://www.benzinga.com/pressreleases/18/08/r12121085/global-b2c-e-commerce-sales-to-maintain-double-digit-growth-rate-throu,benzinga.com,English,0.0,gdelt_gkg
PYPL,2018-08-01,7  AI Podcast  Episodes That Reveal Which Industries Are Quickly Adopting AI,https://www.forbes.com/sites/nvidia/2018/08/01/7-ai-podcast-episodes-that-reveal-which-industries-are-quickly-adopting-ai/,forbes.com,English,0.0,gdelt_gkg
PYPL,2018-08-01,eHam . net Classifieds F . S . Sun SDR2 pro 100w SETUP COMBO,https://www.eham.net/classifieds/detail/548154,eham.net,English,0.0,gdelt_gkg
PYPL,2018-08-01,Region - Vor Semesterbeginn sind schon tausende Studierende auf Wohnungssuche,http://www.aachener-nachrichten.de/lokales/region/vor-semesterbeginn-sind-schon-tausende-studierende-auf-wohnungssuche-1.1954232,aachener-nachrichten.de,German,0.0,gdelt_gkg
PYPL,2018-08-01,Why the super - rich are taking their mega - boats into uncharted waters,https://www.theguardian.com/lifeandstyle/shortcuts/2018/aug/01/why-the-super-rich-are-taking-their-mega-boats-into-uncharted-waters,theguardian.com,English,0.0,gdelt_gkg
PYPL,2018-08-01,Tim & Tausch in the Morning ! FAN Overnight ! ,http://www.1057fmthefan.com/media/audio-channel/tim-tausch-morning-fan-overnight,1057fmthefan.com,English,0.0,gdelt_gkg
PYPL,2018-08-01,A local lineup for Carroll County Chasefest,http://www.baltimoresun.com/news/maryland/carroll/cc-en-chasefest-20180730-story.html,baltimoresun.com,English,0.0,gdelt_gkg
PYPL,2018-08-01,A Push for 3 - D Weapons by One of the World  Most Dangerous People  ,http://www.msn.com/en-gb/news/world/a-push-for-3-d-weapons-by-one-of-the-world%E2%80%99s-%E2%80%98most-dangerous-people%E2%80%99/ar-BBLlDsw,msn.com,English,0.0,gdelt_gkg
PYPL,2018-08-01,Teslad continues to bleed :: Southern Maryland Community Forums,http://forums.somd.com/threads/331548-Teslad-continues-to-bleed,forums.somd.com,English,0.0,gdelt_gkg
PYPL,2018-08-01,Digital banks and money apps criticised for  opaque  use of customer data,https://www.telegraph.co.uk/personal-banking/current-accounts/digital-banks-money-apps-criticised-opaque-use-customer-data/,telegraph.co.uk,English,0.0,gdelt_gkg
PYPL,2018-08-01,Apple is becoming a formidable financial technology company to rival PayPal and Square Quartz,https://qz.com/1345500/apple-is-becoming-a-formidable-financial-technology-company-to-rival-paypal-and-square/,qz.com,English,0.0,gdelt_gkg
PYPL,2018-09-30,2015 world cup semi final scorecard,http://swzonline.nl/site/5qg3mid.php?hvfg=2015-world-cup-semi-final-scorecard,swzonline.nl,English,0.0,gdelt_gkg
PYPL,2018-09-30,Elon Musk forced to step down as chairman of Tesla because of a single tweet,http://vt.co/news/us/elon-musk-forced-to-step-down-as-chairman-of-tesla-because-of-a-single-tweet/,vt.co,English,0.0,gdelt_gkg
PYPL,2018-09-30,Police in Delaware warn of scam involving dating sites,https://www.nhregister.com/news/crime/article/Police-in-Delaware-warn-of-scam-involving-dating-13269918.php,nhregister.com,English,0.0,gdelt_gkg
PYPL,2018-09-30,Police in Delaware warn of scam involving dating sites,https://www.ourmidland.com/news/crime/article/Police-in-Delaware-warn-of-scam-involving-dating-13269918.php,ourmidland.com,English,0.0,gdelt_gkg
PYPL,2018-09-30,Police in Delaware warn of scam involving dating sites,https://www.thetelegraph.com/news/crime/article/Police-in-Delaware-warn-of-scam-involving-dating-13269918.php,thetelegraph.com,English,0.0,gdelt_gkg
PYPL,2018-09-30,PayPal or a  similar platform  could launch in Pakistan soon,https://defence.pk/pdf/threads/paypal-or-a-similar-platform-could-launch-in-pakistan-soon.579617/,defence.pk,English,0.0,gdelt_gkg
PYPL,2018-09-30,Police in Delaware warn of scam involving dating sites,https://www.mrt.com/news/crime/article/Police-in-Delaware-warn-of-scam-involving-dating-13269918.php,mrt.com,English,0.0,gdelt_gkg
PYPL,2018-09-30,utorrent not working mac 2017,http://swzonline.nl/site/5qg3mid.php?hvfg=utorrent-not-working-mac-2017,swzonline.nl,English,0.0,gdelt_gkg
PYPL,2018-09-30,Better Buy : Square Inc . vs . Visa -- The Motley Fool,https://www.fool.com/investing/2018/09/30/better-buy-square-inc-vs-visa.aspx?source=iedfolrf0000001,fool.com,English,0.0,gdelt_gkg
PYPL,2018-09-30,apps that pay you through paypal 2017,http://swzonline.nl/site/5qg3mid.php?hvfg=apps-that-pay-you-through-paypal-2017,swzonline.nl,English,0.0,gdelt_gkg
PYPL,2018-09-30,  Weihnachten im Schuhkarton®  schenkt Kriegskindern Hoffnung,https://www.ots.at/presseaussendung/OTS_20181001_OTS0001/weihnachten-im-schuhkarton-schenkt-kriegskindern-hoffnung,ots.at,German,0.0,gdelt_gkg
PYPL,2018-09-30,Police in Delaware warn of scam involving dating sites,http://www.ccenterdispatch.com/news/state/article_b88168fe-bd8d-518e-8bfc-79bcfc6785ca.html,ccenterdispatch.com,English,0.0,gdelt_gkg
PYPL,2018-09-30,"Natural Gas Swings , Misses Inexorable March To The All - Electric Future",https://cleantechnica.com/2018/09/30/natural-gas-swings-misses-inexorable-march-to-the-all-electric-future/,cleantechnica.com,English,0.0,gdelt_gkg
PYPL,2018-09-30,De revistas a cohetes espaciales : así invierten los magnates tecnológicos,http://www.expansion.com/economia-digital/protagonistas/2018/10/01/5bab4d81268e3e551c8b45e4.html,expansion.com,Spanish,0.0,gdelt_gkg
PYPL,2018-09-30,IU offers payment app option for metered parking,https://www.idsnews.com/article/2018/09/iu-offers-payment-app-option-for-metered-parking,idsnews.com,English,0.0,gdelt_gkg
PYPL,2018-09-30,PayPal or a  similar platform  could launch in Pakistan soon,https://www.neowin.net/news/paypal-or-a-similar-platform-could-launch-in-pakistan-soon,neowin.net,English,0.0,gdelt_gkg
PYPL,2018-09-30,Sunflare Brings New Solar Shingle Into The Light # CleanTechnica at # SPI2018,https://cleantechnica.com/2018/09/30/sunflare-brings-new-solar-shingle-into-the-light-cleantechnica-at-spi2018/,cleantechnica.com,English,0.0,gdelt_gkg
PYPL,2018-09-30,US close : Wall Street finishes quarter on a mixed note,https://uk.webfg.com/news/market-report-us-close/us-close--3513279.html,uk.webfg.com,English,0.0,gdelt_gkg
PYPL,2018-09-30,Police in Delaware warn of scam involving dating sites,https://www.nydailynews.com/news/sns-bc-de--dating-sites-scammers-20180930-story.html,nydailynews.com,English,0.0,gdelt_gkg
PYPL,2018-09-30,Police in Delaware warn of scam involving dating sites,https://www.timesunion.com/news/crime/article/Police-in-Delaware-warn-of-scam-involving-dating-13269918.php,timesunion.com,English,0.0,gdelt_gkg
PYPL,2018-09-30,How to Maliciously Smear Your Critics ( and Not Get Away with It ) ,https://www.greanvillepost.com/2018/09/30/how-to-maliciously-smear-your-critics-and-not-get-away-with-it/,greanvillepost.com,English,0.0,gdelt_gkg
PYPL,2018-09-30,Where the Elite Come to Play ( MJ Sailing – EP 60 ) ,http://www.mjsailing.com/where-the-elite-come-to-play-mj-sailing-ep-60/,mjsailing.com,English,0.0,gdelt_gkg
PYPL,2018-09-30,This 24 - year - old built a $5 billion hotel startup in five years,https://dailytimes.com.pk/304813/this-24-year-old-built-a-5-billion-hotel-startup-in-five-years/,dailytimes.com.pk,English,0.0,gdelt_gkg
PYPL,2018-09-30,air jordan retro 11 low cut jordan 11 red,http://www.bilan.ch/bjU1MDI3MQ,bilan.ch,English,0.0,gdelt_gkg
PYPL,2018-09-30,Police in Delaware warn of scam involving dating sites,https://www.newstimes.com/news/crime/article/Police-in-Delaware-warn-of-scam-involving-dating-13269918.php,newstimes.com,English,0.0,gdelt_gkg
PYPL,2018-09-30,eHam . net Classifieds Yaesu FT - 100D & ATAS - 100,https://www.eham.net/classifieds/detail/551453,eham.net,English,0.0,gdelt_gkg
PYPL,2018-09-30,++ Berlin - News - Ticker ++ : „ Hambi lebt  - Demonstranten klettern auf Baum am Bundestag,https://www.berliner-kurier.de/berlin/kiez---stadt/---berlin-news-ticker------hambi-lebt----demonstranten-klettern-auf-baum-am-bundestag-22954004,berliner-kurier.de,German,0.0,gdelt_gkg
PYPL,2018-09-30,how to jailbreak firestick 2017,http://swzonline.nl/site/5qg3mid.php?hvfg=how-to-jailbreak-firestick-2017,swzonline.nl,English,0.0,gdelt_gkg
PYPL,2018-09-30,Sailing I - 65 from Bahamas to St . Barth ( MJ Sailing – EP 62 ) | Matt & Jessica Sailing Page,http://www.mjsailing.com/sailing-i-65-from-bahamas-to-st-barths-mj-sailing-ep-62/,mjsailing.com,English,0.0,gdelt_gkg
PYPL,2018-09-30,this transaction cannot be completed at this time 601,http://swzonline.nl/site/5qg3mid.php?hvfg=this-transaction-cannot-be-completed-at-this-time-601,swzonline.nl,English,0.0,gdelt_gkg
PYPL,2018-09-30,Elon Musk to resign as Tesla chairman - motoring . com . au,https://www.motoring.com.au/elon-musk-to-resign-as-tesla-chairman-114896/,motoring.com.au,English,0.0,gdelt_gkg
PYPL,2018-09-30,"How to upgrade , renew or change your Whaleoil subscription – Whale Oil Beef Hooked",https://www.whaleoil.co.nz/2018/10/how-to-upgrade-renew-or-change-your-whaleoil-subscription-120/,whaleoil.co.nz,English,0.0,gdelt_gkg
PYPL,2018-09-30,Please ! Taking Singapore Group Order for @ SH _ badge Taemin Badges,http://sglinks.com/pages/119497602-at-sh-badge-taemin-badges,sglinks.com,English,0.0,gdelt_gkg
PYPL,2018-09-30,Les meilleurs RPG sur smartphones et tablettes Android,https://www.frandroid.com/android/applications/jeux-android-applications/156687_les-meilleurs-rpg-pour-occuper-cet-ete-dossier,frandroid.com,French,0.0,gdelt_gkg
PYPL,2018-09-30,Adorable LEGO Wind Turbine Is Made From Sustainable Bricks,https://cleantechnica.com/2018/09/30/adorable-lego-wind-turbine-is-made-from-sustainable-bricks/,cleantechnica.com,English,0.0,gdelt_gkg
PYPL,2018-09-30,"Suwanne County Florida Lot , . 25 Acre Residential Lot ! Cheap !!! Cheap !!! Bid Now - Natchitoches , Louisiana",https://www.realgeni.com/detail/land/Suwanne-County-Florida-Lot-25-Acre-Residential_142957624170.html,realgeni.com,English,0.0,gdelt_gkg
PYPL,2018-09-30,What Is Blockchain ? ( Blockchain Report Excerpt ) ,https://cleantechnica.com/2018/09/30/what-is-blockchain-blockchain-report-excerpt/,cleantechnica.com,English,0.0,gdelt_gkg
PYPL,2018-09-30,"Por un tuit , el presidente de Tesla renunciará y pagará una multa millonaria",https://nuevaya.com.ni/por-un-tuit-el-presidente-de-tesla-renunciara-y-pagara-una-multa-millonaria/,nuevaya.com.ni,Spanish,0.0,gdelt_gkg
PYPL,2018-09-30,Los concursos de la televisión se juegan ahora en el móvil,http://www.laregion.es/articulo/espanha/concursos-television-juegan-ahora-movil/20180930194225826542.html,laregion.es,Spanish,0.0,gdelt_gkg
PYPL,2018-09-30,Police in Delaware warn of scam involving dating sites,https://www.beaumontenterprise.com/news/crime/article/Police-in-Delaware-warn-of-scam-involving-dating-13269918.php,beaumontenterprise.com,English,0.0,gdelt_gkg
PYPL,2018-09-30,Police in Delaware warn of scam involving dating sites,https://www.sfchronicle.com/news/crime/article/Police-in-Delaware-warn-of-scam-involving-dating-13269918.php,sfchronicle.com,English,0.0,gdelt_gkg
PYPL,2018-09-30,Police in Delaware warn of scam involving dating sites,https://www.lmtonline.com/news/crime/article/Police-in-Delaware-warn-of-scam-involving-dating-13269918.php,lmtonline.com,English,0.0,gdelt_gkg
PYPL,2018-09-30,A Message For & By The Younger Generation About Our Future With Cleantech,https://cleantechnica.com/2018/09/30/a-message-for-by-the-younger-generation-about-the-future-with-cleantech/,cleantechnica.com,English,0.0,gdelt_gkg
PYPL,2018-10-01,Warning over scam HMRC and Paypal e - mails,https://www.southyorkshiretimes.co.uk/news/crime/warning-over-scam-hmrc-and-paypal-e-mails-1-7836506,southyorkshiretimes.co.uk,English,0.0,gdelt_gkg
PYPL,2018-10-01,This 24 year - old Indian built a US$5 billion hotel start - up empire - this is how he did it | Style Magazine,https://www.scmp.com/magazines/style/tech-design/article/2166195/24-year-old-indian-built-us5-billion-hotel-start-empire,scmp.com,English,0.0,gdelt_gkg
PYPL,2018-10-01,How to save fees on sending money overseas,https://canadianimmigrant.ca/money-and-business/how-to-save-fees-on-sending-money-overseas,canadianimmigrant.ca,English,0.0,gdelt_gkg
PYPL,2018-10-01,Club Mudgee donating cans and bottles to help community groups,https://www.mudgeeguardian.com.au/story/5677373/club-mudgee-donating-cans-and-bottles-to-help-community-groups/,mudgeeguardian.com.au,English,0.0,gdelt_gkg
PYPL,2018-10-01,Man Admits Paying Minor To Engage In Sexual Activity Over Skype,https://westport.dailyvoice.com/news/man-admits-paying-minor-to-engage-in-sexual-activity-over-skype/742475/,westport.dailyvoice.com,English,0.0,gdelt_gkg
PYPL,2018-10-01,Steelers Depot - Steelers News Blog,https://steelersdepot.com/page/1820/,steelersdepot.com,English,0.0,gdelt_gkg
PYPL,2018-10-01,Club Mudgee donating cans and bottles to help community groups,https://www.mudgeeguardian.com.au/story/5677373/club-mudgee-donating-cans-and-bottles-to-help-community-groups/?cs=981,mudgeeguardian.com.au,English,0.0,gdelt_gkg
PYPL,2018-10-01,Texas Shout # 14 Books About The Music,https://syncopatedtimes.com/texas-shout-14-books-about-the-music/,syncopatedtimes.com,English,0.0,gdelt_gkg
PYPL,2018-10-01,"Boxing News – Boxing , UFC and MMA News , Fight Results , Schedule , Rankings , Videos and More – Page 884 – Late Breaking Boxing , UFC and MMA News",http://www.15rounds.com/page/884/,15rounds.com,English,0.0,gdelt_gkg
PYPL,2018-10-01,  유기견 구조해 달라  후원금 냈더니 … 뒷주머니로  모금피해주의보  ,http://news1.kr/articles/?3437175,news1.kr,Korean,0.0,gdelt_gkg
PYPL,2018-10-01,Police in Delaware warn of scam involving dating sites,https://www.greenwichtime.com/news/crime/article/Police-in-Delaware-warn-of-scam-involving-dating-13269918.php,greenwichtime.com,English,0.0,gdelt_gkg
PYPL,2018-10-01,В зоне пониженного влияния,https://www.kommersant.ru/doc/3751304,kommersant.ru,Russian,0.0,gdelt_gkg
PYPL,2018-10-01,Республика Северная Македония : В референдуме о переименовании страны приняли участие менее половины избирателей ( 01 . 10 . 18 01 : 56 ) « За рубежом,https://censor.net.ua/news/3088849/v_referendume_o_pereimenovanii_makedonii_prinyali_uchastie_menee_poloviny_izbirateleyi_vopros_reshitsya,censor.net.ua,Russian,0.0,gdelt_gkg
PYPL,2018-10-01,"На миллион больше : биткоин бьет рекорды , количество активных кошельков растет",https://politeka.net/news/economics/745343-na-million-bolshe-bitkoin-bet-rekordy-kolichestvo-aktivnyh-koshelkov-rastet/,politeka.net,Russian,0.0,gdelt_gkg
PYPL,2018-10-01,  Weihnachten im Schuhkarton®  schenkt Kriegskindern Hoffnung / Zweitgrte Weihnachtswerkstatt Europas eröffnet im Süden Deutschlands ( FOTO ) ,https://www.politikexpress.de/weihnachten-im-schuhkarton-schenkt-kriegskindern-hoffnung-zweitgrosste-weihnachtswerkstatt-europas-eroffnet-im-suden-deutschlands-foto-1655510.html,politikexpress.de,German,0.0,gdelt_gkg
PYPL,2018-10-01,Investigation disrupts alleged dark web hitmen in potential murder - for - hire plots,http://www.msn.com/en-us/news/crime/investigation-disrupts-alleged-dark-web-hitmen-in-potential-murder-for-hire-plots/ar-BBNIX5c,msn.com,English,0.0,gdelt_gkg
PYPL,2018-10-01,Police in Delaware warn of scam involving dating sites,https://www.thehour.com/news/crime/article/Police-in-Delaware-warn-of-scam-involving-dating-13269918.php,thehour.com,English,0.0,gdelt_gkg
PYPL,2018-10-01,Police in Delaware warn of scam involving dating sites,https://www.myplainview.com/news/crime/article/Police-in-Delaware-warn-of-scam-involving-dating-13269918.php,myplainview.com,English,0.0,gdelt_gkg
PYPL,2018-10-01,"  It Not Fear That Should Drive Us To Act , It Love  Interview With Susan Kucera , Director Of Living In The Future Past",https://cleantechnica.com/2018/09/30/its-not-fear-that-should-drive-us-to-act-its-love-interview-with-susan-kucera-director-of-living-in-the-futures-past/,cleantechnica.com,English,0.0,gdelt_gkg
PYPL,2018-10-01,10 Year Extension To US EV Tax Credit Proposed,https://cleantechnica.com/2018/10/01/10-year-extension-to-us-ev-tax-credit-proposed/,cleantechnica.com,English,0.0,gdelt_gkg
PYPL,2018-10-01,Weihnachten im Schuhkarton® schenkt Kriegskindern Hoffnung / Zweitgrte Weihnachtswerkstatt Europas eröffnet im Süden Deutschlands,https://www.direktbroker.de/news/vermischtes-weihnachten-im-schuhkarton-schenkt-kriegskindern-hoffnung-zweitgroesste-weihnachtswerkstatt-europas-eroeffnet-im-sueden-deutschlands-57534180,direktbroker.de,German,0.0,gdelt_gkg
PYPL,2018-10-01,Joyful Smiles Thru Faith kicks off Anti - Bullying Month with fundraiser,https://nbc24.com/news/local/joyful-smiles-thru-faith-kicks-off-anti-bullying-month-with-fundraiser,nbc24.com,English,0.0,gdelt_gkg
PYPL,2018-10-01,Four dead after typhoon batters Japan,http://www.terradaily.com/reports/Four_dead_after_typhoon_batters_Japan_999.html,terradaily.com,English,0.0,gdelt_gkg
PYPL,2018-10-01,"Droidcon 2012 Is Happening In Amsterdam On November 22 - 23 , Get 25 % Off With Our Promo Code",https://www.androidpolice.com/2012/10/01/droidcon-2012-is-happening-in-amsterdam-on-november-22-23-get-25-off-with-our-promo-code/,androidpolice.com,English,0.0,gdelt_gkg
PYPL,2018-10-01,ms outlook 2007 troubleshooting pdf,http://swzonline.nl/site/5qg3mid.php?hvfg=ms-outlook-2007-troubleshooting-pdf,swzonline.nl,English,0.0,gdelt_gkg
PYPL,2018-10-01,Good for the piggy bank ! How walking pigs in the Brecon Beacons became a profitable business,https://www.walesonline.co.uk/special-features/walking-pigs-brecon-profitable-business-15197879,walesonline.co.uk,English,0.0,gdelt_gkg
PYPL,2018-10-01,Modern Tokyo Times | Earthquake and tsunami toll reaches 844 people in Indonesia : 34 Christian children at Bible camp die,http://moderntokyotimes.com/earthquake-and-tsunami-toll-reaches-844-people-in-indonesia-34-christian-children-at-bible-camp-die/,moderntokyotimes.com,English,0.0,gdelt_gkg
PYPL,2018-10-01,  History and Hop Oct . 19 to benefit Library of the Chathams,http://www.newjerseyhills.com/chatham_courier/news/history-and-hops-oct-to-benefit-library-of-the-chathams/article_46f1d7e9-a85c-5a6b-99b6-e6cb3a22990a.html,newjerseyhills.com,English,0.0,gdelt_gkg
PYPL,2018-10-01,The rise of digital banking and cryptocurrency in the Philippines,http://manilastandard.net/mobile/article/276719,manilastandard.net,English,0.0,gdelt_gkg
PYPL,2018-10-01,"Remittance Market 2018 – Global Industry Analysis , Size , Share , - Hometownstations . com - WLIO - Lima , OH News Weather Sports",http://www.hometownstations.com/story/38703431/remittance-market-2018-global-industry-analysis-size-share-growth-trends-and-forecast-2025,hometownstations.com,English,0.0,gdelt_gkg
PYPL,2018-10-01,У супербогатых из Силиконовой долины есть план побега на случай Судного дня / Богатые американцы активизировали инвестиции в недвижимость в Новой Зеландии,http://www.vsesmi.ru/realty/2018/10/01/2009064/,vsesmi.ru,Russian,0.0,gdelt_gkg
PYPL,2018-10-01,How a bad backpacking experience led to the birth of the $5 billion OYO hospitality chain,https://scroll.in/article/896216/how-a-bad-backpacking-experience-led-to-the-birth-of-the-5-billion-oyo-hospitality-chain,scroll.in,English,0.0,gdelt_gkg
PYPL,2018-10-01,CAD Forum - What does the padlock icon mean on the DWG tab in AutoCAD ? ,https://www.cadforum.cz/cadforum_en/what-does-the-padlock-icon-mean-on-the-dwg-tab-tip12019,cadforum.cz,English,0.0,gdelt_gkg
PYPL,2018-10-01,Myanmar to allow visa - free visitors from Hong Kong and Macau following on from Japan and South Korea,https://moderntokyonews.com/2018/10/01/myanmar-to-allow-visa-free-visitors-from-hong-kong-and-macau-following-on-from-japan-and-south-korea/,moderntokyonews.com,English,0.0,gdelt_gkg
PYPL,2018-10-01,"이데일리 - 세상을 올바르게 , 세상을 따뜻하게",http://www.edaily.co.kr/news/read?newsId=03890086619368656&mediaCodeNo=257,edaily.co.kr,Korean,0.0,gdelt_gkg
PYPL,2018-10-01,Police in Delaware warn of scam involving dating sites,https://www.theintelligencer.com/news/crime/article/Police-in-Delaware-warn-of-scam-involving-dating-13269918.php,theintelligencer.com,English,0.0,gdelt_gkg
PYPL,2018-10-01,Modern Tokyo Times | Myanmar to allow visa - free visitors from Hong Kong and Macau following on from Japan and South Korea,http://moderntokyotimes.com/myanmar-to-allow-visa-free-visitors-from-hong-kong-and-macau-following-on-from-japan-and-south-korea/,moderntokyotimes.com,English,0.0,gdelt_gkg
PYPL,2018-10-01,Funky Taurus Media - Music Photo Agency & Products,https://www.funkytaurusmedia.com/shop_content.php?coID=2&XTCsid=as4917emi9cact0amo7k8vtn54,funkytaurusmedia.com,English,0.0,gdelt_gkg
PYPL,2018-10-01,Hometown Stories : Nonprofit created to help Sullivan County stray cats,https://www.heraldcourier.com/news/hometown-stories-nonprofit-created-to-help-sullivan-county-stray-cats/article_9fb190fc-d753-5f83-b372-da36315c59f1.html,heraldcourier.com,English,0.0,gdelt_gkg
PYPL,2018-10-01,Christelle Néant - Donbass SitRep n°109 du 29 sept 2018,https://www.agoravox.tv/actualites/international/article/christelle-neant-donbass-sitrep-78767,agoravox.tv,French,0.0,gdelt_gkg
PYPL,2018-10-01,Los fracasos y éxitos de Elon Musk más allá de Tesla,https://www.latercera.com/pulso/noticia/los-fracasos-exitos-elon-musk-mas-alla-tesla/336762/,latercera.com,Spanish,0.0,gdelt_gkg
PYPL,2018-10-01,17 . urodziny Histmaga : Cel – społeczność ! - Portal historyczny Histmag . org,https://histmag.org/17-urodziny-Histmaga-cel-spolecznosc-17492,histmag.org,Polish,0.0,gdelt_gkg
PYPL,2018-10-01,"It Costs Less To Fuel An Electric Car , And Why",https://cleantechnica.com/2018/09/30/it-costs-less-to-fuel-an-electric-car-and-why/,cleantechnica.com,English,0.0,gdelt_gkg
PYPL,2018-10-01,Regenerative Braking Is One Of The Joys Of Driving An EV,https://cleantechnica.com/2018/09/30/regenerative-braking-is-one-of-the-joys-of-driving-an-ev/,cleantechnica.com,English,0.0,gdelt_gkg
PYPL,2018-10-01,Want To Buy A New Car For Free In 10 Years ? Buy An Electric Car Today,https://cleantechnica.com/2018/09/30/want-to-buy-a-new-car-for-free-in-10-years-buy-an-electric-car-today/,cleantechnica.com,English,0.0,gdelt_gkg
PYPL,2018-10-01,GreenPower Multi - Use Electric Minibus (# CleanTechnica Review ) ,https://cleantechnica.com/2018/09/30/greenpowers-multi-use-electric-minibus-cleantechnica-review/,cleantechnica.com,English,0.0,gdelt_gkg
PYPL,2018-10-01,CAD Forum - How to transfer an AutoCAD hatch pattern to Revit ? ,https://www.cadforum.cz/cadforum_en/how-to-transfer-an-autocad-hatch-pattern-to-revit-tip12018,cadforum.cz,English,0.0,gdelt_gkg
PYPL,2018-10-01,"한컴 , 계열사  씽크프리NV  291억원에 해외사모펀드에 매각",http://www.diodeo.com/news/view/3084997,diodeo.com,Korean,0.0,gdelt_gkg
PYPL,2018-10-01,Police in Delaware warn of scam involving dating sites,https://www.seattlepi.com/news/crime/article/Police-in-Delaware-warn-of-scam-involving-dating-13269918.php,seattlepi.com,English,0.0,gdelt_gkg
PYPL,2018-10-01,Police in Delaware warn of scam involving dating sites,https://www.expressnews.com/news/crime/article/Police-in-Delaware-warn-of-scam-involving-dating-13269918.php,expressnews.com,English,0.0,gdelt_gkg
PYPL,2018-10-01,"Ex - Ebay , PayPal Exec Faces SEC Insider Trading Suit",https://www.law360.com/articles/1088130,law360.com,English,0.0,gdelt_gkg
PYPL,2018-10-01,kozy kitchens - Zoky and Nad # 01 – GiantRobotStore,https://www.giantrobot.com/products/kozy-kitchens-zoky-and-nad-01,giantrobot.com,English,0.0,gdelt_gkg
PYPL,2018-10-01,Did key building blocks for life come from deep space ? ,http://www.spacedaily.com/reports/Did_key_building_blocks_for_life_come_from_deep_space_999.html,spacedaily.com,English,0.0,gdelt_gkg
PYPL,2018-10-01,Two quantum dots are better than one : Using one dot to sense changes in another,http://www.spacedaily.com/reports/Two_quantum_dots_are_better_than_one_Using_one_dot_to_sense_changes_in_another_999.html,spacedaily.com,English,0.0,gdelt_gkg
PYPL,2018-10-01,Cosmologists use photonics to search Andromeda for signs of alien life,http://www.spacedaily.com/reports/Cosmologists_use_photonics_to_search_Andromeda_for_signs_of_alien_life_999.html,spacedaily.com,English,0.0,gdelt_gkg
PYPL,2018-10-01,Battle rages over EU defence pact,http://www.spacewar.com/reports/Battle_rages_over_EU_defence_pact_999.html,spacewar.com,English,0.0,gdelt_gkg
PYPL,2018-10-01,Raytheon to deliver small drone decoys to the U . S . Navy,http://www.spacewar.com/reports/Raytheon_to_deliver_small_drone_decoys_to_the_US_Navy_999.html,spacewar.com,English,0.0,gdelt_gkg
PYPL,2018-10-01,"Machine - learning system tackles speech and object recognition , all at once",http://www.spacedaily.com/reports/Machine_learning_system_tackles_speech_and_object_recognition_all_at_once_999.html,spacedaily.com,English,0.0,gdelt_gkg
PYPL,2018-10-01,New Horizons Team Rehearses For New Year Flyby,http://www.spacedaily.com/reports/New_Horizons_Team_Rehearses_For_New_Years_Flyby_999.html,spacedaily.com,English,0.0,gdelt_gkg
PYPL,2018-10-01,Commercially relevant bismuth - based thin film processing,http://www.spacedaily.com/reports/Commercially_relevant_bismuth_based_thin_film_processing_999.html,spacedaily.com,English,0.0,gdelt_gkg
PYPL,2018-10-01,Nucleus completes successful first launch,http://www.spacedaily.com/reports/Nucleus_completes_successful_first_launch_999.html,spacedaily.com,English,0.0,gdelt_gkg
PYPL,2018-10-01,Funky Taurus Media - Music Photo Agency & Products,https://www.funkytaurusmedia.com/shop_content.php?coID=3&XTCsid=eejbj943r0a9ogi4l4hee2mq07,funkytaurusmedia.com,German,0.0,gdelt_gkg
PYPL,2018-10-01,Multi - domain command and control is coming,http://www.spacewar.com/reports/Multi_domain_command_and_control_is_coming_999.html,spacewar.com,English,0.0,gdelt_gkg
PYPL,2018-10-01,Plasma thruster : New space debris removal technology,http://www.spacedaily.com/reports/Plasma_thruster_New_space_debris_removal_technology_999.html,spacedaily.com,English,0.0,gdelt_gkg
PYPL,2018-10-01,Two Years after Rosetta,http://www.spacedaily.com/reports/Two_Years_after_Rosetta_999.html,spacedaily.com,English,0.0,gdelt_gkg
PYPL,2018-10-01,A decade of commercial space travel,http://www.spacedaily.com/reports/A_decade_of_commercial_space_travel___whats_next_999.html,spacedaily.com,English,0.0,gdelt_gkg
PYPL,2018-10-01,"China , Russia call at UN for easing of N . Korea sanctions",http://www.spacewar.com/reports/China_Russia_call_at_UN_for_easing_of_NKorea_sanctions_999.html,spacewar.com,English,0.0,gdelt_gkg
PYPL,2018-10-01,WWII bombs sent shockwaves to the edge of space,http://www.spacewar.com/reports/WWII_bombs_sent_shockwaves_to_the_edge_of_space_999.html,spacewar.com,English,0.0,gdelt_gkg
PYPL,2018-10-01,China launches Centispace - 1 - s1 satellite,http://www.spacedaily.com/reports/China_launches_Centispace_1_s1_satellite_999.html,spacedaily.com,English,0.0,gdelt_gkg
PYPL,2018-10-01,General Atomics to provide technical services for Gray Eagle drones,http://www.spacewar.com/reports/General_Atomics_to_provide_technical_services_for_Gray_Eagle_drones_999.html,spacewar.com,English,0.0,gdelt_gkg
PYPL,2018-10-01,Japan Deploys Jumping Robots on Distant Asteroid,http://www.spacedaily.com/reports/Japan_Deploys_Jumping_Robots_on_Distant_Asteroid_999.html,spacedaily.com,English,0.0,gdelt_gkg
PYPL,2018-10-01,American Ordnance to supply mine clearing line charge systems,http://www.spacewar.com/reports/American_Ordnance_to_supply_mine_clearing_line_charge_systems_999.html,spacewar.com,English,0.0,gdelt_gkg
PYPL,2018-10-01,Trump says he and Kim Jong Un  in love  ,http://www.spacewar.com/reports/Trump_says_he_and_Kim_Jong_Un_in_love_999.html,spacewar.com,English,0.0,gdelt_gkg
PYPL,2018-10-01,"Having raised $1 . 6 million and wooed LinkedIn Cliff Rosenburg , founders of recruitment startup MyInterview explain why they could be picky about their investors",https://www.smartcompany.com.au/startupsmart/news-analysis/recruitment-startup-myinterview-raised-1-6-million-wooed-linkedin-cliff-rosenburg/,smartcompany.com.au,English,0.0,gdelt_gkg
PYPL,2018-10-01,"China , Russia denounce  blackmail  as rift with US exposed at UN",http://www.spacewar.com/reports/China_Russia_denounce_blackmail_as_rift_with_US_exposed_at_UN_999.html,spacewar.com,English,0.0,gdelt_gkg
PYPL,2018-10-01,Compras del súper por internet crecerán el doble para 2022,http://www.elfinanciero.com.mx/empresas/compras-del-super-por-internet-creceran-el-doble-para-2022,elfinanciero.com.mx,Spanish,0.0,gdelt_gkg
PYPL,2018-10-01,California tough net neutrality bill prompts US lawsuit,https://article.wn.com/view/2018/10/01/Californias_tough_net_neutrality_bill_prompts_US_lawsuit_1/,article.wn.com,English,0.0,gdelt_gkg
PYPL,2018-10-01,Funky Taurus Media - Music Photo Agency & Products,https://www.funkytaurusmedia.com/shop_content.php?coID=2&XTCsid=eejbj943r0a9ogi4l4hee2mq07,funkytaurusmedia.com,German,0.0,gdelt_gkg
PYPL,2018-10-01,kozy kitchens - Sun Koo # 12 – GiantRobotStore,https://www.giantrobot.com/products/kozy-kitchens-sun-koo-12,giantrobot.com,English,0.0,gdelt_gkg
PYPL,2018-10-01,kozy kitchens - Fellow # 08 – GiantRobotStore,https://www.giantrobot.com/products/kozy-kitchens-fellow-08,giantrobot.com,English,0.0,gdelt_gkg
PYPL,2018-10-01,Funky Taurus Media - Music Photo Agency & Products,https://www.funkytaurusmedia.com/shop_content.php?coID=2&XTCsid=ose51v8q67jr6v2lvp5ng80071,funkytaurusmedia.com,German,0.0,gdelt_gkg
PYPL,2018-10-01,top 10 leaders in the world 2017,http://swzonline.nl/site/5qg3mid.php?hvfg=top-10-leaders-in-the-world-2017,swzonline.nl,English,0.0,gdelt_gkg
PYPL,2018-10-01,"David Liebe Hart , Chip The Black Boy , Whatever Your Heart Desires , Wood Chickens , Meat Jelly",https://isthmus.com/events/david-liebe-hart-chip-the-black-boy/?occ_dtstart=2018-10-03T19:30,isthmus.com,English,0.0,gdelt_gkg
PYPL,2018-10-01,Funky Taurus Media - Music Photo Agency & Products,https://www.funkytaurusmedia.com/shop_content.php?coID=3&XTCsid=ose51v8q67jr6v2lvp5ng80071,funkytaurusmedia.com,German,0.0,gdelt_gkg
PYPL,2018-10-01,6 Reasons I Just Bought Amazon ( The Only Non - Dividend Stock I Plan To Own ) ,https://seekingalpha.com/article/4209223-6-reasons-just-bought-amazon-non-dividend-stock-plan,seekingalpha.com,English,0.0,gdelt_gkg
PYPL,2018-10-01,How leaves talk to roots,http://www.terradaily.com/reports/How_leaves_talk_to_roots_999.html,terradaily.com,English,0.0,gdelt_gkg
PYPL,2018-10-01,Economies Of Scale From The Tesla Gigafactory To A Chain Of Terrafactories,https://cleantechnica.com/2018/09/30/economies-of-scale-from-the-tesla-gigafactory-to-a-chain-of-terrafactories/,cleantechnica.com,English,0.0,gdelt_gkg
PYPL,2018-10-01,The Brussels Times - September unusually sunny and little rain,http://www.brusselstimes.com/rss-feed/12677/september-unusually-sunny-and-little-rain,brusselstimes.com,English,0.0,gdelt_gkg
PYPL,2018-10-01,Changing Of The Guard At Daimler As Electric Car Era Approaches,https://cleantechnica.com/2018/10/01/changing-of-the-guard-at-daimler-as-electric-car-era-approaches/,cleantechnica.com,English,0.0,gdelt_gkg
PYPL,2018-10-01,Xiaomi Redmi Note 5 Pro ( Mobiteli ) @ Bug Online Forum,http://www.bug.hr/forum/topic/mobiteli/xiaomi-redmi-note-5-pro/251519.aspx?page=67&jumpto=5755520&sort=asc&view=flat,bug.hr,Croatian,0.0,gdelt_gkg
PYPL,2018-10-01,Chile launches immense scenic route connecting 17 national parks,http://www.terradaily.com/reports/Chile_launches_immense_scenic_route_connecting_17_national_parks_999.html,terradaily.com,English,0.0,gdelt_gkg
PYPL,2018-10-01,Local Briefs,https://www.chieftain.com/news/local-briefs/article_bcc1db72-c5c9-11e8-9203-93b4543a00b5.html,chieftain.com,English,0.0,gdelt_gkg
PYPL,2018-10-01,Fisheries nations to decide fate of declining bigeye tuna,http://www.terradaily.com/reports/Fisheries_nations_to_decide_fate_of_declining_bigeye_tuna_999.html,terradaily.com,English,0.0,gdelt_gkg
PYPL,2018-10-01,"  Musk Is Someone Who Loves Attention : Elon Musk Isnt Henry Ford , He Kanye West",https://www.vanityfair.com/news/2018/10/elon-musk-tesla-sec-henry-ford-kanye-west,vanityfair.com,English,0.0,gdelt_gkg
PYPL,2018-10-01,National parks bear the brunt of climate change,http://www.terradaily.com/reports/National_parks_bear_the_brunt_of_climate_change_999.html,terradaily.com,English,0.0,gdelt_gkg
PYPL,2018-10-01,Gabon pressures forestry firms on best practice,http://www.terradaily.com/reports/Gabon_pressures_forestry_firms_on_best_practice_999.html,terradaily.com,English,0.0,gdelt_gkg
PYPL,2018-10-01,"Gangsters , militants exploit environment for cash",http://www.terradaily.com/reports/Gangsters_militants_exploit_environment_for_cash_999.html,terradaily.com,English,0.0,gdelt_gkg
PYPL,2018-10-01,"The Brussels Times - Due to strikes , Ryanair lowers its annual profit target",http://www.brusselstimes.com/eu-affairs/12678/due-to-strikes-ryanair-lowers-its-annual-profit-target,brusselstimes.com,English,0.0,gdelt_gkg
PYPL,2018-10-01,Austin Gets More VC Cred With Move By Mithril Capital,http://www.texastechpulse.com/austin_gets_more_vc_cred_with_move_by_mithril_capital/s-0076162.html,texastechpulse.com,English,0.0,gdelt_gkg
PYPL,2018-10-01,Making patriotic Laois restoration dream become a reality,https://www.leinsterexpress.ie/news/features/339141/making-patriotic-laois-restoration-dream-become-a-reality.html,leinsterexpress.ie,English,0.0,gdelt_gkg
PYPL,2018-10-01,Facebook login details are being sold on the dark web for just £2 each,https://www.dailymail.co.uk/news/article-6228941/Facebook-login-details-sold-dark-web-just-2-each.html,dailymail.co.uk,English,0.0,gdelt_gkg
PYPL,2018-10-01,У супербогатых из Силиконовой долины есть план побега на случай Судного дня,http://www.chaskor.ru/article/u_superbogatyh_iz_silikonovoj_doliny_est_plan_pobega_na_sluchaj_sudnogo_dnya_43979,chaskor.ru,Russian,0.0,gdelt_gkg
PYPL,2018-10-01,Amazon is a friend : Discover CEO - Taipei Times,http://www.taipeitimes.com/News/biz/archives/2018/10/02/2003701544,taipeitimes.com,English,0.0,gdelt_gkg
PYPL,2018-10-01,Myanmar is bullied by Western and Islamic states that seek to gloss over Yemen and other ill deeds,https://moderntokyonews.com/2018/09/28/myanmar-is-bullied-by-western-and-islamic-states-that-seek-to-gloss-over-yemen-and-other-ill-deeds/,moderntokyonews.com,English,0.0,gdelt_gkg
PYPL,2018-10-01,12 Indian firms in Forbe best regarded companies list,https://in.newshub.org/12-indian-firms-forbes-best-regarded-companies-list-29120655.html,in.newshub.org,English,0.0,gdelt_gkg
PYPL,2018-10-01,12 Indian firms in Forbe best regarded companies list,http://in.newshub.org/12-indian-firms-forbes-best-regarded-companies-list-29120655.html,in.newshub.org,English,0.0,gdelt_gkg
PYPL,2018-10-01,Funky Taurus Media - Music Photo Agency & Products,https://www.funkytaurusmedia.com/shop_content.php?coID=3&XTCsid=0aetb55974aien5mgoh0cmpvh1,funkytaurusmedia.com,German,0.0,gdelt_gkg
PYPL,2018-10-01,Emails : @ ElonMusk Hints At Good News Ahead For @ Tesla,https://cleantechnica.com/2018/10/01/emails-elonmusk-hints-at-good-news-ahead-for-tesla/,cleantechnica.com,English,0.0,gdelt_gkg
PYPL,2018-10-01,New Survey Reveals that Small Businesses Value More Credit and no Fees Over Rewards on Business Cards,https://www.prweb.com/releases/new_survey_reveals_that_small_businesses_value_more_credit_and_no_fees_over_rewards_on_business_cards/prweb15801800.htm,prweb.com,English,0.0,gdelt_gkg
PYPL,2018-10-01,"Infosys to TCS , 12 Indian firms in Forbe best regarded companies list",https://www.business-standard.com/article/companies/infosys-to-tcs-12-indian-firms-in-forbes-best-regarded-companies-list-118100100971_1.html,business-standard.com,English,0.0,gdelt_gkg
PYPL,2018-10-01,Ho Hum . NHTSA Shrugs Off Projected 7 Degree Global Temperature Rise . ,https://cleantechnica.com/2018/10/01/ho-hum-nhtsa-shrugs-off-projected-7-degree-global-temperature-rise/,cleantechnica.com,English,0.0,gdelt_gkg
PYPL,2018-10-01,Profane message apparently references U . S . Senate candidate,https://www.delawareonline.com/story/news/local/delaware/2018/10/01/profane-message-apparently-references-u-s-senate-candidate/1487411002/,delawareonline.com,English,0.0,gdelt_gkg
PYPL,2018-10-01,Funky Taurus Media - Music Photo Agency & Products,https://www.funkytaurusmedia.com/shop_content.php?coID=2&XTCsid=m9k596pvprfe13jn6eo1cgvk57,funkytaurusmedia.com,German,0.0,gdelt_gkg
PYPL,2018-10-01,Funky Taurus Media - Music Photo Agency & Products,https://www.funkytaurusmedia.com/shop_content.php?coID=2&XTCsid=agp8dao43nuc20t656kfn8t746,funkytaurusmedia.com,German,0.0,gdelt_gkg
PYPL,2018-10-01,"Bank of America Corporation ( NYSE : BAC ), Citigroup Inc . ( NYSE : C ) - Flat Yield Curve , Geopolitical Uncertainty Weighing On Financials Ahead Of Q3 Earnings",https://www.benzinga.com/news/earnings/18/10/12434944/flat-yield-curve-geopolitical-uncertainty-weighing-on-financials-ahead-,benzinga.com,English,0.0,gdelt_gkg
PYPL,2018-10-01,New Survey Reveals that Small Businesses Value More Credit and no Fees Over Rewards on Business Cards,https://www.ssuchronicle.com/2018/10/01/new-survey-reveals-that-small-businesses-value-more-credit-and-no-fees-over-rewards-on-business-cards/,ssuchronicle.com,English,0.0,gdelt_gkg
PYPL,2018-10-01,2 : 00PM Water Cooler 10 / 1 / 2018 | naked capitalism,https://www.nakedcapitalism.com/2018/10/200pm-water-cooler-10-1-2018.html,nakedcapitalism.com,English,0.0,gdelt_gkg
PYPL,2018-10-01,Financial Sector Performance Mixed Ahead Of Q3 Earnings Season,https://www.forbes.com/sites/jjkinahan/2018/10/01/financial-sector-performance-mixed-ahead-of-q3-earnings-season/,forbes.com,English,0.0,gdelt_gkg
PYPL,2018-10-01,Amazing Grace Christian Ministries Hosting Women Conference,http://wbkr.com/amazing-grace-christian-ministries-hosting-womens-empowerment-conference/,wbkr.com,English,0.0,gdelt_gkg
PYPL,2018-10-01,Jobber 2018 Review - Field Service Management,https://tech.co/jobber-review-2018-10,tech.co,English,0.0,gdelt_gkg
PYPL,2018-10-01,"Infosys , TCS and Tata Motors among 12 Indian firms in Forbe best regarded companies list",https://www.dnaindia.com/business/report-infosystcs-and-tata-motors-among-12-indian-firms-in-forbes-best-regarded-companies-list-2670439,dnaindia.com,English,0.0,gdelt_gkg
PYPL,2018-10-01,Маленькая победа Москвы . Итоги референдума в Македонии,https://www.svoboda.org/a/29519742.html,svoboda.org,Russian,0.0,gdelt_gkg
PYPL,2018-10-01,Great Logo Design Service ► Let design ! - Hosting Discussion,https://www.hostingdiscussion.com/products-services-offers-requests/68893-great-logo-design-service-lets-design.html,hostingdiscussion.com,English,0.0,gdelt_gkg
PYPL,2018-10-01,Why Silicon Valley doomsday preppers love New Zealand,https://boingboing.net/2018/10/01/why-silicon-valley-doomsday-pr.html,boingboing.net,English,0.0,gdelt_gkg
PYPL,2018-10-01,ફોર્બ્સની પ્રતિષ્ઠિત કંપનીઓની યાદીમાં 12 ભારતીય કંપનીઓનો સમાવેશ,http://sandesh.com/in-forbeslist-of-prestigious-companies12-indian-companies/,sandesh.com,Gujarati,0.0,gdelt_gkg
PYPL,2018-10-01,ExpressVPN Review | ITProPortal,https://www.itproportal.com/reviews/expressvpn/,itproportal.com,English,0.0,gdelt_gkg
PYPL,2018-10-01,++ Berlin - News - Ticker ++ : Flohmarkt auf Trabrennbahn,https://www.berliner-kurier.de/berlin/kiez---stadt/---berlin-news-ticker----flohmarkt-auf-trabrennbahn-22954004,berliner-kurier.de,German,0.0,gdelt_gkg
PYPL,2018-10-01,5 Online Shopping Trends to Watch This Holiday Season,https://www.stamfordadvocate.com/news/article/5-Online-Shopping-Trends-to-Watch-This-Holiday-13272594.php,stamfordadvocate.com,English,0.0,gdelt_gkg
PYPL,2018-10-01,5 Online Shopping Trends to Watch This Holiday Season,https://www.thehour.com/news/article/5-Online-Shopping-Trends-to-Watch-This-Holiday-13272594.php,thehour.com,English,0.0,gdelt_gkg
PYPL,2018-10-01,5 Online Shopping Trends to Watch This Holiday Season,https://www.greenwichtime.com/news/article/5-Online-Shopping-Trends-to-Watch-This-Holiday-13272594.php,greenwichtime.com,English,0.0,gdelt_gkg
PYPL,2018-10-01,Mobile Payment Technologies Market Scenario and Future Growth Analysis Report till 2025,https://www.briefingwire.com/pr/mobile-payment-technologies-market-scenario-and-future-growth-analysis-report-till-2025,briefingwire.com,English,0.0,gdelt_gkg
PYPL,2018-10-01,"Holiday Inn Club Vacations Piney Shores Resort - Conroe , Tx - Timeshare Sale - Conroe , Texas",https://www.realgeni.com/detail/timeshares-for-sale/Holiday-Inn-Club-Vacations-Piney-Shores-Resort_223171075329.html,realgeni.com,English,0.0,gdelt_gkg
PYPL,2018-10-01,5 Online Shopping Trends to Watch This Holiday Season,https://www.ctpost.com/news/article/5-Online-Shopping-Trends-to-Watch-This-Holiday-13272594.php,ctpost.com,English,0.0,gdelt_gkg
PYPL,2018-10-01,"Famous Female Leaders on Climate Change , Sustainability & Protecting Our Environment",https://ecowarriorprincess.net/2018/10/famous-female-leaders-on-climate-change-sustainability-environment/,ecowarriorprincess.net,English,0.0,gdelt_gkg
PYPL,2018-10-01,Mercedes - Benz Starts Trials Of Fully Electric Heavy Duty Trucks,https://cleantechnica.com/2018/10/01/mercedes-benz-starts-trials-of-fully-electric-heavy-duty-trucks/,cleantechnica.com,English,0.0,gdelt_gkg
PYPL,2018-10-01,TAFF Taking Nominations for 2019 Race,http://file770.com/taff-taking-nominations-for-2019-race/,file770.com,English,0.0,gdelt_gkg
PYPL,2018-10-01,Cómo comprar afuera sin tarjeta de crédito ? guia by pepe ... ,https://www.taringa.net/+ebooks_tutoriales/como-comprar-afuera-sin-tarjeta-de-credito-guia-by-pepelui_1eaqcs,taringa.net,Spanish,0.0,gdelt_gkg
PYPL,2018-10-01,First California Public Floating Solar Power System Delivered By Ciel & Terre,https://cleantechnica.com/2018/10/01/first-california-public-floating-solar-power-system-delivered-by-ciel-terre/,cleantechnica.com,English,0.0,gdelt_gkg
PYPL,2018-10-01,Spray - On Antennas Will Boost Internet Of Things,https://cleantechnica.com/2018/10/01/spray-on-antennas-will-boost-internet-of-things/,cleantechnica.com,English,0.0,gdelt_gkg
PYPL,2018-10-01,General Electric se desploma ; pasa de la posición 1 a la 59,https://www.noroeste.com.mx/publicaciones/view/general-electric-se-desploma-pasa-de-la-posicion-1-a-la-59-1143356,noroeste.com.mx,Spanish,0.0,gdelt_gkg
PYPL,2018-10-01,4 Top Stocks on Wedbush Best Idea List,https://247wallst.com/investing/2018/10/01/4-top-stocks-on-wedbushs-best-idea-list/,247wallst.com,English,0.0,gdelt_gkg
PYPL,2018-10-01,"The Brussels Times - FGTB calls for minimum - wage hike for hotel , restaurant workers",http://www.brusselstimes.com/belgium/employment/12684/fgtb-calls-for-minimum-wage-hike-for-hotel-restaurant-workers,brusselstimes.com,English,0.0,gdelt_gkg
PYPL,2018-10-01,Armenian govt tries to attract PayPal to the country,https://www.telecompaper.com/news/armenian-govt-tries-to-attract-paypal-to-the-country--1262851,telecompaper.com,English,0.0,gdelt_gkg
PYPL,2018-10-01,"Marriott Ko Olina Beach Club - Ocean View Annual - Springfield , Missouri",https://www.realgeni.com/detail/timeshares-for-sale/Marriott-Ko-Olina-Beach-Club-OCEAN-VIEW-ANNUAL_292752817018.html,realgeni.com,English,0.0,gdelt_gkg
PYPL,2018-10-01,The Brussels Times - Traffic expected to be disrupted on Tuesday in Brussels city centre,http://www.brusselstimes.com/belgium/12685/traffic-expected-to-be-disrupted-on-tuesday-in-brussels-city-centre,brusselstimes.com,English,0.0,gdelt_gkg
PYPL,2018-10-01,ClimateLaunchpad Small Business Success Stories,https://cleantechnica.com/2018/10/01/climatelaunchpad-small-business-success-stories/,cleantechnica.com,English,0.0,gdelt_gkg
PYPL,2018-10-01,Elon Musk controversial year sees him relinquish Tesla chairman role . Where did it all go wrong ? - ABC News ( Australian Broadcasting Corporation ) ,http://www.abc.net.au/news/2018-10-02/what-is-going-on-with-elon-musk/10324508,abc.net.au,English,0.0,gdelt_gkg
PYPL,2018-10-01,Steelers Depot - Steelers News Blog,https://steelersdepot.com/page/1821/,steelersdepot.com,English,0.0,gdelt_gkg
PYPL,2018-10-01,"How to upgrade , renew or change your Whaleoil subscription – Whale Oil Beef Hooked",https://www.whaleoil.co.nz/2018/10/how-to-upgrade-renew-or-change-your-whaleoil-subscription-119/,whaleoil.co.nz,English,0.0,gdelt_gkg
PYPL,2018-10-01,5 Online Shopping Trends to Watch This Holiday Season,https://www.newstimes.com/news/article/5-Online-Shopping-Trends-to-Watch-This-Holiday-13272594.php,newstimes.com,English,0.0,gdelt_gkg
PYPL,2018-10-01,Better Research About Sea Turtles Can Help Gauge Ocean Plastic Pollution,https://cleantechnica.com/2018/10/01/better-research-about-sea-turtles-can-help-gauge-ocean-plastic-pollution/,cleantechnica.com,English,0.0,gdelt_gkg
PYPL,2018-10-01,German state commissioner against antisemitism wants BDS account closed - Diaspora,https://www.jpost.com/Diaspora/German-state-commissioner-against-antisemitism-wants-BDS-account-closed-568408,jpost.com,English,0.0,gdelt_gkg
PYPL,2018-10-01,Funky Taurus Media - Music Photo Agency & Products,https://www.funkytaurusmedia.com/shop_content.php?coID=3&XTCsid=m9k596pvprfe13jn6eo1cgvk57,funkytaurusmedia.com,German,0.0,gdelt_gkg
PYPL,2018-10-01,12 Indian firms in Forbe best regarded companies list - The Financial Express,https://www.financialexpress.com/industry/12-indian-firms-in-forbes-best-regarded-companies-list/1333343/,financialexpress.com,English,0.0,gdelt_gkg
PYPL,2018-10-01,"Spaces exceeds 10 , 000 sqm of offices in Romania",http://business-review.eu/property/offices/spaces-exceeds-10000-sqm-of-offices-in-romania-185920,business-review.eu,English,0.0,gdelt_gkg
PYPL,2018-10-01,skype hacked sending links 2017,http://swzonline.nl/site/5qg3mid.php?hvfg=skype-hacked-sending-links-2017,swzonline.nl,English,0.0,gdelt_gkg
PYPL,2018-10-01,Return Of Kings Is Going On Hiatus – Return Of Kings,http://www.returnofkings.com/195790/return-of-kings-is-going-on-hiatus,returnofkings.com,English,0.0,gdelt_gkg
PYPL,2018-10-01,AlphaWallet announced to launch first open class Blockchain Decalogue : What Would Wei Wu Say on Blockchain,https://www.tmcnet.com/usubmit/2018/10/01/8826801.htm,tmcnet.com,English,0.0,gdelt_gkg
PYPL,2018-10-01,AlphaWallet announced to launch first open class Blockchain Decalogue : What Would Wei Wu Say on Blockchain,https://www.marketwatch.com/press-release/alphawallet-announced-to-launch-first-open-class-blockchain-decalogue-what-would-wei-wu-say-on-blockchain-2018-10-01,marketwatch.com,English,0.0,gdelt_gkg
PYPL,2018-10-01,how to get the old youtube layout back 2016,http://swzonline.nl/site/5qg3mid.php?hvfg=how-to-get-the-old-youtube-layout-back-2016,swzonline.nl,English,0.0,gdelt_gkg
PYPL,2018-10-01,"Spaces exceeds 10 , 000 sqm of offices in Romania",http://business-review.eu/news/spaces-exceeds-10000-sqm-of-offices-in-romania-185920,business-review.eu,English,0.0,gdelt_gkg
PYPL,2018-10-01,Philip Trippenbach ( Edelman ):  Los influencers no son efectivos en el marketing de producto  ,https://prnoticias.com/marketing/prmarketing/20170020-philip-trippenbach-edelman-los-influencers-no-son-efectivos-en-el-marketing-de-producto,prnoticias.com,Spanish,0.0,gdelt_gkg
PYPL,2018-10-01,Funky Taurus Media - Music Photo Agency & Products,https://www.funkytaurusmedia.com/shop_content.php?coID=2&XTCsid=gs449fiutfbnuiug0ptor2s9h6,funkytaurusmedia.com,English,0.0,gdelt_gkg
PYPL,2018-10-01,AlphaWallet announced to launch first open class Blockchain Decalogue : What Would Wei Wu Say on Blockchain,https://www.prnewswire.com:443/news-releases/alphawallet-announced-to-launch-first-open-class-blockchain-decalogue-what-would-wei-wu-say-on-blockchain-300721812.html,prnewswire.com,English,0.0,gdelt_gkg
PYPL,2018-10-01,Funky Taurus Media - Music Photo Agency & Products,https://www.funkytaurusmedia.com/shop_content.php?coID=3&XTCsid=gs449fiutfbnuiug0ptor2s9h6,funkytaurusmedia.com,English,0.0,gdelt_gkg
PYPL,2018-10-01,Weekly Corporate Event Highlights,http://www.tradersmagazine.com/news/equities/weekly-corporate-event-highlights-118321-1.html,tradersmagazine.com,English,0.0,gdelt_gkg
PYPL,2018-10-01, ¿ Cómo pedir comida en Just Eat ? ,http://quecomoquien.republica.com/tutoriales/como-pedir-comida-en-just-eat.html,quecomoquien.republica.com,Spanish,0.0,gdelt_gkg
PYPL,2018-10-01,"Avon extends Trick - or - Treat time for Halloween : Short Takes on Avon , Avon Lake and North Ridgeville",https://www.cleveland.com/avon/index.ssf/2018/09/avon_extends_trick-or-treat_ti.html,cleveland.com,English,0.0,gdelt_gkg
PYPL,2018-10-01,Midwest Teachers Institute Offers Affordable Graduate Courses for K - 12 Teachers Needing to Meet Continuing Education Requirements,https://www.marketwatch.com/press-release/midwest-teachers-institute-offers-affordable-graduate-courses-for-k-12-teachers-needing-to-meet-continuing-education-requirements-2018-10-01,marketwatch.com,English,0.0,gdelt_gkg
PYPL,2018-10-01,A new digital dimension - The Hindu,https://www.thehindu.com/sci-tech/technology/internet/a-new-digital-dimension/article25096676.ece,thehindu.com,English,0.0,gdelt_gkg
PYPL,2018-10-01,Game Plan For The Week - Cramer Mad Money ( 9 / 28 / 18 ) ,https://seekingalpha.com/article/4209095-game-plan-week-cramers-mad-money-9-28-18,seekingalpha.com,English,0.0,gdelt_gkg
PYPL,2018-10-01,New October printable & digital coupons :: WRAL . com,https://www.wral.com/new-october-printable-digital-coupons/17885181/,wral.com,English,0.0,gdelt_gkg
PYPL,2018-10-01,Funky Taurus Media - Music Photo Agency & Products,https://www.funkytaurusmedia.com/shop_content.php?coID=2&XTCsid=o14rivd968vl5q1jaallda09d7,funkytaurusmedia.com,English,0.0,gdelt_gkg
PYPL,2018-10-01,This 24 - year - old built a US$5bil hotel startup in five years - Tech News,https://www.thestar.com.my/tech/tech-news/2018/10/01/this-24-year-old-built-a-us5bil-hotel-startup-in-five-years/,thestar.com.my,English,0.0,gdelt_gkg
PYPL,2018-10-01,Funky Taurus Media - Music Photo Agency & Products,https://www.funkytaurusmedia.com/shop_content.php?coID=3&XTCsid=o14rivd968vl5q1jaallda09d7,funkytaurusmedia.com,English,0.0,gdelt_gkg
PYPL,2018-10-01,Midwest Teachers Institute Offers Affordable Graduate Courses for K - 12 Teachers Needing to Meet Continuing Education Requirements,https://www.prnewswire.com:443/news-releases/midwest-teachers-institute-offers-affordable-graduate-courses-for-k12-teachers-needing-to-meet-continuing-education-requirements-300721423.html,prnewswire.com,English,0.0,gdelt_gkg
PYPL,2018-10-01,Funky Taurus Media - Music Photo Agency & Products,https://www.funkytaurusmedia.com/shop_content.php?coID=2&XTCsid=6j2qjh3urahdd2frrghm1852p4,funkytaurusmedia.com,English,0.0,gdelt_gkg
PYPL,2018-10-01,Best Jewelry Stores in New York City,https://www.ssuchronicle.com/2018/10/01/best-jewelry-stores-in-new-york-city/,ssuchronicle.com,English,0.0,gdelt_gkg
PYPL,2018-10-01,"Best Jewelry Stores in New York City | Oct 1 , 2018",http://www.releasewire.com/press-releases/best-jewelry-stores-in-new-york-city-1054758.htm,releasewire.com,English,0.0,gdelt_gkg
PYPL,2018-10-01,"Term Sheet -- Monday , October 1",http://fortune.com/2018/10/01/term-sheet-monday-october-1/,fortune.com,English,0.0,gdelt_gkg
PYPL,2018-10-01,Funky Taurus Media - Music Photo Agency & Products,https://www.funkytaurusmedia.com/shop_content.php?coID=3&XTCsid=6j2qjh3urahdd2frrghm1852p4,funkytaurusmedia.com,English,0.0,gdelt_gkg
PYPL,2018-10-01,Funky Taurus Media - Music Photo Agency & Products,https://www.funkytaurusmedia.com/shop_content.php?coID=3&XTCsid=a344gc89ppr6d8ik2glj03qf65,funkytaurusmedia.com,English,0.0,gdelt_gkg
PYPL,2018-10-01,"More Bad News For Coal & Gas , Solar Flow Battery Edition",https://cleantechnica.com/2018/10/01/more-bad-news-for-coal-gas-solar-flow-battery-edition/,cleantechnica.com,English,0.0,gdelt_gkg
PYPL,2018-10-01,Synchrony Named Corporate Affiliate of the Hoeft Technology & Management Program,https://business.illinois.edu/news/defaultnews/2018/10/synchrony-corporate-affiliate-hoeft-technology-management-program/,business.illinois.edu,English,0.0,gdelt_gkg
PYPL,2018-10-01,Cómo cambiar el método de pago en Netflix,https://es.ccm.net/faq/31523-como-cambiar-el-metodo-de-pago-en-netflix,es.ccm.net,Spanish,0.0,gdelt_gkg
PYPL,2018-10-01,Square : No Edge,https://seekingalpha.com/article/4209179-square-edge,seekingalpha.com,English,0.0,gdelt_gkg
PYPL,2018-10-01,"Para el nuevo jefe de Discover , Amazon es amiga de los bancos",http://www.perfil.com/noticias/bloomberg/bc-para-el-nuevo-jefe-de-discover-amazon-es-amiga-de-los-bancos.phtml,perfil.com,Spanish,0.0,gdelt_gkg
PYPL,2018-10-01,UI alumni share experience,http://dailyillini.com/news/2018/10/01/ui-alumni-share-experience/,dailyillini.com,English,0.0,gdelt_gkg
PYPL,2018-10-01,Бесплатный конструктор Landing Page от ProHoster - Рязанский городской форум RZN . info,https://forum.rzn.info/viewtopic.php?t=27988&p=586425,forum.rzn.info,Russian,0.0,gdelt_gkg
PYPL,2018-10-01,12 Indian firms in Forbe best regarded companies list,https://www.btvi.in/news/12-indian-firms-in-forbes--best-regarded-companies-list/103666,btvi.in,English,0.0,gdelt_gkg
PYPL,2018-10-01,Musk reaches deal over tweets about taking Tesla private,https://thefrontierpost.com/musk-reaches-deal-over-tweets-about-taking-tesla-private/,thefrontierpost.com,English,0.0,gdelt_gkg
PYPL,2018-10-01,"Today Local Deals : Ficarella Pizzeria , Center Street , Jagged Edges , and more",https://www.thebatavian.com/billie-owens/todays-local-deals-ficarellas-pizzeria-center-street-jagged-edges-and-more/521929,thebatavian.com,English,0.0,gdelt_gkg
PYPL,2018-10-01,Shellie Tomlinson : Call for Jesus and avoid the enemy traps,https://www.thenewsstar.com/story/life/faith/all-things-southern/2017/03/31/shellie-tomlinson-call-jesus-and-avoid-enemys-traps/99751230/,thenewsstar.com,English,0.0,gdelt_gkg
PYPL,2018-10-01,Funky Taurus Media - Music Photo Agency & Products,https://www.funkytaurusmedia.com/shop_content.php?coID=2&XTCsid=9bdseueet9qlv4lch9kv175ek7,funkytaurusmedia.com,German,0.0,gdelt_gkg
PYPL,2018-10-01,"Amazon a friend to banks , Discover Financial CEO says",https://www.chicagobusiness.com/finance-banking/discovers-new-ceo-amazon-friend-banks-not-foe,chicagobusiness.com,English,0.0,gdelt_gkg
PYPL,2018-10-01,Funky Taurus Media - Music Photo Agency & Products,https://www.funkytaurusmedia.com/shop_content.php?coID=2&XTCsid=lbt0h6720gcnd5n5qb7f82rg12,funkytaurusmedia.com,German,0.0,gdelt_gkg
PYPL,2018-10-01,Funky Taurus Media - Music Photo Agency & Products,https://www.funkytaurusmedia.com/shop_content.php?coID=3&XTCsid=lbt0h6720gcnd5n5qb7f82rg12,funkytaurusmedia.com,German,0.0,gdelt_gkg
PYPL,2018-10-01,Tesla faces a reckoning with CEO Elon Musk job in jeopardy | Business | The Chronicle Herald,http://www.thechronicleherald.ca/business/tesla-faces-a-reckoning-with-ceo-elon-musks-job-in-jeopardy-245368/,thechronicleherald.ca,English,0.0,gdelt_gkg
PYPL,2018-10-01,recover unsaved excel file 2003,http://swzonline.nl/site/5qg3mid.php?hvfg=recover-unsaved-excel-file-2003,swzonline.nl,English,0.0,gdelt_gkg
PYPL,2018-10-01,12 Indian firms in Forbe best regarded companies list,https://www.business-standard.com/article/pti-stories/12-indian-firms-in-forbes-best-regarded-companies-list-118100100971_1.html,business-standard.com,English,0.0,gdelt_gkg
PYPL,2018-10-01,samsung e2252 games unlocking code,http://swzonline.nl/site/5qg3mid.php?hvfg=samsung-e2252-games-unlocking-code,swzonline.nl,English,0.0,gdelt_gkg
PYPL,2018-10-01,My Experience Volunteering At Tampa Tesla Delivery Center,https://cleantechnica.com/2018/10/01/my-experience-volunteering-at-the-tampa-tesla-delivery-center/,cleantechnica.com,English,0.0,gdelt_gkg
PYPL,2018-10-01,"New Savingstar offers : General Mills cereal , Yoplit , Old El Paso , Pillsbury :: WRAL . com",https://www.wral.com/new-savingstar-offers-general-mills-cereal-yoplit-old-el-paso-pillsbury/17883730/,wral.com,English,0.0,gdelt_gkg
PYPL,2018-10-01,Pay in 150 currencies when buying flights | Travel News,https://www.eturbonews.com/234348/pay-in-150-currencies-when-buying-flights-with-alternative-airlines-and-checkout-com,eturbonews.com,English,0.0,gdelt_gkg
PYPL,2018-10-01,12 Indian firms in Forbe best regarded companies list,http://www.dailyexcelsior.com/12-indian-firms-forbes-best-regarded-companies-list/,dailyexcelsior.com,English,0.0,gdelt_gkg
PYPL,2018-10-01,"한글과컴퓨터 , 해외 계열사 씽크프리NV 지분 매각",https://news.joins.com/article/23010315,news.joins.com,Korean,0.0,gdelt_gkg
PYPL,2018-10-01,Best Xbox Game Pass deals for October 2018,https://www.windowscentral.com/best-xbox-game-pass-deals,windowscentral.com,English,0.0,gdelt_gkg
