ticker,date,title,url,domain,language,tone,source
META,2025-02-23,"How to delete Facebook , Instagram and Threads if you dont like Meta changes",https://businessmirror.com.ph/2025/02/22/how-to-delete-facebook-instagram-and-threads-if-you-dont-like-metas-changes/,businessmirror.com.ph,English,0.0,gdelt_gkg
META,2025-02-23,4 No - Brainer AI Chip Stocks to Buy Right Now,https://finance.yahoo.com/news/4-no-brainer-ai-chip-155000122.html,finance.yahoo.com,English,0.0,gdelt_gkg
META,2025-02-23,US demands EU antitrust chief clarify rules reining in Big Tech,https://www.businesstimes.com.sg/international/us-demands-eu-antitrust-chief-clarify-rules-reining-big-tech,businesstimes.com.sg,English,0.0,gdelt_gkg
META,2025-02-23,Meta Remains Vague About Controversial  Community Notes  ,https://www.mediapost.com/publications/article/403621/meta-remains-vague-about-controversial-community.html,mediapost.com,English,0.0,gdelt_gkg
META,2025-02-23,"The Goldman Sachs Group , Inc . ( GS ): Among the Best Performing Dow Stocks So Far in 2025",https://www.insidermonkey.com/blog/the-goldman-sachs-group-inc-gs-among-the-best-performing-dow-stocks-so-far-in-2025-1461156/,insidermonkey.com,English,0.0,gdelt_gkg
META,2025-02-23,"Meta Platforms , Inc . ( NASDAQ : META ) Stock Holdings Raised by Little House Capital LLC",https://www.etfdailynews.com/2025/02/23/meta-platforms-inc-nasdaqmeta-stock-holdings-raised-by-little-house-capital-llc/,etfdailynews.com,English,0.0,gdelt_gkg
META,2025-02-23,"Quantum Private Wealth LLC Acquires 1 , 064 Shares of Meta Platforms , Inc . ( NASDAQ : META ) ",https://www.etfdailynews.com/2025/02/23/quantum-private-wealth-llc-acquires-1064-shares-of-meta-platforms-inc-nasdaqmeta/,etfdailynews.com,English,0.0,gdelt_gkg
META,2025-02-23,Should You Buy Nvidia Stock Hand Over Fist Before Feb . 26 ? ,https://finance.yahoo.com/news/buy-nvidia-stock-hand-over-094400731.html,finance.yahoo.com,English,0.0,gdelt_gkg
META,2025-02-23,Meet the Low - Cost Vanguard ETF That Is Crushing the S & P 500 ( Again ) in 2025,https://www.fool.com/investing/2025/02/23/vanguard-etf-buy-meta-platforms-alphabet-2025/?source=iedfolrf0000001,fool.com,English,0.0,gdelt_gkg
META,2025-02-23,2 Hyper - Growth Tech Stocks to Buy in 2025,https://finance.yahoo.com/news/2-hyper-growth-tech-stocks-142100270.html,finance.yahoo.com,English,0.0,gdelt_gkg
META,2025-02-23,"At a 6 - Month Low , Here My Top Dow Jones Stock to Buy Now",https://finance.yahoo.com/news/6-month-low-heres-top-172200895.html,finance.yahoo.com,English,0.0,gdelt_gkg
META,2025-02-23,2 Hyper - Growth Tech Stocks to Buy in 2025,https://www.fool.com/investing/2025/02/23/2-hyper-growth-tech-stocks-to-buy-in-2025/?source=iedfolrf0000001,fool.com,English,0.0,gdelt_gkg
META,2025-02-23,Should You Buy Nvidia Stock Hand Over Fist Before Feb . 26 ? ,https://www.fool.com/investing/2025/02/23/should-you-buy-nvidia-stock-hand-over-fist-before/?source=iedfolrf0000001,fool.com,English,0.0,gdelt_gkg
META,2025-02-23,"bLong Financial LLC Purchases Shares of 5 , 114 Meta Platforms , Inc . ( NASDAQ : META ) ",https://www.defenseworld.net/2025/02/23/blong-financial-llc-purchases-shares-of-5114-meta-platforms-inc-nasdaqmeta.html,defenseworld.net,English,0.0,gdelt_gkg
META,2025-02-23,Westinghouse sees path to building cheaper nuclear plants after costly past,https://www.nbcphiladelphia.com/news/business/money-report/westinghouse-sees-path-to-building-cheaper-nuclear-plants-after-costly-past/4116564/,nbcphiladelphia.com,English,0.0,gdelt_gkg
META,2025-02-23,The little - known stock that crushed rivals like Nvidia and Palantir to soar 713 % last year,https://www.thisismoney.co.uk/money/mailplus/article-14426679/stock-rivals-Nvidia-Palantir-Brits-buy-invest.html,thisismoney.co.uk,English,0.0,gdelt_gkg
META,2025-02-23,Promising Virtual Reality Stocks To Follow Today – February 20th,https://www.wkrb13.com/2025/02/23/promising-virtual-reality-stocks-to-follow-today-february-20th.html,wkrb13.com,English,0.0,gdelt_gkg
META,2025-02-23,Microsoft Satya Nadella Just Gave Nvidia Stock a Reality Check,https://www.fool.com/investing/2025/02/23/microsofts-satya-nadella-just-gave-nvidia-stock-a/?source=iedfolrf0000001,fool.com,English,0.0,gdelt_gkg
META,2025-02-23,3 Artificial Intelligence Stocks to Buy Like There No Tomorrow,https://www.fool.com/investing/2025/02/23/3-artificial-intelligence-stocks-to-buy-like-there/?source=iedfolrf0000001,fool.com,English,0.0,gdelt_gkg
META,2025-02-23,2 Hyper - Growth Tech Stocks to Buy in 2025,https://www.fool.com/investing/2025/02/23/2-hyper-growth-tech-stocks-to-buy-in-2025/,fool.com,English,0.0,gdelt_gkg
META,2025-02-23,2 High - Yield Dividend ETFs to Buy to Generate Passive Income,https://www.fool.com/investing/2025/02/23/2-high-yield-dividend-etfs-to-buy-to-generate-pass/?source=iedfolrf0000001,fool.com,English,0.0,gdelt_gkg
META,2025-02-24,Mapping the dark - money oil and gas ads targeting a small Ontario town,https://www.nationalobserver.com/2025/02/24/investigations/dark-money-oil-gas-ads-ontario-thorold-one-persuasion,nationalobserver.com,English,0.0,gdelt_gkg
META,2025-02-24,GA federal judge says class action lawsuit filed against WebMD due to privacy concerns can proceed,https://www.wsbradio.com/news/local/class-action-lawsuit-filed-against-webmd-due-privacy-violations/32LNLCNOQBEPDMHIUMK3WB77KY/,wsbradio.com,English,0.0,gdelt_gkg
META,2025-02-24,Microsoft shelves AI data centre deals,https://www.itnews.com.au/news/microsoft-shelves-ai-data-centre-deals-615235,itnews.com.au,English,0.0,gdelt_gkg
META,2025-02-24,Meta AI courts MENA users with Arabic language support,https://htxt.co.za/2025/02/meta-ai-courts-mena-users-with-arabic-language-support/,htxt.co.za,English,0.0,gdelt_gkg
META,2025-02-24,Facebook algorithm engages in prohibited gender discrimination,https://globalwitness.org/en/press-releases/facebook-algorithm-engages-in-prohibited-gender-discrimination/,globalwitness.org,English,0.0,gdelt_gkg
META,2025-02-24,"Microsoft scraps some data center leases as Apple , Alibaba double down on AI",https://siliconangle.com/2025/02/24/microsoft-scraps-data-center-leases-apple-alibaba-double-ai/,siliconangle.com,English,0.0,gdelt_gkg
META,2025-02-24,Trump anti - DEI push splits opinion among Britons,https://bmmagazine.co.uk/news/trumps-anti-dei-push-splits-opinion-among-britons/,bmmagazine.co.uk,English,0.0,gdelt_gkg
META,2025-02-24,Top Technology Stocks To Follow Today – February 23rd,https://www.themarketsdaily.com/2025/02/24/top-technology-stocks-to-follow-today-february-23rd.html,themarketsdaily.com,English,0.0,gdelt_gkg
META,2025-02-24,Billionaire Steve Mandel Just Bought $100 Million More of His Top Artificial Intelligence ( AI ) Stock Pick,https://www.fool.com/investing/2025/02/24/billionarire-steve-mandel-just-bought-100-million/?source=iedfolrf0000001,fool.com,English,0.0,gdelt_gkg
META,2025-02-24,Digital ads changing the look of election campaigns,https://www.therecord.com/news/waterloo-region/digital-ads-change-the-look-of-election-campaigns/article_663c5125-cfd2-57f4-b51f-00c7345a4ce2.html,therecord.com,English,0.0,gdelt_gkg
META,2025-02-24,2025 layoffs : List of companies cutting jobs this year,https://www.fox5ny.com/news/layoffs-2025-companies-cutting-jobs-list,fox5ny.com,English,0.0,gdelt_gkg
META,2025-02-24,"If a 30 - year - old puts £700 a month into an ISA , here the passive income they could retire on",https://www.fool.co.uk/2025/02/24/if-a-30-year-old-puts-700-a-month-into-an-isa-heres-the-passive-income-they-could-retire-on/,fool.co.uk,English,0.0,gdelt_gkg
META,2025-02-24,2 Top Artificial Intelligence ( AI ) Stocks Ready for a Bull Run,https://www.fool.com/investing/2025/02/23/2-top-artificial-intelligence-ai-stocks-ready-for/?source=iedfolrf0000001,fool.com,English,0.0,gdelt_gkg
META,2025-02-24,"Microsoft cancels leases for AI data centers , analyst says",https://finance.yahoo.com/news/microsoft-cancels-leases-ai-data-055952585.html,finance.yahoo.com,English,0.0,gdelt_gkg
META,2025-02-24,From tech to financial services : Layoffs and job cuts in 2025,https://www.businesstimes.com.sg/companies-markets/tech-financial-services-layoffs-and-job-cuts-2025,businesstimes.com.sg,English,0.0,gdelt_gkg
META,2025-02-24,Delhi High Court Passes John Doe Order Against Rogue Websites Infringing Online Gaming Company Baazi Group Trademark,https://www.livelaw.in/high-court/delhi-high-court/baazi-online-gaming-john-doe-order-temporary-injunction-rogue-gambling-websites-trademark-infringement-284769,livelaw.in,English,0.0,gdelt_gkg
META,2025-02-24,Alibaba commits $53 billion on AI infrastructure to drive innovation,https://news.az/news/alibaba-commits-53-billion-on-ai-infrastructure-to-drive-innovation,news.az,English,0.0,gdelt_gkg
META,2025-02-24,New Trump tariff policies are ill - conceived,http://africa.chinadaily.com.cn/a/202502/24/WS67bbc9baa310c240449d6cdc.html,africa.chinadaily.com.cn,English,0.0,gdelt_gkg
META,2025-02-24,Billionaires Are Selling These Dow Jones Stocks and Buying These Instead,https://finance.yahoo.com/news/billionaires-selling-dow-jones-stocks-153000445.html,finance.yahoo.com,English,0.0,gdelt_gkg
META,2025-02-24,4 no - brainer US chip stocks to buy right now,https://www.fool.com.au/2025/02/24/4-no-brainer-us-chip-stocks-to-buy-right-now-usfeed/,fool.com.au,English,0.0,gdelt_gkg
META,2025-02-24,Today Cache | Alibaba bets big on AI ; U . S . and EU antitrust row ; Bybit loses $1 . 5 billion in crypto hack,https://www.thehindu.com/newsletter/newsletter-today-cache/todays-cache-alibaba-bets-big-on-ai-us-and-eus-antitrust-row-bybit-loses-15-billion-in-crypto-hack/article69257065.ece,thehindu.com,English,0.0,gdelt_gkg
META,2025-02-24,"Google , Microsoft , And Meta Linked To $5 . 4 Billion In Health Costs As AI Data Centers Fuel Pollution Crisis In The US : Report - Alphabet ( NASDAQ : GOOG ), Amazon . com ( NASDAQ : AMZN ) ",https://www.benzinga.com/25/02/43906562/google-microsoft-and-meta-linked-to-54-billion-in-health-costs-as-ai-data-centers-fuel-pollution-crisis-in-the-us-report,benzinga.com,English,0.0,gdelt_gkg
META,2025-02-24,Meta freedom of speech gamble : Rights in the age of algorithms – The Mail & Guardian,https://mg.co.za/thought-leader/opinion/2025-02-24-metas-freedom-of-speech-gamble-rights-in-the-age-of-algorithms/,mg.co.za,English,0.0,gdelt_gkg
META,2025-02-24,Should You Buy Nvidia Stock Hand Over Fist Before Feb . 26 ? ,https://www.fool.com/investing/2025/02/23/should-you-buy-nvidia-stock-hand-over-fist-before/,fool.com,English,0.0,gdelt_gkg
META,2025-02-25,"Meta fact - checker cuts will allow spread of racist misinformation , MPs say",https://www.dissexpress.co.uk/national/meta-fact-checker-cuts-will-allow-spread-of-racist-misinformation-mps-say-140204/,dissexpress.co.uk,English,0.0,gdelt_gkg
META,2025-02-25,Prediction : this newly - promoted FTSE 100 firm will outperform Rolls - Royce shares,https://www.fool.co.uk/2025/02/25/prediction-this-newly-promoted-ftse-100-firm-will-outperform-rolls-royce-shares/,fool.co.uk,English,0.0,gdelt_gkg
META,2025-02-25,"Meta fact - checker cuts will allow spread of racist misinformation , MPs say",https://www.independent.co.uk/news/uk/politics/meta-mark-zuckerberg-chris-morris-mps-donald-trump-b2704496.html,independent.co.uk,English,0.0,gdelt_gkg
META,2025-02-25,Meta fact - checker cuts will allow spread of racist misinformation,https://www.thenational.scot/news/24964098.meta-fact-checker-cuts-will-allow-spread-racist-misinformation/,thenational.scot,English,0.0,gdelt_gkg
META,2025-02-25,U . S . states consider App Store age - verification laws,https://macdailynews.com/2025/02/25/u-s-states-consider-app-store-age-verification-laws/,macdailynews.com,English,0.0,gdelt_gkg
META,2025-02-25,Nvidia Stock  Quite Cheap  Ahead Of Q4 Earnings : Analyst Says  Growth Story Is Intact  - NVIDIA ( NASDAQ : NVDA ) ,https://www.benzinga.com/25/02/43948627/nvidia-stock-quite-cheap-ahead-of-q4-earnings-analyst-says-growth-story-is-intact,benzinga.com,English,0.0,gdelt_gkg
META,2025-02-25,"Facebook parent Meta must face lawsuit claiming it prefers to hire cheaper foreign workers , judge says",https://www.theglobeandmail.com/business/international-business/article-facebook-parent-meta-must-face-lawsuit-claiming-it-prefers-to-hire/,theglobeandmail.com,English,0.0,gdelt_gkg
META,2025-02-25,El valor de mercado de Tesla cae por debajo de $1 billón a medida que sus ventas en Europa disminuyen . – Periódico HOY,https://www.hoy.com.ni/2025/02/25/el-valor-de-mercado-de-tesla-cae-por-debajo-de-1-billon-a-medida-que-sus-ventas-en-europa-disminuyen/,hoy.com.ni,English,0.0,gdelt_gkg
META,2025-02-25,"Facebook parent Meta must face lawsuit claiming it prefers to hire cheaper foreign workers , judge says",https://biztoc.com/x/b6d352d910acd170,biztoc.com,English,0.0,gdelt_gkg
META,2025-02-25,Meta must face lawsuit claiming it prefers cheaper foreign workers,https://biztoc.com/x/35f3a8a34503ef94,biztoc.com,English,0.0,gdelt_gkg
META,2025-02-25,"Meta fact - checker cuts will allow spread of racist misinformation , MPs say",https://www.lbc.co.uk/tech/6d8f4475325b4419b93b6551ad3623db/,lbc.co.uk,English,0.0,gdelt_gkg
META,2025-02-25,Nasdaq touches over one - month low after weak consumer sentiment data,https://www.oann.com/business/nasdaq-touches-over-one-month-low-after-weak-consumer-sentiment-data/,oann.com,English,0.0,gdelt_gkg
META,2025-02-25,Tesla market value tumbles below US$1 - trillion as its Europe sales slump,https://www.theglobeandmail.com/investing/article-teslas-market-value-tumbles-below-us1-trillion-as-its-europe-sales/,theglobeandmail.com,English,0.0,gdelt_gkg
META,2025-02-25,Top Large Cap Stocks To Follow Now – February 25th,https://www.wkrb13.com/2025/02/25/top-large-cap-stocks-to-follow-now-february-25th.html,wkrb13.com,English,0.0,gdelt_gkg
META,2025-02-25,"How to Write Community Notes on Facebook , Instagram , and Threads",https://lifehacker.com/tech/meta-is-going-all-in-on-community-notes,lifehacker.com,English,0.0,gdelt_gkg
META,2025-02-25,Amazon Alexa defends company honor while jabbing rivals,https://siouxcityjournal.com/news/nation-world/business/article_339b8c60-b8c8-54b8-a0cb-1303ed5c9903.html,siouxcityjournal.com,English,0.0,gdelt_gkg
META,2025-02-25,"Chinese shares , not the magnificent seven correction , is the biggest pain trade in stock markets right now",https://www.afr.com/chanticleer/the-biggest-pain-trade-isn-t-the-magnificent-seven-correction-20250226-p5lf6z,afr.com,English,0.0,gdelt_gkg
META,2025-02-25,Apple Shareholders Uphold DEI Programs Amid Corporate Rollbacks - Apple ( NASDAQ : AAPL ) ,https://www.benzinga.com/news/25/02/43955801/apple-shareholders-uphold-dei-programs-amid-corporate-rollbacks,benzinga.com,English,0.0,gdelt_gkg
META,2025-02-25,Jitters in global stock markets as US consumer confidence sinks,https://www.irishtimes.com/business/2025/02/25/jitters-in-global-stock-markets-as-us-consumer-confidence-sinks/,irishtimes.com,English,0.0,gdelt_gkg
META,2025-02-25,Microsoft Cancels AI Data Center Leases Amid Market Uncertainty – TechStory,https://techstory.in/microsoft-cancels-ai-data-center-leases-amid-market-uncertainty/,techstory.in,English,0.0,gdelt_gkg
META,2025-02-25,Meta Platforms Among Half Dozen Stocks In Spotlight | Investor Business Daily,https://www.investors.com:443/research/meta-platforms-among-half-dozen-in-stock-spotlight-watch-ibd-50-big-cap-20-other-top-ibd-screens/,investors.com,English,0.0,gdelt_gkg
META,2025-02-25,"Meta fact - checker cuts will allow spread of racist misinformation , MPs say",https://www.kentonline.co.uk/news/national/meta-fact-checker-cuts-will-allow-spread-of-racist-misinformation-mps-say-140204/,kentonline.co.uk,English,0.0,gdelt_gkg
META,2025-02-25,Apple investors defy Trump and vote to keep diversity policies,https://www.thetimes.com/business-money/companies/article/apple-investors-defy-trump-and-vote-to-keep-diversity-policies-xxw8hqwrh,thetimes.com,English,0.0,gdelt_gkg
META,2025-02-25,U . S . stocks waver amid renewed tariff concerns from Trump administration - Xinhua,https://english.news.cn/northamerica/20250225/053eb625ae444e9b82d72d8bdfaa3385/c.html,english.news.cn,English,0.0,gdelt_gkg
META,2025-02-25,"US Markets Edge Higher ; S & P 500 up 0 . 13 %, Dow Gains 0 . 53 % ",https://www.moneycontrol.com/news/business/markets/us-markets-edge-higher-s-p-500-up-0-13-dow-gains-0-53-12949286.html,moneycontrol.com,English,0.0,gdelt_gkg
META,2025-02-25,Meta Platforms Among Half Dozen Stocks In Spotlight | Investor Business Daily,https://www.investors.com/research/meta-platforms-among-half-dozen-in-stock-spotlight-watch-ibd-50-big-cap-20-other-top-ibd-screens/,investors.com,English,0.0,gdelt_gkg
META,2025-02-25,Meta Stock Down For Fifth Day After Record - Setting Win Streak | Investor Business Daily,https://www.investors.com:443/news/technology/meta-stock-facebook-down-ai-stocks/,investors.com,English,0.0,gdelt_gkg
META,2025-02-25,Yet More News You May Have Missed,https://newswithviews.com/yet-more-news-you-may-have-missed/,newswithviews.com,English,0.0,gdelt_gkg
META,2025-02-25,Better buy in 2025 : Tesla stock or Meta Platforms ? ,https://www.fool.com.au/2025/02/25/better-buy-in-2025-tesla-stock-or-meta-platforms-usfeed/,fool.com.au,English,0.0,gdelt_gkg
META,2025-02-25,Should You Buy Nvidia Stock Before Feb . 26 ? Wall Street Has a Clear Answer for Investors . ,https://www.fool.com/investing/2025/02/25/buy-nvidia-stock-before-feb-26-wall-street/?source=iedfolrf0000001,fool.com,English,0.0,gdelt_gkg
META,2025-02-25,Wall Street slides on weak US consumer sentiment data,https://www.juneesoutherncross.com.au/story/8902241/wall-street-slides-on-weak-us-consumer-sentiment-data/?cs=6409,juneesoutherncross.com.au,English,0.0,gdelt_gkg
META,2025-02-25,Why Microsoft data center pullback is raising questions about AI,https://invezz.com/news/2025/02/25/deepseek-effect-microsofts-data-center-pullback-sparks-questions-about-ai-cost/,invezz.com,English,0.0,gdelt_gkg
META,2025-02-25,"Braun Stacey Associates Inc . Has $75 . 07 Million Stake in Meta Platforms , Inc . ( NASDAQ : META ) ",https://theenterpriseleader.com/2025/02/25/braun-stacey-associates-inc-has-75-07-million-stake-in-meta-platforms-inc-nasdaqmeta.html,theenterpriseleader.com,English,0.0,gdelt_gkg
META,2025-02-25,"Bank of Jackson Hole Trust Takes $1 . 43 Million Position in Meta Platforms , Inc . ( NASDAQ : META ) ",https://www.themarketsdaily.com/2025/02/25/bank-of-jackson-hole-trust-takes-1-43-million-position-in-meta-platforms-inc-nasdaqmeta.html,themarketsdaily.com,English,0.0,gdelt_gkg
META,2025-02-25,"Schubert & Co Grows Position in Meta Platforms , Inc . ( NASDAQ : META ) ",https://www.themarketsdaily.com/2025/02/25/schubert-co-grows-position-in-meta-platforms-inc-nasdaqmeta.html,themarketsdaily.com,English,0.0,gdelt_gkg
META,2025-02-25,"Traction Financial Partners LLC Takes Position in Meta Platforms , Inc . ( NASDAQ : META ) ",https://www.themarketsdaily.com/2025/02/25/traction-financial-partners-llc-takes-position-in-meta-platforms-inc-nasdaqmeta.html,themarketsdaily.com,English,0.0,gdelt_gkg
META,2025-02-25,"Morton Brown Family Wealth LLC Has $110 , 000 Stock Position in Meta Platforms , Inc . ( NASDAQ : META ) ",https://theenterpriseleader.com/2025/02/25/morton-brown-family-wealth-llc-has-110000-stock-position-in-meta-platforms-inc-nasdaqmeta.html,theenterpriseleader.com,English,0.0,gdelt_gkg
META,2025-02-25,Meta Platforms ( NASDAQ : META ) Shares Down 3 . 1 % Following Insider Selling,https://theenterpriseleader.com/2025/02/25/meta-platforms-nasdaqmeta-shares-down-3-1-following-insider-selling.html,theenterpriseleader.com,English,0.0,gdelt_gkg
META,2025-02-25,Wall Street slides on weak US consumer sentiment data,https://www.easternriverinachronicle.com.au/story/8902241/wall-street-slides-on-weak-us-consumer-sentiment-data/?cs=6364,easternriverinachronicle.com.au,English,0.0,gdelt_gkg
META,2025-02-25,Technology Stocks To Add to Your Watchlist – February 24th,https://www.dailypolitical.com/2025/02/25/technology-stocks-to-add-to-your-watchlist-february-24th.html,dailypolitical.com,English,0.0,gdelt_gkg
META,2025-02-25,Emerging Competition for Starlink as EU Invests in Semiconductor Production in Austria,https://themunicheye.com/emerging-competition-for-starlink-as-eu-invests-in-semiconductor-production-in-austria-11611,themunicheye.com,English,0.0,gdelt_gkg
META,2025-02-25,"Pixel - Tracking , the VPPA and the Problem with Class Certification | Polsinelli",https://www.jdsupra.com/legalnews/pixel-tracking-the-vppa-and-the-problem-2276187/,jdsupra.com,English,0.0,gdelt_gkg
META,2025-02-25,National and International News in Focus : Feb . 25,https://www.wktv.com/news/local/national-and-international-news-in-focus-feb-25/article_6a83154d-7ca2-546d-933f-8b39216fe81c.html,wktv.com,English,0.0,gdelt_gkg
META,2025-02-26,"Apple to Keep DEI Efforts , Though Some Adjustments Possible",https://www.insurancejournal.com/news/national/2025/02/25/813336.htm,insurancejournal.com,English,0.0,gdelt_gkg
META,2025-02-26,"Meta in talks for $200 billion AI data center project , reports The Information",https://www.khaleejtimes.com/business/meta-in-talks-for-200-billion-ai-data-centre-project-reports-the-information,khaleejtimes.com,English,0.0,gdelt_gkg
META,2025-02-26,Meta Hit with Lawsuit Claiming It Favors Foreign Workers Over US Citizens Mark Zuckerberg - Led Tech Giant Calls It  Baseles - Meta Platforms ( NASDAQ : META ) ,https://www.benzinga.com/news/legal/25/02/43964101/meta-hit-with-lawsuit-claiming-it-favors-foreign-workers-over-us-citizens-mark-zuckerberg-led-tech-giant-calls-it-baseless,benzinga.com,English,0.0,gdelt_gkg
META,2025-02-26,"Tesla market value tumbles below USD 1 trillion as its Europe sales slump , ET Auto",https://auto.economictimes.indiatimes.com/news/passenger-vehicle/teslas-market-value-tumbles-below-usd-1-trillion-as-its-europe-sales-slump/118570807,auto.economictimes.indiatimes.com,English,0.0,gdelt_gkg
META,2025-02-26,Meta must face suit claiming it prefers cheaper foreign workers,https://bdnews24.com/technology/c521e981191d,bdnews24.com,English,0.0,gdelt_gkg
META,2025-02-26,"Pete Evan Facebook , Instagram accounts restored",https://www.theage.com.au/culture/celebrity/he-was-banned-from-social-media-so-how-come-chef-pete-evans-is-back-20250226-p5lfaf.html,theage.com.au,English,0.0,gdelt_gkg
META,2025-02-26,Meta Must Face Lawsuit Claiming It Prefers Cheaper Foreign Workers,https://www.claimsjournal.com/news/national/2025/02/26/329149.htm,claimsjournal.com,English,0.0,gdelt_gkg
META,2025-02-26,Meta Must Face Lawsuit Claiming it Prefers Cheaper Foreign Workers,https://www.insurancejournal.com/news/national/2025/02/26/813331.htm,insurancejournal.com,English,0.0,gdelt_gkg
META,2025-02-26,"Meta sued for alleged hiring bias in favor of foreign workers on H - 1B visas , ET Telecom",https://telecom.economictimes.indiatimes.com/news/internet/meta-sued-for-alleged-hiring-bias-in-favor-of-foreign-workers-on-h-1b-visas/118571763,telecom.economictimes.indiatimes.com,English,0.0,gdelt_gkg
META,2025-02-26,"Billionaire David Tepper Just Sold Shares of Amazon , Meta , and Oracle , and Bought Shares of Last Year Top - Performing Dow Jones Stock and Big AI Winner",https://www.fool.com/investing/2025/02/26/billionaire-tepper-bought-ai-winner/?source=iedfolrf0000001,fool.com,English,0.0,gdelt_gkg
META,2025-02-26,Tesla market value tumbles below $1 trillion as its Europe sales slump,https://finance.yahoo.com/news/teslas-market-value-tumbles-below-183510285.html,finance.yahoo.com,English,0.0,gdelt_gkg
META,2025-02-26,"Sterling Financial Planning Inc . Has $616 , 000 Stock Holdings in Meta Platforms , Inc . ( NASDAQ : META ) ",https://www.etfdailynews.com/2025/02/26/sterling-financial-planning-inc-has-616000-stock-holdings-in-meta-platforms-inc-nasdaqmeta/,etfdailynews.com,English,0.0,gdelt_gkg
META,2025-02-26,Delhi High Court Cracks Down on Illegal Offshore Betting Websites,https://www.medianama.com/2025/02/223-delhi-hc-bans-illegal-betting-websites/,medianama.com,English,0.0,gdelt_gkg
META,2025-02-26,"CogentBlue Wealth Advisors LLC Takes $625 , 000 Position in Meta Platforms , Inc . ( NASDAQ : META ) ",https://www.etfdailynews.com/2025/02/26/cogentblue-wealth-advisors-llc-takes-625000-position-in-meta-platforms-inc-nasdaqmeta/,etfdailynews.com,English,0.0,gdelt_gkg
META,2025-02-26,Why International Dividend Stocks Have Pulled Ahead,https://www.morningstar.com/stocks/why-international-dividend-stocks-have-pulled-ahead,morningstar.com,English,0.0,gdelt_gkg
META,2025-02-26,"Trump tariffs threat tests EU resolve to hurt Apple and Meta , ET Telecom",https://telecom.economictimes.indiatimes.com/news/devices/trumps-tariffs-threat-tests-eu-resolve-to-hurt-apple-and-meta/118580392,telecom.economictimes.indiatimes.com,English,0.0,gdelt_gkg
META,2025-02-26,"Pete Evan Facebook , Instagram accounts restored",https://www.brisbanetimes.com.au/culture/celebrity/he-was-banned-from-social-media-so-how-come-chef-pete-evans-is-back-20250226-p5lfaf.html,brisbanetimes.com.au,English,0.0,gdelt_gkg
META,2025-02-26,S & P 500 : 3 Of The Decade Top Stocks Most Likely To Win Again : Morningstar,https://www.investors.com/etfs-and-funds/sectors/sp500-of-the-decades-top-stocks-most-likely-to-win-morningstar/,investors.com,English,0.0,gdelt_gkg
META,2025-02-26,"Pete Evan Facebook , Instagram accounts restored",https://www.smh.com.au/culture/celebrity/he-was-banned-from-social-media-so-how-come-chef-pete-evans-is-back-20250226-p5lfaf.html,smh.com.au,English,0.0,gdelt_gkg
META,2025-02-26,Meta Hit with Lawsuit Claiming It Favors Foreign Workers Over US Citizens Mark Zuckerberg - Led Tech Giant Calls It  Baseless  ,https://biztoc.com/x/c997422697e38757,biztoc.com,English,0.0,gdelt_gkg
META,2025-02-26,Why Lumen Stock Jumped Today | The Motley Fool,https://www.fool.com/investing/2025/02/25/why-lumen-stock-jumped-today/?source=iedfolrf0000001,fool.com,English,0.0,gdelt_gkg
META,2025-02-26,Apple shareholders reject proposals to abolish DEI efforts,https://www.businesspost.ie/article/apple-shareholders-reject-proposals-to-abolish-dei-efforts/,businesspost.ie,English,0.0,gdelt_gkg
META,2025-02-26,H1B visa - Meta sued for allegedly favouring foreign workers over US citizens ; case could impact H - 1B visa hiring - Meta sued for allegedly favouring foreign workers over US citizens ; case could impact H 1B visa hiring BusinessToday,https://www.businesstoday.in/technology/news/story/meta-sued-for-allegedly-favouring-foreign-workers-over-us-citizens-case-could-impact-h-1b-visa-hiring-465975-2025-02-26,businesstoday.in,English,0.0,gdelt_gkg
META,2025-02-26,"Meta in talks for $200 billion AI data center project , The Information reports",https://www.marketscreener.com/quote/stock/META-PLATFORMS-INC-10547141/news/Meta-in-talks-for-200-billion-AI-data-center-project-The-Information-reports-49160615/,marketscreener.com,English,0.0,gdelt_gkg
META,2025-02-26,Meta in talks for $200 billion AI data center project,https://thesun.my/world-news/meta-in-talks-for-200-billion-ai-data-center-project-the-information-reports-DG13736261,thesun.my,English,0.0,gdelt_gkg
META,2025-02-26,Meta must face lawsuit claiming it prefers cheaper foreign workers,https://www.ksl.com:443/article/51261489/meta-must-face-lawsuit-claiming-it-prefers-cheaper-foreign-workers,ksl.com,English,0.0,gdelt_gkg
META,2025-02-26,Meta in talks for $200 billion AI data center project,https://news.az/news/meta-in-talks-for-200-billion-ai-data-center-project,news.az,English,0.0,gdelt_gkg
META,2025-02-26,Tesla market value tumbles below $1 tril . as its Europe sales slump,https://www.koreatimes.co.kr:443/www/world/2025/02/501_393015.html,koreatimes.co.kr,English,0.0,gdelt_gkg
META,2025-02-26,Meta must face lawsuit claiming it prefers cheaper foreign workers,https://economictimes.indiatimes.com/tech/technology/meta-must-face-lawsuit-claiming-it-prefers-cheaper-foreign-workers/articleshow/118569518.cms,economictimes.indiatimes.com,English,0.0,gdelt_gkg
META,2025-02-26,"Elon Musk : Italy extends big tech tax probe to Musk X social network , ET Telecom",https://telecom.economictimes.indiatimes.com/news/mvas-apps/italy-extends-big-tech-tax-probe-to-musks-x-social-network/118569777,telecom.economictimes.indiatimes.com,English,0.0,gdelt_gkg
META,2025-02-26,Meta in talks for $200 billion AI data center project,https://indianexpress.com/article/technology/artificial-intelligence/meta-in-talks-for-200-billion-ai-data-center-project-9856743/,indianexpress.com,English,0.0,gdelt_gkg
META,2025-02-26,Meta in talks for $200 billion AI data centre project : Report,https://www.thehindu.com/sci-tech/technology/meta-in-talks-for-200-billion-ai-data-centre-project-report/article69264963.ece,thehindu.com,English,0.0,gdelt_gkg
META,2025-02-26,"Tech giants have pledged over $1 trillion in US investment , so far",https://www.moneycontrol.com/news/business/tech-giants-have-pledged-over-1-trillion-in-us-investment-so-far-12950493.html,moneycontrol.com,English,0.0,gdelt_gkg
META,2025-02-26,Apple investors reject proposal against DEI policies,https://www.thehindu.com/sci-tech/technology/apple-investors-reject-proposal-against-dei-policies/article69265036.ece,thehindu.com,English,0.0,gdelt_gkg
META,2025-02-26,Meta must face lawsuit claiming it prefers cheaper foreign workers,https://www.thehindu.com/sci-tech/technology/meta-must-face-lawsuit-claiming-it-prefers-cheaper-foreign-workers/article69264947.ece,thehindu.com,English,0.0,gdelt_gkg
META,2025-02-26,"Avoid the QQQ ETF , buy this Nasdaq 100 ETF alternative instead",https://invezz.com/news/2025/02/26/avoid-the-qqq-etf-buy-this-nasdaq-100-etf-alternative-instead/,invezz.com,English,0.0,gdelt_gkg
META,2025-02-26,Apple investors block push to drop DEI,https://www.mobileworldlive.com/apple/apple-investors-block-push-to-drop-dei/,mobileworldlive.com,English,0.0,gdelt_gkg
META,2025-02-26,Bias Against Citizens : Meta Must Face Lawsuit Brought By Rajaram Says Judge,https://indiawest.com/bias-against-citizens-meta-must-face-lawsuit-brought-by-rajaram-says-judge/,indiawest.com,English,0.0,gdelt_gkg
META,2025-02-26,Top Virtual Reality Stocks To Follow Today – February 23rd,https://theenterpriseleader.com/2025/02/26/top-virtual-reality-stocks-to-follow-today-february-23rd.html,theenterpriseleader.com,English,0.0,gdelt_gkg
META,2025-02-26,"Analyst on Meta Platforms , Inc . ( META ) Mark Zuckerberg :  Strongest CEO of the Mag . 7  ",https://www.insidermonkey.com/blog/analyst-on-meta-platforms-inc-metas-mark-zuckerberg-strongest-ceo-of-the-mag-7-1464421/,insidermonkey.com,English,0.0,gdelt_gkg
META,2025-02-26,Google cuts staff in cloud division amid ongoing restructuring efforts,https://news.az/news/google-cuts-staff-in-cloud-division-amid-ongoing-restructuring-efforts,news.az,English,0.0,gdelt_gkg
META,2025-02-26,APP ACTIVE INVESTIGATION : Contact Levi & Korsinsky if you Lost Money ... ,https://www.pr-inside.com/app-active-investigation-contact-levi-korsinsky-if-you-lost-money-r5076168.htm,pr-inside.com,English,0.0,gdelt_gkg
META,2025-02-26,Supreme Court reviews Ohio discrimination case,https://www.mynbc5.com/article/supreme-court-ohio-sex-discrimination-case/63937828,mynbc5.com,English,0.0,gdelt_gkg
META,2025-02-26,Canada to Slap Regulatory Levy on Google Amid Heightened Trade Tensions With U . S . ,https://www.marketscreener.com/quote/stock/ALPHABET-INC-24203373/news/Canada-to-Slap-Regulatory-Levy-on-Google-Amid-Heightened-Trade-Tensions-With-U-S-49173304/,marketscreener.com,English,0.0,gdelt_gkg
META,2025-02-26,"Why AI Stocks Meta Platforms , CrowdStrike , and Broadcom Are Rebounding Today",https://www.fool.com/investing/2025/02/26/why-ai-stocks-meta-platforms-crowdstrike-and-broad/?source=iedfolrf0000001,fool.com,English,0.0,gdelt_gkg
META,2025-02-26,Supreme Court reviews Ohio discrimination case,https://www.wdsu.com/article/supreme-court-ohio-sex-discrimination-case/63937828,wdsu.com,English,0.0,gdelt_gkg
META,2025-02-26,AppLovin Stock Tumbles as Short Sellers Allege AI - Fueled Growth a  Smokescreen  ,https://www.investopedia.com/applovin-stock-tumbles-short-sellers-allege-fraud-deceptive-practices-ai-ad-software-11686871,investopedia.com,English,0.0,gdelt_gkg
META,2025-02-26,European shares surge after US - Ukraine minerals deal,https://www.irishtimes.com/business/markets/2025/02/26/european-shares-surge-after-us-ukraine-minerals-deal/,irishtimes.com,English,0.0,gdelt_gkg
META,2025-02-26,Tech stocks push Wall Street higher as traders await Nvidia results,https://uk.finance.yahoo.com/news/ftse-100-live-stocks-rally-nvidia-results-091944922.html,uk.finance.yahoo.com,English,0.0,gdelt_gkg
META,2025-02-26,"Stocks making the biggest moves midday : APP , FLYW , BLMN , AAP",https://www.cnbc.com/2025/02/26/stocks-making-the-biggest-moves-midday-app-flyw-blmn-aap.html,cnbc.com,English,0.0,gdelt_gkg
META,2025-02-26,Nasdaq leads Wall St higher as Nvidia results grab focus,https://www.marketscreener.com/quote/index/S-P-500-4985/news/Nasdaq-leads-Wall-St-higher-as-Nvidia-results-grab-focus-49170737/,marketscreener.com,English,0.0,gdelt_gkg
META,2025-02-26,Six U . S . large - cap stocks benefiting from AI and automation,https://www.theglobeandmail.com/investing/investment-ideas/number-cruncher/article-six-us-large-cap-stocks-benefiting-from-ai-and-automation/,theglobeandmail.com,English,0.0,gdelt_gkg
META,2025-02-26,Baystreet . ca - Magnificent 7 Stocks Fall Into Correction Territory,http://baystreet.ca/stockstowatch/20264/Magnificent-7-Stocks-Fall-Into-Correction-Territory,baystreet.ca,English,0.0,gdelt_gkg
META,2025-02-27,"Mcdaniel Terry & Co . Acquires 376 Shares of Meta Platforms , Inc . ( NASDAQ : META ) ",https://www.etfdailynews.com/2025/02/27/mcdaniel-terry-co-acquires-376-shares-of-meta-platforms-inc-nasdaqmeta/,etfdailynews.com,English,0.0,gdelt_gkg
META,2025-02-27,"Meta Platforms , Inc . ( NASDAQ : META ) Stock Position Lifted by Ieq Capital LLC",https://www.etfdailynews.com/2025/02/27/meta-platforms-inc-nasdaqmeta-stock-position-lifted-by-ieq-capital-llc/,etfdailynews.com,English,0.0,gdelt_gkg
META,2025-02-27,Wealthy Area Depressed Patients Prefer Telehealth,https://www.miragenews.com/wealthy-areas-depressed-patients-prefer-1416478/,miragenews.com,English,0.0,gdelt_gkg
META,2025-02-27,"Sunpointe LLC Acquires 236 Shares of Meta Platforms , Inc . ( NASDAQ : META ) ",https://www.etfdailynews.com/2025/02/27/sunpointe-llc-acquires-236-shares-of-meta-platforms-inc-nasdaqmeta/,etfdailynews.com,English,0.0,gdelt_gkg
META,2025-02-27,"Wealth Alliance Has $6 . 67 Million Stock Holdings in Meta Platforms , Inc . ( NASDAQ : META ) ",https://www.etfdailynews.com/2025/02/27/wealth-alliance-has-6-67-million-stock-holdings-in-meta-platforms-inc-nasdaqmeta/,etfdailynews.com,English,0.0,gdelt_gkg
META,2025-02-27,"Meta Platforms , Inc . ( NASDAQ : META ) Shares Sold by Abacus Planning Group Inc . ",https://www.etfdailynews.com/2025/02/27/meta-platforms-inc-nasdaqmeta-shares-sold-by-abacus-planning-group-inc/,etfdailynews.com,English,0.0,gdelt_gkg
META,2025-02-27,"Meta Platforms , Inc . ( NASDAQ : META ) Shares Acquired by WealthBridge Capital Management LLC",https://www.etfdailynews.com/2025/02/27/meta-platforms-inc-nasdaqmeta-shares-acquired-by-wealthbridge-capital-management-llc/,etfdailynews.com,English,0.0,gdelt_gkg
META,2025-02-27,"Corps Capital Advisors LLC Makes New Investment in Meta Platforms , Inc . ( NASDAQ : META ) ",https://www.etfdailynews.com/2025/02/27/corps-capital-advisors-llc-makes-new-investment-in-meta-platforms-inc-nasdaqmeta/,etfdailynews.com,English,0.0,gdelt_gkg
META,2025-02-27,"Meta Platforms , Inc . ( NASDAQ : META ) Position Boosted by Handelsbanken Fonder AB",https://www.etfdailynews.com/2025/02/27/meta-platforms-inc-nasdaqmeta-position-boosted-by-handelsbanken-fonder-ab/,etfdailynews.com,English,0.0,gdelt_gkg
META,2025-02-27,"Prediction : This Artificial Intelligence ( AI ) Stock -- a 1 , 020 % Gainer Since Its IPO -- Wont Split Its Stock in 2025 . Here Why",https://www.fool.com/investing/2025/02/27/prediction-this-artificial-intelligence-ai-stock-a/?source=iedfolrf0000001,fool.com,English,0.0,gdelt_gkg
META,2025-02-27,Meta Platforms Just Caused This Crucial Artificial Intelligence ( AI ) Stock to Plummet . Should You Buy the Dip ? ,https://www.fool.com/investing/2025/02/27/meta-platforms-just-caused-this-crucial-artificial/?source=iedfolrf0000001,fool.com,English,0.0,gdelt_gkg
META,2025-02-27,Jensen Huang Just Delivered Fantastic News for Nvidia Investors,https://www.fool.com/investing/2025/02/27/huang-delivered-fantastic-news-nvidia-investors/,fool.com,English,0.0,gdelt_gkg
META,2025-02-27,"Excellent Nvidia Earnings But Stage Five Pattern Proves Formidable , Quantum Computing Breakthrough - NVIDIA ( NASDAQ : NVDA ) ",https://www.benzinga.com/markets/equities/25/02/44020631/excellent-nvidia-earnings-but-stage-five-pattern-proves-formidable-quantum-computing-breakthroug,benzinga.com,English,0.0,gdelt_gkg
META,2025-02-27,Criminally Stupid ? Hanging With Hezbollah  Brother on Nasrallah Funeral Pilgrimage Part 2 : Jackson Hinkle,https://honestreporting.com/criminally-stupid-hanging-with-hezbollah-brothers-on-nasrallah-funeral-pilgrimage-part-2-jackson-hinkle/,honestreporting.com,English,0.0,gdelt_gkg
META,2025-02-27,Tech sector surges : Investors upbeat as semiconductors soar,https://www.forexlive.com/stock-market-update/tech-sector-surges-investors-upbeat-as-semiconductors-soar-20250227/,forexlive.com,English,0.0,gdelt_gkg
META,2025-02-27,NVIDIA Corporation ( NVDA ): Among Stocks to Invest In from Israel Englander Portfolio,https://www.insidermonkey.com/blog/nvidia-corporation-nvda-among-stocks-to-invest-in-from-israel-englanders-portfolio-1465950/,insidermonkey.com,English,0.0,gdelt_gkg
META,2025-02-27,Google cuts jobs in cloud division,https://www.datacenterdynamics.com/en/news/google-cuts-jobs-in-cloud-division/,datacenterdynamics.com,English,0.0,gdelt_gkg
META,2025-02-27,Advertisers Giving Conversational Commerce Ad Units Separate Budget,https://www.mediapost.com/publications/article/403754/advertisers-giving-conversational-commerce-ad-unit.html,mediapost.com,English,0.0,gdelt_gkg
META,2025-02-27,Futures Jump As  Good Enough  Nvidia Results Reboot Rally,https://www.zerohedge.com/markets/futures-jump-good-enough-nvidia-results-reboot-rally,zerohedge.com,English,0.0,gdelt_gkg
META,2025-02-27,Wealth disparities impact telehealth access for mental health care,https://www.news-medical.net/news/20250227/Wealth-disparities-impact-telehealth-access-for-mental-health-care.aspx,news-medical.net,English,0.0,gdelt_gkg
META,2025-02-27,Large Cap Stocks To Consider – February 27th,https://www.dailypolitical.com/2025/02/27/large-cap-stocks-to-consider-february-27th.html,dailypolitical.com,English,0.0,gdelt_gkg
META,2025-02-27,"Meta plans to release standalone Meta AI app , CNBC reports",https://www.marketscreener.com/quote/stock/META-PLATFORMS-INC-10547141/news/Meta-plans-to-release-standalone-Meta-AI-app-CNBC-reports-49189898/,marketscreener.com,English,0.0,gdelt_gkg
META,2025-02-27,Large Cap Stocks To Consider – February 27th,https://www.tickerreport.com/banking-finance/12853916/large-cap-stocks-to-consider-february-27th.html,tickerreport.com,English,0.0,gdelt_gkg
META,2025-02-27,Nvidia earnings offer little cheer for tech shares,https://www.chinatechnews.com/2025/02/27/109485-nvidia-earnings-offer-little-cheer-for-tech-shares,chinatechnews.com,English,0.0,gdelt_gkg
META,2025-02-27,8 Worst Performing Mutual Funds in 2024 - Insider Monkey,https://www.insidermonkey.com/blog/8-worst-performing-mutual-funds-in-2024-1465830/,insidermonkey.com,English,0.0,gdelt_gkg
META,2025-02-27,Meta in Talks to Secure $35B Financing Package for Data Center Project,https://commercialobserver.com/2025/02/meta-35b-financing-data-center/,commercialobserver.com,English,0.0,gdelt_gkg
META,2025-02-27,2 Super Semiconductor Stocks ( Besides Nvidia ) to Buy Hand Over Fist in 2025,https://www.fool.com/investing/2025/02/27/2-semiconductor-stocks-nvidia-buy-hand-fist-2025/,fool.com,English,0.0,gdelt_gkg
META,2025-02-27,Tech Talk : Nvidia earnings offer little cheer for tech shares,https://www.gdnonline.com:443/Details/1346178/Nvidia-earnings-offer-little-cheer-for-tech-shares,gdnonline.com,English,0.0,gdelt_gkg
META,2025-02-27,Better Semiconductor Stock : AMD vs . Arm Holdings,https://www.fool.com/investing/2025/02/27/better-semiconductor-stock-amd-vs-arm-holdings/?source=iedfolrf0000001,fool.com,English,0.0,gdelt_gkg
META,2025-02-27,"Nvidia shares muted as robust AI demand forecast clouded by new chip costs , ET Telecom",https://telecom.economictimes.indiatimes.com/news/devices/nvidia-shares-muted-as-robust-ai-demand-forecast-clouded-by-new-chip-costs/118605282,telecom.economictimes.indiatimes.com,English,0.0,gdelt_gkg
META,2025-02-27,Nvidia and Salesforce Leave Bulls Wanting as AI Trade Stalls,https://www.bnnbloomberg.ca/business/technology/2025/02/27/nvidia-and-salesforce-leave-bulls-wanting-as-ai-trade-stalls/,bnnbloomberg.ca,English,0.0,gdelt_gkg
META,2025-02-27,Nvidia earnings offer little cheer for tech shares,https://www.irishtimes.com/technology/big-tech/2025/02/27/nvidia-earnings-offer-little-cheer-for-tech-shares/,irishtimes.com,English,0.0,gdelt_gkg
META,2025-02-27,"AppLovin falls over 13 % as short - sellers Culper Research , Fuzzy Panda accuse company of fraud",https://invezz.com/news/2025/02/26/applovin-falls-over-13-as-short-sellers-culper-research-fuzzy-panda-accuse-company-of-fraud/,invezz.com,English,0.0,gdelt_gkg
META,2025-02-27,Levi & Korsinsky Announces an Investigation on Behalf of AppLovin Corporation ... ,https://www.pr-inside.com/levi-korsinsky-announces-an-investigation-on-behalf-of-applovin-corporation-r5076250.htm,pr-inside.com,English,0.0,gdelt_gkg
META,2025-02-27,Nvidia sales leap 78 % as it starts producing more next - generation Blackwell GPUs,https://siliconangle.com/2025/02/26/nvidias-sales-leap-78-starts-producing-more-next-generation-blackwell-gpus/,siliconangle.com,English,0.0,gdelt_gkg
META,2025-02-27,Recent Ruling Regarding Copyright Protected Data And AI Tool Training,https://www.mondaq.com:443/unitedstates/new-technology/1589684/recent-ruling-regarding-copyright-protected-data-and-ai-tool-training,mondaq.com,English,0.0,gdelt_gkg
META,2025-02-27,Facebook scams : No - interest loan scheme charity scammers target vulnerable on Meta platform,https://www.smh.com.au/national/i-can-t-buy-food-for-my-children-facebook-profits-from-charity-scams-costing-taxpayers-20250219-p5ldjq.html,smh.com.au,English,0.0,gdelt_gkg
META,2025-02-27,Promising Technology Stocks To Keep An Eye On – February 25th,https://www.wkrb13.com/2025/02/27/promising-technology-stocks-to-keep-an-eye-on-february-25th.html,wkrb13.com,English,0.0,gdelt_gkg
META,2025-02-27,Meta Boosts Executive Bonuses To 200 % As It Slashes 5 % Of Workforce Laid - Off Employees Call It  Unfair  ,https://biztoc.com/x/e7663fa5e0aac350,biztoc.com,English,0.0,gdelt_gkg
META,2025-02-27,Nvidia forecast suggests robust demand from AI heavyweights,https://economictimes.indiatimes.com/markets/stocks/news/nvidias-forecast-suggests-robust-demand-from-ai-heavyweights/articleshow/118590037.cms,economictimes.indiatimes.com,English,0.0,gdelt_gkg
META,2025-02-27,Meta Platforms ( NASDAQ : META ) Trading Down 2 . 4 % After Insider Selling,https://www.wkrb13.com/2025/02/27/meta-platforms-nasdaqmeta-trading-down-2-4-after-insider-selling.html,wkrb13.com,English,0.0,gdelt_gkg
META,2025-02-27,Facebook scams : No - interest loan scheme charity scammers target vulnerable on Meta platform,https://www.brisbanetimes.com.au/national/i-can-t-buy-food-for-my-children-facebook-profits-from-charity-scams-costing-taxpayers-20250219-p5ldjq.html,brisbanetimes.com.au,English,0.0,gdelt_gkg
META,2025-02-27,US Stocks : Nasdaq leads Wall Street higher as Nvidia results grab focus,https://www.financialexpress.com/market/us-stocks-nasdaq-leads-wall-street-higher-as-nvidia-results-grab-focus-3761586/,financialexpress.com,English,0.0,gdelt_gkg
META,2025-02-27,"Nvidia AI Forecast : Nvidia forecast suggests robust demand from AI heavyweights , ET Telecom",https://telecom.economictimes.indiatimes.com/news/devices/nvidias-forecast-suggests-robust-demand-from-ai-heavyweights/118590334,telecom.economictimes.indiatimes.com,English,0.0,gdelt_gkg
META,2025-02-27,Reddit co - founder says Meta end to third - party fact - checking is  very pragmatic  – NBC Los Angeles,https://www.nbclosangeles.com/news/business/money-report/reddit-co-founder-says-metas-end-to-third-party-fact-checking-is-very-pragmatic/3641949/,nbclosangeles.com,English,0.0,gdelt_gkg
META,2025-02-27,  What do I do at work now ?: Facebook users worldwide report issues logging into social media platform,https://www.straitstimes.com/tech/what-do-i-do-at-work-now-facebook-users-worldwide-report-issues-logging-into-social-media-platform,straitstimes.com,English,0.0,gdelt_gkg
META,2025-02-27,Meta In Talks For $200 Billion Data Center Project That  Would Dwarf  All Of Its Other Projects,https://www.shtfplan.com/headline-news/meta-in-talks-for-200-billion-data-center-project-that-would-dwarf-all-of-its-other-projects,shtfplan.com,English,0.0,gdelt_gkg
META,2025-02-27,US Stock Futures Rise Before Data as Nvidia Gains : Markets Wrap,https://www.swissinfo.ch/eng/us-stock-futures-rise-before-data-as-nvidia-gains:-markets-wrap/88934491,swissinfo.ch,English,0.0,gdelt_gkg
META,2025-02-27,Instagram could launch Reels as a separate app to take on TikTok,https://www.androidheadlines.com/2025/02/instagram-could-launch-reels-as-separate-app-to-take-on-tiktok.html,androidheadlines.com,English,0.0,gdelt_gkg
META,2025-02-27,2 Super Semiconductor Stocks ( Besides Nvidia ) to Buy Hand Over Fist in 2025,https://www.fool.com/investing/2025/02/27/2-semiconductor-stocks-nvidia-buy-hand-fist-2025/?source=iedfolrf0000001,fool.com,English,0.0,gdelt_gkg
META,2025-02-27,Reddit co - founder says Meta end to third - party fact - checking is  very pragmatic  – NBC 6 South Florida,https://www.nbcmiami.com/news/business/money-report/reddit-co-founder-says-metas-end-to-third-party-fact-checking-is-very-pragmatic/3553660/,nbcmiami.com,English,0.0,gdelt_gkg
META,2025-02-27,Reddit co - founder says Meta end to third - party fact - checking is  very pragmatic  – NBC New York,https://www.nbcnewyork.com/news/business/money-report/reddit-co-founder-says-metas-end-to-third-party-fact-checking-is-very-pragmatic/6165858/,nbcnewyork.com,English,0.0,gdelt_gkg
META,2025-02-27,Reddit co - founder says Meta end to third - party fact - checking is  very pragmatic  – NBC Chicago,https://www.nbcchicago.com/news/business/money-report/reddit-co-founder-says-metas-end-to-third-party-fact-checking-is-very-pragmatic/3684232/,nbcchicago.com,English,0.0,gdelt_gkg
META,2025-02-27,Google axes employees in cloud division,https://www.straitstimes.com/business/companies-markets/google-cuts-employees-in-cloud-division,straitstimes.com,English,0.0,gdelt_gkg
META,2025-02-27,Nvidia shares jump -  AI advancing at light speed : Nvidia posts 78 % jump in quarterly revenue -  AI advancing at light speed : Nvidia posts 78 % jump in quarterly revenue BusinessToday,https://www.businesstoday.in/markets/story/ai-advancing-at-light-speed-nvidia-posts-78-jump-in-quarterly-revenue-466085-2025-02-27,businesstoday.in,English,0.0,gdelt_gkg
META,2025-02-27,Reddit co - founder : Meta end to third - party fact - checking  pragmatic  ,https://www.cnbc.com/2025/02/27/reddit-co-founder-metas-end-to-third-party-fact-checking-pragmatic.html,cnbc.com,English,0.0,gdelt_gkg
META,2025-02-27,Baystreet . ca - Magnificent 7 Stocks Fall Into Correction Territory,http://baystreet.ca/articles/stockstowatch/108866/Magnificent-7-Stocks-Fall-Into-Correction-Territory,baystreet.ca,English,0.0,gdelt_gkg
META,2025-02-27,SA crackdown on tech firms widens rift with US,https://www.cajnewsafrica.com/2025/02/27/sa-crackdown-on-tech-firms-widens-rift-with-us/,cajnewsafrica.com,English,0.0,gdelt_gkg
META,2025-02-27,Magnificent Seven ETF on Track to Close in Correction Territory,https://www.barrons.com/livecoverage/stock-market-today-022525/card/magnificent-seven-etf-on-track-to-close-in-correction-territory-rKB5c62FTm146w4XnE3n,barrons.com,English,0.0,gdelt_gkg
META,2025-02-27,"Hotel Loyalty Race , Amazon Alexa Upgrade and Southwest Big Change",https://skift.com/2025/02/27/hotels-loyalty-race-amazon-alexas-upgrade-and-southwests-big-change/,skift.com,English,0.0,gdelt_gkg
META,2025-02-28,Investors who Lost Money on AppLovin Corporation Should Contact Levi ... ,https://www.pr-inside.com/investors-who-lost-money-on-applovin-corporation-should-contact-levi-r5077183.htm,pr-inside.com,English,0.0,gdelt_gkg
META,2025-02-28,1 Artificial Intelligence ( AI ) Stock That Could Be Bigger Than Nvidia in 5 Years,https://www.fool.com/investing/2025/02/28/artificial-intelligence-ai-stock-bigger-nvidia/,fool.com,English,0.0,gdelt_gkg
META,2025-02-28,"Meta Platforms , Inc . ( META ) Positioned for GenAI Growth with Strong Analyst Support",https://www.insidermonkey.com/blog/meta-platforms-inc-meta-positioned-for-genai-growth-with-strong-analyst-support-1466844/,insidermonkey.com,English,0.0,gdelt_gkg
META,2025-02-28,Goldman Chat With Top Robotics Firm Reveals Skynet Humanoid Timeline,https://www.zerohedge.com/technology/goldmans-chat-top-robotics-firm-reveals-skynet-humanoid-timeline,zerohedge.com,English,0.0,gdelt_gkg
META,2025-02-28,"ROSEN , LEADING INVESTOR COUNSEL , Encourages AppLovin Corporation Investors ... ",https://www.pr-inside.com/rosen-leading-investor-counsel-encourages-applovin-corporation-investors-r5077166.htm,pr-inside.com,English,0.0,gdelt_gkg
META,2025-02-28,IPO Market Slump Drags On As Unicorns Multiply . Why There Hope For More IPO Stocks In 2025 . ,https://www.investors.com:443/news/technology/ipo-market-slump-unicorns-new-ipo-stocks-2025/,investors.com,English,0.0,gdelt_gkg
META,2025-02-28,Mark Zuckerberg channels musician Benson Boone during wife birthday bash,https://www.foxbusiness.com/lifestyle/mark-zuckerberg-channels-musician-benson-boone-during-wifes-birthday-bash,foxbusiness.com,English,0.0,gdelt_gkg
META,2025-02-28,Goldman Chat With Top Robotics Firm Reveals Skynet Humanoid Timeline,https://biztoc.com/x/93dd97bb444d0241,biztoc.com,English,0.0,gdelt_gkg
META,2025-02-28,"Trump midday surprise briefly jolts the market plus , February winners and losers",https://www.cnbc.com/2025/02/28/trumps-midday-surprise-briefly-jolts-the-market-plus-february-winners-and-losers.html,cnbc.com,English,0.0,gdelt_gkg
META,2025-02-28,10 Stocks with the Largest Fair Value Estimate Increases During Q4 Earnings,https://www.morningstar.com/stocks/10-stocks-with-largest-fair-value-estimate-increases-during-q4-earnings,morningstar.com,English,0.0,gdelt_gkg
META,2025-02-28,"Facebook enables gender discrimination in job ads , European human rights body rules",https://www.wthitv.com/news/facebook-enables-gender-discrimination-in-job-ads-european-human-rights-body-rules/article_f89ab3bb-5d35-5399-bf4b-eef2413394f4.html,wthitv.com,English,0.0,gdelt_gkg
META,2025-02-28,"Facebook enables gender discrimination in job ads , European human rights body rules",https://www.yahoo.com/news/facebook-enables-gender-discrimination-job-154144048.html,yahoo.com,English,0.0,gdelt_gkg
META,2025-02-28,Meta Asks Appeals Court To Turn Away Facebook Users In Antitrust Battle,https://www.mediapost.com/publications/article/403795/meta-asks-appeals-court-to-turn-away-facebook-user.html,mediapost.com,English,0.0,gdelt_gkg
META,2025-02-28,Is William Blair Small - Mid Cap Growth R6 ( WSMRX ) the Worst Performing Mutual Fund in 2024 ? ,https://www.insidermonkey.com/blog/is-william-blair-small-mid-cap-growth-r6-wsmrx-the-worst-performing-mutual-fund-in-2024-1467904/,insidermonkey.com,English,0.0,gdelt_gkg
META,2025-02-28,"Facebook enables gender discrimination in job ads , European human rights body rules",https://www.erienewsnow.com/story/52479138/facebook-enables-gender-discrimination-in-job-ads-european-human-rights-body-rules,erienewsnow.com,English,0.0,gdelt_gkg
META,2025-02-28,Prediction : 2 Stocks That Will Be Worth More Than AMD 2 Years From Now,https://www.fool.com/investing/2025/02/28/prediction-2-stocks-that-will-be-worth-more-than-a/?source=iedfolrf0000001,fool.com,English,0.0,gdelt_gkg
META,2025-02-28,Dow Jones Today : Stocks Rise After Benign Inflation Reading as Nvidia Rebounds ; Major Indexes Remain on Track for February Losses,https://www.investopedia.com/dow-jones-today-02282025-11688195,investopedia.com,English,0.0,gdelt_gkg
META,2025-02-28,Meta Stock : AI App Planned Amid Data Center Expansion,https://www.finanznachrichten.de/nachrichten-2025-02/64687307-meta-stock-ai-app-planned-amid-data-center-expansion-660.htm,finanznachrichten.de,English,0.0,gdelt_gkg
META,2025-02-28,Meta To Test Paid Subscription For Meta AI Chatbot In 2025,https://www.chiangraitimes.com/tech/meta-ai-paid-subscription/,chiangraitimes.com,English,0.0,gdelt_gkg
META,2025-02-28,"Meta plans paid subscription service for chatbot Meta AI , source says",https://economictimes.indiatimes.com/tech/artificial-intelligence/meta-plans-paid-subscription-service-for-chatbot-meta-ai-source-says/articleshow/118615160.cms,economictimes.indiatimes.com,English,0.0,gdelt_gkg
META,2025-02-28,Meta plans to release standalone Meta AI app : Report,https://www.thehindu.com/sci-tech/technology/meta-plans-to-release-standalone-meta-ai-app-report/article69273361.ece,thehindu.com,English,0.0,gdelt_gkg
META,2025-02-28,Meta in talks to raise $35 billion for data center financing led by Apollo : Report,https://www.thehindu.com/sci-tech/technology/meta-in-talks-to-raise-35-billion-for-data-center-financing-led-by-apollo-report/article69273367.ece,thehindu.com,English,0.0,gdelt_gkg
META,2025-02-28,Meta Fact - Checking Decision Praised as  Very Pragmatic  by Reddit Founder – TechStory,https://techstory.in/metas-fact-checking-decision-praised-as-very-pragmatic-by-reddit-founder/,techstory.in,English,0.0,gdelt_gkg
META,2025-02-28,Meta Plans Standalone AI App To Compete With ChatGPT And DeepSeek,https://www.ubergizmo.com/2025/02/meta-plans-standalone-ai-app/,ubergizmo.com,English,0.0,gdelt_gkg
META,2025-02-28,"Meta Plans Standalone AI App with subscription option , to challenge ChatGPT : Details here",https://www.indiatvnews.com/technology/news/meta-plans-standalone-ai-app-with-subscription-option-to-challenge-chatgpt-details-here-2025-02-28-978392,indiatvnews.com,English,0.0,gdelt_gkg
META,2025-02-28,Prediction : This Top Artificial Intelligence ( AI ) Stock Will Start Skyrocketing After March 6,https://www.fool.com/investing/2025/02/28/prediction-this-top-artificial-intelligence-ai-sto/?source=iedfolrf0000001,fool.com,English,0.0,gdelt_gkg
META,2025-02-28,🔒 Paul McCartney AI dispute highlights the need for copyright reform : Parmy Olson,https://www.biznews.com/tech/2025/02/28/paul-mccartneys-ai-dispute-copyright-reform,biznews.com,English,0.0,gdelt_gkg
META,2025-02-28,1 Artificial Intelligence ( AI ) Stock That Could Be Bigger Than Nvidia in 5 Years,https://www.fool.com/investing/2025/02/28/artificial-intelligence-ai-stock-bigger-nvidia/?source=iedfolrf0000001,fool.com,English,0.0,gdelt_gkg
META,2025-02-28,3 Top Tech Stocks to Buy Right Now | The Motley Fool,https://www.fool.com/investing/2025/02/28/3-top-tech-stocks-to-buy-right-now/?source=iedfolrf0000001,fool.com,English,0.0,gdelt_gkg
META,2025-02-28,"Facebook enables gender discrimination in job ads , European human rights body rules",https://us.cnn.com/2025/02/28/tech/facebook-gender-discrimination-europe-ruling-asequals-intl/,us.cnn.com,English,0.0,gdelt_gkg
META,2025-02-28,S & P Futures Rebound From Thursday Rout Which Wiped Out All 2025 Gains ; Bitcoin Crash Continues,https://www.zerohedge.com/markets/sp-futures-rebound-thursday-rout-which-wiped-out-all-2025-gains-bitcoin-crash-continues,zerohedge.com,English,0.0,gdelt_gkg
META,2025-02-28,Meta $200 billion AI data center gamble : A new frontier or a Capex bubble ? – NaturalNews . com,https://www.naturalnews.com/2025-02-27-metas-200-billion-ai-data-center-gamble.html,naturalnews.com,English,0.0,gdelt_gkg
META,2025-02-28,"APPLOVIN ALERT : Bragar Eagel & Squire , P . C . is",https://www.globenewswire.com/news-release/2025/02/28/3034453/0/en/APPLOVIN-ALERT-Bragar-Eagel-Squire-P-C-is-Investigating-AppLovin-Corporation-on-Behalf-of-AppLovin-Stockholders-and-Encourages-Investors-to-Contact-the-Firm.html,globenewswire.com,English,0.0,gdelt_gkg
META,2025-03-01,Elon Musk has lost more money in just 2 months than Mukesh Ambani entire lifetime earnings of Rs .... ,https://www.india.com/business/elon-musk-has-lost-more-money-in-just-2-months-than-mukesh-ambanis-entire-lifetime-earnings-of-rs-reliance-industries-wall-street-tesla-amazon-jeff-bezos-mark-zuckerberg-7648740/,india.com,English,0.0,gdelt_gkg
META,2025-03-01,"Tell Us : Did you participate in the  economic blackout  to protest billionaires , corporations ? ",https://www.news4jax.com/news/local/2025/02/28/tell-us-did-you-participate-in-the-economic-blackout-to-protest-billionaires-corporations/,news4jax.com,English,0.0,gdelt_gkg
META,2025-03-01,Underweighting the Magnificent Seven Paid Off for These Funds,https://www.bloomberg.com/news/articles/2025-03-01/underweighting-the-magnificent-seven-paid-off-for-these-funds,bloomberg.com,English,0.0,gdelt_gkg
META,2025-03-01,Canada tech leaders condemn any efforts to erase diversity,https://www.stcatharinesstandard.ca/thestar/business/canada-s-tech-leaders-are-condemning-efforts-to-erase-dei-and-that-very-canadian-response/article_c0208c2d-9802-551c-b5b1-95341109d631.html,stcatharinesstandard.ca,English,0.0,gdelt_gkg
META,2025-03-01,Canada tech leaders condemn any efforts to erase diversity,https://www.thepeterboroughexaminer.com/thestar/business/canada-s-tech-leaders-are-condemning-efforts-to-erase-dei-and-that-very-canadian-response/article_c139f3bb-d653-5ebd-9b5b-90f1aef3aecf.html,thepeterboroughexaminer.com,English,0.0,gdelt_gkg
META,2025-03-01,3 Cant - Miss Takeaways From Warren Buffett Letter to Berkshire Hathaway Shareholders,https://www.fool.com/investing/2025/03/01/3-cant-miss-takeaways-warren-buffett-annual-letter/,fool.com,English,0.0,gdelt_gkg
META,2025-03-01,Here Are My Top 4 Brilliant AI Stocks to Buy in March,https://www.fool.com/investing/2025/03/01/here-are-my-top-4-brilliant-ai-stocks-to-buy-in-ma/?source=iedfolrf0000001,fool.com,English,0.0,gdelt_gkg
META,2025-03-01,Cutting through the noise : High price - to - earnings multiples arent here to stay,https://www.theglobeandmail.com/investing/investment-ideas/article-cutting-through-the-noise-high-price-to-earnings-multiples-arent-here/,theglobeandmail.com,English,0.0,gdelt_gkg
META,2025-03-01,3 Cant - Miss Takeaways From Warren Buffett Letter to Berkshire Hathaway Shareholders,https://www.fool.com/investing/2025/03/01/3-cant-miss-takeaways-warren-buffett-annual-letter/?source=iedfolrf0000001,fool.com,English,0.0,gdelt_gkg
META,2025-03-01,"Judge appears skeptical of Florida law on minors , social media",https://www.orlandosentinel.com/2025/02/28/federal-judge-appears-skeptical-of-florida-law-trying-to-keep-minors-off-social-media/,orlandosentinel.com,English,0.0,gdelt_gkg
META,2025-03-01,Judge weighs Florida social media law,https://www.clickorlando.com/news/2025/03/01/judge-weighs-florida-social-media-law/,clickorlando.com,English,0.0,gdelt_gkg
META,2025-03-01,Meta reportedly planning to launch standalone Meta AI app,https://siliconangle.com/2025/02/28/meta-reportedly-planning-launch-standalone-meta-ai-app/,siliconangle.com,English,0.0,gdelt_gkg
META,2025-03-01,"Meta in talks to raise $35 billion for data center financing led by Apollo , Bloomberg News reports",https://finance.yahoo.com/news/meta-talks-raise-35-billion-182305086.html,finance.yahoo.com,English,0.0,gdelt_gkg
META,2025-03-01,Three companies withdraw as sponsors of Toronto Pride festival,https://www.theglobeandmail.com/business/article-three-companies-withdraw-as-sponsors-of-torontos-pride-festival/,theglobeandmail.com,English,0.0,gdelt_gkg
META,2025-03-01,Is Oracle Stock a Buy ? | The Motley Fool,https://www.fool.com/investing/2025/02/28/is-oracle-stock-a-buy/?source=iedfolrf0000001,fool.com,English,0.0,gdelt_gkg
META,2025-03-01,Judge Denies OpenAI Bid For Discovery In Meta IP Fight,https://www.law360.com:443/articles/2304532,law360.com,English,0.0,gdelt_gkg
META,2025-08-26,"Meta Platforms , Inc . ( META ) Shares Have Gained A Modest 8 % Since Jim Cramer Called A Seller  Chowderhead  ",https://www.insidermonkey.com/blog/meta-platforms-inc-metas-shares-have-gained-a-modest-8-since-jim-cramer-called-a-seller-chowderhead-1597802/,insidermonkey.com,English,0.0,gdelt_gkg
META,2025-08-26,US stocks waffle as Trump attack on Fed Cook unnerves traders,https://www.spokesman.com/stories/2025/aug/26/us-stocks-waffle-as-trump-attack-on-feds-cook-unne/,spokesman.com,English,0.0,gdelt_gkg
META,2025-08-26,Anthropic settles class action from US authors alleging copyright infringement,https://www.businessinsurance.com/anthropic-settles-class-action-from-us-authors-alleging-copyright-infringement/,businessinsurance.com,English,0.0,gdelt_gkg
META,2025-08-26,Meet the Magnificent  Ten Titans  Growth Stock With a 7 . 5 % Weighting in the S & P 500 That Could Single - Handedly Move the Stock Market on Aug . 28,https://www.fool.com/investing/2025/08/26/meet-magnificent-ten-titans-growth-stock-nvidia/?source=iedfolrf0000001,fool.com,English,0.0,gdelt_gkg
META,2025-08-26,This ETF Could Be the Easiest Way to Own the Future of AI,https://finance.yahoo.com/news/etf-could-easiest-way-own-171100471.html,finance.yahoo.com,English,0.0,gdelt_gkg
META,2025-08-26,This ETF Could Be the Easiest Way to Own the Future of AI,https://www.fool.com/investing/2025/08/26/this-etf-could-be-the-easiest-way-to-own-the-futur/,fool.com,English,0.0,gdelt_gkg
META,2025-08-26,This ETF Could Be the Easiest Way to Own the Future of AI,https://www.fool.com/investing/2025/08/26/this-etf-could-be-the-easiest-way-to-own-the-futur/?source=iedfolrf0000001,fool.com,English,0.0,gdelt_gkg
META,2025-08-26,State prosecutors warn AI companies about harm to children,https://www.bradfordera.com/2025/08/26/state-prosecutors-warn-ai-companies-harm-children/,bradfordera.com,English,0.0,gdelt_gkg
META,2025-08-27,Data centers are coming to Wisconsin . Who pays energy costs ? ,https://madison.com/news/state-regional/government-politics/article_56a55260-5ecf-4b40-a182-93923d5f1e66.html,madison.com,English,0.0,gdelt_gkg
META,2025-08-27,"After Earnings , Is Trade Desk Stock a Buy , a Sell , or Fairly Valued ? ",https://www.morningstar.com/stocks/after-earnings-is-trade-desk-stock-buy-sell-or-fairly-valued,morningstar.com,English,0.0,gdelt_gkg
META,2025-08-27,This Artificial Intelligence ( AI ) Stock Could Be the Next Tech Titan,https://www.fool.com/investing/2025/08/27/this-artificial-intelligence-ai-stock-could-be-the/?source=iedfolrf0000001,fool.com,English,0.0,gdelt_gkg
META,2025-08-27,Prediction : This Unstoppable Vanguard ETF Will Keep Beating the S & P 500 Over the Long Term,https://www.fool.com/investing/2025/08/27/prediction-vanguard-etf-beating-sp-500-long-term/?source=iedfolrf0000001,fool.com,English,0.0,gdelt_gkg
META,2025-08-27,These AI - Skilled 20 - Somethings Are Making Hundreds of Thousands a Year,https://www.hindustantimes.com/world-news/these-ai-skilled-20-somethings-are-making-hundreds-of-thousands-a-year-101756293315335.html,hindustantimes.com,English,0.0,gdelt_gkg
META,2025-08-27,Nvidia earnings report will help to show whether the AI boom is overhyped or gaining steam,https://www.news4jax.com/business/2025/08/27/nvidias-earnings-report-will-help-to-show-whether-the-ai-boom-is-overhyped-or-gaining-steam/,news4jax.com,English,0.0,gdelt_gkg
META,2025-08-27,Nvidia earnings report will help to show whether the AI boom is overhyped or gaining steam,https://www.smdailyjournal.com/business/nvidias-earnings-report-will-help-to-show-whether-the-ai-boom-is-overhyped-or-gaining/article_538f4c57-6309-5fad-bda7-0792e7bae3c2.html,smdailyjournal.com,English,0.0,gdelt_gkg
META,2025-08-27,"Ieq Capital LLC Increases Stock Holdings in Meta Platforms , Inc . $META",https://www.tickerreport.com/banking-finance/13123216/ieq-capital-llc-increases-stock-holdings-in-meta-platforms-inc-meta.html,tickerreport.com,English,0.0,gdelt_gkg
META,2025-08-27,Meta Superintelligence Labs Hit by Rapid AI Talent Drain to OpenAI,https://www.webpronews.com/metas-superintelligence-labs-hit-by-rapid-ai-talent-drain-to-openai/,webpronews.com,English,0.0,gdelt_gkg
META,2025-08-27,Nvidia earnings report will help to show whether the AI boom is overhyped or gaining steam,https://www.springfieldnewssun.com/news/nation-world/nvidias-earnings-report-will-help-to-show-whether-the-ai-boom-is-overhyped-or-gaining-steam/VH6DGEBM3VIZFNQIAGLM3VE4VA/,springfieldnewssun.com,English,0.0,gdelt_gkg
META,2025-08-27,Elon Musk seeks court order to stop OpenAI from getting Meta papers ; will legal battle over $97 billion AI bid escalate ? ,https://www.indiatimes.com/trending/elon-musk-seeks-court-order-to-stop-openai-from-getting-meta-papers-will-legal-battle-over-97-billion-ai-bid-escalate-668063.html,indiatimes.com,English,0.0,gdelt_gkg
META,2025-08-27,Is This the Most Undervalued AI Semiconductor Stock Right Now ? ,https://www.fool.com/investing/2025/08/27/is-this-the-most-undervalued-ai-semiconductor/?source=iedfolrf0000001,fool.com,English,0.0,gdelt_gkg
META,2025-08-27,Nvidia forecasts higher revenue as China clouds future,https://www.rte.ie/news/business/2025/0827/1530521-nvidia-quarterly-results/,rte.ie,English,0.0,gdelt_gkg
META,2025-08-27,"GitLab ( GTLB ) Stock Trades Up , Here Is Why | FinancialContent",https://markets.financialcontent.com/stocks/article/stockstory-2025-8-27-gitlab-gtlb-stock-trades-up-here-is-why,markets.financialcontent.com,English,0.0,gdelt_gkg
META,2025-08-27,Nvidia Earnings Report Will Help to Show Whether the AI Boom Is Overhyped or Gaining Steam,https://www.manufacturing.net/artificial-intelligence/news/22948798/nvidias-earnings-report-will-help-to-show-whether-the-ai-boom-is-overhyped-or-gaining-steam,manufacturing.net,English,0.0,gdelt_gkg
META,2025-08-27,Behind the Scenes of Arista Networks Latest Options Trends - Arista Networks ( NYSE : ANET ) ,https://www.benzinga.com/insights/options/25/08/47370026/behind-the-scenes-of-arista-networkss-latest-options-trends,benzinga.com,English,0.0,gdelt_gkg
META,2025-08-27,Nvidia forecasts higher revenue as China clouds future,https://www.aol.com/ai-leader-nvidia-forecasts-third-202414092.html,aol.com,English,0.0,gdelt_gkg
META,2025-08-27,What Going On With Meta Platforms Stock ? ,https://biztoc.com/x/3b949d10a5f18ba3,biztoc.com,English,0.0,gdelt_gkg
META,2025-08-27,AI Market : Nvidia forecasts Q3 revenue above estimates,https://www.bnnbloomberg.ca/business/2025/08/27/ai-leader-nvidia-forecasts-third-quarter-revenue-above-estimates/,bnnbloomberg.ca,English,0.0,gdelt_gkg
META,2025-08-27,Nvidia earnings report to be released today – NBC Bay Area,https://www.nbcbayarea.com/news/local/nvidia-earnings-report/3939424/,nbcbayarea.com,English,0.0,gdelt_gkg
META,2025-08-27,Nvidia quarterly report tests AI market hype | New Orleans CityBusiness,https://neworleanscitybusiness.com/blog/2025/08/27/nvidia-ai-quarterly-earnings-report/,neworleanscitybusiness.com,English,0.0,gdelt_gkg
META,2025-08-27,"Tech Sector New Horizon : Beyond the Magnificent 7 , Diversified Growth Ignites 2025",https://markets.financialcontent.com/stocks/article/marketminute-2025-8-27-tech-sectors-new-horizon-beyond-the-magnificent-7-diversified-growth-ignites-2025,markets.financialcontent.com,English,0.0,gdelt_gkg
META,2025-08-27,Powering Progress : AI Insatiable Energy Appetite and Biotech Dual Dawn,https://markets.financialcontent.com/stocks/article/marketminute-2025-8-27-powering-progress-ais-insatiable-energy-appetite-and-biotechs-dual-dawn,markets.financialcontent.com,English,0.0,gdelt_gkg
META,2025-08-27,Elon Musk lawyers to US judge : Reject OpenAI CEO Sam Altman request to show chats between Musk and Meta CEO Mark Zuckerberg,https://timesofindia.indiatimes.com/technology/tech-news/elon-musks-lawyers-to-us-judge-reject-openai-ceo-sam-altmans-request-to-show-chats-between-musk-and-meta-ceo-mark-zuckerberg/articleshow/123542524.cms,timesofindia.indiatimes.com,English,0.0,gdelt_gkg
META,2025-08-27,Trump Spills Meta $50 Billion Secret And Wall Street Is Asking This - Meta Platforms ( NASDAQ : META ) ,https://www.benzinga.com/markets/tech/25/08/47364487/trump-spills-metas-50-billion-secret-and-wall-street-is-asking-this,benzinga.com,English,0.0,gdelt_gkg
META,2025-08-27,Nvidia Earnings Report Will Help to Show Whether the AI Boom Is Overhyped or Gaining Steam,https://www.mbtmag.com/artificial-intelligence/news/22948798/nvidias-earnings-report-will-help-to-show-whether-the-ai-boom-is-overhyped-or-gaining-steam,mbtmag.com,English,0.0,gdelt_gkg
META,2025-08-27,"Trump  Discriminatory  Tech Regulation Claims Attract EU Pushback , Brussels Cites Action Against Tiktok , Temu To Make Its Point - Alphabet ( NASDAQ : GOOG ), Apple ( NASDAQ : AAPL ) ",https://www.benzinga.com/markets/tech/25/08/47351162/trumps-discriminatory-tech-regulation-claims-attract-eu-pushback-brussels-cites-action-against-tikto,benzinga.com,English,0.0,gdelt_gkg
META,2025-08-27,"US stock market today : S & P 500 nears record high , Dow Jones and Nasdaq jump , all eyes on Nvidia earnings results",https://economictimes.indiatimes.com/news/international/us/us-stock-market-today-sp-500-nears-record-high-dow-jones-and-nasdaq-jump-all-eyes-on-nvidia-earnings-results/articleshow/123551961.cms,economictimes.indiatimes.com,English,0.0,gdelt_gkg
META,2025-08-27,Elon Musk lawyers try to stop OpenAI from getting bid documents from Meta,https://seekingalpha.com/news/4489387-elon-musks-lawyers-try-to-stop-openai-from-getting-bid-documents-from-meta,seekingalpha.com,English,0.0,gdelt_gkg
META,2025-08-27,AI Fair Use Decisions Bode Well For The Semiconductor Industry,https://www.mondaq.com:443/unitedstates/new-technology/1670452/ai-fair-use-decisions-bode-well-for-the-semiconductor-industry,mondaq.com,English,0.0,gdelt_gkg
META,2025-08-27,The SVEDKA Robot Is Back -- and She Picking Up the Bar Tab,https://www.prnewswire.com/news-releases/the-svedka-robot-is-back--and-shes-picking-up-the-bar-tab-302539032.html,prnewswire.com,English,0.0,gdelt_gkg
META,2025-08-27,6 Key Takeaways From Examining 10 Years of Stock Performance by Sector,https://www.morningstar.com/stocks/6-key-takeaways-examining-10-years-stock-performance-by-sector,morningstar.com,English,0.0,gdelt_gkg
META,2025-08-27,Tech CEOs Urge Young People to Rethink College Degrees Amid Industry Shifts,https://www.investopedia.com/tech-ceos-urge-young-people-to-rethink-college-degrees-amid-industry-shifts-11797494,investopedia.com,English,0.0,gdelt_gkg
META,2025-08-27,Is Cameco Stock a Buy Now ? | The Motley Fool,https://www.fool.com/investing/2025/08/26/is-cameco-stock-a-buy-now/?source=iedfolrf0000001,fool.com,English,0.0,gdelt_gkg
META,2025-08-27,Is Cameco Stock a Buy Now ? | The Motley Fool,https://www.fool.com/investing/2025/08/26/is-cameco-stock-a-buy-now/,fool.com,English,0.0,gdelt_gkg
META,2025-08-27,Anthropic settles class action from US authors alleging copyright infringement,https://indianexpress.com/article/technology/artificial-intelligence/anthropic-settles-class-action-from-us-authors-copyright-infringement-10213797/,indianexpress.com,English,0.0,gdelt_gkg
META,2025-08-27,White Former Meta Worker Alleges Company Preferred Hiring Minority Women,https://mynewsla.com/business/2025/08/26/white-former-meta-worker-alleges-company-preferred-hiring-minority-women/,mynewsla.com,English,0.0,gdelt_gkg
META,2025-08-27,"Nvidia Robotics Platform Is Becoming The  De Facto Standard , Says Gene Munster As Chipmaker Launches $3 , 499  Robot Brain  - Meta Platforms ( NASDAQ : META ), Amazon . com ( NASDAQ : AMZN ) ",https://www.benzinga.com/markets/tech/25/08/47349348/nvidias-robotics-platform-is-becoming-the-de-facto-standard-says-gene-munster-as-chipmaker-launches-3499-robot-brain,benzinga.com,English,0.0,gdelt_gkg
META,2025-08-27,Landmark AI wrongful death lawsuit alleges OpenAI ChatGPT played major role in teen suicide,https://siliconangle.com/2025/08/26/landmark-ai-wrongful-death-lawsuit-alleges-openais-chatgpt-played-major-role-teens-suicide/,siliconangle.com,English,0.0,gdelt_gkg
META,2025-08-27,Nvidia quarterly report will gauge the temperature of the AI craze – Winnipeg Free Press,https://www.winnipegfreepress.com/arts-and-life/life/sci-tech/2025/08/27/nvidias-quarterly-report-will-gauge-the-temperature-of-the-ai-craze,winnipegfreepress.com,English,0.0,gdelt_gkg
META,2025-08-27,Nvidia quarterly report will gauge the temperature of the AI craze,https://www.ivpressonline.com/business/nvidias-quarterly-report-will-gauge-the-temperature-of-the-ai-craze/article_54c85a75-011d-5964-9967-d1b6adf1169c.html,ivpressonline.com,English,0.0,gdelt_gkg
META,2025-08-27,Nvidia quarterly report will gauge the temperature of the AI craze,https://www.recorderonline.com/news/national_news/nvidias-quarterly-report-will-gauge-the-temperature-of-the-ai-craze/article_8ac74b19-b45a-588a-910c-bd88563ba9e1.html,recorderonline.com,English,0.0,gdelt_gkg
META,2025-08-27,These AI - skilled 20 - somethings are making hundreds of thousands a year,https://www.livemint.com/global/these-ai-skilled-20-somethings-are-making-hundreds-of-thousands-a-year-11756258083041.html,livemint.com,English,0.0,gdelt_gkg
META,2025-08-27,Nvidia quarterly report will gauge the temperature of the AI craze,https://www.seattletimes.com/business/nvidias-quarterly-report-will-gauge-the-temperature-of-the-ai-craze/,seattletimes.com,English,0.0,gdelt_gkg
META,2025-08-27,Nvidia quarterly report will gauge the temperature of the AI craze,https://kdhnews.com/news/nation/nvidias-quarterly-report-will-gauge-the-temperature-of-the-ai-craze/article_91db6c23-7fbd-50cb-907b-03e839070d4c.html,kdhnews.com,English,0.0,gdelt_gkg
META,2025-08-27,"Trump  Discriminatory  Tech Regulation Claims Attract EU Pushback , Brussels Cites Action Against Tiktok , Temu To Make Its Point - Alphabet ( NASDAQ : GOOG ), Apple ( NASDAQ : AAPL ) ",https://www.benzinga.com/markets/tech/25/08/47351162/trumps-discriminatory-tech-regulation-claims-attract-eu-pushback-brussels-cites-action-against-tiktok-temu-to-make-its-point,benzinga.com,English,0.0,gdelt_gkg
META,2025-08-27,"Warren Buffett Says Most Investors Should Buy This Brilliant Index Fund . It Could Turn $500 Per Month Into $986 , 900 . ",https://www.fool.com/investing/2025/08/27/warren-buffett-buy-index-fund-turn-500-to-986900/?source=iedfolrf0000001,fool.com,English,0.0,gdelt_gkg
META,2025-08-27,"Warren Buffett Says Most Investors Should Buy This Brilliant Index Fund . It Could Turn $500 Per Month Into $986 , 900 . ",https://www.fool.com/investing/2025/08/27/warren-buffett-buy-index-fund-turn-500-to-986900/,fool.com,English,0.0,gdelt_gkg
META,2025-08-27,"Prediction : This Unstoppable Stock Will Join Nvidia , Microsoft , and Apple in the $3 Trillion Club Before 2028",https://www.fool.com/investing/2025/08/26/prediction-this-unstoppable-stock-will-join-nvidia/,fool.com,English,0.0,gdelt_gkg
META,2025-08-27,Nvidia quarterly report will gauge the temperature of the AI craze,https://abcnews.go.com/Technology/wireStory/nvidias-quarterly-report-gauge-temperature-ai-craze-125011834,abcnews.go.com,English,0.0,gdelt_gkg
META,2025-08-27,Stock market braces for Nvidia earnings as S & P 500 struggles to extend Jackson Hole rally,https://finance.yahoo.com/news/stock-market-braces-nvidia-earnings-204000417.html,finance.yahoo.com,English,0.0,gdelt_gkg
META,2025-08-27,Nvidia Moment of Truth : A $4 . 5 Trillion Bet on the Future of AI,https://markets.financialcontent.com/stocks/article/marketminute-2025-8-27-nvidias-moment-of-truth-a-45-trillion-bet-on-the-future-of-ai,markets.financialcontent.com,English,0.0,gdelt_gkg
META,2025-08-27,"OpenAI Sued After Parents Say Empathy - Mimicking ChatGPT Gave Their Teen Detailed Suicide Instructions While AI Company Valuation Soared - Alphabet ( NASDAQ : GOOG ), Alphabet ( NASDAQ : GOOGL ) ",https://www.benzinga.com/markets/tech/25/08/47350381/openai-sued-after-parents-say-empathy-mimicking-chatgpt-gave-their-teen-detailed-suicide-instructions-while-ai-companys-valuation-soared,benzinga.com,English,0.0,gdelt_gkg
META,2025-08-27,Anthropic Settles Class Action From Authors Alleging Copyright Infringement,https://www.insurancejournal.com/news/national/2025/08/27/837098.htm,insurancejournal.com,English,0.0,gdelt_gkg
META,2025-08-27,"Nvidia Q2 Earnings Preview : Can Jensen Huang Lead NVDA Stock , Broader Market to New Highs ? ",https://finance.yahoo.com/news/nvidia-q2-earnings-preview-jensen-182605613.html,finance.yahoo.com,English,0.0,gdelt_gkg
META,2025-08-27,"Musk lawyers try to stop OpenAI obtaining bid documents from Meta , filing shows",https://www.yahoo.com/news/articles/musks-lawyers-try-stop-openai-064907097.html,yahoo.com,English,0.0,gdelt_gkg
META,2025-08-28,"Trustco Bank Corp N Y Raises Position in Meta Platforms , Inc . $META",https://www.dailypolitical.com/2025/08/28/trustco-bank-corp-n-y-raises-position-in-meta-platforms-inc-meta.html,dailypolitical.com,English,0.0,gdelt_gkg
META,2025-08-28,Mark Zuckerberg pressed Trump on digital taxes before EU tariff threat : report,https://nypost.com/2025/08/28/business/mark-zuckerberg-pressed-trump-on-digital-taxes-before-eu-tariff-threat-report/,nypost.com,English,0.0,gdelt_gkg
META,2025-08-28,"2025 Layoffs Surge : 80 , 000 Tech Jobs Cut Amid AI and Economic Shifts",https://www.webpronews.com/2025-layoffs-surge-80000-tech-jobs-cut-amid-ai-and-economic-shifts/,webpronews.com,English,0.0,gdelt_gkg
META,2025-08-28,"Meta Platforms , Inc . $META Shares Bought by Gerber Kawasaki Wealth & Investment Management",https://www.dailypolitical.com/2025/08/28/meta-platforms-inc-meta-shares-bought-by-gerber-kawasaki-wealth-investment-management.html,dailypolitical.com,English,0.0,gdelt_gkg
META,2025-08-28,"OMERS ADMINISTRATION Corp Has $263 . 60 Million Stake in Meta Platforms , Inc . $META",https://www.dailypolitical.com/2025/08/28/omers-administration-corp-has-263-60-million-stake-in-meta-platforms-inc-meta.html,dailypolitical.com,English,0.0,gdelt_gkg
META,2025-08-28,"Okabena Investment Services Inc . Raises Position in Meta Platforms , Inc . $META",https://www.dailypolitical.com/2025/08/28/okabena-investment-services-inc-raises-position-in-meta-platforms-inc-meta.html,dailypolitical.com,English,0.0,gdelt_gkg
META,2025-08-28,The Great Divide : Tech Earnings Soar to Record Highs While Economic Slowdown Fears Loom,https://markets.financialcontent.com/stocks/article/marketminute-2025-8-28-the-great-divide-tech-earnings-soar-to-record-highs-while-economic-slowdown-fears-loom,markets.financialcontent.com,English,0.0,gdelt_gkg
META,2025-08-28,S & P 500 notches record close ; traders turn to Nvidia results - Malaya Business Insight,https://malaya.com.ph/business/market/sp-500-notches-record-close-traders-turn-to-nvidia-results/,malaya.com.ph,English,0.0,gdelt_gkg
META,2025-08-28,"Creatorverse : For Brands , Large Followings Are Out and Engagement Is In",https://www.thewrap.com/creatorverse-brands-prefer-high-engagement/,thewrap.com,English,0.0,gdelt_gkg
META,2025-08-28,Why Vertiv ( VRT ) Stock Is Up Today | FinancialContent,https://markets.financialcontent.com/stocks/article/stockstory-2025-8-28-why-vertiv-vrt-stock-is-up-today,markets.financialcontent.com,English,0.0,gdelt_gkg
META,2025-08-28,"ProShare New ETF Doubles S & P 500 Minus Big Tech Dominance - Meta Platforms ( NASDAQ : META ), ProShares S & P 500 Dividend Aristocrats ETF ( BATS : NOBL ) ",https://www.benzinga.com/etfs/new-etfs/25/08/47398240/new-proshares-etf-doubles-down-on-sp-500-without-letting-big-tech-dominate,benzinga.com,English,0.0,gdelt_gkg
META,2025-08-28,Why Nvidia ( NVDA ) Shares Are Trading Lower Today,https://markets.financialcontent.com/stocks/article/stockstory-2025-8-28-why-nvidia-nvda-shares-are-trading-lower-today,markets.financialcontent.com,English,0.0,gdelt_gkg
META,2025-08-28,"If Youd Invested $1 , 000 in the Invesco QQQ Trust ( QQQ ) 10 Years Ago , Here How Much Youd Have Today",https://www.fool.com/investing/2025/08/28/if-youd-invested-1000-in-the-invesco-qqq-trust-qqq/?source=iedfolrf0000001,fool.com,English,0.0,gdelt_gkg
META,2025-08-28,Indonesia asks social media platforms to strictly control disinformation,https://en.vietnamplus.vn/indonesia-asks-social-media-platforms-to-strictly-control-disinformation-post325491.vnp,en.vietnamplus.vn,English,0.0,gdelt_gkg
META,2025-08-28,"Cohere president Martin Kon steps down , moves into advisory role",https://www.theglobeandmail.com/business/article-cohere-president-martin-kon-steps-down-moves-into-advisory-role/,theglobeandmail.com,English,0.0,gdelt_gkg
META,2025-08-28,"Peter Thiel Brutal Chess Moves Convinced A Rival To Fund His First Startup  So Ruthless , So Merciles - PayPal Holdings ( NASDAQ : PYPL ) ",https://www.benzinga.com/news/education/25/08/47399255/peter-thiels-brutal-chess-moves-convinced-a-rival-to-fund-his-first-startup-so-ruthless-so-mercile,benzinga.com,English,0.0,gdelt_gkg
META,2025-08-28,Judge Denies Meta Motion to Dismiss Ex - Employee Harassment Suit,https://www.webpronews.com/judge-denies-metas-motion-to-dismiss-ex-employees-harassment-suit/,webpronews.com,English,0.0,gdelt_gkg
META,2025-08-28,Meta Superintelligence Lab Targets Llama 4 . X to Rival GPT - 5 by 2025,https://www.webpronews.com/metas-superintelligence-lab-targets-llama-4-x-to-rival-gpt-5-by-2025/,webpronews.com,English,0.0,gdelt_gkg
META,2025-08-28,"Next Century Growth Investors LLC Has $6 . 51 Million Stock Holdings in Meta Platforms , Inc . $META",https://www.dailypolitical.com/2025/08/28/next-century-growth-investors-llc-has-6-51-million-stock-holdings-in-meta-platforms-inc-meta.html,dailypolitical.com,English,0.0,gdelt_gkg
META,2025-08-28,Who Will Pay the Energy Bill for Wisconsin Data Centers ? ,https://www.govtech.com/artificial-intelligence/who-will-pay-the-energy-bill-for-wisconsin-data-centers,govtech.com,English,0.0,gdelt_gkg
META,2025-08-28,Why Redwire ( RDW ) Stock Is Up Today | FinancialContent,https://markets.financialcontent.com/stocks/article/stockstory-2025-8-28-why-redwire-rdw-stock-is-up-today,markets.financialcontent.com,English,0.0,gdelt_gkg
META,2025-08-28,The Invesco QQQ Trust Has a Glaring Flaw by Excluding This  Ten Titans  Stock and 3 Other Megacap Growth Stocks . Here an ETF That Corrects the Error . ,https://www.fool.com/investing/2025/08/28/invesco-qqq-trust-glaring-flaw-ten-titans/?source=iedfolrf0000001,fool.com,English,0.0,gdelt_gkg
META,2025-08-28,Anthropic settles class action from US authors alleging copyright infringement,https://indianexpress.com/article/technology/artificial-intelligence/anthropic-settles-class-action-from-us-authors-alleging-copyright-infringement-10215890/,indianexpress.com,English,0.0,gdelt_gkg
META,2025-08-28,These 14 Stocks Popular With Hedge Funds Are Beating the Market : Goldman,https://www.businessinsider.com/stocks-to-buy-now-hedge-fund-most-popular-goldman-sachs-2025-8,businessinsider.com,English,0.0,gdelt_gkg
META,2025-08-28,S & P 500 notches record close ; traders turn to Nvidia results,https://www.marketscreener.com/news/s-p-500-notches-record-close-traders-turn-to-nvidia-results-ce7c50dfd98af622,marketscreener.com,English,0.0,gdelt_gkg
META,2025-08-28,Will AI Glitches Harm Its Buoyant Stock Performance ? ,https://www.forbes.com/sites/lawrencelight/2025/08/27/will-ai-glitches-harm-its-buoyant-stock-performance/,forbes.com,English,0.0,gdelt_gkg
META,2025-08-28,Want AI Exposure Without the Volatility ? This ETF Might Be the Smartest Play,https://www.fool.com/investing/2025/08/28/want-ai-exposure-without-the-volatility-this-etf/?source=iedfolrf0000001,fool.com,English,0.0,gdelt_gkg
META,2025-08-28,"Markets News , Aug . 27 , 2025 : S & P 500 Hits Record High as Stocks Tick Higher Ahead of Nvidia Earnings Report",https://www.investopedia.com/dow-jones-today-08272025-11798432,investopedia.com,English,0.0,gdelt_gkg
META,2025-08-28,"Peter Thiel Once Said Elon Musk And Mark Zuckerberg Are Convincing , But Jensen Huang Nvidia Is The Real AI Race Winner Because Of This One Reason - Meta Platforms ( NASDAQ : META ), NVIDIA ( NASDAQ : NVDA ) ",https://www.benzinga.com/markets/tech/25/08/47374509/peter-thiel-once-said-elon-musk-and-mark-zuckerberg-are-convincing-but-jensen-huangs-nvidia-is-the-real-ai-race-winner-because-of-this-one-reason,benzinga.com,English,0.0,gdelt_gkg
META,2025-08-28,"Ministry urges TikTok , Meta to act against harmful online content - Politics",https://www.thejakartapost.com/indonesia/2025/08/28/ministry-urges-tiktok-meta-to-act-against-harmful-online-content.html,thejakartapost.com,English,0.0,gdelt_gkg
META,2025-08-28,"Peter Thiel Once Said Elon Musk And Mark Zuckerberg Are Convincing , But Jensen Huang Nvidia Is The Real AI Race Winner Because Of This One Reason - Meta Platforms ( NASDAQ : META ), NVIDIA ( NASDAQ : NVDA ) ",https://www.benzinga.com/markets/tech/25/08/47374509/peter-thiel-once-said-elon-musk-and-mark-zuckerberg-are-convincing-but-jensen-huangs-nvidia-is-the-r,benzinga.com,English,0.0,gdelt_gkg
META,2025-08-28,Meta Announces Launch of California Super PAC Backing AI - Friendly Candidates,https://www.theepochtimes.com/tech/meta-announces-launch-of-pro-ai-super-pac-5907116,theepochtimes.com,English,0.0,gdelt_gkg
META,2025-08-28,"Indian stock market : 8 key things that changed for market overnight - Gift Nifty , Trump Tariffs to Nvidia Q2 results",https://www.livemint.com/market/stock-market-news/indian-stock-market-8-key-things-that-changed-for-market-overnight-gift-nifty-trump-tariffs-to-nvidia-q2-results-11756320140040.html,livemint.com,English,0.0,gdelt_gkg
META,2025-08-28,US stocks : S & P 500 notches record close ; traders turn to Nvidia results,https://economictimes.indiatimes.com/markets/stocks/news/sp-500-notches-record-close-traders-turn-to-nvidia-results/articleshow/123553530.cms,economictimes.indiatimes.com,English,0.0,gdelt_gkg
META,2025-08-28,US close : Stocks edge higher but rangebound ahead of Nvidia earnings,https://www.sharecast.com/news/market-report-us-close/us-close-stocks-edge-higher-but-rangebound-ahead-of-nvidia-earnings--20775867.html,sharecast.com,English,0.0,gdelt_gkg
META,2025-08-28,"Meta Louisiana Data Center to Cost $50B , Trump Says",https://www.datacenterknowledge.com:443/data-center-construction/metas-louisiana-data-center-to-cost-fifty-b-trump-says,datacenterknowledge.com,English,0.0,gdelt_gkg
META,2025-08-28,Anthropic surprise settlement adds new wrinkle in AI copyright war,https://www.thehindu.com/sci-tech/technology/anthropics-surprise-settlement-adds-new-wrinkle-in-ai-copyright-war/article69983091.ece,thehindu.com,English,0.0,gdelt_gkg
META,2025-08-28,"Meta Platforms , Inc . ( META ) Shares Have Gained A Modest 8 % Since Jim Cramer Called A Seller  Chowderhead  ",https://finance.yahoo.com/news/meta-platforms-inc-meta-shares-212435268.html,finance.yahoo.com,English,0.0,gdelt_gkg
META,2025-08-28,Billionaires Buy 2 Monster AI Stocks Shaping the Future of Technology,https://www.fool.com/investing/2025/08/28/billionaires-buy-2-stocks-shape-future-technology/?source=iedfolrf0000001,fool.com,English,0.0,gdelt_gkg
META,2025-08-28,Meet the Magnificent  Ten Titans  Growth Stock With a 7 . 5 % Weighting in the S & P 500 That Could Single - Handedly Move the Stock Market on Aug . 28,https://finance.yahoo.com/news/meet-magnificent-ten-titans-growth-194231971.html,finance.yahoo.com,English,0.0,gdelt_gkg
META,2025-08-28,3 Artificial Intelligence ( AI ) Stocks Worth Considering for Your Portfolio,https://www.fool.com/investing/2025/08/28/3-artificial-intelligence-ai-stocks-worth-consider/?source=iedfolrf0000001,fool.com,English,0.0,gdelt_gkg
META,2025-08-28,Baystreet . ca - Why Gemini AI Powering Apple Siri is Bad News,http://baystreet.ca/articles/stockstowatch/114166/Why-Gemini-AI-Powering-Apple-Siri-is-Bad-News,baystreet.ca,English,0.0,gdelt_gkg
META,2025-08-28,"Jensen Huang Says Nvidia Products Irreplaceable As Broadcom And Marvell Push Custom ASIC Chips To Challenge GPU Dominance : Here Why - Broadcom ( NASDAQ : AVGO ), Amazon . com ( NASDAQ : AMZN ) ",https://www.benzinga.com/markets/tech/25/08/47376126/jensen-huang-says-nvidias-products-irreplaceable-as-broadcom-and-marvell-push-custom-asic-chips-to-c,benzinga.com,English,0.0,gdelt_gkg
META,2025-08-28,"Musk lawyers try to stop OpenAI obtaining bid documents from Meta , filing shows",https://www.thehindu.com/sci-tech/technology/musks-lawyers-try-to-stop-openai-obtaining-bid-documents-from-meta-filing-shows/article69983196.ece,thehindu.com,English,0.0,gdelt_gkg
META,2025-08-28,Baystreet . ca - What To Do After Dow Jumped By Over 800 Points,http://baystreet.ca/articles/stockstowatch/114167/What-To-Do-After-Dow-Jumped-By-Over-800-Points,baystreet.ca,English,0.0,gdelt_gkg
META,2025-08-29,Meta Mark Zuckerberg pressed Trump on digital taxes before tariff threat : Report,https://www.thehindu.com/sci-tech/technology/metas-mark-zuckerberg-pressed-trump-on-digital-taxes-before-tariff-threat-report/article69987503.ece,thehindu.com,English,0.0,gdelt_gkg
META,2025-08-29,RIL AGM 2025 : Mukesh Ambani announces Reliance Jio IPO to hit Dalal Street in first half of 2026,https://economictimes.indiatimes.com/markets/ipos/fpos/mukesh-ambani-announces-reliance-jio-ipo-by-first-half-of-2026/articleshow/123581304.cms,economictimes.indiatimes.com,English,0.0,gdelt_gkg
META,2025-08-29,This Artificial Intelligence ( AI ) Stock Could Be the Next Tech Titan,https://www.fool.com/investing/2025/08/27/this-artificial-intelligence-ai-stock-could-be-the/,fool.com,English,0.0,gdelt_gkg
META,2025-08-29,"Forget $200K , analysts reveal Bitcoin next target",https://finance.yahoo.com/news/forget-200k-analysts-reveal-bitcoins-184313529.html,finance.yahoo.com,English,0.0,gdelt_gkg
META,2025-08-29,Meta ( META ) Hyperion Project Underscores Aggressive AI Infrastructure Push,https://www.insidermonkey.com/blog/metas-meta-hyperion-project-underscores-aggressive-ai-infrastructure-push-1599169/,insidermonkey.com,English,0.0,gdelt_gkg
META,2025-08-29,Africa digital destiny : Building a fully sovereign tech ecosystem - The Zimbabwe Independent,https://www.theindependent.co.zw/business-digest/article/200045533/africas-digital-destiny-building-a-fully-sovereign-tech-ecosystem,theindependent.co.zw,English,0.0,gdelt_gkg
META,2025-08-29,Meta Platforms ( META ) Pauses Hiring in AI Division,https://www.insidermonkey.com/blog/meta-platforms-meta-pauses-hiring-in-ai-division-1599415/,insidermonkey.com,English,0.0,gdelt_gkg
META,2025-08-29,"Why Pure Storage ( PSTG ) Stock Soared 32 . 40 %: Record Results , Meta Partnership , and Hyperscaler Momentum",https://www.wealthdaily.com/why-pure-storage-pstg-stock-soared-3240-record-results-meta-partnership-and-hyperscaler-momentum/,wealthdaily.com,English,0.0,gdelt_gkg
META,2025-08-29,Zuckerberg Pressed Trump on Digital Taxes Before Tariff Vow,https://www.cpapracticeadvisor.com/2025/08/28/zuckerberg-pressed-trump-on-digital-taxes-before-tariff-vow/168147/,cpapracticeadvisor.com,English,0.0,gdelt_gkg
META,2025-08-29,Trump - Zuckerberg Alliance : From Rivals to Partners on Tech and Taxes,https://www.webpronews.com/trump-zuckerberg-alliance-from-rivals-to-partners-on-tech-and-taxes/,webpronews.com,English,0.0,gdelt_gkg
META,2025-08-29,Threads Tests Text Attachments for Long - Form Posts to Rival X,https://www.webpronews.com/threads-tests-text-attachments-for-long-form-posts-to-rival-x/,webpronews.com,English,0.0,gdelt_gkg
META,2025-08-29,"Shanken News Daily : Exclusive news and research on the wine , spirits and beer business",https://www.shankennewsdaily.com/2025/08/28/38172/news-briefs-for-august-28-2025/,shankennewsdaily.com,English,0.0,gdelt_gkg
META,2025-08-29,Dems go all - in on energy price messaging . Will it work ? - Governor Wind Energy Coalition,https://governorswindenergycoalition.org/dems-go-all-in-on-energy-price-messaging-will-it-work/,governorswindenergycoalition.org,English,0.0,gdelt_gkg
META,2025-08-29,"Reliance AGM : Mukesh Ambani confirms Jio IPO in first half of 2026 , set to be India biggest listing",https://invezz.com/news/2025/08/29/reliance-agm-mukesh-ambani-confirms-jio-ipo-in-first-half-of-2026-set-to-be-indias-biggest-listing/,invezz.com,English,0.0,gdelt_gkg
META,2025-08-29,"Amidst rally , US tech stocks continue to find favour in Indian MF portfolios",https://www.moneycontrol.com/news/business/markets/amidst-rally-us-tech-stocks-continue-to-find-favour-in-indian-mf-portfolios-13498040.html,moneycontrol.com,English,0.0,gdelt_gkg
META,2025-08-29,"Meta , Reliance to deliver open - source AI models to India",https://biztoc.com/x/8787521b7b408ff1,biztoc.com,English,0.0,gdelt_gkg
META,2025-08-29,"Reliance , Meta form $100 million JV to develop AI solutions for Indian enterprises",https://www.moneycontrol.com/artificial-intelligence/reliance-meta-form-100-million-jv-to-develop-ai-solutions-for-indian-enterprises-article-13500964.html,moneycontrol.com,English,0.0,gdelt_gkg
META,2025-08-29,"When You Look Back in a Few Years , Youll Wish Youd Bought These 2  Magnificent Seven  Stocks",https://www.fool.com/investing/2025/08/29/when-years-wish-bought-2-magnificent-seven-stocks/,fool.com,English,0.0,gdelt_gkg
META,2025-08-29,WhatsApp finds new hacking campaign targeting fewer than 200 people,https://www.yahoo.com/news/articles/whatsapp-finds-hacking-campaign-targeting-223553082.html,yahoo.com,English,0.0,gdelt_gkg
META,2025-08-29,WhatsApp finds new hacking campaign targeting fewer than 200 people,https://www.marketscreener.com/news/whatsapp-finds-new-hacking-campaign-targeting-fewer-than-200-people-ce7c50dddf8cf624,marketscreener.com,English,0.0,gdelt_gkg
META,2025-08-29,Why nLIGHT ( LASR ) Stock Is Falling Today | FinancialContent,https://markets.financialcontent.com/stocks/article/stockstory-2025-8-29-why-nlight-lasr-stock-is-falling-today,markets.financialcontent.com,English,0.0,gdelt_gkg
META,2025-08-29,"Clough Capital Partners L P Has $41 . 44 Million Holdings in Meta Platforms , Inc . $META",https://www.themarketsdaily.com/2025/08/29/clough-capital-partners-l-p-has-41-44-million-holdings-in-meta-platforms-inc-meta.html,themarketsdaily.com,English,0.0,gdelt_gkg
META,2025-08-29,The Risks Lurking Behind Nvidia Big Earnings Beat,https://investorplace.com/smartmoney/2025/08/risks-behind-nvidias-big-earnings-beat/,investorplace.com,English,0.0,gdelt_gkg
META,2025-08-29,Market This Week,https://moneylife.in/article/market-this-week/78133.html,moneylife.in,English,0.0,gdelt_gkg
META,2025-08-29,"Dow Jones Today : S & P 500 , Dow Retreat From Record Highs as Tech Stocks Tumble ; Nvidia , Broadcom Lead Chip Sector Slump",https://www.investopedia.com/dow-jones-today-08292025-11800305,investopedia.com,English,0.0,gdelt_gkg
META,2025-08-29,Why Bloom Energy ( BE ) Shares Are Sliding Today,https://markets.financialcontent.com/stocks/article/stockstory-2025-8-29-why-bloom-energy-be-shares-are-sliding-today,markets.financialcontent.com,English,0.0,gdelt_gkg
META,2025-08-29,"Amtech ( ASYS ) Stock Trades Down , Here Is Why",https://markets.financialcontent.com/stocks/article/stockstory-2025-8-29-amtech-asys-stock-trades-down-here-is-why,markets.financialcontent.com,English,0.0,gdelt_gkg
META,2025-08-29,Why Pure Storage ( PSTG ) Stock Is Falling Today,https://markets.financialcontent.com/stocks/article/stockstory-2025-8-29-why-pure-storage-pstg-stock-is-falling-today,markets.financialcontent.com,English,0.0,gdelt_gkg
META,2025-08-29,Broadcom Stock Seen Getting AI Lift In Quarterly Report | Investor Business Daily,https://www.investors.com/news/technology/broadcom-stock-ai-lift-fiscal-q3-earnings-preview/,investors.com,English,0.0,gdelt_gkg
META,2025-08-29,"AI Investment Horizon Broadens Beyond Tech Titans : A New Era Dawns for Software , Cybersecurity , and Infrastructure",https://markets.financialcontent.com/stocks/article/marketminute-2025-8-29-ai-investment-horizon-broadens-beyond-tech-titans-a-new-era-dawns-for-software-cybersecurity-and-infrastructure,markets.financialcontent.com,English,0.0,gdelt_gkg
META,2025-08-29,"Virginia AG , 43 other attorneys general , warn Big Tech about harms caused by A . I . Chatbots",https://www.wdbj7.com/2025/08/29/virginia-ag-43-other-attorneys-general-warn-big-tech-about-harms-caused-by-ai-chatbots/,wdbj7.com,English,0.0,gdelt_gkg
META,2025-08-29,Stock Market Soars to New Heights : What Driving the Record Rally and Lingering Cautions ? ,https://markets.financialcontent.com/stocks/article/marketminute-2025-8-29-stock-market-soars-to-new-heights-whats-driving-the-record-rally-and-lingering-cautions,markets.financialcontent.com,English,0.0,gdelt_gkg
META,2025-08-29,Is Apple Stock a Buy Now ? ,https://finance.yahoo.com/news/apple-stock-buy-now-160000177.html,finance.yahoo.com,English,0.0,gdelt_gkg
META,2025-08-29,AI billionaire pushes into crowded influencer field with West Hollywood startup,https://www.latimes.com/business/story/2025-08-29/ai-billionaire-pushes-into-crowded-influencer-field-with-west-hollywood-startup,latimes.com,English,0.0,gdelt_gkg
META,2025-08-29,"Meta , RIL to form AI joint venture as Ambani , Zuckerberg join hands",https://indianexpress.com/shorts/business/companies/meta-ril-ai-joint-venture-ambani-zuckerberg-join-hands-10218740/,indianexpress.com,English,0.0,gdelt_gkg
META,2025-08-29,Think the S & P 500 is too expensive ? Check out these ETFs instead . ,https://finance.yahoo.com/news/think-p-500-too-expensive-014900744.html,finance.yahoo.com,English,0.0,gdelt_gkg
META,2025-08-29,Apple Stock Has A Problem . It Apple AI . | Investor Business Daily,https://www.investors.com:443/news/technology/apple-stock-problem-apple-ai/,investors.com,English,0.0,gdelt_gkg
META,2025-08-29,Apple Stock Has A Problem . It Apple AI . | Investor Business Daily,https://www.investors.com/news/technology/apple-stock-problem-apple-ai/,investors.com,English,0.0,gdelt_gkg
META,2025-08-29,"Demand , government support shaping institutional investor approach to AI : expert",https://www.benefitscanada.com/news/cir-news-news/ai-investments-advancing-specialized-approach-amid-solidifying-fundamentals-expert/,benefitscanada.com,English,0.0,gdelt_gkg
META,2025-08-29,Mark Cuban Predicts ChatGPT Will Play Key Role In Future Elections :  The Candidate That Uses It To Lie … - Meta Platforms ( NASDAQ : META ) ,https://www.benzinga.com/news/politics/25/08/47410687/mark-cuban-predicts-chatgpt-will-play-key-role-in-future-elections-the-candidate-that-uses-it-to-li,benzinga.com,English,0.0,gdelt_gkg
META,2025-08-29,"Fair Use or Infringement ? Recent Court Rulings on AI Trained on Copyrighted Works | Vorys , Sater , Seymour and Pease LLP",https://www.jdsupra.com/legalnews/fair-use-or-infringement-recent-court-6282503/,jdsupra.com,English,0.0,gdelt_gkg
META,2025-08-29,"Two Decisions , Two Distinct Approaches : What Recent AI Copyright Decisions Mean for Authors and Developers | Jaburg Wilk",https://www.jdsupra.com/legalnews/two-decisions-two-distinct-approaches-6712010/,jdsupra.com,English,0.0,gdelt_gkg
META,2025-08-29,"Reliance Jio IPO set to be India largest , valuation could cross Rs 10 lakh cr , say experts",https://www.businesstoday.in/markets/ipo-corner/story/reliance-jio-ipo-set-to-be-indias-largest-valuation-could-cross-rs-10-lakh-cr-say-experts-491743-2025-08-29,businesstoday.in,English,0.0,gdelt_gkg
META,2025-08-29,Should You Buy the Low - Cost ETF With 62 % Invested in  Ten Titans  Growth Stocks ? ,https://www.fool.com/investing/2025/08/29/should-you-buy-the-low-cost-etf-with-ten-titans/,fool.com,English,0.0,gdelt_gkg
META,2025-08-29,"Landscape Capital Management L . L . C . Lowers Stock Holdings in Meta Platforms , Inc . $META",https://www.dailypolitical.com/2025/08/29/landscape-capital-management-l-l-c-lowers-stock-holdings-in-meta-platforms-inc-meta.html,dailypolitical.com,English,0.0,gdelt_gkg
META,2025-08-29,How Mark Zuckerberg may be behind Donald Trump  substantial  tariff threat on countries imposing digital taxes,https://timesofindia.indiatimes.com/technology/tech-news/how-mark-zuckerberg-may-be-behind-donald-trumps-substantial-tariff-threat-on-countries-imposing-digital-taxes/articleshow/123587482.cms,timesofindia.indiatimes.com,English,0.0,gdelt_gkg
META,2025-08-30,Oracle Corporation ( ORCL ) Benefited From Strong Cloud Operations,https://finance.yahoo.com/news/oracle-corporation-orcl-benefited-strong-125038322.html,finance.yahoo.com,English,0.0,gdelt_gkg
META,2025-08-30,CEOs Cant Buy Creativity . They Need to Build It . ,https://www.livemint.com/opinion/online-views/ceos-cant-buy-creativity-they-need-to-build-it-11756556369561.html,livemint.com,English,0.0,gdelt_gkg
META,2025-08-30,Is Meta Platforms Stock Outperforming the Nasdaq ? ,https://finance.yahoo.com/news/meta-platforms-stock-outperforming-nasdaq-110501087.html,finance.yahoo.com,English,0.0,gdelt_gkg
META,2025-08-30,"Meta AI leaders discuss using Google , OpenAI models in apps : Report",https://economictimes.indiatimes.com/tech/artificial-intelligence/metas-ai-leaders-discuss-using-google-openai-models-in-apps-report/articleshow/123600876.cms,economictimes.indiatimes.com,English,0.0,gdelt_gkg
META,2025-08-30,This Stock Is Crushing the S & P 500 in 2025 and Shows No Signs of Stopping,https://www.fool.com/investing/2025/08/30/stock-crushing-sp-500-in-2025-no-stopping-meta/?source=iedfolrf0000001,fool.com,English,0.0,gdelt_gkg
META,2025-08-30,"India Richest Man Now Going After Mark Zuckerberg Meta Glasses After Starbucks , Coca - Cola , Pepsi And Netflix - Apple ( NASDAQ : AAPL ), Walt Disney ( NYSE : DIS ) ",https://www.benzinga.com/markets/tech/25/08/47429878/indias-richest-man-now-going-after-mark-zuckerbergs-meta-glasses-after-starbucks-coca-cola-pepsi-and,benzinga.com,English,0.0,gdelt_gkg
META,2025-08-30,Meta Platforms and Apple Just Gave This Fellow  Magnificent Seven  Stock Great News,https://www.fool.com/investing/2025/08/30/meta-platforms-apple-magnificent-seven-stock/?source=iedfolrf0000001,fool.com,English,0.0,gdelt_gkg
META,2025-08-30,"Meta Platforms , Inc . $META Shares Sold by Panagora Asset Management Inc . ",https://www.tickerreport.com/banking-finance/13128333/meta-platforms-inc-meta-shares-sold-by-panagora-asset-management-inc.html,tickerreport.com,English,0.0,gdelt_gkg
META,2025-08-30,"Billionaires Buy a Popular AI Index Fund That Could Turn $450 Per Month Into $389 , 000",https://www.fool.com/investing/2025/08/30/billionaires-buy-ai-index-fund-turn-450-to-389000/?source=iedfolrf0000001,fool.com,English,0.0,gdelt_gkg
META,2025-08-30,Meta Platforms Pauses AI Spend . Here Why That a Good Thing For Investors,https://www.fool.com/investing/2025/08/30/meta-platforms-pauses-ai-spend-heres-why-thats-a/?source=iedfolrf0000001,fool.com,English,0.0,gdelt_gkg
META,2025-08-30,"Baird Financial Group Inc . Has $806 . 89 Million Stock Position in Meta Platforms , Inc . $META",https://www.tickerreport.com/banking-finance/13128332/baird-financial-group-inc-has-806-89-million-stock-position-in-meta-platforms-inc-meta.html,tickerreport.com,English,0.0,gdelt_gkg
META,2025-08-30,Indonesia president cancels China trip amid protests,https://www.queanbeyanage.com.au/story/9053947/indonesias-president-cancels-china-trip-amid-protests/,queanbeyanage.com.au,English,0.0,gdelt_gkg
META,2025-08-30,Indonesia president cancels China trip amid ongoing protests,https://news.az/news/indonesia-s-president-cancels-china-trip-amid-ongoing-protests,news.az,English,0.0,gdelt_gkg
META,2025-08-30,Indonesia president cancels China trip amid protests,https://www.merimbulanewsweekly.com.au/story/9053947/indonesias-president-cancels-china-trip-amid-protests/,merimbulanewsweekly.com.au,English,0.0,gdelt_gkg
META,2025-08-30,Indonesia president cancels China trip amid protests,https://www.batemansbaypost.com.au/story/9053947/indonesias-president-cancels-china-trip-amid-protests/,batemansbaypost.com.au,English,0.0,gdelt_gkg
META,2025-08-30,Indonesia president cancels China trip amid protests,https://www.perthnow.com.au/news/world/indonesias-president-cancels-china-trip-amid-protests-c-19859040,perthnow.com.au,English,0.0,gdelt_gkg
META,2025-08-30,Indonesia president cancels China trip amid protests,https://www.newcastleherald.com.au/story/9053947/indonesias-president-cancels-china-trip-amid-protests/,newcastleherald.com.au,English,0.0,gdelt_gkg
META,2025-08-30,Indonesia president cancels China trip amid protests,https://www.singletonargus.com.au/story/9053947/indonesias-president-cancels-china-trip-amid-protests/,singletonargus.com.au,English,0.0,gdelt_gkg
META,2025-08-30,"Meta Eyes Integrating Gemini and ChatGPT into WhatsApp , Instagram",https://www.webpronews.com/meta-eyes-integrating-gemini-and-chatgpt-into-whatsapp-instagram/,webpronews.com,English,0.0,gdelt_gkg
META,2025-08-30,"Btrfs Maintainer Josef Bacik Leaves Meta , Steps Back from Linux Dev",https://www.webpronews.com/btrfs-maintainer-josef-bacik-leaves-meta-steps-back-from-linux-dev/,webpronews.com,English,0.0,gdelt_gkg
META,2025-08-30,Meta Backlash : AI Chatbots Impersonate Taylor Swift in Sexual Interactions,https://www.webpronews.com/meta-backlash-ai-chatbots-impersonate-taylor-swift-in-sexual-interactions/,webpronews.com,English,0.0,gdelt_gkg
META,2025-08-30,Indonesia president cancels China trip as protests continue,https://www.straitstimes.com/asia/se-asia/indonesias-president-cancels-china-trip-as-protests-continue,straitstimes.com,English,0.0,gdelt_gkg
META,2025-08-30,2 Artificial Intelligence ( AI ) Stocks to Buy Before They Soar Under President Trump,https://www.fool.com/investing/2025/08/30/2-ai-stocks-buy-before-soar-under-president-trump/?source=iedfolrf0000001,fool.com,English,0.0,gdelt_gkg
META,2025-08-30,"Sculptor Capital LP Raises Stock Position in Meta Platforms , Inc . $META",https://www.themarketsdaily.com/2025/08/30/sculptor-capital-lp-raises-stock-position-in-meta-platforms-inc-meta.html,themarketsdaily.com,English,0.0,gdelt_gkg
META,2025-08-30,Google secures $10B Meta cloud contract in boost for its AI services,http://www.kenyastar.com/news/278527170/google-secures-usd10b-meta-cloud-contract-in-boost-for-its-ai-services,kenyastar.com,English,0.0,gdelt_gkg
META,2025-08-30,Prediction : This Monster Artificial Intelligence ( AI ) Chip Stock Will Soar in September ( Hint : It Not Nvidia ) ,https://www.fool.com/investing/2025/08/30/predict-monster-artificial-intelligence-ai-stock/?source=iedfolrf0000001,fool.com,English,0.0,gdelt_gkg
META,2025-08-30,Prediction : 1 Top Artificial Intelligence ( AI ) Semiconductor Stock to Buy Before Sept . 4,https://finance.yahoo.com/news/prediction-1-top-artificial-intelligence-093000345.html,finance.yahoo.com,English,0.0,gdelt_gkg
META,2025-08-30,This ETF is Crushing the S & P 500 . Here Why It a Simple Way to Invest in AI While Generating Passive Income from High - Yield Stocks . ,https://www.fool.com/investing/2025/08/30/etf-sp-500-buy-dividend-paying-value-stock-etf/?source=iedfolrf0000001,fool.com,English,0.0,gdelt_gkg
META,2025-08-30,"Apple iPhone hacking : WhatsApp , Apple iPhone , Android devices targeted by hackers , says Meta . Here what has happened ? ",https://economictimes.indiatimes.com/news/international/us/whatsapp-apple-iphone-android-devices-targeted-by-hackers-says-meta-heres-what-has-happened/articleshow/123593237.cms,economictimes.indiatimes.com,English,0.0,gdelt_gkg
META,2025-08-30,WhatsApp finds new hacking campaign targeting fewer than 200 people,https://www.thestar.com.my/tech/tech-news/2025/08/30/whatsapp-finds-new-hacking-campaign-targeting-fewer-than-200-people,thestar.com.my,English,0.0,gdelt_gkg
META,2025-08-30,Will Chamath Palihapitiya American Exceptionalism SPAC Succeed ? Here What History Says . ,https://www.fool.com/investing/2025/08/29/will-chamath-palihapitiyas-american-exceptionalism/?source=iedfolrf0000001,fool.com,English,0.0,gdelt_gkg
META,2025-08-30,Stocks loved by hedge funds have crushed the market this year . Goldman says these are the 14 most popular right now . ,https://finance.yahoo.com/news/stocks-loved-hedge-funds-crushed-175501225.html,finance.yahoo.com,English,0.0,gdelt_gkg
META,2025-08-30,WhatsApp finds new hacking campaign targeting fewer than 200 people,https://www.businesstimes.com.sg/companies-markets/telcos-media-tech/whatsapp-finds-new-hacking-campaign-targeting-fewer-200-people,businesstimes.com.sg,English,0.0,gdelt_gkg
META,2025-08-30,"Meta Explores AI Partnership with Google , OpenAI to Boost Chatbot Capabilities",https://naija247news.com/2025/08/30/meta-explores-ai-partnership-with-google-openai-to-boost-chatbot-capabilities/,naija247news.com,English,0.0,gdelt_gkg
META,2025-08-30,"Meta AI leaders discuss using Google , OpenAI models in apps , The Information says",https://www.thestar.com.my/tech/tech-news/2025/08/30/meta039s-ai-leaders-discuss-using-google-openai-models-in-apps-the-information-says,thestar.com.my,English,0.0,gdelt_gkg
META,2025-08-30,Should You Buy the Post - Earnings Pop in Pure Storage Stock ? ,https://finance.yahoo.com/news/buy-post-earnings-pop-pure-204929838.html,finance.yahoo.com,English,0.0,gdelt_gkg
META,2025-08-30,"Meta AI leaders discuss using Google , OpenAI models in apps : Report",https://www.thehindu.com/sci-tech/technology/metas-ai-leaders-discuss-using-google-openai-models-in-apps-report/article69992033.ece,thehindu.com,English,0.0,gdelt_gkg
META,2025-08-30,WhatsApp finds new hacking campaign targeting fewer than 200 people,https://www.thehindu.com/sci-tech/technology/whatsapp-finds-new-hacking-campaign-targeting-fewer-than-200-people/article69992038.ece,thehindu.com,English,0.0,gdelt_gkg
META,2025-08-30,"Meta In Talks With Google And OpenAI To Integrate AI Models As Hyperion Data Center Faces $5 Billion Cost Backlash : Report - Alphabet ( NASDAQ : GOOG ), Alphabet ( NASDAQ : GOOGL ) ",https://www.benzinga.com/markets/tech/25/08/47429601/meta-in-talks-with-google-and-openai-to-integrate-ai-models-as-hyperion-data-center-faces-5-billion-cost-backlash-report,benzinga.com,English,0.0,gdelt_gkg
META,2025-08-30,Jio Platforms Set for Market Debut Next Year,https://economictimes.indiatimes.com/epaper/delhicapital/2025/aug/30/satet-front/jio-platforms-set-for-market-debut-next-yr/articleshow/123592744.cms,economictimes.indiatimes.com,English,0.0,gdelt_gkg
META,2025-08-30,"WhatsApp Hacking Campaign : WhatsApp Exposes New Cyber Espionage Campaign Targeting Civil Society , ETTelecom",https://telecom.economictimes.indiatimes.com/news/mvas-apps/whatsapp-exposes-new-cyber-espionage-campaign-targeting-civil-society/123594623,telecom.economictimes.indiatimes.com,English,0.0,gdelt_gkg
META,2025-08-30,"Meta AI leaders discuss using Google , OpenAI models in apps , The Information says",https://www.businesstimes.com.sg/companies-markets/telcos-media-tech/metas-ai-leaders-discuss-using-google-openai-models-apps-information-says,businesstimes.com.sg,English,0.0,gdelt_gkg
META,2025-08-30,"India Richest Man Now Going After Mark Zuckerberg Meta Glasses After Starbucks , Coca - Cola , Pepsi And Netflix",https://biztoc.com/x/19c143c06ec22bd1,biztoc.com,English,0.0,gdelt_gkg
META,2025-08-30,"Meta AI leaders discuss using Google , OpenAI models in apps , The Information says",https://www.thehindubusinessline.com/info-tech/metas-ai-leaders-discuss-using-google-openai-models-in-apps-the-information-says/article69992138.ece,thehindubusinessline.com,English,0.0,gdelt_gkg
META,2025-08-30,This ETF is Crushing the S & P 500 . Here Why It a Simple Way to Invest in AI While Generating Passive Income from High - Yield Stocks . ,https://www.fool.com/investing/2025/08/30/etf-sp-500-buy-dividend-paying-value-stock-etf/,fool.com,English,0.0,gdelt_gkg
META,2025-08-30,Meta introduces new AI safeguards to protect teens,https://www.thenews.com.pk/latest/1340100-meta-introduces-new-ai-safeguards-to-protect-teens-after-safety-concerns,thenews.com.pk,English,0.0,gdelt_gkg
META,2025-08-30,"Billionaires Buy a Popular AI Index Fund That Could Turn $450 Per Month Into $389 , 000",https://www.fool.com/investing/2025/08/30/billionaires-buy-ai-index-fund-turn-450-to-389000/,fool.com,English,0.0,gdelt_gkg
META,2025-08-30,"Meta In Talks With Google And OpenAI To Integrate AI Models As Hyperion Data Center Faces $5 Billion Cost Backlash : Report - Alphabet ( NASDAQ : GOOG ), Alphabet ( NASDAQ : GOOGL ) ",https://www.benzinga.com/markets/tech/25/08/47429601/meta-in-talks-with-google-and-openai-to-integrate-ai-models-as-hyperion-data-center-faces-5-billion-,benzinga.com,English,0.0,gdelt_gkg
META,2025-08-30,"Warren Buffett Says Buy This Index Fund , and Here How It Could Turn $500 Per Month Into $1 Million",https://www.fool.com/investing/2025/08/28/warren-buffett-buy-index-fund-500-month-1-million/,fool.com,English,0.0,gdelt_gkg
META,2025-08-30,Meta In Talks With Google And OpenAI To Integrate AI Models As Hyperion Data Center Faces $5 Billion Cost Backlash : Report,https://biztoc.com/x/44024c2696debf76,biztoc.com,English,0.0,gdelt_gkg
META,2025-08-30,"India Richest Man Now Going After Mark Zuckerberg Meta Glasses After Starbucks , Coca - Cola , Pepsi And Netflix - Apple ( NASDAQ : AAPL ), Walt Disney ( NYSE : DIS ) ",https://www.benzinga.com/markets/tech/25/08/47429878/indias-richest-man-now-going-after-mark-zuckerbergs-meta-glasses-after-starbucks-coca-cola-pepsi-and-netflix,benzinga.com,English,0.0,gdelt_gkg
META,2025-08-31,Mark Zuckerberg AI Hiring Spree Sparks Chaos and Delays at Meta,https://www.webpronews.com/mark-zuckerbergs-ai-hiring-spree-sparks-chaos-and-delays-at-meta/,webpronews.com,English,0.0,gdelt_gkg
META,2025-08-31,The Motley Fool : Consider buying TTD dip,https://www.dallasnews.com/business/2025/08/31/the-motley-fool-consider-buying-ttds-dip/,dallasnews.com,English,0.0,gdelt_gkg
META,2025-08-31,Indonesia accepts demand to cut MP perks amid unrest,https://www.crookwellgazette.com.au/story/9053947/indonesia-accepts-demand-to-cut-mps-perks-amid-unrest/,crookwellgazette.com.au,English,0.0,gdelt_gkg
META,2025-08-31,Elon Musk just delivered a ringing endorsement of the iPhone staying power,https://www.livemint.com/technology/elon-musk-just-delivered-a-ringing-endorsement-of-the-iphone-s-staying-power-11756635410896.html,livemint.com,English,0.0,gdelt_gkg
META,2025-08-31,"Mark Zuckerberg Once Gave His Palo Alto Neighbors Noise - Cancelling Headphones , Wine And Doughnuts For This Reason",https://www.benzinga.com/markets/tech/25/08/47431977/mark-zuckerberg-once-gave-his-palo-alto-neighbors-noise-cancelling-headphones-wine-and-doughnuts-for-this-reason,benzinga.com,English,0.0,gdelt_gkg
META,2025-08-31,Indonesia accepts demand to cut MP perks amid unrest,https://www.goulburnpost.com.au/story/9053947/indonesia-accepts-demand-to-cut-mps-perks-amid-unrest/,goulburnpost.com.au,English,0.0,gdelt_gkg
META,2025-08-31,Meta AI Moderation Under Scrutiny After Instagram Mental Health Community Shut Down | National / World News,https://www.news-gazette.com/news/nation-world/meta-s-ai-moderation-under-scrutiny-after-instagram-mental-health-community-shut-down/article_5d56374a-d0b5-50db-b670-6bf73e529960.html,news-gazette.com,English,0.0,gdelt_gkg
META,2025-08-31,Meta AI Moderation Under Scrutiny After Instagram Mental Health Community Shut Down | Lifestyles,https://www.the-messenger.com/features/lifestyles/article_d7127e9c-f6b7-5973-a85d-a9a4f0fc4739.html,the-messenger.com,English,0.0,gdelt_gkg
META,2025-08-31,Meta has unauthorized flirty celebrity chatbots : report,https://www.taipeitimes.com/News/biz/archives/2025/09/01/2003842999,taipeitimes.com,English,0.0,gdelt_gkg
META,2025-08-31,Nvidia Q2 : AI Drives 50 % Growth Amid Revenue Concentration Risks,https://www.webpronews.com/nvidia-q2-ai-drives-50-growth-amid-revenue-concentration-risks/,webpronews.com,English,0.0,gdelt_gkg
META,2025-08-31,Jackpot awaits Jio investors,https://www.financialexpress.com/business/industry-jackpot-awaits-jio-investors-3962870/,financialexpress.com,English,0.0,gdelt_gkg
META,2025-08-31,Meta AI Talent Raid from Rivals Fuels Internal Chaos and Delays,https://www.webpronews.com/metas-ai-talent-raid-from-rivals-fuels-internal-chaos-and-delays/,webpronews.com,English,0.0,gdelt_gkg
META,2025-08-31,Indonesia accepts demand to cut MP perks amid unrest,https://www.easternriverinachronicle.com.au/story/9053947/indonesia-accepts-demand-to-cut-mps-perks-amid-unrest/,easternriverinachronicle.com.au,English,0.0,gdelt_gkg
META,2025-08-31,"Stock Market Week Ahead : A Payrolls Showdown , Plus Zscaler , Credo And Broadcom",https://www.investors.com:443/uncategorized/stock-market-week-ahead-a-payrolls-showdown-plus-zscaler-credo-and-broadcom/,investors.com,English,0.0,gdelt_gkg
META,2025-08-31,NVIDIA & Magnificent 7 : Too Hot To Handle ? ,https://www.forbes.com/sites/bill_stone/2025/08/31/nvidia--magnificent-7-too-hot-to-handle/,forbes.com,English,0.0,gdelt_gkg
META,2025-08-31,Meta $14 . 3B Scale AI Investment Hits Early Snags with Cultural Clashes,https://www.webpronews.com/metas-14-3b-scale-ai-investment-hits-early-snags-with-cultural-clashes/,webpronews.com,English,0.0,gdelt_gkg
META,2025-08-31,Labubu and Iron Man statues looted from politician home in Indonesia protests | News World,https://metro.co.uk/2025/08/31/giant-labubu-and-iron-man-statues-looted-from-politicians-home-during-indonesias-protests-24038931/,metro.co.uk,English,0.0,gdelt_gkg
META,2025-08-31,Indonesia President scraps China trip after deadly protests,https://www.thestar.com.my/aseanplus/aseanplus-news/2025/08/31/indonesias-president-scraps-china-trip-after-deadly-protests,thestar.com.my,English,0.0,gdelt_gkg
META,2025-08-31,Indonesia protests : president cancels China trip and TikTok suspends live video streams as deadly protests continue,https://us.cnn.com/2025/08/30/asia/indonesia-protests-president-cancels-china-trip-intl-hnk,us.cnn.com,English,0.0,gdelt_gkg
META,2025-08-31,Indonesia protests : president cancels China trip and TikTok suspends live video streams as deadly protests continue,https://edition.cnn.com/2025/08/30/asia/indonesia-protests-president-cancels-china-trip-intl-hnk,edition.cnn.com,English,0.0,gdelt_gkg
META,2025-08-31,Indonesia accepts demand to cut MP perks amid unrest,https://www.maitlandmercury.com.au/story/9053947/indonesia-accepts-demand-to-cut-mps-perks-amid-unrest/,maitlandmercury.com.au,English,0.0,gdelt_gkg
META,2025-08-31,Will Chamath Palihapitiya American Exceptionalism SPAC Succeed ? Here What History Says . ,https://finance.yahoo.com/news/chamath-palihapitiyas-american-exceptionalism-spac-214500023.html,finance.yahoo.com,English,0.0,gdelt_gkg
META,2025-08-31,"Indonesia Prabowo scraps China trip , TikTok halts live feed amid protests - Grenada Chronicle – Daily Grenada & Caribbean News , Culture & Business",https://grenadachronicle.com/indonesias-prabowo-scraps-china-trip-tiktok-halts-live-feed-amid-protests/,grenadachronicle.com,English,0.0,gdelt_gkg
META,2025-08-31,China visit axed as Indonesia protests spread,https://www.independent.ie/world-news/china-visit-axed-as-indonesia-protests-spread/a1698983971.html,independent.ie,English,0.0,gdelt_gkg
META,2025-08-31,"Meta created flirty chatbots of Taylor Swift , Anne Hathaway , other celebs without consent : Report",https://www.hindustantimes.com/world-news/meta-created-flirty-chatbots-of-taylor-swift-anne-hathaway-other-celebs-without-consent-report-101756619460597.html,hindustantimes.com,English,0.0,gdelt_gkg
META,2025-08-31,Elon Musk to Meta Platforms Inc . ( META ) Defense over $97 . 4B Bid Documents for OpenAI,https://finance.yahoo.com/news/elon-musk-meta-platforms-inc-034241305.html,finance.yahoo.com,English,0.0,gdelt_gkg
META,2025-08-31,"Indonesia Prabowo scraps China trip over protests , TikTok halts live feed | Protests News",https://www.aljazeera.com/news/2025/8/31/indonesias-prabowo-scraps-china-trip-tiktok-halts-live-feed-amid-protests,aljazeera.com,English,0.0,gdelt_gkg
META,2025-08-31,Prediction : 1 Artificial Intelligence ( AI ) Stock Will Be Worth More Than Nvidia and Palantir Technologies Combined by 2030,https://www.fool.com/investing/2025/08/31/1-ai-stock-worth-more-nvidia-palantir-stock-2030/?source=iedfolrf0000001,fool.com,English,0.0,gdelt_gkg
META,2025-08-31,Does Billionaire David Tepper Know Something About Google Parent Alphabet and Meta That Wall Street Doesnt ? ,https://www.fool.com/investing/2025/08/31/does-billionaire-david-tepper-know-something-about/?source=iedfolrf0000001,fool.com,English,0.0,gdelt_gkg
META,2025-08-31,Billionaires Buy 2 Magnificent Index Funds That a Wall Street Analyst Says Could Soar 132 % ,https://www.fool.com/investing/2025/08/31/billionaires-buy-index-funds-wall-street-soar-132/?source=iedfolrf0000001,fool.com,English,0.0,gdelt_gkg
META,2025-08-31,"Indonesia Prabowo scraps China trip , TikTok halts live feed amid protests - Dominican Republic Post – Caribbean News , Business , Travel & Culture",https://dominicanrepublicpost.com/indonesias-prabowo-scraps-china-trip-tiktok-halts-live-feed-amid-protests/,dominicanrepublicpost.com,English,0.0,gdelt_gkg
META,2025-09-01,Sembcorp wins bid to build 86 MWp floating solar farm on Pandan Reservoir,https://www.businesstimes.com.sg/companies-markets/sembcorp-wins-bid-build-86-mwp-floating-solar-farm-pandan-reservoir,businesstimes.com.sg,English,0.0,gdelt_gkg
META,2025-09-01,"AI euphoria to fuel 20 % rally by end - 2026 , Evercore ISI says",https://www.mercurynews.com/2025/09/01/ai-euphoria-to-fuel-20-sp-rally-by-end-2026-evercore-isi-says/,mercurynews.com,English,0.0,gdelt_gkg
META,2025-09-01,Why Lumen Stock Surged This Week,https://finance.yahoo.com/news/why-lumen-stock-surged-week-095000181.html,finance.yahoo.com,English,0.0,gdelt_gkg
META,2025-09-01,"AI euphoria to fuel 20 % rally by end - 2026 , Evercore ISI says",https://www.siliconvalley.com/2025/09/01/ai-euphoria-to-fuel-20-sp-rally-by-end-2026-evercore-isi-says/,siliconvalley.com,English,0.0,gdelt_gkg
META,2025-09-01,"3 Stocks That Could Join the $3 Trillion Club Alongside Apple , Microsoft , and Nvidia",https://www.fool.com/investing/2025/09/01/3-stocks-that-could-join-the-3-trillion-club-along/?source=iedfolrf0000001,fool.com,English,0.0,gdelt_gkg
META,2025-09-01,"Meta – Scale AI Partnership Sees Signs Of Strain As Key Executive Departs In Just Two Months , Researchers Pick Rivals : Report - Alphabet ( NASDAQ : GOOGL ), Meta Platforms ( NASDAQ : META ) ",https://www.benzinga.com/markets/tech/25/09/47435386/meta-scale-ai-partnership-sees-signs-of-strain-as-key-executive-departs-in-just-two-months-researche,benzinga.com,English,0.0,gdelt_gkg
META,2025-09-01,Meta responds to teen safety concerns with AI safeguards,https://americanbazaaronline.com/2025/09/01/meta-responds-to-teen-safety-concerns-with-ai-safeguards-466965/,americanbazaaronline.com,English,0.0,gdelt_gkg
META,2025-09-01,Prediction : 1 Artificial Intelligence ( AI ) Stock Will Be Worth More Than Nvidia and Palantir Technologies Combined by 2030,https://www.fool.com/investing/2025/08/31/1-ai-stock-worth-more-nvidia-palantir-stock-2030/,fool.com,English,0.0,gdelt_gkg
META,2025-09-01,Sembcorp wins bid to build 86MWp floating solar farm on Pandan Reservoir,https://www.businesstimes.com.sg/companies-markets/sembcorp-wins-bid-build-86mwp-floating-solar-farm-pandan-reservoir,businesstimes.com.sg,English,0.0,gdelt_gkg
META,2025-09-01,Invenergy $600M Solar Project Nears Approval in Lonoke County,https://www.arkansasbusiness.com/article/invenergy-plans-lonoke-county-solar/,arkansasbusiness.com,English,0.0,gdelt_gkg
META,2025-09-01,"Alphabet Lands $10 Billion Meta Cloud Deal , a Win for Google Artificial Intelligence Ambitions and Investors",https://www.fool.com/investing/2025/08/31/alphabet-lands-10-billion-meta-cloud-deal-a-win-fo/?source=iedfolrf0000001,fool.com,English,0.0,gdelt_gkg
META,2025-09-01,"Alphabet Lands $10 Billion Meta Cloud Deal , a Win for Google Artificial Intelligence Ambitions and Investors",https://www.fool.com/investing/2025/08/31/alphabet-lands-10-billion-meta-cloud-deal-a-win-fo/,fool.com,English,0.0,gdelt_gkg
META,2025-09-01,Nvidia Just Sounded the Silent Alarm -- but Are Investors Paying Attention ? ,https://www.fool.com/investing/2025/09/01/nvidia-just-sounded-the-silent-alarm-investors/?source=iedfolrf0000001,fool.com,English,0.0,gdelt_gkg
META,2025-09-30,YouTube to pay £18m to settle lawsuit over Trump account suspension | Dumbarton and Vale of Leven Reporter,https://www.dumbartonreporter.co.uk/news/national/25504265.youtube-pay-18m-settle-lawsuit-trumps-account-suspension/,dumbartonreporter.co.uk,English,0.0,gdelt_gkg
META,2025-09-30,YouTube to pay £18m to settle lawsuit over Trump account suspension,https://www.denbighshirefreepress.co.uk/news/national/25504265.youtube-pay-18m-settle-lawsuit-trumps-account-suspension/,denbighshirefreepress.co.uk,English,0.0,gdelt_gkg
META,2025-09-30,YouTube to pay £18m to settle lawsuit over Trump account suspension,https://www.enfieldindependent.co.uk/news/national/25504265.youtube-pay-18m-settle-lawsuit-trumps-account-suspension/,enfieldindependent.co.uk,English,0.0,gdelt_gkg
META,2025-09-30,YouTube to pay £18m to settle lawsuit over Trump account suspension,https://www.falmouthpacket.co.uk/news/national/25504265.youtube-pay-18m-settle-lawsuit-trumps-account-suspension/,falmouthpacket.co.uk,English,0.0,gdelt_gkg
META,2025-09-30,YouTube to pay £18m to settle lawsuit over Trump account suspension,https://www.peeblesshirenews.com/news/national/25504265.youtube-pay-18m-settle-lawsuit-trumps-account-suspension/,peeblesshirenews.com,English,0.0,gdelt_gkg
META,2025-09-30,YouTube to pay £18m to settle lawsuit over Trump account suspension,https://www.glasgowtimes.co.uk/news/national/25504265.youtube-pay-18m-settle-lawsuit-trumps-account-suspension/,glasgowtimes.co.uk,English,0.0,gdelt_gkg
META,2025-09-30,YouTube to pay £18m to settle lawsuit over Trump account suspension,https://www.redditchadvertiser.co.uk/news/national/25504265.youtube-pay-18m-settle-lawsuit-trumps-account-suspension/,redditchadvertiser.co.uk,English,0.0,gdelt_gkg
META,2025-09-30,YouTube to pay £18m to settle lawsuit over Trump account suspension,https://www.wandsworthguardian.co.uk/news/national/25504265.youtube-pay-18m-settle-lawsuit-trumps-account-suspension/,wandsworthguardian.co.uk,English,0.0,gdelt_gkg
META,2025-09-30,YouTube settles Trump lawsuit for $24 . 5 million,https://www.10tv.com/article/news/nation-world/youtube-to-settle-lawsuit-over-trumps-account-suspension-after-jan-6-attack/507-50210bb9-a2a9-49b3-8fa0-145a281bf5a8,10tv.com,English,0.0,gdelt_gkg
META,2025-09-30,YouTube to pay £18m to settle lawsuit over Trump account suspension | Burnham and Highbridge Weekly News,https://www.burnhamandhighbridgeweeklynews.co.uk/news/national/25504265.youtube-pay-18m-settle-lawsuit-trumps-account-suspension/,burnhamandhighbridgeweeklynews.co.uk,English,0.0,gdelt_gkg
META,2025-09-30,YouTube to pay $24 . 5 million to settle lawsuit over Trump account suspension after Jan . 6 attack,https://toronto.citynews.ca/2025/09/29/youtube-to-pay-24-5-million-to-settle-lawsuit-over-trumps-account-suspension-after-jan-6-attack/,toronto.citynews.ca,English,0.0,gdelt_gkg
META,2025-09-30,YouTube to pay £18m to settle lawsuit over Trump account suspension,https://www.heraldseries.co.uk/news/national/25504265.youtube-pay-18m-settle-lawsuit-trumps-account-suspension/,heraldseries.co.uk,English,0.0,gdelt_gkg
META,2025-09-30,YouTube settles Trump lawsuit for $24 . 5 million,https://www.cbs8.com/article/news/nation-world/youtube-to-settle-lawsuit-over-trumps-account-suspension-after-jan-6-attack/507-50210bb9-a2a9-49b3-8fa0-145a281bf5a8,cbs8.com,English,0.0,gdelt_gkg
META,2025-09-30,YouTube to pay £18m to settle lawsuit over Trump account suspension,https://www.breakingnews.ie/world/youtube-to-pay-18m-to-settle-lawsuit-over-trumps-account-suspension-1812779.html,breakingnews.ie,English,0.0,gdelt_gkg
META,2025-09-30,YouTube to pay £18m to settle lawsuit over Trump account suspension,https://www.halsteadgazette.co.uk/news/national/25504265.youtube-pay-18m-settle-lawsuit-trumps-account-suspension/,halsteadgazette.co.uk,English,0.0,gdelt_gkg
META,2025-09-30,YouTube to pay £18m to settle lawsuit over Trump account suspension,https://www.bournemouthecho.co.uk/news/national/25504265.youtube-pay-18m-settle-lawsuit-trumps-account-suspension/,bournemouthecho.co.uk,English,0.0,gdelt_gkg
META,2025-09-30,YouTube to pay $24 . 5 million to settle lawsuit over Trump account suspension after Jan . 6 attack,https://www.wcax.com/2025/09/29/googles-youtube-pay-245-million-settle-2021-lawsuit-by-trump-over-account-suspension/,wcax.com,English,0.0,gdelt_gkg
META,2025-09-30,California Gov . Gavin Newsom signs landmark bill creating AI safety measures,https://www.republicanherald.com/2025/09/29/california-ai-regulations/,republicanherald.com,English,0.0,gdelt_gkg
META,2025-09-30,"Gavin Newsom Says He Signing A Law To Install  Common - Sense Guardrail For AI Safety : What This Means For Google , Meta And Nvidia",https://biztoc.com/x/849d19fd3dac1441,biztoc.com,English,0.0,gdelt_gkg
META,2025-09-30,California Gov . Gavin Newsom signs landmark bill creating AI safety measures,https://www.broomfieldenterprise.com/2025/09/29/california-ai-regulations/,broomfieldenterprise.com,English,0.0,gdelt_gkg
META,2025-09-30,YouTube settles Trump lawsuit for $24 . 5 million,https://www.wthr.com/article/news/nation-world/youtube-to-settle-lawsuit-over-trumps-account-suspension-after-jan-6-attack/507-50210bb9-a2a9-49b3-8fa0-145a281bf5a8,wthr.com,English,0.0,gdelt_gkg
META,2025-09-30,YouTube settles Trump lawsuit for $24 . 5 million,https://www.13wmaz.com/article/news/nation-world/youtube-to-settle-lawsuit-over-trumps-account-suspension-after-jan-6-attack/507-50210bb9-a2a9-49b3-8fa0-145a281bf5a8,13wmaz.com,English,0.0,gdelt_gkg
META,2025-09-30,YouTube settles Trump lawsuit for $24 . 5 million,https://www.kiiitv.com/article/news/nation-world/youtube-to-settle-lawsuit-over-trumps-account-suspension-after-jan-6-attack/507-50210bb9-a2a9-49b3-8fa0-145a281bf5a8,kiiitv.com,English,0.0,gdelt_gkg
META,2025-09-30,California Gov . Gavin Newsom signs landmark bill creating AI safety measures,https://www.timescall.com/2025/09/29/california-ai-regulations/,timescall.com,English,0.0,gdelt_gkg
META,2025-09-30,YouTube to pay £18m to settle lawsuit over Trump account suspension,https://www.dudleynews.co.uk/news/national/25504265.youtube-pay-18m-settle-lawsuit-trumps-account-suspension/,dudleynews.co.uk,English,0.0,gdelt_gkg
META,2025-09-30,California Gov . Gavin Newsom signs landmark bill creating AI safety measures,https://www.bostonherald.com/2025/09/29/california-ai-regulations/,bostonherald.com,English,0.0,gdelt_gkg
META,2025-09-30,YouTube to pay £18m to settle lawsuit over Trump account suspension,https://www.theargus.co.uk/news/national/25504265.youtube-pay-18m-settle-lawsuit-trumps-account-suspension/,theargus.co.uk,English,0.0,gdelt_gkg
META,2025-09-30,YouTube settles Trump lawsuit for $24 . 5 million,https://www.king5.com/article/news/nation-world/youtube-to-settle-lawsuit-over-trumps-account-suspension-after-jan-6-attack/507-50210bb9-a2a9-49b3-8fa0-145a281bf5a8,king5.com,English,0.0,gdelt_gkg
META,2025-09-30,California Gov . Gavin Newsom signs landmark bill creating AI safety measures,https://www.dailydemocrat.com/2025/09/29/california-ai-regulations/,dailydemocrat.com,English,0.0,gdelt_gkg
META,2025-09-30,YouTube to pay £18m to settle lawsuit over Trump account suspension,https://www.warringtonguardian.co.uk/news/national/25504265.youtube-pay-18m-settle-lawsuit-trumps-account-suspension/,warringtonguardian.co.uk,English,0.0,gdelt_gkg
META,2025-09-30,YouTube to pay £18m to settle lawsuit over Trump account suspension | Wilts and Gloucestershire Standard,https://www.wiltsglosstandard.co.uk/news/national/25504265.youtube-pay-18m-settle-lawsuit-trumps-account-suspension/,wiltsglosstandard.co.uk,English,0.0,gdelt_gkg
META,2025-09-30,EMEA Morning Briefing : Markets on U . S . Government Shutdown Watch,https://www.marketscreener.com/news/emea-morning-briefing-markets-on-u-s-government-shutdown-watch-ce7d5bdbde8af024,marketscreener.com,English,0.0,gdelt_gkg
META,2025-09-30,YouTube to pay £18m to settle lawsuit over Trump account suspension,https://www.leighjournal.co.uk/news/national/25504265.youtube-pay-18m-settle-lawsuit-trumps-account-suspension/,leighjournal.co.uk,English,0.0,gdelt_gkg
META,2025-09-30,YouTube to pay £18m to settle lawsuit over Trump account suspension,https://www.thewestonmercury.co.uk/news/national/25504265.youtube-pay-18m-settle-lawsuit-trumps-account-suspension/,thewestonmercury.co.uk,English,0.0,gdelt_gkg
META,2025-09-30,Google YouTube to pay $24 . 5 million to settle 2021 lawsuit by Donald Trump over account suspension,https://www.pressdemocrat.com/2025/09/29/trump-youtube-settlement/,pressdemocrat.com,English,0.0,gdelt_gkg
META,2025-09-30,YouTube to pay £18m to settle lawsuit over Trump account suspension,https://www.impartialreporter.com/news/national/25504265.youtube-pay-18m-settle-lawsuit-trumps-account-suspension/,impartialreporter.com,English,0.0,gdelt_gkg
META,2025-09-30,YouTube to pay £18m to settle lawsuit over Trump account suspension,https://www.chelmsfordweeklynews.co.uk/news/national/25504265.youtube-pay-18m-settle-lawsuit-trumps-account-suspension/,chelmsfordweeklynews.co.uk,English,0.0,gdelt_gkg
META,2025-09-30,YouTube to pay £18m to settle lawsuit over Trump account suspension,https://www.barryanddistrictnews.co.uk/news/national/25504265.youtube-pay-18m-settle-lawsuit-trumps-account-suspension/,barryanddistrictnews.co.uk,English,0.0,gdelt_gkg
META,2025-09-30,YouTube to pay £18m to settle lawsuit over Trump account suspension,https://www.wimbledonguardian.co.uk/news/national/25504265.youtube-pay-18m-settle-lawsuit-trumps-account-suspension/,wimbledonguardian.co.uk,English,0.0,gdelt_gkg
META,2025-09-30,YouTube to pay £18m to settle lawsuit over Trump account suspension,https://www.hamhigh.co.uk/news/national/25504265.youtube-pay-18m-settle-lawsuit-trumps-account-suspension/,hamhigh.co.uk,English,0.0,gdelt_gkg
META,2025-09-30,YouTube to pay £18m to settle lawsuit over Trump account suspension,https://www.malverngazette.co.uk/news/national/25504265.youtube-pay-18m-settle-lawsuit-trumps-account-suspension/,malverngazette.co.uk,English,0.0,gdelt_gkg
META,2025-09-30,YouTube to pay £18m to settle lawsuit over Trump account suspension,https://www.cotswoldjournal.co.uk/news/national/25504265.youtube-pay-18m-settle-lawsuit-trumps-account-suspension/,cotswoldjournal.co.uk,English,0.0,gdelt_gkg
META,2025-09-30,YouTube to pay £18m to settle lawsuit over Trump account suspension,https://www.northwaleschronicle.co.uk/news/national/25504265.youtube-pay-18m-settle-lawsuit-trumps-account-suspension/,northwaleschronicle.co.uk,English,0.0,gdelt_gkg
META,2025-09-30,YouTube to pay £18m to settle lawsuit over Trump account suspension | Darlington and Stockton Times,https://www.darlingtonandstocktontimes.co.uk/news/national/25504265.youtube-pay-18m-settle-lawsuit-trumps-account-suspension/,darlingtonandstocktontimes.co.uk,English,0.0,gdelt_gkg
META,2025-09-30,California Gov . Gavin Newsom signs landmark bill creating AI safety measures,https://www.seattletimes.com/business/california-gov-gavin-newsom-signs-landmark-bill-creating-ai-safety-measures/,seattletimes.com,English,0.0,gdelt_gkg
META,2025-09-30,YouTube to pay £18m to settle lawsuit over Trump account suspension,https://www.southwalesargus.co.uk/news/national/25504265.youtube-pay-18m-settle-lawsuit-trumps-account-suspension/,southwalesargus.co.uk,English,0.0,gdelt_gkg
META,2025-09-30,YouTube to pay £18m to settle lawsuit over Trump account suspension,https://www.runcornandwidnesworld.co.uk/news/national/25504265.youtube-pay-18m-settle-lawsuit-trumps-account-suspension/,runcornandwidnesworld.co.uk,English,0.0,gdelt_gkg
META,2025-09-30,YouTube to pay €21 million to settle lawsuit with Trump over account suspension in 2021,https://www.euronews.com/2025/09/30/youtube-to-pay-21-million-to-settle-lawsuit-with-trump-over-account-suspension-in-2021,euronews.com,English,0.0,gdelt_gkg
META,2025-09-30,California Gov . Gavin Newsom signs landmark bill creating AI safety measures,https://www.timesherald.com/2025/09/29/california-ai-regulations/,timesherald.com,English,0.0,gdelt_gkg
META,2025-09-30,YouTube to pay $24 . 5 million to settle lawsuit over Trump account suspension after Jan . 6 attack,https://www.fox8live.com/2025/09/29/googles-youtube-pay-245-million-settle-2021-lawsuit-by-trump-over-account-suspension/,fox8live.com,English,0.0,gdelt_gkg
META,2025-09-30,California Gov . Gavin Newsom signs landmark bill creating AI safety measures,https://www.greeleytribune.com/2025/09/29/california-ai-regulations/,greeleytribune.com,English,0.0,gdelt_gkg
META,2025-09-30,YouTube to pay £18m to settle lawsuit over Trump account suspension,https://www.whtimes.co.uk/news/national/25504265.youtube-pay-18m-settle-lawsuit-trumps-account-suspension/,whtimes.co.uk,English,0.0,gdelt_gkg
META,2025-09-30,YouTube to pay £18m to settle lawsuit over Trump account suspension,https://www.belfasttelegraph.co.uk/news/world-news/youtube-to-pay-18m-to-settle-lawsuit-over-trumps-account-suspension/a1553302203.html,belfasttelegraph.co.uk,English,0.0,gdelt_gkg
META,2025-09-30,YouTube To Pay $24 . 5 Million To Settle Lawsuit Over Trump Account Suspension After Jan . 6 Attack,https://www.wjol.com/youtube-to-pay-24-5-million-to-settle-lawsuit-over-trumps-account-suspension-after-jan-6-attack/,wjol.com,English,0.0,gdelt_gkg
META,2025-09-30,YouTube to pay £18m to settle lawsuit over Trump account suspension,https://www.andoveradvertiser.co.uk/news/national/25504265.youtube-pay-18m-settle-lawsuit-trumps-account-suspension/,andoveradvertiser.co.uk,English,0.0,gdelt_gkg
META,2025-09-30,YouTube to pay £18m to settle lawsuit over Trump account suspension,https://www.wharfedaleobserver.co.uk/news/national/25504265.youtube-pay-18m-settle-lawsuit-trumps-account-suspension/,wharfedaleobserver.co.uk,English,0.0,gdelt_gkg
META,2025-09-30,YouTube to pay £18m to settle lawsuit over Trump account suspension,https://www.irvinetimes.com/news/national/25504265.youtube-pay-18m-settle-lawsuit-trumps-account-suspension/,irvinetimes.com,English,0.0,gdelt_gkg
META,2025-09-30,YouTube settles Trump lawsuit for $24 . 5 million,https://www.newswest9.com/article/news/nation-world/youtube-to-settle-lawsuit-over-trumps-account-suspension-after-jan-6-attack/507-50210bb9-a2a9-49b3-8fa0-145a281bf5a8,newswest9.com,English,0.0,gdelt_gkg
META,2025-09-30,YouTube to pay £18m to settle lawsuit over Trump account suspension,https://www.newsshopper.co.uk/news/national/25504265.youtube-pay-18m-settle-lawsuit-trumps-account-suspension/,newsshopper.co.uk,English,0.0,gdelt_gkg
META,2025-09-30,YouTube to pay £18m to settle lawsuit over Trump account suspension,https://www.ludlowadvertiser.co.uk/news/national/25504265.youtube-pay-18m-settle-lawsuit-trumps-account-suspension/,ludlowadvertiser.co.uk,English,0.0,gdelt_gkg
META,2025-09-30,YouTube to pay £18m to settle lawsuit over Trump account suspension,https://www.bridgwatermercury.co.uk/news/national/25504265.youtube-pay-18m-settle-lawsuit-trumps-account-suspension/,bridgwatermercury.co.uk,English,0.0,gdelt_gkg
META,2025-09-30,YouTube to pay £18m to settle lawsuit over Trump account suspension,https://www.chardandilminsternews.co.uk/news/national/25504265.youtube-pay-18m-settle-lawsuit-trumps-account-suspension/,chardandilminsternews.co.uk,English,0.0,gdelt_gkg
META,2025-09-30,YouTube to pay £18m to settle lawsuit over Trump account suspension,https://www.bracknellnews.co.uk/news/national/25504265.youtube-pay-18m-settle-lawsuit-trumps-account-suspension/,bracknellnews.co.uk,English,0.0,gdelt_gkg
META,2025-09-30,YouTube to pay £18m to settle lawsuit over Trump account suspension,https://www.gazetteseries.co.uk/news/national/25504265.youtube-pay-18m-settle-lawsuit-trumps-account-suspension/,gazetteseries.co.uk,English,0.0,gdelt_gkg
META,2025-09-30,YouTube settles Trump lawsuit for $24 . 5 million,https://www.wfmynews2.com/article/news/nation-world/youtube-to-settle-lawsuit-over-trumps-account-suspension-after-jan-6-attack/507-50210bb9-a2a9-49b3-8fa0-145a281bf5a8,wfmynews2.com,English,0.0,gdelt_gkg
META,2025-09-30,YouTube settles Trump lawsuit for $24 . 5 million,https://www.kagstv.com/article/news/nation-world/youtube-to-settle-lawsuit-over-trumps-account-suspension-after-jan-6-attack/507-50210bb9-a2a9-49b3-8fa0-145a281bf5a8,kagstv.com,English,0.0,gdelt_gkg
META,2025-09-30,YouTube to pay $24 . 5 million to settle lawsuit over Trump account suspension after Jan . 6 attack,https://www.firstalert4.com/2025/09/29/googles-youtube-pay-245-million-settle-2021-lawsuit-by-trump-over-account-suspension/,firstalert4.com,English,0.0,gdelt_gkg
META,2025-09-30,YouTube to pay £18m to settle lawsuit over Trump account suspension,https://www.echo-news.co.uk/news/national/25504265.youtube-pay-18m-settle-lawsuit-trumps-account-suspension/,echo-news.co.uk,English,0.0,gdelt_gkg
META,2025-09-30,California Newsom signs law requiring AI safety disclosures,https://www.cnbc.com/2025/09/29/californias-newsom-signs-law-requiring-ai-safety-disclosures.html,cnbc.com,English,0.0,gdelt_gkg
META,2025-09-30,YouTube settles Trump lawsuit for $24 . 5 million,https://www.wzzm13.com/article/news/nation-world/youtube-to-settle-lawsuit-over-trumps-account-suspension-after-jan-6-attack/507-50210bb9-a2a9-49b3-8fa0-145a281bf5a8,wzzm13.com,English,0.0,gdelt_gkg
META,2025-09-30,YouTube to pay £18m to settle lawsuit over Trump account suspension,https://www.hexham-courant.co.uk/news/national/25504265.youtube-pay-18m-settle-lawsuit-trumps-account-suspension/,hexham-courant.co.uk,English,0.0,gdelt_gkg
META,2025-09-30,YouTube to settle lawsuit over Trump account suspension after Jan . 6 attack,https://www.katc.com/politics/the-president/youtube-to-pay-24-5-million-to-settle-lawsuit-over-trumps-account-suspension-after-jan-6-attack,katc.com,English,0.0,gdelt_gkg
META,2025-09-30,YouTube to pay £18m to settle lawsuit over Trump account suspension,https://www.keighleynews.co.uk/news/national/25504265.youtube-pay-18m-settle-lawsuit-trumps-account-suspension/,keighleynews.co.uk,English,0.0,gdelt_gkg
META,2025-09-30,YouTube to pay £18m to settle lawsuit over Trump account suspension,https://www.halesowennews.co.uk/news/national/25504265.youtube-pay-18m-settle-lawsuit-trumps-account-suspension/,halesowennews.co.uk,English,0.0,gdelt_gkg
META,2025-09-30,California Gov . Gavin Newsom signs landmark bill creating AI safety measures,https://www.sentinelandenterprise.com/2025/09/29/california-ai-regulations/,sentinelandenterprise.com,English,0.0,gdelt_gkg
META,2025-09-30,YouTube to pay £18m to settle lawsuit over Trump account suspension,https://www.gazetteherald.co.uk/news/national/25504265.youtube-pay-18m-settle-lawsuit-trumps-account-suspension/,gazetteherald.co.uk,English,0.0,gdelt_gkg
META,2025-09-30,YouTube to pay US$24 . 5 million to settle lawsuit over Trump account suspension after January 6 attack,https://jamaica-gleaner.com/article/world-news/20250929/youtube-pay-us245-million-settle-lawsuit-over-trumps-account-suspension,jamaica-gleaner.com,English,0.0,gdelt_gkg
META,2025-09-30,YouTube to pay $24 . 5M to settle lawsuit over Trump account suspension after Jan . 6,https://wjla.com/news/local/youtube-to-pay-245m-to-settle-lawsuit-over-trumps-account-suspension-after-jan-6-washington-dc-ballroom-construction-settlement-funding-money-rose-garden-social-media,wjla.com,English,0.0,gdelt_gkg
META,2025-09-30,YouTube settles Trump lawsuit for $24 . 5 million,https://www.wbir.com/article/news/nation-world/youtube-to-settle-lawsuit-over-trumps-account-suspension-after-jan-6-attack/507-50210bb9-a2a9-49b3-8fa0-145a281bf5a8,wbir.com,English,0.0,gdelt_gkg
META,2025-09-30,California Gov . Gavin Newsom signs landmark bill creating AI safety measures,https://www.newsday.com/news/nation/california-ai-regulations-gavin-newsom-f19739,newsday.com,English,0.0,gdelt_gkg
META,2025-09-30,YouTube to pay £18m to settle lawsuit over Trump account suspension,https://www.greenocktelegraph.co.uk/news/national/25504265.youtube-pay-18m-settle-lawsuit-trumps-account-suspension/,greenocktelegraph.co.uk,English,0.0,gdelt_gkg
META,2025-09-30,YouTube to pay Trump $US24 . 5m over account suspension,https://www.canberratimes.com.au/story/9077674/youtube-to-pay-trump-us245m-over-account-suspension/,canberratimes.com.au,English,0.0,gdelt_gkg
META,2025-09-30,YouTube to pay £18m to settle lawsuit over Trump account suspension,https://www.wiltshiretimes.co.uk/news/national/25504265.youtube-pay-18m-settle-lawsuit-trumps-account-suspension/,wiltshiretimes.co.uk,English,0.0,gdelt_gkg
META,2025-09-30,YouTube to pay £18m to settle lawsuit over Trump account suspension,https://www.thenorthernecho.co.uk/news/national/25504265.youtube-pay-18m-settle-lawsuit-trumps-account-suspension/,thenorthernecho.co.uk,English,0.0,gdelt_gkg
META,2025-09-30,YouTube to pay £18m to settle lawsuit over Trump account suspension,https://www.wirralglobe.co.uk/news/national/25504265.youtube-pay-18m-settle-lawsuit-trumps-account-suspension/,wirralglobe.co.uk,English,0.0,gdelt_gkg
META,2025-09-30,"YouTube to pay $24 . 5 million to settle lawsuit over Trump account suspension after Jan . 6 attack - WSVN 7News | Miami News , Weather , Sports",https://wsvn.com/entertainment/youtube-to-pay-24-5-million-to-settle-lawsuit-over-trumps-account-suspension-after-jan-6-attack/,wsvn.com,English,0.0,gdelt_gkg
META,2025-09-30,YouTube to pay £18m to settle lawsuit over Trump account suspension,https://www.lancashiretelegraph.co.uk/news/national/25504265.youtube-pay-18m-settle-lawsuit-trumps-account-suspension/,lancashiretelegraph.co.uk,English,0.0,gdelt_gkg
META,2025-09-30,YouTube settles Trump lawsuit for $24 . 5 million,https://www.wqad.com/article/news/nation-world/youtube-to-settle-lawsuit-over-trumps-account-suspension-after-jan-6-attack/507-50210bb9-a2a9-49b3-8fa0-145a281bf5a8,wqad.com,English,0.0,gdelt_gkg
META,2025-09-30,YouTube to pay $24 . 5 million to settle lawsuit over Trump account suspension after Jan . 6 attack,https://www.wandtv.com/news/national/youtube-to-pay-24-5-million-to-settle-lawsuit-over-trumps-account-suspension-after-jan/article_5fa75a98-ac54-5b95-ac53-12c76b035254.html,wandtv.com,English,0.0,gdelt_gkg
META,2025-09-30,YouTube to pay £18m to settle lawsuit over Trump account suspension,https://www.ledburyreporter.co.uk/news/national/25504265.youtube-pay-18m-settle-lawsuit-trumps-account-suspension/,ledburyreporter.co.uk,English,0.0,gdelt_gkg
META,2025-09-30,California Governor Gavin Newsom signs landmark AI safety bill into law,https://siliconangle.com/2025/09/29/governor-california-signs-landmark-ai-safety-bill-law/,siliconangle.com,English,0.0,gdelt_gkg
META,2025-09-30,YouTube to pay Trump $24 . 4m in settlement over account suspension,https://www.financialexpress.com/world-news/us-news/youtube-to-pay-trump-24-4m-in-settlement-over-account-suspension/3993900/,financialexpress.com,English,0.0,gdelt_gkg
META,2025-09-30,Google YouTube to pay $24 . 5 million to settle 2021 lawsuit by Donald Trump over account suspension,https://www.mercurynews.com/2025/09/29/trump-youtube-settlement/,mercurynews.com,English,0.0,gdelt_gkg
META,2025-09-30,California Gov . Gavin Newsom signs landmark bill creating AI safety measures,https://www.capitalgazette.com/2025/09/29/california-ai-regulations/,capitalgazette.com,English,0.0,gdelt_gkg
META,2025-09-30,YouTube to pay $24 . 5 million to settle lawsuit over Trump account suspension after Jan . 6 attack,https://www.fox969.com/2025/09/29/youtube-to-pay-24-5-million-to-settle-lawsuit-over-trumps-account-suspension-after-jan-6-attack/,fox969.com,English,0.0,gdelt_gkg
META,2025-09-30,YouTube to pay $24 . 5 million to settle lawsuit over Trump account suspension after Jan . 6 attack,https://www.wsbradio.com/news/youtube-pay-245/D4P3KJTVUZBCRJSRINLJZSHKGA/,wsbradio.com,English,0.0,gdelt_gkg
META,2025-09-30,YouTube to pay $24 . 5 million to settle lawsuit over Trump account suspension after Jan . 6 attack,https://www.dallasnews.com/news/politics/2025/09/29/youtube-to-pay-245-million-to-settle-lawsuit-over-trumps-account-suspension-after-jan-6-attack/,dallasnews.com,English,0.0,gdelt_gkg
META,2025-09-30,YouTube to pay £18m to settle lawsuit over Trump account suspension,https://www.southwalesguardian.co.uk/news/national/25504265.youtube-pay-18m-settle-lawsuit-trumps-account-suspension/,southwalesguardian.co.uk,English,0.0,gdelt_gkg
META,2025-09-30,YouTube to pay £18m to settle lawsuit over Trump account suspension,https://www.kilburntimes.co.uk/news/national/25504265.youtube-pay-18m-settle-lawsuit-trumps-account-suspension/,kilburntimes.co.uk,English,0.0,gdelt_gkg
META,2025-09-30,California Gov . Gavin Newsom signs landmark bill creating AI safety measures,https://www.mcall.com/2025/09/29/california-ai-regulations/,mcall.com,English,0.0,gdelt_gkg
META,2025-09-30,YouTube to pay $24 . 5 million to settle lawsuit over Trump account suspension after Jan . 6 attack,https://www.kob.com/ap-top-news/youtube-to-pay-24-5-million-to-settle-lawsuit-over-trumps-account-suspension-after-jan-6-attack/,kob.com,English,0.0,gdelt_gkg
META,2025-09-30,YouTube settles Trump lawsuit for $24 . 5 million,https://www.wfaa.com/article/news/nation-world/youtube-to-settle-lawsuit-over-trumps-account-suspension-after-jan-6-attack/507-50210bb9-a2a9-49b3-8fa0-145a281bf5a8,wfaa.com,English,0.0,gdelt_gkg
META,2025-09-30,Google YouTube to pay $24 . 5 million to settle 2021 lawsuit by Donald Trump over account suspension,https://www.standardspeaker.com/2025/09/29/trump-youtube-settlement/,standardspeaker.com,English,0.0,gdelt_gkg
META,2025-09-30,YouTube to pay $24 . 5 million to settle lawsuit over Trump account suspension after Jan . 6 attack,https://www.butlereagle.com/20250929/youtube-to-pay-24-5-million-to-settle-lawsuit-over-trumps-account-suspension-after-jan-6-attack/,butlereagle.com,English,0.0,gdelt_gkg
META,2025-09-30,YouTube to pay £18m to settle lawsuit over Trump account suspension,https://www.thisiswiltshire.co.uk/news/national/25504265.youtube-pay-18m-settle-lawsuit-trumps-account-suspension/,thisiswiltshire.co.uk,English,0.0,gdelt_gkg
META,2025-09-30,Google YouTube to pay $24 . 5M to settle Donald Trump lawsuit over Jan . 6 account suspension,https://www.syracuse.com/politics/2025/09/googles-youtube-to-pay-245m-to-settle-donald-trump-lawsuit-over-jan-6-account-suspension.html,syracuse.com,English,0.0,gdelt_gkg
META,2025-09-30,California Gov . Gavin Newsom signs landmark bill creating AI safety measures,https://www.coloradohometownweekly.com/2025/09/29/california-ai-regulations/,coloradohometownweekly.com,English,0.0,gdelt_gkg
META,2025-09-30,YouTube settles Trump lawsuit for $24 . 5 million,https://www.wwltv.com/article/news/nation-world/youtube-to-settle-lawsuit-over-trumps-account-suspension-after-jan-6-attack/507-50210bb9-a2a9-49b3-8fa0-145a281bf5a8,wwltv.com,English,0.0,gdelt_gkg
META,2025-09-30,YouTube to pay £18m to settle lawsuit over Trump account suspension,https://www.dailyecho.co.uk/news/national/25504265.youtube-pay-18m-settle-lawsuit-trumps-account-suspension/,dailyecho.co.uk,English,0.0,gdelt_gkg
META,2025-09-30,YouTube to pay £18m to settle lawsuit over Trump account suspension,https://www.thurrockgazette.co.uk/news/national/25504265.youtube-pay-18m-settle-lawsuit-trumps-account-suspension/,thurrockgazette.co.uk,English,0.0,gdelt_gkg
META,2025-09-30,California Gov . Gavin Newsom signs landmark bill creating AI safety measures,https://www.mainlinemedianews.com/2025/09/29/california-ai-regulations/,mainlinemedianews.com,English,0.0,gdelt_gkg
META,2025-09-30,California Gov . Gavin Newsom signs landmark bill creating AI safety measures,https://www.orovillemr.com/2025/09/29/california-ai-regulations/,orovillemr.com,English,0.0,gdelt_gkg
META,2025-09-30,Google YouTube to pay $24 . 5 million to settle 2021 lawsuit by Donald Trump over account suspension,https://www.coloradohometownweekly.com/2025/09/29/trump-youtube-settlement/,coloradohometownweekly.com,English,0.0,gdelt_gkg
META,2025-09-30,YouTube settles Trump lawsuit for $24 . 5 million,https://www.11alive.com/article/news/nation-world/youtube-to-settle-lawsuit-over-trumps-account-suspension-after-jan-6-attack/507-50210bb9-a2a9-49b3-8fa0-145a281bf5a8,11alive.com,English,0.0,gdelt_gkg
META,2025-09-30,YouTube to pay £18m to settle lawsuit over Trump account suspension,https://www.readingchronicle.co.uk/news/national/25504265.youtube-pay-18m-settle-lawsuit-trumps-account-suspension/,readingchronicle.co.uk,English,0.0,gdelt_gkg
META,2025-09-30,YouTube settles Trump lawsuit for $24 . 5 million,https://www.12newsnow.com/article/news/nation-world/youtube-to-settle-lawsuit-over-trumps-account-suspension-after-jan-6-attack/507-50210bb9-a2a9-49b3-8fa0-145a281bf5a8,12newsnow.com,English,0.0,gdelt_gkg
META,2025-09-30,YouTube to pay £18m to settle lawsuit over Trump account suspension,https://www.stalbansreview.co.uk/news/national/25504265.youtube-pay-18m-settle-lawsuit-trumps-account-suspension/,stalbansreview.co.uk,English,0.0,gdelt_gkg
META,2025-09-30,Google YouTube settles Trump lawsuit for USD 24 . 5 million,https://www.siasat.com/googles-youtube-settles-trump-lawsuit-for-usd-24-5-million-3277772/,siasat.com,English,0.0,gdelt_gkg
META,2025-09-30,YouTube to pay £18m to settle lawsuit over Trump account suspension,https://www.clactonandfrintongazette.co.uk/news/national/25504265.youtube-pay-18m-settle-lawsuit-trumps-account-suspension/,clactonandfrintongazette.co.uk,English,0.0,gdelt_gkg
META,2025-09-30,YouTube to pay £18m to settle lawsuit over Trump account suspension,https://www.eveshamjournal.co.uk/news/national/25504265.youtube-pay-18m-settle-lawsuit-trumps-account-suspension/,eveshamjournal.co.uk,English,0.0,gdelt_gkg
META,2025-09-30,YouTube settles Trump lawsuit for $24 . 5 million,https://www.localmemphis.com/article/news/nation-world/youtube-to-settle-lawsuit-over-trumps-account-suspension-after-jan-6-attack/507-50210bb9-a2a9-49b3-8fa0-145a281bf5a8,localmemphis.com,English,0.0,gdelt_gkg
META,2025-09-30,YouTube to pay £18m to settle lawsuit over Trump account suspension,https://www.rhyljournal.co.uk/news/national/25504265.youtube-pay-18m-settle-lawsuit-trumps-account-suspension/,rhyljournal.co.uk,English,0.0,gdelt_gkg
META,2025-09-30,California Gov . Gavin Newsom signs landmark bill creating AI safety measures,https://www.standardspeaker.com/2025/09/29/california-ai-regulations/,standardspeaker.com,English,0.0,gdelt_gkg
META,2025-09-30,YouTube to pay £18m to settle lawsuit over Trump account suspension,https://www.stroudnewsandjournal.co.uk/news/national/25504265.youtube-pay-18m-settle-lawsuit-trumps-account-suspension/,stroudnewsandjournal.co.uk,English,0.0,gdelt_gkg
META,2025-09-30,YouTube to pay $24 . 5 million to settle Trump lawsuit over Jan . 6 attack,https://www.fox26houston.com/news/youtube-trump-lawsuit-settlement-jan-6,fox26houston.com,English,0.0,gdelt_gkg
META,2025-09-30,YouTube to pay £18m to settle lawsuit over Trump account suspension,https://www.countypress.co.uk/news/national/25504265.youtube-pay-18m-settle-lawsuit-trumps-account-suspension/,countypress.co.uk,English,0.0,gdelt_gkg
META,2025-09-30,"Nvidia ( NVDA ) Stock Trades Up , Here Is Why | FinancialContent",https://markets.financialcontent.com/stocks/article/stockstory-2025-9-30-nvidia-nvda-stock-trades-up-here-is-why,markets.financialcontent.com,English,0.0,gdelt_gkg
META,2025-09-30,"Tech and health care rally in a flat market plus , Amazon Alexa gets smarter",https://www.cnbc.com/2025/09/30/tech-and-health-care-rally-in-a-flat-market-plus-amazons-alexa-gets-smarter.html,cnbc.com,English,0.0,gdelt_gkg
META,2025-09-30,Meta Fortifies AI Ambitions with Rivos Acquisition : A Strategic Play in the Custom Silicon Wars,https://markets.financialcontent.com/stocks/article/marketminute-2025-9-30-meta-fortifies-ai-ambitions-with-rivos-acquisition-a-strategic-play-in-the-custom-silicon-wars,markets.financialcontent.com,English,0.0,gdelt_gkg
META,2025-09-30,Wall Street coasts toward the end of another winning month,"http://www.theitem.com/stories/wall-street-coasts-toward-the-end-of-another-winning-month,434525",theitem.com,English,0.0,gdelt_gkg
META,2025-09-30,"CoreWeave Inks $14b Meta Deal , Highlighting AI Demand",https://www.marketscreener.com/news/coreweave-inks-14b-meta-deal-highlighting-ai-demand-ce7d5bd8df8ef022,marketscreener.com,English,0.0,gdelt_gkg
META,2025-09-30,Wall Street yawns at DC looming shutdown as US stocks head toward another winning month,https://www.wgauradio.com/news/wall-street-coasts/MCS6F6UNSNDORPLW642YYR4FQA/,wgauradio.com,English,0.0,gdelt_gkg
META,2025-09-30,Wall Street coasts toward the end of another winning month,https://www.pilotonline.com/2025/09/30/wall-street-closes-winning-month/,pilotonline.com,English,0.0,gdelt_gkg
META,2025-09-30,Redding Chico Eureka,https://krcrtv.com/news/local/california-gov-gavin-newsom-signs-landmark-bill-creating-ai-safety-measures,krcrtv.com,English,0.0,gdelt_gkg
META,2025-09-30,Google to pay $24 . 5M over Trump Jan . 6 YouTube ban,https://www.pennlive.com/nation-world/2025/09/google-to-pay-245m-over-trumps-jan-6-youtube-ban.html,pennlive.com,English,0.0,gdelt_gkg
META,2025-09-30,Google to pay $24 . 5 million to end Trump Jan . 6 ban lawsuit,https://www.columbian.com/news/2025/sep/30/google-to-pay-24-5-million-to-end-trump-jan-6-ban-lawsuit/,columbian.com,English,0.0,gdelt_gkg
META,2025-09-30,CoreWeave surges as Meta extends cloud services agreement,https://www.proactiveinvestors.com/companies/news/1079450/coreweave-surges-as-meta-extends-cloud-services-agreement-1079450.html,proactiveinvestors.com,English,0.0,gdelt_gkg
META,2025-09-30,"Dow and Nasdaq fall as government shutdown looms , Pfizer jumps on MFN deal",https://www.proactiveinvestors.com/companies/news/1079448/dow-and-nasdaq-fall-as-government-shutdown-looms-pfizer-jumps-on-mfn-deal-1079448.html,proactiveinvestors.com,English,0.0,gdelt_gkg
META,2025-09-30,Wall Street coasts toward the end of another winning month,https://www.goskagit.com/news/nation/wall-street-coasts-toward-the-end-of-another-winning-month/article_844d9bad-50eb-5391-88fa-be90c2ff82bc.html,goskagit.com,English,0.0,gdelt_gkg
META,2025-09-30,"Top Stock Movers Now : Spotify , Pfizer , CoreWeave , Lamb Weston , and More",https://finance.yahoo.com/news/top-stock-movers-now-spotify-171832690.html,finance.yahoo.com,English,0.0,gdelt_gkg
META,2025-09-30,CoreWeave Is Soaring Again . Time to Buy ? ,https://finance.yahoo.com/news/coreweave-soaring-again-time-buy-171657596.html,finance.yahoo.com,English,0.0,gdelt_gkg
META,2025-09-30,YouTube to pay $24 . 5 million to settle Trump Jan . 6 lawsuit – NBC 7 San Diego,https://www.nbcsandiego.com/news/national-international/youtube-24-million-settle-trump-lawsuit/3908416/,nbcsandiego.com,English,0.0,gdelt_gkg
META,2025-09-30,Meta pursues acquisition of AI chip startup Rivos : report,https://seekingalpha.com/news/4500293-meta-pursues-acquisition-of-ai-chip-startup-rivos-report,seekingalpha.com,English,0.0,gdelt_gkg
META,2025-09-30,YouTube to settle lawsuit over Trump account suspension after Jan . 6 attack,https://www.abc15.com/politics/the-president/youtube-to-pay-24-5-million-to-settle-lawsuit-over-trumps-account-suspension-after-jan-6-attack,abc15.com,English,0.0,gdelt_gkg
META,2025-09-30,California Gov . Gavin Newsom signs landmark bill creating AI safety measures,https://abc7news.com/post/california-gov-gavin-newsom-signs-landmark-bill-creating-ai-safety-measures/17910514/,abc7news.com,English,0.0,gdelt_gkg
META,2025-09-30,Trump secures $24 . 5 million YouTube payout over January 6 account ban,http://www.mainemirror.com/news/278610310/trump-secures-usd24-5-million-youtube-payout-over-january-6-account-ban,mainemirror.com,English,0.0,gdelt_gkg
META,2025-09-30,CoreWeave Is Soaring Again . Time to Buy ? ,https://www.fool.com/investing/2025/09/30/coreweave-is-soaring-again-time-to-buy/?source=iedfolrf0000001,fool.com,English,0.0,gdelt_gkg
META,2025-09-30,Trump TikTok Deal Could Prove Treacherous For Content Creators,https://deadline.com/2025/09/trump-tiktok-deal-content-creators-impact-1236565669/,deadline.com,English,0.0,gdelt_gkg
META,2025-09-30,Wall Street coasts toward the end of another winning month,https://www.mainlinemedianews.com/2025/09/30/wall-street-closes-winning-month/,mainlinemedianews.com,English,0.0,gdelt_gkg
META,2025-09-30,Stocks edge higher as wall street ends winning month,http://virginiabusiness.com/wall-street-stocks-winning-month-shutdown/,virginiabusiness.com,English,0.0,gdelt_gkg
META,2025-09-30,Wall Street yawns at DC looming shutdown as the Dow sets another record,https://hayspost.com/posts/3aaeaa5f-09f7-4ac7-9a0f-3eb24eb6d031,hayspost.com,English,0.0,gdelt_gkg
META,2025-09-30,Wall Street yawns at DC looming shutdown as the Dow sets another record,https://www.rockymounttelegram.com/news/national/wall-street-yawns-at-dcs-looming-shutdown-as-the-dow-sets-another-record/article_0205e1d6-c09a-5b60-b915-cba1214538c1.html,rockymounttelegram.com,English,0.0,gdelt_gkg
META,2025-09-30,Wall Street yawns at DC looming shutdown as US stocks rise to finish their latest winning month,https://www.columbian.com/news/2025/sep/30/wall-street-coasts-toward-the-end-of-another-winning-month/,columbian.com,English,0.0,gdelt_gkg
META,2025-09-30,Stock Market Today : Snap Declines on Neutral Analyst Outlook,https://www.fool.com/data-news/2025/09/30/stock-market-today-snap-declines-on-neutral-analys/?source=iedfolrf0000001,fool.com,English,0.0,gdelt_gkg
META,2025-09-30,Is Nvidia stock a buy heading into October ? ,https://www.fool.com.au/2025/10/01/is-nvidia-stock-a-buy-heading-into-october-usfeed/,fool.com.au,English,0.0,gdelt_gkg
META,2025-09-30,Did Elon Musk Just Say  Checkmate  to Amazon ? ,https://www.fool.com/investing/2025/09/30/did-elon-musk-just-say-checkmate-to-amazon/,fool.com,English,0.0,gdelt_gkg
META,2025-09-30,Uranium Market Surges as Nuclear Power Ignites a New Energy Era,https://markets.financialcontent.com/stocks/article/marketminute-2025-9-30-uranium-market-surges-as-nuclear-power-ignites-a-new-energy-era,markets.financialcontent.com,English,0.0,gdelt_gkg
META,2025-09-30,YouTube To Pay $24 . 5 Million Settlement for Donald Trump Lawsuit Over President Account Suspension,https://www.ibtimes.com/youtube-pay-245-million-settlement-donald-trump-lawsuit-over-presidents-account-suspension-3784919,ibtimes.com,English,0.0,gdelt_gkg
META,2025-09-30,Wall Street yawns at DC looming shutdown as US stocks rise to finish their latest winning month,https://www.springfieldnewssun.com/news/nation-world/wall-street-yawns-at-dcs-looming-shutdown-as-us-stocks-head-toward-another-winning-month/T42KYUM3KRKZFPAE6OBBIL2KUY/,springfieldnewssun.com,English,0.0,gdelt_gkg
META,2025-09-30,Amazon Unveils AI - Powered Device Ecosystem : A New Era for Smart Homes and Consumer Tech,https://markets.financialcontent.com/stocks/article/marketminute-2025-9-30-amazon-unveils-ai-powered-device-ecosystem-a-new-era-for-smart-homes-and-consumer-tech,markets.financialcontent.com,English,0.0,gdelt_gkg
META,2025-09-30,CoreWeave Soars : Meta $14 Billion Cloud Deal Ignites AI Infrastructure Market,https://markets.financialcontent.com/stocks/article/marketminute-2025-9-30-coreweave-soars-metas-14-billion-cloud-deal-ignites-ai-infrastructure-market,markets.financialcontent.com,English,0.0,gdelt_gkg
META,2025-09-30,YouTube settles Trump account ban lawsuit for $24 . 5 million,http://www.bignewsnetwork.com/news/278610310/youtube-settles-trump-account-ban-lawsuit-for-usd245-million,bignewsnetwork.com,English,0.0,gdelt_gkg
META,2025-09-30,Meta Strategic Chip Acquisition : Rivos Deal Ignites In - House AI Ambitions and Reshapes Semiconductor Landscape,https://markets.financialcontent.com/stocks/article/marketminute-2025-9-30-metas-strategic-chip-acquisition-rivos-deal-ignites-in-house-ai-ambitions-and-reshapes-semiconductor-landscape,markets.financialcontent.com,English,0.0,gdelt_gkg
META,2025-09-30,Wall Street yawns at DC looming shutdown as US stocks rise to finish their latest winning month,https://www.nvdaily.com/associated_press_national/wall-street-yawns-at-dcs-looming-shutdown-as-us-stocks-rise-to-finish-their-latest/article_dc9cf499-5fa6-5efc-83fc-574f709815fd.html,nvdaily.com,English,0.0,gdelt_gkg
META,2025-09-30,YouTube To Pay $24 . 5 Million To Settle Lawsuit Over Trump Account Suspension After Jan . 6 Attack,https://www.wntxradio.com/youtube-to-pay-24-5-million-to-settle-lawsuit-over-trumps-account-suspension-after-jan-6-attack/,wntxradio.com,English,0.0,gdelt_gkg
META,2025-09-30,Alphabet AI Strength Fuels Biggest Quarterly Jump Since 2005,https://www.livemint.com/companies/company-results/alphabets-ai-strength-fuels-biggest-quarterly-jump-since-2005-11759245416219.html,livemint.com,English,0.0,gdelt_gkg
META,2025-09-30,The Upcoming AI War,https://redstate.com/brandon_morse/2025/09/30/the-upcoming-ai-war-n2194561,redstate.com,English,0.0,gdelt_gkg
META,2025-09-30,Global markets inch higher despite fears of US government shutdown,https://www.irishtimes.com/business/2025/09/30/global-markets-inch-higher-despite-fears-of-us-government-shutdown/,irishtimes.com,English,0.0,gdelt_gkg
META,2025-09-30,Uber adds ride booking via WhatsApp in India : Tech News,https://www.rashtranews.com/uber-adds-ride-booking-via-whatsapp-in-india-tech-news/,rashtranews.com,English,0.0,gdelt_gkg
META,2025-09-30,Wall Street coasts toward the end of another winning month,https://www.greeleytribune.com/2025/09/30/wall-street-closes-winning-month/,greeleytribune.com,English,0.0,gdelt_gkg
META,2025-09-30,"How To Trade SPY , Top Tech Stocks Using Technical Analysis",https://www.benzinga.com/Opinion/25/09/47939472/how-to-trade-spy-top-tech-stocks-using-technical-analysis-31,benzinga.com,English,0.0,gdelt_gkg
META,2025-09-30,YouTube to pay $24 . 5 million to settle lawsuit over Trump account suspension after Jan . 6 attack,https://www.ktsa.com/youtube-to-pay-24-5-million-to-settle-lawsuit-over-trumps-account-suspension-after-jan-6-attack/,ktsa.com,English,0.0,gdelt_gkg
META,2025-09-30,YouTube To Pay USD 24 . 5 Million To Settle 2021 Lawsuit By US President Donald Trump Over Account Suspension,https://www.freepressjournal.in/business/youtube-to-pay-usd-245-million-to-settle-2021-lawsuit-by-us-president-donald-trump-over-account-suspension,freepressjournal.in,English,0.0,gdelt_gkg
META,2025-09-30,This Artificial Intelligence ( AI ) Stock Could Outperform the  Magnificent Seven  by 2030,https://www.fool.com/investing/2025/09/28/this-artificial-intelligence-ai-stock-could-outper/,fool.com,English,0.0,gdelt_gkg
META,2025-09-30,Newsom signs first - in - nation AI law to curb cyber threats,https://timesofsandiego.com/tech/2025/09/29/newsom-signs-first-in-nation-ai-law-to-curb-bioweapon-cyber-threats/,timesofsandiego.com,English,0.0,gdelt_gkg
META,2025-09-30,YouTube To Pay $24 . 5 Million To Settle Lawsuit Over Trump Account Suspension After Jan . 6 Attack - Newstalk 750,https://www.kfqd.com/youtube-to-pay-24-5-million-to-settle-lawsuit-over-trumps-account-suspension-after-jan-6-attack/,kfqd.com,English,0.0,gdelt_gkg
META,2025-09-30,YouTube agrees to $24 . 5 million settlement in Trump account suspension case,https://www.digit.in/news/general/youtube-agrees-to-245-million-settlement-in-trump-account-suspension-case.html,digit.in,English,0.0,gdelt_gkg
META,2025-09-30,California Newsom signs law requiring AI safety disclosures,https://www.thehindu.com/sci-tech/technology/californias-newsom-signs-law-requiring-ai-safety-disclosures/article70111514.ece,thehindu.com,English,0.0,gdelt_gkg
META,2025-09-30,YouTube to pay €20 . 6m to settle lawsuit over Trump account suspension,https://www.independent.ie/world-news/north-america/youtube-to-pay-206m-to-settle-lawsuit-over-trumps-account-suspension/a1771206139.html,independent.ie,English,0.0,gdelt_gkg
META,2025-09-30,YouTube To Pay $24 . 5 Million To Settle Lawsuit Over Trump Account Suspension After Jan . 6 Attack,https://www.freedom970.com/youtube-to-pay-24-5-million-to-settle-lawsuit-over-trumps-account-suspension-after-jan-6-attack/,freedom970.com,English,0.0,gdelt_gkg
META,2025-09-30,YouTube to pay $24 . 5m to settle lawsuit over Trump account suspension | Donald Trump,https://www.aljazeera.com/economy/2025/9/30/youtube-to-pay-24-5m-to-settle-lawsuit-over-trumps-account-suspension,aljazeera.com,English,0.0,gdelt_gkg
META,2025-09-30,"YouTube Settles Trump Lawsuit for $24 . 5M , Funds White House Ballroom",https://www.webpronews.com/youtube-settles-trump-lawsuit-for-24-5m-funds-white-house-ballroom/,webpronews.com,English,0.0,gdelt_gkg
META,2025-09-30,"YouTube to pay $24 . 5M to settle Trump lawsuit , with funds earmarked for Mar - a - Lago – inspired White House ballroom – Firstpost",https://www.firstpost.com/world/youtube-to-pay-24-5-mn-to-settle-lawsuit-with-trump-funds-to-be-used-for-white-house-ballroom-13938074.html,firstpost.com,English,0.0,gdelt_gkg
META,2025-09-30,YouTube to pay $24 . 5 million to settle lawsuit over Trump account suspension after Jan . 6 attack,https://www.1039wvbo.com/2025/09/29/youtube-to-pay-24-5-million-to-settle-lawsuit-over-trumps-account-suspension-after-jan-6-attack/,1039wvbo.com,English,0.0,gdelt_gkg
META,2025-09-30,"OpenAI rolls out parental controls , safeguards for teen ChatGPT users",https://www.aa.com.tr/en/science-technology/openai-rolls-out-parental-controls-safeguards-for-teen-chatgpt-users/3703263,aa.com.tr,English,0.0,gdelt_gkg
META,2025-09-30,Wall Street coasts toward the end of another winning month,https://www.timesherald.com/2025/09/30/wall-street-closes-winning-month/,timesherald.com,English,0.0,gdelt_gkg
META,2025-09-30,"CoreWeave lands $14 billion AI deal with Meta , stock climbs over 15 % on Wall Street",https://www.livemint.com/companies/coreweave-lands-14-billion-ai-deal-with-meta-stock-climbs-over-15-on-wall-street-11759238488137.html,livemint.com,English,0.0,gdelt_gkg
META,2025-09-30,YouTube to pay £18m to settle lawsuit over Trump account suspension | Richmond and Twickenham Times,https://www.richmondandtwickenhamtimes.co.uk/news/national/25504265.youtube-pay-18m-settle-lawsuit-trumps-account-suspension/,richmondandtwickenhamtimes.co.uk,English,0.0,gdelt_gkg
META,2025-09-30,"US markets today : Wall Street heads for fifth straight monthly gain ; investors watch jobs , Fed , and government shutdown",https://timesofindia.indiatimes.com/business/international-business/us-markets-today-wall-street-heads-for-fifth-straight-monthly-gain-investors-watch-jobs-fed-and-government-shutdown/articleshow/124237545.cms,timesofindia.indiatimes.com,English,0.0,gdelt_gkg
META,2025-09-30,Cerebras secures $1 . 1B at $8 . 1B valuation to fuel US AI infrastructure leadership,https://siliconangle.com/2025/09/30/cerebras-secures-1-1b-8-1b-valuation-fuel-us-ai-infrastructure-leadership/,siliconangle.com,English,0.0,gdelt_gkg
META,2025-09-30,Google to pay $24 . 5 million to end Trump Jan . 6 YouTube ban lawsuit,https://www.nny360.com/top_stories/google-to-pay-24-5-million-to-end-trump-jan-6-youtube-ban-lawsuit/article_c55803bb-451d-53c2-b3e8-f6cd4b5d3975.html,nny360.com,English,0.0,gdelt_gkg
META,2025-09-30,Wall Street coasts toward the end of another winning month,https://www.reflector.com/news/national/wall-street-coasts-toward-the-end-of-another-winning-month/article_37692bc4-195c-56ae-a1b2-492bf6cd9b60.html,reflector.com,English,0.0,gdelt_gkg
META,2025-09-30,Deregulation May Hurt Retail Traders But Brokerages Stand To Benefit ; Expect More Unexpected Bankruptcies - Apple ( NASDAQ : AAPL ) ,https://www.benzinga.com/Opinion/25/09/47947728/deregulation-may-hurt-retail-traders-but-brokerages-stand-to-benefit-expect-more-unexpected-bankruptcies,benzinga.com,English,0.0,gdelt_gkg
META,2025-09-30,Baystreet . ca - TSX Slumps as Energy Losses Trump Material Gains,http://baystreet.ca/marketupdates/14476/TSX-Slumps-as-Energy-Losses-Trump-Material-Gains,baystreet.ca,English,0.0,gdelt_gkg
META,2025-09-30,Failure To Serve Charges Stalls Sowore Arraignment In Tinubu  defamation  Case,https://naija247news.com/failure-to-serve-charges-stalls-sowores-arraignment-in-tinubu-defamation-case/,naija247news.com,English,0.0,gdelt_gkg
META,2025-09-30,Wall Street coasts toward the end of another winning month,https://www.capitalgazette.com/2025/09/30/wall-street-closes-winning-month/,capitalgazette.com,English,0.0,gdelt_gkg
META,2025-09-30,Mag 7 Remains Top Picks for Hedge Funds as Money Managers Poured $185B Into These Stocks in Q2,https://www.ibtimes.co.uk/mag-7-remains-top-picks-hedge-funds-money-managers-poured-185b-these-stocks-q2-1745855,ibtimes.co.uk,English,0.0,gdelt_gkg
META,2025-09-30,Jim Cramer spots a potential buying opportunity in one of our financial stocks,https://www.cnbc.com/2025/09/30/jim-cramer-spots-a-potential-buying-opportunity-in-one-of-our-financial-stocks.html,cnbc.com,English,0.0,gdelt_gkg
META,2025-09-30,CoreWeave jumps 13 % after striking $14B deal with Meta,https://biztoc.com/x/290bbe9d8878611f,biztoc.com,English,0.0,gdelt_gkg
META,2025-09-30,Stocks Slip on Worries of Shutdown Delaying Data : Markets Wrap,https://www.swissinfo.ch/eng/stocks-slip-on-worries-of-shutdown-delaying-data:-markets-wrap/90089097,swissinfo.ch,English,0.0,gdelt_gkg
META,2025-09-30,YouTube to pay $24 . 5 million to settle Trump Jan . 6 lawsuit – NBC Los Angeles,https://www.nbclosangeles.com/news/national-international/youtube-24-million-settle-trump-lawsuit/3784800/,nbclosangeles.com,English,0.0,gdelt_gkg
META,2025-09-30,Why Shares of CoreWeave Are Soaring Today,https://finance.yahoo.com/news/why-shares-coreweave-soaring-today-145358453.html,finance.yahoo.com,English,0.0,gdelt_gkg
META,2025-09-30,Wall Street coasts toward the end of another winning month,https://www.nvdaily.com/associated_press_national/wall-street-coasts-toward-the-end-of-another-winning-month/article_dc9cf499-5fa6-5efc-83fc-574f709815fd.html,nvdaily.com,English,0.0,gdelt_gkg
META,2025-09-30,YouTube to pay $24 . 5 million to settle lawsuit over Trump account suspension after Jan . 6 attack,https://www.wdrb.com/news/national/youtube-to-pay-24-5-million-to-settle-lawsuit-over-trumps-account-suspension-after-jan/article_e7339a55-ce88-5d7e-9585-53500869341a.html,wdrb.com,English,0.0,gdelt_gkg
META,2025-09-30,YouTube to pay $24 . 5 million to settle Trump Jan . 6 lawsuit – NBC Connecticut,https://www.nbcconnecticut.com/news/national-international/youtube-24-million-settle-trump-lawsuit/3645036/,nbcconnecticut.com,English,0.0,gdelt_gkg
META,2025-09-30,Wall Street coasts toward the end of another winning month,https://www.springfieldnewssun.com/news/nation-world/wall-street-coasts-toward-the-end-of-another-winning-month/T42KYUM3KRKZFPAE6OBBIL2KUY/,springfieldnewssun.com,English,0.0,gdelt_gkg
META,2025-09-30,Wall Street poised to open lower as markets brace for a possible US government shutdown,https://www.durangoherald.com/articles/wall-street-poised-to-open-lower-as-markets-brace-for-a-possible-us-government-shutdown/,durangoherald.com,English,0.0,gdelt_gkg
META,2025-09-30,YouTube to pay $24 . 5 million to settle Trump Jan . 6 lawsuit – NBC Bay Area,https://www.nbcbayarea.com/news/national-international/youtube-24-million-settle-trump-lawsuit/3956224/,nbcbayarea.com,English,0.0,gdelt_gkg
META,2025-10-01,Big Tech AI Companies Should Invest in Energy and AI Infrastructure in Africa,https://circleid.com/posts/big-tech-ai-companies-should-invest-in-energy-ai-infrastructure-in-africa,circleid.com,English,0.0,gdelt_gkg
META,2025-10-01,Big Tech AI Companies Should Invest in Energy and AI Infrastructure in Africa,https://circleid.com/%20posts/big-tech-ai-companies-should-invest-in-energy-ai-infrastructure-in-africa,circleid.com,English,0.0,gdelt_gkg
META,2025-10-01,Alphabet AI strength fuels biggest quarterly jump since 2005 – East Bay Times,https://www.eastbaytimes.com/2025/10/01/alphabets-ai-strength-fuels-biggest-quarterly-jump-since-2005/,eastbaytimes.com,English,0.0,gdelt_gkg
META,2025-10-01,Meta Plans To Recommend Ads Based On AI Chat Interaction,https://www.finanznachrichten.de/nachrichten-2025-10/66592724-meta-plans-to-recommend-ads-based-on-ai-chat-interaction-020.htm,finanznachrichten.de,English,0.0,gdelt_gkg
META,2025-10-01,"Delhi High Court Protects Personality Rights Of Sri Sri Ravi Shankar , Injuncts Deepfake And Morphed Content",https://www.livelaw.in/high-court/delhi-high-court/delhi-high-court-sri-sri-ravi-shankar-personality-rights-deepfake-305693,livelaw.in,English,0.0,gdelt_gkg
META,2025-10-01,"Apple , Google , Meta Must Face Lawsuits Over Casino - Style Apps",https://news.worldcasinodirectory.com/court-orders-apple-google-meta-to-face-gambling-lawsuits-119989,news.worldcasinodirectory.com,English,0.0,gdelt_gkg
META,2025-10-01,Amazon is overhauling its devices to take on Apple in the AI era,https://www.eastbaytimes.com/2025/10/01/amazon-is-overhauling-its-devices-to-take-on-apple-in-the-ai-era-2/,eastbaytimes.com,English,0.0,gdelt_gkg
META,2025-10-01,Alphabet AI strength fuels biggest quarterly jump since 2005 – The Mercury News,https://www.mercurynews.com/2025/10/01/alphabets-ai-strength-fuels-biggest-quarterly-jump-since-2005/,mercurynews.com,English,0.0,gdelt_gkg
META,2025-10-01,Amici Back AI Company Third Circuit Appeal of Summary Judgment for Thomson Reuters - IPWatchdog . com | Patents & Intellectual Property Law Amici Back AI Company Third Circuit Appeal of Summary Judgment for Thomson Reuters,https://ipwatchdog.com/2025/10/01/amici-back-ai-companys-third-circuit-appeal-summary-judgment-thomson-reuters/id=192760/,ipwatchdog.com,English,0.0,gdelt_gkg
META,2025-10-01,Jim Cramer Was Right About Meta Platforms ( META ) ,https://www.insidermonkey.com/blog/jim-cramer-was-right-about-meta-platforms-meta-1621254/,insidermonkey.com,English,0.0,gdelt_gkg
META,2025-10-01,❌ How Meta Is Censoring Abortion,https://www.eff.org/effector/37/13,eff.org,English,0.0,gdelt_gkg
META,2025-10-01,Federal Reserve Navigates Treacherous Waters : Rate Cut Hopes Clouded by Data Blackout Amidst Government Shutdown,https://markets.financialcontent.com/stocks/article/marketminute-2025-10-1-federal-reserve-navigates-treacherous-waters-rate-cut-hopes-clouded-by-data-blackout-amidst-government-shutdown,markets.financialcontent.com,English,0.0,gdelt_gkg
META,2025-10-01,"CoreWeave Inks $14 Billion Meta Deal , Highlighting AI Demand",https://finance.yahoo.com/news/coreweave-inks-14-billion-meta-123439081.html,finance.yahoo.com,English,0.0,gdelt_gkg
META,2025-10-01,CoreWeave ( CRWV ) Climbs 11 . 7 % on $14 - Billion Meta Deal,https://www.insidermonkey.com/blog/coreweave-crwv-climbs-11-7-on-14-billion-meta-deal-1621345/,insidermonkey.com,English,0.0,gdelt_gkg
META,2025-10-01,Meta Earns Buy Rating as Strong Earnings Align with Ad - Free Subscription Rollout,https://www.insidermonkey.com/blog/meta-earns-buy-rating-as-strong-earnings-align-with-ad-free-subscription-rollout-1620990/,insidermonkey.com,English,0.0,gdelt_gkg
META,2025-10-01,Why Meta Platforms Stock Was Wilting on Wednesday,https://www.fool.com/investing/2025/10/01/why-meta-platforms-stock-was-wilting-on-wednesday/?source=iedfolrf0000001,fool.com,English,0.0,gdelt_gkg
META,2025-10-01,Contrarians Only : A  Flash  Sale On Our Top AI Dividend,https://www.forbes.com/sites/brettowens/2025/10/01/contrarians-only-a-flash-sale-on-our-top-ai-dividend/,forbes.com,English,0.0,gdelt_gkg
META,2025-10-01,Stocks Post Gains on Mixed US Economic News,https://finance.yahoo.com/news/stocks-post-modest-losses-mixed-152512773.html,finance.yahoo.com,English,0.0,gdelt_gkg
META,2025-10-01,Meta to Announce Third Quarter 2025 Results,https://www.prnewswire.com/news-releases/meta-to-announce-third-quarter-2025-results-302572936.html,prnewswire.com,English,0.0,gdelt_gkg
META,2025-10-01,Virtual Reality Stocks To Keep An Eye On – September 28th,https://www.themarketsdaily.com/2025/10/01/virtual-reality-stocks-to-keep-an-eye-on-september-28th.html,themarketsdaily.com,English,0.0,gdelt_gkg
META,2025-10-01,"Mark Zuckerberg Goes On Social Media Blitz As $799 Meta Ray - Ban Display Glasses Hit Shelves At Select US Stores , Says Neural Band Feels Like  Magic  ",https://biztoc.com/x/0d97020cefa7776d,biztoc.com,English,0.0,gdelt_gkg
META,2025-10-01,YouTube reaches $24 . 5M settlement with Trump in censorship lawsuit – NaturalNews . com,https://www.naturalnews.com/2025-10-01-youtube-reaches-settlement-president-trump-censorship-lawsuit.html,naturalnews.com,English,0.0,gdelt_gkg
META,2025-10-01,Trump secures $24 . 5 million YouTube payout over January 6 account ban,http://www.massachusettssun.com/news/278610310/trump-secures-usd24-5-million-youtube-payout-over-january-6-account-ban,massachusettssun.com,English,0.0,gdelt_gkg
META,2025-10-01,Meta Defeats Antitrust Suit By Users,https://www.mediapost.com/publications/article/409531/meta-defeats-antitrust-suit-by-users.html,mediapost.com,English,0.0,gdelt_gkg
META,2025-10-01,Meta to acquire AI chip startup Rivos,https://www.proactiveinvestors.co.uk/companies/news/1079466/meta-to-acquire-ai-chip-startup-rivos-1079466.html,proactiveinvestors.co.uk,English,0.0,gdelt_gkg
META,2025-10-01,Trump secures $24 . 5 million YouTube payout over January 6 account ban,http://www.newyorkstatesman.com/news/278610310/trump-secures-usd24-5-million-youtube-payout-over-january-6-account-ban,newyorkstatesman.com,English,0.0,gdelt_gkg
META,2025-10-01,Wall Street yawns at DC looming shutdown as the Dow sets another record,https://www.springfieldnewssun.com/news/nation-world/wall-street-yawns-at-dcs-looming-shutdown-as-the-dow-sets-another-record/T42KYUM3KRKZFPAE6OBBIL2KUY/,springfieldnewssun.com,English,0.0,gdelt_gkg
META,2025-10-01,CoreWeave Signs $14 . 2 Billion Meta AI Deal Amid Surging Demand for Cloud Computing,https://slguardian.org/coreweave-signs-14-2-billion-meta-ai-deal-amid-surging-demand-for-cloud-computing/,slguardian.org,English,0.0,gdelt_gkg
META,2025-10-01,Is Oklo the Key to Unlock Nuclear Energy $10 Trillion Artificial Intelligence ( AI ) Opportunity ? ,https://finance.yahoo.com/news/oklo-key-unlock-nuclear-energys-124500221.html,finance.yahoo.com,English,0.0,gdelt_gkg
META,2025-10-01,Wall Street yawns at DC looming shutdown as the Dow sets another record,https://greatbendpost.com/posts/3aaeaa5f-09f7-4ac7-9a0f-3eb24eb6d031,greatbendpost.com,English,0.0,gdelt_gkg
META,2025-10-01,$300 in 2026 ? Here my forecast for the Nvidia share price,https://www.fool.co.uk/2025/10/01/300-in-2026-heres-my-forecast-for-the-nvidia-share-price/,fool.co.uk,English,0.0,gdelt_gkg
META,2025-10-01,Is Nvidia Stock a Buy Heading Into October ? ,https://finance.yahoo.com/news/nvidia-stock-buy-heading-october-134500668.html,finance.yahoo.com,English,0.0,gdelt_gkg
META,2025-10-01,"How Pokemon cards became a market - beating investment , and why a bubble is now brewing",https://switzer.com.au/the-experts/luke-hopewell/how-pokemon-cards-became-a-market-beating-investment-and-why-a-bubble-is-now-brewing/,switzer.com.au,English,0.0,gdelt_gkg
META,2025-10-01,Meta reportedly acquires startup Rivos to accelerate work on its in - house AI chips,https://siliconangle.com/2025/09/30/meta-reportedly-acquires-startup-rivos-accelerate-work-house-ai-chips/,siliconangle.com,English,0.0,gdelt_gkg
META,2025-10-01,Wall Street coasts toward the end of another winning month,https://www.bostonherald.com/2025/09/30/wall-street-closes-winning-month/,bostonherald.com,English,0.0,gdelt_gkg
META,2025-10-01,"Meta to Launch Ad - Free Subscription Option for Facebook , Instagram in the united kingdom ",https://www.insidermonkey.com/blog/meta-to-launch-ad-free-subscription-option-for-facebook-instagram-in-the-uk-1620363/,insidermonkey.com,English,0.0,gdelt_gkg
META,2025-10-01,"US senators reintroduce bill to reform H - 1B , L - 1 visa rules as Trump fee fuels scrutiny",https://indianexpress.com/article/world/us-senators-reintroduce-bill-reform-h-1b-l-1-visa-rules-trump-fee-10281703/,indianexpress.com,English,0.0,gdelt_gkg
META,2025-10-01,Wall Street yawns at DC looming shutdown as the Dow sets another record,https://www.decaturdaily.com/business/wall-street-yawns-at-dcs-looming-shutdown-as-the-dow-sets-another-record/article_528c7b48-05b9-4c08-8a0b-e4dffee0d734.html,decaturdaily.com,English,0.0,gdelt_gkg
META,2025-10-01,"U . S . senators reintroduce Bill to reform H - 1B , L - 1 visa rules as Donald Trump fee fuels scrutiny",https://www.thehindu.com/news/international/us-senators-reintroduce-bill-to-reform-h-1b-l-1-visa-rules-as-donald-trump-fee-fuels-scrutiny/article70115873.ece,thehindu.com,English,0.0,gdelt_gkg
META,2025-10-01,US senators submit bill seeking changes in H - 1B visa system : What are they ? ,https://www.hindustantimes.com/world-news/us-news/us-senate-bill-list-of-changes-in-h-1b-visa-system-101759304970617.html,hindustantimes.com,English,0.0,gdelt_gkg
META,2025-10-01,"Nvidia , Meta Thriving On  Middle - Class Rip - Off  As Power Costs Spiral 267 % Amid AI Boom : Larry McDonald",https://biztoc.com/x/fb4651238a8af526,biztoc.com,English,0.0,gdelt_gkg
META,2025-10-01,Wall Street yawns at DC looming shutdown as the Dow sets another record,https://salinapost.com/posts/3aaeaa5f-09f7-4ac7-9a0f-3eb24eb6d031,salinapost.com,English,0.0,gdelt_gkg
