ticker,date,title,url,domain,language,tone,source
TSLA,2017-03-01,Nicholas Hoult joins Emma Stone in ‘ The Favourite ’ ,http://www.themalaymailonline.com/showbiz/article/nicholas-hoult-joins-emma-stone-in-the-favourite,themalaymailonline.com,English,0.0,gdelt_gkg
TSLA,2017-03-01,10 grandes historias que marcarán tendencia en tecnología,http://www.economiahoy.mx/telecomunicacion-tecnologia-mx/noticias/8191494/03/17/Las-10-grandes-historias-que-deja-el-Mobile-World-Congress-de-Barcelona.html,economiahoy.mx,Spanish,0.0,gdelt_gkg
TSLA,2017-03-01,Kirkland,http://www.kirklandreporter.com/news/kirkland-area-students-named-as-national-merit-scholarship-finalists/,kirklandreporter.com,English,0.0,gdelt_gkg
TSLA,2017-03-01,Poison Confirm First Headline Tour In More Than A Decade,http://realrock1049.iheart.com/articles/rock-news-104648/poison-confirm-first-headline-tour-in-15604957/,realrock1049.iheart.com,English,0.0,gdelt_gkg
TSLA,2017-03-01,Big Data Technology,http://java.sys-con.com/node/4017061,java.sys-con.com,English,0.0,gdelt_gkg
TSLA,2017-03-01,Canadian Investors : Is Gold or Bitcoin the Better Choice ? ,http://www.fool.ca/2017/03/01/canadian-investors-is-gold-or-bitcoin-the-better-choice/,fool.ca,English,0.0,gdelt_gkg
TSLA,2017-03-01,Here the business Bill Gates would start with Elon Musk,http://www.cnbc.com/2017/03/01/heres-the-business-bill-gates-would-start-with-elon-musk.html,cnbc.com,English,0.0,gdelt_gkg
TSLA,2017-03-01,Poison Confirm First Headline Tour In More Than A Decade,http://radio951.iheart.com/articles/rock-news-104703/poison-confirm-first-headline-tour-in-15604957/,radio951.iheart.com,English,0.0,gdelt_gkg
TSLA,2017-03-01,Poison Confirm First Headline Tour In More Than A Decade,http://star1019.iheart.com/articles/rock-news-104648/poison-confirm-first-headline-tour-in-15604957/,star1019.iheart.com,English,0.0,gdelt_gkg
TSLA,2017-03-01,Poison Confirm First Headline Tour In More Than A Decade,http://alt1029.iheart.com/articles/rock-news-104648/poison-confirm-first-headline-tour-in-15604957/,alt1029.iheart.com,English,0.0,gdelt_gkg
TSLA,2017-03-01,Poison Confirm First Headline Tour In More Than A Decade,http://thebusfm.iheart.com/articles/rock-news-104703/poison-confirm-first-headline-tour-in-15604957/,thebusfm.iheart.com,English,0.0,gdelt_gkg
TSLA,2017-03-01,Nerd Talk,http://www.1077theend.com/media/audio-channel/nerd-talk-march-1-2017,1077theend.com,English,0.0,gdelt_gkg
TSLA,2017-03-01,"Audi , Porsche are tops in Consumer Report annual rankings",http://cnycentral.com/news/auto-matters/audi-porsche-are-tops-in-consumer-reports-annual-rankings,cnycentral.com,English,0.0,gdelt_gkg
TSLA,2017-03-01,Tesla Faces Sexual Harassment Charge From Female Engineer,http://finance.yahoo.com/news/tesla-faces-sexual-harassment-charge-175050067.html,finance.yahoo.com,English,0.0,gdelt_gkg
TSLA,2017-03-01,The rise of the useless class,http://ideas.ted.com/the-rise-of-the-useless-class/,ideas.ted.com,English,0.0,gdelt_gkg
TSLA,2017-03-01,MARTY RUSSELL : Fly him to the moon … please,https://djournal.com/opinion/marty-russell-fly-moon-please/,djournal.com,English,0.0,gdelt_gkg
TSLA,2017-03-01,"Audi , Porsche are tops in Consumer Report annual rankings",http://kval.com/news/auto-matters/audi-porsche-are-tops-in-consumer-reports-annual-rankings,kval.com,English,0.0,gdelt_gkg
TSLA,2017-03-01,"Audi , Porsche are tops in Consumer Report annual rankings",http://fox45now.com/news/auto-matters/audi-porsche-are-tops-in-consumer-reports-annual-rankings,fox45now.com,English,0.0,gdelt_gkg
TSLA,2017-03-01,What you need to know on Wall Street right now,http://www.businessinsider.com.au/wall-street-biggest-stories-march-1-2017-2017-3,businessinsider.com.au,English,0.0,gdelt_gkg
TSLA,2017-03-01,"Munster , Calacanis Talk The Bull",https://www.benzinga.com/media/cnbc/17/03/9114917/munster-calacanis-talk-the-bull-bear-case-on-snap,benzinga.com,English,0.0,gdelt_gkg
TSLA,2017-03-01,Wall Street biggest stories : March 1,http://www.businessinsider.com/wall-street-biggest-stories-march-1-2017,businessinsider.com,English,0.0,gdelt_gkg
TSLA,2017-03-01,Amerikkalaisraportti pani parhaat automerkit järjestykseen,http://www.is.fi/autot/art-2000005108039.html,is.fi,Finnish,0.0,gdelt_gkg
TSLA,2017-03-01,Poison Confirm First Headline Tour In More Than A Decade,http://1049bobfm.iheart.com/articles/rock-news-104703/poison-confirm-first-headline-tour-in-15604957/,1049bobfm.iheart.com,English,0.0,gdelt_gkg
TSLA,2017-03-01,Gizmodo,http://gizmodo.com/?startTime=1488380290873,gizmodo.com,English,0.0,gdelt_gkg
TSLA,2017-03-01,Feminist Protestors Display Rape Melania Sign,http://www.godlikeproductions.com/forum1/message3362868/pg2,godlikeproductions.com,English,0.0,gdelt_gkg
TSLA,2017-03-01,Please ! Please !! Someone Please Caption this !! ,http://www.godlikeproductions.com/forum1/message3463562/pg4,godlikeproductions.com,English,0.0,gdelt_gkg
TSLA,2017-03-01,"Audi , Porsche are tops in Consumer Report annual rankings",http://fox42kptm.com/news/auto-matters/audi-porsche-are-tops-in-consumer-reports-annual-rankings,fox42kptm.com,English,0.0,gdelt_gkg
TSLA,2017-03-01,"Tesla is looking to expand in Russia , starting with Moscow and St . Petersburg , says local media",https://electrek.co/2017/03/01/tesla-russia-moscow-st-petersburg/,electrek.co,English,0.0,gdelt_gkg
TSLA,2017-03-01,Elon Musk addresses Tesla employees about unionization,http://www.environmentguru.com/pages/elements/element.aspx?id=4595016,environmentguru.com,English,0.0,gdelt_gkg
TSLA,2017-03-01,"2017 Geneva Motor Show Preview : Hot Stuff from Lambo , Pagani",https://www.bloomberg.com/news/articles/2017-03-01/2017-geneva-motor-show-preview-hot-stuff-from-lambo-pagani,bloomberg.com,English,0.0,gdelt_gkg
TSLA,2017-03-01,"Bombardier , Inc .: Time to Take Profits and Run",http://www.fool.ca/2017/03/01/bombardier-inc-time-to-take-profits-and-run/,fool.ca,English,0.0,gdelt_gkg
TSLA,2017-03-01,Poison Confirm First Headline Tour In More Than A Decade,http://alt1049fm.iheart.com/articles/rock-news-104648/poison-confirm-first-headline-tour-in-15604957/,alt1049fm.iheart.com,English,0.0,gdelt_gkg
TSLA,2017-03-01,Lista : Svenskarnas favoritaktier i united states ,http://www.di.se/nyheter/lista-svenskarnas-favoritaktier-i-usa/,di.se,Swedish,0.0,gdelt_gkg
TSLA,2017-03-01,Syndicated Article – KOOL 97 . 3,http://www.kool973.com/syndicated-article/?id=319209,kool973.com,English,0.0,gdelt_gkg
TSLA,2017-03-01,Jalopnik,http://jalopnik.com/?startTime=1488375900802,jalopnik.com,English,0.0,gdelt_gkg
TSLA,2017-03-01,Three IITs join hands to build self,http://economictimes.indiatimes.com/industry/indl-goods/svs/engineering/three-iits-join-hands-to-build-self-driving-cars/articleshow/57419669.cms,economictimes.indiatimes.com,English,0.0,gdelt_gkg
TSLA,2017-03-01,Poison Confirm First Headline Tour In More Than A Decade,http://z1079rocks.iheart.com/articles/rock-news-104703/poison-confirm-first-headline-tour-in-15604957/,z1079rocks.iheart.com,English,0.0,gdelt_gkg
TSLA,2017-03-01,BRUKER : MANAGEMENT DISCUSSION AND ANALYSIS OF FINANCIAL CONDITION AND RESULTS OF OPERATIONS ( form 10,http://www.4-traders.com/BRUKER-CORPORATION-8620/news/BRUKER-MANAGEMENT-S-DISCUSSION-AND-ANALYSIS-OF-FINANCIAL-CONDITION-AND-RESULTS-OF-OPERATIONS-form-23967646/,4-traders.com,English,0.0,gdelt_gkg
TSLA,2017-03-01,Poison Confirm First Headline Tour In More Than A Decade,http://q95.iheart.com/articles/rock-news-104703/poison-confirm-first-headline-tour-in-15604957/,q95.iheart.com,English,0.0,gdelt_gkg
TSLA,2017-03-01,Russian Federation to support Kyrgyzstan on its way to integration into EAEU,http://naijaoversabi.com/2017/03/01/russian-federation-to-support-kyrgyzstan-on-its-way-to.html,naijaoversabi.com,English,0.0,gdelt_gkg
TSLA,2017-03-01,"Game of Thrones Actor , Neil Fingleton , Dies at 36",http://naijaoversabi.com/2017/03/01/game-of-thrones-actor-neil-fingleton-dies-at-36.html,naijaoversabi.com,English,0.0,gdelt_gkg
TSLA,2017-03-01,Poison Confirm First Headline Tour In More Than A Decade,http://kzrx921.iheart.com/articles/rock-news-104648/poison-confirm-first-headline-tour-in-15604957/,kzrx921.iheart.com,English,0.0,gdelt_gkg
TSLA,2017-03-01,SpaceX to fly two tourists around moon next year,http://celebcafe.org/spacex-to-fly-two-tourists-around-moon-next-year-5232/,celebcafe.org,English,0.0,gdelt_gkg
TSLA,2017-03-01,Three IITs join hands to build self,http://articles.economictimes.indiatimes.com/industry/indl-goods/svs/engineering/three-iits-join-hands-to-build-self-driving-cars/articleshow/57419669.cms,articles.economictimes.indiatimes.com,English,0.0,gdelt_gkg
TSLA,2017-03-01,Bernie Sanders slams Trump apathy over wave of anti,http://naijaoversabi.com/2017/03/01/bernie-sanders-slams-trumps-apathy-over-wave-of-anti.html,naijaoversabi.com,English,0.0,gdelt_gkg
TSLA,2017-03-01,stories – The Daily Universe,http://universe.byu.edu/category/stories/,universe.byu.edu,English,0.0,gdelt_gkg
TSLA,2017-03-01,Jak wygląda akumulator z Tesla Model S od środka ? ,http://www.benchmark.pl/aktualnosci/jak-wyglada-akumulator-z-tesla-model-s-od-srodka.html,benchmark.pl,Polish,0.0,gdelt_gkg
TSLA,2017-03-01,European Union unveils new ideas to ensure unity as United Kingdom prepares to leave,http://naijaoversabi.com/2017/03/01/european-union-unveils-new-ideas-to-ensure-unity-as-united.html,naijaoversabi.com,English,0.0,gdelt_gkg
TSLA,2017-03-01,What you need to know on Wall Street right now,https://www.businessinsider.com.au/wall-street-biggest-stories-march-1-2017-2017-3,businessinsider.com.au,English,0.0,gdelt_gkg
TSLA,2017-03-01,Snapchat IPO not like Twitter,http://www.cnbc.com/2017/03/01/snapchat-not-like-twitter-because-evan-spiegel.html,cnbc.com,English,0.0,gdelt_gkg
TSLA,2017-03-01,Poison Confirm First Headline Tour In More Than A Decade,http://z106.iheart.com/articles/rock-news-104648/poison-confirm-first-headline-tour-in-15604957/,z106.iheart.com,English,0.0,gdelt_gkg
TSLA,2017-03-01,Galenika leads Belgrade blue,https://seenews.com/news/galenika-leads-belgrade-blue-chip-gainers-share-indices-decline-560034,seenews.com,English,0.0,gdelt_gkg
TSLA,2017-03-01,Poison Confirm First Headline Tour In More Than A Decade,http://alt1063.iheart.com/articles/rock-news-104648/poison-confirm-first-headline-tour-in-15604957/,alt1063.iheart.com,English,0.0,gdelt_gkg
TSLA,2017-03-01,"Audi , Porsche are tops in Consumer Report annual rankings",http://bakersfieldnow.com/news/auto-matters/audi-porsche-are-tops-in-consumer-reports-annual-rankings,bakersfieldnow.com,English,0.0,gdelt_gkg
TSLA,2017-03-01,"First Uber , Now Tesla Faces Lawsuit Over Alleged Sexual Discrimination ",http://nesn.com/2017/03/first-uber-now-tesla-facing-accusations-of-sexual-discrimination/,nesn.com,English,0.0,gdelt_gkg
TSLA,2017-03-01,Poison Confirm First Headline Tour In More Than A Decade,http://kjkj.iheart.com/articles/rock-news-104648/poison-confirm-first-headline-tour-in-15604957/,kjkj.iheart.com,English,0.0,gdelt_gkg
TSLA,2017-03-01,"WATCH THIS !!! # An Ongoing , Carefully Selected Collection of MUST SEE VIDEOS",http://www.godlikeproductions.com/forum1/message1810399/pg2,godlikeproductions.com,English,0.0,gdelt_gkg
TSLA,2017-03-01,What you need to know on Wall Street right now,http://www.businessinsider.in/What-you-need-to-know-on-Wall-Street-right-now/articleshow/57419041.cms,businessinsider.in,English,0.0,gdelt_gkg
TSLA,2017-03-01,"Audi , Porsche are tops in Consumer Report annual rankings",http://news3lv.com/news/auto-matters/audi-porsche-are-tops-in-consumer-reports-annual-rankings,news3lv.com,English,0.0,gdelt_gkg
TSLA,2017-03-01,Poison schedules first headlining concerts featuring original lineup in more than 10 years,http://www.933thedrive.com/poison-schedules-first-headlining-concerts-featuring-original-lineup-in-more-than-10-years/,933thedrive.com,English,0.0,gdelt_gkg
TSLA,2017-03-01,Poison Confirm First Headline Tour In More Than A Decade,http://q1043.iheart.com/articles/rock-news-104703/poison-confirm-first-headline-tour-in-15604957/,q1043.iheart.com,English,0.0,gdelt_gkg
TSLA,2017-03-01,Poison Confirm First Headline Tour In More Than A Decade,http://931themountain.iheart.com/articles/rock-news-104703/poison-confirm-first-headline-tour-in-15604957/,931themountain.iheart.com,English,0.0,gdelt_gkg
TSLA,2017-03-01,"Audi , Porsche are tops in Consumer Report annual rankings",http://wpde.com/news/auto-matters/audi-porsche-are-tops-in-consumer-reports-annual-rankings,wpde.com,English,0.0,gdelt_gkg
TSLA,2017-03-01,"The Zacks Analyst Blog Highlights : AT & T , Visa , Biogen , Tesla and PG & E",http://www.nasdaq.com/article/the-zacks-analyst-blog-highlights-att-visa-biogen-tesla-and-pge-cm754915,nasdaq.com,English,0.0,gdelt_gkg
TSLA,2017-03-01,"NIO EP9 , el superdeportivo eléctrico que bate record de velocidad",http://www.ecoticias.com/sostenibilidad/133149/NIO-EP9-superdeportivo-electrico-que-bate-record-velocidad,ecoticias.com,Spanish,0.0,gdelt_gkg
TSLA,2017-03-01,Poison Confirm First Headline Tour In More Than A Decade,http://989kkzx.iheart.com/articles/rock-news-104703/poison-confirm-first-headline-tour-in-15604957/,989kkzx.iheart.com,English,0.0,gdelt_gkg
TSLA,2017-03-01,Poison Confirm First Headline Tour In More Than A Decade,http://933fmthewolf.iheart.com/articles/rock-news-104703/poison-confirm-first-headline-tour-in-15604957/,933fmthewolf.iheart.com,English,0.0,gdelt_gkg
TSLA,2017-03-01,Poison Confirm First Headline Tour In More Than A Decade,http://1027jackfm.iheart.com/articles/rock-news-104648/poison-confirm-first-headline-tour-in-15604957/,1027jackfm.iheart.com,English,0.0,gdelt_gkg
TSLA,2017-03-01,Canadian Investors : Is Gold or Bitcoin the Better Choice ? ,https://ca.finance.yahoo.com/news/canadian-investors-gold-bitcoin-better-174850876.html,ca.finance.yahoo.com,English,0.0,gdelt_gkg
TSLA,2017-03-01,"מ כ  ל אובר מתפרץ על אחד מ הגי החברה , והכל מתועד בווידאו","http://www.calcalist.co.il/internet/articles/0,7340,L-3708807,00.html",calcalist.co.il,Hebrew,0.0,gdelt_gkg
TSLA,2017-03-01,"Greatness comes from moving forward , not backward",http://rabble.ca/blogs/bloggers/2017-02-28t000000/greatness-comes-moving-forward-not-backward,rabble.ca,English,0.0,gdelt_gkg
TSLA,2017-03-01,Jaguar ’ s Tesla Model X,http://www.carscoops.com/2017/03/jaguars-tesla-model-x-rivalling-i-pace.html,carscoops.com,English,0.0,gdelt_gkg
TSLA,2017-03-01,Poison Confirm First Headline Tour In More Than A Decade,http://997thefox.iheart.com/articles/rock-news-104703/poison-confirm-first-headline-tour-in-15604957/,997thefox.iheart.com,English,0.0,gdelt_gkg
TSLA,2017-03-01,"Itens filtrados na data de hoje : Quarta , 01 Março 2017 ",http://www.segs.com.br/economia/data/2016/10/13.html,segs.com.br,Portuguese,0.0,gdelt_gkg
TSLA,2017-03-01,Syndicated Article – Sunny 106 . 5,http://www.kooi.com/syndicated-article/?id=319209,kooi.com,English,0.0,gdelt_gkg
TSLA,2017-03-01,Tesla Considers Adding Insurance and Maintenance,http://www.torquenews.com/comment/reply/29167,torquenews.com,English,0.0,gdelt_gkg
TSLA,2017-03-01,La isla de Tau en Samoa Americana funciona al 100 % con energía solar,http://www.ecoticias.com/energias-renovables/133138/isla-de-Ta%92u-en-Samoa-Americana-funciona-100-con-energia-solar,ecoticias.com,Spanish,0.0,gdelt_gkg
TSLA,2017-03-01,Poison Confirm First Headline Tour In More Than A Decade,http://1077thefox.iheart.com/articles/rock-news-104648/poison-confirm-first-headline-tour-in-15604957/,1077thefox.iheart.com,English,0.0,gdelt_gkg
TSLA,2017-03-01,Seis peruanos compiten por un cupo al programa GSP de Singularity University ,http://mba.americaeconomia.com/articulos/notas/seis-peruanos-compiten-por-un-cupo-al-programa-gsp-de-singularity-university,mba.americaeconomia.com,Spanish,0.0,gdelt_gkg
TSLA,2017-03-01,Tesla Named The Top American Car Brand,http://www.torquenews.com/3855/tesla-named-top-american-car-brand,torquenews.com,English,0.0,gdelt_gkg
TSLA,2017-03-01,The New Hyundai Kona Compact SUV Continues Naming Convention,http://www.torquenews.com/comment/reply/29165,torquenews.com,English,0.0,gdelt_gkg
TSLA,2017-03-01,Syndicated Article – Mad Rock 102 . 5,http://www.madrock1025.com/syndicated-article/?id=319209,madrock1025.com,English,0.0,gdelt_gkg
TSLA,2017-03-01,"ArcelorMittal announces publication of notice of redemption of its 9 . 850 % Notes due June 1 , 2019",http://www.stock-world.de/nachrichten/adhoc/ArcelorMittal-announces-publication-of-notice-of-redemption-of-its-9-850-Notes-due-June-1-2019-n7750589.html,stock-world.de,English,0.0,gdelt_gkg
TSLA,2017-03-01,Poison schedules first headlining concerts featuring original lineup in more than 10 years,http://www.classichitsandoldies.com/v2/79661/,classichitsandoldies.com,English,0.0,gdelt_gkg
TSLA,2017-03-01,Poison Confirm First Headline Tour In More Than A Decade,http://us97.iheart.com/articles/rock-news-104648/poison-confirm-first-headline-tour-in-15604957/,us97.iheart.com,English,0.0,gdelt_gkg
TSLA,2017-03-01,Poison Confirm First Headline Tour In More Than A Decade,http://lonestar925.iheart.com/articles/rock-news-104703/poison-confirm-first-headline-tour-in-15604957/,lonestar925.iheart.com,English,0.0,gdelt_gkg
TSLA,2017-03-01,Poison Confirm First Headline Tour In More Than A Decade,http://937jackfm.iheart.com/articles/rock-news-104703/poison-confirm-first-headline-tour-in-15604957/,937jackfm.iheart.com,English,0.0,gdelt_gkg
TSLA,2017-03-01,Elon Musk schießt bereits kommendes Jahr Touristen auf den Mond » Opinion Leaders Network,"https://www.leadersnet.at/news/25239,elon-musk-schiesst-bereits-kommendes-jahr-touristen-auf-den-mond.html",leadersnet.at,German,0.0,gdelt_gkg
TSLA,2017-03-01,Poison Confirm First Headline Tour In More Than A Decade,http://1073rocks.iheart.com/articles/rock-news-104648/poison-confirm-first-headline-tour-in-15604957/,1073rocks.iheart.com,English,0.0,gdelt_gkg
TSLA,2017-03-01,"Lynk Labs , Acuity Brands et Schneider Electric règlent le différend liés aux brevets et concluent",http://www.newswire.ca/fr/news-releases/lynk-labs-acuity-brands-et-schneider-electric-reglent-le-differend-lies-aux-brevets-et-concluent-un-contrat-de-licence-615089543.html,newswire.ca,French,0.0,gdelt_gkg
TSLA,2017-03-01,Poison Confirm First Headline Tour In More Than A Decade,http://rock107mb.iheart.com/articles/rock-news-104703/poison-confirm-first-headline-tour-in-15604957/,rock107mb.iheart.com,English,0.0,gdelt_gkg
TSLA,2017-03-01,Poison Confirm First Headline Tour In More Than A Decade,http://rock101fm.iheart.com/articles/rock-news-104648/poison-confirm-first-headline-tour-in-15604957/,rock101fm.iheart.com,English,0.0,gdelt_gkg
TSLA,2017-03-01,Poison Confirm First Headline Tour In More Than A Decade,http://bigdog106.iheart.com/articles/rock-news-104648/poison-confirm-first-headline-tour-in-15604957/,bigdog106.iheart.com,English,0.0,gdelt_gkg
TSLA,2017-03-01,2017 Prius Prime Plug,http://www.torquenews.com/1083/2017-prius-prime-plug-outselling-both-tesla-models-year,torquenews.com,English,0.0,gdelt_gkg
TSLA,2017-03-01,Syndicated Article – 957 KLKL,http://www.klkl.fm/syndicated-article/?id=319209,klkl.fm,English,0.0,gdelt_gkg
TSLA,2017-03-01,Poison Confirm First Headline Tour In More Than A Decade,http://Z93hv.iheart.com/articles/rock-news-104703/poison-confirm-first-headline-tour-in-15604957/,z93hv.iheart.com,English,0.0,gdelt_gkg
TSLA,2017-03-01,Finalistas del concurso de Cienciactiva,http://www.jcmagazine.com/finalistas-del-concurso-de-cienciactiva/,jcmagazine.com,Spanish,0.0,gdelt_gkg
TSLA,2017-03-01,Elon Musk Is Drilling a Hole in Tesla Inc ( TSLA ) Stock,http://www.nasdaq.com/article/elon-musk-is-drilling-a-hole-in-tesla-inc-tsla-stock-cm754856,nasdaq.com,English,0.0,gdelt_gkg
TSLA,2017-03-01,Poison Confirm First Headline Tour In More Than A Decade,http://1047kabq.iheart.com/articles/rock-news-104703/poison-confirm-first-headline-tour-in-15604957/,1047kabq.iheart.com,English,0.0,gdelt_gkg
TSLA,2017-03-01,HIT NA INTERNETU Frizer : Mladić se dvoumio se između Vučića i Mona Lize,http://www.blic.rs/vesti/politika/hit-na-internetu-frizer-mladic-se-dvoumio-se-izmedu-vucica-i-mona-lize/vke6n6n,blic.rs,Serbian,0.0,gdelt_gkg
TSLA,2017-03-01,Elektroauto : Was bei Kälte von der Reichweite bleibt,http://www.zeit.de/mobilitaet/2017-03/elektroauto-temperatur-reichweite-einfluss-renault-zoe-autobahn,zeit.de,German,0.0,gdelt_gkg
TSLA,2017-03-01,MARTY RUSSELL : Fly him to the moon … please,http://djournal.com/opinion/marty-russell-fly-moon-please/,djournal.com,English,0.0,gdelt_gkg
TSLA,2017-03-01,TESLA MODEL 3 ( 2017 ) ,http://news.autoplus.fr/Tesla+Motors/Model+3/Tesla-Motors-Model-3-production-livraison-lancement-1513862.html,news.autoplus.fr,French,0.0,gdelt_gkg
TSLA,2017-03-01,Poison Confirm First Headline Tour In More Than A Decade,http://rock967.iheart.com/articles/rock-news-104648/poison-confirm-first-headline-tour-in-15604957/,rock967.iheart.com,English,0.0,gdelt_gkg
TSLA,2017-03-01,What did Donald Trump tweet now ? ,https://www.dailydot.com/layer8/what-did-trump-tweet/,dailydot.com,English,0.0,gdelt_gkg
TSLA,2017-03-01,The Disaster of Believing in 100 % Renewable Energy,http://www.capoliticalreview.com/top-stories/the-disaster-of-believing-in-100-renewable-energy/,capoliticalreview.com,English,0.0,gdelt_gkg
TSLA,2017-03-01,Turismo espacial : dos personas viajarán a la Luna en 2018,http://www.lagacetasalta.com.ar/nota/74881/desenchufados/turismo-espacial-dos-personas-viajaran-luna-2018.html,lagacetasalta.com.ar,Spanish,0.0,gdelt_gkg
TSLA,2017-03-01,UK needs better charging network for electric vehicles,https://eandt.theiet.org/content/articles/2017/02/uk-needs-better-charging-network-for-electric-vehicles/,eandt.theiet.org,English,0.0,gdelt_gkg
TSLA,2017-03-01,Poison Confirm First Headline Tour In More Than A Decade,http://1005thefox.iheart.com/articles/rock-news-104703/poison-confirm-first-headline-tour-in-15604957/,1005thefox.iheart.com,English,0.0,gdelt_gkg
TSLA,2017-03-01,Gizmodo,http://gizmodo.com/?startTime=1488376500414,gizmodo.com,English,0.0,gdelt_gkg
TSLA,2017-03-01,"Audi , Porsche are tops in Consumer Report annual rankings",http://wjactv.com/news/auto-matters/audi-porsche-are-tops-in-consumer-reports-annual-rankings,wjactv.com,English,0.0,gdelt_gkg
TSLA,2017-03-01,Energy sector needs its own Elon Musk,http://www.troymedia.com/2017/03/01/energy-sector-needs-its-own-elon-musk/,troymedia.com,English,0.0,gdelt_gkg
TSLA,2017-03-01,Poison Confirm First Headline Tour In More Than A Decade,http://969thedogrocks.iheart.com/articles/rock-news-104648/poison-confirm-first-headline-tour-in-15604957/,969thedogrocks.iheart.com,English,0.0,gdelt_gkg
TSLA,2017-03-01,Poison Confirm First Headline Tour In More Than A Decade,http://radio945fm.iheart.com/articles/rock-news-104703/poison-confirm-first-headline-tour-in-15604957/,radio945fm.iheart.com,English,0.0,gdelt_gkg
TSLA,2017-03-01,"Au Japon , la Prius Prime hybride est dotée dun toit  panneau solaire",http://www.numerama.com/tech/237421-au-japon-la-prius-prime-hybride-est-dotee-dun-toit-a-panneau-solaire.html,numerama.com,French,0.0,gdelt_gkg
TSLA,2017-03-01,Poison Confirm First Headline Tour In More Than A Decade,http://1073jack.iheart.com/articles/rock-news-104703/poison-confirm-first-headline-tour-in-15604957/,1073jack.iheart.com,English,0.0,gdelt_gkg
TSLA,2017-03-01,Poison Confirm First Headline Tour In More Than A Decade,http://1029thelake.iheart.com/articles/rock-news-104703/poison-confirm-first-headline-tour-in-15604957/,1029thelake.iheart.com,English,0.0,gdelt_gkg
TSLA,2017-03-01,"Ford auf dem MWC 2017 : Neue Mobilitätskonzepte , Fordpass in Europa und Ausblick auf 2021",http://t3n.de/news/ford-mwc-2017-city-of-mobility-800881/,t3n.de,German,0.0,gdelt_gkg
TSLA,2017-03-01,Commentary : Immigrant entrepreneurs embody the American Dream,http://www.philly.com/philly/opinion/20170302_Commentary__Immigrant_entrepreneurs_embody_the_American_Dream.html,philly.com,English,0.0,gdelt_gkg
TSLA,2017-03-01,Poison Confirm First Headline Tour In More Than A Decade,http://961therocket.iheart.com/articles/rock-news-104648/poison-confirm-first-headline-tour-in-15604957/,961therocket.iheart.com,English,0.0,gdelt_gkg
TSLA,2017-03-01,Jezebel,http://jezebel.com/?startTime=1488322435277,jezebel.com,English,0.0,gdelt_gkg
TSLA,2017-03-01,"  Bosnian Pyramid  discovery key to Nikola Tesla communication with aliens , says expert ",http://www.express.co.uk/news/weird/773789/Bosnian-Pyramid-Nikola-Tesla-standing-waves-aliens,express.co.uk,English,0.0,gdelt_gkg
TSLA,2017-03-01,Green Savers – Carros movidos a energia solar ? O futuro está mais próximo do que se pensa,http://greensavers.sapo.pt/2017/03/01/carros-movidos-a-energia-solar-o-futuro-esta-mais-proximo-do-que-se-pensa/,greensavers.sapo.pt,Portuguese,0.0,gdelt_gkg
TSLA,2017-03-01,Frost & Sullivan,http://www.4-traders.com/news/Frost-Sullivan-Proliferation-of-Natural-Gas-Fuel-Augments-Sustainable-Growth-for-Medium-heavy-Du--23967257/,4-traders.com,English,0.0,gdelt_gkg
TSLA,2017-03-01,Poison Confirm First Headline Tour In More Than A Decade,http://big949.iheart.com/articles/rock-news-104703/poison-confirm-first-headline-tour-in-15604957/,big949.iheart.com,English,0.0,gdelt_gkg
TSLA,2017-03-01," [ MWC ] Meizu présente le Super mCharge , le plus rapide du monde",http://www.presse-citron.net/mwc-meizu-presente-super-mcharge-plus-rapide-monde/,presse-citron.net,French,0.0,gdelt_gkg
TSLA,2017-03-01,Poison Confirm First Headline Tour In More Than A Decade,http://rock103.iheart.com/articles/rock-news-104703/poison-confirm-first-headline-tour-in-15604957/,rock103.iheart.com,English,0.0,gdelt_gkg
TSLA,2017-03-01,Space X realizará el primer vuelo turístico a la Luna en 2018,http://www.merca20.com/space-x-realizara-primer-vuelo-turistico-a-la-luna-en-2018/,merca20.com,Spanish,0.0,gdelt_gkg
TSLA,2017-03-01,Will Tesla $2 . 6 Billion SolarCity Gamble Pay Off ? ,http://oilprice.com/Energy/Energy-General/Will-Teslas-26-Billion-SolarCity-Gamble-Pay-Off.html,oilprice.com,English,0.0,gdelt_gkg
TSLA,2017-03-01,Kommentaarid,http://www.auto24.ee/uudised/uudised.php?kom=29612,auto24.ee,Estonian,0.0,gdelt_gkg
TSLA,2017-03-01,What Does Buying Exxon Mobil Mean ?,http://seekingalpha.com/article/4051176-buying-exxon-mobil-mean,seekingalpha.com,English,0.0,gdelt_gkg
TSLA,2017-03-01,IBM Named  Diamond Sponsor  of @ CloudExpo NY and CA ,http://iot.sys-con.com/node/4022266,iot.sys-con.com,English,0.0,gdelt_gkg
TSLA,2017-03-01,Where to get hip in Palm Beach,http://www.ktvz.com/lifestyle/travel/where-to-get-hip-in-palm-beach/368375300,ktvz.com,English,0.0,gdelt_gkg
TSLA,2017-03-01,White House takes responsibility for historically black colleges from Ed Department,http://brassale.net/2017/03/white-house-takes-responsibility-for-historically-black/,brassale.net,English,0.0,gdelt_gkg
TSLA,2017-03-01,Where,http://www.conchovalleyhomepage.com/news/national/where-to-get-hip-in-palm-beach/664826985,conchovalleyhomepage.com,English,0.0,gdelt_gkg
TSLA,2017-03-01,"Since Uber Takedown , Women In Silicon Valley Are Speaking More Freely About Discriminatory Practices",http://jezebel.com/since-uber-takedown-women-in-silicon-valley-are-speaki-1792855028,jezebel.com,English,0.0,gdelt_gkg
TSLA,2017-03-01,"FARK . com : ( 9498892 ) All I ever wanted , all I ever needed is here with a Depeche Mode North American tour",http://www.fark.com/comments/9498892/All-I-ever-wanted-all-I-ever-needed-is-here-with-a-Depeche-Mode-North-American-tour,fark.com,English,0.0,gdelt_gkg
TSLA,2017-03-01,Tesla employee lawsuit levels sexism accusations,http://www.afr.com/business/legal/tesla-employees-lawsuit-levels-sexism-accusations-20170301-guolt5,afr.com,English,0.0,gdelt_gkg
TSLA,2017-03-01,Today Technology is Practically Obsolete ... Is That a Good Thing ? ,http://www.energyandcapital.com/articles/todays-technology-is-practically-obsolete-is-that-a-good-thing/5774,energyandcapital.com,English,0.0,gdelt_gkg
TSLA,2017-03-01,How you can beat rising bills with a little help from our experts,http://www.mirror.co.uk/money/how-you-can-beat-rising-9944739,mirror.co.uk,English,0.0,gdelt_gkg
TSLA,2017-03-01,Where,http://www.myhighplains.com/news/national/where-to-get-hip-in-palm-beach/664829197,myhighplains.com,English,0.0,gdelt_gkg
TSLA,2017-03-01,Sweden Expresses Interest to Tesla Inc ( TSLA ) for Its Gigafactory,http://smartstocknews.com/40945-sweden-expresses-interest-to-tesla-inc-tsla-for-its-gigafactory/,smartstocknews.com,English,0.0,gdelt_gkg
TSLA,2017-03-01,"USA / ventes de voitures : GM en hausse , Ford et FCA en baisse en février",http://www.zonebourse.com/FORD-MOTOR-COMPANY-12542/actualite/USA-ventes-de-voitures-GM-en-hausse-Ford-et-FCA-en-baisse-en-fevrier-23968169/,zonebourse.com,French,0.0,gdelt_gkg
TSLA,2017-03-01,"Consumer Reports Names Best , Worst Auto Brands",http://www.thedetroitbureau.com/2017/03/consumer-reports-names-best-worst-auto-brands/,thedetroitbureau.com,English,0.0,gdelt_gkg
TSLA,2017-03-01,Where,http://www.mychamplainvalley.com:80/news/national/where-to-get-hip-in-palm-beach/664828545,mychamplainvalley.com,English,0.0,gdelt_gkg
TSLA,2017-03-01,"Stocks Rally Broadly ; Dow Crosses 21 , 000 , Financials Soar",https://article.wn.com/view/2017/03/01/Stocks_Rally_Broadly_Dow_Crosses_21000_Financials_Soar/,article.wn.com,English,0.0,gdelt_gkg
TSLA,2017-03-01,Укрсоцбанк выпустил обновленную версию мобильного банкинга Ukrsotsbank Mobile,http://www.prostobankir.com.ua/it/novosti/ukrsotsbank_vypustil_obnovlennuyu_versiyu_mobilnogo_bankinga_ukrsotsbank_mobile,prostobankir.com.ua,Russian,0.0,gdelt_gkg
TSLA,2017-03-01,Carrie Fisher Trustee Wants All Her Assets Part Of Her Living Trust,http://patch.com/california/beverlyhills/carrie-fishers-trustee-wants-all-her-assets-part-her-living-trust,patch.com,English,0.0,gdelt_gkg
TSLA,2017-03-01,Consumer Reports : Tesla Is the Top American Car Brand,https://www.fool.com/investing/2017/03/01/consumer-reports-tesla-is-the-top-american-car-bra.aspx?source=iedfolrf0000001,fool.com,English,0.0,gdelt_gkg
TSLA,2017-03-01,"The Pentagon Is Going Green , With or Without Trump",http://www.thefiscaltimes.com/2017/03/01/Pentagon-Going-Green-or-Without-Trump,thefiscaltimes.com,English,0.0,gdelt_gkg
TSLA,2017-03-01,SpaceX will zwei Privat,https://deutsche-wirtschafts-nachrichten.de/2017/03/01/spacex-will-zwei-privat-personen-auf-einen-flug-um-den-mond-schicken/,deutsche-wirtschafts-nachrichten.de,German,0.0,gdelt_gkg
TSLA,2017-03-01,Никола Тесла при жизни мог подслушивать радиопереговоры инопланетян,http://xn--j1aidcn.org/%D0%BD%D0%B8%D0%BA%D0%BE%D0%BB%D0%B0-%D1%82%D0%B5%D1%81%D0%BB%D0%B0-%D0%BF%D1%80%D0%B8-%D0%B6%D0%B8%D0%B7%D0%BD%D0%B8-%D0%BC%D0%BE%D0%B3-%D0%BF%D0%BE%D0%B4%D1%81%D0%BB%D1%83%D1%88%D0%B8%D0%B2%D0%B0/,xn--j1aidcn.org,Russian,0.0,gdelt_gkg
TSLA,2017-03-01,MPLX LP subsidiary closes purchase of Ozark Pipeline,http://www.stock-world.de/nachrichten/adhoc/MPLX-LP-subsidiary-closes-purchase-of-Ozark-Pipeline-n7750898.html,stock-world.de,English,0.0,gdelt_gkg
TSLA,2017-03-01,Working  Cyborg Roses  and the Rise of Biohybrid ePlants,http://mysteriousuniverse.org/2017/03/working-cyborg-roses-and-the-rise-of-biohybrid-eplants/,mysteriousuniverse.org,English,0.0,gdelt_gkg
TSLA,2017-03-01,NVIDIA Artificial Intelligence Opportunity in 1 Chart,https://www.fool.com/investing/2017/02/28/nvidias-artificial-intelligence-opportunity-in-1-c.aspx,fool.com,English,0.0,gdelt_gkg
TSLA,2017-03-01,4 Reasons It Makes Sense For Tesla Model 3 To Remain Cloaked,https://cleantechnica.com/2017/03/01/4-reasons-tesla-model-3-remain-cloaked/,cleantechnica.com,English,0.0,gdelt_gkg
TSLA,2017-03-01,NVIDIA : MANAGEMENT DISCUSSION AND ANALYSIS OF FINANCIAL CONDITION AND RESULTS OF OPERATIONS ( form 10,http://www.4-traders.com/NVIDIA-CORPORATION-10282/news/NVIDIA-MANAGEMENT-S-DISCUSSION-AND-ANALYSIS-OF-FINANCIAL-CONDITION-AND-RESULTS-OF-OPERATIONS-form-23968823/,4-traders.com,English,0.0,gdelt_gkg
TSLA,2017-03-01,"Greatness comes from moving forward , not backward",http://www.westender.com/news-issues/science-matters/greatness-comes-from-moving-forward-not-backward-1.10688302,westender.com,English,0.0,gdelt_gkg
TSLA,2017-03-01,Poison Confirm First Headline Tour In More Than A Decade,http://1067theeagle.iheart.com/articles/rock-news-104703/poison-confirm-first-headline-tour-in-15604957/,1067theeagle.iheart.com,English,0.0,gdelt_gkg
TSLA,2017-03-01,Tesla SolarCity cut 20 percent of staff in 2016,http://www.4-traders.com/news/Tesla-s-SolarCity-cut-20-percent-of-staff-in-2016--23968991/,4-traders.com,English,0.0,gdelt_gkg
TSLA,2017-03-01,"Ferrari , Lamborghini , Pagani set to thrill at Geneva Motor Show ",http://www.themalaymailonline.com/drive/article/ferrari-lamborghini-pagani-set-to-thrill-at-geneva-motor-show,themalaymailonline.com,English,0.0,gdelt_gkg
TSLA,2017-03-01,Tesla : Tesla SolarCity cut 20 pct of staff in 2016,http://timesofindia.indiatimes.com/business/international-business/teslas-solarcity-cut-20-pct-of-staff-in-2016/articleshow/57420973.cms,timesofindia.indiatimes.com,English,0.0,gdelt_gkg
TSLA,2017-03-01,Tesla SolarCity cut 20 percent of staff in 2016,http://www.reuters.com/article/us-tesla-solar-jobs-idUSKBN1685TZ,reuters.com,English,0.0,gdelt_gkg
TSLA,2017-03-01,Where,http://www.everythinglubbock.com/news/national/where-to-get-hip-in-palm-beach/664826193,everythinglubbock.com,English,0.0,gdelt_gkg
TSLA,2017-03-01,Tesla SolarCity cut 20 percent of staff in 2016,http://uk.reuters.com/article/us-tesla-solar-jobs-idUKKBN1685TZ,uk.reuters.com,English,0.0,gdelt_gkg
TSLA,2017-03-01,Tesla SolarCity cut 20 percent of staff in 2016,http://finance.yahoo.com/news/teslas-solarcity-cut-20-percent-231434400.html,finance.yahoo.com,English,0.0,gdelt_gkg
TSLA,2017-03-01,Where,http://www.mytwintiers.com/news/national/where-to-get-hip-in-palm-beach/664828601,mytwintiers.com,English,0.0,gdelt_gkg
TSLA,2017-03-01,Where to get hip in Palm Beach,http://www.news8000.com/lifestyle/where-to-get-hip-in-palm-beach/368379247,news8000.com,English,0.0,gdelt_gkg
TSLA,2017-03-01,The future of WA economy : Digital can be our new mining,http://www.smh.com.au/wa-news/wa-election-2017/the-future-of-was-economy-digital-can-be-our-new-mining-20170222-guison.html,smh.com.au,English,0.0,gdelt_gkg
TSLA,2017-03-01,The future of WA economy : Digital can be our new mining,http://www.watoday.com.au/wa-news/wa-election-2017/the-future-of-was-economy-digital-can-be-our-new-mining-20170222-guison.html,watoday.com.au,English,0.0,gdelt_gkg
TSLA,2017-03-01,Where to get hip in Palm Beach,http://www.krcrtv.com/news/travel/where-to-get-hip-in-palm-beach/368379600,krcrtv.com,English,0.0,gdelt_gkg
TSLA,2017-03-01,Apple shares hit new all,http://macdailynews.com/2017/03/01/apple-shares-hit-new-all-time-intraday-and-closing-highs-170301/,macdailynews.com,English,0.0,gdelt_gkg
TSLA,2017-03-01,Carrie Fisher trustee wants all of late actress ’ assets placed in living trust,http://www.dailynews.com/arts-and-entertainment/20170301/carrie-fisher-trustee-wants-all-of-late-actress-assets-placed-in-living-trust,dailynews.com,English,0.0,gdelt_gkg
TSLA,2017-03-01,IBM Named  Diamond Sponsor  of @ CloudExpo NY and CA ,http://opensource.sys-con.com/node/4022266,opensource.sys-con.com,English,0.0,gdelt_gkg
TSLA,2017-03-01,吉林一 车碾轧6岁孩童致死 肇事司机被控制,http://china.qianlong.com/2017/0302/1452862.shtml,china.qianlong.com,Chinese,0.0,gdelt_gkg
TSLA,2017-03-01,Snovonne Unveils New Album,http://www.metalunderground.com/news/details.cfm?newsid=132080,metalunderground.com,English,0.0,gdelt_gkg
TSLA,2017-03-01,Tesla Model 3 Launch may be Delayed,http://www.i4u.com/2017/03/121145/tesla-model-3-launch-may-be-delayed,i4u.com,English,0.0,gdelt_gkg
TSLA,2017-03-01,"February sales : GM , VW post gains as FCA , Toyota slide",http://www.leftlanenews.com/february-sales-gm-vw-post-gains-as-fca-toyota-slide-94813.html,leftlanenews.com,English,0.0,gdelt_gkg
TSLA,2017-03-01,Consumer Reports 2017 : Audi en el No . 1 por 2do . año consecutivo,http://eldiariony.com/2017/03/01/consumer-reports-2017-audi-en-el-no-1-por-2do-ano-consecutivo/,eldiariony.com,Spanish,0.0,gdelt_gkg
TSLA,2017-03-01,"Ferrari , Lamborghini , Pagani set to thrill at Geneva Motor Show ",http://m.themalaymailonline.com/drive/article/ferrari-lamborghini-pagani-set-to-thrill-at-geneva-motor-show,m.themalaymailonline.com,English,0.0,gdelt_gkg
TSLA,2017-03-01,Global portfolios are  backward looking ,http://www.investordaily.com.au/technology/40903-global-portfolios-are-backwards-looking,investordaily.com.au,English,0.0,gdelt_gkg
TSLA,2017-03-01,Where,http://www.localsyr.com/alert/news/where-to-get-hip-in-palm-beach/664827097,localsyr.com,English,0.0,gdelt_gkg
TSLA,2017-03-01,Tesla Is Bundling Insurance & Maintenance Costs Into Price Of Cars In Asian Markets,https://cleantechnica.com/2017/03/01/tesla-bundling-insurance-maintenance-costs-price-cars-asian-markets/,cleantechnica.com,English,0.0,gdelt_gkg
TSLA,2017-03-01,Range Rover Velar revealed,http://www.evo.co.uk/land-rover/range-rover/18915/range-rover-velar-revealed-fourth-model-to-take-on-porsche-and-jaguar,evo.co.uk,English,0.0,gdelt_gkg
TSLA,2017-03-01,Self,http://www.industrytap.com/self-driving-cars-trucks-benefit-internet-things/41120,industrytap.com,English,0.0,gdelt_gkg
TSLA,2017-03-01,BRIEF,http://www.reuters.com/article/brief-tesla-inc-updates-on-gigafactories-idUSFWN1GE195,reuters.com,English,0.0,gdelt_gkg
TSLA,2017-03-01,"Slowly , VW Continues To Recover From Dieselgate Scandal",http://www.torquenews.com/comment/reply/29168,torquenews.com,English,0.0,gdelt_gkg
TSLA,2017-03-01,2018 Land Rover Range Rover Velar First Look,http://www.motortrend.com/news/2018-land-rover-range-rover-velar-first-look/,motortrend.com,English,0.0,gdelt_gkg
TSLA,2017-03-01,VW Oliver Schmidt faces U . S . criminal trial on April 18,http://www.autonews.com/article/20170301/OEM02/170309957/vws-oliver-schmidt-faces-u.s.-criminal-trial-on-april-18,autonews.com,English,0.0,gdelt_gkg
TSLA,2017-03-01,How you can beat rising bills with a little help from our experts,http://www.mirror.co.uk/news/uk-news/how-you-can-beat-rising-9944739,mirror.co.uk,English,0.0,gdelt_gkg
TSLA,2017-03-01,Range Rover Velar : King of the urban jungle ? Hands,http://www.ibtimes.co.uk/range-rover-velar-king-urban-jungle-hands-everything-you-need-know-1608831,ibtimes.co.uk,English,0.0,gdelt_gkg
TSLA,2017-03-01,Tesla Denies Allegations of Sexual Harassment,http://www.inc.com/business-insider/tesla-denies-sexual-harassment-allegations.html,inc.com,English,0.0,gdelt_gkg
TSLA,2017-03-01,Eight Reasons to Love the New 1 Hotel Brooklyn Bridge,http://www.thedailymeal.com/eight-reasons-love-new-1-hotel-brooklyn-bridge,thedailymeal.com,English,0.0,gdelt_gkg
TSLA,2017-03-01,"Sébastien Benoit : souvenirs de Precidia , avenir en Tesla ",http://auto.lapresse.ca/actualites/201703/01/01-5074424-sebastien-benoit-souvenirs-de-precidia-avenir-en-tesla.php,auto.lapresse.ca,French,0.0,gdelt_gkg
TSLA,2017-03-01,Tesla Gigafactory Will Employ More Workers Than Originally Estimated,http://insideevs.com/tesla-gigafactory-employ-workers/,insideevs.com,English,0.0,gdelt_gkg
TSLA,2017-03-01,Poison Confirm First Headline Tour In More Than A Decade,http://radio1045.iheart.com/articles/rock-news-104648/poison-confirm-first-headline-tour-in-15604957/,radio1045.iheart.com,English,0.0,gdelt_gkg
TSLA,2017-03-01,"Female Engineer Files Discrimination Lawsuit Against Tesla , Company Responds",http://insideevs.com/female-engineer-files-discrimination-lawsuit-against-tesla-company-responds/,insideevs.com,English,0.0,gdelt_gkg
TSLA,2017-03-01,Choca su Tesla Model S para salvar a un conductor,http://noticias.autocosmos.elsol.com.ar/2017/03/01/choca-su-tesla-model-s-para-salvar-a-un-conductor,noticias.autocosmos.elsol.com.ar,Spanish,0.0,gdelt_gkg
TSLA,2017-03-01,Where to get hip in Palm Beach,http://www.localnews8.com/lifestyle/travel/where-to-get-hip-in-palm-beach/368375520,localnews8.com,English,0.0,gdelt_gkg
TSLA,2017-03-01,Poison Confirm First Headline Tour In More Than A Decade,http://big1059.iheart.com/articles/rock-news-104703/poison-confirm-first-headline-tour-in-15604957/,big1059.iheart.com,English,0.0,gdelt_gkg
TSLA,2017-03-01,Go from 0,http://www.komando.com/cars-trucks-tech/391894/go-from-0-60-in-an-astonishing-2-28-seconds,komando.com,English,0.0,gdelt_gkg
TSLA,2017-03-01,Where to get hip in Palm Beach,http://www.krdo.com/lifestyle/travel/where-to-get-hip-in-palm-beach/368375072,krdo.com,English,0.0,gdelt_gkg
TSLA,2017-03-01,Tesla sagsøgt af kvindelig ingeniør : Firmaet har pervers og skadelig kultur,https://ing.dk/artikel/tesla-sagsoegt-kvindelig-ingenioer-firmaet-har-pervers-skadelig-kultur-194755,ing.dk,Danish,0.0,gdelt_gkg
TSLA,2017-03-01,Poison Confirm First Headline Tour In More Than A Decade,http://985thefox.iheart.com/articles/rock-news-104703/poison-confirm-first-headline-tour-in-15604957/,985thefox.iheart.com,English,0.0,gdelt_gkg
TSLA,2017-03-01,Untitled,http://media.knssradio.com/a/118570898/steve-ted-in-the-morning-03-01-17-moneytracker-don-grant-ira-do-s-and-don-ts.htm,media.knssradio.com,English,0.0,gdelt_gkg
TSLA,2017-03-01,As 9 perguntas que os investidores,http://conteudo.startse.com.br/plug-and-play/plugandplay/as-9-perguntas-que-os-investidores-anjo-querem-perguntar-mas-nao-o-fazem/,conteudo.startse.com.br,Portuguese,0.0,gdelt_gkg
TSLA,2017-03-01,Poison Confirm First Headline Tour In More Than A Decade,http://eagle1075.iheart.com/articles/rock-news-104703/poison-confirm-first-headline-tour-in-15604957/,eagle1075.iheart.com,English,0.0,gdelt_gkg
TSLA,2017-03-01,O que é Hyperloop e como ele vai mudar nossas vidas,https://www.oficinadanet.com.br/post/18463-o-que-e-hyperloop-e-como-ele-vai-mudar-nossas-vidas,oficinadanet.com.br,Portuguese,0.0,gdelt_gkg
TSLA,2017-03-01,Untitled,http://media.knssradio.com/a/118570909/steve-ted-in-the-morning-03-01-17-happy-world-compliment-day.htm,media.knssradio.com,English,0.0,gdelt_gkg
TSLA,2017-03-01,"Audi , Porsche top Consumer Reports scorecard ; Fiat , Jeep , not so much",http://www.thecarconnection.com/news/1109128_audi-porsche-top-consumer-reports-scorecard-fiat-jeep-not-so-much,thecarconnection.com,English,0.0,gdelt_gkg
TSLA,2017-03-01,"Audi , Porsche are tops in Consumer Report annual rankings",http://www.kcbd.com/story/34629088/audi-porsche-are-tops-in-consumer-reports-annual-rankings,kcbd.com,English,0.0,gdelt_gkg
TSLA,2017-03-01,Poison Confirm First Headline Tour In More Than A Decade,http://955themountain.iheart.com/articles/rock-news-104703/poison-confirm-first-headline-tour-in-15604957/,955themountain.iheart.com,English,0.0,gdelt_gkg
TSLA,2017-03-01,MilTech – Page 29797 – pr @ satprnews . com,http://www.military-technologies.net/page/29797/,military-technologies.net,English,0.0,gdelt_gkg
TSLA,2017-03-01,Poison Confirm First Headline Tour In More Than A Decade,http://rock1053.iheart.com/articles/rock-news-104648/poison-confirm-first-headline-tour-in-15604957/,rock1053.iheart.com,English,0.0,gdelt_gkg
TSLA,2017-03-01,Poison Confirm First Headline Tour In More Than A Decade,http://wkqq.iheart.com/articles/rock-news-104703/poison-confirm-first-headline-tour-in-15604957/,wkqq.iheart.com,English,0.0,gdelt_gkg
TSLA,2017-03-01,Foxtrot Alpha,http://foxtrotalpha.jalopnik.com/?startTime=1487202300400,foxtrotalpha.jalopnik.com,English,0.0,gdelt_gkg
TSLA,2017-03-01,Aussicht auf weitere Zinsschritte in den united states : Bank,http://www.deraktionaer.de/aktie/aussicht-auf-weitere-zinsschritte-in-den-usa--bank-aktien-im-aufwind-304200.htm,deraktionaer.de,German,0.0,gdelt_gkg
TSLA,2017-03-01,"Tesla Denies Female Engineer Discrimination Claims , Discourages Unionization With Promises Of Froyo And Rollercoasters : SFist",http://sfist.com/2017/03/01/tesla_harassment_allegations_froyo.php,sfist.com,English,0.0,gdelt_gkg
TSLA,2017-03-01,Gizmodo,http://gizmodo.com/?startTime=1488382800502,gizmodo.com,English,0.0,gdelt_gkg
TSLA,2017-03-01,Jaguar I,https://www.autoevolution.com/news/jaguar-i-pace-concept-gets-sexy-red-paint-for-geneva-debut-115829.html,autoevolution.com,English,0.0,gdelt_gkg
TSLA,2017-03-01,"Ventes de voitures : GM en hausse , Ford et FCA en baisse",http://affaires.lapresse.ca/economie/etats-unis/201703/01/01-5074442-ventes-de-voitures-gm-en-hausse-ford-et-fca-en-baisse.php,affaires.lapresse.ca,French,0.0,gdelt_gkg
TSLA,2017-03-01,Notícias ao Minuto,https://www.noticiasaominuto.com/tech/749784/conheca-a-visao-do-futuro-para-a-partilha-de-automoveis,noticiasaominuto.com,Portuguese,0.0,gdelt_gkg
TSLA,2017-03-01,Cobalt prices soar as investors see increased demand for lithium,http://www.autonews.com/article/20170301/OEM05/170309966/cobalt-prices-soar-as-investors-see-increased-demand-for-lithium-ion,autonews.com,English,0.0,gdelt_gkg
TSLA,2017-03-01,German Automakers Dominate Latest Consumer Reports Top Brands List,http://www.carbuzz.com/news/2017/3/1/German-Automakers-Dominate-Latest-Consumer-Reports-Top-Brands-List-7738047/,carbuzz.com,English,0.0,gdelt_gkg
TSLA,2017-03-01,"Audi , Porsche Are Tops In Consumer Report Annual Rankings",http://www.manufacturing.net/news/2017/03/audi-porsche-are-tops-consumer-reports-annual-rankings,manufacturing.net,English,0.0,gdelt_gkg
TSLA,2017-03-01,"Audi , Porsche top Consumer Reports ’ annual rankings",http://driving.ca/audi/auto-news/news/audi-porsche-top-consumer-reports-annual-rankings,driving.ca,English,0.0,gdelt_gkg
TSLA,2017-03-01,Where to get hip in Palm Beach,http://www.channel3000.com/lifestyle/where-to-get-hip-in-palm-beach/368379422,channel3000.com,English,0.0,gdelt_gkg
TSLA,2017-03-01,"Petroleumworld , Latin America Energy , Oil and Gas , News and Information",http://www.petroleumworld.com/story17030117.htm,petroleumworld.com,English,0.0,gdelt_gkg
TSLA,2017-03-01,Exes Brad Pitt & Jennifer Aniston Have Reconnected Amidst His Divorce ! ,http://brassale.net/2017/03/exes-brad-pitt-jennifer-aniston-have-reconnected-amidst-his/,brassale.net,English,0.0,gdelt_gkg
TSLA,2017-03-01,Where to get hip in Palm Beach,http://www.channel4000.com/nation/travel/where-to-get-hip-in-palm-beach/368379168,channel4000.com,English,0.0,gdelt_gkg
TSLA,2017-03-01,"USGS quake forecast : Oklahoma , southern Kansas at high risk in 2017",http://brassale.net/2017/03/usgs-quake-forecast-oklahoma-southern-kansas-at-high-risk/,brassale.net,English,0.0,gdelt_gkg
TSLA,2017-03-01,Panasonic Unveils Solar Roof That May Appear on the Tesla Model 3,http://www.thedrive.com/tech/8006/panasonic-unveils-solar-roof-that-may-appear-on-the-tesla-model-3,thedrive.com,English,0.0,gdelt_gkg
TSLA,2017-03-01,The worst thing about electric cars might not be an issue for much longer,http://www.popsci.com/electric-vehicle-range-anxiety,popsci.com,English,0.0,gdelt_gkg
TSLA,2017-03-01,Increase in electric car subsidy simply shocking,http://www.communitypress.ca/2017/03/01/increase-in-electric-car-subsidy-simply-shocking,communitypress.ca,English,0.0,gdelt_gkg
TSLA,2017-03-01,Where to get hip in Palm Beach,http://www.wcti12.com/news/travel/where-to-get-hip-in-palm-beach/368379477,wcti12.com,English,0.0,gdelt_gkg
TSLA,2017-03-01,"Pragariškame skyriuje dirbantis gydytojas : pasitikrinkite , kuriai pacientų grupei priklausote",http://www.delfi.lt/sveikata/sveikas-kunas/pragariskame-skyriuje-dirbantis-gydytojas-pasitikrinkite-kuriai-pacientu-grupei-priklausote.d?id=73871968,delfi.lt,Lithuanian,0.0,gdelt_gkg
TSLA,2017-03-01,Boost visas for foreign entrepreneurs,http://www.nature.com/news/boost-visas-for-foreign-entrepreneurs-1.21544,nature.com,English,0.0,gdelt_gkg
TSLA,2017-03-01,"Rival do Model X , Jaguar I",http://carroonline.terra.com.br/noticias/especiais/rival-do-model-x-jaguar-i-pace-estara-na-suica,carroonline.terra.com.br,Portuguese,0.0,gdelt_gkg
TSLA,2017-03-01,Where,http://www.myarklamiss.com/community/weekly-travel/where-to-get-hip-in-palm-beach/664827837,myarklamiss.com,English,0.0,gdelt_gkg
TSLA,2017-03-01,Влада дала гаранције за кредите за ЕПС и ЕМС,http://www.rtv.rs/sr_ci/ekonomija/aktuelno/vlada-dala-garancije-za-kredite-za-eps-i-ems_804218.html,rtv.rs,Serbian,0.0,gdelt_gkg
TSLA,2017-03-01,"Scottish Mortgage , Rentokil Initial join FTSE 100 as Dixons Carphone , Capita drop out",http://www.livecharts.co.uk/share_prices/Scottish-Mortgage--Rentokil-Initial-join-FTSE-news25620331.html,livecharts.co.uk,English,0.0,gdelt_gkg
TSLA,2017-03-01,An ETF focused on LGBT,http://www.marketwatch.com/story/an-etf-focused-on-lgbt-friendly-companies-doubled-the-gain-of-its-benchmark-2017-03-01,marketwatch.com,English,0.0,gdelt_gkg
TSLA,2017-03-01,Untitled,http://pakistanlink.org/Headlines/March17/01/07.htm,pakistanlink.org,English,0.0,gdelt_gkg
TSLA,2017-03-01,Why Nvidia Corporation ( NVDA ) Stock Wont Stop Growing Anytime Soon,http://www.nasdaq.com/article/why-nvidia-corporation-nvda-stock-wont-stop-growing-anytime-soon-cm755045,nasdaq.com,English,0.0,gdelt_gkg
TSLA,2017-03-01,IBM Named  Diamond Sponsor  of @ CloudExpo NY and CA ,http://websphere.sys-con.com/node/4022266,websphere.sys-con.com,English,0.0,gdelt_gkg
TSLA,2017-03-01,Pininfaria ajudará a desenvolver sedã elétrico,http://carroonline.terra.com.br/noticias/especiais/pininfaria-ajudara-a-desenvolver-seda-eletrico,carroonline.terra.com.br,Portuguese,0.0,gdelt_gkg
TSLA,2017-03-01,Autonomous Vehicles : Hype and Potential,http://urbanland.uli.org/economy-markets-trends/autonomous-vehicles-hype-potential/,urbanland.uli.org,English,0.0,gdelt_gkg
TSLA,2017-03-01,Range Rover aims high with Velar,http://www.autonews.com/article/20170301/COPY01/303019875/range-rover-aims-high-with-velar,autonews.com,English,0.0,gdelt_gkg
TSLA,2017-03-01,"Corvette GXE , la voiture électrique de production la plus rapide au monde",http://www.guideautoweb.com/articles/41907/corvette-gxe-la-voiture-electrique-de-production-la-plus-rapide-au-monde/,guideautoweb.com,French,0.0,gdelt_gkg
TSLA,2017-03-01,Range Rover aims high with Velar,http://europe.autonews.com/article/20170301/ANE/170309984/range-rover-aims-high-with-velar,europe.autonews.com,English,0.0,gdelt_gkg
TSLA,2017-07-01,"Los robots están desarrollando un idioma propio , al margen de los humanos",http://www.lavanguardia.com/tecnologia/20170701/423786761966/robots-idioma-propio-inteligencia-artificial.html,lavanguardia.com,Spanish,0.0,gdelt_gkg
TSLA,2017-07-01,Tesla : Elon Musk promet des informations sur le  Model 3  dimanche,http://www.lepoint.fr/economie/tesla-elon-musk-promet-des-informations-sur-le-model-3-dimanche-01-07-2017-2139660_28.php,lepoint.fr,French,0.0,gdelt_gkg
TSLA,2017-07-01, ТС,http://www.rts.rs/page/stories/ci/story/5/ekonomija/2788950/-vise-od-23-miliona-putnika-na-beogradskom-aerodromu-u-2017.html,rts.rs,Serbian,0.0,gdelt_gkg
TSLA,2017-07-01,Ciel bleu pour le cobalt,http://www.lemonde.fr/economie/article/2017/07/01/ciel-bleu-pour-le-cobalt_5154134_3234.html,lemonde.fr,French,0.0,gdelt_gkg
TSLA,2017-07-01,长安奔奔EV补贴后价 不足6万 奔奔EV性价比很赞,http://auto.shm.com.cn/news/2017-07-01/2407009.html,auto.shm.com.cn,Chinese,0.0,gdelt_gkg
TSLA,2017-07-01,NoviMagazin . rs,http://www.novimagazin.rs/vesti/izlozba-sa-inauguracije-predsednika-srbije-otvorena-za-gradjane,novimagazin.rs,Serbian,0.0,gdelt_gkg
TSLA,2017-07-01, 题,http://mp.3g.cnfol.com/pc/article/1033430,mp.3g.cnfol.com,Chinese,0.0,gdelt_gkg
TSLA,2017-07-01,Galaxy Note 8 Case Renders Confirm The Fingerprint Sensor Location,http://www.valuewalk.com/2017/07/galaxy-note-8-case-renders-fingerprint/,valuewalk.com,English,0.0,gdelt_gkg
TSLA,2017-07-01,Tesla : Elon Musk promet des informations sur le  Model 3  dimanche,http://www.journaldunet.com/economie/actualite/depeche/afp/24/1737737/tesla-elon-musk-promet-des-informations-sur-le-model-3-dimanche.shtml,journaldunet.com,French,0.0,gdelt_gkg
TSLA,2017-07-01,"Sept ans après , procès de l  affaire Madoff  la béninoise  ",http://www.journaldunet.com/economie/actualite/depeche/afp/24/1737750/sept-ans-apres-proces-de-l-affaire-madoff-a-la-beninoise.shtml,journaldunet.com,French,0.0,gdelt_gkg
TSLA,2017-07-01,Self,http://www.ibtimes.com/self-driving-nissan-leaf-ev-launching-soon-will-use-propilot-technology-2560229,ibtimes.com,English,0.0,gdelt_gkg
TSLA,2017-07-01,Elon Musk publica detalles de su plan para colonizar Marte . ¿ Es realista ? ,http://elpais.com/elpais/2017/06/23/ciencia/1498216022_307152.html,elpais.com,Spanish,0.0,gdelt_gkg
TSLA,2017-07-01,Einhorn ’ s Greenlight Fund Drops 2 . 3 % in First Half,http://news.carbon-future.co.uk/archives/15530,news.carbon-future.co.uk,English,0.0,gdelt_gkg
TSLA,2017-07-01,A股上半年小涨上证50一马当先 下半年关注成长和改革主题 _ 股市直播 _ 市场 _ 中金在线,http://sc.stock.cnfol.com/gushizhibo/20170701/24932109.shtml,sc.stock.cnfol.com,Chinese,0.0,gdelt_gkg
TSLA,2017-07-01,软件 ， 如何定义未来,http://www.kaixian.tv/gd/2017/0701/93141.html,kaixian.tv,Chinese,0.0,gdelt_gkg
TSLA,2017-07-01,后市场20年 ， 黄粱一梦 时醒 ？_ 凤凰汽车 _ 凤凰网,http://auto.ifeng.com/quanmeiti/20170701/1091610.shtml,auto.ifeng.com,Chinese,0.0,gdelt_gkg
TSLA,2017-07-01,Kängurur förvirrar Volvos självkörande bilar,https://www.metro.se/artikel/k%C3%A4ngurur-f%C3%B6rvirrar-volvos-sj%C3%A4lvk%C3%B6rande-bilar-xt,metro.se,Swedish,0.0,gdelt_gkg
TSLA,2017-07-01,上汽拿到了 州牌照 ， Roadster . ai也想在自动驾驶领域分一杯羹,http://www.kaixian.tv/gd/2017/0701/93075.html,kaixian.tv,Chinese,0.0,gdelt_gkg
TSLA,2017-07-01,Историјски јун за београдски аеродром,http://www.rtv.rs/sr_ci/ekonomija/aktuelno/istorijski-jun-za-beogradski-aerodrom_836807.html,rtv.rs,Serbian,0.0,gdelt_gkg
TSLA,2017-07-01,Fitbit Denies It Cant Get a New Smartwatch to Market,https://www.thestreet.com/story/14206253/1/fitbit-smartwatch-facing-roadblocks-ahead-of-debut.html,thestreet.com,English,0.0,gdelt_gkg
TSLA,2017-07-01,Tesla : Elon Musk Fait Les Yeux Doux Au Marché Asiatique,https://www.forbes.fr/business/tesla-elon-musk-fait-les-yeux-doux-au-marche-asiatique/,forbes.fr,French,0.0,gdelt_gkg
TSLA,2017-07-01, （ 科技 ） 软件 ， 如何定义未来,http://www.kaixian.tv/gd/2017/0701/93086.html,kaixian.tv,Chinese,0.0,gdelt_gkg
TSLA,2017-07-01,"Energies , Economie , Pétrole : Revue Mondiale Juin 2017 – Géopolitique Mondiale des Energies",https://blogs.letemps.ch/laurent-horvath/2017/07/01/energies-economie-petrole-revue-mondiale-juin-2017/,blogs.letemps.ch,French,0.0,gdelt_gkg
TSLA,2017-07-01,Kängurus förvirrar Volvos självkörande bilar,http://www.gp.se/nyheter/ekonomi/k%C3%A4ngurus-f%C3%B6rvirrar-volvos-sj%C3%A4lvk%C3%B6rande-bilar-1.4402115,gp.se,Swedish,0.0,gdelt_gkg
TSLA,2017-07-01,Could Apple next big thing be a car ? ,http://www.dnaindia.com/technology/report-could-apple-s-next-big-thing-be-a-car-2489467,dnaindia.com,English,0.0,gdelt_gkg
TSLA,2017-07-01,"Big Bucks , Bad Optics for Frank Jackson at  Fat Cat  Fundraiser in Gates Mills",https://www.clevescene.com/scene-and-heard/archives/2017/06/29/big-bucks-bad-optics-for-frank-jackson-at-fat-cat-fundraiser-in-gates-mills,clevescene.com,English,0.0,gdelt_gkg
TSLA,2017-07-01,24hod . sk,http://www.24hod.sk/2017-07-01/19/technika/,24hod.sk,Slovak,0.0,gdelt_gkg
TSLA,2017-07-01,Kängurur förvirrar Volvos självkörande bilar,http://www.dn.se/ekonomi/motor/kangurur-forvirrar-volvos-sjalvkorande-bilar/,dn.se,Swedish,0.0,gdelt_gkg
TSLA,2017-07-01,El Corte Inglés venderá los coches de Tesla,http://www.laopinion.es/motor-noticias/2017/07/01/corte-ingles-vendera-coches-tesla/39294.html,laopinion.es,Spanish,0.0,gdelt_gkg
TSLA,2017-07-01,ДАНАС НА ВЕЛЕБИТУ ОБИЉЕЖАВАЊЕ  ДАНА СЈЕЋАЊА НА ЈАДОВНО  ,http://www.srna.rs/novosti/510450/danas-na-velebitu-obiljezavanje-dana-sjecanja-na-jadovno-.htm,srna.rs,Serbian,0.0,gdelt_gkg
TSLA,2017-07-01,"An Interview with Christiana Figueres , the UN ’ s Negotiator on the Paris Agreement",http://thepolitic.org/an-interview-with-christiana-figueres-the-uns-negotiator-on-the-paris-agreement/,thepolitic.org,English,0.0,gdelt_gkg
TSLA,2017-07-01,最便宜特斯拉终于要来了 ， 马斯克说周日公布 Model 3 上市日期,https://www.huxiu.com/article/202584.html,huxiu.com,Chinese,0.0,gdelt_gkg
TSLA,2017-07-01,Rise of the robo,http://www.thestar.com.my/business/business-news/2017/07/01/rise-of-the-robo-advisers/,thestar.com.my,English,0.0,gdelt_gkg
TSLA,2017-07-01,У Палати Србија отворена за јавност заједничка поставка 12 музеја која је организована поводом  свечане инаугурације  Александра Вучића,http://www.nspm.rs/hronika/u-palati-srbija-otvorena-za-javnost-zajednicka-postavka-12-muzeja-koja-je-organizovana-povodom-svecane-inauguracije-aleksandra-vucica.html,nspm.rs,Serbian,0.0,gdelt_gkg
TSLA,2017-07-01,笑尿了 ！ 美国网友认为特朗普是中国的间谍,https://www.sohu.com/a/153581351_335714,sohu.com,Chinese,0.0,gdelt_gkg
TSLA,2017-07-01,Izloba povodom inauguracije otvorena za graðene,http://www.b92.net/kultura/vesti.php?yyyy=2017&mm=07&dd=01&nav_category=1864&nav_id=1278264,b92.net,Serbian,0.0,gdelt_gkg
TSLA,2017-07-01,Tesla Issues Statement On Establishment Of Manufacturing Facility In China,http://insideevs.com/tesla-issues-statement-on-establishment-of-manufacturing-facility-in-china/,insideevs.com,English,0.0,gdelt_gkg
TSLA,2017-07-01,24hod . sk,http://www.24hod.sk/2017-07-01/22/auto-moto/,24hod.sk,Slovak,0.0,gdelt_gkg
TSLA,2017-07-01,Izloba povodom inauguracije otvorena za graðene,http://www.b92.net/kultura/komentari.php?nav_id=1278264,b92.net,Serbian,0.0,gdelt_gkg
TSLA,2017-07-01,Istorijski mesec za  Nikolu Teslu  ,http://www.b92.net/biz/vesti/srbija.php?yyyy=2017&mm=07&dd=01&nav_id=1278212,b92.net,Serbian,0.0,gdelt_gkg
TSLA,2017-07-01,Wann platzt die TESLA,https://www.wallstreet-online.de/diskussion/1184671-24101-24110/platzt-tesla-blase,wallstreet-online.de,German,0.0,gdelt_gkg
TSLA,2017-07-01,Kängurur förvirrar Volvos självkörande bilar,http://online.osterbottenstidning.fi/Artikel/Visa/149175,online.osterbottenstidning.fi,Swedish,0.0,gdelt_gkg
TSLA,2017-07-01,Why robots wont be stealing your job or leaving you bankrupt,http://www.scmp.com/news/china/society/article/2100590/why-robots-wont-be-stealing-your-job-or-leaving-you-bankrupt,scmp.com,English,0.0,gdelt_gkg
TSLA,2017-07-01,Why oil will remain relevant in the future : Olive,https://www.thestar.com/business/2017/07/01/why-oil-will-remain-relevant-in-the-future-olive.html,thestar.com,English,0.0,gdelt_gkg
TSLA,2017-07-01,Reportan que BMW lanzará un Serie 3 eléctrico que competirá con el Tesla Model 3,https://www.bolido.com/2017/06/reportan-que-bmw-lanzara-un-serie-3-electrico-que-competira-con-el-tesla-model-3/,bolido.com,Spanish,0.0,gdelt_gkg
TSLA,2017-07-01,2017 BMW 740e iPerformance,http://www.forbes.com/sites/samabuelsamid/2017/07/01/2017-bmw-740e-iperformance-the-100000-luxury-econocar/,forbes.com,English,0.0,gdelt_gkg
TSLA,2017-07-01,Kängurur förvirrar Volvos självkörande bilar,http://online.vasabladet.fi/Artikel/Visa/149175,online.vasabladet.fi,Swedish,0.0,gdelt_gkg
TSLA,2017-07-01,Istorijski mesec za  Nikolu Teslu  ,http://www.naslovi.net/2017-07-01/b92/istorijski-mesec-za-nikolu-teslu/20177116,naslovi.net,Serbian,0.0,gdelt_gkg
TSLA,2017-07-01,Apple Inc . ( AAPL ) Must Contend With  Peak Smartphone  ,http://investorplace.com/2017/07/apple-inc-aapl-must-contend-with-peak-smartphone/,investorplace.com,English,0.0,gdelt_gkg
TSLA,2017-07-01,Kontrollverlust oder Zeitgewinn ? ,https://www.nordschleswiger.dk/de/thema-motor/kontrollverlust-oder-zeitgewinn,nordschleswiger.dk,German,0.0,gdelt_gkg
TSLA,2017-07-01,特斯拉Model 3真要来了 马斯克确认本周日公布上市日期,http://tech.sina.com.cn/roll/2017-07-01/doc-ifyhrttz1916111.shtml,tech.sina.com.cn,Chinese,0.0,gdelt_gkg
TSLA,2017-07-01,Could Apple next big thing be a car ? ,http://nation.com.pk/snippets/01-Jul-2017/could-apple-s-next-big-thing-be-a-car,nation.com.pk,English,0.0,gdelt_gkg
TSLA,2017-07-01,Este pequeño vehículo robótico autónomo cuenta con su propio drone y se encargará de patrullar las calles de Dubai,https://www.xataka.com/robotica-e-ia/este-pequeno-vehiculo-robotico-autonomo-cuenta-con-su-propio-drone-y-se-encargara-de-patrullar-las-calles-de-dubai,xataka.com,Spanish,0.0,gdelt_gkg
TSLA,2017-07-01,Top 8 Silicon Valley geek hot spots you must see ,http://www.stltoday.com/travel/top-silicon-valley-geek-hot-spots-you-must-see/article_83ef7bb9-6a8a-5e8c-958b-2eda25470c88.html,stltoday.com,English,0.0,gdelt_gkg
TSLA,2017-07-01,Model X com falha nos airbags ? Há que investigar – Observador,http://observador.pt/2017/07/01/model-x-com-falha-nos-airbags-ha-que-investigar/,observador.pt,Portuguese,0.0,gdelt_gkg
TSLA,2017-07-01,Изложба поводом инаугурације отворена за грађане,http://www.rtv.rs/sr_ci/drustvo/izlozba-povodom-inauguracije-otvorena-za-gradjane_836833.html,rtv.rs,Serbian,0.0,gdelt_gkg
TSLA,2017-07-01,WATCH : First look of the hotly anticipated electric vehicle that charges in just 9 minutes ,https://www.gqindia.com/content/watch-first-look-of-the-hotly-anticipated-electric-vehicle-that-charges-in-just-9-minutes/,gqindia.com,English,0.0,gdelt_gkg
TSLA,2017-07-01,El Corte Inglés venderá los coches de Tesla,http://www.laopiniondezamora.es/motor-noticias/2017/07/01/corte-ingles-vendera-coches-tesla/39294.html,laopiniondezamora.es,Spanish,0.0,gdelt_gkg
TSLA,2017-07-01,"Синът на Илияна Йотова : He cъм члeн нa БC , имам по","http://kanal3.bg/news/lifestyle/lubopitno/56486-Sinat-na-Iliyana-Yotova:-He-cam-chlen-na-BC%CE%A0,-imam-po-skoro-desni-vazgledi",kanal3.bg,Bulgarian,0.0,gdelt_gkg
TSLA,2017-07-01,Izložba sa inauguracije predsednika Srbije otvorena za gradjane,https://www.krstarica.com/zivot/kultura/izlozba-sa-inauguracije-predsednika-srbije-otvorena-za-gradjane/,krstarica.com,Serbian,0.0,gdelt_gkg
TSLA,2017-07-01,How the prospect of galactic tourism has been rocket,http://www.smh.com.au/good-weekend/how-the-prospect-of-galactic-tourism-has-been-rocketfulled-by-three-billionaire-rivals-20170629-gx1d14.html,smh.com.au,English,0.0,gdelt_gkg
TSLA,2017-07-01,设计师的杰作 ： 未来用 人机给特斯拉汽车充电 _ 智能 _ 环球网,http://smart.huanqiu.com/roll/2017-07/10923948.html,smart.huanqiu.com,Chinese,0.0,gdelt_gkg
TSLA,2017-07-01,June « 2017 « The Terra News,http://www.theterranews.com/content/?m=201706,theterranews.com,English,0.0,gdelt_gkg
TSLA,2017-07-01,El Corte Inglés venderá los coches de Tesla,http://www.diariodeibiza.es/motor-noticias/2017/07/01/corte-ingles-vendera-coches-tesla/39294.html,diariodeibiza.es,Spanish,0.0,gdelt_gkg
TSLA,2017-07-01,THE REAL ESTATE SHOW ( RELT ) 07 . 01 . 17 LM . mp3,http://www.thesky973.com/media/audio-channel/real-estate-show-relt-070117-lmmp3,thesky973.com,English,0.0,gdelt_gkg
TSLA,2017-07-01,Kängurur förvirrar Volvos självkörande bilar,http://www.nt.se/nyheter/kangurur-forvirrar-volvos-sjalvkorande-bilar-om4723016.aspx,nt.se,Swedish,0.0,gdelt_gkg
TSLA,2017-07-01,Baidu leads China self,http://www.thestar.com.my/tech/tech-news/2017/07/01/baidu-leads-chinas-self-driving-charge-in-silicon-valley/,thestar.com.my,English,0.0,gdelt_gkg
TSLA,2017-07-01,Kängurur förvirrar Volvos självkörande bilar,http://www.trelleborgsallehanda.se/tt-ekonomi/kangurur-forvirrar-volvos-sjalvkorande-bilar/,trelleborgsallehanda.se,Swedish,0.0,gdelt_gkg
TSLA,2017-07-01,Kängurur förvirrar Volvos självkörande bilar,http://www.ystadsallehanda.se/tt-ekonomi/kangurur-forvirrar-volvos-sjalvkorande-bilar/,ystadsallehanda.se,Swedish,0.0,gdelt_gkg
TSLA,2017-07-01,解酒神器即將面世 特斯拉前僱員 發解酒飲品,http://sina.com.hk/news/article/20170701/5/46/2/%E8%A7%A3%E9%85%92%E7%A5%9E%E5%99%A8%E5%8D%B3%E5%B0%87%E9%9D%A2%E4%B8%96-%E7%89%B9%E6%96%AF%E6%8B%89%E5%89%8D%E5%83%B1%E5%93%A1%E7%A0%94%E7%99%BC%E8%A7%A3%E9%85%92%E9%A3%B2%E5%93%81-7629596.html,sina.com.hk,Chinese,0.0,gdelt_gkg
TSLA,2017-07-01,2PM Bucks front office,http://www.1057fmthefan.com/media/audio-channel/2pm-bucks-front-office-concerned,1057fmthefan.com,English,0.0,gdelt_gkg
TSLA,2017-07-01,"Elon Musk top 5 personality traits , according to an IBM supercomputer",https://finance.yahoo.com/news/elon-musk-top-5-personality-183217001.html,finance.yahoo.com,English,0.0,gdelt_gkg
TSLA,2017-07-01,Kängurur förvirrar Volvos självkörande bilar,https://www.svd.se/kangurur-forvirrar-volvos-sjalvkorande-bilar,svd.se,Swedish,0.0,gdelt_gkg
TSLA,2017-07-01,Ford Creating An Artificial Intelligence And Robotics Team – Eurasia Review,http://www.eurasiareview.com/01072017-ford-creating-an-artificial-intelligence-and-robotics-team/,eurasiareview.com,English,0.0,gdelt_gkg
TSLA,2017-07-01,Instagram Now Uses AI To Block Offensive Comments : Will The Feature Arrive Soon On Facebook ? : TECH,http://www.techtimes.com/articles/210842/20170630/instagram-now-uses-ai-to-block-offensive-comments-will-the-feature-arrive-soon-on-facebook.htm,techtimes.com,English,0.0,gdelt_gkg
TSLA,2017-07-01,Class Sues Tesla for Dangerous Braking System,http://www.courthousenews.com/class-sues-tesla-dangerous-braking-system/,courthousenews.com,English,0.0,gdelt_gkg
TSLA,2017-07-01,Kängurur förvirrar Volvos självkörande bilar,http://www.vt.se/nyheter/kangurur-forvirrar-volvos-sjalvkorande-bilar-om4723016.aspx,vt.se,Swedish,0.0,gdelt_gkg
TSLA,2017-07-01,Kängurur förvirrar Volvos självkörande bilar,http://www.bt.se/tt-ekonomi/kangurur-forvirrar-volvos-sjalvkorande-bilar/,bt.se,Swedish,0.0,gdelt_gkg
TSLA,2017-07-01,Kängurur förvirrar Volvos självkörande bilar,http://nsd.se/nyheter/kangurur-forvirrar-volvos-sjalvkorande-bilar-nm4585414.aspx,nsd.se,Swedish,0.0,gdelt_gkg
TSLA,2017-07-01,Kängurur förvirrar Volvos självkörande bilar,http://www.nsd.se/nyheter/kangurur-forvirrar-volvos-sjalvkorande-bilar-nm4585414.aspx,nsd.se,Swedish,0.0,gdelt_gkg
TSLA,2017-07-01,Kängurur förvirrar Volvos självkörande bilar,http://corren.se/nyheter/kangurur-forvirrar-volvos-sjalvkorande-bilar-om4723016.aspx,corren.se,Swedish,0.0,gdelt_gkg
TSLA,2017-07-01,Kängurur förvirrar Volvos självkörande bilar,http://www.barometern.se/tt-ekonomi/kangurur-forvirrar-volvos-sjalvkorande-bilar/,barometern.se,Swedish,0.0,gdelt_gkg
TSLA,2017-07-01,Kängurur förvirrar Volvos självkörande bilar,http://www.kristianstadsbladet.se/tt-ekonomi/kangurur-forvirrar-volvos-sjalvkorande-bilar/,kristianstadsbladet.se,Swedish,0.0,gdelt_gkg
TSLA,2017-07-01,Driverless cars face unique challenges on India ’ s chaotic roads,http://indianexpress.com/article/technology/tech-news-technology/driverless-cars-face-unique-challenges-on-indias-chaotic-roads-4730218/,indianexpress.com,English,0.0,gdelt_gkg
TSLA,2017-07-01,美国宇航局 ： 我们没在火星上建儿童奴隶殖民地,https://www.sohu.com/a/153467537_393028,sohu.com,Chinese,0.0,gdelt_gkg
TSLA,2017-07-01, 《 MIT科技評論 》：  不聰明故 窮,http://easy.sina.com.tw/news/article_newsid-2142097.html,easy.sina.com.tw,Chinese,0.0,gdelt_gkg
TSLA,2017-07-01,Internos de la cárcel divulgan la ciencia en la radio,http://www.lacronicabadajoz.com/noticias/badajoz/internos-carcel-divulgan-ciencia-radio_263472.html,lacronicabadajoz.com,Spanish,0.0,gdelt_gkg
TSLA,2017-07-01,Kängurur förvirrar Volvos självkörande bilar,http://www.di.se/nyheter/kangurur-forvirrar-volvos-sjalvkorande-bilar/,di.se,Swedish,0.0,gdelt_gkg
TSLA,2017-07-01,Kängurur förvirrar Volvos självkörande bilar,http://www.sydostran.se/tt-ekonomi/kangurur-forvirrar-volvos-sjalvkorande-bilar/,sydostran.se,Swedish,0.0,gdelt_gkg
TSLA,2017-07-01,Mercedes built an electric truck that could rival Tesla,http://www.businessinsider.in/Mercedes-built-an-electric-truck-that-could-rival-Tesla-heres-everything-you-need-to-know/articleshow/59401321.cms,businessinsider.in,English,0.0,gdelt_gkg
TSLA,2017-07-01,Tesla : Elon Musk promet des informations sur le  Model 3  dimanche,http://www.boursorama.com/actualites/tesla-elon-musk-promet-des-informations-sur-le-model-3-dimanche-db352d2e842b6021100b44d70cca0748,boursorama.com,French,0.0,gdelt_gkg
TSLA,2017-07-01,Tesla : Elon Musk promet des informations sur le  Model 3  dimanche,http://lexpansion.lexpress.fr/actualites/1/actualite-economique/tesla-elon-musk-promet-des-informations-sur-le-model-3-dimanche_1923363.html,lexpansion.lexpress.fr,French,0.0,gdelt_gkg
TSLA,2017-07-01,Apple Confirms Work on Self,http://www.cio-today.com/article/index.php?story_id=0010004CN9EI,cio-today.com,English,0.0,gdelt_gkg
TSLA,2017-07-01,Investitionen ins BMW,http://www.finanznachrichten.de/nachrichten-2017-07/41103057-investitionen-ins-bmw-werk-in-south-carolina-gott-segne-bmw-090.htm,finanznachrichten.de,German,0.0,gdelt_gkg
TSLA,2017-07-01,El Corte Inglés venderá los coches de Tesla,http://www.farodevigo.es/motor-noticias/2017/07/01/corte-ingles-vendera-coches-tesla/39294.html,farodevigo.es,Spanish,0.0,gdelt_gkg
TSLA,2017-07-01,价值投资火了 MSCI稀缺品不只有茅台 1类股悄然走强 -[ 中财网 ] ,http://www.cfi.net.cn/p20170701000304.html,cfi.net.cn,Chinese,0.0,gdelt_gkg
TSLA,2017-07-01,Demain la Suisse : Quarante,http://www.24heures.ch/suisse/demain-la-suisse/Quarantedeux-projets-durables-qui-font-avancer-la-societe-suisse/story/29775410,24heures.ch,French,0.0,gdelt_gkg
TSLA,2017-07-01,Lionel Messi heiratet seine Jugendliebe in Argentinien,https://www.morgenpost.de/vermischtes/stars-und-promis/article211094473/Lionel-Messi-heiratet-seine-Jugendliebe-in-Argentinien.html,morgenpost.de,German,0.0,gdelt_gkg
TSLA,2017-07-01,Beyond Bitcoin : How Blockchain Is Changing Banking,http://www.barrons.com/articles/beyond-bitcoin-how-blockchain-is-changing-banking-1498890463,barrons.com,English,0.0,gdelt_gkg
TSLA,2017-07-01,Tesla : Elon Musk promet des informations sur le  Model 3  dimanche,http://www.ouest-france.fr/economie/tesla-elon-musk-promet-des-informations-sur-le-model-3-dimanche-5103629,ouest-france.fr,French,0.0,gdelt_gkg
TSLA,2017-07-01,Demain la Suisse : Quarante,http://www.24heures.ch/suisse/demain-la-suisse/quarantedeux-projets-durables-avancer-societe-suisse/story/29775410,24heures.ch,French,0.0,gdelt_gkg
TSLA,2017-07-01,Meteorological Miracle : Pretty Nice 4,http://www.startribune.com/meteorological-miracle-pretty-nice-4-day-holiday-stretch-extended-sauna-in-long-range-outlook/431758113/,startribune.com,English,0.0,gdelt_gkg
TSLA,2017-07-01,东方不亮西方亮 ： 阿里 、 微博 、 京东上半年均飙升逾50 %_ 手机凤凰网,http://ifinance.ifeng.com/15502345/news.shtml,ifinance.ifeng.com,Chinese,0.0,gdelt_gkg
TSLA,2017-07-01,Apple Confirms Work on Self,http://www.cio-today.com/article/index.php?story_id=00100015QLNE,cio-today.com,English,0.0,gdelt_gkg
TSLA,2017-07-01,特斯拉遭合圍了嗎 ？ 動力電 市 迎來變局 ！- 科技新聞,http://news.sina.com.tw/article/20170701/22883776.html,news.sina.com.tw,Chinese,0.0,gdelt_gkg
TSLA,2017-07-01,马斯克 ： 本周日公布特斯拉Model 3发布日期,http://www.donews.com/news/detail/1/2958954.html,donews.com,Chinese,0.0,gdelt_gkg
TSLA,2017-07-01,Well Played : Tourism in Nevada Roaring Back,http://www.nevadabusiness.com/2017/07/well-played-tourism-in-nevada-roaring-back/,nevadabusiness.com,English,0.0,gdelt_gkg
TSLA,2017-07-01,GST Rates : Planning To Buy A Car ? Here How GST Will Affect Your Plans,https://auto.ndtv.com/news/gst-rates-planning-to-buy-a-car-heres-how-gst-will-affect-your-plans-1718997,auto.ndtv.com,English,0.0,gdelt_gkg
TSLA,2017-07-01,Kängurur förvirrar Volvos självkörande bilar,https://www.sn.se/nyheter-fran-tt/kangurur-forvirrar-volvos-sjalvkorande-bilar/,sn.se,Swedish,0.0,gdelt_gkg
TSLA,2017-07-01,Kängurur förvirrar Volvos självkörande bilar,http://www.sydostran.se/sverige-varlden/kangurur-forvirrar-volvos-sjalvkorande-bilar-2/,sydostran.se,Swedish,0.0,gdelt_gkg
TSLA,2017-07-01,"Amazon Echo Show : It Strategy , Not Screen , That Interesting",http://fortune.com/2017/06/30/amazon-echo-show/,fortune.com,English,0.0,gdelt_gkg
TSLA,2017-07-01,Office in Nevada : A Perspective Shift,http://www.nevadabusiness.com/2017/07/office-in-nevada-a-perspective-shift/,nevadabusiness.com,English,0.0,gdelt_gkg
TSLA,2017-07-01,Kängurur förvirrar Volvos självkörande bilar,http://unt.se/nyheter/kangurur-forvirrar-volvos-sjalvkorande-bilar-4693902.aspx,unt.se,Swedish,0.0,gdelt_gkg
TSLA,2017-07-01,芝 哥欲建機 快線 特斯拉老闆提大膽設想 ,http://www.epochtimes.com/b5/17/6/30/n9341684.htm,epochtimes.com,Chinese,0.0,gdelt_gkg
TSLA,2017-07-01,Kängurur förvirrar Volvos självkörande bilar,http://www.atl.nu/nyheter-fran-tt/kangurur-forvirrar-volvos-sjalvkorande-bilar/,atl.nu,Swedish,0.0,gdelt_gkg
TSLA,2017-07-01,El Corte Inglés venderá los coches de Tesla,http://www.laopiniondemalaga.es/motor-noticias/2017/07/01/corte-ingles-vendera-coches-tesla/39294.html,laopiniondemalaga.es,Spanish,0.0,gdelt_gkg
TSLA,2017-07-01,Union européenne : LEurope rend hommage  Helmut Kohl,http://www.tdg.ch/monde/europe-rend-hommage-helmut-kohl/story/28526998,tdg.ch,French,0.0,gdelt_gkg
TSLA,2017-07-01,Voitures électriques : Tesla s  apprête  livrer des informations sur le  Model 3  ,http://lexpansion.lexpress.fr/entreprises/voitures-electriques-tesla-s-apprete-a-livrer-des-informations-sur-le-model-3_1923360.html,lexpansion.lexpress.fr,French,0.0,gdelt_gkg
TSLA,2017-07-01,Apple Confirms Work on Self,http://www.toptechnews.com/article/index.php?story_id=0010003L9BKQ,toptechnews.com,English,0.0,gdelt_gkg
TSLA,2017-07-01,Kängurur förvirrar Volvos självkörande bilar,http://www.smp.se/tt-ekonomi/kangurur-forvirrar-volvos-sjalvkorande-bilar/,smp.se,Swedish,0.0,gdelt_gkg
TSLA,2017-07-01,完美收官 ， 7月我看好 ！—— hxp364125842 —— 东方财富网博客2015,http://blog.eastmoney.com/m5169094308917486/blog_663320933.html,blog.eastmoney.com,Chinese,0.0,gdelt_gkg
TSLA,2017-07-01,Tesla : Elon Musk promet des informations sur le  Model 3  dimanche,http://www.la-croix.com/Economie/Tesla-Elon-Musk-promet-informations-Model-3-dimanche-2017-07-01-1300859537,la-croix.com,French,0.0,gdelt_gkg
TSLA,2017-07-01,Kängurur förvirrar Volvos självkörande bilar,http://www.helagotland.se/ekonomi/kangurur-forvirrar-volvos-sjalvkorande-bilar-14101476.aspx,helagotland.se,Swedish,0.0,gdelt_gkg
TSLA,2017-07-01,Pierwszy tunel The Boring Company Elona Muska powstaje obok budynku SpaceX,http://www.komputerswiat.pl/nowosci/wydarzenia/2017/26/pierwszy-tunel-the-boring-company-elona-muska-powstaje-obok-budynku-spacex.aspx,komputerswiat.pl,Polish,0.0,gdelt_gkg
TSLA,2017-07-01,Kängurur förvirrar Volvos självkörande bilar,https://www.hd.se/2017-07-01/kangurur-forvirrar-volvos-sjalvkorande-bilar,hd.se,Swedish,0.0,gdelt_gkg
TSLA,2017-07-01,Faraday Future Conquered Pikes Peak Faster Than A Tesla Model S,http://www.carbuzz.com/news/2017/7/1/Faraday-Future-Conquered-Pikes-Peak-Faster-Than-A-Tesla-Model-S-7739882/,carbuzz.com,English,0.0,gdelt_gkg
TSLA,2017-07-01,Apple Inc . ( AAPL ) Must Contend With  Peak Smartphone  ,http://www.nasdaq.com/article/apple-inc-aapl-must-contend-with-peak-smartphone-cm810891,nasdaq.com,English,0.0,gdelt_gkg
TSLA,2017-07-01,It might be time for Tesla to get out of the car business ( TSLA ) ,http://www.newstimes.com/technology/businessinsider/article/It-might-be-time-for-Tesla-to-get-out-of-the-car-11261123.php,newstimes.com,English,0.0,gdelt_gkg
TSLA,2017-07-01,El Corte Inglés venderá los coches de Tesla,http://www.laopinioncoruna.es/motor-noticias/2017/07/01/corte-ingles-vendera-coches-tesla/39294.html,laopinioncoruna.es,Spanish,0.0,gdelt_gkg
TSLA,2017-07-01,It might be time for Tesla to get out of the car business ( TSLA ) ,http://www.stamfordadvocate.com/technology/businessinsider/article/It-might-be-time-for-Tesla-to-get-out-of-the-car-11261123.php,stamfordadvocate.com,English,0.0,gdelt_gkg
TSLA,2017-07-01,"Dream catchers : Immigrants make mark on U . S . economy , labor force",http://www.rgj.com/story/money/business/2017/07/01/immigrants-make-mark-us-economy-labor/443586001/,rgj.com,English,0.0,gdelt_gkg
TSLA,2017-07-01,It might be time for Tesla to get out of the car business ( TSLA ) ,http://www.thehour.com/technology/businessinsider/article/It-might-be-time-for-Tesla-to-get-out-of-the-car-11261123.php,thehour.com,English,0.0,gdelt_gkg
TSLA,2017-07-01,哪类个股七月有望大牛 _ 一和家家 _ 新浪博客,http://blog.sina.com.cn/s/blog_4a1740720102x5uo.html,blog.sina.com.cn,Chinese,0.0,gdelt_gkg
TSLA,2017-07-01,"Cellphone Stealing Bicyclist Hit By Car , Apologizes To God : SFist",http://sfist.com/2017/07/01/cellphone_stealing_bicyclist_hit_by.php,sfist.com,English,0.0,gdelt_gkg
TSLA,2017-07-01,Market News Call,http://www.marketnewscall.com/page/4010/,marketnewscall.com,English,0.0,gdelt_gkg
TSLA,2017-07-01,特朗普安抚科技行业高管 ： 放心 ， 会助 们一臂之力 _ TechWeb,http://www.techweb.com.cn/news/2017-06-24/2541678.shtml,techweb.com.cn,Chinese,0.0,gdelt_gkg
TSLA,2017-07-01,El Corte Inglés venderá los coches de Tesla,http://www.laprovincia.es/motor-noticias/2017/07/01/corte-ingles-vendera-coches-tesla/39294.html,laprovincia.es,Spanish,0.0,gdelt_gkg
TSLA,2017-07-01,It might be time for Tesla to get out of the car business ( TSLA ) ,http://www.ctpost.com/technology/businessinsider/article/It-might-be-time-for-Tesla-to-get-out-of-the-car-11261123.php,ctpost.com,English,0.0,gdelt_gkg
TSLA,2017-07-01,"Dream catchers : Immigrants make mark on U . S . economy , labor force",https://www.usatoday.com/story/money/business/2017/07/01/immigrants-make-mark-us-economy-labor/443586001/,usatoday.com,English,0.0,gdelt_gkg
TSLA,2017-07-01,It might be time for Tesla to get out of the car business,http://www.businessinsider.in/It-might-be-time-for-Tesla-to-get-out-of-the-car-business/articleshow/59403756.cms,businessinsider.in,English,0.0,gdelt_gkg
TSLA,2017-07-01,Tesla Elon Musk Speaks Up : NEWS About The All,http://www.autospies.com/news/Tesla-s-Elon-Musk-Speaks-Up-NEWS-About-The-All-new-Model-3-Coming-Tomorrow-What-Are-YOU-Expecting-93417/,autospies.com,English,0.0,gdelt_gkg
TSLA,2017-07-01, [ 친환경차 시장 주도하는 SUV ] 낭비의 아이콘에서 친환경차의 희망으로,http://news.joins.com/article/21719007,news.joins.com,Korean,0.0,gdelt_gkg
TSLA,2017-07-01,Modern Car Technologies That Arent So Modern,https://www.autoevolution.com/news/modern-car-technologies-that-aren-t-so-modern-100733.html,autoevolution.com,English,0.0,gdelt_gkg
TSLA,2017-07-01,Why a Value Investor Bought Shopify Stock,http://www.nasdaq.com/article/why-a-value-investor-bought-shopify-stock-cm810894,nasdaq.com,English,0.0,gdelt_gkg
TSLA,2017-07-01,Elon Musk publica detalles de su plan para colonizar Marte,http://www.msn.com/es-es/noticias/tecnologia/elon-musk-publica-detalles-de-su-plan-para-colonizar-marte/ar-BBDx1aB,msn.com,Spanish,0.0,gdelt_gkg
TSLA,2017-07-01,Sanhua Automotive celebra la apertura de un centro tecnológico,http://www.prnewswire.com/news-releases/sanhua-automotive-celebra-la-apertura-de-un-centro-tecnologico-631989443.html,prnewswire.com,Spanish,0.0,gdelt_gkg
TSLA,2017-07-01,Elon Musk car tunnel gets an elevator next week,https://www.recode.net/2017/7/1/15908484/elon-musk-boring-company-car-tunnel-elevator-dig-spacex,recode.net,English,0.0,gdelt_gkg
TSLA,2017-07-01,Why a Value Investor Bought Shopify Stock,https://www.fool.com/investing/2017/07/01/why-a-value-investor-bought-shopify-stock.aspx?source=iedfolrf0000001,fool.com,English,0.0,gdelt_gkg
TSLA,2017-07-01,  It Fake Fiscal News ,http://www.zerohedge.com/news/2017-07-01/its-fake-fiscal-news-jim-chanos-dashes-economic-pipe-dreams-fears-much-worse-come,zerohedge.com,English,0.0,gdelt_gkg
TSLA,2017-07-01,Apple Confirms Work on Self,http://sci-tech-today.com/story.xhtml?story_id=0010003R7NMI,sci-tech-today.com,English,0.0,gdelt_gkg
TSLA,2017-07-01,最坑人的个股诞生 ： 股民 ： 100万剩40万元 已 力气割肉,http://mp.3g.cnfol.com/pc/article/1033502,mp.3g.cnfol.com,Chinese,0.0,gdelt_gkg
TSLA,2017-07-01,Could Apple next big thing be a car ? ,http://www.thedailystar.net/business/could-apples-next-big-thing-be-car-1427116,thedailystar.net,English,0.0,gdelt_gkg
TSLA,2017-07-01,Bugatti Chiron i prędkość maksymalna . Czy to ma sens ? ,http://www.spidersweb.pl/2017/07/bugatti-chiron-predkosc-maksymalna.html,spidersweb.pl,Polish,0.0,gdelt_gkg
TSLA,2017-07-01,Could Apple´s next big thing be a car ? ,http://geo.tv/latest/147724-could-apples-next-big-thing-be-a-car,geo.tv,English,0.0,gdelt_gkg
TSLA,2017-07-01,Survey : Average Consumer Doesnt Even Know Charging Stations Exist,http://insideevs.com/survey-consumer-charging-stations/,insideevs.com,English,0.0,gdelt_gkg
TSLA,2017-07-01,Plug,http://insideevs.com/plug-in-vehicle-sales-in-europe-increased-by-50-in-may/,insideevs.com,English,0.0,gdelt_gkg
TSLA,2017-07-01,It might be time for Tesla to get out of the car business ( TSLA ) ,http://www.greenwichtime.com/technology/businessinsider/article/It-might-be-time-for-Tesla-to-get-out-of-the-car-11261123.php,greenwichtime.com,English,0.0,gdelt_gkg
TSLA,2017-07-01,Tesla Model 3 Month Is Here,https://www.environmentguru.com/pages/elements/element.aspx?id=5128180,environmentguru.com,English,0.0,gdelt_gkg
TSLA,2017-07-01,2017 Mid,http://www.valuewalk.com/2017/07/2017-mid-year-market-outlook-allianz-investment-management/,valuewalk.com,English,0.0,gdelt_gkg
TSLA,2017-07-01,Apple ARKit user puts a color changing Tesla Model 3 in his driveway before the car ’ s release,http://devang.com/?p=284812,devang.com,English,0.0,gdelt_gkg
TSLA,2017-07-01,Carscoops,http://www.carscoops.com/search?updated-max=2017-06-30T17:29:00-04:00&max-results=22,carscoops.com,English,0.0,gdelt_gkg
TSLA,2017-07-01,Learn the rules of being a finance nerd,http://www.dailytelegraph.com.au/moneysaverhq/get-rich-by-becoming-a-finance-nerd-heres-how-to-start/news-story/646b4d04dfdbd30c001ad51a9de17789?nk=705a75c5061a80126699ced6063584a0-1498948297,dailytelegraph.com.au,English,0.0,gdelt_gkg
TSLA,2017-07-01,The battle with disruptors,http://www.arabnews.com/node/1122861/motoring,arabnews.com,English,0.0,gdelt_gkg
TSLA,2017-07-01,Carson City taxable sales up 16 . 2 percent,http://www.nevadaappeal.com/news/business/carson-city-taxable-sales-up-16-2-percent/,nevadaappeal.com,English,0.0,gdelt_gkg
TSLA,2017-07-01,Learn the rules of being a finance nerd,http://www.heraldsun.com.au/moneysaverhq/get-rich-by-becoming-a-finance-nerd-heres-how-to-start/news-story/646b4d04dfdbd30c001ad51a9de17789?nk=8835236521e01a4f57bda30d333033db-1498948283,heraldsun.com.au,English,0.0,gdelt_gkg
TSLA,2017-07-01,Learn the rules of being a finance nerd,http://www.dailytelegraph.com.au/moneysaverhq/get-rich-by-becoming-a-finance-nerd-heres-how-to-start/news-story/646b4d04dfdbd30c001ad51a9de17789?nk=508a3a5f5b7dcae73c3432950a9777ac-1498946535,dailytelegraph.com.au,English,0.0,gdelt_gkg
TSLA,2017-07-01,Next,https://www.yahoo.com/news/next-gen-nissan-self-driving-101015815.html,yahoo.com,English,0.0,gdelt_gkg
TSLA,2017-07-01,Learn the rules of being a finance nerd,http://www.couriermail.com.au/moneysaverhq/get-rich-by-becoming-a-finance-nerd-heres-how-to-start/news-story/646b4d04dfdbd30c001ad51a9de17789?nk=682eb7c2367fc26ae982a664c46eb5ed-1498946508,couriermail.com.au,English,0.0,gdelt_gkg
TSLA,2017-07-01,7 / 1 The Financial Guys,http://www.wben.com/media/audio-channel/71-financial-guys,wben.com,English,0.0,gdelt_gkg
TSLA,2017-07-01,馬斯克比蝸牛還慢的鑽掘機 「 果陀 」 開挖洛杉磯啦 ！ ,https://cnews.com.tw/%E9%A6%AC%E6%96%AF%E5%85%8B%E6%AF%94%E8%9D%B8%E7%89%9B%E9%82%84%E6%85%A2%E7%9A%84%E9%91%BD%E6%8E%98%E6%A9%9F%E3%80%8C%E6%9E%9C%E9%99%80%E3%80%8D%E9%96%8B%E6%8C%96%E6%B4%9B%E6%9D%89%E7%A3%AF%E5%95%A6/,cnews.com.tw,Chinese,0.0,gdelt_gkg
TSLA,2017-07-01,bin noch üner gelb gefahren polizei behauptet bin ,http://forum.finanzen.net/forum/bin_noch_uener_gelb_gefahren_polizei_behauptet_bin-t548875,forum.finanzen.net,German,0.0,gdelt_gkg
TSLA,2017-07-01,Learn the rules of being a finance nerd,http://www.dailytelegraph.com.au/moneysaverhq/get-rich-by-becoming-a-finance-nerd-heres-how-to-start/news-story/646b4d04dfdbd30c001ad51a9de17789?nk=ec17f09b4e14e920cccdd7a52e17aced-1498945616,dailytelegraph.com.au,English,0.0,gdelt_gkg
TSLA,2017-07-01,بعد وفاتها .. أسرار جديدة في حياة أشهر طفلة يمنية اختطفها اليهود,http://www.aleqtisady.com/world/tw-1009560,aleqtisady.com,Arabic,0.0,gdelt_gkg
TSLA,2017-07-01,How to be a finance nerd,http://www.adelaidenow.com.au/moneysaverhq/get-rich-by-becoming-a-finance-nerd-heres-how-to-start/news-story/646b4d04dfdbd30c001ad51a9de17789?nk=df5519ceff018fa4d384357aaa5a2549-1498945658,adelaidenow.com.au,English,0.0,gdelt_gkg
TSLA,2017-07-01,Final Inspection Show,http://www.1057fmthefan.com/media/audio-channel/final-inspection-show-7,1057fmthefan.com,English,0.0,gdelt_gkg
TSLA,2017-07-01,Ford CEO Jim Hackett Wants Automaker to Make Up Its Mind Already,http://www.thetruthaboutcars.com/2017/07/just-make-decision-already-ford-ceo-wants-automaker-pick-pace/,thetruthaboutcars.com,English,0.0,gdelt_gkg
TSLA,2017-07-01,The cost to fund Elon Musk genius ideas,http://www.msn.com/en-us/money/companies/the-cost-to-fund-elon-musks-genius-ideas/ar-BBD4bCc,msn.com,English,0.0,gdelt_gkg
TSLA,2017-07-01,Robin Miller joins The Final Inspection,http://www.1057fmthefan.com/media/audio-channel/robin-miller-joins-final-inspection,1057fmthefan.com,English,0.0,gdelt_gkg
TSLA,2017-07-01,2 libros para entender lo oculto de las mentes y de la red,http://www.dineroenimagen.com/2017-07-01/88345,dineroenimagen.com,Spanish,0.0,gdelt_gkg
TSLA,2017-07-01,Learn the rules of being a finance nerd,http://www.heraldsun.com.au/moneysaverhq/get-rich-by-becoming-a-finance-nerd-heres-how-to-start/news-story/646b4d04dfdbd30c001ad51a9de17789?nk=ad4d9e30ab13233a6f78c9d0e3a7a29a-1498942019,heraldsun.com.au,English,0.0,gdelt_gkg
TSLA,2017-07-01,Electric Car Market Up 27 % In Europe,https://cleantechnica.com/2017/07/01/electric-car-market-27-europe/,cleantechnica.com,English,0.0,gdelt_gkg
TSLA,2017-07-01,Tesla Model 3 Month Is Here,https://cleantechnica.com/2017/07/01/tesla-model-3-month/,cleantechnica.com,English,0.0,gdelt_gkg
TSLA,2017-07-01,Learn the rules of being a finance nerd,http://www.dailytelegraph.com.au/moneysaverhq/get-rich-by-becoming-a-finance-nerd-heres-how-to-start/news-story/646b4d04dfdbd30c001ad51a9de17789?nk=6e0898df93d15d76987b43bf5514108e-1498942013,dailytelegraph.com.au,English,0.0,gdelt_gkg
TSLA,2017-07-01,"3 MLS Clubs That Could Use a Rebrand : Galaxy , Dynamo and Red Bulls",http://mlsmultiplex.com/2017/07/01/3-mls-clubs-use-rebrand-galaxy-dynamo-red-bulls/,mlsmultiplex.com,English,0.0,gdelt_gkg
TSLA,2017-07-01,New Tesla Model S & Model X Get Performance Boost : Up To 1 . 2 Seconds Off 0,http://insideevs.com/model-s-model-x-performance-bump/,insideevs.com,English,0.0,gdelt_gkg
TSLA,2017-07-01,Boring Company CEO Elon Musk Says Car Elevator For LA Tunnels Will Start Operating Next Week,http://www.ibtimes.com/boring-company-ceo-elon-musk-says-car-elevator-la-tunnels-will-start-operating-next-2560316,ibtimes.com,English,0.0,gdelt_gkg
TSLA,2017-07-01,A股上半年跌幅榜前100名单 ： 第一名暴跌67 %， 太惨烈 ！ ,http://mp.3g.cnfol.com/pc/article/1033501,mp.3g.cnfol.com,Chinese,0.0,gdelt_gkg
TSLA,2017-07-01,Why a Value Investor Bought Shopify Stock,http://www.foxbusiness.com/markets/2017/07/01/why-value-investor-bought-shopify-stock.html,foxbusiness.com,English,0.0,gdelt_gkg
TSLA,2017-07-01,New home under construction in Pensacola to showcase new tech,http://www.pnj.com/picture-gallery/news/2017/06/29/new-home-under-construction-in-pensacola-to-showcase-new-tech/103295988/,pnj.com,English,0.0,gdelt_gkg
TSLA,2017-07-01,Where Tesla Autopilot Truly Shines,https://cleantechnica.com/2017/07/01/tesla-autopilot-truly-shines/,cleantechnica.com,English,0.0,gdelt_gkg
TSLA,2017-07-01,Tesla Issues Statement On Establishment Of Manufacturing Facility In China,http://insideevs.com/tesla-statement-on-china-factory/,insideevs.com,English,0.0,gdelt_gkg
TSLA,2017-07-01,A Quick Guide For Upcoming Tesla Model 3 Owners,http://insideevs.com/quick-guide-tesla-model-3/,insideevs.com,English,0.0,gdelt_gkg
TSLA,2017-07-01,2018 Nissan LEAF Spotted In Japan,http://insideevs.com/2018-nissan-leaf-spotted-japan/,insideevs.com,English,0.0,gdelt_gkg
TSLA,2017-07-01,"СМЯХ ! Фенове ли сте на ПЕ СИЙСКИТЕ КИЛИМИ , защото те са МАНИАЦИ ( СНИМКИ ) ","http://kanal3.bg/news/lifestyle/lubopitno/56495-SMYaH!-Fenove-li-ste-na-PERSIYSKITE-KILIMI,-zashtoto-te-sa-MANIACI-(SNIMKI)",kanal3.bg,Bulgarian,0.0,gdelt_gkg
TSLA,2017-07-01,Sanhua Automotive célèbre le centre technologique,http://www.prnewswire.com/news-releases/sanhua-automotive-celebre-le-centre-technologique-631977893.html,prnewswire.com,French,0.0,gdelt_gkg
TSLA,2017-07-01,Survey : Average Consumer Doesnt Even Know Charging Stations Exist,http://insideevs.com/survey-average-consumer-unaware-charging-stations/,insideevs.com,English,0.0,gdelt_gkg
TSLA,2017-07-01,М ЕЖИТЕ се ПОДИГ АХА на Макрон,http://kanal3.bg/news/lifestyle/lubopitno/56501-MREDzITE-se-PODIGRAHA-na-Makron---VIDzTE-KAK--(SNIMKI),kanal3.bg,Bulgarian,0.0,gdelt_gkg
TSLA,2017-07-01,Valeo : Sanhua Automotive célèbre le centre technologique,http://www.4-traders.com/VALEO-27891158/news/Valeo-Sanhua-Automotive-celebre-le-centre-technologique-24687899/,4-traders.com,French,0.0,gdelt_gkg
TSLA,2017-07-01,Mercedes built an electric truck that could rival Tesla — here everything you need to know,http://www.ctpost.com/technology/businessinsider/article/Watch-out-Tesla-Mercedes-Benz-s-first-fully-9245354.php,ctpost.com,English,0.0,gdelt_gkg
TSLA,2017-07-01,Why oil will remain relevant in the future,http://peakoil.com/production/why-oil-will-remain-relevant-in-the-future,peakoil.com,English,0.0,gdelt_gkg
TSLA,2017-07-01,Is Tesla Really as Fearless as We All Thought ? ,http://www.nasdaq.com/article/is-tesla-really-as-fearless-as-we-all-thought-cm810874,nasdaq.com,English,0.0,gdelt_gkg
TSLA,2017-07-01,Mercedes built an electric truck that could rival Tesla — here everything you need to know,http://www.newstimes.com/technology/businessinsider/article/Watch-out-Tesla-Mercedes-Benz-s-first-fully-9245354.php,newstimes.com,English,0.0,gdelt_gkg
TSLA,2017-07-01,"Tesla Powerpack To Charge Up Europe Largest Community , Battery Project In Nottingham",http://insideevs.com/tesla-powerpack-to-charge-up-europes-largest-community-battery-project-in-nottingham/,insideevs.com,English,0.0,gdelt_gkg
TSLA,2017-07-01,"Electric BMW , Tesla insurance , new Leaf battery , better hybrid systems : The Week in Reverse",http://www.greencarreports.com/news/1111207_electric-bmw-tesla-insurance-new-leaf-battery-better-hybrid-systems-the-week-in-reverse,greencarreports.com,English,0.0,gdelt_gkg
TSLA,2017-07-01,Is Tesla Battery Business In Trouble ? ( TSLA ) ,http://wallstreetpit.com/113738-teslas-battery-business-trouble-tsla/,wallstreetpit.com,English,0.0,gdelt_gkg
TSLA,2017-07-01,太空旅游会成为现实吗 ？-- 科幻星系 -- 凤凰网博客,http://blog.ifeng.com/article/47301667.html,blog.ifeng.com,Chinese,0.0,gdelt_gkg
TSLA,2017-07-01,11 tech trends that will define 2017,https://www.businessinsider.com.au/tech-trends-that-will-define-2017-2016-12,businessinsider.com.au,English,0.0,gdelt_gkg
TSLA,2017-07-01,Is Tesla Really as Fearless as We All Thought ? ,https://www.fool.com/investing/2017/07/01/is-tesla-really-as-fearless-as-we-all-thought.aspx?source=iedfolrf0000001,fool.com,English,0.0,gdelt_gkg
TSLA,2017-07-01,5 Reasons NVIDIA Corporation Stock Could Fall,https://www.fool.com/investing/2017/07/01/5-reasons-nvidia-corporation-stock-could-fall.aspx?source=iedfolrf0000001,fool.com,English,0.0,gdelt_gkg
TSLA,2017-07-01,Mercedes built an electric truck that could rival Tesla — here everything you need to know,http://www.stamfordadvocate.com/technology/businessinsider/article/Watch-out-Tesla-Mercedes-Benz-s-first-fully-9245354.php,stamfordadvocate.com,English,0.0,gdelt_gkg
TSLA,2017-07-01,A股七月翻身行情指日可待 !—— 励志用最精湛的技术服务于更多的有缘人 ! 131439 —— 东方财富网博客2015,http://blog.eastmoney.com/honglei88/blog_664133257.html,blog.eastmoney.com,Chinese,0.0,gdelt_gkg
TSLA,2017-07-01,Voitures autonomes : une Apple Car verra,http://quebec.huffingtonpost.ca/2017/06/30/voitures-autonomes-une-apple-car-verra-t-elle-le-jour/,quebec.huffingtonpost.ca,French,0.0,gdelt_gkg
TSLA,2017-07-01,Inspirace pro Apple : Fisker ukázal svůj prototyp elektromobilu,https://smartmania.cz/inspirace-apple-fisker-ukazal-svuj-prototyp-elektromobilu/,smartmania.cz,Czech,0.0,gdelt_gkg
TSLA,2017-07-01,"If Marijuana Will Be Legal in Canada , Why Is Canopy Growth Corp . Expanding to Germany ? ",https://www.fool.ca/2017/07/01/if-marijuana-will-be-legal-in-canada-why-is-canopy-growth-corp-expanding-to-germany/,fool.ca,English,0.0,gdelt_gkg
TSLA,2017-07-01,"Could Apple next big thing be a car ?, Digital News",http://www.asiaone.com/digital/could-apples-next-big-thing-be-car,asiaone.com,English,0.0,gdelt_gkg
TSLA,2017-07-01,iPhone 8 Specs : Everything We Know So Far,http://www.valuewalk.com/2017/07/iphone-8-specs-2/,valuewalk.com,English,0.0,gdelt_gkg
TSLA,2017-07-01,Każda nowa Tesla Model S przyspieszy teraz do 100 km / h w mniej niż 5 sekund,http://www.spidersweb.pl/2017/07/tesla-model-s-2017-przyspieszenie.html,spidersweb.pl,Polish,0.0,gdelt_gkg
TSLA,2017-07-01,Tesla Returns to Sioux Falls in July,http://b1027.com/tesla-returns-to-sioux-falls-in-july/,b1027.com,English,0.0,gdelt_gkg
TSLA,2017-07-01,These cities in California ’ s East Bay are raking in venture capital,https://techcrunch.com/2017/07/01/these-east-bay-cities-are-raking-in-venture-capital/,techcrunch.com,English,0.0,gdelt_gkg
TSLA,2017-07-01,Mercedes electric truck could rival Tesla,http://www.businessinsider.com/mercedes-electric-truck-photos-2017-6,businessinsider.com,English,0.0,gdelt_gkg
TSLA,2017-07-01,5 Reasons NVIDIA Corporation Stock Could Fall,http://www.nasdaq.com/article/5-reasons-nvidia-corporation-stock-could-fall-cm810852,nasdaq.com,English,0.0,gdelt_gkg
TSLA,2017-07-01,Airbus,http://www.focus.de/finanzen/news/unternehmen/airbus-chef-tom-enders-warnt-wir-deutsche-muessen-aufpassen-dass-wir-trends-nicht-komplett-verschlafen_id_7278613.html,focus.de,German,0.0,gdelt_gkg
TSLA,2017-07-01,Милорад Додик : Геноцид над Србима у НДХ не сме бити заборављен,http://www.nspm.rs/hronika/milorad-dodik-genocid-nad-srbima-u-ndh-ne-sme-biti-zaboravljen.html,nspm.rs,Serbian,0.0,gdelt_gkg
TSLA,2017-07-01,Chris Lattner garde un pied dans le développement de Swift,http://www.macg.co/logiciels/2017/07/chris-lattner-garde-un-pied-dans-le-developpement-de-swift-98975,macg.co,French,0.0,gdelt_gkg
TSLA,2017-07-01,Canada Is Building a 7 Megawatt,https://singularityhub.com/2017/07/01/canada-is-building-a-7-megawatt-hour-compressed-air-energy-storage-plant/,singularityhub.com,English,0.0,gdelt_gkg
TSLA,2017-07-01,特斯拉國產炒作痕迹明顯 ， 馬斯克故伎重演誰會買單 ？- 財經新聞,http://news.sina.com.tw/article/20170702/22886732.html,news.sina.com.tw,Chinese,0.0,gdelt_gkg
TSLA,2017-07-01,Sanhua Automotive célèbre le centre technologique,http://www.lelezard.com/communique-14057612.html,lelezard.com,French,0.0,gdelt_gkg
TSLA,2017-07-01,This Week in Solar,https://www.fool.com/investing/2017/06/30/this-week-in-solar.aspx,fool.com,English,0.0,gdelt_gkg
TSLA,2017-07-01,Nissan Leaf 2018 All Set to Give Tesla Model 3 a Run for its Money,https://www.industryleadersmagazine.com/nissan-leaf-2018-set-give-tesla-model-3-run-money/,industryleadersmagazine.com,English,0.0,gdelt_gkg
TSLA,2017-07-01,Autos & Etc : 3008 se transforma em SUV,http://www.correio24horas.com.br/single-economia/noticia/autos-etc-3008-se-transforma-em-suv/?cHash=a88ed06fe559b2ec60cdfe3814858061,correio24horas.com.br,Portuguese,0.0,gdelt_gkg
TSLA,2017-07-01,Finance : It might be time for Tesla to get out of the car business ( TSLA ),http://www.pulse.ng/bi/finance/finance-it-might-be-time-for-tesla-to-get-out-of-the-car-business-tsla-id6929219.html,pulse.ng,English,0.0,gdelt_gkg
TSLA,2017-07-01,Marlette : Pensacola wins wild Florida news week,http://www.pnj.com/story/opinion/2017/07/01/marlette-pensacola-wins-wild-florida-news-week/103343456/,pnj.com,English,0.0,gdelt_gkg
TSLA,2017-07-01,Tesla Solar Roof Installations Behind Schedule ? ,http://insideevs.com/tesla-solar-roof-installations-behind-schedule/,insideevs.com,English,0.0,gdelt_gkg
TSLA,2017-07-01,Why oil will remain relevant in the future,http://peakoil.com/production/why-oil-will-remain-relevant-in-the-future/comment-page-1,peakoil.com,English,0.0,gdelt_gkg
TSLA,2017-07-01,Не тільки Анна Ярославна : Як нації за героїв минулого  воюють  ,https://zp.depo.ua/ukr/zp.depo.ua/ukr/zp/ne-tilki-anna-yaroslavna-yak-naciyi-za-geroyiv-minulogo-voyuyut-20170629597338,zp.depo.ua,Ukrainian,0.0,gdelt_gkg
TSLA,2017-07-01,Nissan teases next,https://www.slashgear.com/nissan-teases-next-gen-leaf-for-september-6-reveal-01490337/,slashgear.com,English,0.0,gdelt_gkg
TSLA,2017-07-01,Multimillion,https://www.theverge.com/2017/7/1/15906332/goodwood-festival-of-speed-classic-cars-ferrari-jaguar-aston-martin-racing,theverge.com,English,0.0,gdelt_gkg
TSLA,2017-07-01,It might be time for Tesla to get out of the car business,https://www.businessinsider.com.au/it-might-be-time-for-tesla-to-get-out-of-the-car-business-2017-6,businessinsider.com.au,English,0.0,gdelt_gkg
TSLA,2017-07-01,El reto superar los tres millones de coches ,https://cincodias.elpais.com/cincodias/2017/06/30/companias/1498833744_232635.html,cincodias.elpais.com,Spanish,0.0,gdelt_gkg
TSLA,2017-07-01,فندق متحرك يتيح لنزلائه السفر عبر 13 مدينة من دون مغادرة غرفتهم,http://www.almustaqbal.com/v4/Article.aspx?type=Misc&ArticleID=304578,almustaqbal.com,Arabic,0.0,gdelt_gkg
TSLA,2017-07-01,Expresso,http://expresso.sapo.pt/sociedade/2017-07-01-Luxo-funcional,expresso.sapo.pt,Portuguese,0.0,gdelt_gkg
TSLA,2017-07-01,近期热点题材梳理点评 规避纯题材 —— 老金实战直播间175809 —— 东方财富网博客2015,http://blog.eastmoney.com/m7236094447476038/blog_664148207.html,blog.eastmoney.com,Chinese,0.0,gdelt_gkg
TSLA,2017-07-01,What Will Elon Musk Announce On Sunday About Model 3 Production and Schedule,https://www.torquenews.com/1/what-will-elon-musk-announce-sunday-about-model-3-production-and-schedule,torquenews.com,English,0.0,gdelt_gkg
TSLA,2017-07-01,Alphabet Inc ( NASDAQ : GOOGL ): Waymo Hires Ex . Tesla Director of Hardware Engineering,http://www.4-traders.com/ALPHABET-24203373/news/Alphabet-Inc-NASDAQ-GOOGL-Waymo-Hires-Ex-Tesla-Director-of-Hardware-Engineering-24687912/,4-traders.com,English,0.0,gdelt_gkg
TSLA,2017-07-01,فندق متحرك يتيح لنزلائه السفر عبر 13 مدينة من دون مغادرة غرفتهم,http://almustaqbal.com/v4/Article.aspx?type=Misc&ArticleID=304578,almustaqbal.com,Arabic,0.0,gdelt_gkg
TSLA,2017-07-01,Brigada za Facebook terorizam / Novi list,http://novilist.hr/novilist_public/Komentari/Blogovi/Eto-ti-bloga-Darka-Pajica/Brigada-za-Facebook-terorizam,novilist.hr,Croatian,0.0,gdelt_gkg
TSLA,2017-07-01,Where Tesla Autopilot Truly Shines,https://www.environmentguru.com/pages/elements/element.aspx?id=5127954,environmentguru.com,English,0.0,gdelt_gkg
TSLA,2017-07-01,Finance : It might be time for Tesla to get out of the car business ( TSLA ),http://www.pulse.com.gh/bi/finance/finance-it-might-be-time-for-tesla-to-get-out-of-the-car-business-tsla-id6929219.html,pulse.com.gh,English,0.0,gdelt_gkg
TSLA,2017-07-01,It might be time for Tesla to get out of the car business,http://www.businessinsider.com/it-might-be-time-for-tesla-to-get-out-of-the-car-business-2017-6,businessinsider.com,English,0.0,gdelt_gkg
TSLA,2017-07-01,Is Tesla Really as Fearless as We All Thought ? ,http://www.foxbusiness.com/markets/2017/07/01/is-tesla-really-as-fearless-as-all-thought.html,foxbusiness.com,English,0.0,gdelt_gkg
TSLA,2017-09-01,Kommentaarid,http://www.auto24.ee/uudised/uudised.php?kom=40898,auto24.ee,Estonian,0.0,gdelt_gkg
TSLA,2017-09-01,سامسونج تبدأ اختبار سيارات ذاتية القيادة فى كاليفورنيا قريبا,http://www.alarab-news.com/technology/article961658,alarab-news.com,Arabic,0.0,gdelt_gkg
TSLA,2017-09-01,Potash Corporation of Saskatchewan Inc . ( USA ) Ex,https://www.fool.ca/2017/09/01/potash-corporation-of-saskatchewan-inc-s-ex-ceo-thinks-merger-with-agrium-inc-destroys-value/,fool.ca,English,0.0,gdelt_gkg
TSLA,2017-09-01,You dont need a mouse to play this game — just your mind,https://www.thestar.com/business/tech_news/2017/09/01/you-dont-need-a-mouse-to-play-this-game-just-your-mind.html,thestar.com,English,0.0,gdelt_gkg
TSLA,2017-09-01,Elon Musk Tesla Slapped With Official Complaint Over Worker Rights Violation,https://www.inc.com/business-insider/tesla-official-complaint-worker-conditions-freemont-factory-union-national-labor-relations-board-elon-musk.html,inc.com,English,0.0,gdelt_gkg
TSLA,2017-09-01,Mini Reveals Its Electric Concept – Insider Car News,http://www.insidercarnews.com/mini-reveals-its-electric-concept/,insidercarnews.com,English,0.0,gdelt_gkg
TSLA,2017-09-01,Cummins Beats Tesla To The Punch With EV Semi Concept – Insider Car News,http://www.insidercarnews.com/cummins-beats-tesla-to-the-punch-with-ev-semi-concept/,insidercarnews.com,English,0.0,gdelt_gkg
TSLA,2017-09-01,اليوم سامسونج تبدأ اختبار سيارات ذاتية القيادة فى كاليفورنيا قريبا,http://www.swxbt.com/%D8%A7%D9%84%D9%8A%D9%88%D9%85-%D8%B3%D8%A7%D9%85%D8%B3%D9%88%D9%86%D8%AC-%D8%AA%D8%A8%D8%AF%D8%A3-%D8%A7%D8%AE%D8%AA%D8%A8%D8%A7%D8%B1-%D8%B3%D9%8A%D8%A7%D8%B1%D8%A7%D8%AA-%D8%B0%D8%A7%D8%AA%D9%8A/,swxbt.com,Arabic,0.0,gdelt_gkg
TSLA,2017-09-01,Going Driverless The Challenges Facing the Acceptance of AVs,http://www.tirereview.com/going-driverless-challenges-facing-acceptance-avs/,tirereview.com,English,0.0,gdelt_gkg
TSLA,2017-09-01,Solar Industry Blasts Protectionism,http://dailycaller.com/2017/09/01/green-energy-coalition-compares-solar-tariff-supporters-to-obamas-solyndra/,dailycaller.com,English,0.0,gdelt_gkg
TSLA,2017-09-01,South Australia seeks proposals for renewable technology fund,http://www.windpowermonthly.com/article/1443485/south-australia-seeks-proposals-renewable-technology-fund,windpowermonthly.com,English,0.0,gdelt_gkg
TSLA,2017-09-01,Bitcoin,http://bonnerandpartners.com/bitcoin-another-tulip-mania/,bonnerandpartners.com,English,0.0,gdelt_gkg
TSLA,2017-09-01,Huge Potential Benefit from Cummins and Tesla Electric Trucks in Foreseeable Future,https://www.torquenews.com/4141/is-electric-semi-trucks-future-shipping,torquenews.com,English,0.0,gdelt_gkg
TSLA,2017-09-01,"Sept . 9 : Electric autos featured in ride , drive event",http://www.presspublications.com/20161-sept-9-electric-autos-featured-in-ride-drive-event,presspublications.com,English,0.0,gdelt_gkg
TSLA,2017-09-01,US labor board files complaint against Tesla over worker rights,http://newsok.com/us-labor-board-files-complaint-against-tesla-over-worker-rights/article/5562465,newsok.com,English,0.0,gdelt_gkg
TSLA,2017-09-01,Tesla Lucrative ZEV Credits May Not Be Sustainable,https://www.forbes.com/sites/greatspeculations/2017/09/01/teslas-lucrative-zev-credits-may-not-be-sustainable/,forbes.com,English,0.0,gdelt_gkg
TSLA,2017-09-01,"Havijer Solana o Evropi , Balkanu i Tesli",http://www.naslovi.net/2017-09-01/rtv/havijer-solana-o-evropi-balkanu-i-tesli/20409412,naslovi.net,Serbian,0.0,gdelt_gkg
TSLA,2017-09-01, 【 米其林娱乐城备用网址 】 注 册 送 钱 * >米 其 林 娱 乐 城 备 用 网 址 _【 点击进入 】* >,http://www.jyb.cn/zcg/xwy/wzxw/201709/t20170902_78312803.html,jyb.cn,Chinese,0.0,gdelt_gkg
TSLA,2017-09-01, 【 米其林娱乐城注册送彩金 】 注 册 送 钱 * >米 其 林 娱 乐 城 注 册 送 彩 金 _【 点击进入 】* >,http://www.jyb.cn/zcg/xwy/wzxw/201709/t20170902_78315060.html,jyb.cn,Chinese,0.0,gdelt_gkg
TSLA,2017-09-01,Tesla starts producing solar cells in Buffalo,http://www.plant.ca/general/tesla-solar-cells-buffalo-170465/,plant.ca,English,0.0,gdelt_gkg
TSLA,2017-09-01,Tesla and Vestas team up to combine batteries and wind turbines,http://gearsofbiz.com/tesla-and-vestas-team-up-to-combine-batteries-and-wind-turbines/39710,gearsofbiz.com,English,0.0,gdelt_gkg
TSLA,2017-09-01, 【 申博娱乐网 】 注 册 送 钱 * >申 博 娱 乐 网 _【 点击进入 】* >,http://www.jyb.cn/zcg/xwy/wzxw/201709/t20170902_7834139.html,jyb.cn,Chinese,0.0,gdelt_gkg
TSLA,2017-09-01,Is Jack Daniel maker Brown,http://www.marketwatch.com/story/is-jack-daniels-maker-brown-forman-skirting-sec-accounting-rules-2017-09-01,marketwatch.com,English,0.0,gdelt_gkg
TSLA,2017-09-01,"Labor complaint filed against Tesla wont hurt the stock , analyst says",http://www.marketwatch.com/story/labor-complaint-filed-against-tesla-wont-hurt-the-stock-analyst-says-2017-09-01,marketwatch.com,English,0.0,gdelt_gkg
TSLA,2017-09-01, 【 聚宝盆2娱乐城博彩投注平台 】 注 册 送 钱 * >聚 宝 盆 2 娱 乐 城 博 彩 投 注 平 台 _【 点击进入 】* >,http://www.jyb.cn/zcg/xwy/wzxw/201709/t20170902_78310995.html,jyb.cn,Chinese,0.0,gdelt_gkg
TSLA,2017-09-01, 【 华人博彩论坛首存款 】 注 册 送 钱 * >华 人 博 彩 论 坛 首 存 款 _【 点击进入 】* >,http://www.jyb.cn/zcg/xwy/wzxw/201709/t20170902_78321668.html,jyb.cn,Chinese,0.0,gdelt_gkg
TSLA,2017-09-01,Vestas working with Tesla on wind,https://renewablesnow.com/news/vestas-working-with-tesla-on-wind-plus-storage-solution-report-581938/,renewablesnow.com,English,0.0,gdelt_gkg
TSLA,2017-09-01,"Belarus to Compete With  Space Rocket  Tesla , Says President",https://www.inverse.com/article/36076-belarus-compete-tesla,inverse.com,English,0.0,gdelt_gkg
TSLA,2017-09-01,Tesla Discounts Are Piling Up,https://seekingalpha.com/article/4103674-tesla-discounts-piling,seekingalpha.com,English,0.0,gdelt_gkg
TSLA,2017-09-01,The prestige,https://www.dallasvoice.com/the-prestige-10241702.html,dallasvoice.com,English,0.0,gdelt_gkg
TSLA,2017-09-01,Weekly round,https://www.contracthireandleasing.com/car-leasing-news/weekly-round-up-010917/,contracthireandleasing.com,English,0.0,gdelt_gkg
TSLA,2017-09-01,Bigotry and Discrimination Persist at Tesla,https://www.prnewschannel.com/2017/09/01/bigotry-and-discrimination-persist-at-tesla-solarcity/,prnewschannel.com,English,0.0,gdelt_gkg
TSLA,2017-09-01,See Apple CEO Tim Cook yell  War Eagle  in new Auburn commercial,http://www.al.com/business/index.ssf/2017/09/apple_ceo_tim_cook_among_other.html,al.com,English,0.0,gdelt_gkg
TSLA,2017-09-01,賺不到錢也要拚 ！ 這群台商做出 MIT 衛星,https://technews.tw/2017/09/02/taiwanese-businessmen-mit-satellite/,technews.tw,Chinese,0.0,gdelt_gkg
TSLA,2017-09-01,"Tesla Model 3 na vzduchovém podvozku dorazí za půl roku , spolu s pohonem všech kol",http://autoroad.cz/zajimavosti/88257-tesla-model-3-na-vzduchovem-podvozku-dorazi-za-pul-roku-spolu-s-pohonem-vsech-kol/forum,autoroad.cz,Czech,0.0,gdelt_gkg
TSLA,2017-09-01,"Tesla Model 3 na vzduchovém podvozku dorazí za půl roku , spolu s pohonem všech kol",http://autoroad.cz/zajimavosti/88257-tesla-model-3-na-vzduchovem-podvozku-dorazi-za-pul-roku-spolu-s-pohonem-vsech-kol,autoroad.cz,Czech,0.0,gdelt_gkg
TSLA,2017-09-01,Tesla Cuts Price Of Model S And Model X On Improved Battery Packs,http://www.inquisitr.com/4471730/tesla-cuts-price-of-model-s-and-model-x-on-improved-battery-packs/,inquisitr.com,English,0.0,gdelt_gkg
TSLA,2017-09-01,3 Reasons General Electric Company ( GE ) Stock Is Worth a Shot,https://finance.yahoo.com/news/3-reasons-general-electric-company-204247438.html,finance.yahoo.com,English,0.0,gdelt_gkg
TSLA,2017-09-01,deadspin,http://gizmodo.com/?startTime=1504269000638,gizmodo.com,English,0.0,gdelt_gkg
TSLA,2017-09-01,El hombre que le enseña a las computadoras a oler,http://www.teletica.com/Noticias/171837-El-hombre-que-le-ensena-a-las-computadoras-a-oler.note.aspx,teletica.com,Spanish,0.0,gdelt_gkg
TSLA,2017-09-01,Vehicles & The Grid — Progressive Policies In California & New York,https://cleantechnica.com/2017/09/01/vehicles-grid-progressive-policies-california-new-york/,cleantechnica.com,English,0.0,gdelt_gkg
TSLA,2017-09-01,UNCONVENTIONAL : Elon Musk brilliant email rule revealed,https://www.themorningbulletin.com.au/news/unconventional-elon-musks-brilliant-email-rule-rev/3218618/,themorningbulletin.com.au,English,0.0,gdelt_gkg
TSLA,2017-09-01,Guelph researcher tracking ticks with pets,https://www.guelphmercury.com/news-story/7530539-guelph-researcher-tracking-ticks-with-pets/,guelphmercury.com,English,0.0,gdelt_gkg
TSLA,2017-09-01,  Killer Robot Can Make War Less Awful,https://www.wsj.com/articles/killer-robots-can-make-war-less-awful-1504284282,wsj.com,English,0.0,gdelt_gkg
TSLA,2017-09-01,News Highlights,http://www.4-traders.com/news/News-Highlights-Top-Company-News-of-the-Day--25049213/,4-traders.com,English,0.0,gdelt_gkg
TSLA,2017-09-01,Us Labor Day,https://wn.com/US_Labor_Day,wn.com,English,0.0,gdelt_gkg
TSLA,2017-09-01,Add new comment,https://www.torquenews.com/comment/reply/30880,torquenews.com,English,0.0,gdelt_gkg
TSLA,2017-09-01,Federal judge says delay of Obama,http://midwestenergynews.com/digests/federal-judge-says-delay-of-obama-era-coal-rule-was-illegal/,midwestenergynews.com,English,0.0,gdelt_gkg
TSLA,2017-09-01,deadspin,http://gizmodo.com/?startTime=1504266755644,gizmodo.com,English,0.0,gdelt_gkg
TSLA,2017-09-01,"UPS / FedEx resume delivery in Texas , T",https://www.yahoo.com/news/upsfedex-resume-delivery-texas-t-mobile-announces-special-event-lululemon-shares-climb-tesla-gets-sued-150208647.html,yahoo.com,English,0.0,gdelt_gkg
TSLA,2017-09-01,Renault,http://www.engineering.com/AdvancedManufacturing/ArticleID/15576/Renault-Nissan-Alliance-and-Dongfeng-Partner-on-Electric-Vehicles-for-China.aspx,engineering.com,English,0.0,gdelt_gkg
TSLA,2017-09-01,deadspin,http://gizmodo.com/?startTime=1504260000749,gizmodo.com,English,0.0,gdelt_gkg
TSLA,2017-09-01,Tesla Model 3 vs Gasmobiles ... Tesla Model 3 vs Electrics ... Tesla Wins Michigan Battle ( Top 30 CleanTechnica Stories of the Month ) ,https://cleantechnica.com/2017/09/01/tesla-model-3-vs-gasmobiles-tesla-model-3-vs-electrics-tesla-wins-michigan-battle-top-30-cleantechnica-stories-month/,cleantechnica.com,English,0.0,gdelt_gkg
TSLA,2017-09-01,Weekly round,http://www.contracthireandleasing.com/car-leasing-news/weekly-round-up-010917/,contracthireandleasing.com,English,0.0,gdelt_gkg
TSLA,2017-09-01,سامسونج تبدأ اختبار سيارات ذاتية القيادة فى كاليفورنيا قريبا,http://24.com.eg/tech/3128357.html,24.com.eg,Arabic,0.0,gdelt_gkg
TSLA,2017-09-01,Der Porsche Panamera 4 E,http://www.sueddeutsche.de/auto/plug-in-hybrid-im-test-der-panamera-e-hybrid-ist-die-teuerste-art-sprit-zu-sparen-1.3645388,sueddeutsche.de,German,0.0,gdelt_gkg
TSLA,2017-09-01,"Ford U . S . auto sales dip 2 . 1 percent , while GM are up 7 . 5",https://www.yahoo.com/news/ford-apos-u-auto-sales-161500576.html,yahoo.com,English,0.0,gdelt_gkg
TSLA,2017-09-01,Байнет шутит : батькамобиль и другие белорусские электрокары,http://naviny.by/article/20170901/1504280527-baynet-shutit-batkamobil-i-drugie-belorusskie-elektrokary,naviny.by,Russian,0.0,gdelt_gkg
TSLA,2017-09-01,"Хавијер Солана о Европи , Балкану и Тесли",http://www.rtv.rs/sr_ci/politika/havijer-solana-o-evropi-balkanu-i-tesli_851691.html,rtv.rs,Serbian,0.0,gdelt_gkg
TSLA,2017-09-01,Judge tosses most serious charges in Penn State frat death ; 14 to stand trial,http://www.newsnow.in/news/judge-tosses-most-serious-charges-in-penn-state-frat-death-14-to-stand-trial-chicago-tribune,newsnow.in,English,0.0,gdelt_gkg
TSLA,2017-09-01,Philips India to extend healthcare services through PPP model,http://www.business-standard.com/article/news-ani/philips-india-to-extend-healthcare-services-through-ppp-model-117090101211_1.html,business-standard.com,English,0.0,gdelt_gkg
TSLA,2017-09-01,特斯拉黃金供應鏈 ， 發現 10 倍飆速小巨人,https://technews.tw/2017/09/02/tesla-supply-chain-stocks/,technews.tw,Chinese,0.0,gdelt_gkg
TSLA,2017-09-01,Immigration : mise en garde de dirigeants dentreprise  Trump,http://www.journaldunet.com/economie/actualite/depeche/afp/24/1748681/immigration-mise-en-garde-de-dirigeants-d-entreprise-a-trump.shtml,journaldunet.com,French,0.0,gdelt_gkg
TSLA,2017-09-01,Why smart cities are crucial for autonomous cars,https://www.networkworld.com/article/3221353/internet-of-things/why-smart-cities-are-crucial-for-autonomous-cars.html,networkworld.com,English,0.0,gdelt_gkg
TSLA,2017-09-01,Move In Ready Tiny House in a LEGAL Community For Sale near Colorado Springs ! ,http://tinyhousetalk.com/move-in-ready-tiny-house-in-a-legal-community-for-sale-near-colorado-springs/,tinyhousetalk.com,English,0.0,gdelt_gkg
TSLA,2017-09-01,How does hyperloop work ? Everything you need to know about magnetic levitation,http://www.alphr.com/technology/1006815/how-hyperloop-works-launch-magnetic-levitation,alphr.com,English,0.0,gdelt_gkg
TSLA,2017-09-01,"Tesla , Inc .: Demand Is  Strong  for Solar Tiles",https://www.fool.com/investing/2017/09/01/tesla-inc-demand-is-strong-for-solar-tiles.aspx,fool.com,English,0.0,gdelt_gkg
TSLA,2017-09-01,USA : plainte de linspection du travail contre Tesla,http://www.journaldunet.com/economie/actualite/depeche/afp/24/1748673/usa-plainte-de-l-inspection-du-travail-contre-tesla.shtml,journaldunet.com,French,0.0,gdelt_gkg
TSLA,2017-09-01,Aftab Shivdasani marries Nin while holidaying in Sri Lanka,http://wobko.net/2017/09/01/aftab-shivdasani-marries-nin-while-holidaying-in-sri-lanka.html,wobko.net,English,0.0,gdelt_gkg
TSLA,2017-09-01,News Highlights,http://www.4-traders.com/news/News-Highlights-Top-Company-News-of-the-Day--25045450/,4-traders.com,English,0.0,gdelt_gkg
TSLA,2017-09-01,Ahora podrás ver y publicar Stories de Instagram desde web,https://www.launion.com.mx/blogs/tecnologia/noticias/112414-ahora-podras-ver-y-publicar-stories-de-instagram-desde-web.html,launion.com.mx,Spanish,0.0,gdelt_gkg
TSLA,2017-09-01,Girls in Tech founder embraces challenging mission,https://phys.org/news/2017-09-girls-tech-founder-embraces-mission.html,phys.org,English,0.0,gdelt_gkg
TSLA,2017-09-01,Bude se na londýnské burze obchodovat s lithiem ? ,http://www.kurzy.cz/zpravy/430965-bude-se-na-londynske-burze-obchodovat-s-lithiem/,kurzy.cz,Czech,0.0,gdelt_gkg
TSLA,2017-09-01,Aplicaciones móviles para la supervivencia urbana,https://www.launion.com.mx/blogs/tecnologia/noticias/112399-aplicaciones-moviles-para-la-supervivencia-urbana.html,launion.com.mx,Spanish,0.0,gdelt_gkg
TSLA,2017-09-01,The Balkans between competing poles,http://m.gulfnews.com/opinion/thinkers/the-balkans-between-competing-poles-1.2083529,m.gulfnews.com,English,0.0,gdelt_gkg
TSLA,2017-09-01,美国劳工委员会起诉特斯拉 指控其保密协议侵犯员工权利 _ 业界新闻 _ 元器件交易网,http://news.cecb2b.com/info/20170901/3595031.shtml,news.cecb2b.com,Chinese,0.0,gdelt_gkg
TSLA,2017-09-01,Apple presentará el nuevo iPhone 8 a mediados de septiembre,https://www.launion.com.mx/blogs/tecnologia/noticias/112408-apple-presentara-el-nuevo-iphone-8-a-mediados-de-septiembre.html,launion.com.mx,Spanish,0.0,gdelt_gkg
TSLA,2017-09-01,"Today In Tesla : Unfair Labor Alleged , Hyperloop Speed Record",http://www.rttnews.com/2810865/today-in-tesla-unfair-labor-alleged-hyperloop-speed-record.aspx,rttnews.com,English,0.0,gdelt_gkg
TSLA,2017-09-01,SanDisk lanzará la tarjeta microSD más grande del mundo,https://www.launion.com.mx/blogs/tecnologia/noticias/112413-sandisk-lanzara-la-tarjeta-microsd-mas-grande-del-mundo.html,launion.com.mx,Spanish,0.0,gdelt_gkg
TSLA,2017-09-01,California DMV allows Samsung to test autonomous cars on state roads,https://www.techspot.com/news/70818-california-dmv-allows-samsung-test-autonomous-cars-state.html,techspot.com,English,0.0,gdelt_gkg
TSLA,2017-09-01, ¿ Quién tiene más patentes relacionadas con los coches autónomos ? ,http://www.elexpres.com/2015/nota.php?story_id=147236,elexpres.com,Spanish,0.0,gdelt_gkg
TSLA,2017-09-01,Exame Informática,http://exameinformatica.sapo.pt/lifestyle/carros/2017-09-01-Conducao-autonoma-quem-lidera-a-corrida-das-patentes-,exameinformatica.sapo.pt,Portuguese,0.0,gdelt_gkg
TSLA,2017-09-01,Dawn Kawamoto,https://www.informationweek.com/author-bio.asp?author_id=2382,informationweek.com,English,0.0,gdelt_gkg
TSLA,2017-09-01,Carscoops,http://www.carscoops.com/search?updated-max=2017-08-31T17:59:00-04:00&max-results=22,carscoops.com,English,0.0,gdelt_gkg
TSLA,2017-09-01,Havijer Solana o ex,http://www.b92.net/info/vesti/index.php?yyyy=2017&mm=09&dd=01&nav_category=1262&nav_id=1299284,b92.net,Serbian,0.0,gdelt_gkg
TSLA,2017-09-01,Going Against The Ideal Of American Independence : Teaching Your Kids To Depend On Others,http://www.chicagonow.com/raising-teens-right/2017/08/going-against-the-ideal-of-american-independence-teaching-your-kids-to-depend-on-others/,chicagonow.com,English,0.0,gdelt_gkg
TSLA,2017-09-01,Выпуск новостей за 16 : 00 : Депортация российского генерала . Запуск ракет КНД ,http://24tv.ua/ru/ru/vypusk_novostej_za_1600_deportacija_rossijskogo_generala_zapusk_raket_kndr_n859474,24tv.ua,Russian,0.0,gdelt_gkg
TSLA,2017-09-01,Tesla kiusab oma töötajaid ? ,http://arileht.delfi.ee/news/uudised/tesla-kiusab-oma-tootajaid?id=79380802,arileht.delfi.ee,Estonian,0.0,gdelt_gkg
TSLA,2017-09-01,"Say Hello To The Alcraft GT , A British EV Shooting Brake With Supercar Performance",http://www.carscoops.com/2017/09/say-hello-to-alcraft-gt-british-ev.html,carscoops.com,English,0.0,gdelt_gkg
TSLA,2017-09-01,Tesla tem uma nova loja em Lisboa . ,https://www.razaoautomovel.com/2017/09/tesla-tem-nova-loja-lisboa,razaoautomovel.com,Portuguese,0.0,gdelt_gkg
TSLA,2017-09-01,"Sony presenta la RX0 , la cámara de acción más potente del mercado",https://www.launion.com.mx/blogs/tecnologia/noticias/112411-sony-presenta-la-rx0-la-camara-de-accion-mas-potente-del-mercado.html,launion.com.mx,Spanish,0.0,gdelt_gkg
TSLA,2017-09-01, 【 太阳城网站 】 注 册 送 钱 * >太 阳 城 网 站 _【 点击进入 】* >,http://www.jyb.cn/zcg/xwy/wzxw/201709/t20170902_7837872.html,jyb.cn,Chinese,0.0,gdelt_gkg
TSLA,2017-09-01,Havijer Solana o ex,http://www.b92.net/info/komentari.php?nav_id=1299284,b92.net,Serbian,0.0,gdelt_gkg
TSLA,2017-09-01,World most powerful X,http://home.cern/about/updates/2017/09/worlds-most-powerful-x-ray-source-starts,home.cern,English,0.0,gdelt_gkg
TSLA,2017-09-01,Samsung okay to test self,http://aaj.tv/2017/09/samsung-okay-to-test-self-driving-cars-in-california/,aaj.tv,English,0.0,gdelt_gkg
TSLA,2017-09-01,Elon Musk promises Tesla Model 3 air suspension in  six months or so  ,https://www.cnet.com/roadshow/news/elon-musk-promises-tesla-model-3-air-suspension-in-six-months-or-so/,cnet.com,English,0.0,gdelt_gkg
TSLA,2017-09-01, 【 回力娱乐城提款 】 注 册 送 钱 * >回 力 娱 乐 城 提 款 _【 点击进入 】* >,http://www.jyb.cn/zcg/xwy/wzxw/201709/t20170902_78320878.html,jyb.cn,Chinese,0.0,gdelt_gkg
TSLA,2017-09-01, 【 伟易博娱乐城打不开 】 注 册 送 钱 * >伟 易 博 娱 乐 城 打 不 开 _【 点击进入 】* >,http://www.jyb.cn/zcg/xwy/wzxw/201709/t20170902_7839139.html,jyb.cn,Chinese,0.0,gdelt_gkg
TSLA,2017-09-01, 【 淘金盈线上娱乐 】 注 册 送 钱 * >淘 金 盈 线 上 娱 乐 _【 点击进入 】* >,http://www.jyb.cn/zcg/xwy/wzxw/201709/t20170902_783294.html,jyb.cn,Chinese,0.0,gdelt_gkg
TSLA,2017-09-01, 【 E乐博娱乐城篮球 】 注 册 送 钱 * >E 乐 博 娱 乐 城 篮 球 _【 点击进入 】* >,http://www.jyb.cn/zcg/xwy/wzxw/201709/t20170902_7835533.html,jyb.cn,Chinese,0.0,gdelt_gkg
TSLA,2017-09-01,Solana pozvao Evropu da ne izneveri Teslu ,http://www.novosti.rs/vesti/planeta.300.html:683730-Solana-pozvao-Evropu-da-ne-izneveri-Teslu,novosti.rs,Serbian,0.0,gdelt_gkg
TSLA,2017-09-01,Samsung se lance sur le marché des voitures autonomes,http://www.phonandroid.com/samsung-lance-marche-voitures-autonomes.html,phonandroid.com,French,0.0,gdelt_gkg
TSLA,2017-09-01,deadspin,http://jalopnik.com/a-cadillac-ct6-with-semi-autonomous-super-cruise-sets-y-1798704082,jalopnik.com,English,0.0,gdelt_gkg
TSLA,2017-09-01,Samsung Gains Approval To Test Self,https://hothardware.com/news/samsung-gains-approval-test-self-driving-cars-california,hothardware.com,English,0.0,gdelt_gkg
TSLA,2017-09-01,JU ZZZ RS,http://www.glassrpske.com/drustvo/konkursi_zzzrs/JU-ZZZ-RS-Filijala-Banjaluka-Oglasava-slobodna-radna-mjesta-na-dan-30-08-2017/244715.html,glassrpske.com,Serbian,0.0,gdelt_gkg
TSLA,2017-09-01,JU ZZZ RS,http://www.glassrpske.com/drustvo/konkursi_zzzrs/JU-ZZZ-RS-Filijala-Doboj-Oglasava-slobodna-radna-mjesta-na-dan-30-08-2017/244712.html,glassrpske.com,Serbian,0.0,gdelt_gkg
TSLA,2017-09-01,deadspin,http://jalopnik.com/inside-chinese-automaker-geelys-plan-to-save-lotus-1798696123,jalopnik.com,English,0.0,gdelt_gkg
TSLA,2017-09-01,"Áno pre islam , nie pre extrémizmus",https://jakubsimek.blog.sme.sk/c/463239/ano-pre-islam-nie-pre-extremizmus.html,jakubsimek.blog.sme.sk,Slovak,0.0,gdelt_gkg
TSLA,2017-09-01,"The electric car goes mainstream with zippy , fun to drive Chevy Bolt ",https://www.dallasnews.com/business/autos/2017/09/01/electric-car-goes-mainstream-zippy-fun-drive-chevy-bolt,dallasnews.com,English,0.0,gdelt_gkg
TSLA,2017-09-01,Union County releasing history trading cards for kids,http://www.mycentraljersey.com/story/life/2017/09/01/union-county-history-trading-cards/586643001/,mycentraljersey.com,English,0.0,gdelt_gkg
TSLA,2017-09-01,Tesla to Install World ’ s Largest Lithium,http://www.4evriders.org/2017/09/tesla-to-install-worlds-largest-lithium-ion-battery/,4evriders.org,English,0.0,gdelt_gkg
TSLA,2017-09-01,Cumbria Green Build Festival opens for booking,http://www.cumbriacrack.com/2017/09/01/cumbria-green-build-festival-opens-booking/,cumbriacrack.com,English,0.0,gdelt_gkg
TSLA,2017-09-01,Looks Like Tesla Suits Dont Want a Workers Union,https://www.thestreet.com/story/14291707/1/tesla-charged-with-employee-rights-violations-by-national-labor-relations-board.html,thestreet.com,English,0.0,gdelt_gkg
TSLA,2017-09-01,2017 September,http://www.4evriders.org/2017/09/,4evriders.org,English,0.0,gdelt_gkg
TSLA,2017-09-01,"Today In Tesla : Unfair Labor Alleged , Hyperloop Speed Record",http://www.rttnews.com/story.aspx?Id=2810865,rttnews.com,English,0.0,gdelt_gkg
TSLA,2017-09-01,"Existuje i více ojetá Tesla Model S . Tato najela 483 tisíc km , problémů bylo víc",http://www.autoforum.cz/zajimavosti/existuje-i-vice-ojeta-tesla-model-s-tato-najela-483-tisic-km-problemu-bylo-vic/,autoforum.cz,Czech,0.0,gdelt_gkg
TSLA,2017-09-01,Plainte de linspection du travail américaine contre Tesla,http://www.7sur7.be/7s7/fr/1536/Economie/article/detail/3248483/2017/09/01/Plainte-de-l-inspection-du-travail-americaine-contre-Tesla.dhtml,7sur7.be,French,0.0,gdelt_gkg
TSLA,2017-09-01,Evropa da ne izneveri Teslu,http://www.naslovi.net/2017-09-01/alo/evropa-da-ne-izneveri-teslu/20409166,naslovi.net,Serbian,0.0,gdelt_gkg
TSLA,2017-09-01,Junk bonds face wave of supply just as investors turn sour,http://www.investmentnews.com/article/20170901/FREE/170909995/junk-bonds-face-wave-of-supply-just-as-investors-turn-sour,investmentnews.com,English,0.0,gdelt_gkg
TSLA,2017-09-01,TANJUG,http://tanjug.rs/full-view.aspx?izb=353582,tanjug.rs,Serbian,0.0,gdelt_gkg
TSLA,2017-09-01,Les valeurs  suivre  Wall Street,http://www.usinenouvelle.com/article/les-valeurs-a-suivre-a-wall-street.N581873,usinenouvelle.com,French,0.0,gdelt_gkg
TSLA,2017-09-01,Tesla Inc being investigated by National Labor Relations Board for allegedly intimidating and harassing union organisers,http://www.proactiveinvestors.com/companies/news/183318/tesla-being-investigated-by-national-labor-relations-board-for-allegedly-intimidating-and-harassing-union-organisers-183318.html,proactiveinvestors.com,English,0.0,gdelt_gkg
TSLA,2017-09-01,Así es el camión eléctrico de Cummins,http://parabrisas.perfil.com/2017/09/01/asi-es-el-camion-electrico-de-cummins/,parabrisas.perfil.com,Spanish,0.0,gdelt_gkg
TSLA,2017-09-01,"Tesla , Inc .: Demand Is  Strong  for Solar Tiles ",http://host.madison.com/business/investment/markets-and-stocks/tesla-inc-demand-is-strong-for-solar-tiles/article_0a8130e0-ca0e-561a-ad9b-3344f863b4fe.html,host.madison.com,English,0.0,gdelt_gkg
TSLA,2017-09-01, 【 蓝盾国际娱乐城 】 注 册 送 钱 * >蓝 盾 国 际 娱 乐 城 _【 点击进入 】* >,http://www.jyb.cn/zcg/xwy/wzxw/201709/t20170902_78344.html,jyb.cn,Chinese,0.0,gdelt_gkg
TSLA,2017-09-01,Arsenal target Thomas Lemar speaks out on future after two France goals,http://techkenyot.com/2017/09/01/arsenal-target-thomas-lemar-speaks-out-on-future-after-two/,techkenyot.com,English,0.0,gdelt_gkg
TSLA,2017-09-01,Big Four banks reject Adani dirty mine but governments fund it anyway,"https://independentaustralia.net/environment/environment-display/big-four-banks-reject-adanis-dirty-mine-but-governments-fund-it-anyway,10676",independentaustralia.net,English,0.0,gdelt_gkg
TSLA,2017-09-01,Havijer Solana o ex,http://www.glassrpske.com/novosti/vijesti_dana/Havijer-Solana-o-ex-Yu-Evropa-da-ne-iznevjeri-Teslu/lat/244725.html,glassrpske.com,Bosnian,0.0,gdelt_gkg
TSLA,2017-09-01,USA / automobile : marché en baisse mais petit rebond en août,http://www.lepoint.fr/automobile/actualites/usa-automobile-marche-en-baisse-mais-petit-rebond-en-aout-01-09-2017-2153970_683.php,lepoint.fr,French,0.0,gdelt_gkg
TSLA,2017-09-01,MÄRKTE united states / Moderate Kaufneigung nach schwachen Jobdaten,http://www.finanznachrichten.de/nachrichten-2017-09/41619635-maerkte-usa-moderate-kaufneigung-nach-schwachen-jobdaten-015.htm,finanznachrichten.de,German,0.0,gdelt_gkg
TSLA,2017-09-01,Ni la ciencia es capaz de explicar estos enigmas del mundo,https://www.taringa.net/posts/ciencia-educacion/20002332/Ni-la-ciencia-es-capaz-de-explicar-estos-enigmas-del-mundo.html,taringa.net,Spanish,0.0,gdelt_gkg
TSLA,2017-09-01,The JP Morgan Chase & Co ( JPM ) Shares Bought by Washington Trust Bank,http://techkenyot.com/2017/09/01/the-jp-morgan-chase-co-jpm-shares-bought-by-washington/,techkenyot.com,English,0.0,gdelt_gkg
TSLA,2017-09-01,"Geek of the Week : With ambitious head start , Zane Young heads to WSU to learn more about robotics – GeekWire",https://www.geekwire.com/2017/zane-young/,geekwire.com,English,0.0,gdelt_gkg
TSLA,2017-09-01,Tech CEOs sign letter urging Trump to keep immigrant protections,https://www.engadget.com/2017/09/01/tech-ceos-sign-letter-urging-trump-keep-daca/,engadget.com,English,0.0,gdelt_gkg
TSLA,2017-09-01,Tesla Hit with Labor Board Complaint Over Worker Rights,http://www.nasdaq.com/article/tesla-hit-with-labor-board-complaint-over-workers-rights-cm840487,nasdaq.com,English,0.0,gdelt_gkg
TSLA,2017-09-01,Vestas Joins With Tesla to Combine Wind Turbines With Batteries,http://www.renewableenergyworld.com/articles/2017/09/vestas-joins-with-tesla-to-combine-wind-turbines-with-batteries.html,renewableenergyworld.com,English,0.0,gdelt_gkg
TSLA,2017-09-01,Tesla Is Providing Batteries for the World Largest Producer of Wind Turbines,http://newburghgazette.com/2017/09/01/tesla-is-providing-batteries-for-the-worlds-largest/,newburghgazette.com,English,0.0,gdelt_gkg
TSLA,2017-09-01,Tesla Is Providing Batteries for the World Largest Producer of Wind Turbines,https://futurism.com/tesla-is-providing-batteries-for-the-worlds-largest-producer-of-wind-turbines/,futurism.com,English,0.0,gdelt_gkg
TSLA,2017-09-01,Samsung can now test its self,http://dunyanews.tv/en/Technology/403828-Samsung-can-now-test-its-selfdriving-cars-in-Cali,dunyanews.tv,English,0.0,gdelt_gkg
TSLA,2017-09-01,Positivas perspectivas mantendrá precio de litio a nivel internacional,http://lapatriaenlinea.com/?nota=297698,lapatriaenlinea.com,Spanish,0.0,gdelt_gkg
TSLA,2017-09-01,Nike  self,https://www.engadget.com/2017/09/01/nike-self-lacing-engineer-now-works-at-tesla/,engadget.com,English,0.0,gdelt_gkg
TSLA,2017-09-01,General Motors Posts Record Bolt EV Deliveries,https://www.fool.com/investing/2017/09/01/general-motors-posts-record-bolt-deliveries.aspx?source=iedfolrf0000001,fool.com,English,0.0,gdelt_gkg
TSLA,2017-09-01,Full Show 9,http://www.wrko.com/media/audio-channel/full-show-9-1-17,wrko.com,English,0.0,gdelt_gkg
TSLA,2017-09-01,MÄRKTE united states / Moderate Kaufneigung nach schwachen Jobdaten,http://www.finanztreff.de/news/maerkte-usa-moderate-kaufneigung-nach-schwachen-jobdaten/12389350,finanztreff.de,German,0.0,gdelt_gkg
TSLA,2017-09-01,US Auto Sales in August : A Ray of Hope Auto Investors ? ,http://marketrealist.com/2017/09/us-auto-sales-august-ray-hope-auto-investors/,marketrealist.com,English,0.0,gdelt_gkg
TSLA,2017-09-01,Putin kennt den künftigen « Herrscher der Welt »,https://www.tagesanzeiger.ch/digital/computer/Putin-kennt-den-kuenftigen-Herrscher-der-Welt/story/25581755,tagesanzeiger.ch,German,0.0,gdelt_gkg
TSLA,2017-09-01,14檔籌碼換手股 續強,http://www.chinatimes.com/newspapers/20170902000035-260202,chinatimes.com,Chinese,0.0,gdelt_gkg
TSLA,2017-09-01,Conselho de trabalho dos EUA faz queixa  Tesla sobre direitos trabalhistas,http://zh.clicrbs.com.br/rs/noticias/mundo/noticia/2017/09/conselho-de-trabalho-dos-eua-faz-queixa-a-tesla-sobre-direitos-trabalhistas-9885971.html,zh.clicrbs.com.br,Portuguese,0.0,gdelt_gkg
TSLA,2017-09-01,ISM制 业指数创6年新高 纳指连续两天创收盘纪录新高,https://wallstreetcn.com/articles/3028441,wallstreetcn.com,Chinese,0.0,gdelt_gkg
TSLA,2017-09-01,Labor Relations Board Files Worker Rights Complaint Against Tesla ; Musk Fires Back,http://www.thetruthaboutcars.com/2017/09/u-s-labor-board-files-worker-rights-complaint-tesla-motors/,thetruthaboutcars.com,English,0.0,gdelt_gkg
TSLA,2017-09-01,August Sales Are In : Chevrolet Bolt EV Out Sold Tesla Model 3 To The Tune Of 28 : 1,https://seekingalpha.com/article/4103729-august-sales-chevrolet-bolt-ev-sold-tesla-model-3-tune-28-1,seekingalpha.com,English,0.0,gdelt_gkg
TSLA,2017-09-01,U . S . Labor Board Files Complaint Over Tesla Working Conditions,http://www.carscoops.com/2017/09/us-labor-board-files-complaint-over.html,carscoops.com,English,0.0,gdelt_gkg
TSLA,2017-09-01,La ingeniera de Nike responsable de las zapatillas de  Volver al Futuro II  pasa a las filas de Tesla,http://www.redusers.com/noticias/la-ingeniera-nike-responsable-las-zapatillas-volver-al-futuro-ii-pasa-las-filas-tesla/,redusers.com,Spanish,0.0,gdelt_gkg
TSLA,2017-09-01,Our Autonomous Future & The Insane Value of Tesla Data ( Something Almost No One Mentions ) ,https://cleantechnica.com/2017/09/01/insane-value-teslas-data-something-almost-no-one-mentions/,cleantechnica.com,English,0.0,gdelt_gkg
TSLA,2017-09-01,sinart,http://www.sinart.go.cr/2012-11-21-13-45-09/90-elon-musk-quiere-vincular-el-cerebro-humano-a-computadoras,sinart.go.cr,Spanish,0.0,gdelt_gkg
TSLA,2017-09-01,Putin kennt den künftigen « Herrscher der Welt »,https://bazonline.ch/digital/computer/Putin-kennt-den-kuenftigen-Herrscher-der-Welt/story/25581755,bazonline.ch,German,0.0,gdelt_gkg
TSLA,2017-09-01,Belaru President Is Car,http://www.carscoops.com/2017/09/belarus-president-is-car-guy-in-chief.html,carscoops.com,English,0.0,gdelt_gkg
TSLA,2017-09-01,Community,http://community.effinghamherald.net/blogs/detail/36185/,community.effinghamherald.net,English,0.0,gdelt_gkg
TSLA,2017-09-01,"US sales of GM , Toyota stand out as others falter in August",https://finance.yahoo.com/news/us-sales-gm-toyota-stand-others-falter-august-200144647.html,finance.yahoo.com,English,0.0,gdelt_gkg
TSLA,2017-09-01,Tesla visé par une plainte de la commission des relations de travail américaine,http://auto.lapresse.ca/actualites/tesla/201709/01/01-5129663-tesla-vise-par-une-plainte-de-la-commission-des-relations-de-travail-americaine.php,auto.lapresse.ca,French,0.0,gdelt_gkg
TSLA,2017-09-01,Автомобильные новости  оссии и мира за 1 сентября 2017 — Пульс — Motor,https://motor.ru/pulse/2017/09/01,motor.ru,Russian,0.0,gdelt_gkg
TSLA,2017-09-01,Rwanda Medical Drone Delivery System wins prestigious global award,http://www.newtimes.co.rw/section/read/219147/,newtimes.co.rw,English,0.0,gdelt_gkg
TSLA,2017-09-01,Putin kennt den künftigen « Herrscher der Welt »,https://www.derbund.ch/digital/computer/Putin-kennt-den-kuenftigen-Herrscher-der-Welt/story/25581755,derbund.ch,German,0.0,gdelt_gkg
TSLA,2017-09-01,Захарова объяснила происхождение дыма над генконсульством  оссии в Сан,https://russian.rt.com/world/news/425410-zaharova-dym-genkonsulstvo,russian.rt.com,Russian,0.0,gdelt_gkg
TSLA,2017-09-01,La source de rayons X la plus puissante du monde démarre,http://www.techno-science.net/?onglet=news&news=16562,techno-science.net,French,0.0,gdelt_gkg
TSLA,2017-09-01,Tesla abre pop,http://www.jornaleconomico.sapo.pt/noticias/tesla-abre-pop-up-store-no-el-corte-ingles-203146,jornaleconomico.sapo.pt,Portuguese,0.0,gdelt_gkg
TSLA,2017-09-01,"A Eulogy for Juicero , the $400 Juicer That Stole Silicon Valley Heart",https://www.vanityfair.com/news/2017/09/a-eulogy-for-juicero,vanityfair.com,English,0.0,gdelt_gkg
TSLA,2017-09-01,Gold Hits 2017 High : Time to Buy the Miners ? ,https://www.fool.ca/2017/09/01/gold-hits-2017-high-time-to-buy-the-miners/,fool.ca,English,0.0,gdelt_gkg
TSLA,2017-09-01,The Lithium War Erupts,https://www.energyandcapital.com/articles/the-lithium-war-erupts/6041,energyandcapital.com,English,0.0,gdelt_gkg
TSLA,2017-09-01,Investing in Lithium Batteries,http://www.energyandcapital.com/resources/investing-in-lithium-batteries/15,energyandcapital.com,English,0.0,gdelt_gkg
TSLA,2017-09-01,Carscoops,http://www.carscoops.com/search?updated-max=2017-09-01T05:53:00-04:00&max-results=22,carscoops.com,English,0.0,gdelt_gkg
TSLA,2017-09-01,Traditional Semi Truck Makers Face Extinction If They Dont Go Electric,http://insideevs.com/traditional-semi-truck-makers-face-extinction-if-they-dont-go-electric/,insideevs.com,English,0.0,gdelt_gkg
TSLA,2017-09-01,Pair of Chester Teslas do the  Electric Boogaloo  ,http://www.chesterchronicle.co.uk/news/chester-cheshire-news/chester-tesla-cars-dance-off-13554853,chesterchronicle.co.uk,English,0.0,gdelt_gkg
TSLA,2017-09-01,颶風影響 原油短線波動 劇,http://www.wealth.com.tw/article_in.aspx?nid=12120,wealth.com.tw,Chinese,0.0,gdelt_gkg
TSLA,2017-09-01,The Lithium War Erupts,http://www.energyandcapital.com/articles/the-lithium-war-erupts/6041,energyandcapital.com,English,0.0,gdelt_gkg
TSLA,2017-09-01,$3,http://www.latimes.com/business/autos/la-fi-ev-rebate-status-20170901-story.html,latimes.com,English,0.0,gdelt_gkg
TSLA,2017-09-01,Tesla paljastab uue elektriveoki,http://forte.delfi.ee/news/auto/tesla-paljastab-uue-elektriveoki?id=79331002,forte.delfi.ee,Estonian,0.0,gdelt_gkg
TSLA,2017-09-01,Renault & Ferrovial Create New Carsharing Service In Madrid — Zity,https://cleantechnica.com/2017/09/01/renault-ferrovial-create-new-carsharing-service-madrid-zity/,cleantechnica.com,English,0.0,gdelt_gkg
TSLA,2017-09-01,Tesla is in hot water with the US government after employee complaints – BGR,http://bgr.com/2017/09/01/tesla-workers-complaints-government/,bgr.com,English,0.0,gdelt_gkg
TSLA,2017-09-01,Tech CEOs sign letter urging Trump to keep immigrant protections,https://www.yahoo.com/news/tech-ceos-sign-letter-urging-205000286.html,yahoo.com,English,0.0,gdelt_gkg
TSLA,2017-09-01,New Tesla Autopilot Software Update Increases Shadow Mode Data Collection,https://cleantechnica.com/2017/09/01/new-tesla-autopilot-software-update-increase-shadow-mode-data-collection/,cleantechnica.com,English,0.0,gdelt_gkg
TSLA,2017-09-01,BMW Decides To Ruin Your Childhood By Racing An i3 Against A Challenger,http://www.carbuzz.com/news/2017/9/1/BMW-Decides-To-Ruin-Your-Childhood-By-Racing-An-i3-Against-A-Challenger-7740847/,carbuzz.com,English,0.0,gdelt_gkg
TSLA,2017-09-01,Flash,http://www.france24.com/en/20170901-us-sales-gm-toyota-stand-out-others-falter-august-0,france24.com,English,0.0,gdelt_gkg
TSLA,2017-09-01,The Navdy Intelligent Heads,https://cleantechnica.com/2017/09/01/the-navdy-intelligent-heads-up-display-makes-in-car-productivity-safe/,cleantechnica.com,English,0.0,gdelt_gkg
TSLA,2017-09-01,"U . S . sales of GM , Toyota stand out as others falter in August",https://japantoday.com/category/business/us-sales-of-gm-toyota-stand-out-as-others-falter-in-august-1,japantoday.com,English,0.0,gdelt_gkg
TSLA,2017-09-01,馬斯克也來助陣 ！ 台灣首枚自製衛星上太空,http://blog.udn.com/3961eade/108489642,blog.udn.com,Chinese,0.0,gdelt_gkg
TSLA,2017-09-01,Conoce al camión que planea recorrer 160 km solo con electricidad ,http://elcomercio.pe/ruedas-tuercas/camiones/conoce-camion-planea-recorrer-160-km-electricidad-noticia-454898,elcomercio.pe,Spanish,0.0,gdelt_gkg
TSLA,2017-09-01,特斯拉Model 3最大威脅 ？ 日產改款Leaf 下周上路,http://www.chinatimes.com/newspapers/20170902000078-260203,chinatimes.com,Chinese,0.0,gdelt_gkg
TSLA,2017-09-01,Vestas Joins With Tesla to Combine Wind Turbines With Batteries,http://humanitariannews.org/20170901/vestas-joins-tesla-combine-wind-turbines-batteries,humanitariannews.org,English,0.0,gdelt_gkg
TSLA,2017-09-01,SSE partners with Statoil to drive forward Dogger Bank development,https://www.businessgreen.com/bg/news/3016572/sse-partners-with-statoil-to-drive-forward-dogger-bank-development,businessgreen.com,English,0.0,gdelt_gkg
TSLA,2017-09-01,Junk bonds are facing wave of supply as investors turn sour,http://www.gulf-times.com/story/562356/Junk-bonds-are-facing-wave-of-supply-as-investors-,gulf-times.com,English,0.0,gdelt_gkg
TSLA,2017-09-01,Electric,http://www.greencarreports.com/news/1112463_electric-car-sales-tough-new-eu-emission-tests-two-different-electric-trucks-todays-car-news,greencarreports.com,English,0.0,gdelt_gkg
TSLA,2017-09-01,Labor regulators order Tesla to respond to worker complaints,http://www.latimes.com/business/la-fi-hy-tesla-nlrb-20170901-story.html,latimes.com,English,0.0,gdelt_gkg
TSLA,2017-09-01,極速享受 ！ 9旬翁乘特斯拉電動車 驚艷直呼 ： 像坐飛機一樣 ,http://www.setn.com/News.aspx?NewsID=289326,setn.com,Chinese,0.0,gdelt_gkg
TSLA,2017-09-01,August Chevy Volt Sales Down 30 Percent ; Bolt EV Has Best Month on Record,http://www.hybridcars.com/august-chevy-volt-sales-down-30-percent-bolt-ev-has-best-month-on-record/,hybridcars.com,English,0.0,gdelt_gkg
TSLA,2017-09-01,Samsung Receives Approval In California To Test Self,http://www.hybridcars.com/samsung-receives-approval-in-california-to-test-self-driving-cars/,hybridcars.com,English,0.0,gdelt_gkg
TSLA,2017-09-01,Leicester City target Adrien Silva allowed to leave Portugal camp,http://currenthollywood.com/2017/09/leicester-city-target-adrien-silva-allowed-to-leave/,currenthollywood.com,English,0.0,gdelt_gkg
TSLA,2017-09-01,Afternoon Coffee : All Eyes on Hurricane Irma Path,https://spendmatters.com/2017/09/01/afternoon-coffee-eyes-hurricane-irma-race-build-electric-semi-truck/,spendmatters.com,English,0.0,gdelt_gkg
TSLA,2017-09-01,Lotus : Chinese billionaire poised to rescue Great British icon — Lotus,http://economictimes.indiatimes.com/news/international/business/chinese-billionaire-poised-to-rescue-great-british-icon-lotus/articleshow/60330802.cms,economictimes.indiatimes.com,English,0.0,gdelt_gkg
TSLA,2017-09-01,Tiffany Beers Leaves Nike for Tesla,https://hypebeast.com/2017/9/tiffany-beers-moves-from-nike-to-tesla-motors,hypebeast.com,English,0.0,gdelt_gkg
TSLA,2017-09-01,대통 은 왜 재벌의 오 바이와 피자를 언급했나,http://woman.donga.com/BestClick/3/all/12/1042065/1,woman.donga.com,Korean,0.0,gdelt_gkg
TSLA,2017-09-01,European XFEL : World most powerful X,http://home.cern/about/updates/2017/09/european-xfel-worlds-most-powerful-x-ray-source-starts,home.cern,English,0.0,gdelt_gkg
TSLA,2017-09-01,General Motors Posts Record Bolt EV Deliveries,http://www.nasdaq.com/article/general-motors-posts-record-bolt-ev-deliveries-cm840447,nasdaq.com,English,0.0,gdelt_gkg
TSLA,2017-09-01,Bayerische Motoren Werke : BMW heats up the 2018 i3,http://www.4-traders.com/BAYERISCHE-MOTOREN-WERKE-435722/news/Bayerische-Motoren-Werke-BMW-heats-up-the-2018-i3-25049405/,4-traders.com,English,0.0,gdelt_gkg
TSLA,2017-09-01,Afternoon Coffee : All Eyes on Hurricane Irma Path,http://spendmatters.com/2017/09/01/afternoon-coffee-eyes-hurricane-irma-race-build-electric-semi-truck/,spendmatters.com,English,0.0,gdelt_gkg
TSLA,2017-09-01,سامسونج تبدأ اختبار سيارات ذاتية القيادة فى كاليفورنيا قريبا,http://www.aleqtisady.com/technology/tw-1203466,aleqtisady.com,Arabic,0.0,gdelt_gkg
TSLA,2017-09-01,BEIS  Smart Power  Consultation At Renewable Futures In November,https://blueandgreentomorrow.com/features/beis-smart-power-consultation-renewable-futures-november/,blueandgreentomorrow.com,English,0.0,gdelt_gkg
TSLA,2017-09-01,4 Reasons General Motors Thinks You Should Buy GM Stock,https://www.fool.com/investing/2017/08/31/4-reasons-general-motors-thinks-you-should-buy-gm.aspx,fool.com,English,0.0,gdelt_gkg
TSLA,2017-09-01,Tesla faces labor board complaint alleging interference with unionization,https://arstechnica.com/information-technology/2017/09/tesla-faces-labor-board-complaint-alleging-interference-with-unionization/,arstechnica.com,English,0.0,gdelt_gkg
TSLA,2017-09-01,Александр Лукашенко рассказал о своих впечатлениях от тест,http://www.zr.ru/content/news/908114-lukashenko-potreboval-sdelat-v/,zr.ru,Russian,0.0,gdelt_gkg
TSLA,2017-09-01,August 2017 Plug,http://insideevs.com/august-2017-plug-in-electric-vehicle-sales-report-card/,insideevs.com,English,0.0,gdelt_gkg
TSLA,2017-09-01,Einride T,http://insideevs.com/einride-t-pod-self-driving-electric-truck-from-sweden/,insideevs.com,English,0.0,gdelt_gkg
TSLA,2017-09-01,Broncos Trade OT Ty Sambrailo To Falcons For 5th Round Pick,http://wisdomsave.com/2017/09/01/broncos-trade-ot-ty-sambrailo-to-falcons-for-5th-round-pick.html,wisdomsave.com,English,0.0,gdelt_gkg
TSLA,2017-09-01,"The Switch From Hydrogen To Electric Vehicles Continues , Now Hyundai Makes The Move",https://seekingalpha.com/article/4103682-switch-hydrogen-electric-vehicles-continues-now-hyundai-makes-move,seekingalpha.com,English,0.0,gdelt_gkg
TSLA,2017-09-01,World Business Quick Take,http://www.taipeitimes.com/News/biz/archives/2017/09/02/2003677613,taipeitimes.com,English,0.0,gdelt_gkg
TSLA,2017-09-01,"2019 Porsche Cayenne , 2018 Bentley Continental GT , 2018 Jeep Trackhawk : The Week In Reverse",http://www.motorauthority.com/news/1112455_2019-porsche-cayenne-2018-bentley-continental-gt-2018-jeep-trackhawk-the-week-in-reverse,motorauthority.com,English,0.0,gdelt_gkg
TSLA,2017-09-01,Cauley Ferrari Remodel is Underway,http://blog.dupontregistry.com/sponsored/cauley-ferrari-detroit-remodel/,blog.dupontregistry.com,English,0.0,gdelt_gkg
TSLA,2017-09-01,Markets Live : Green shoots as ASX thaws,http://www.smh.com.au/business/markets-live/markets-live-asx-set-to-tick-higher-20170831-gy8k0c,smh.com.au,English,0.0,gdelt_gkg
TSLA,2017-09-01,Lukashenko wants Belarusian electric cars on par with Tesla,http://eng.belta.by/president/view/lukashenko-wants-belarusian-electric-cars-on-par-with-tesla-104493-2017/,eng.belta.by,English,0.0,gdelt_gkg
TSLA,2017-09-01,Confederate Motorcycles Shocks With Zero Motorcycles Electric Cruiser Collaboration,http://insideevs.com/confederate-motorcycles-curtiss-electric-cruiser-zero-motorcycles/,insideevs.com,English,0.0,gdelt_gkg
TSLA,2017-09-01,Western Digital unveils 400 GB,http://austriantribune.com/informationen/6606-western-digital-unveils-400-gb-capacity-microsd-card,austriantribune.com,English,0.0,gdelt_gkg
TSLA,2017-09-01,deadspin,http://gizmodo.com/?startTime=1504273502032,gizmodo.com,English,0.0,gdelt_gkg
TSLA,2017-09-01,Cadillac semi,https://www.cnet.com/roadshow/news/cadillacs-semi-autonomous-super-cruise-will-be-super-expensive/,cnet.com,English,0.0,gdelt_gkg
TSLA,2017-09-01,Kapsuła Hyperloop od Tesli bije rekord prędkości,"http://www.frazpc.pl/aktualnosci/935157,kapsula-hyperloop-od-tesli-bije-rekord-predkosci/3.html",frazpc.pl,Polish,0.0,gdelt_gkg
TSLA,2017-09-01,China quer construir Hyperloop  voador  capaz de atingir 4 . 000 km / h,http://idgnow.com.br/internet/2017/09/01/china-quer-construir-hyperloop-voador-capaz-de-atingir-4-000-km-h/,idgnow.com.br,Portuguese,0.0,gdelt_gkg
TSLA,2017-09-01,Samsung obtém licença para testar carros autônomos na Califórnia,"https://www.terra.com.br/noticias/tecnologia/canaltech/samsung-obtem-licenca-para-testar-carros-autonomos-na-california,bc708849f07dc9a2256bd3da58ec86037waelcb0.html",terra.com.br,Portuguese,0.0,gdelt_gkg
TSLA,2017-09-01,September 2017,http://www.thetruthaboutcars.com/2017/09/,thetruthaboutcars.com,English,0.0,gdelt_gkg
TSLA,2017-09-01,U . S . Auto Sales Brand,http://www.thetruthaboutcars.com/2017/09/usa-auto-sales-brand-by-brand-results-august-2017-ytd/,thetruthaboutcars.com,English,0.0,gdelt_gkg
TSLA,2017-09-01,NLRB Says Tesla Suppressed Union Campaign,https://www.law360.com/articles/959995,law360.com,English,0.0,gdelt_gkg
TSLA,2017-09-01,Tesla hit with official complaint over factory conditions • The Register,https://www.theregister.co.uk/2017/09/01/complaint_tesla_factory_conditions/,theregister.co.uk,English,0.0,gdelt_gkg
TSLA,2017-09-01,Apple CEO Headlines List of Auburn Alumni in TV Spot,http://www.waka.com/2017/09/01/apple-ceo-headlines-list-auburn-alumni-tv-spot/,waka.com,English,0.0,gdelt_gkg
TSLA,2017-09-01,Alibaba vs Amazon : The race to $500 billion,https://www.cnbc.com/2017/09/01/alibaba-vs-amazon-the-race-to-500-billion.html,cnbc.com,English,0.0,gdelt_gkg
TSLA,2017-09-01,gamrConnect Forums,http://gamrconnect.vgchartz.com/thread.php?id=231391,gamrconnect.vgchartz.com,English,0.0,gdelt_gkg
TSLA,2017-09-01,Vesti online / Vesti / Ex YU / Havijer Solana : Evropa da ne izneveri Teslu,http://vesti-online.com/Vesti/Ex-YU/664709/Havijer-Solana-Evropa-da-ne-izneveri-Teslu,vesti-online.com,Serbian,0.0,gdelt_gkg
TSLA,2017-09-01,DailyTimes,http://dailytimes.com.pk/business/02-Sep-17/us-labour-board-slaps-tesla-with-complaint-over-worker-rights,dailytimes.com.pk,English,0.0,gdelt_gkg
TSLA,2017-09-01,Oil Prices Sag As Gasoline Prices Peak,http://oilprice.com/Energy/Energy-General/Oil-Prices-Sag-As-Gasoline-Prices-Peak.html,oilprice.com,English,0.0,gdelt_gkg
TSLA,2017-09-01,Dont Get Used To A Declining Rig Count,https://seekingalpha.com/article/4103724-get-used-declining-rig-count,seekingalpha.com,English,0.0,gdelt_gkg
TSLA,2017-09-01,La La Land Director Damien Chazelle Gets Netflix Musical Series,http://currenthollywood.com/2017/09/la-la-land-director-damien-chazelle-gets-netflix-musical/,currenthollywood.com,English,0.0,gdelt_gkg
TSLA,2017-09-01,Are Self,http://business.newsfactor.com/story.xhtml?story_id=0010002OIHS8,business.newsfactor.com,English,0.0,gdelt_gkg
TSLA,2017-09-01,"VW : VW brand chief vows to boost SUVs sales , U . S . market share , Auto News , ET Auto",http://auto.economictimes.indiatimes.com/news/passenger-vehicle/uv/vw-brand-chief-vows-to-boost-suvs-sales-u-s-market-share/60328194,auto.economictimes.indiatimes.com,English,0.0,gdelt_gkg
TSLA,2017-09-01,"SpaceX , China Aerospace Race for Ultra",https://sputniknews.com/science/201709011057008979-hyperloop-hyperflight-high-speed-train-competition/,sputniknews.com,English,0.0,gdelt_gkg
TSLA,2017-09-01,Carmakers announce interesting  Scrap  deals to promote new and efficient models,http://austriantribune.com/informationen/6607-carmakers-announce-interesting-scrap-deals-promote-new-and-efficient-models,austriantribune.com,English,0.0,gdelt_gkg
TSLA,2017-09-01,就市論勢 ／ 航運 、 特斯拉鏈 有看  ,https://udn.com/news/story/7251/2677810,udn.com,Chinese,0.0,gdelt_gkg
TSLA,2017-09-01,Is SpaceX Publicly Traded ? ,https://moneymorning.com/2017/09/01/is-spacex-publicly-traded/,moneymorning.com,English,0.0,gdelt_gkg
TSLA,2017-09-01,Uber may go public in 18,http://austriantribune.com/informationen/6608-uber-may-go-public-18-36-months-khosrowshahi,austriantribune.com,English,0.0,gdelt_gkg
TSLA,2017-09-01,Toshiba,http://austriantribune.com/klasse/kompanie/toshiba,austriantribune.com,English,0.0,gdelt_gkg
TSLA,2017-09-01,Diesel Giant Cummins Beats Tesla with First Electric Big Rig,http://www.breitbart.com/california/2017/09/01/diesel-giant-cummins-beats-tesla-with-first-electric-big-rig/,breitbart.com,English,0.0,gdelt_gkg
TSLA,2017-09-01,Лукашенко прокатился на Тесле . И теперь хочет свою,http://www.bbc.com/russian/media-41129418,bbc.com,Russian,0.0,gdelt_gkg
TSLA,2017-09-01,Tesla and Vestas team up to combine batteries and wind turbines,http://agreenliving.org/tesla-and-vestas-team-up-to-combine-batteries-and-wind-turbines/,agreenliving.org,English,0.0,gdelt_gkg
TSLA,2017-09-01,"Tesla , acusada de  coaccionar e intimidar  a sus trabajadores en EEUU",http://www.itespresso.es/tesla-acusada-coaccionar-intimidar-trabajadores-eeuu-171377.html,itespresso.es,Spanish,0.0,gdelt_gkg
TSLA,2017-11-01,Tesla Motors Inc . ( TSLA ) Is Falling After Q3 Loss,http://www.rttnews.com/2830838/tesla-motors-inc-tsla-is-falling-after-q3-loss.aspx,rttnews.com,English,0.0,gdelt_gkg
TSLA,2017-11-01,"US : Stocks end mostly up as Fed keeps rates unchanged , Stocks",http://www.businesstimes.com.sg/stocks/us-stocks-end-mostly-up-as-fed-keeps-rates-unchanged,businesstimes.com.sg,English,0.0,gdelt_gkg
TSLA,2017-11-01,Tesla præsenterer et kæmpe underskud,http://www.mja.dk/ritzau/tesla-praesenterer-et-kaempe-underskud,mja.dk,Danish,0.0,gdelt_gkg
TSLA,2017-11-01,"After hours buzz : FB , TSLA , GPRO & more",https://www.cnbc.com/2017/11/01/after-hours-buzz-fb-tsla-gpro-more.html,cnbc.com,English,0.0,gdelt_gkg
TSLA,2017-11-01,Tesla enttäuscht Anleger mit bisher höchstem Quartalsverlust,http://www.bergedorfer-zeitung.de/ueberregionales/wirtschaft/article212415351/Tesla-enttaeuscht-Anleger-mit-bisher-hoechstem-Quartalsverlust.html,bergedorfer-zeitung.de,German,0.0,gdelt_gkg
TSLA,2017-11-01,Tesla Reports Its Biggest,http://fortune.com/2017/11/01/tesla-earnings-tesla-model-3/,fortune.com,English,0.0,gdelt_gkg
TSLA,2017-11-01,Stocks Begin November With Uneven Rise,https://investorplace.com/2017/11/stocks-begin-november-with-uneven-rise/,investorplace.com,English,0.0,gdelt_gkg
TSLA,2017-11-01,Carscoops,http://www.carscoops.com/search?updated-max=2017-11-01T12:35:00-04:00&max-results=15,carscoops.com,English,0.0,gdelt_gkg
TSLA,2017-11-01,"Tesla Inc ( TSLA ) Slashes Production of Two Cars , Misses Q3 Estimates",https://investorplace.com/2017/11/tesla-inc-tsla-2/,investorplace.com,English,0.0,gdelt_gkg
TSLA,2017-11-01,2nd Test ( Day 3 ) ,http://cobess.com/2017/11/02/2nd-test-day-3-west-indies-took-48-runs-lead-against.html,cobess.com,English,0.0,gdelt_gkg
TSLA,2017-11-01,Elon Musk said Tesla fired 700 people because they didnt meet the company high standards,https://www.recode.net/2017/11/1/16595352/elon-musk-tesla-fired-700-people-companys-high-standards-model-3-car-production,recode.net,English,0.0,gdelt_gkg
TSLA,2017-11-01,Aktie rutscht ab : Tesla enttäuscht Anleger mit bisher höchstem Quartalsverlust,https://www.shz.de/deutschland-welt/wirtschaft/tesla-enttaeuscht-anleger-mit-bisher-hoechstem-quartalsverlust-id18216041.html,shz.de,German,0.0,gdelt_gkg
TSLA,2017-11-01,  تسلا  تحقق أكبر خسائر فصلية على الإطلاق,https://www.mubasher.info/news/3181227/-%D8%AA%D8%B3%D9%84%D8%A7-%D8%AA%D8%AD%D9%82%D9%82-%D8%A3%D9%83%D8%A8%D8%B1-%D8%AE%D8%B3%D8%A7%D8%A6%D8%B1-%D9%81%D8%B5%D9%84%D9%8A%D8%A9-%D8%B9%D9%84%D9%89-%D8%A7%D9%84%D8%A5%D8%B7%D9%84%D8%A7%D9%82,mubasher.info,Arabic,0.0,gdelt_gkg
TSLA,2017-11-01,ROUNDUP : Tesla enttäuscht Anleger mit bislang höchstem Quartalsverlust,http://www.boerse-online.de/nachrichten/aktien/ROUNDUP-Tesla-enttaeuscht-Anleger-mit-bislang-hoechstem-Quartalsverlust-1006504322,boerse-online.de,German,0.0,gdelt_gkg
TSLA,2017-11-01,Tesla swings to $671m loss on Model 3 delays,http://www.michigansthumb.com/business/technology/article/Tesla-faces-tough-questions-as-it-reports-3Q-12323238.php,michigansthumb.com,English,0.0,gdelt_gkg
TSLA,2017-11-01,Dyster kvartalsrapport från Tesla,http://www.corren.se/nyheter/dyster-kvartalsrapport-fran-tesla-om4874759.aspx,corren.se,Swedish,0.0,gdelt_gkg
TSLA,2017-11-01,TV Guide united kingdom TV Listings,http://my.tvguide.co.uk/channellisting.asp?ch=320&cTime=11/1/2017%2010:00:00%20PM&thisTime=&thisDay=,my.tvguide.co.uk,English,0.0,gdelt_gkg
TSLA,2017-11-01,特斯拉中国设厂悬念或年内揭晓 _ 东方财富网,"http://global.eastmoney.com/news/1611,20171102797758284.html",global.eastmoney.com,Chinese,0.0,gdelt_gkg
TSLA,2017-11-01,Suspect charged with terrorism in NYC attack,https://www.axios.com/nyc-truck-attack-updates-isis-2504929800.html,axios.com,English,0.0,gdelt_gkg
TSLA,2017-11-01,WDH / ROUNDUP : Tesla enttäuscht Anleger mit bislang höchstem Quartalsverlust,http://www.boerse-online.de/nachrichten/aktien/WDH-ROUNDUP-Tesla-enttaeuscht-Anleger-mit-bislang-hoechstem-Quartalsverlust-1006505391,boerse-online.de,German,0.0,gdelt_gkg
TSLA,2017-11-01,Tesla enttäuscht Anleger mit bisher höchstem Quartalsverlust,https://www.rga.de/wirtschaft/tesla-enttaeuscht-anleger-mit-bisher-hoechstem-quartalsverlust-zr-8986457.html,rga.de,German,0.0,gdelt_gkg
TSLA,2017-11-01,folketidende . dk,http://folketidende.dk/Udland/Tesla-praesenterer-et-kaempe-underskud/artikel/443814,folketidende.dk,Danish,0.0,gdelt_gkg
TSLA,2017-11-01,우주산업 쑥쑥 커진다 … 30년 뒤 2조 7000억달러 돌파    .. ,http://heraldk.com/2017/11/01/%EC%9A%B0%EC%A3%BC%EC%82%B0%EC%97%85-%EC%91%A5%EC%91%A5-%EC%BB%A4%EC%A7%84%EB%8B%A430%EB%85%84-%EB%92%A4-2%EC%A1%B0-7000%EC%96%B5%EB%8B%AC%EB%9F%AC-%EB%8F%8C%ED%8C%8C-%EC%A0%84/,heraldk.com,Korean,0.0,gdelt_gkg
TSLA,2017-11-01,Bill would allow Tesla to open dealerships in Wisconsin,http://www.kansascity.com/news/business/national-international/article182085156.html,kansascity.com,English,0.0,gdelt_gkg
TSLA,2017-11-01,Tesla Q3 Earnings : Model 3 Production Schedule Pushed Back 3 Months,https://insideevs.com/tesla-q3-report/,insideevs.com,English,0.0,gdelt_gkg
TSLA,2017-11-01,Tesla swings to $671m loss on Model 3 delays,http://www.nydailynews.com/newswires/news/business/tesla-swings-671m-loss-model-3-delays-article-1.3604836,nydailynews.com,English,0.0,gdelt_gkg
TSLA,2017-11-01,"Tesla missed big time on earnings , but the company core business is in good shape",https://www.businessinsider.com.au/tesla-earnings-model-s-and-x-deliveries-are-strong-2017-11,businessinsider.com.au,English,0.0,gdelt_gkg
TSLA,2017-11-01,Tesla Inc ( TSLA ) 3Q17 Earnings Results Sink The Stock,http://www.valuewalk.com/2017/11/tesla-inc-3q17-earnings-results-sink-stock/,valuewalk.com,English,0.0,gdelt_gkg
TSLA,2017-11-01,Cassie Sainsbury sentence has just been announced,http://uspolitics24.com/2017/11/01/cassie-sainsburys-sentence-has-just-been-announced.html,uspolitics24.com,English,0.0,gdelt_gkg
TSLA,2017-11-01,Tesla fired 700 employees after performance reviews,http://www.businessinsider.com/tesla-fired-700-employees-performance-reviews-2017-11,businessinsider.com,English,0.0,gdelt_gkg
TSLA,2017-11-01,道指 普齐上涨 小盘股税改前夕下跌 美元走高,https://wallstreetcn.com/articles/3038742,wallstreetcn.com,Chinese,0.0,gdelt_gkg
TSLA,2017-11-01,Tesla posted a record quarterly loss of $619 million as it struggles with Model 3 production,https://www.recode.net/2017/11/1/16593134/tesla-model-3-elon-musk-production-q3-earnings-2017,recode.net,English,0.0,gdelt_gkg
TSLA,2017-11-01,Juba and Khartoum Ministers Hold Defence Talks,http://currenthollywood.com/2017/11/juba-and-khartoum-ministers-hold-defence-talks/,currenthollywood.com,English,0.0,gdelt_gkg
TSLA,2017-11-01,Tesla Energy update : 110MWh of energy storage and 109MW of solar,https://electrek.co/2017/11/01/tesla-energy-update-110mwh-of-energy-storage-and-109mw-of-solar/,electrek.co,English,0.0,gdelt_gkg
TSLA,2017-11-01,Tesla Model 3 Moment of Truth Is Here,https://finance.yahoo.com/news/tesla-model-3-moment-truth-100018697.html,finance.yahoo.com,English,0.0,gdelt_gkg
TSLA,2017-11-01,Tesla swings to $671m loss on Model 3 delays,https://finance.yahoo.com/news/tesla-faces-tough-questions-reports-160136675.html,finance.yahoo.com,English,0.0,gdelt_gkg
TSLA,2017-11-01,Finance : Tesla fired 700 employees after performance reviews in the third quarter ( TSLA ),http://www.pulse.ng/bi/finance/finance-tesla-fired-700-employees-after-performance-reviews-in-the-third-quarter-tsla-id7544171.html,pulse.ng,English,0.0,gdelt_gkg
TSLA,2017-11-01,"Tesla stock falls on Model 3 delays , biggest",https://finance.yahoo.com/news/tesla-reports-biggest-ever-quarterly-202322293.html,finance.yahoo.com,English,0.0,gdelt_gkg
TSLA,2017-11-01,الأسهم الأمريكية ترتفع عند الإغلاق,http://www.elhadas.com/Economy-Business/71962/%D8%A7%D9%84%D8%A3%D8%B3%D9%87%D9%85-%D8%A7%D9%84%D8%A3%D9%85%D8%B1%D9%8A%D9%83%D9%8A%D8%A9-%D8%AA%D8%B1%D8%AA%D9%81%D8%B9-%D8%B9%D9%86%D8%AF-%D8%A7%D9%84%D8%A5%D8%BA%D9%84%D8%A7%D9%82,elhadas.com,Arabic,0.0,gdelt_gkg
TSLA,2017-11-01,Tesla enttäuscht mit bislang höchstem Quartalsverlust,http://www.handelsblatt.com/unternehmen/industrie/elektroautobauer-tesla-enttaeuscht-mit-rekordverlust/20529866.html,handelsblatt.com,German,0.0,gdelt_gkg
TSLA,2017-11-01,Tesla enttäuscht Anleger mit bisher höchstem Quartalsverlust,http://www.die-glocke.de/blickindiewelt/wirtschaft/Tesla-enttaeuscht-Anleger-mit-bisher-hoechstem-Quartalsverlust-87078c24-eadd-46bf-8444-3bbde549027b-ds,die-glocke.de,German,0.0,gdelt_gkg
TSLA,2017-11-01,特斯拉亏损超预期 股价盘后一度跌超5 % ,https://wallstreetcn.com/articles/3038757,wallstreetcn.com,Chinese,0.0,gdelt_gkg
TSLA,2017-11-01,Sir Michael Fallon resigns as Defence Secretary,http://uspolitics24.com/2017/11/01/sir-michael-fallon-resigns-as-defence-secretary.html,uspolitics24.com,English,0.0,gdelt_gkg
TSLA,2017-11-01,Zero Hedge,http://www.zerohedge.com/articles/tiki-register.php/trackback/undefined%26vtime=0%26etype=9013%26edtl=SyntaxError:%20Invalid%20character,zerohedge.com,English,0.0,gdelt_gkg
TSLA,2017-11-01,Tesla earnings : Model S and X deliveries are strong,http://www.businessinsider.com/tesla-earnings-model-s-and-x-deliveries-are-strong-2017-11,businessinsider.com,English,0.0,gdelt_gkg
TSLA,2017-11-01,7 Best Semiconductor Stocks to Own Before Earnings,https://investorplace.com/2017/11/7-best-semiconductor-stocks-earnings-ggsyn/,investorplace.com,English,0.0,gdelt_gkg
TSLA,2017-11-01,European Union calls for talks to resolve Kenya political impasse,http://currenthollywood.com/2017/11/european-union-calls-for-talks-to-resolve-kenyas-political/,currenthollywood.com,English,0.0,gdelt_gkg
TSLA,2017-11-01,Declassified CIA Docs Claim Hitler Escaped to This South American Country,http://cobess.com/2017/11/02/declassified-cia-docs-claim-hitler-escaped-to-this-south.html,cobess.com,English,0.0,gdelt_gkg
TSLA,2017-11-01,Tesla is trading down ahead of Wednesday earnings report,http://igeeksmagz.com/2017/11/01/tesla-is-trading-down-ahead-of-wednesdays-earnings-report.html,igeeksmagz.com,English,0.0,gdelt_gkg
TSLA,2017-11-01,Edelmetall aus dem All,https://www.tagesanzeiger.ch/wissen/technik/Edelmetall-aus-dem-All/story/12386292,tagesanzeiger.ch,German,0.0,gdelt_gkg
TSLA,2017-11-01,Tesla swings to $671m loss on Model 3 delays,http://www.registercitizen.com/business/technology/article/Tesla-faces-tough-questions-as-it-reports-3Q-12323238.php,registercitizen.com,English,0.0,gdelt_gkg
TSLA,2017-11-01,"Tesla Inc Stock Is a  Sell  Now , but Dont Give up All Hope Yet",https://investorplace.com/2017/11/tsla-stock-give-up/,investorplace.com,English,0.0,gdelt_gkg
TSLA,2017-11-01,Tesla pushes back production targets for Model 3,http://www.telegraph.co.uk/business/2017/11/01/tesla-pushes-back-production-targets-model-3/,telegraph.co.uk,English,0.0,gdelt_gkg
TSLA,2017-11-01,"Tesla : Pomerantz Law Firm Reminds Shareholders with Losses on their Investment in Tesla , Inc . of Class Action Lawsuit and Upcoming Deadline",http://www.4-traders.com/TESLA-6344549/news/Tesla-Pomerantz-Law-Firm-Reminds-Shareholders-with-Losses-on-their-Investment-in-Tesla-Inc-of-Cl-25417765/,4-traders.com,English,0.0,gdelt_gkg
TSLA,2017-11-01,Tesla fired 700 employees after performance reviews in the third quarter,https://www.businessinsider.com.au/tesla-fired-700-employees-performance-reviews-2017-11,businessinsider.com.au,English,0.0,gdelt_gkg
TSLA,2017-11-01,Ukrainians Happy at Manafort Indictment,http://cobess.com/2017/11/02/ukrainians-happy-at-manafort-indictment.html,cobess.com,English,0.0,gdelt_gkg
TSLA,2017-11-01,Indonesian arrested in Marawi,http://uspolitics24.com/2017/11/01/indonesian-arrested-in-marawi.html,uspolitics24.com,English,0.0,gdelt_gkg
TSLA,2017-11-01,Feds looking to seize Manafort Brooklyn brownstone,http://uspolitics24.com/2017/11/01/feds-looking-to-seize-manaforts-brooklyn-brownstone.html,uspolitics24.com,English,0.0,gdelt_gkg
TSLA,2017-11-01,الأسهم الأمريكية ترتفع عند الإغلاق,http://www.elmethaq.net/economy-news/861636/%D8%A7%D9%84%D8%A3%D8%B3%D9%87%D9%85-%D8%A7%D9%84%D8%A3%D9%85%D8%B1%D9%8A%D9%83%D9%8A%D8%A9-%D8%AA%D8%B1%D8%AA%D9%81%D8%B9-%D8%B9%D9%86%D8%AF-%D8%A7%D9%84%D8%A5%D8%BA%D9%84%D8%A7%D9%82,elmethaq.net,Arabic,0.0,gdelt_gkg
TSLA,2017-11-01,Una burbuja llamada Tesla está a punto de reventar,http://www.dineroenimagen.com/2017-11-01/92569,dineroenimagen.com,Spanish,0.0,gdelt_gkg
TSLA,2017-11-01,Tesla retrasa meta del Model 3 debido a cuellos de botella,http://www.economiahoy.mx/empresas-eAm-mexico/noticias/8716412/11/17/Tesla-retrasa-meta-del-Model-3-debido-a-cuellos-de-botella.html,economiahoy.mx,Spanish,0.0,gdelt_gkg
TSLA,2017-11-01,Tesla rutscht tiefer in die roten Zahlen als erwartet,https://www.derbund.ch/wirtschaft/unternehmen-und-konjunktur/tesla-rutscht-tiefer-in-die-roten-zahlen-als-erwartet/story/21036956,derbund.ch,German,0.0,gdelt_gkg
TSLA,2017-11-01,"Scott+Scott , Attorneys at Law , LLP Investigates Tesla , Inc . ( TSLA ) for Potential Breaches of Fiduciary Duty by Its Board of Directors",https://www.marketwatch.com/story/scottscott-attorneys-at-law-llp-investigates-tesla-inc-tsla-for-potential-breaches-of-fiduciary-duty-by-its-board-of-directors-2017-11-01,marketwatch.com,English,0.0,gdelt_gkg
TSLA,2017-11-01,20 Minuten,http://www.20min.ch/finance/news/story/Tesla-rutscht-tiefer-in-die-roten-Zahlen-als-erwartet-25122871,20min.ch,German,0.0,gdelt_gkg
TSLA,2017-11-01,Tesla : Elektroautobauer aus den united states enttäuscht Anleger mit Quartalsverlust,http://www.spiegel.de/wirtschaft/unternehmen/tesla-elektroautobauer-aus-den-usa-enttaeuscht-anleger-mit-quartalsverlust-a-1176026.html,spiegel.de,German,0.0,gdelt_gkg
TSLA,2017-11-01,The McLaren 720S Is Way More Powerful Than Anyone Imagined,http://www.carbuzz.com/news/2017/11/1/The-McLaren-720S-Is-Way-More-Powerful-Than-Anyone-Imagined-7741803/,carbuzz.com,English,0.0,gdelt_gkg
TSLA,2017-11-01,Wall Street,http://www.zonebourse.com/actualite-bourse/Wall-Street-pluie-de-records-J-Powell-Chairman-de-la-FED--25417620/,zonebourse.com,French,0.0,gdelt_gkg
TSLA,2017-11-01,Tesla : COR,http://www.zonebourse.com/TESLA-6344549/actualite/Tesla-COR-Tesla-affiche-la-plus-forte-perte-de-son-histoire-25417134/,zonebourse.com,French,0.0,gdelt_gkg
TSLA,2017-11-01, ( TTD ),https://www.benzinga.com/analyst-ratings/downgrades/17/11/10268611/vetr-downgrades-trade-desk-as-q3-earnings-loom,benzinga.com,English,0.0,gdelt_gkg
TSLA,2017-11-01,Tesla could sell directly to Wisconsin buyers under new legislation,http://www.jsonline.com/story/money/business/2017/11/01/legislation-would-allow-direct-sales-tesla-wisconsin/822821001/,jsonline.com,English,0.0,gdelt_gkg
TSLA,2017-11-01,全文揭示美联储11月政策声明有何变化 _ 国际市场 _ 市场 _ 中金在线,http://sc.stock.cnfol.com/guojishichang/20171102/25563321.shtml,sc.stock.cnfol.com,Chinese,0.0,gdelt_gkg
TSLA,2017-11-01,Aktie rutscht ab : Tesla enttäuscht Anleger mit bisher höchstem Quartalsverlust,https://www.stern.de/wirtschaft/news/aktie-rutscht-ab-tesla-enttaeuscht-anleger-mit-bisher-hoechstem-quartalsverlust-7683156.html,stern.de,German,0.0,gdelt_gkg
TSLA,2017-11-01,Bill would allow Tesla to open dealerships in Wisconsin,http://newsok.com/bill-would-allow-tesla-to-open-dealerships-in-wisconsin/article/feed/1491523,newsok.com,English,0.0,gdelt_gkg
TSLA,2017-11-01,美联储主席易主通常会导致道指短期下挫 _ 国际市场 _ 市场 _ 中金在线,http://sc.stock.cnfol.com/guojishichang/20171102/25563322.shtml,sc.stock.cnfol.com,Chinese,0.0,gdelt_gkg
TSLA,2017-11-01,Elbilstillverkaren Tesla gjorde den största förlusten hittills under det tredje kvartalet,https://www.dn.se/ekonomi/storsta-forlusten-hittills-for-tesla/,dn.se,Swedish,0.0,gdelt_gkg
TSLA,2017-11-01,WDH / ROUNDUP : Tesla enttäuscht Anleger mit bislang höchstem Quartalsverlust,http://www.stock-world.de/nachrichten/ausland/WDH-ROUNDUP-Tesla-enttaeuscht-Anleger-bislang-hoechstem-Quartalsverlust-n8202650.html,stock-world.de,German,0.0,gdelt_gkg
TSLA,2017-11-01,原油期货收跌 市场担心美原油生产商将提高产量 _ 国际市场 _ 市场 _ 中金在线,http://sc.stock.cnfol.com/guojishichang/20171102/25563319.shtml,sc.stock.cnfol.com,Chinese,0.0,gdelt_gkg
TSLA,2017-11-01,Tesla enttäuscht Anleger mit bisher höchstem Quartalsverlust,http://www.moz.de/wirtschaft/regionale-wirtschaft/artikel-ansicht/dg/0/1/1615585/,moz.de,German,0.0,gdelt_gkg
TSLA,2017-11-01,全球股票都不便宜了 那这个  新漂亮50  呢 ？ _ 东方财富网,"http://global.eastmoney.com/news/1959,20171102797755794.html",global.eastmoney.com,Chinese,0.0,gdelt_gkg
TSLA,2017-11-01,Tesla anuncia la mayor pérdida de su historia ... y demoras del Model 3,http://www.elfinanciero.com.mx/tech/tesla-anuncia-la-mayor-perdida-de-su-historia-y-demoras-de-model.html,elfinanciero.com.mx,Spanish,0.0,gdelt_gkg
TSLA,2017-11-01,뉴욕증시 연준 경기 진단 개 속 혼조 … 다우 0 . 25 % 상승 마감,HTTP://www.yonhapnews.co.kr/international/2017/11/02/0619000000AKR20171102009200009.HTML?template=2085,yonhapnews.co.kr,Korean,0.0,gdelt_gkg
TSLA,2017-11-01,"Scott+Scott , Attorneys at Law , LLP Investigates Tesla , Inc . ( TSLA ) for Potential Breaches of",https://www.prnewswire.com/news-releases/scottscott-attorneys-at-law-llp-investigates-tesla-inc-tsla-for-potential-breaches-of-fiduciary-duty-by-its-board-of-directors-300548001.html,prnewswire.com,English,0.0,gdelt_gkg
TSLA,2017-11-01,Tesla : That Just Not Good Enough ! ,http://www.barrons.com/articles/tesla-thats-just-not-good-enough-1509568217,barrons.com,English,0.0,gdelt_gkg
TSLA,2017-11-01,Britischer Verteidigungsminister Fallon tritt zurück,https://www.freiepresse.de/POLITIK/WELT/Britischer-Verteidigungsminister-Fallon-tritt-zurueck-artikel10041946.php,freiepresse.de,German,0.0,gdelt_gkg
TSLA,2017-11-01,Tesla enttäuscht Anleger mit bisher höchstem Quartalsverlust,https://www.freiepresse.de/WIRTSCHAFT/WIRTSCHAFT-UEBERREGIONAL/Tesla-enttaeuscht-Anleger-mit-bisher-hoechstem-Quartalsverlust-artikel10041947.php,freiepresse.de,German,0.0,gdelt_gkg
TSLA,2017-11-01,Tesla,http://www.finanzen.ch/nachrichten/aktien/Tesla-Aktie-faellt-deutlich-Hoeherer-Verlust-als-erwartet-1001705649,finanzen.ch,German,0.0,gdelt_gkg
TSLA,2017-11-01,Avgörande kvartalsrapport från Tesla,https://www.kkuriren.se/nyheter-fran-tt/avgorande-kvartalsrapport-fran-tesla/,kkuriren.se,Swedish,0.0,gdelt_gkg
TSLA,2017-11-01,Wilhelmshavener Zeitung : Tesla enttäuscht Anleger mit bisher höchstem Quartalsverlust,http://www.wzonline.de/nachrichten/panorama/wirtschaft/newsdetails/artikel/tesla-enttaeuscht-anleger-mit-bisher-hoechstem-quartalsverlust.html,wzonline.de,German,0.0,gdelt_gkg
TSLA,2017-11-01,Fox employees embarrassed with Russia coverage,https://www.axios.com/fox-employees-embarrassed--russia-coverage-2504826609.html,axios.com,English,0.0,gdelt_gkg
TSLA,2017-11-01,Tesla swings to $671m loss on Model 3 delays,http://www.nhregister.com/business/technology/article/Tesla-faces-tough-questions-as-it-reports-3Q-12323238.php,nhregister.com,English,0.0,gdelt_gkg
TSLA,2017-11-01, （ 迫真 ） ＥＶ時代の足音 （ ２ ） 欧州の覚悟 ： 日本経済新聞,https://www.nikkei.com/article/DGKKZO23019110R01C17A1EA1000/,nikkei.com,Japanese,0.0,gdelt_gkg
TSLA,2017-11-01,Tesla reports its biggest quarterly loss ever,http://www.msn.com/en-us/money/companies/tesla-reports-its-biggest-quarterly-loss-ever/ar-AAukkV3,msn.com,English,0.0,gdelt_gkg
TSLA,2017-11-01,"Scott+Scott , Attorneys at Law , LLP : Investigates Tesla , Inc . ( TSLA ) for Potential Breaches of Fiduciary Duty by Its Board of Directors",http://www.4-traders.com/TESLA-6344549/news/Scott-Scott-Attorneys-at-Law-LLP-Investigates-Tesla-Inc-TSLA-for-Potential-Breaches-of-Fiduc-25417685/,4-traders.com,English,0.0,gdelt_gkg
TSLA,2017-11-01,Tesla posts losses worse than Wall Street expected but beats on revenue,http://www.mercurynews.com/2017/11/01/tesla-posts-losses-worse-than-wall-street-expected-but-beats-on-revenue/,mercurynews.com,English,0.0,gdelt_gkg
TSLA,2017-11-01,Tesla rutscht tiefer in die roten Zahlen als erwartet,https://www.berneroberlaender.ch/wirtschaft/unternehmen-und-konjunktur/Tesla-rutscht-tiefer-in-die-roten-Zahlen-als-erwartet/story/21036956,berneroberlaender.ch,German,0.0,gdelt_gkg
TSLA,2017-11-01,Kostnader för Model 3 tynger kvartalsrapporterande Tesla,https://digital.di.se/artikel/hoga-produktionskostnader-tynger-tesla,digital.di.se,Swedish,0.0,gdelt_gkg
TSLA,2017-11-01,Tesla enttäuscht Anleger mit bisher höchstem Quartalsverlust,https://www.nordkurier.de/nachrichten/ticker/tesla-enttaeuscht-anleger-mit-bisher-hoechstem-quartalsverlust-0130283611.html,nordkurier.de,German,0.0,gdelt_gkg
TSLA,2017-11-01,Major Averages Close Mixed After Fed Announcement,http://www.rttnews.com/2830745/major-averages-close-mixed-after-fed-announcement-u-s-commentary.aspx,rttnews.com,English,0.0,gdelt_gkg
TSLA,2017-11-01,阿里股价再创收盘纪录新高 Facebook 、 高通盈利超 _ 華僑時 ,http://www.chinesepress.com/Network/30249.html,chinesepress.com,Chinese,0.0,gdelt_gkg
TSLA,2017-11-01,How a $112K Tesla put the Liberals on the defensive over emissions testing,http://montrealgazette.com/news/politics/how-a-112k-tesla-put-the-liberals-on-the-defensive-over-emissions-testing/wcm/e3ec0186-aaee-41f9-841c-3ecc083f8d9e,montrealgazette.com,English,0.0,gdelt_gkg
TSLA,2017-11-01,Elon Musk : Tesla fired 700 people or 2 percent,https://www.cnbc.com/2017/11/01/elon-musk-tesla-fired-700-people.html,cnbc.com,English,0.0,gdelt_gkg
TSLA,2017-11-01,Tesla järjesti sijoittajille ison pettymyksen,https://m.kauppalehti.fi/uutiset/uutinen/kuyP9FfT,m.kauppalehti.fi,Finnish,0.0,gdelt_gkg
TSLA,2017-11-01,Tesla shares down 5 % after reporting bigger than expected loss of $2 . 92 per shareNaija247news,http://naija247news.com/2017/11/01/tesla-shares-down-5-after-reporting-bigger-than-expected-loss-of-2-92-per-share/,naija247news.com,English,0.0,gdelt_gkg
TSLA,2017-11-01,Tesla enttäuscht Anleger mit bisher höchstem Quartalsverlust,http://www.finanztreff.de/news/tesla-enttaeuscht-anleger-mit-bisher-hoechstem-quartalsverlust/12536937,finanztreff.de,German,0.0,gdelt_gkg
TSLA,2017-11-01,Tesla præsenterer et kæmpe underskud,http://www.aoh.dk/ritzau/tesla-praesenterer-et-kaempe-underskud,aoh.dk,Danish,0.0,gdelt_gkg
TSLA,2017-11-01,Tesla enregistre sa plus grosse perte trimestrielle,http://www.zonebourse.com/TESLA-6344549/actualite/Tesla-enregistre-sa-plus-grosse-perte-trimestrielle-25417427/,zonebourse.com,French,0.0,gdelt_gkg
TSLA,2017-11-01,Tesla swings to $671m loss on Model 3 delays ,http://muscatinejournal.com/business/tesla-swings-to-m-loss-on-model-delays/article_cdf0f3ab-9608-550b-8ec5-3733b1405618.html,muscatinejournal.com,English,0.0,gdelt_gkg
TSLA,2017-11-01,"Tesla : stock falls on Model 3 delays , biggest",http://www.4-traders.com/TESLA-6344549/news/Tesla-stock-falls-on-Model-3-delays-biggest-ever-quarterly-loss-25417080/,4-traders.com,English,0.0,gdelt_gkg
TSLA,2017-11-01,"Tesla : stock falls on Model 3 delays , biggest",http://www.4-traders.com/TESLA-6344549/news/Tesla-stock-falls-on-Model-3-delays-biggest-ever-quarterly-loss-25416924/,4-traders.com,English,0.0,gdelt_gkg
TSLA,2017-11-01,"Tesla : stock falls on Model 3 delays , biggest",http://www.4-traders.com/TESLA-6344549/news/Tesla-stock-falls-on-Model-3-delays-biggest-ever-quarterly-loss-25417338/,4-traders.com,English,0.0,gdelt_gkg
TSLA,2017-11-01,Tesla Elon Musk Reassures Investors Over Model 3 Delays,https://www.nytimes.com/2017/11/01/business/tesla-elon-musk.html,nytimes.com,English,0.0,gdelt_gkg
TSLA,2017-11-01,Bob Dylans Nobelpreis,https://www.freiepresse.de/KULTUR/Bob-Dylans-Nobelpreis-Rede-wird-Buch-artikel10041851.php,freiepresse.de,German,0.0,gdelt_gkg
TSLA,2017-11-01,Tesla Model 3 volume production delayed 3 months as company posts loss of $619 . 4 million,https://www.yahoo.com/news/tesla-model-3-volume-production-213200872.html,yahoo.com,English,0.0,gdelt_gkg
TSLA,2017-11-01,How a $112K Tesla put the Liberals on the defensive over emissions testing,http://nationalpost.com/news/politics/how-a-112k-tesla-put-the-liberals-on-the-defensive-over-emissions-testing,nationalpost.com,English,0.0,gdelt_gkg
TSLA,2017-11-01,16 Stocks Moving In Wednesday After,https://www.benzinga.com/news/17/11/10269188/16-stocks-moving-in-wednesdays-after-hours-session,benzinga.com,English,0.0,gdelt_gkg
TSLA,2017-11-01,ROUNDUP : Tesla enttäuscht Anleger mit bislang höchstem Quartalsverlust,http://www.stock-world.de/nachrichten/marktberichte/ROUNDUP-Tesla-enttaeuscht-Anleger-bislang-hoechstem-Quartalsverlust-n8202642.html,stock-world.de,German,0.0,gdelt_gkg
TSLA,2017-11-01,Tesla swings to $671m loss on Model 3 delays ,http://www.fredericksburg.com/business/business-wire/tesla-swings-to-m-loss-on-model-delays/article_12dcc4d1-3aa6-5ec4-a6fb-ff8478f22481.html,fredericksburg.com,English,0.0,gdelt_gkg
TSLA,2017-11-01,美联储声明公布后黄金电子盘转跌 _ 国际市场 _ 市场 _ 中金在线,http://sc.stock.cnfol.com/guojishichang/20171102/25563320.shtml,sc.stock.cnfol.com,Chinese,0.0,gdelt_gkg
TSLA,2017-11-01,"Colombia despierta el interés de inversionistas de Canadá , destacó el MinComercio",http://diariodelsur.com.co/noticias/economia/colombia-despierta-el-interes-de-inversionistas-de-canada-de-364558,diariodelsur.com.co,Spanish,0.0,gdelt_gkg
TSLA,2017-11-01,Tesla reporta su mayor pérdida trimestral y anuncia demoras de Model 3 ,http://lta.reuters.com/article/businessNews/idLTAKBN1D1622-OUSLB,lta.reuters.com,Spanish,0.0,gdelt_gkg
TSLA,2017-11-01,Tesla enttäuscht Anleger mit bisher höchstem Quartalsverlust,https://www.freiepresse.de/WIRTSCHAFT/Tesla-enttaeuscht-Anleger-mit-bisher-hoechstem-Quartalsverlust-artikel10041947.php,freiepresse.de,German,0.0,gdelt_gkg
TSLA,2017-11-01, （ 迫真 ） ＥＶ時代の足音 （ ２ ） 欧州の覚悟 ： 日本経済新聞,https://www.nikkei.com/article/DGKKZO23019110R01C17A1EA1000/?n_cid=TPRN0001,nikkei.com,Japanese,0.0,gdelt_gkg
TSLA,2017-11-01,Tesla järjesti sijoittajille ison pettymyksen,https://www.arvopaperi.fi/kaikki_uutiset/tesla-jarjesti-sijoittajille-ison-pettymyksen-6685236,arvopaperi.fi,Finnish,0.0,gdelt_gkg
TSLA,2017-11-01,"Finance : Tesla is burning through cash — and it could become a problem ( TSLA , GM )",http://www.pulse.ng/bi/finance/finance-tesla-is-burning-through-cash-and-it-could-become-a-problem-tsla-gm-id7544189.html,pulse.ng,English,0.0,gdelt_gkg
TSLA,2017-11-01,"Tesla stock falls on Model 3 delays , biggest",http://www.stltoday.com/business/local/tesla-stock-falls-on-model-delays-biggest-ever-quarterly-loss/article_72f516cd-e6f0-5141-98fd-80e29ea787ea.html,stltoday.com,English,0.0,gdelt_gkg
TSLA,2017-11-01,"Tesla stock falls on Model 3 delays , biggest",https://finance.yahoo.com/news/tesla-reports-biggest-ever-quarterly-loss-model-3-204727754--finance.html,finance.yahoo.com,English,0.0,gdelt_gkg
TSLA,2017-11-01,طاقة المستقبل .. سبيلنا نحو اقتصاد مستدام,http://www.albayan.ae/economy/opinions/2017-11-02-1.3086032,albayan.ae,Arabic,0.0,gdelt_gkg
TSLA,2017-11-01,Tesla posts record quarterly loss of $619M on Model 3 delays ,http://www.heraldbulletin.com/region/tesla-posts-record-quarterly-loss-of-m-on-model-delays/article_9970f8cd-c4a8-5da8-a23a-aa24b8f9d86d.html,heraldbulletin.com,English,0.0,gdelt_gkg
TSLA,2017-11-01,"Contrary Capital Launches In America Top 55 Major Research Universities , Including BYU And Utah",https://siliconslopes.com/contrary-capital-launches-in-americas-top-55-major-research-universities-including-byu-and-utah-d35a8471fe40?gi=33572fb59232,siliconslopes.com,English,0.0,gdelt_gkg
TSLA,2017-11-01,WDH / ROUNDUP : Tesla enttäuscht Anleger mit bislang höchstem Quartalsverlust,http://www.stock-world.de/nachrichten/marktberichte/WDH-ROUNDUP-Tesla-enttaeuscht-Anleger-bislang-hoechstem-Quartalsverlust-n8202650.html,stock-world.de,German,0.0,gdelt_gkg
TSLA,2017-11-01,PIMCO Closed,https://www.benzinga.com/pressreleases/17/11/g10269722/pimco-closed-end-funds-declare-monthly-common-share-distributions,benzinga.com,English,0.0,gdelt_gkg
TSLA,2017-11-01,Tesla posts record $671 million loss in Q3,http://www.autonews.com/article/20171101/OEM05/171109969/tesla-record-third-quarter-loss-gigafactory-wall-street,autonews.com,English,0.0,gdelt_gkg
TSLA,2017-11-01,Elon Musk said Tesla aims to start producing cars in China in 2020,https://www.businessinsider.com.au/tesla-targets-china-production-2020-2017-11,businessinsider.com.au,English,0.0,gdelt_gkg
TSLA,2017-11-01,Tesla posts record quarterly loss of $619M on Model 3 delays ,http://kdhnews.com/business/technology/tesla-posts-record-quarterly-loss-of-m-on-model-delays/article_06e8ac34-cdbb-59da-9657-960c92467e13.html,kdhnews.com,English,0.0,gdelt_gkg
TSLA,2017-11-01,Another QB enters the mix for Denver,http://infositehub.com/2017/11/02/another-qb-enters-the-mix-for-denver.html,infositehub.com,English,0.0,gdelt_gkg
TSLA,2017-11-01,Park Systems Announces the Grand Opening of the Park NanoScience Center at SUNY Polytechnic Institute,https://www.benzinga.com/pressreleases/17/11/p10269741/park-systems-announces-the-grand-opening-of-the-park-nanoscience-cente,benzinga.com,English,0.0,gdelt_gkg
TSLA,2017-11-01,Keep  Em Guessing : Tesla Slumps as Model 3 Concerns Likely to Linger After Earnings,https://finance.yahoo.com/m/92de25ef-5dcf-37f6-a294-2dbf9953eb7b/ss_keep-%E2%80%98em-guessing:-tesla.html,finance.yahoo.com,English,0.0,gdelt_gkg
TSLA,2017-11-01,Tesla Model 3 delayed : Production snags trip up electric car,http://www.freep.com/story/money/cars/2017/11/01/tesla-model-3/822351001/,freep.com,English,0.0,gdelt_gkg
TSLA,2017-11-01,اخبار اليوم,http://www.source-7.com/news/1295150.html,source-7.com,Arabic,0.0,gdelt_gkg
TSLA,2017-11-01,News Highlights,http://www.4-traders.com/news/News-Highlights-Top-Company-News-of-the-Day--25417894/,4-traders.com,English,0.0,gdelt_gkg
TSLA,2017-11-01,Pictures of  Black belt  Rahul Gandhi practicing martial arts go viral,http://techkenyot.com/2017/11/02/pictures-of-black-belt-rahul-gandhi-practicing-martial-arts/,techkenyot.com,English,0.0,gdelt_gkg
TSLA,2017-11-01,"Tesla stock falls on Model 3 delays , biggest",http://www.oann.com/tesla-reports-biggest-ever-quarterly-loss/,oann.com,English,0.0,gdelt_gkg
TSLA,2017-11-01,Ballard Reports Q3 2017 Results,https://www.benzinga.com/pressreleases/17/11/n10269707/ballard-reports-q3-2017-results,benzinga.com,English,0.0,gdelt_gkg
TSLA,2017-11-01,Tesla enttäuscht Anleger mit bisher höchstem Quartalsverlust,http://www.harzkurier.de/wirtschaft/article212415351/Tesla-enttaeuscht-Anleger-mit-bisher-hoechstem-Quartalsverlust.html,harzkurier.de,German,0.0,gdelt_gkg
TSLA,2017-11-01,Výrobce elektrických aut Tesla vykázal rekordní ztrátu,https://www.finance.cz/499991-vyrobce-elektrickych-aut-tesla-vykazal-rekordni-ztratu/,finance.cz,Czech,0.0,gdelt_gkg
TSLA,2017-11-01,"Stull , Stull & Brody Notifies Investors of a Complaint Filed in Connection with the Sale of Onvia , Inc . ( NASDAQ : ONVI ) to Deltek , Inc . for $9 Per Share",https://www.benzinga.com/pressreleases/17/11/g10269719/stull-stull-brody-notifies-investors-of-a-complaint-filed-in-connectio,benzinga.com,English,0.0,gdelt_gkg
TSLA,2017-11-01,美联储维持利率不变年底 息预期强烈 特斯拉短期 在华建厂计划 _ 新浪财经 _ 新浪网,http://finance.sina.com.cn/roll/2017-11-02/doc-ifynmnae1145738.shtml,finance.sina.com.cn,Chinese,0.0,gdelt_gkg
TSLA,2017-11-01,Tesla enttäuscht Anleger mit bisher höchstem Quartalsverlust,http://www.usinger-anzeiger.de/wirtschaft/wirtschaft-ueberregional/tesla-enttaeuscht-anleger-mit-bisher-hoechstem-quartalsverlust_18289275.htm,usinger-anzeiger.de,German,0.0,gdelt_gkg
TSLA,2017-11-01,"Civilians Dead from Saudi Airstrike in Yemen , Houthi Rebels Claim",http://234vibesnews.com/2017/11/02/civilians-dead-from-saudi-airstrike-in-yemen-houthi-rebels.html,234vibesnews.com,English,0.0,gdelt_gkg
TSLA,2017-11-01,"Facebook , Tesla Hit S & P 500 Futures ; Apple On Tap As iPhone Plays Falter",http://www.nasdaq.com/article/facebook-tesla-hit-sp-500-futures-apple-on-tap-as-iphone-plays-falter-cm869990,nasdaq.com,English,0.0,gdelt_gkg
TSLA,2017-11-01,Tesla targets China production in 2020,http://www.businessinsider.com/tesla-targets-china-production-2020-2017-11,businessinsider.com,English,0.0,gdelt_gkg
TSLA,2017-11-01,Tesla rutscht tiefer in die roten Zahlen als erwartet,https://www.zuonline.ch/wirtschaft/Tesla-rutscht-tiefer-in-die-roten-Zahlen-als-erwartet/story/21036956,zuonline.ch,German,0.0,gdelt_gkg
TSLA,2017-11-01,  تسلا  تحقق أكبر خسائر فصلية على الإطلاق,http://www.elhadas.com/Economy-Business/72022/%D8%AA%D8%B3%D9%84%D8%A7-%D8%AA%D8%AD%D9%82%D9%82-%D8%A3%D9%83%D8%A8%D8%B1-%D8%AE%D8%B3%D8%A7%D8%A6%D8%B1-%D9%81%D8%B5%D9%84%D9%8A%D8%A9-%D8%B9%D9%84%D9%89-%D8%A7%D9%84%D8%A5%D8%B7%D9%84%D8%A7%D9%82,elhadas.com,Arabic,0.0,gdelt_gkg
TSLA,2017-11-01,Retards de production et perte historique pour Tesla,http://www.zonebourse.com/barons-bourse/Elon-Musk-1364/actualites/Retards-de-production-et-perte-historique-pour-Tesla--25417874/,zonebourse.com,French,0.0,gdelt_gkg
TSLA,2017-11-01,Tesla posts record quarterly loss of $619M on Model 3 delays,http://www.ourmidland.com/business/technology/article/Tesla-faces-tough-questions-as-it-reports-3Q-12323238.php,ourmidland.com,English,0.0,gdelt_gkg
TSLA,2017-11-01,Tesla sees record quarterly loss,http://www.bbc.co.uk/news/business-41839826,bbc.co.uk,English,0.0,gdelt_gkg
TSLA,2017-11-01,"ڸ 10 Ǹ , ޿ ̾ ȣ ...  , 15 % ǸŰ",http://news.mt.co.kr/mtview.php?no=2017110208085976767&type=1&MLA,news.mt.co.kr,Korean,0.0,gdelt_gkg
TSLA,2017-11-01,"The Klein Law Firm Announces a Class Action Filed on Behalf of Tesla , Inc . Shareholders and a Lead Plaintiff Deadline of December 11 , 2017",http://www.tmcnet.com/usubmit/2017/11/01/8641707.htm,tmcnet.com,English,0.0,gdelt_gkg
TSLA,2017-11-01,"Tesla stock falls on Model 3 delays , biggest",https://finance.yahoo.com/news/tesla-reports-biggest-ever-quarterly-202934125.html,finance.yahoo.com,English,0.0,gdelt_gkg
TSLA,2017-11-01,Tesla enttäuscht Anleger mit bisher höchstem Quartalsverlust,http://www.heimatzeitung.de/nachrichten/wirtschaft/2714022_Tesla-enttaeuscht-Anleger-mit-bisher-hoechstem-Quartalsverlust.html,heimatzeitung.de,German,0.0,gdelt_gkg
TSLA,2017-11-01,TESLA সম্পর্কে ১৫টি তথ্য যা হয়তো আপনি জানেন না ! ,https://www.techtunes.com.bd/reports/tune-id/521002,techtunes.com.bd,Bengali,0.0,gdelt_gkg
TSLA,2017-11-01,  تسلا  تحقق أكبر خسائر فصلية على الإطلاق,http://www.alarab-news.com/ebusines/article-1308831.html,alarab-news.com,Arabic,0.0,gdelt_gkg
TSLA,2017-11-01,Chevy Bolt and Toyota Prius Prime Outsell Tesla,https://www.torquenews.com/1083/chevy-bolt-and-toyota-prius-prime-outsell-tesla-there-new-ev-watch,torquenews.com,English,0.0,gdelt_gkg
TSLA,2017-11-01,"ڸ 10 Ǹ , ޿ ̾ ȣ ...  , 15 % ǸŰ",http://news.mt.co.kr/mtview.php?no=2017110208085976767&MMHN,news.mt.co.kr,Korean,0.0,gdelt_gkg
TSLA,2017-11-01,"Tesla stock falls on Model 3 delays , biggest",http://in.reuters.com/article/tesla-results/tesla-stock-falls-on-model-3-delays-biggest-ever-quarterly-loss-idINKBN1D15U2,in.reuters.com,English,0.0,gdelt_gkg
TSLA,2017-11-01,Tesla is still struggling to mass produce the Model 3,https://finance.yahoo.com/news/tesla-still-struggling-mass-produce-204000447.html,finance.yahoo.com,English,0.0,gdelt_gkg
TSLA,2017-11-01,Report : Trump to name Jerome Powell new Fed chair,https://hotair.com/headlines/archives/2017/11/report-trump-name-jerome-powell-new-fed-chair/,hotair.com,English,0.0,gdelt_gkg
TSLA,2017-11-01,Core Realty Announces Smart Apartment Technology With Amazon Alexa to Pittsburgh,https://www.benzinga.com/pressreleases/17/11/p10269740/core-realty-announces-smart-apartment-technology-with-amazon-alexa-to-,benzinga.com,English,0.0,gdelt_gkg
TSLA,2017-11-01,Uranium One,https://wn.com/Uranium_One,wn.com,English,0.0,gdelt_gkg
TSLA,2017-11-01,"Wall Street : pluie de records , J . Powell  Chairman  de la FED",http://votreargent.lexpress.fr/indices/wall-street-pluie-de-records-j-powell-chairman-de-la-fed_1956998.html,votreargent.lexpress.fr,French,0.0,gdelt_gkg
TSLA,2017-11-01,Dyster kvartalsrapport från Tesla,http://www.folkbladet.se/nyheter/dyster-kvartalsrapport-fran-tesla-om4874759.aspx,folkbladet.se,Swedish,0.0,gdelt_gkg
TSLA,2017-11-01,اخبار اليوم,http://www.source-7.com/news/1295149.html,source-7.com,Arabic,0.0,gdelt_gkg
TSLA,2017-11-01,W & T Offshore Announces Third Quarter 2017 Operational And Financial Results,https://www.benzinga.com/pressreleases/17/11/n10269714/w-t-offshore-announces-third-quarter-2017-operational-and-financial-re,benzinga.com,English,0.0,gdelt_gkg
TSLA,2017-11-01,Strongco Announces Third Quarter 2017 Results,https://www.benzinga.com/pressreleases/17/11/n10269718/strongco-announces-third-quarter-2017-results,benzinga.com,English,0.0,gdelt_gkg
TSLA,2017-11-01,"ڸ 10 Ǹ , ޿ ̾ ȣ ...  , 15 % ǸŰ",http://news.mt.co.kr/mtview.php?no=2017110208085976767&MNF,news.mt.co.kr,Korean,0.0,gdelt_gkg
TSLA,2017-11-01,Will modern Luddites smash tech future ? ,http://www.virginislandsdailynews.com/opinion/columnists/will-modern-luddites-smash-tech-s-future/article_3f380bdd-cf72-5e35-b042-c6afedb8c6c3.html,virginislandsdailynews.com,English,0.0,gdelt_gkg
TSLA,2017-11-01,Palamina Announces New Director Nominee and Senior Management Appointments to Expand Peruvian Discovery Team,https://www.benzinga.com/content/10269739/palamina-announces-new-director-nominee-and-senior-management-appointments-to-expan,benzinga.com,English,0.0,gdelt_gkg
TSLA,2017-11-01,Panasonic CEO says could soon increase output at Tesla gigafactory battery plant,https://www.thestar.com.my/tech/tech-news/2017/10/31/panasonic-ceo-says-could-soon-increase-output-at-teslas-gigafactory-battery-plant/,thestar.com.my,English,0.0,gdelt_gkg
TSLA,2017-11-01,Tesla Model 3 production problems,https://www.cnbc.com/2017/11/01/tesla-model-3-production-problems.html,cnbc.com,English,0.0,gdelt_gkg
TSLA,2017-11-01,"Tesla stock falls on Model 3 delays , biggest",https://finance.yahoo.com/news/tesla-reports-biggest-ever-quarterly-202322916.html,finance.yahoo.com,English,0.0,gdelt_gkg
TSLA,2017-11-01,Tesla posts record quarterly loss of $619M on Model 3 delays ,http://www.pressofatlanticcity.com/business/technology/tesla-posts-record-quarterly-loss-of-m-on-model-delays/article_393f1d7d-28ba-562d-b4cf-79db77fd025c.html,pressofatlanticcity.com,English,0.0,gdelt_gkg
TSLA,2017-11-01,goeasy Ltd . Enters into New Credit Facility and Closes US$325 Million Offering of Senior Unsecured Notes,https://www.benzinga.com/pressreleases/17/11/g10269768/goeasy-ltd-enters-into-new-credit-facility-and-closes-us-325-million-o,benzinga.com,English,0.0,gdelt_gkg
TSLA,2017-11-01,Strongco Announces Third Quarter 2017 Results,https://www.benzinga.com/pressreleases/17/11/n10269717/strongco-announces-third-quarter-2017-results,benzinga.com,English,0.0,gdelt_gkg
TSLA,2017-11-01,Tesla sees record quarterly loss,http://www.bbc.com/news/business-41839826,bbc.com,English,0.0,gdelt_gkg
TSLA,2017-11-01,Tesla posts record quarterly loss of $619M on Model 3 delays,http://fox21news.com/ap/tesla-posts-record-quarterly-loss-of-619m-on-model-3-delays/,fox21news.com,English,0.0,gdelt_gkg
TSLA,2017-11-01,Tesla posts record quarterly loss of $619M on Model 3 delays ,http://www.bakersfield.com/ap/news/tesla-posts-record-quarterly-loss-of-m-on-model-delays/article_2238ca90-5acf-522c-8ef2-437d7c9bcadb.html,bakersfield.com,English,0.0,gdelt_gkg
TSLA,2017-11-01,Dyster kvartalsrapport från Tesla,http://unt.se/nyheter/dyster-kvartalsrapport-fran-tesla-4804882.aspx,unt.se,Swedish,0.0,gdelt_gkg
TSLA,2017-11-01,COR,http://www.boursier.com/actualites/reuters/cor-tesla-affiche-la-plus-forte-perte-de-son-histoire-211193.html,boursier.com,French,0.0,gdelt_gkg
TSLA,2017-11-01,Finance : Tesla fired 700 employees after performance reviews in the third quarter ( TSLA ),http://www.pulse.com.gh/bi/finance/finance-tesla-fired-700-employees-after-performance-reviews-in-the-third-quarter-tsla-id7544171.html,pulse.com.gh,English,0.0,gdelt_gkg
TSLA,2017-11-01,Bill would allow Tesla to open dealerships in Wisconsin,http://www.wbay.com/content/news/Bill-would-allow-Tesla-to-open-dealerships-in-Wisconsin-454518193.html,wbay.com,English,0.0,gdelt_gkg
TSLA,2017-11-01,Tesla : le trou dair industriel,http://www.lepoint.fr/automobile/actualites/tesla-le-trou-d-air-industriel-01-11-2017-2169190_683.php,lepoint.fr,French,0.0,gdelt_gkg
TSLA,2017-11-01,Tesla just revealed why Model 3 production is behind schedule ( TSLA ) ,http://www.middletownpress.com/technology/businessinsider/article/The-Model-3-will-be-Tesla-s-biggest-test-yet-11007853.php,middletownpress.com,English,0.0,gdelt_gkg
TSLA,2017-11-01,"Tesla is struggling to build the Model 3 — and that could be great news for the Chevy Bolt ( TSLA , GM ) ",http://www.nhregister.com/technology/businessinsider/article/The-Model-3-will-be-Tesla-s-biggest-test-yet-11007853.php,nhregister.com,English,0.0,gdelt_gkg
TSLA,2017-11-01,Tesla gives wishy,http://gantdaily.com/2017/11/01/tesla-gives-wishy-washy-outlook-for-model-3-production-issues/,gantdaily.com,English,0.0,gdelt_gkg
TSLA,2017-11-01,  تسلا  تحقق أكبر خسائر فصلية على الإطلاق,http://ar.alshbaka.net/business/1440717/%D8%AA%D8%B3%D9%84%D8%A7-%D8%AA%D8%AD%D9%82%D9%82-%D8%A3%D9%83%D8%A8%D8%B1-%D8%AE%D8%B3%D8%A7%D8%A6%D8%B1-%D9%81%D8%B5%D9%84%D9%8A%D8%A9-%D8%B9%D9%84%D9%89-%D8%A7%D9%84%D8%A5%D8%B7%D9%84%D8%A7%D9%82,ar.alshbaka.net,Arabic,0.0,gdelt_gkg
TSLA,2017-11-01,Elektroautobauer : Tesla enttäuscht mit bislang höchstem Quartalsverlust,http://www.wiwo.de/unternehmen/industrie/elektroautobauer-tesla-enttaeuscht-mit-bislang-hoechstem-quartalsverlust/20529884.html,wiwo.de,German,0.0,gdelt_gkg
TSLA,2017-11-01,隔夜要聞 : 美聯儲維持基準利率 三大股指創盤中新高,http://news.sina.com.tw/article/20171102/24445188.html,news.sina.com.tw,Chinese,0.0,gdelt_gkg
TSLA,2017-11-01,جريدة الدستور :  تسلا  تحقق أكبر خسائر فصلية على الإطلاق,http://www.dostor.org/1610683,dostor.org,Arabic,0.0,gdelt_gkg
TSLA,2017-11-01,"Intel , Cisco Systems Pace DJIA to Gains Wednesday",http://247wallst.com/investing/2017/11/01/intel-cisco-systems-pace-djia-to-gains-wednesday/,247wallst.com,English,0.0,gdelt_gkg
TSLA,2017-11-01,Tesla reporta la mayor pérdida trimestral de su historia,http://expansion.mx/empresas/2017/11/01/tesla-reporta-la-mayor-perdida-trimestral-de-su-historia,expansion.mx,Spanish,0.0,gdelt_gkg
TSLA,2017-11-01,Tesla swings to $671m loss on Model 3 delays,http://www.middletownpress.com/business/technology/article/Tesla-faces-tough-questions-as-it-reports-3Q-12323238.php,middletownpress.com,English,0.0,gdelt_gkg
TSLA,2017-11-01,الأسهم الأمريكية ترتفع عند الإغلاق,http://www.elmonzar.net/economy/1043387/%D8%A7%D9%84%D8%A3%D8%B3%D9%87%D9%85-%D8%A7%D9%84%D8%A3%D9%85%D8%B1%D9%8A%D9%83%D9%8A%D8%A9-%D8%AA%D8%B1%D8%AA%D9%81%D8%B9-%D8%B9%D9%86%D8%AF-%D8%A7%D9%84%D8%A5%D8%BA%D9%84%D8%A7%D9%82,elmonzar.net,Arabic,0.0,gdelt_gkg
TSLA,2017-11-01,Aktie rutscht ab : Tesla enttäuscht Anleger mit ... ,http://www.wn.de/Welt/Wirtschaft/3039754-Aktie-rutscht-ab-Tesla-enttaeuscht-Anleger-mit-bisher-hoechstem-Quartalsverlust,wn.de,German,0.0,gdelt_gkg
TSLA,2017-11-01,"Pomerantz LLP : SHAREHOLDER ALERT : Pomerantz Law Firm Reminds Shareholders with Losses on their Investment in Tesla , Inc . of Class Action Lawsuit and Upcoming Deadline",http://www.finanznachrichten.de/nachrichten-2017-11/42120050-pomerantz-llp-shareholder-alert-pomerantz-law-firm-reminds-shareholders-with-losses-on-their-investment-in-tesla-inc-of-class-action-lawsuit-and-u-200.htm,finanznachrichten.de,English,0.0,gdelt_gkg
TSLA,2017-11-01,John Ivison : Little concern from politicians as Environment Canada buys ultimate vehicles for testing,http://nationalpost.com/opinion/john-ivison-environment-canada-buys-the-ultimate-driving-machines-for-testing,nationalpost.com,English,0.0,gdelt_gkg
TSLA,2017-11-01,اسهم بورصة المريكا تزْداد عند الإغلاق,http://www.alarab-news.com/ebusines/article-1308740.html,alarab-news.com,Arabic,0.0,gdelt_gkg
TSLA,2017-11-01,Tesla enttäuscht Anleger mit bisher höchstem Quartalsverlust,http://www.allgemeine-zeitung.de/wirtschaft/wirtschaft-ueberregional/tesla-enttaeuscht-anleger-mit-bisher-hoechstem-quartalsverlust_18289275.htm,allgemeine-zeitung.de,German,0.0,gdelt_gkg
TSLA,2017-11-01,"Tesla missed big time on earnings , but the company core business is in good shape ( TSLA ) ",https://finance.yahoo.com/news/tesla-missed-big-time-earnings-221848015.html,finance.yahoo.com,English,0.0,gdelt_gkg
TSLA,2017-11-01,The Tesla Model 3 : Everything we know so far ( NerdWallet ) ,http://www.cleveland.com/business/index.ssf/2017/10/the_tesla_model_3_everything_w.html,cleveland.com,English,0.0,gdelt_gkg
TSLA,2017-11-01,  تسلا  تحقق أكبر خسائر فصلية على الإطلاق,http://www.elmethaq.net/economy-news/861661/%D8%AA%D8%B3%D9%84%D8%A7-%D8%AA%D8%AD%D9%82%D9%82-%D8%A3%D9%83%D8%A8%D8%B1-%D8%AE%D8%B3%D8%A7%D8%A6%D8%B1-%D9%81%D8%B5%D9%84%D9%8A%D8%A9-%D8%B9%D9%84%D9%89-%D8%A7%D9%84%D8%A5%D8%B7%D9%84%D8%A7%D9%82,elmethaq.net,Arabic,0.0,gdelt_gkg
TSLA,2017-11-01,"Finance : Tesla missed big time on earnings , but the company core business is in good shape ( TSLA )",http://www.pulse.ng/bi/finance/finance-tesla-missed-big-time-on-earnings-but-the-companys-core-business-is-in-good-shape-tsla-id7544134.html,pulse.ng,English,0.0,gdelt_gkg
TSLA,2017-11-01,"Tesla Posts Loss , Pushes Out Model 3 Production Ramp",http://247wallst.com/autos/2017/11/01/tesla-posts-loss-pushes-out-model-3-production-ramp/,247wallst.com,English,0.0,gdelt_gkg
TSLA,2017-11-01,Elon Musk says Tesla ’ s China factory could begin production in roughly three years,https://techcrunch.com/2017/11/01/elon-musk-says-teslas-china-factory-could-begin-production-in-roughly-three-years/,techcrunch.com,English,0.0,gdelt_gkg
TSLA,2017-11-01,Tesla enttäuscht Anleger mit bisher höchstem Quartalsverlust,http://www.pnp.de/nachrichten/wirtschaft/wirtschaft/2714021_Tesla-enttaeuscht-Anleger-mit-bisher-hoechstem-Quartalsverlust.html,pnp.de,German,0.0,gdelt_gkg
TSLA,2017-11-01,October 2017 plug,http://electriccarsreport.com/2017/11/october-2017-plug-vehicle-sales/,electriccarsreport.com,English,0.0,gdelt_gkg
TSLA,2017-11-01,Tesla enttäuscht Anleger mit bisher höchstem Quartalsverlust,https://www.mz-web.de/wirtschaft/tesla-enttaeuscht-anleger-mit-bisher-hoechstem-quartalsverlust-28752484,mz-web.de,German,0.0,gdelt_gkg
TSLA,2017-11-01,Tesla is burning through cash -- and it could become a problem,https://www.businessinsider.com.au/tesla-cash-burn-could-become-problem-2017-11,businessinsider.com.au,English,0.0,gdelt_gkg
TSLA,2017-11-01,جريدة الدستور : الأسهم الأمريكية ترتفع عند الإغلاق,http://www.dostor.org/1610681,dostor.org,Arabic,0.0,gdelt_gkg
TSLA,2017-11-01,Tesla could upgrade customer computers to meet self,https://techcrunch.com/2017/11/01/tesla-could-upgrade-customer-computers-to-meet-self-driving-requirements/,techcrunch.com,English,0.0,gdelt_gkg
TSLA,2017-11-01,工人抵觸強烈 特斯拉Model 3增產目標恐受阻,http://cn.wsj.com/big5/20171101/tec132903.asp,cn.wsj.com,Chinese,0.0,gdelt_gkg
TSLA,2017-11-01,"Tesla Records Strong Deliveries , but Losses Per Share in Q3",http://www.motortrend.com/news/tesla-records-strong-deliveries-losses-per-share-q3/,motortrend.com,English,0.0,gdelt_gkg
TSLA,2017-11-01,Tesla rutscht tiefer in die roten Zahlen als erwartet,https://bazonline.ch/wirtschaft/unternehmen-und-konjunktur/Tesla-rutscht-tiefer-in-die-roten-Zahlen-als-erwartet/story/21036956,bazonline.ch,German,0.0,gdelt_gkg
TSLA,2017-11-01,Tesla rutscht tiefer in die roten Zahlen als erwartet,https://www.zuonline.ch/wirtschaft/unternehmen-und-konjunktur/Tesla-rutscht-tiefer-in-die-roten-Zahlen-als-erwartet/story/21036956,zuonline.ch,German,0.0,gdelt_gkg
TSLA,2017-11-01,United Power to build the state largest battery,http://www.greeleytribune.com/news/business/united-power-to-build-the-states-largest-battery-storage-system-in-firestone/,greeleytribune.com,English,0.0,gdelt_gkg
TSLA,2017-11-01,"Tesla Posts Q3 Miss , Shares Drop 5 %, Facebook Beats",http://www.nasdaq.com/article/tesla-posts-q3-miss-shares-drop-5-facebook-beats-cm869991,nasdaq.com,English,0.0,gdelt_gkg
TSLA,2017-11-01,מדווחת על הפסד עמוק מהצפוי,http://www.bizportal.co.il/globalmarkets/news/article/641808,bizportal.co.il,Hebrew,0.0,gdelt_gkg
TSLA,2017-11-01,Tesla rutscht tiefer in die roten Zahlen als erwartet,https://www.thunertagblatt.ch/wirtschaft/unternehmen-und-konjunktur/Tesla-rutscht-tiefer-in-die-roten-Zahlen-als-erwartet/story/21036956,thunertagblatt.ch,German,0.0,gdelt_gkg
TSLA,2017-11-01,US close : Modest gains on Wall Street as Fed stands pat on rates,https://www.digitallook.com/news/market-report-us-close/us-close-modest-gains-on-wall-st-as-fed-stands-pat-on-rates--2948928.html,digitallook.com,English,0.0,gdelt_gkg
TSLA,2017-11-01,Tesla losses escalate in latest quarter,http://www.detroitnews.com/story/business/autos/mobility/2017/11/01/tesla-losses-escalate-third-quarter/107243694/,detroitnews.com,English,0.0,gdelt_gkg
TSLA,2017-11-01,Tesla confirme construire une usine en Chine,http://www.lepoint.fr/automobile/actualites/tesla-confirme-construire-une-usine-en-chine-01-11-2017-2169192_683.php,lepoint.fr,French,0.0,gdelt_gkg
TSLA,2017-11-01,"Trading Notes on Omega Healthcare Investors , Inc . ( NYSE : OHI ): Active Stock Recap",http://oyccanarias.com/2017/11/02/trading-notes-on-omega-healthcare-investors-inc-nyse-ohi/,oyccanarias.com,English,0.0,gdelt_gkg
TSLA,2017-11-01,"׽ , 󺸴 ū  .. 3   ְ ϶",http://news.mt.co.kr/mtview.php?no=2017110207271360100,news.mt.co.kr,Korean,0.0,gdelt_gkg
TSLA,2017-11-01,Tesla cash burn may become a problem,http://www.businessinsider.com/tesla-cash-burn-could-become-problem-2017-11,businessinsider.com,English,0.0,gdelt_gkg
TSLA,2017-11-01,Clôture de Wall Street,http://www.boursier.com/indices/actualites/news/cloture-de-wall-street-en-ordre-disperse-apres-la-fed-746279.html,boursier.com,French,0.0,gdelt_gkg
TSLA,2017-11-01,Major Averages Close Mixed After Fed Announcement -... ,http://www.morningstar.co.uk/uk/news/AN_1509567230025278500/major-averages-close-mixed-after-fed-announcement---us-commentary.aspx,morningstar.co.uk,English,0.0,gdelt_gkg
TSLA,2017-11-01,季損創紀錄 、 Model 3生產瓶 難突  特斯拉股價挫5 % ,https://udn.com/news/story/6811/2792797,udn.com,Chinese,0.0,gdelt_gkg
TSLA,2017-11-01,Court,http://www.lepoint.fr/automobile/actualites/court-circuit-chez-tesla-avec-sa-plus-grosse-perte-trimestrielle-01-11-2017-2169191_683.php,lepoint.fr,French,0.0,gdelt_gkg
TSLA,2017-11-01,Tesla has bad news if youre waiting for a Model 3,http://mashable.com/2017/11/01/tesla-q3-2017-earnings/,mashable.com,English,0.0,gdelt_gkg
TSLA,2017-11-01,Spero Therapeutics Announces Pricing of Initial Public Offering,https://www.benzinga.com/pressreleases/17/11/g10269416/spero-therapeutics-announces-pricing-of-initial-public-offering,benzinga.com,English,0.0,gdelt_gkg
TSLA,2017-11-01,Tesla could upgrade customer computers to meet self,https://www.yahoo.com/news/tesla-could-upgrade-customer-computers-223706126.html,yahoo.com,English,0.0,gdelt_gkg
TSLA,2017-11-01,Elon Musk says Tesla China factory could begin production in roughly three years,https://www.yahoo.com/news/elon-musk-says-tesla-apos-225203692.html,yahoo.com,English,0.0,gdelt_gkg
TSLA,2017-11-01,Tesla enregistre sa plus grosse perte trimestrielle,https://fr.metrotime.be/2017/11/01/news/tesla-enregistre-sa-plus-grosse-perte-trimestrielle/,fr.metrotime.be,French,0.0,gdelt_gkg
TSLA,2017-11-01,"Finance : Tesla is burning through cash — and it could become a problem ( TSLA , GM )",http://www.pulse.com.gh/bi/finance/finance-tesla-is-burning-through-cash-and-it-could-become-a-problem-tsla-gm-id7544189.html,pulse.com.gh,English,0.0,gdelt_gkg
TSLA,2017-11-01,Aktie rutscht ab : Tesla enttäuscht Anleger mit ... ,http://www.westfalen-blatt.de/Ueberregional/Nachrichten/Wirtschaft/3039754-Aktie-rutscht-ab-Tesla-enttaeuscht-Anleger-mit-bisher-hoechstem-Quartalsverlust,westfalen-blatt.de,German,0.0,gdelt_gkg
TSLA,2017-11-01,Major Averages Close Mixed After Fed Announcement,http://www.rttnews.com/story.aspx?Id=2830745,rttnews.com,English,0.0,gdelt_gkg
TSLA,2017-11-01,Tesla præsenterer et kæmpe underskud,https://www.mx.dk/nyheder/global/story/11257456,mx.dk,Danish,0.0,gdelt_gkg
TSLA,2017-11-01,TV Guide united kingdom TV Listings,http://my.tvguide.co.uk/channellisting.asp?ch=320&cTime=11/1/2017%2011:00:00%20PM&thisTime=&thisDay=,my.tvguide.co.uk,English,0.0,gdelt_gkg
TSLA,2017-11-01,Bill would allow Tesla to open dealerships in Wisconsin,http://www.nbc26.com/news/bill-would-allow-tesla-to-open-dealerships-in-wisconsin,nbc26.com,English,0.0,gdelt_gkg
TSLA,2017-11-01,Elon Musk calls out reporters on Tesla earnings call,http://mashable.com/2017/11/01/elon-musk-pissed-at-press/,mashable.com,English,0.0,gdelt_gkg
TSLA,2017-11-01,Bill would allow Tesla to open dealerships in Wisconsin // WJFW TV,http://www.wjfw.com/storydetails/20171101153300/%20bill_would_allow_tesla_to_open_dealerships_in_wisconsin,wjfw.com,English,0.0,gdelt_gkg
