ticker,date,title,url,domain,language,tone,source
QCOM,2023-02-01,테슬라 대항마 되나 … 가격 내린 포드 머스탱 마하E 타보니 서기열의 실리콘밸리나우,https://www.hankyung.com/international/article/202302018349i,hankyung.com,Korean,0.0,gdelt_gkg
QCOM,2023-02-01,"Nowość – Galaxy S23 : podziel się tym , co niezwykłe",https://www.telix.pl/sprzet/samsung/2023/02/nowosc-galaxy-s23-podziel-sie-tym-co-niezwykle/,telix.pl,Polish,0.0,gdelt_gkg
QCOM,2023-02-01,"Galaxy S23 , S23+ ve S23 Ultra özellikleri",https://www.teknoblog.com/galaxy-s23-ozellikleri/,teknoblog.com,Turkish,0.0,gdelt_gkg
QCOM,2023-02-01,Galaxy S23 fiyat ve ön satış detayları netleşti,https://www.teknoblog.com/galaxy-s23-fiyat-on-satis-detaylari-netlesti/,teknoblog.com,Turkish,0.0,gdelt_gkg
QCOM,2023-02-01,U . S . stocks rise as Powell acknowledges disinflation,https://www.bnnbloomberg.ca/u-s-stocks-rise-as-powell-acknowledges-disinflation-1.1877512,bnnbloomberg.ca,English,0.0,gdelt_gkg
QCOM,2023-02-01,Ultima Ora - Ultime Notizie Zazoom Social News,https://www.zazoom.it/2023-02-01/la-federal-reserve-ha-aumentato-nuovamente-i-tassi-dinteresse-per-contenere-linflazione/12328969/,zazoom.it,Italian,0.0,gdelt_gkg
QCOM,2023-02-01,"Samsung Galaxy 2023 smartphones boost cameras , power , maintain price",https://www.usatoday.com/story/money/2023/02/01/samsung-galaxy-2023-smartphones/11155773002/,usatoday.com,English,0.0,gdelt_gkg
QCOM,2023-02-01,Samsung Galaxy S23 Ultra resmi olarak tanıtıldı,https://www.maxicep.com/samsung-galaxy-s23-ultra-resmi-olarak-tanitildi,maxicep.com,Turkish,0.0,gdelt_gkg
QCOM,2023-02-01,Samsung Announces Its Next Generation Flagship S Series Devices And Galaxy Book3 Laptops,https://www.forbes.com/sites/patrickmoorhead/2023/02/01/samsung-announces-its-next-generation-flagship-s-series-devices-and-galaxy-book3-laptops/,forbes.com,English,0.0,gdelt_gkg
QCOM,2023-02-01,Samsung Galaxy S23 ve S23+ resmi olarak duyuruldu,https://www.maxicep.com/samsung-galaxy-s23-ve-s23-resmi-olarak-duyuruldu,maxicep.com,Turkish,0.0,gdelt_gkg
QCOM,2023-02-01,Samsung Galaxy S23 Series Officially Unpacked . Preorders Start,https://www.ubergizmo.com/2023/02/samsung-galaxy-s23-series-officially-unpacked-preorders-start/,ubergizmo.com,English,0.0,gdelt_gkg
QCOM,2023-02-01,"Samsung Galaxy S23 , S23+ y S23 Ultra : más potencia y mejor cámara pero también más caros",https://www.expansion.com/tecnologia/2023/02/01/63d91242e5fdeae7678b468e.html,expansion.com,Spanish,0.0,gdelt_gkg
QCOM,2023-02-01,Galaxy Unpacked 2023 : सैमसंग ने लॉन्च की अपनी नई Samsung galaxy S23 स्मार्टफोन सीरीज,https://www.jagran.com/technology/latest-launch-samsung-launched-its-new-samsung-s23-series-including-galaxy-s23-s23-plus-and-s23-ultra-23316572.html,jagran.com,Hindi,0.0,gdelt_gkg
QCOM,2023-02-01,Xiaomi Pad 6 and Pad 6 Pro specs have been tipped,https://www.gizchina.com/2023/02/01/xiaomi-pad-6-and-pad-6-pro-specs-have-been-tipped/,gizchina.com,English,0.0,gdelt_gkg
QCOM,2023-02-01,Meta first smartwatch is coming with a front and rear camera,https://www.gizchina.com/2023/02/01/metas-first-smartwatch-is-coming-with-a-front-and-rear-camera/,gizchina.com,English,0.0,gdelt_gkg
QCOM,2023-02-01,The Samsung Galaxy S23 phones have been revealed,https://www.neowin.net/news/the-samsung-galaxy-s23-phones-have-been-revealed/,neowin.net,English,0.0,gdelt_gkg
QCOM,2023-02-01,"Samsung Galaxy S23 vs S22 : Specs , price , and more . ",https://mashable.com/article/samsung-galaxy-s23-vs-s22-specs-price,mashable.com,English,0.0,gdelt_gkg
QCOM,2023-02-01,Samsung Galaxy S23 vs . iPhone 14 : Comparing specs and prices,https://mashable.com/article/samsung-galaxy-s23-ultra-vs-iphone-14-pro-max-specs-price,mashable.com,English,0.0,gdelt_gkg
QCOM,2023-02-01,Allez plus loin dans vos passions avec la nouvelle série Samsung Galaxy S23,"https://www.businessnews.com.tn/allez-plus-loin-dans-vos-passions-avec-la-nouvelle-serie-samsung-galaxy-s23,524,126501,3",businessnews.com.tn,French,0.0,gdelt_gkg
QCOM,2023-02-01,Samsungdan iPhone 14 rakibi yeni amiral gemisi telefon : Galaxy S23 Ultra hem özellikleri hem de fiyatıyla ağızları açık bıraktı ... İşte Galaxy S23 Türkiye fiyatları ... ,https://www.turkiyegazetesi.com.tr/teknoloji/samsung-iphone-14-rakibi-yeni-amiral-gemisi-telefonlarini-tanitiyor-iste-galaxy-s23-ozellikleri-ve-fiyati-946218,turkiyegazetesi.com.tr,Turkish,0.0,gdelt_gkg
QCOM,2023-02-01,Galaxy S23 and S23+ launched with new design and bigger battery,https://www.gizchina.com/2023/02/01/galaxy-s23-and-s23-are-launched-with-new-design-and-bigger-battery/,gizchina.com,English,0.0,gdelt_gkg
QCOM,2023-02-01,"Samsung Galaxy S returns with faster , more eco - friendly design",https://www.koreaherald.com/view.php?ud=20230201000828,koreaherald.com,English,0.0,gdelt_gkg
QCOM,2023-02-01,"Avec ces nouvelles sanctions , les États - Unis veulent la fin de Huawei",https://www.journaldugeek.com/2023/02/01/avec-ces-nouvelles-sanctions-les-etats-unis-veulent-la-fin-de-huawei/,journaldugeek.com,French,0.0,gdelt_gkg
QCOM,2023-02-01," [ 언팩 2023 ] 가장 강력한  갤럭시 S23  나온다 … S23 울트라 ,  S23 + ,  S23  3종",https://www.metroseoul.co.kr:443/article/20230201500389,metroseoul.co.kr,Korean,0.0,gdelt_gkg
QCOM,2023-02-01,Samsung is working on  extended reality  headsets with help from Google and Qualcomm,https://www.neowin.net/news/samsung-is-working-on-extended-reality-headsets-with-help-from-google-and-qualcomm/,neowin.net,English,0.0,gdelt_gkg
QCOM,2023-02-01,Top 10 flagship mobile phones for January 2023,https://www.gizchina.com/2023/02/01/top-10-flagship-mobile-phones-for-january-2023/,gizchina.com,English,0.0,gdelt_gkg
QCOM,2023-02-01,Premieren beim Galaxy S23 : Diese 5 Features machen das Handy besonders,https://www.netzwelt.de/news/213385-premieren-galaxy-s23-5-features-handy-besonders.html,netzwelt.de,German,0.0,gdelt_gkg
QCOM,2023-02-01,Samsung Galaxy S23 smartphone lineup brings Snapdragon 8 Gen 2 and up to a 200MP camera,https://liliputing.com/samsungs-galaxy-s23-smartphone-lineup-brings-snapdragon-8-gen-2-and-up-to-a-200mp-camera/,liliputing.com,English,0.0,gdelt_gkg
QCOM,2023-02-01,"Samsung Galaxy S23 launched - South African pricing , specs",https://techcentral.co.za/samsung-galaxy-s23-launched-south-african-pricing-specs/221585/,techcentral.co.za,English,0.0,gdelt_gkg
QCOM,2023-02-01,Samsung Galaxy S23 Serisi Tanıtıldı : Fiyatı ve Özellikleri,https://www.webtekno.com/samsung-galaxy-s23-plus-ultra-ozellikleri-fiyati-h130138.html,webtekno.com,Turkish,0.0,gdelt_gkg
QCOM,2023-02-01,三星Galaxy Unpacked 2023 》 全新Galaxy S23系列懶人包 Galaxy Book3筆電台灣上市無望 - 科技,https://www.chinatimes.com/realtimenews/20230202000094-260412,chinatimes.com,Chinese,0.0,gdelt_gkg
QCOM,2023-02-01,Samsung lança linha Galaxy S23 no Brasil com câmera de 200 MP ; confira o preço,https://canaltech.com.br/smartphone/samsung-lanca-linha-galaxy-s23-no-brasil-com-camera-de-200-mp-e-chip-exclusivo-237784/,canaltech.com.br,Portuguese,0.0,gdelt_gkg
QCOM,2023-02-01,"Samsung , XR gözlük için Google ve Qualcommla anlaştı",https://shiftdelete.net/samsung-google-qualcomm-xr-gozluk,shiftdelete.net,Turkish,0.0,gdelt_gkg
QCOM,2023-02-01,Galaxy S23 ve S23 Plus ön inceleme ! ,https://shiftdelete.net/galaxy-s23-ve-s23-plus-on-inceleme,shiftdelete.net,Turkish,0.0,gdelt_gkg
QCOM,2023-02-01,Samsung Galaxy S23 : É a bandeira do mundo Android ! ,https://www.leak.pt/samsung-galaxy-s23-e-a-bandeira-do-mundo-android/,leak.pt,Portuguese,0.0,gdelt_gkg
QCOM,2023-02-01,Hands On : Samsung Galaxy S23 Line Puts Up to 200 Megapixels in Your Pocket,https://www.pcmag.com/news/hands-on-samsungs-galaxy-s23-line-puts-up-to-200-megapixels-in-your-pocket,pcmag.com,English,0.0,gdelt_gkg
QCOM,2023-02-01,Samsung Galaxy S23+ vs Galaxy S22+ : How are they different ? ,https://www.sammobile.com/news/galaxy-s23-plus-vs-galaxy-s22-plus/,sammobile.com,English,0.0,gdelt_gkg
QCOM,2023-02-01,"Samsung is working on AR / VR headset based on Android , featuring Qualcomm chip",https://www.sammobile.com/news/samsung-xr-headset-teased-android-qualcomm-chip/,sammobile.com,English,0.0,gdelt_gkg
QCOM,2023-02-01,Samsung Galaxy S23 Plus teknik özellikleri / fiyatı,https://shiftdelete.net/samsung-galaxy-s23-plus-ozellikleri-fiyati,shiftdelete.net,Turkish,0.0,gdelt_gkg
QCOM,2023-02-01,"First Impressions : Samsung Galaxy S23 , S23 Plus , and S23 Ultra bet big on photography and gaming",https://www.businessinsider.in/tech/news/first-impressions-samsung-galaxy-s23-s23-plus-and-s23-ultra-go-heavy-on-photography-and-gaming/articleshow/97532856.cms,businessinsider.in,English,0.0,gdelt_gkg
QCOM,2023-02-01,Samsung Galaxy S23 Series Launched With Snapdragon 8 Gen 2,https://www.greenbot.com/samsungs-galaxy-s23-series-launched/,greenbot.com,English,0.0,gdelt_gkg
QCOM,2023-02-01,Does the Galaxy S23 Have the Fastest Processor Ever ? ,https://www.pcmag.com/news/does-the-galaxy-s23-have-the-fastest-processor-ever,pcmag.com,English,0.0,gdelt_gkg
QCOM,2023-02-01,To PiM or Not to PiM - ACM Queue,https://queue.acm.org/detail.cfm?id=3580503,queue.acm.org,English,0.0,gdelt_gkg
QCOM,2023-02-01,"Samsung Galaxy S23 , S32+ en S23 Ultra hands - on",https://www.techzine.nl/reviews/devices/517629/samsung-galaxy-s23-s32-en-s23-ultra-hands-on/,techzine.nl,Dutch,0.0,gdelt_gkg
QCOM,2023-02-01,Samsung Galaxy S23 tanıtıldı ! İşte fiyatı ve özellikleri,https://shiftdelete.net/samsung-galaxy-s23-fiyati-ve-ozellikleri,shiftdelete.net,Turkish,0.0,gdelt_gkg
QCOM,2023-02-01,"Samsung Galaxy S23 Series : Samsung launches Galaxy S23 Ultra at Rs 99K , Galaxy S23 & S23+ start at Rs 65K ; Galaxy Book3 series unveiled",https://economictimes.indiatimes.com/magazines/panache/samsung-launches-galaxy-s23-ultra-at-rs-99k-galaxy-s23-s23-start-at-rs-65k-galaxy-book3-series-unveiled/articleshow/97535079.cms,economictimes.indiatimes.com,English,0.0,gdelt_gkg
QCOM,2023-02-01,"Galaxy S23 Ultra vs Galaxy S22 Ultra : A tame , incremental upgrade",https://www.sammobile.com/news/galaxy-s23-ultra-vs-s22-ultra-incremental-upgrade/,sammobile.com,English,0.0,gdelt_gkg
QCOM,2023-02-01,Novo topo de gama da Samsung tem câmaras capazes de captar todos os detalhes da noite,https://www.dn.pt/viver/novo-topo-de-gama-da-samsung-tem-camaras-capazes-de-captar-todos-os-detalhes-da-noite-15764340.html,dn.pt,Portuguese,0.0,gdelt_gkg
QCOM,2023-02-01,Samsung Galaxy S23 vs . S23+ vs . S23 Ultra : What the Difference ? ,https://www.pcmag.com/news/samsung-galaxy-s23-vs-s23-plus-vs-s23-ultra-whats-the-difference,pcmag.com,English,0.0,gdelt_gkg
QCOM,2023-02-01, ( Mini - Review ) Galaxy S23 Ultra : Melhor em todos os sentidos ! ,https://www.leak.pt/mini-review-galaxy-s23-ultra-melhor-em-todos-os-sentidos/,leak.pt,Portuguese,0.0,gdelt_gkg
QCOM,2023-02-01,Hands - on with the Galaxy S23 and S23+ : Is this high - tech jewelry ? ,https://www.sammobile.com/samsung/galaxy-s23/hands-on/,sammobile.com,English,0.0,gdelt_gkg
QCOM,2023-02-01,מתקדם יותר : סמסונג חשפה את סדרת הגלקסי S23,https://www.srugim.co.il/760296-%D7%94%D7%98%D7%95%D7%91-%D7%91%D7%99%D7%95%D7%AA%D7%A8-%D7%A1%D7%9E%D7%A1%D7%95%D7%A0%D7%92-%D7%97%D7%A9%D7%A4%D7%94-%D7%90%D7%AA-%D7%A1%D7%93%D7%A8%D7%AA-%D7%94%D7%92%D7%9C%D7%A7%D7%A1%D7%99-s2,srugim.co.il,Hebrew,0.0,gdelt_gkg
QCOM,2023-02-01,Samsung massive Galaxy S23 chipset change is great news for everyone,https://www.trustedreviews.com/opinion/samsungs-massive-galaxy-s23-chipset-change-is-great-news-for-everyone-4299133,trustedreviews.com,English,0.0,gdelt_gkg
QCOM,2023-02-01,4 standout Samsung Galaxy S23 features you need to know about,https://www.trustedreviews.com/opinion/4-standout-samsung-galaxy-s23-features-you-need-to-know-about-4299064,trustedreviews.com,English,0.0,gdelt_gkg
QCOM,2023-02-01,Samsung Galaxy S23 é lançado no Brasil ; veja preços,https://www.tecmundo.com.br/dispositivos-moveis/259945-samsung-lanca-galaxy-s23-s23-veja-precos-brasil.htm,tecmundo.com.br,Portuguese,0.0,gdelt_gkg
QCOM,2023-02-01,Galaxy S23 traz versão exclusiva do Snapdragon 8 Gen 2 ; conheça,https://www.tecmundo.com.br/produto/259996-galaxy-s23-traz-versao-exclusiva-snapdragon-8-gen-2-conheca.htm,tecmundo.com.br,Portuguese,0.0,gdelt_gkg
QCOM,2023-02-01,三星Galaxy Unpacked 2023 》 全新Galaxy S23率先動手玩 星象指南 、 多重曝光輕鬆拍出專業老手照 - 科技,https://www.chinatimes.com/realtimenews/20230202000081-260412,chinatimes.com,Chinese,0.0,gdelt_gkg
QCOM,2023-02-01,Samsung Galaxy S23 vs Galaxy S23 Plus : How do they differ ? ,https://www.trustedreviews.com/versus/samsung-galaxy-s23-vs-galaxy-s23-plus-4299038,trustedreviews.com,English,0.0,gdelt_gkg
QCOM,2023-02-01,Les Galaxy S23 sont officiels : notre prise en main des nouveaux smartphones Samsung,https://www.01net.com/actualites/les-galaxy-s23-sont-officiels-notre-prise-en-main-des-nouveaux-smartphones-samsung.html,01net.com,French,0.0,gdelt_gkg
QCOM,2023-02-01,5 Samsung Galaxy S23 Ultra features worth paying attention to : Galaxy Unpacked 2023,https://www.digit.in/news/mobile-phones/samsung-galaxy-s23-ultra-features-galaxy-unpacked-2023-67025.html,digit.in,English,0.0,gdelt_gkg
QCOM,2023-02-01,Samsung Galaxy S23 Ultra vs S23+ vs S23 Philippines Prices and Specs Comparison Table,https://www.techpinas.com/2023/02/Samsung-Galaxy-S23-Series-Philippines.html,techpinas.com,English,0.0,gdelt_gkg
QCOM,2023-02-01,Galaxy S23 Ultra hands - on : The cameras are out of this galaxy ! ,https://www.sammobile.com/samsung/galaxy-s23-ultra/hands-on/,sammobile.com,English,0.0,gdelt_gkg
QCOM,2023-02-01,Samsung verhoogt prijzen nieuwe smartphones - Bedrijven,https://trends.knack.be/economie/bedrijven/samsung-verhoogt-prijzen-nieuwe-smartphones/article-belga-1932461.html,trends.knack.be,Dutch,0.0,gdelt_gkg
QCOM,2023-02-01,"Samsung Galaxy S23 , S23 Plus with Qualcomm SD 8 Gen 2 unveiled : Details",https://www.business-standard.com/article/technology/samsung-galaxy-s23-s23-plus-with-qualcomm-sd-8-gen-2-unveiled-details-123020101986_1.html,business-standard.com,English,0.0,gdelt_gkg
QCOM,2023-02-01,Samsung Galaxy S23 Ultra vs Apple iPhone 14 Pro Max : which will be better ? ,https://www.whathifi.com/advice/samsung-galaxy-s23-ultra-vs-apple-iphone-14-pro-max-which-range-topper-is-best,whathifi.com,English,0.0,gdelt_gkg
QCOM,2023-02-01,"Samsung enthüllt das Galaxy S23 , S23+ und S23 Ultra im Livestream",https://www.watson.ch/digital/samsung/289627713-samsung-enthuellt-das-galaxy-s23-s23-und-s23-ultra-im-livestream,watson.ch,German,0.0,gdelt_gkg
QCOM,2023-02-01,Take Your Passions Further with the New Samsung Galaxy S23 Series : Designed for a Premium Experience Today and Beyond,https://www.prnewswire.com/news-releases/take-your-passions-further-with-the-new-samsung-galaxy-s23-series-designed-for-a-premium-experience-today-and-beyond-301736498.html,prnewswire.com,English,0.0,gdelt_gkg
QCOM,2023-02-01,Samsung Galaxy S23 hands - on review : Smaller is better,https://www.expertreviews.co.uk/samsung/1417845/samsung-galaxy-s23-hands-on-review-smaller-is-better,expertreviews.co.uk,English,0.0,gdelt_gkg
QCOM,2023-02-01,2억 화소 · 최고 성능  갤럭시 S23  공개 … 7일부터 사전 판매 - 국민일보,https://news.kmib.co.kr/article/view.asp?arcid=0924285283&code=11151400&stg=wm_rank,news.kmib.co.kr,Korean,0.0,gdelt_gkg
QCOM,2023-02-01,2억 화소로 진화한 카메라 성능 … 베일 벗은  갤럭시 S23  [ 갤럭시 언팩 2023 ] ,http://segye.com/newsView/20230201515172,segye.com,Korean,0.0,gdelt_gkg
QCOM,2023-02-01,"Samsung Galaxy S23 Ultra hands - on review : More of the same , in a good way",https://www.expertreviews.co.uk/samsung/1417842/samsung-galaxy-s23-ultra-hands-on-review-more-of-the-same-in-a-good-way,expertreviews.co.uk,English,0.0,gdelt_gkg
QCOM,2023-02-01,삼성전자  갤럭시S23   강력한 성능 ... 역대 최고 2억화소 카메라,https://www.newspim.com/news/view/20230201001218,newspim.com,Korean,0.0,gdelt_gkg
QCOM,2023-02-01,Take Your Passions Further with the New Samsung Galaxy S23 Series : Designed for a Premium Experience Today and Beyond,https://www.tmcnet.com/usubmit/2023/02/01/9753454.htm,tmcnet.com,English,0.0,gdelt_gkg
QCOM,2023-02-01,Samsung Galaxy S23 Plus hands - on review : Middle of the road,https://www.expertreviews.co.uk/samsung/1417844/samsung-galaxy-s23-plus-hands-on-review-middle-of-the-road,expertreviews.co.uk,English,0.0,gdelt_gkg
QCOM,2023-02-01,"Galaxy S23 , Galaxy S23 Ultra Specs : Official",https://www.droid-life.com/2023/02/01/galaxy-s23-ultra-specs-list-features/,droid-life.com,English,0.0,gdelt_gkg
QCOM,2023-02-01,"Samsung Galaxy S23 , S23+ et S23 Ultra : jusqu  à 1 . 819 euros pour le smartphone le plus cher , voici ce quil faut retenir du Galaxy Unpacked 2023 ( vidéo ) ",https://www.sudinfo.be/id607998/article/2023-02-01/samsung-galaxy-s23-s23-et-s23-ultra-jusqua-1819-euros-pour-le-smartphone-le-plus,sudinfo.be,French,0.0,gdelt_gkg
QCOM,2023-02-01,Samsung stellt Galaxy S23 vor : Unternehmen setzt auf Superpremium,http://www.msn.com/de-de/lifestyle/shopping/samsung-stellt-galaxy-s23-vor-unternehmen-setzt-auf-superpremium/ar-AA16ZS0G,msn.com,German,0.0,gdelt_gkg
QCOM,2023-02-01," [ 언팩 2023 ] 가장 강력한  갤럭시 S23  나온다 … S23 울트라 ,  S23 + ,  S23  3종",https://m.metroseoul.co.kr:443/article/20230201500389,m.metroseoul.co.kr,Korean,0.0,gdelt_gkg
QCOM,2023-02-01,Everything You Need To Know About the Galaxy S23 and S23+,https://www.jacksonprogress-argus.com/arena/everything-you-need-to-know-about-the-galaxy-s23-and-s23/article_eb1e2057-d166-5465-9916-bd3da1e5447f.html,jacksonprogress-argus.com,English,0.0,gdelt_gkg
QCOM,2023-02-01,  2억 화소+괴물칩  갤S23 베일 벗는다 … 최고 중 최고  삼성 승부수,https://news.mt.co.kr/mtview.php?no=2023020106174094516&type=2&sec=tech&pDepth2=Ttotal&MNI_T,news.mt.co.kr,Korean,0.0,gdelt_gkg
QCOM,2023-02-01,디자인  상징  사라진 갤S23가격 인상 승부수,https://newsway.co.kr/news/view?ud=2023020114284301196,newsway.co.kr,Korean,0.0,gdelt_gkg
QCOM,2023-02-01,OFERTA | Motorola Edge 20 Pro com ótimo preço na Magazine Luiza,https://www.oficinadanet.com.br/ofertas/44408-oferta-motorola-edge-20-pro,oficinadanet.com.br,Portuguese,0.0,gdelt_gkg
QCOM,2023-02-01,"Samsung , nuova serie Galazy S23 , progettata per unesperienza premium",https://www.adnkronos.com/samsung-nuova-serie-galazy-s23-progettata-per-unesperienza-premium_Y0YCpFXwogDexm8Fne4e7,adnkronos.com,Italian,0.0,gdelt_gkg
QCOM,2023-02-01,Samsung Galaxy S23 Lineup Now Official,https://www.droid-life.com/2023/02/01/galaxy-s23-lineup-official-799-starting-price-and-available-february-17/,droid-life.com,English,0.0,gdelt_gkg
QCOM,2023-02-01, [ 갤럭시언팩 2023 ] 갤럭시S23  카메라 · 게임성능 · AI  3대 혁신으로 완성도 높여,https://www.etnews.com/20230201000222?mc=em_001_00002,etnews.com,Korean,0.0,gdelt_gkg
QCOM,2023-02-01,Samsung da a conocer la gama de smartphones premium Galaxy S23,https://www.elperiodico.com/es/tecnologia/20230201/samsung-gama-smartphones-s23-precios-82298930,elperiodico.com,Spanish,0.0,gdelt_gkg
QCOM,2023-02-01,Samsung scommette su uno smartphone da oltre mille euro,https://www.zazoom.it/2023-02-01/samsung-scommette-su-uno-smartphone-da-oltre-mille-euro/12328542/,zazoom.it,Italian,0.0,gdelt_gkg
QCOM,2023-02-01,Samsung Galaxy S23 launch : 200MP cameras and bigger batteries,https://www.theguardian.com/technology/2023/feb/01/samsung-galaxy-s23-launch-200mp-cameras-and-bigger-batteries,theguardian.com,English,0.0,gdelt_gkg
QCOM,2023-02-01,"Samsung Galaxy S23 oficjalnie . Polskie ceny , specyfikacja i przegląd nowości",https://www.chip.pl/2023/02/samsung-galaxy-s23-polskie-ceny-nowosci,chip.pl,Polish,0.0,gdelt_gkg
QCOM,2023-02-01,Samsung sends the S23 phones into orbit,https://mb.com.ph/2023/02/02/samsung-sends-the-s23-phones-into-orbit/,mb.com.ph,English,0.0,gdelt_gkg
QCOM,2023-02-01,Samsung lance loffensive contre Apple avec les nouveaux Galaxy S23,https://www.lesechos.fr/tech-medias/hightech/samsung-lance-loffensive-contre-apple-avec-les-nouveaux-galaxy-s23-1902770,lesechos.fr,French,0.0,gdelt_gkg
QCOM,2023-02-01,"Bye - bye Exynos ! Galaxy S23 series uses the Snapdragon 8 Gen 2 globally , and it a win - win for Qualcomm and Samsung",https://www.androidcentral.com/phones/galaxy-s23-series-snapdragon-8-gen-2-exclusively-win-samsung-qualcomm,androidcentral.com,English,0.0,gdelt_gkg
QCOM,2023-02-01,Samsung Galaxy S23 vs . S22 : Is it worth the upgrade ? ,https://www.androidcentral.com/phones/samsung-galaxy-s23-vs-samsung-galaxy-s22,androidcentral.com,English,0.0,gdelt_gkg
QCOM,2023-02-01,Samsung Galaxy S23 vs Galaxy S22 : what are the differences,https://www.whathifi.com/advice/samsung-galaxy-s23-vs-galaxy-s22-what-are-the-differences,whathifi.com,English,0.0,gdelt_gkg
QCOM,2023-02-01,삼성전자 2억 화소급 카메라 장착 갤S23 울트라 공개,https://www.hani.co.kr/arti/economy/it/1077954.html,hani.co.kr,Korean,0.0,gdelt_gkg
QCOM,2023-02-01,"Samsung Unveils their new Galaxy S23 Ultra with new Adaptive Pixel 200MP sensor enabling epic , High - Resolution Photography",https://www.patentlyapple.com/2023/02/samsung-unveils-their-new-galaxy-s23-ultra-with-new-adaptive-pixel-200mp-sensor-enabling-epic-high-resolution-photography.html,patentlyapple.com,English,0.0,gdelt_gkg
QCOM,2023-02-01,Samsung déballe sa nouvelle gamme Galaxy S23,https://www.igen.fr/android/2023/02/samsung-deballe-sa-nouvelle-gamme-galaxy-s23-135271,igen.fr,French,0.0,gdelt_gkg
QCOM,2023-02-01,Samsung to sell Galaxy S23 series manufactured at Noida facility in India,https://www.business-standard.com/article/companies/samsung-to-sell-galaxy-s23-series-manufactured-at-noida-facility-in-india-123020200034_1.html,business-standard.com,English,0.0,gdelt_gkg
QCOM,2023-02-01, [ 갤럭시 언팩 ] 노태문 자신감 묻어난  갤S23 … 아이폰  인기 막아설까,https://inews24.com/view/1563042,inews24.com,Korean,0.0,gdelt_gkg
QCOM,2023-02-01,Samsung Galaxy S23 Ultra with 200MP camera system announced : Details here,https://www.business-standard.com/article/technology/samsung-galaxy-s23-ultra-with-200mp-camera-system-announced-details-here-123020101984_1.html,business-standard.com,English,0.0,gdelt_gkg
QCOM,2023-02-01,Galaxy S23 : Was Samsungs neue Smartphones können und kosten,https://www.morgenpost.de/wirtschaft/article237522929/samsung-galaxy-s23-smartphone-preis-kosten-leistung-kamera-neu.html,morgenpost.de,German,0.0,gdelt_gkg
QCOM,2023-02-01,"Samsung Galaxy S23 , S23+ i S23 Ultra - premiera smartfonów . Skok wydajności , większe akumulatory i ceny , które robią wrażenie",https://www.purepc.pl/samsung-galaxy-s23-s23-i-s23-ultra-premiera-smartfonow-skok-wydajnosci-wieksze-akumulatory-i-ceny-ktore-robia-wrazenie,purepc.pl,Polish,0.0,gdelt_gkg
QCOM,2023-02-01,"Samsung announces Galaxy S23 , Galaxy S23 Plus , Galaxy S23 Ultra smartphones",https://www.business-standard.com/article/technology/samsung-announces-galaxy-s23-galaxy-s23-plus-galaxy-s23-ultra-smartphones-123020101977_1.html,business-standard.com,English,0.0,gdelt_gkg
QCOM,2023-02-01,U . S . stocks drop as Fed says more rate hikes needed,https://www.bnnbloomberg.ca/u-s-stocks-drop-as-fed-says-more-rate-hikes-needed-1.1877512,bnnbloomberg.ca,English,0.0,gdelt_gkg
QCOM,2023-02-01,Take Your Passions Further with the New Samsung Galaxy S23 Series : Designed for a Premium Experience Today and Beyond,https://www.finanznachrichten.de/nachrichten-2023-02/58206956-take-your-passions-further-with-the-new-samsung-galaxy-s23-series-designed-for-a-premium-experience-today-and-beyond-008.htm,finanznachrichten.de,English,0.0,gdelt_gkg
QCOM,2023-02-01,"Samsung Galaxy S23 Ultra , Galaxy S23+ , Galaxy S23 break cover : Specifications , features and more",https://www.dnaindia.com/technology/photo-gallery-samsung-galaxy-s23-ultra-galaxy-s23-galaxy-s23-break-cover-specifications-features-and-more-3020933,dnaindia.com,English,0.0,gdelt_gkg
QCOM,2023-02-01,Everything You Need To Know About the Galaxy S23 and S23+,https://www.henryherald.com/arena/everything-you-need-to-know-about-the-galaxy-s23-and-s23/article_5bb3bb32-4b20-5952-a911-ad02cb8ad57b.html,henryherald.com,English,0.0,gdelt_gkg
QCOM,2023-02-01,Samsung onthult Galaxy S23 - smartphones : betere camera én duurder,https://www.rtlnieuws.nl/tech/artikel/5362592/samsung-galaxy-s23-ultra-smartphone,rtlnieuws.nl,Dutch,0.0,gdelt_gkg
QCOM,2023-02-01,Samsung S23 Will Miss Out on 2023 Biggest Phone Trend,http://www.msn.com/en-us/news/technology/samsung-s23-will-miss-out-on-2023-s-biggest-phone-trend/ar-AA16ZNte,msn.com,English,0.0,gdelt_gkg
QCOM,2023-02-01," [ 써보니 ]  역대 최강  갤S23 울트라 , 전작과 달라진 점은 ? ",https://zdnet.co.kr/view/?no=20230201165442,zdnet.co.kr,Korean,0.0,gdelt_gkg
QCOM,2023-02-01,"Hands on : Samsung Galaxy S23 , S23+ and S23 Ultra review",https://www.whathifi.com/reviews/hands-on-samsung-galaxy-s23-s23-and-s23-ultra,whathifi.com,English,0.0,gdelt_gkg
QCOM,2023-02-01,GOS 논란은 잊어라 ... 전량 퀄컴칩 품은 갤럭시S23 공개,https://www.hankookilbo.com/News/Read/A2023020103170002455,hankookilbo.com,Korean,0.0,gdelt_gkg
QCOM,2023-02-01,외신  갤럭시S23 2억 화소 카메라 센서 놀랍다  ,https://zdnet.co.kr/view/?no=20230202035520,zdnet.co.kr,Korean,0.0,gdelt_gkg
QCOM,2023-02-01,"samsung galaxy s23 galaxy s23 plus and galaxy s23 ultra launced know price and features - Tech news hindi - Galaxy Unpacked 2023 : सैमसंग Galaxy S23 Series के तीन धांसू फोन लॉन्च , 200MP कैमरा फोन की इतनी है कीमत",https://www.livehindustan.com/gadgets/story-samsung-galaxy-s23-galaxy-s23-plus-and-galaxy-s23-ultra-launced-know-price-and-features-7711667.html,livehindustan.com,Hindi,0.0,gdelt_gkg
QCOM,2023-02-01,"Samsung new Galaxy S23 , S23+ and S23 Ultra boast performance , battery and camera upgrades galore",https://www.whathifi.com/news/samsungs-new-galaxy-s23-s23-and-s23-ultra-boast-performance-battery-and-camera-upgrades-galore,whathifi.com,English,0.0,gdelt_gkg
QCOM,2023-02-01,Samsung Galaxy S23 Ultra Has the Ultimate Smartphone Camera Lens,https://news.yahoo.com/samsungs-galaxy-s23-ultra-ultimate-180000240.html,news.yahoo.com,English,0.0,gdelt_gkg
QCOM,2023-02-01,Samsung Galaxy S23 hands - on : More upgrades than meets the eye,https://www.androidcentral.com/phones/samsung-galaxy-s23-hands-on,androidcentral.com,English,0.0,gdelt_gkg
QCOM,2023-02-01,Best Samsung Galaxy S23 preorder deals : how to buy and what you need to know,https://www.androidcentral.com/phones/best-samsung-galaxy-s23-deals-and-prices,androidcentral.com,English,0.0,gdelt_gkg
QCOM,2023-02-01,"베일벗은 갤럭시S23 , 2억 화소 카메라 · 최강 AP로 승부수",https://zdnet.co.kr/view/?no=20230201135819,zdnet.co.kr,Korean,0.0,gdelt_gkg
QCOM,2023-02-01,Министр здравоохранения объяснил нехватку лекарств в нижегородских аптеках,https://www.vgoroden.ru/novosti/ministr-zdravoohraneniya-obyasnil-nehvatku-lekarstv-v-nizhegorodskih-aptekah-id369042,vgoroden.ru,Russian,0.0,gdelt_gkg
QCOM,2023-02-01,Celular por Assinatura : Porto muda nome do Tech Fácil para aluguel do Galaxy S23,https://www.tudocelular.com/mercado/noticias/n201812/celular-por-assinatura-porto-muda-nome-do-tech-facil-para-aluguel-do-galaxy-s23.html,tudocelular.com,Portuguese,0.0,gdelt_gkg
QCOM,2023-02-01,Samsung Galaxy S23 Ultra vs Galaxy S22 Ultra : what are the differences ? ,https://www.whathifi.com/advice/samsung-galaxy-s23-ultra-vs-galaxy-s22-ultra-what-are-the-differences,whathifi.com,English,0.0,gdelt_gkg
QCOM,2023-02-01,"삼성전자 , 2억 화소 괴물 카메라  갤럭시S23  전격 공개",https://zdnet.co.kr/view/?no=20230201070521,zdnet.co.kr,Korean,0.0,gdelt_gkg
QCOM,2023-02-01,Samsung Galaxy S23 vs Apple iPhone 14 : which will be better ? ,https://www.whathifi.com/advice/samsung-galaxy-s23-vs-apple-iphone-14-which-will-be-better,whathifi.com,English,0.0,gdelt_gkg
QCOM,2023-02-01,Revela Samsung nueva serie Galaxy S23,https://www.eldiariodechihuahua.mx/tecnologia/revela-samsung-nueva-serie-galaxy-s23-20230201-2019727.html,eldiariodechihuahua.mx,Spanish,0.0,gdelt_gkg
QCOM,2023-02-01,Samsung Galaxy S23 Ultra is official with 200MP camera and bespoke Snapdragon 8 Gen 2,https://www.gsmarena.com/samsung_galaxy_s23_ultra_is_official_with_200mp_camera_and_snapdragon_8_gen_2-news-57398.php,gsmarena.com,English,0.0,gdelt_gkg
QCOM,2023-02-01,"Samsung Galaxy S23 Ultra , S23+ , and S23 hands - on review",https://www.gsmarena.com/samsung_galaxy_s23_ultra_s23_plus_s23-review-2523.php,gsmarena.com,English,0.0,gdelt_gkg
QCOM,2023-02-01,갤S23이 만든 영화제 … 나홍진 · 리들리 스콧 · BTS  강력한 카메라 성능 ( 종합 ) ,https://www.news1.kr/articles/?4940745,news1.kr,Korean,0.0,gdelt_gkg
QCOM,2023-02-01,"Samsung Galaxy S23 , S23+ et S23 Ultra officiels : on ne change pas une équipe qui gagne",https://www.cnetfrance.fr/news/samsung-galaxy-s23-s23-et-s23-ultra-officiels-on-ne-change-pas-une-equipe-qui-gagne-39953376.htm,cnetfrance.fr,French,0.0,gdelt_gkg
QCOM,2023-02-01,Is the new Galaxy S23 Better than the Pixel 7 ? ,https://phandroid.com/2023/02/01/is-the-new-galaxy-s23-better-than-the-pixel-7/,phandroid.com,English,0.0,gdelt_gkg
QCOM,2023-02-01,Galaxy S23 vs Galaxy S22  : quel smartphone Samsung choisir ? ,https://www.tomsguide.fr/galaxy-s23-vs-galaxy-s22-quel-smartphone-samsung-choisir/,tomsguide.fr,French,0.0,gdelt_gkg
QCOM,2023-02-01,"Samsung Galaxy Unpacked 2023 : Galaxy S23 Ultra with 200MP , Galaxy Book 3 with RTX 4070 and more",https://techpp.com/2023/02/02/samsung-unpacked-2023-galaxy-s23-series/,techpp.com,English,0.0,gdelt_gkg
QCOM,2023-02-01,"Samsung , nuova serie Galazy S23 , progettata per unesperienza premium",https://www.ecoseven.net/flash-news/samsung-nuova-serie-galazy-s23-progettata-per-unesperienza-premium/,ecoseven.net,Italian,0.0,gdelt_gkg
QCOM,2023-02-01," [ 갤럭시 언팩 ] 美 샌프란 중심가에 뜬  힙지로 … 삼성 ,  갤S23  흥행몰이 박차 ( 영상 ) ",https://inews24.com/view/1563117,inews24.com,Korean,0.0,gdelt_gkg
QCOM,2023-02-01,Samsung revela nova linha Galaxy Book 3 com Intel de 13ª gerao,https://www.techtudo.com.br/noticias/2023/02/samsung-revela-nova-linha-galaxy-book-3-com-intel-de-13a-geracao-edinfoeletro.ghtml,techtudo.com.br,Portuguese,0.0,gdelt_gkg
QCOM,2023-02-01,Samsung Galaxy S23 Ultra Leaves the Pixel 7 Pro in the dust – Phandroid,https://phandroid.com/2023/02/01/samsungs-galaxy-s23-ultra-leaves-the-pixel-7-pro-in-the-dust/,phandroid.com,English,0.0,gdelt_gkg
QCOM,2023-02-01,뚜껑 연 갤S23 시리즈  2억 화소 카메라 · 강력한 게임 폰 … 17일 국내출시,https://www.news1.kr/articles/?4940099,news1.kr,Korean,0.0,gdelt_gkg
QCOM,2023-02-01,609 ezer forint a legolcsóbb Samsung Galaxy S23 Ultra,https://www.telefonguru.hu/hir/609_ezer_forint_a_legolcsobb_samsung_galaxy_s23_ultra_2023-02-01,telefonguru.hu,Hungarian,0.0,gdelt_gkg
QCOM,2023-02-01,"삼성전자 , 2억 화소 카메라 … 갤럭시 S23  시리즈 공개 : 100세시대의 동반자 브릿지경제",https://www.viva100.com/main/view.php?key=20230202010000406,viva100.com,Korean,0.0,gdelt_gkg
QCOM,2023-02-01,"Galaxy S23 , S23 Plus et S23 Ultra : Samsung officialise ses nouveaux smartphones",https://www.tomsguide.fr/galaxy-s23-s23-plus-et-s23-ultra-samsung-officialise-ses-nouveaux-smartphones/,tomsguide.fr,French,0.0,gdelt_gkg
QCOM,2023-02-01,小米 6 移植开源鸿蒙 OpenHarmony 开机成功,https://www.163.com/dy/article/HSHD8GGE0511B8LM.html,163.com,Chinese,0.0,gdelt_gkg
QCOM,2023-02-01,无芯可用 ？ 高通或将对华为断供 ， Mate60系列悬了,https://www.163.com/dy/article/HSHN4EBI0549M98D.html,163.com,Chinese,0.0,gdelt_gkg
QCOM,2023-02-01,Samsung Galaxy S23 : Everything you need to know about Samsung latest flagships – Phandroid,https://phandroid.com/2023/02/01/samsung-galaxy-s23-everything-you-need-to-know-about-samsungs-latest-flagships/,phandroid.com,English,0.0,gdelt_gkg
QCOM,2023-02-01, [ 갤럭시언팩 2023 ] 갤럭시S23  카메라 · 게임성능 · AI  3대 혁신으로 완성도 높여,https://www.etnews.com/20230201000222?mc=em_005_00001,etnews.com,Korean,0.0,gdelt_gkg
QCOM,2023-02-01, [ 갤럭시 언팩 ]  2000명이 환호했다 … 갤럭시S23  공개 행사 가보니 ( 영상 ) ,https://inews24.com/view/1563139,inews24.com,Korean,0.0,gdelt_gkg
QCOM,2023-02-01,"Galaxy S23 , S23 Plus e S23 Ultra svelati al Samsung Unpacked 2023 : specifiche , prezzi e disponibilità . Video hands - on",https://acquisti.corriere.it/tecnologia/galaxy-s23-s23-plus-e-s23-ultra-svelati-al-samsung-unpacked-2023-specifiche-prezzi-e-disponibilita-video-hands-on/,acquisti.corriere.it,Italian,0.0,gdelt_gkg
QCOM,2023-02-01,"Global Automotive Artificial Intelligence Market Report to 2030 - Players Include Alphabet , General Motors , Intel , Microsoft and Tesla",https://finance.yahoo.com/news/global-automotive-artificial-intelligence-market-221000947.html,finance.yahoo.com,English,0.0,gdelt_gkg
QCOM,2023-02-01,Chip Stocks Rally on Optimistic AMD Earnings and Fed Signal That Inflation Is Easing,https://www.nbclosangeles.com/news/business/money-report/chip-stocks-rally-on-optimistic-amd-earnings-and-feds-signal-that-inflation-is-easing/3086572/,nbclosangeles.com,English,0.0,gdelt_gkg
QCOM,2023-02-01,"삼성 , 갤럭시 S23 · 북3 울트라 공개 ... 친환경 기술 혁신  ",https://tv.naver.com/v/32808340/list/67096,tv.naver.com,Korean,0.0,gdelt_gkg
QCOM,2023-02-01,Samsung Galaxy S23 Ultra hands - on review,https://www.tomsguide.com/reviews/samsung-galaxy-s23-ultra,tomsguide.com,English,0.0,gdelt_gkg
QCOM,2023-02-01,What Is the Snapdragon 8 Gen 2 for Galaxy ? ,https://www.howtogeek.com/868881/what-is-the-snapdragon-8-gen-2-for-galaxy/,howtogeek.com,English,0.0,gdelt_gkg
QCOM,2023-02-01,Chip Stocks Rally on Optimistic AMD Earnings and Fed Signal That Inflation Is Easing,https://www.nbcphiladelphia.com/news/business/money-report/chip-stocks-rally-on-optimistic-amd-earnings-and-feds-signal-that-inflation-is-easing/3488049/,nbcphiladelphia.com,English,0.0,gdelt_gkg
QCOM,2023-02-01,What so special about the Galaxy S23 - exclusive Snapdragon 8 Gen 2 for Galaxy SoC ? ,https://www.talkandroid.com/379235-samsung-galaxy-s23-snapdragon/,talkandroid.com,English,0.0,gdelt_gkg
QCOM,2023-02-01,サムスン 、 6 . 1インチで持ちやすい 「 Galaxy S23 」 ,https://k-tai.watch.impress.co.jp/docs/news/1474384.html,k-tai.watch.impress.co.jp,Japanese,0.0,gdelt_gkg
QCOM,2023-02-01,"Sorry Google , Im Ditching my Pixel 7 for the S23 Ultra – Phandroid",https://phandroid.com/2023/02/01/sorry-google-im-ditching-my-pixel-7-for-the-s23-ultra/,phandroid.com,English,0.0,gdelt_gkg
QCOM,2023-02-01,サムスンから 「 Galaxy S23 Ultra 」、 Sペン内蔵 ＆ 夜景に強い2億画素カメラ,https://k-tai.watch.impress.co.jp/docs/news/1474394.html,k-tai.watch.impress.co.jp,Japanese,0.0,gdelt_gkg
QCOM,2023-02-01,Confira as primeiras fotos do Galaxy S23,https://www.techtudo.com.br/noticias/2023/02/confira-as-primeiras-fotos-do-galaxy-s23-edmobile.ghtml,techtudo.com.br,Portuguese,0.0,gdelt_gkg
QCOM,2023-02-01,Samsung revela nova família Galaxy S23,https://www.pcguia.pt/2023/02/samsung-revela-nova-familia-galaxy-s23/,pcguia.pt,Portuguese,0.0,gdelt_gkg
QCOM,2023-02-01,FOMC 결과에 일제히 상승 … 나스닥 2↑ 뉴욕증시 브리핑,https://www.hankyung.com/finance/article/2023020289947,hankyung.com,Korean,0.0,gdelt_gkg
QCOM,2023-02-01,Smasung predstavio seriju S23 s tri najnovija modela,https://www.vidilab.com/vijesti/hardver/6410-smasung-predstavio-seriju-s23-s-tri-najnovija-modela,vidilab.com,Croatian,0.0,gdelt_gkg
QCOM,2023-02-01,"U . S . Investors Have Plowed Billions Into China AI Sector , Report Shows",https://www.ibtimes.com/us-investors-have-plowed-billions-chinas-ai-sector-report-shows-3663472,ibtimes.com,English,0.0,gdelt_gkg
QCOM,2023-02-01,Morgan Lewis Automotive & Mobility - Q4 2022,https://www.lexology.com/library/detail.aspx?g=1ba9bc17-3b00-4a92-a2f9-cc563d384c4a,lexology.com,English,0.0,gdelt_gkg
QCOM,2023-02-01,Light Reading,https://www.lightreading.com/lg_redirect.asp?piddl_lgid_docid=783004&piddl_lg_pcode=wprightcolumn,lightreading.com,English,0.0,gdelt_gkg
QCOM,2023-02-01,Samsung Galaxy S23 phones are already up to a whopping $780 off at Best Buy,https://www.phonearena.com/news/samsung-galaxy-s23-deals-discounts-preorder_id145324,phonearena.com,English,0.0,gdelt_gkg
QCOM,2023-02-01,"Meet the Snapdragon 8 Gen 2 for Galaxy , the fastest Snapdragon mobile chip ever",https://www.phonearena.com/news/Meet-the-Snapdragon-8-Gen-2-for-Galaxy-the-fastest-Snapdragon-mobile-chip-ever_id145320,phonearena.com,English,0.0,gdelt_gkg
QCOM,2023-02-01,"Samsung Galaxy S23 preorders are live , score an S23 Ultra deal ! ",https://www.phonearena.com/news/samsung-galaxy-s23-preorders-live_id144719,phonearena.com,English,0.0,gdelt_gkg
QCOM,2023-02-01,"삼성전자 , 퀄컴 · 구글과 XR 개발 나선다 ... 언팩  서 깜짝 발표",https://zdnet.co.kr/view/?no=20230202043009,zdnet.co.kr,Korean,0.0,gdelt_gkg
QCOM,2023-02-01,Hands on : Samsung Galaxy S23 range : 5 things to know,https://www.shortlist.com/lists/hands-on-samsung-galaxy-s23-range-review-403548,shortlist.com,English,0.0,gdelt_gkg
QCOM,2023-02-01,سامسونج تكشف عن أحدث هواتفها الذكية,https://www.albayan.ae/technology/2023-02-02-1.4608548,albayan.ae,Arabic,0.0,gdelt_gkg
QCOM,2023-02-01,Light Reading,https://www.lightreading.com/lg_redirect.asp?piddl_lgid_docid=783002&piddl_lg_pcode=wprightcolumn,lightreading.com,English,0.0,gdelt_gkg
QCOM,2023-02-01,"Samsung Galaxy S23 : de la « grosse » photo , de la « belle » photo",https://branchez-vous.com/2023/02/01/samsung-galaxy-s23-de-la-grosse-photo-de-la-belle-photo/,branchez-vous.com,French,0.0,gdelt_gkg
QCOM,2023-02-01,Galaxy S23 Plus vs iPhone 14 Plus : Which one a plus and which one a minus ? ,https://www.phonearena.com/reviews/galaxy-s23-plus-vs-iphone-14-plus_id5616,phonearena.com,English,0.0,gdelt_gkg
QCOM,2023-02-01,"SAMSUNG , NUOVA SERIE GALAZY S23 , PROGETTATA PER UNESPERIENZA PREMIUM",https://www.ilroma.net/content/samsung-nuova-serie-galazy-s23-progettata-unesperienza-premium,ilroma.net,Italian,0.0,gdelt_gkg
QCOM,2023-02-01,Light Reading,https://www.lightreading.com/lg_redirect.asp?piddl_lgid_docid=783006&piddl_lg_pcode=wprightcolumn,lightreading.com,English,0.0,gdelt_gkg
QCOM,2023-02-01,Here everything you missed from the Samsung Galaxy S23 Unpacked Event in 6 minutes,https://www.phonearena.com/news/Heres-everything-you-missed-from-the-Samsung-Galaxy-S23-Unpacked-Event-in-6-minutes_id145326,phonearena.com,English,0.0,gdelt_gkg
QCOM,2023-02-01,"GOS 논란 정면돌파 ... 갤S23 , 갤럭시 맞춤형 스냅드래곤 전량 탑재",https://zdnet.co.kr/view/?no=20230202065150,zdnet.co.kr,Korean,0.0,gdelt_gkg
QCOM,2023-02-01,"U . S . investors have plowed billions into China AI sector , report shows",https://wtbx.com/2023/02/01/u-s-investors-have-plowed-billions-into-chinas-ai-sector-report-shows/,wtbx.com,English,0.0,gdelt_gkg
QCOM,2023-02-01,Samsung partners with Google & Qualcomm for mixed reality - General Discussion Discussions on AppleInsider Forums,https://forums.appleinsider.com/discussion/230622,forums.appleinsider.com,English,0.0,gdelt_gkg
QCOM,2023-02-01,My Samsung Galaxy S23 Ultra love - hate relationship has already begun,https://www.t3.com/news/my-samsung-galaxy-s23-ultra-love-hate-relationship-has-already-begun,t3.com,English,0.0,gdelt_gkg
QCOM,2023-02-01,Samsung partners with Google & Qualcomm for mixed reality,https://appleinsider.com/articles/23/02/01/samsung-partners-with-google-qualcomm-for-mixed-reality,appleinsider.com,English,0.0,gdelt_gkg
QCOM,2023-02-01,"Global Automotive Artificial Intelligence Market Report to 2030 - Players Include Alphabet , General Motors , Intel , Microsoft and Tesla",https://www.tmcnet.com/usubmit/2023/02/01/9753610.htm,tmcnet.com,English,0.0,gdelt_gkg
QCOM,2023-02-01,  2억 화소  카메라 강점은 살리고 … 장시간 게임시 발열 우려는 없앴다,https://www.edaily.co.kr/news/read?newsId=01121766635506584&mediaCodeNo=257,edaily.co.kr,Korean,0.0,gdelt_gkg
QCOM,2023-02-01,סמסונג מכריזה על ה - Galaxy S23 Ultra עם מצלמת 200 מגה פיקסל,https://www.gadgety.co.il/305191/galaxy-s23-ultra-announced/,gadgety.co.il,Hebrew,0.0,gdelt_gkg
QCOM,2023-02-01,Samsung Galaxy S23 vs iPhone 14 Pro - compared,https://appleinsider.com/articles/23/02/01/samsung-galaxy-s23-vs-iphone-14-pro---compared,appleinsider.com,English,0.0,gdelt_gkg
QCOM,2023-02-01,New designs of the Galaxy S23 and S23+ look a lot like an iPhone,https://htxt.co.za/2023/02/01/new-designs-of-the-galaxy-s23-and-s23-look-a-lot-like-an-iphone/,htxt.co.za,English,0.0,gdelt_gkg
QCOM,2023-02-01,הוכרזו : Galaxy S23 Plus וגלקסי S23 - עיצוב חדש ומצלמות 50MP,https://www.gadgety.co.il/305291/galaxy-s23-announced/,gadgety.co.il,Hebrew,0.0,gdelt_gkg
QCOM,2023-02-01,"카메라 · 게이밍  최강 스펙 … 갤S23 , 프리미엄폰 기준 바꾸다 [ 삼성 갤럭시 언팩 2023 ] ",https://www.fnnews.com/news/202302011805148369,fnnews.com,Korean,0.0,gdelt_gkg
QCOM,2023-02-01,"Samsung Galaxy S23 , S23 Plus et S23 Ultra : quelles différences entre les modèles  ? ",https://www.tomsguide.fr/samsung-galaxy-s23-s23-plus-et-s23-ultra-quelles-differences-entre-les-modeles/,tomsguide.fr,French,0.0,gdelt_gkg
QCOM,2023-02-01,Här är Samsung Galaxy S23 - serien,https://m3.idg.se/2.1022/1.775781/samsung-galaxy-s23,m3.idg.se,Swedish,0.0,gdelt_gkg
QCOM,2023-02-01,"Samsung Galaxy S23 et S23+ : des changements discrets , mais pas si anodins",https://www.lesnumeriques.com/telephone-portable/samsung-galaxy-s23-et-s23-des-changements-discrets-mais-pas-si-anodins-n205749.html,lesnumeriques.com,French,0.0,gdelt_gkg
QCOM,2023-02-01,Galaxy Unpacked : Samsung unveils Galaxy S23 series with Snapdragon 8 Gen 2,https://www.saltlakecitysun.com/news/273470358/galaxy-unpacked-samsung-unveils-galaxy-s23-series-with-snapdragon-8-gen-2,saltlakecitysun.com,English,0.0,gdelt_gkg
QCOM,2023-02-01,"Samsung Galaxy S23 , S23+ , S23 Ultra  : les précommandes sont déjà ouvertes",https://www.lesnumeriques.com/telephone-portable/samsung-galaxy-s23-s23-s23-ultra-les-precommandes-sont-deja-ouvertes-n205893.html,lesnumeriques.com,French,0.0,gdelt_gkg
QCOM,2023-02-01,Samsung upgrades cameras and batteries on iPhone biggest rival,https://thepeninsulaqatar.com/article/01/02/2023/samsung-upgrades-cameras-and-batteries-on-iphones-biggest-rival,thepeninsulaqatar.com,English,0.0,gdelt_gkg
QCOM,2023-02-01,"Samsung lance les Galaxy S23 en France avec un Snapdragon 8 Gen 2 , adieu lExynos ? ",https://www.phonandroid.com/samsung-lance-les-galaxy-s23-en-france-avec-un-snapdragon-8-gen-2-adieu-lexynos.html,phonandroid.com,French,0.0,gdelt_gkg
QCOM,2023-02-01,"Samsung Galaxy S23 , S23+ e S23 Ultra : finalmente UFFICIALI",https://www.telefonino.net/notizie/samsung-galaxy-s23-s23-e-s23-ultra-finalmente-ufficiali/,telefonino.net,Italian,0.0,gdelt_gkg
QCOM,2023-02-01,"Samsung Galaxy S23 and Galaxy S23+ with 120Hz AMOLED display , Snapdragon 8 Gen 2 for Galaxy announced",https://www.fonearena.com/blog/384206/samsung-galaxy-s23-galaxy-s23-plus-price-specifications.html,fonearena.com,English,0.0,gdelt_gkg
QCOM,2023-02-01,U . S . stocks rally as Powell sees progress on inflation,https://www.bnnbloomberg.ca/u-s-stocks-rally-as-powell-sees-progress-on-inflation-1.1877512,bnnbloomberg.ca,English,0.0,gdelt_gkg
QCOM,2023-02-01, 「 Galaxy Unpacked 2023 」 発表会まとめ 、 スマホで映画も撮れる時代がやってきた,https://k-tai.watch.impress.co.jp/docs/news/1475213.html,k-tai.watch.impress.co.jp,Japanese,0.0,gdelt_gkg
QCOM,2023-02-01,Samsung upgrades cameras and batteries on iPhone biggest rival,http://thepeninsulaqatar.com/article/01/02/2023/samsung-upgrades-cameras-and-batteries-on-iphones-biggest-rival,thepeninsulaqatar.com,English,0.0,gdelt_gkg
QCOM,2023-02-01,Comparativo em tamanho real : linha Galaxy S23 vs antecessores,https://www.tudocelular.com/curiosidade/noticias/n201813/comparativo-samsung-galaxy-s23-plus-ultra-vs-s22.html,tudocelular.com,Portuguese,0.0,gdelt_gkg
QCOM,2023-02-01,"Prise en main des Samsung Galaxy S23 : des évolutions timides , mais ciblées",https://www.phonandroid.com/samsung-galaxy-s23-prise-en-main.html,phonandroid.com,French,0.0,gdelt_gkg
QCOM,2023-02-01,Samsung just announced the World Most Powerful Smartphone,https://www.androidheadlines.com/2023/01/samsung-galaxy-s23-android-smartphone-announced,androidheadlines.com,English,0.0,gdelt_gkg
QCOM,2023-02-01,"Prise en main du Samsung Galaxy S23 Ultra  : capteur photo 200 Mpx , puce Qualcomm et design costaud",https://www.lesnumeriques.com/telephone-portable/prise-en-main-du-samsung-galaxy-s23-ultra-capteur-photo-200-mpx-puce-qualcomm-et-design-costaud-n205729.html,lesnumeriques.com,French,0.0,gdelt_gkg
QCOM,2023-02-01,"Samsung Galaxy S23 Ultra with 6 . 8 ″ QHD+ 120Hz AMOLED display , 200MP camera , Snapdragon 8 Gen 2 for Galaxy announced",https://www.fonearena.com/blog/384207/samsung-galaxy-s23-ultra-price-specifications.html,fonearena.com,English,0.0,gdelt_gkg
QCOM,2023-02-01,Galaxy Unpacked : Samsung unveils Galaxy S23 series with Snapdragon 8 Gen 2,https://www.bignewsnetwork.com/news/273470358/galaxy-unpacked-samsung-unveils-galaxy-s23-series-with-snapdragon-8-gen-2,bignewsnetwork.com,English,0.0,gdelt_gkg
QCOM,2023-02-01,Samsung Galaxy A23 5G : con QUESTOFFERTA è da PRENDERE SUBITO (- 121€ ) ,https://www.telefonino.net/notizie/samsung-galaxy-a23-5g-con-questofferta-e-da-prendere-subito-121e/,telefonino.net,Italian,0.0,gdelt_gkg
QCOM,2023-02-01,"Pour la première fois , le Samsung Galaxy S23 sera équipé dune puce Qualcomm en France",https://www.usine-digitale.fr/article/pour-la-premiere-fois-le-samsung-galaxy-s23-sera-equipe-d-une-puce-qualcomm-en-france.N2095736,usine-digitale.fr,French,0.0,gdelt_gkg
QCOM,2023-02-01,Samsung Galaxy S23 Ultra Hands on and first impressions,https://www.fonearena.com/blog/384180/samsung-galaxy-s23-ultra-hands-on-and-first-impressions.html,fonearena.com,English,0.0,gdelt_gkg
QCOM,2023-02-01,Samsung debuts new Galaxy S23 flagship smartphones and refreshed laptop lineup,https://siliconangle.com/2023/02/01/samsung-debuts-new-galaxy-s23-flagship-smartphones-refreshed-laptop-lineup/,siliconangle.com,English,0.0,gdelt_gkg
QCOM,2023-02-01,Bowers & Wilkins Pi7 S2 review : weve been here before,https://www.imore.com/accessories/bowers-and-wilkins-pi7-s2-review-weve-been-here-before,imore.com,English,0.0,gdelt_gkg
QCOM,2023-02-01,"ЧВК Вагнер продвинулась к городу Северску , захват которого станет возможным после падения Бахмута",https://overclockers.ru/blog/ProKino/show/84756/chvk-vagner-prodvinulas-k-gorodu-seversku-zahvat-kotorogo-stanet-vozmozhnym-posle-padeniya-bahmuta,overclockers.ru,Russian,0.0,gdelt_gkg
QCOM,2023-02-01,Galaxy S23 : que faut - il attendre du Snapdragon 8 Gen 2 exclusif de Samsung ? ,https://www.phonandroid.com/galaxy-s23-que-faut-il-attendre-du-snapdragon-8-gen-2-exclusif-de-samsung.html,phonandroid.com,French,0.0,gdelt_gkg
QCOM,2023-02-01,"Galaxy S23 Ultra : Ultimate Power , Epic Camera [ Infographic ] ",https://gisuser.com/2023/02/galaxy-s23-ultra-ultimate-power-epic-camera-infographic/,gisuser.com,English,0.0,gdelt_gkg
QCOM,2023-02-01,"Samsung Galaxy S23 and S23+ arrive with new design , bigger batteries",https://www.gsmarena.com/samsung_galaxy_s23_and_s23_announced-news-57403.php,gsmarena.com,English,0.0,gdelt_gkg
QCOM,2023-02-01,"Real Time Health Monitoring Devices Market Upcoming Trends , Segmented by Type , Application , End - User and Region - GE Healthcare ( U . K .), Qualcomm ( U . S .), Jawbone Inc . ( U . S .), Withings SA ( France ), Fitbit Inc . ( U . S .), Garmin Lt...",https://rejoicemagazine.net/real-time-health-monitoring-devices-market-upcoming-trends-segmented-by-type-application-end-user-and-region-ge-healthcare-u-k-qualcomm-u-s-jawbone-inc-u-s-withings-sa-france-fitbi-2/,rejoicemagazine.net,English,0.0,gdelt_gkg
QCOM,2023-02-01,USA contro Huawei per blocco totale su 4G e Wi - Fi 6,https://www.macitynet.it/usa-huawei-blocco-4g-wi-fi-6/,macitynet.it,Italian,0.0,gdelt_gkg
QCOM,2023-02-01,"Chegaram os Galaxy S23 , os mais inovadores de sempre da Samsung",https://pplware.sapo.pt/smartphones-tablets/android/chegaram-os-novos-galaxy-s23-os-smartphones-mais-inovadores-de-sempre-da-samsung/,pplware.sapo.pt,Portuguese,0.0,gdelt_gkg
QCOM,2023-02-01,"Galaxy S23 et S23+ officiels : plus puissants , plus autonomes , les nouveaux flagships de Samsung sannoncent très prometteurs",https://www.phonandroid.com/samsung-galaxy-s23-et-galaxy-s23-plus-officiels.html,phonandroid.com,French,0.0,gdelt_gkg
QCOM,2023-02-01,"Samsung , nuova serie Galazy S23 , progettata per unesperienza premium",https://notizie.tiscali.it/economia/articoli/samsung-nuova-serie-galazy-s23-progettata-esperienza-premium-00001/,notizie.tiscali.it,Italian,0.0,gdelt_gkg
QCOM,2023-02-01,Samsung Galaxy S23 Series Features a 200MP Camera How to Preorder,https://www.businessinsider.com/guides/tech/samsung-galaxy-s23-how-to-preorder-2023-2,businessinsider.com,English,0.0,gdelt_gkg
QCOM,2023-02-01,Chip Stocks Rally on Optimistic AMD Earnings and Fed Signal That Inflation Is Easing,https://www.nbcmiami.com/news/business/money-report/chip-stocks-rally-on-optimistic-amd-earnings-and-feds-signal-that-inflation-is-easing/2963766/,nbcmiami.com,English,0.0,gdelt_gkg
QCOM,2023-02-01,Galaxy S23 Ultra : Första testet av nya mobilen,https://m3.idg.se/2.1022/1.775752/samsung-galaxy-s23-ultra,m3.idg.se,Swedish,0.0,gdelt_gkg
QCOM,2023-02-01,Samsung Galaxy S23 ( Plus / Ultra ) offiziell vorgestellt,https://www.pocketpc.ch/magazin/news/samsung-galaxy-s23-plus-ultra-vorgestellt-88003/,pocketpc.ch,German,0.0,gdelt_gkg
QCOM,2023-02-01,"Samsung Galaxy S23 Has a Sleeker Design , Big Upgrades",https://www.howtogeek.com/869258/samsung-galaxy-s23-reveal/,howtogeek.com,English,0.0,gdelt_gkg
QCOM,2023-02-01,Samsung unveils newest Galaxy S23 smartphones,https://todayheadline.co/samsung-unveils-newest-galaxy-s23-smartphones/,todayheadline.co,English,0.0,gdelt_gkg
QCOM,2023-02-01,Samsung Everyday Sustainability Philosophy Embodied In The New Galaxy S23,https://www.forbes.com/sites/carolinamilanesi/2023/02/01/samsungs-everyday-sustainability-philosophy-embodied-in-the-new-galaxy-s23/,forbes.com,English,0.0,gdelt_gkg
QCOM,2023-02-01,  아이폰 카메라보다 뛰어나다 ? 삼성 2억화소  괴물폰  드디어 베일벗어 - 헤럴드경제,http://biz.heraldcorp.com/view.php?ud=20230202000019,biz.heraldcorp.com,Korean,0.0,gdelt_gkg
QCOM,2023-02-01,Galaxy S23 : Was Samsungs neue Smartphones können und kosten,https://www.harzkurier.de/wirtschaft/article237522929/samsung-galaxy-s23-smartphone-preis-kosten-leistung-kamera-neu.html,harzkurier.de,German,0.0,gdelt_gkg
QCOM,2023-02-01, 「 Galaxy S23 」 シリーズ発表 、 クアルコムCEOやGoogle上級副社長が語ったこと,https://k-tai.watch.impress.co.jp/docs/news/1475214.html,k-tai.watch.impress.co.jp,Japanese,0.0,gdelt_gkg
QCOM,2023-02-01,"Samsung Galaxy S23 Ultra is official with a mammoth 200MP main camera , UFS 4 . 0 storage , and a hefty price",https://www.talkandroid.com/379193-samsungs-galaxy-s23-ultra-official/,talkandroid.com,English,0.0,gdelt_gkg
QCOM,2023-02-01,サムスンから6 . 6インチの 「 Galaxy S23+ 」、「 Snapdragon 8 Gen 2 」 搭載,https://k-tai.watch.impress.co.jp/docs/news/1474389.html,k-tai.watch.impress.co.jp,Japanese,0.0,gdelt_gkg
QCOM,2023-02-01,Fed Chief Jerome Powell Triggers  Gratifying  Market Rally ; Why Meta Stock Is Skyrocketing,https://www.investors.com/market-trend/stock-market-today/fed-chief-powell-triggers-gratifying-market-rally-meta-stock-spikes-on-earnings/,investors.com,English,0.0,gdelt_gkg
QCOM,2023-02-01,디자인  상징  사라진 갤S23가격 인상 승부수,https://www.newsway.co.kr/news/view?ud=2023020114284301196,newsway.co.kr,Korean,0.0,gdelt_gkg
QCOM,2023-02-01,Samsung Galaxy S23 Ultra Türkiye Fiyatı ve Özellikleri : İşte İlk İnceleme,https://www.chip.com.tr/haber/samsung-galaxy-s23-ultra-turkiye-fiyati-ve-ozellikleri-iste-ilk-inceleme_155819.html,chip.com.tr,Turkish,0.0,gdelt_gkg
QCOM,2023-02-01,What the difference between Samsung Galaxy S22 Ultra and the Galaxy S23 Ultra ? ,https://www.talkandroid.com/379223-galaxy-s22-s23-ultra-spec-comparison/,talkandroid.com,English,0.0,gdelt_gkg
QCOM,2023-02-01,Stocks and bonds rip after Powell lays dovish escape route - Newsquawk US Market Wrap,https://www.zerohedge.com/markets/stocks-and-bonds-rip-after-powell-lays-dovish-escape-route-newsquawk-us-market-wrap,zerohedge.com,English,0.0,gdelt_gkg
QCOM,2023-02-01,  2억 화소+괴물칩  갤S23 베일 벗었다 … 최고 중 최고  삼성 승부수,https://news.mt.co.kr/mtview.php?no=2023020106174094516&MT_P,news.mt.co.kr,Korean,0.0,gdelt_gkg
QCOM,2023-02-01,Chip Stocks Rally on Optimistic AMD Earnings and Fed Signal That Inflation Is Easing,https://www.nbcdfw.com/news/business/money-report/chip-stocks-rally-on-optimistic-amd-earnings-and-feds-signal-that-inflation-is-easing/3184118/,nbcdfw.com,English,0.0,gdelt_gkg
QCOM,2023-02-01,Galaxy S com câmera de 200 megapixels é teste de poder de marca da Samsung,https://www.istoedinheiro.com.br/galaxy-s-com-camera/,istoedinheiro.com.br,Portuguese,0.0,gdelt_gkg
QCOM,2023-02-01,Galaxy S23 Ultra y Galaxy S23 : Todo lo que debes saber de esta serie,https://lopezdoriga.com/ciencia-tecnologia/galaxy-s23-ultra-y-galaxy-s23-todo-lo-que-debes-saber-de-esta-serie/,lopezdoriga.com,Spanish,0.0,gdelt_gkg
QCOM,2023-02-01,"Samsung Galaxy S23 Ultra chega com 5G , Snapdragon 8 Gen 2 e câmera de 200 MP",https://gizmodo.uol.com.br/samsung-galaxy-s23-ultra-chega-com-5g-snapdragon-8-gen-2-e-camera-de-200-mp/,gizmodo.uol.com.br,Portuguese,0.0,gdelt_gkg
QCOM,2023-02-01,Samsung Galaxy S23 ve Galaxy S23 Plus Türkiye Fiyatı ve Özellikleri,https://www.chip.com.tr/haber/samsung-galaxy-s23-ve-galaxy-s23-plus-turkiye-fiyati-ve-ozellikleri_155820.html,chip.com.tr,Turkish,0.0,gdelt_gkg
QCOM,2023-02-01,  Galaxy Unpacked 2023 : Samsung zeigt seine neue S - Serie,http://www.msn.com/de-de/lifestyle/shopping/galaxy-unpacked-2023-samsung-zeigt-seine-neue-s-serie/ar-AA170it8,msn.com,German,0.0,gdelt_gkg
QCOM,2023-02-01,Galaxy Unpacked : Acompanhe o lançamento dos Samsung Galaxy S23,https://pplware.sapo.pt/gadgets/galaxy-unpacked-acompanhe-em-direto-o-lancamento-dos-novos-samsung-galaxy-s23/,pplware.sapo.pt,Portuguese,0.0,gdelt_gkg
QCOM,2023-02-01,"Global Automotive Artificial Intelligence Market Report to 2030 - Players Include Alphabet , General Motors , Intel , Microsoft and Tesla",https://www.prnewswire.com/news-releases/global-automotive-artificial-intelligence-market-report-to-2030---players-include-alphabet-general-motors-intel-microsoft-and-tesla-301736573.html,prnewswire.com,English,0.0,gdelt_gkg
QCOM,2023-02-01,Lleva tus pasiones más allá con la nueva serie Samsung Galaxy S23,https://entornointeligente.com/2023/02/01/lleva-tus-pasiones-mas-alla-con-la-nueva-serie-samsung-galaxy-s23/,entornointeligente.com,Spanish,0.0,gdelt_gkg
QCOM,2023-02-01,Key US big cap stock bell weather is knocking on a key topside targets door,https://www.forexlive.com/technical-analysis/key-us-big-cap-stock-bell-weather-is-knocking-on-a-key-topside-targets-door-20230201/,forexlive.com,English,0.0,gdelt_gkg
QCOM,2023-02-01,Samsung Galaxy S23 serisini Türkiyede yenileme indirimi veya Galaxy Watch5 hediyesiyle ön satışa sundu ! ,https://www.memleket.com.tr/samsung-galaxy-s23-serisini-turkiyede-yenileme-indirimi-veya-galaxy-watch5-2171000h.htm,memleket.com.tr,Turkish,0.0,gdelt_gkg
QCOM,2023-02-01,Samsung Launches 3 New Galaxy S23 Smartphones,https://hypebeast.com/2023/2/samsung-galaxy-s23-smartphone-lineup-launch,hypebeast.com,English,0.0,gdelt_gkg
QCOM,2023-02-01,"Samsung Galaxy S23 Series Hands - On : Familiar Phones , Custom Snapdragon Superpowers",https://hothardware.com/reviews/samsung-galaxy-s23-series-hands-on,hothardware.com,English,0.0,gdelt_gkg
QCOM,2023-04-28,"Patients Rated ChatGPT Better Than Real Doctors for Empathy , Advice",https://www.lebanondemocrat.com/lifestyles/health/patients-rated-chatgpt-better-than-real-doctors-for-empathy-advice/article_9b722f26-5ee6-5eb7-8958-dbf3b09dd8fb.html,lebanondemocrat.com,English,0.0,gdelt_gkg
QCOM,2023-04-28,"Patients Rated ChatGPT Better Than Real Doctors for Empathy , Advice",https://www.kulr8.com/lifestyles/health/patients-rated-chatgpt-better-than-real-doctors-for-empathy-advice/article_68d8c586-1ff4-5f58-8973-cb97465cca98.html,kulr8.com,English,0.0,gdelt_gkg
QCOM,2023-04-28,Samsung Galaxy S23 review : What the S22 should have been,https://www.androidcentral.com/phones/samsung-galaxy-s23-review,androidcentral.com,English,0.0,gdelt_gkg
QCOM,2023-04-28,Samsung Exynos 2400 przetestowany w Geekbench 5 . Nadchodzący SoC wyróżnia się wysoką wydajnością wielowątkową,https://www.purepc.pl/samsung-exynos-2400-przetestowany-w-geekbench-5-nadchodzacy-soc-wyroznia-sie-wysoka-wydajnoscia-wielowatkowa,purepc.pl,Polish,0.0,gdelt_gkg
QCOM,2023-04-28,US sanctions cut Huawei profits by half in first quarter,https://www.theregister.com/2023/04/28/us_sanctions_cut_huawei_profits/,theregister.com,English,0.0,gdelt_gkg
QCOM,2023-04-28,Snapdragon 8 Gen 3 rumored to gain a boosted 3 . 7GHz frequency upgrade,https://www.androidcentral.com/phones/snapdragon-8-gen-3-frequency-rumor,androidcentral.com,English,0.0,gdelt_gkg
QCOM,2023-04-28,"Patients Rated ChatGPT Better Than Real Doctors for Empathy , Advice",https://www.omakchronicle.com/lifestyles/health/patients-rated-chatgpt-better-than-real-doctors-for-empathy-advice/article_4eff1a19-fd4f-5399-8d71-4c438397fa8a.html,omakchronicle.com,English,0.0,gdelt_gkg
QCOM,2023-04-28,Moto X 2016 could come with a brand new design - Tech Gadget Central,https://techgadgetcentral.com/2015/12/26/moto-x-2016-could-come-with-a-brand-new-design/,techgadgetcentral.com,English,0.0,gdelt_gkg
QCOM,2023-04-28,"Patients Rated ChatGPT Better Than Real Doctors for Empathy , Advice",https://missoulian.com/lifestyles/health-med-fit/patients-rated-chatgpt-better-than-real-doctors-for-empathy-advice/article_3f9541a5-a8d0-57f2-ada7-4df9f9d7755f.html,missoulian.com,English,0.0,gdelt_gkg
QCOM,2023-04-28,Snapdragon to bring resolution upscaling method to mobile gaming,https://www.techspot.com/news/98500-snapdragon-bring-resolution-upscaling-method-mobile-gaming.html,techspot.com,English,0.0,gdelt_gkg
QCOM,2023-04-28,"Patients Rated ChatGPT Better Than Real Doctors for Empathy , Advice",https://www.newsargus.com/lifestyles/health/patients-rated-chatgpt-better-than-real-doctors-for-empathy-advice/article_87d23df0-61c8-543e-a03a-5a0540bc1bc5.html,newsargus.com,English,0.0,gdelt_gkg
QCOM,2023-04-28,"Patients Rated ChatGPT Better Than Real Doctors for Empathy , Advice",https://www.mykxlg.com/lifestyles/health/patients-rated-chatgpt-better-than-real-doctors-for-empathy-advice/article_2353027f-0c35-53f1-8383-9620b453a454.html,mykxlg.com,English,0.0,gdelt_gkg
QCOM,2023-04-28,"Patients Rated ChatGPT Better Than Real Doctors for Empathy , Advice",https://www.ashepostandtimes.com/lifestyles/health/patients-rated-chatgpt-better-than-real-doctors-for-empathy-advice/article_be202329-2bb2-5ae5-b874-30b8b9e1d4c4.html,ashepostandtimes.com,English,0.0,gdelt_gkg
QCOM,2023-04-28,"Patients Rated ChatGPT Better Than Real Doctors for Empathy , Advice",https://www.bransontrilakesnews.com/lifestyles/health/article_7be5441d-9da4-5e49-a5f8-89eb211340fc.html,bransontrilakesnews.com,English,0.0,gdelt_gkg
QCOM,2023-04-28,"Patients Rated ChatGPT Better Than Real Doctors for Empathy , Advice",https://www.ktbs.com/lifestyles/health/patients-rated-chatgpt-better-than-real-doctors-for-empathy-advice/article_3a64aaba-2d50-5a22-bafa-3976c6c8e5cc.html,ktbs.com,English,0.0,gdelt_gkg
QCOM,2023-04-28,"Patients Rated ChatGPT Better Than Real Doctors for Empathy , Advice",https://www.guampdn.com/lifestyle/wellness/patients-rated-chatgpt-better-than-real-doctors-for-empathy-advice/article_083e9f66-dd70-58a9-9f6d-29f80ec87b0a.html,guampdn.com,English,0.0,gdelt_gkg
QCOM,2023-04-28,"Patients Rated ChatGPT Better Than Real Doctors for Empathy , Advice",https://www.hazard-herald.com/lifestyles/health/patients-rated-chatgpt-better-than-real-doctors-for-empathy-advice/article_84f3df85-21e1-51e2-b647-62c38cbcf0ca.html,hazard-herald.com,English,0.0,gdelt_gkg
QCOM,2023-04-28,HONOR lansează în România smartphone - ul Magic5 Pro,https://www.wall-street.ro/articol/IT-C-Tehnologie/296778/honor-lanseaza-in-romania-smartphone-ul-magic5-pro.html,wall-street.ro,Romanian,0.0,gdelt_gkg
QCOM,2023-04-28,"Patients Rated ChatGPT Better Than Real Doctors for Empathy , Advice",https://www.themountainpress.com/lifestyles/health/patients-rated-chatgpt-better-than-real-doctors-for-empathy-advice/article_51a8338d-3258-57b5-857c-59d6539acc99.html,themountainpress.com,English,0.0,gdelt_gkg
QCOM,2023-04-28,"Patients Rated ChatGPT Better Than Real Doctors for Empathy , Advice",https://www.stltoday.com/lifestyles/health-med-fit/patients-rated-chatgpt-better-than-real-doctors-for-empathy-advice/article_d7111e89-e57d-5d9c-85e0-405020b1fe19.html,stltoday.com,English,0.0,gdelt_gkg
QCOM,2023-04-28,"Patients Rated ChatGPT Better Than Real Doctors for Empathy , Advice",https://www.keysnews.com/lifestyles/health/patients-rated-chatgpt-better-than-real-doctors-for-empathy-advice/article_43c78d72-5998-587f-a154-c216281aed81.html,keysnews.com,English,0.0,gdelt_gkg
QCOM,2023-04-28,"Patients Rated ChatGPT Better Than Real Doctors for Empathy , Advice",https://www.fairfieldsuntimes.com/arts_and_entertainment/health/patients-rated-chatgpt-better-than-real-doctors-for-empathy-advice/article_a880c0ea-05d8-5d1f-8fff-c330fd8bfe8c.html,fairfieldsuntimes.com,English,0.0,gdelt_gkg
QCOM,2023-04-28,Sony Artık Qualcomm Tabanlı AOSP Android Destekliyor ! ,https://www.andronova.net/sony-artik-qualcomm-tabanli-aosp-android-destekliyor.html,andronova.net,Turkish,0.0,gdelt_gkg
QCOM,2023-04-28,"Patients Rated ChatGPT Better Than Real Doctors for Empathy , Advice",https://www.republic-online.com/lifestyles/health/patients-rated-chatgpt-better-than-real-doctors-for-empathy-advice/article_39c71f8f-3c40-5fea-87c6-6ec77f99906c.html,republic-online.com,English,0.0,gdelt_gkg
QCOM,2023-04-29,Latest Articles,https://freerepublic.com/tag/*/index?more=4149397,freerepublic.com,English,0.0,gdelt_gkg
QCOM,2023-04-29,Decent start to earnings season will be put to the test in week ahead,https://www.cnbc.com/2023/04/29/decent-start-to-earnings-season-will-be-put-to-the-test-in-week-ahead.html,cnbc.com,English,0.0,gdelt_gkg
QCOM,2023-04-29,Here is Mobvoi TicWatch Pro 5 and All of Its Details,https://www.droid-life.com/2023/04/29/here-is-mobvois-ticwatch-pro-5-and-all-of-its-details/,droid-life.com,English,0.0,gdelt_gkg
QCOM,2023-04-29,Motorola Moto G 5G ( 2022 ) review,https://www.androidpolice.com/moto-g-5g-review/,androidpolice.com,English,0.0,gdelt_gkg
QCOM,2023-04-29,Nokia XR 21 Efsane Özelliklerle Geliyor ! Hem Akıllı Hem Uygun Fiyatlı Hem De Taş Gibi Telefon … ,https://www.bolugundem.com/haber/14869942/nokia-xr-21-efsane-ozelliklerle-geliyor-hem-akilli-hem-uygun-fiyatli-hem-de-tas-gibi-telefon,bolugundem.com,Turkish,0.0,gdelt_gkg
QCOM,2023-04-29,"Les meilleurs Smartphones Xiaomi en Avril 2023 : Redmi Note 12 Pro , Redmi Note 12 Pro Plus , Xiaomi 13 , Xiaomi 13 Pro , Xiaomi 13 Lite",https://www.lesmobiles.com/guide-achat/les-meilleurs-smartphones-xiaomi-en-avril-2023,lesmobiles.com,French,0.0,gdelt_gkg
QCOM,2023-04-29,Automation and Control Market is Expected to reach USD 273 . 32 Billion at a CAGR of 10 . 41 % by 2032 - Report by Market Research Future ( MRFR ) ,https://forextv.com/top-news/automation-and-control-market-is-expected-to-reach-usd-273-32-billion-at-a-cagr-of-10-41-by-2032-report-by-market-research-future-mrfr/,forextv.com,English,0.0,gdelt_gkg
QCOM,2023-04-29,Honor svela la tecnologia che si cela dietro al nuovo Magic5 Pro,http://www.msn.com/it-it/money/storie-principali/honor-svela-la-tecnologia-che-si-cela-dietro-al-nuovo-magic5-pro/ar-AA1aws7S,msn.com,Italian,0.0,gdelt_gkg
QCOM,2023-04-29,Samsung Galaxy Z Fold5 : il pieghevole si mostra nei primi render  definitivi  ,https://www.tuttoandroid.net/news/2023/04/29/samsung-galaxy-z-fold5-render-design-992015/,tuttoandroid.net,Italian,0.0,gdelt_gkg
QCOM,2023-04-29,Rumor : Entry - level ASUS ROG Ally with regular Z1 APU costs $600 Gaming News,https://houstonianonline.com/rumor-entry-level-asus-rog-ally-with-regular-z1-apu-costs-600-gaming-news/,houstonianonline.com,English,0.0,gdelt_gkg
QCOM,2023-04-29,Quasi 300 euro di sconto per Motorola Edge 30 Ultra con lofferta Amazon,https://www.tuttoandroid.net/news/2023/04/29/motorola-edge-30-ultra-offerta-amazon-992008/,tuttoandroid.net,Italian,0.0,gdelt_gkg
QCOM,2023-04-29,ChatGPT Lebih Berempati Terhadap Pasien dalam Memberikan Saran Medis,https://tekno.sindonews.com/read/1084279/207/chatgpt-lebih-berempati-terhadap-pasien-dalam-memberikan-saran-medis-1682766241,tekno.sindonews.com,Indonesian,0.0,gdelt_gkg
QCOM,2023-04-29,巅峰王朝 试驾比亚迪汉EV / 唐DM - i冠军版,https://auto.sina.com.cn/review/2023-04-27/detail-imyruvks8921374.shtml?oaid=00005,auto.sina.com.cn,Chinese,0.0,gdelt_gkg
QCOM,2023-04-29,Upcoming Snapdragon 8 Chip for Android Phones to Massively Improve Battery Life,https://propakistani.pk/2023/04/29/upcoming-snapdragon-8-chip-for-android-phones-to-massively-improve-battery-life/,propakistani.pk,English,0.0,gdelt_gkg
QCOM,2023-04-29,5 things to know about new Bears CB Tyrique Stevenson,https://bearswire.usatoday.com/lists/5-things-to-know-about-new-bears-cb-tyrique-stevenson/,bearswire.usatoday.com,English,0.0,gdelt_gkg
QCOM,2023-04-29,Sonynin Lollipop Sürümüne Ait Görüntüler Sızdırıldı ! ,https://www.andronova.net/sonynin-lollipop-surumune-ait-goruntuler-sizdirildi.html,andronova.net,Turkish,0.0,gdelt_gkg
QCOM,2023-04-29,Honor svela la tecnologia che si cela dietro al nuovo Magic5 Pro,https://www.ilmattino.it/tecnologia/smartphone/honor_svela_la_tecnologia_si_cela_dietro_al_nuovo_magic5_pro-7372881.html,ilmattino.it,Italian,0.0,gdelt_gkg
QCOM,2023-04-29,"Honor dezvaluie tableta Pad V8 , cu ecran de 11 inch , procesor Dimensity 8020",https://www.ziarelive.ro/stiri/honor-dezvaluie-tableta-pad-v8-cu-ecran-de-11-inch-procesor-dimensity-8020.html,ziarelive.ro,Romanian,0.0,gdelt_gkg
QCOM,2023-04-29,TicWatch Pro 5 senza più segreti : è il primo smartwatch con il chip Snapdragon W5+ Gen 1,https://leganerd.com/2023/04/29/ticwatch-pro-5-senza-piu-segreti-e-il-primo-smartwatch-con-il-chip-snapdragon-w5-gen-1/,leganerd.com,Italian,0.0,gdelt_gkg
QCOM,2023-04-29,"Global Smart Cities : Market Trends , Opportunity and Forecast 2030",https://fai.informazione.it/daiblog/2DCA1101-EC90-4D62-B02E-3D4903F93632/Global-Smart-Cities-Market-Trends-Opportunity-and-Forecast-2030,fai.informazione.it,English,0.0,gdelt_gkg
QCOM,2023-04-29,ChatGPT Shows Better Empathy To Patients Than Doctors : Study,https://zeenews.india.com:443/technology/chatgpt-shows-better-empathy-to-patients-than-doctors-study-2600819.html,zeenews.india.com,English,0.0,gdelt_gkg
QCOM,2023-04-29,Welcome To IANS Live - LatestNews - ChatGPT shows better empathy to patients than doctors : Study,https://ianslive.in/news/chatgpt_shows_better_empathy_to_patients_than_doctors_study-963619/LatestNews/0,ianslive.in,English,0.0,gdelt_gkg
QCOM,2023-04-29,ChatGPT outperforms doctors in terms of empathy to patients,https://ummid.com/news/2023/april/29.04.2023/chatgpt-outperforms-doctors-in-terms-of-empathy-to-patients.html,ummid.com,English,0.0,gdelt_gkg
QCOM,2023-04-29,"LineageOS 20 , based on Android 13 QPR1 , arrives stupid quick",https://www.androidpolice.com/lineageos-20-android-13-qpr1/,androidpolice.com,English,0.0,gdelt_gkg
QCOM,2023-04-29,Asus ZenWatch 3 akıllı saat Kasım ayında satışa çıkacak,https://www.maxicep.com/asus-zenwatch-3-akilli-saat-kasim-ayinda-satisa-cikacak,maxicep.com,Turkish,0.0,gdelt_gkg
QCOM,2023-04-29, [ 뉴욕증시 - 주간전망 ] 5월 FOMC 회의 · 고용이 온다,https://www.yna.co.kr/view/AKR20230430004400009,yna.co.kr,Korean,0.0,gdelt_gkg
QCOM,2023-04-29,  라떼~  시절 재현한 VR 본 노인 70 %  정신과 약물 사용량 줄어  ,https://news.mt.co.kr/mtview.php?no=2023042912312687816&type=2&sec=midsmall&pDepth2=Ototal&MSI_T,news.mt.co.kr,Korean,0.0,gdelt_gkg
QCOM,2023-04-29,大企业财报接连传出佳绩 美股强势 力拼打破5月魔咒,https://www.wenxuecity.com/news/2023/04/29/12290821.html,wenxuecity.com,Chinese,0.0,gdelt_gkg
QCOM,2023-04-29,Apple drops lawsuit against former exec who accused company of spying,https://www.engadget.com/apple-drops-lawsuit-against-former-exec-who-accused-company-of-spying-211547595.html,engadget.com,English,0.0,gdelt_gkg
QCOM,2023-04-29,Apple drops lawsuit against former exec who accused company of spying,https://news.yahoo.com/apple-drops-lawsuit-against-former-exec-who-accused-company-of-spying-211547595.html,news.yahoo.com,English,0.0,gdelt_gkg
QCOM,2023-04-29,Latest Articles,https://freerepublic.com/tag/*/index?more=4149384,freerepublic.com,English,0.0,gdelt_gkg
QCOM,2023-04-29,ChatGPT Shows Better Empathy To Patients Than Doctors : Study,https://zeenews.india.com/technology/chatgpt-shows-better-empathy-to-patients-than-doctors-study-2600819.html,zeenews.india.com,English,0.0,gdelt_gkg
QCOM,2023-04-29,五一预计240000000人次出游 ， 英雄联盟人机将更新 ， 华为一季度业绩公布 ， 联发科重心转向汽车和AI ， 这就是今天的其他大新闻,https://tech.ifeng.com/c/8POEcMDEIMB,tech.ifeng.com,Chinese,0.0,gdelt_gkg
QCOM,2023-04-29,Apple drops employment lawsuit against ex - chip architect - General Discussion Discussions on AppleInsider Forums,https://forums.appleinsider.com/discussion/231832,forums.appleinsider.com,English,0.0,gdelt_gkg
QCOM,2023-04-29,Apple quietly ends its lawsuit against Nuvia co - founder,https://appleinsider.com/articles/23/04/29/apple-drops-employment-lawsuit-against-ex-chip-architect,appleinsider.com,English,0.0,gdelt_gkg
QCOM,2023-04-29,QUALCOMM Incorporated ( NASDAQ : QCOM ) Stock Position Trimmed by Franklin Street Advisors Inc . NC,https://www.modernreaders.com/news/2023/04/29/qualcomm-incorporated-nasdaqqcom-stock-position-trimmed-by-franklin-street-advisors-inc-nc.html,modernreaders.com,English,0.0,gdelt_gkg
QCOM,2023-04-29,"Wireless Infrastructure Market Is Expected to Reach $466 . 86 billion by 2030 , Grow at a CAGR Of 11 . 27 % during Forecast Period 2023 To 2030",https://finance.yahoo.com/news/wireless-infrastructure-market-expected-reach-190000128.html,finance.yahoo.com,English,0.0,gdelt_gkg
QCOM,2023-04-29,Wireless Infrastructure Market Is Expected to Reach $466 . 86,https://www.globenewswire.com/news-release/2023/04/29/2657985/0/en/Wireless-Infrastructure-Market-Is-Expected-to-Reach-466-86-billion-by-2030-Grow-at-a-CAGR-Of-11-27-during-Forecast-Period-2023-To-2030-Data-By-Contrive-Datum-Insights-Pvt-Ltd.html,globenewswire.com,English,0.0,gdelt_gkg
QCOM,2023-04-29,Apple rinuncia alla causa contro ex dipendente che ha creato Nuvia,https://www.macitynet.it/apple-rinuncia-alla-causa-contro-ex-dipendente-che-ha-creato-nuvia/,macitynet.it,Italian,0.0,gdelt_gkg
QCOM,2023-04-29,"Tech Roundup News Today GrammarlyGo Launch Snapdragon 8 Gen 3 Performance Google Docs New Emoji Features Instagram Notes Music Features Tech News Roundup : Grammarly के नए AI टूल से लेकर Google Docs में मिले नए फीचर्स तक , पढ़ें बड़ी खबरें",https://www.jagran.com/technology/tech-news-tech-roundup-news-today-grammarlygo-launch-snapdragon-8-gen-3-performance-google-docs-new-emoji-features-instagram-notes-music-features-23398838.html,jagran.com,Hindi,0.0,gdelt_gkg
QCOM,2023-04-29,"Honor MagicOS Will Be Better Than iOS , Claims CEO Communication , Comprehensive Experience , & More",https://www.techtimes.com/articles/290953/20230429/honor-magicos-will-better-ios-claims-ceo%E2%80%94in-communication-comprehensive-experience.htm,techtimes.com,English,0.0,gdelt_gkg
QCOM,2023-04-29,Pixel 6 series receives some shiny Topaz from Paranoid Android,https://www.androidpolice.com/android-13-paranoid-android-topaz-pixel-6-gen-oneplus-9/,androidpolice.com,English,0.0,gdelt_gkg
QCOM,2023-04-29,Chatgpt Shows Better Empathy To Patients Than Doctors : Study,https://menafn.com/1106138246/Chatgpt-Shows-Better-Empathy-To-Patients-Than-Doctors-Study,menafn.com,English,0.0,gdelt_gkg
QCOM,2023-04-29,"Hp Samsung Terbaru 2023 Samsung Galaxy Z Fold5 Segera Rilis , Kini Ada Fitur S Pen , Ini Bocorannya",https://bangka.tribunnews.com/2023/04/29/hp-samsung-terbaru-2023-samsung-galaxy-z-fold5-segera-rilis-kini-ada-fitur-s-pen-ini-bocorannya,bangka.tribunnews.com,Indonesian,0.0,gdelt_gkg
QCOM,2023-04-29,같은 삼성전자인데 … 임원끼리 갤럭시 와인 선물한 속사정 황정수의 반도체 이슈 짚어보기,https://www.hankyung.com/economy/article/202304292778i,hankyung.com,Korean,0.0,gdelt_gkg
QCOM,2023-04-29,Cele mai noi imagini cu Samsung Galaxy Z Fold 5 dezvaluie un Z Fold 4 mai rafinat,https://www.ziarelive.ro/stiri/cele-mai-noi-imagini-cu-samsung-galaxy-z-fold-5-dezvaluie-un-z-fold-4-mai-rafinat.html,ziarelive.ro,Romanian,0.0,gdelt_gkg
QCOM,2023-04-29,Week ahead : Interest rate hikes and three of the FTSE 100 top five,https://www.proactiveinvestors.co.uk/companies/news/1013681/week-ahead-interest-rate-hikes-and-three-of-the-ftse-100-s-top-five-1013681.html,proactiveinvestors.co.uk,English,0.0,gdelt_gkg
QCOM,2023-04-29,HTC Desire 20 Pro ve U20 5G resmi olarak duyuruldu,https://www.maxicep.com/htc-desire-20-pro-ve-u20-5g-resmi-olarak-duyuruldu,maxicep.com,Turkish,0.0,gdelt_gkg
QCOM,2023-04-29,奇瑞旗舰SUV瑞虎9正式预售 预售价15 . 5 - 17 . 5万元,https://k.sina.com.cn/article_2298836177_890574d1020014gty.html,k.sina.com.cn,Chinese,0.0,gdelt_gkg
QCOM,2023-04-29,Qualcomm And Samsung Exploring Dual - Sourcing Options For Future Snapdragon 8 SoCs ; N3E And 3nm GAA Nodes A Possibility,https://wccftech.com/qualcomm-and-samsung-explore-dual-sourcing-options-for-snapdragon-8-socs/,wccftech.com,English,0.0,gdelt_gkg
QCOM,2023-04-29,从上海车展看汽车行业新时代发展方向,https://auto.sina.com.cn/news/2023-04-28/detail-imyrtprp3501753.shtml?oaid=00114,auto.sina.com.cn,Chinese,0.0,gdelt_gkg
QCOM,2023-04-29,制造山寨  Airpods  还能弹窗 ！ 法院判6年刑期 、 罚款1140万元,https://www.chinaz.com/2023/0429/1520573.shtml,chinaz.com,Chinese,0.0,gdelt_gkg
QCOM,2023-04-29,OpenAI ： 意大利恢复ChatGPT服务,https://www.chinaz.com/2023/0429/1520597.shtml,chinaz.com,Chinese,0.0,gdelt_gkg
QCOM,2023-04-29,微软收购动视暴雪被英国否决 ： NVIDIA竟第一个表示不服 ！ ,https://www.chinaz.com/2023/0429/1520536.shtml,chinaz.com,Chinese,0.0,gdelt_gkg
QCOM,2023-04-29,Brave宣布剔除必应搜索API ， 实现100 % 独立运营,https://www.chinaz.com/2023/0429/1520594.shtml,chinaz.com,Chinese,0.0,gdelt_gkg
QCOM,2023-04-29,IPv6更便宜了 中国互联网络信息中心CNNIC宣布再降资费,https://www.chinaz.com/2023/0429/1520570.shtml,chinaz.com,Chinese,0.0,gdelt_gkg
QCOM,2023-04-29,Google Tensor G3 架構與製程都無法相比高通 Snapdragon 8 Gen 3,https://technews.tw/2023/04/29/google-tensor-g3-snapdragon-8-gen-3/,technews.tw,Chinese,0.0,gdelt_gkg
QCOM,2023-04-29,Dropbox宣布裁员16 %， 发力AI,https://www.chinaz.com/2023/0429/1520596.shtml,chinaz.com,Chinese,0.0,gdelt_gkg
QCOM,2023-04-29,"Update Harga HP OPPO A96 , Dibanderol Mulai Rp 2 , 4 Jutaan , Berikut Spesifikasinya",https://belitung.tribunnews.com/2023/04/29/update-harga-hp-oppo-a96-dibanderol-mulai-rp-24-jutaan-berikut-spesifikasinya,belitung.tribunnews.com,Indonesian,0.0,gdelt_gkg
QCOM,2023-04-29,从上海车展看汽车行业新时代发展方向,https://auto.sina.com.cn/news/2023-04-28/detail-imyrtprp3501753.shtml?oaid=00113,auto.sina.com.cn,Chinese,0.0,gdelt_gkg
QCOM,2023-04-29,"Ceny kart graficznych Nvidii spadną , jeśli nic się nie zmieni",https://www.gry-online.pl/hardware/ceny-kart-graficznych-nvidii-spadna-jesli-nic-sie-nie-zmieni/z424db8,gry-online.pl,Polish,0.0,gdelt_gkg
QCOM,2023-04-29,从上海车展看汽车行业新时代发展方向,https://auto.sina.com.cn/news/2023-04-28/detail-imyrtprp3501753.shtml?oaid=00110,auto.sina.com.cn,Chinese,0.0,gdelt_gkg
QCOM,2023-04-29,小可爱也有大出行 试驾云度云兔,https://auto.sina.com.cn/newcar/2023-04-27/detail-imyrvsqh8455071.shtml?oaid=00002,auto.sina.com.cn,Chinese,0.0,gdelt_gkg
QCOM,2023-04-29,"  갤S24 , 삼성AP 탑재 ?… 플래그십 재진입 추진 중 - 헤럴드경제",http://biz.heraldcorp.com/view.php?ud=20230429000036,biz.heraldcorp.com,Korean,0.0,gdelt_gkg
QCOM,2023-04-29,中国半导体行业协会严正声明 ！ ,https://www.163.com/dy/article/I3ETDTCB05504DPG.html,163.com,Chinese,0.0,gdelt_gkg
QCOM,2023-04-29,Xiaomi 13 Ultra review,https://www.gsmarena.com/xiaomi_13_ultra-review-2562.php,gsmarena.com,English,0.0,gdelt_gkg
QCOM,2023-04-29,Google二度修正Chromebook出貨 英特爾平台流失 聯發科意外彈升,https://www.digitimes.com.tw/tech/dt/n/shwnws.asp?cnlid=1&id=0000662459_uyb33ca6687cb48tt9j1y&cf=ak1,digitimes.com.tw,Chinese,0.0,gdelt_gkg
QCOM,2023-04-29,云游戏竞争环境 _ 竞争环境 _ 游戏竞争,https://www.chinaz.com/tags/810682.shtml,chinaz.com,Chinese,0.0,gdelt_gkg
QCOM,2023-04-29,Voici où trouver lune des meilleures offres sur le smartphone Xiaomi Redmi Note 10 Pro,https://www.bfmtv.com/tech/bons-plans/voici-ou-trouver-l-une-des-meilleures-offres-sur-le-smartphone-xiaomi-redmi-note-10-pro_AB-202304290002.html,bfmtv.com,French,0.0,gdelt_gkg
QCOM,2023-04-29,巅峰王朝 试驾比亚迪汉EV / 唐DM - i冠军版,https://auto.sina.com.cn/review/2023-04-27/detail-imyruvks8921374.shtml?oaid=00118,auto.sina.com.cn,Chinese,0.0,gdelt_gkg
QCOM,2023-04-29," [ 尹 국빈방미 ] 美 , 韓에 44억달러 투자 .. 세일즈외교  잭팟  ",https://www.etnews.com/20230426000005?mc=em_101_00001,etnews.com,Korean,0.0,gdelt_gkg
QCOM,2023-04-29,联发科CEO蔡力行 ： 不会裁员也不新增员工 ， 每位现有员工对于公司都是宝贵的 - 业界动态 - ITBear科技资讯,http://www.itbear.com.cn/html/2023-04/454749.html,itbear.com.cn,Chinese,0.0,gdelt_gkg
QCOM,2023-04-29,"Dimensity 9200+ , il SoC MediaTek che sfida Qualcomm nel mercato degli smartphone di fascia alta",https://www.tecnoandroid.it/2023/04/29/dimensity-9200-il-soc-mediatek-che-sfida-qualcomm-nel-mercato-degli-smartphone-di-fascia-alta-1217418,tecnoandroid.it,Italian,0.0,gdelt_gkg
QCOM,2023-04-29,MediaTek Dimensity 7050 özellikleri - ShiftDelete . Net,https://shiftdelete.net/mediatek-dimensity-7050-ozellikleri,shiftdelete.net,Turkish,0.0,gdelt_gkg
QCOM,2023-04-29,Pixel 7a için kritik eşik aşıldı ! İşte detaylar,https://shiftdelete.net/google-pixel-7a-tanitim-gorseli-sizdirildi,shiftdelete.net,Turkish,0.0,gdelt_gkg
QCOM,2023-04-29,5月新规来了 ！ 互联网广告新限制 ： 关闭弹出广告不得经两次以上点击,https://www.chinaz.com/2023/0429/1520590.shtml,chinaz.com,Chinese,0.0,gdelt_gkg
QCOM,2023-04-29,"Poco , yeni telefonuna ne zaman kavuşacağını resmen duyurdu",https://www.cnnturk.com/teknoloji/poco-yeni-telefonuna-ne-zaman-kavusacagini-resmen-duyurdu,cnnturk.com,Turkish,0.0,gdelt_gkg
QCOM,2023-04-29,"Harga HP Oppo A96 Terbaru di April 2023 , Kamera 50 MP dan Dilengkapi Fitur NFC , Dijual Rp 2 Jutaan",https://manado.tribunnews.com/2023/04/29/harga-hp-oppo-a96-terbaru-di-april-2023-kamera-50-mp-dan-dilengkapi-fitur-nfc-dijual-rp-2-jutaan,manado.tribunnews.com,Indonesian,0.0,gdelt_gkg
QCOM,2023-04-29,"Spesifikasi Redmi Note 11 Untuk 2023 , Ini Harga Terbarunya",https://radartegal.com/spesifikasi-redmi-note-11/,radartegal.com,Indonesian,0.0,gdelt_gkg
QCOM,2023-04-29,"AnTuTu और गीकबेंच डेटाबेस पर लीक हुई iQOO Neo 8 series , कई नई डिटेल्स आईं सामने iQOO Neo 8 series listed on AnTuTu and Geekbench",https://www.digit.in/hi/news/mobile-phones/iqoo-neo-8-series-listed-on-antutu-and-geekbench-113143.html,digit.in,Hindi,0.0,gdelt_gkg
QCOM,2023-04-29,Mobil İşlemcilerde Yeni Çağın Başlangıcı : Dimensity 9200+  den Performans Rekoru ! ,https://www.tamindir.com/haber/dimensity-9200-plus-performans-rekoru_80266/,tamindir.com,Turkish,0.0,gdelt_gkg
QCOM,2023-04-29,Xiaomi Mi 5S  in içine daha yakından bakın,https://www.maxicep.com/xiaomi-mi-5sin-icine-daha-yakindan-bakin,maxicep.com,Turkish,0.0,gdelt_gkg
QCOM,2023-04-29,Asus ZenFone 3 Zoom akıllı telefon FCCde göründü,https://www.maxicep.com/asus-zenfone-3-zoom-akilli-telefon-fccde-gorundu,maxicep.com,Turkish,0.0,gdelt_gkg
QCOM,2023-04-29,Asus Padfone będzie drogi . Bardzo drogi,https://conowego.pl/artykuly/asus-padfone-bedzie-drogi-bardzo-drogi-4791,conowego.pl,Polish,0.0,gdelt_gkg
QCOM,2023-04-29,Galaxy Z Flip 5 : Samsung croit tellement à un carton plein quil va doubler la production,https://www.phonandroid.com/galaxy-z-flip-5-samsung-croit-tellement-a-un-carton-plein-quil-va-doubler-la-production.html,phonandroid.com,French,0.0,gdelt_gkg
QCOM,2023-04-29,"Ce week - end , Samsung vend ses Galaxy S23 et S23 Ultra  prix ridicule (- 56 %) ðŸ  ",https://www.journaldugeek.com/bon-plan/samsung-vend-galaxy-s23-s23-ultra-prix-ridicule/,journaldugeek.com,French,0.0,gdelt_gkg
QCOM,2023-04-29,"Spesifikasi dan Harga HP Oppo A96 , Baterai 5000 mAh , RAM 8GB , Dibanderol Rp 2 Jutaan",https://manado.tribunnews.com/2023/04/29/spesifikasi-dan-harga-hp-oppo-a96-baterai-5000-mah-ram-8gb-dibanderol-rp-2-jutaan,manado.tribunnews.com,Indonesian,0.0,gdelt_gkg
QCOM,2023-04-29,Amazon ci svela come sarà TicWatch Pro 5,https://www.tuttoandroid.net/news/2023/04/29/ticwatch-pro-5-caratteristiche-design-991973/,tuttoandroid.net,Italian,0.0,gdelt_gkg
QCOM,2023-04-29,Honor Magic V resmi olarak duyuruldu,https://www.maxicep.com/honor-magic-v-resmi-olarak-duyuruldu,maxicep.com,Turkish,0.0,gdelt_gkg
QCOM,2023-04-29,Android Go Cihazları İçin Snapdragon 429 ve 439 İşlemcileri ... ,https://www.maxicep.com/android-go-cihazlari-icin-snapdragon-429-ve-439-islemcileri-geliyor,maxicep.com,Turkish,0.0,gdelt_gkg
QCOM,2023-04-29,Oneplus 3  ün Teknik Özellikleri FCCde de Doğrulandı,https://www.maxicep.com/oneplus-3un-teknik-ozellikleri-fccde-de-dogrulandi,maxicep.com,Turkish,0.0,gdelt_gkg
QCOM,2023-04-30,qualcomm layoffs : Chipmaker Qualcomm begins layoffs to support long - term growth,https://economictimes.indiatimes.com/tech/technology/chip-maker-qualcomm-begins-layoffs-to-support-long-term-growth/articleshow/99883359.cms,economictimes.indiatimes.com,English,0.0,gdelt_gkg
QCOM,2023-04-30,국내 첫 외국인 총수 ... 한미 재계 가이드된 이재용,https://news.mt.co.kr/mtview.php?no=2023043002335148266&MS2_T,news.mt.co.kr,Korean,0.0,gdelt_gkg
QCOM,2023-04-30,국내 첫 외국인 총수 ... 한미 재계 가이드된 이재용,https://news.mt.co.kr/mtview.php?no=2023043002335148266&type=2&sec=politics&pDepth2=Ptotal&MNE_T,news.mt.co.kr,Korean,0.0,gdelt_gkg
QCOM,2023-04-30,Herkes bitti demişti ! Nokia fena döndü ! Nokia XR 21 özellikleri akla zarar ! ,https://www.veteknoloji.net/mobil/herkes-bitti-demisti-nokia-fena-dondu-nokia-xr-21-ozellikleri-akla-zarar-4658,veteknoloji.net,Turkish,0.0,gdelt_gkg
QCOM,2023-04-30,Mobvoi next TicWatch Pro looks way sleeker than its last in this leak,https://www.androidpolice.com/mobvoi-ticwatch-pro-5-render-leak/,androidpolice.com,English,0.0,gdelt_gkg
QCOM,2023-04-30, [ 尹국빈방미 결산 ] 韓美 첨단산업동맹 새 전기 … 5대 그룹 총수 등 경제사절단 역할  톡톡  ,https://www.etnews.com/20230430000034?mc=em_050_00002,etnews.com,Korean,0.0,gdelt_gkg
QCOM,2023-04-30,Amici Weigh in on Apple v . Qualcomm SCOTUS Patent Petition,https://lawstreetmedia.com/news/tech/amici-weigh-in-on-apple-v-qualcomm-scotus-patent-petition/,lawstreetmedia.com,English,0.0,gdelt_gkg
QCOM,2023-04-30,4년 전 이재용의 시스템반도체 133조 투자 결단 통했다 황정수의 반도체 이슈 짚어보기,https://www.hankyung.com/economy/article/202304303379i,hankyung.com,Korean,0.0,gdelt_gkg
QCOM,2023-04-30,Chip - Maker Qualcomm Begins Layoffs To Support Long - Term Growth,https://menafn.com/1106139835/Chip-Maker-Qualcomm-Begins-Layoffs-To-Support-Long-Term-Growth,menafn.com,English,0.0,gdelt_gkg
QCOM,2023-04-30,  25년간 건드리지 않는다 ... 미국 대학생들의 특별한 주식 투자법,https://www.etoday.co.kr/news/view/2244298,etoday.co.kr,Korean,0.0,gdelt_gkg
QCOM,2023-04-30,The Coca - Cola Company ( NYSE : KO ) Shares Acquired by Firethorn Wealth Partners LLC,https://www.dailypolitical.com/2023/04/30/first-pacific-advisors-lp-has-188000-position-in-qualcomm-incorporated-nasdaqqcom.html,dailypolitical.com,English,0.0,gdelt_gkg
QCOM,2023-04-30,"भारत में जल्‍द दस्‍तक देगा पोको F5 Pro 5G स्‍मार्टफोन , लॉन्‍च से पहले फीचर्स का हुआ ... ",https://tarunmitra.in/poco-f5-pro-5g-will-arrive-in-india-soon-features-revealed-before-launch,tarunmitra.in,Hindi,0.0,gdelt_gkg
QCOM,2023-04-30,"Vantage Financial Partners Ltd . Inc . Has $987 , 000 Stake in QUALCOMM Incorporated ( NASDAQ : QCOM ) ",https://www.wkrb13.com/2023/04/30/vantage-financial-partners-ltd-inc-has-987000-stake-in-qualcomm-incorporated-nasdaqqcom.html,wkrb13.com,English,0.0,gdelt_gkg
QCOM,2023-04-30,Renders show Galaxy Z Flip 5 is set to challenge rivals with bigger cover screen,https://www.phonearena.com/news/Renders-show-Galaxy-Z-Flip-5-is-set-to-challenge-rivals-with-bigger-cover-screen_id147233,phonearena.com,English,0.0,gdelt_gkg
QCOM,2023-04-30,"Valve Index 4 years later : the good , the bad , and the future of Steam VR",https://www.techradar.com/features/valve-index-four-years-later,techradar.com,English,0.0,gdelt_gkg
QCOM,2023-04-30,"Poco F5 Pro में होगी WQHD+ रिज़ॉल्यूशन वाली डिस्प्ले , नए टीज़र से हुई पुष्टि Poco F5 Pro new teaser confirms WQHD Plus display",https://www.digit.in/hi/news/mobile-phones/poco-f5-pro-new-teaser-confirms-wqhd-plus-display-113171.html,digit.in,Hindi,0.0,gdelt_gkg
QCOM,2023-04-30,Frode ai danni di Apple : ex dipendente in prigione,https://www.punto-informatico.it/frode-danni-apple-ex-dipendente-prigione/,punto-informatico.it,Italian,0.0,gdelt_gkg
QCOM,2023-04-30,Chip - maker Qualcomm begins layoffs to support long - term growth,https://www.newkerala.com/news/2023/53255.htm,newkerala.com,English,0.0,gdelt_gkg
QCOM,2023-04-30,"KCR may sail with Nitish for Oppn unity , but not ready to accept Rahul",https://www.newkerala.com/news/2023/53256.htm,newkerala.com,English,0.0,gdelt_gkg
QCOM,2023-04-30,TSMC top in invention patents in Q1,https://www.taipeitimes.com/News/biz/archives/2023/05/01/2003798889,taipeitimes.com,English,0.0,gdelt_gkg
QCOM,2023-04-30,Apple Drops Lawsuit Against Former Exec Accused of Poaching Employees,https://www.pcmag.com/news/apple-drops-lawsuit-against-former-exec-accused-of-poaching-employees,pcmag.com,English,0.0,gdelt_gkg
QCOM,2023-04-30,גם ה - Galaxy Z Fold 5 הודלף - עשוי להגיע לחנויות כבר ביולי כדי להתחרות בגוגל,https://www.tgspot.co.il/galaxy-z-fold-5-renders-are-here/,tgspot.co.il,Hebrew,0.0,gdelt_gkg
QCOM,2023-04-30,Smartphone : Le Huawei nova 11i disponible à Maurice,https://defimedia.info/smartphone-le-huawei-nova-11i-disponible-maurice,defimedia.info,French,0.0,gdelt_gkg
QCOM,2023-04-30,Wall Street wants clarity from Fed meeting and jobs data,https://ktvz.com/money/cnn-business-consumer/2023/04/30/wall-street-wants-clarity-from-fed-meeting-and-jobs-data/,ktvz.com,English,0.0,gdelt_gkg
QCOM,2023-04-30,5 from Nagaland attend innovation & entrepreneurship festival in New Delhi,http://morungexpress.com/5-from-nagaland-attend-innovation-entrepreneurship-festival-in-new-delhi,morungexpress.com,English,0.0,gdelt_gkg
QCOM,2023-04-30,"Samsung Galaxy Z Fold 5 , svelate alcune novità sul design del nuovo dispositivo pieghevole",https://www.tecnoandroid.it/2023/04/30/samsung-galaxy-z-fold-5-svelate-alcune-novita-sul-design-del-nuovo-dispositivo-pieghevole-1217778,tecnoandroid.it,Italian,0.0,gdelt_gkg
QCOM,2023-04-30,AI doctor is in ? ChatGPT better than physicians at this : study,https://www.ktbs.com/news/national/ai-doctor-is-in-chatgpt-better-than-physicians-at-this-study/article_86b3840c-6e0c-551b-b3cd-8da6a9622a22.html,ktbs.com,English,0.0,gdelt_gkg
QCOM,2023-04-30,"Vantage Financial Partners Ltd . Inc . Has $531 , 000 Stock Position in iShares Core S & P 500 ETF ( NYSEARCA : IVV ) ",https://www.dailypolitical.com/2023/04/30/vantage-financial-partners-ltd-inc-acquires-475-shares-of-qualcomm-incorporated-nasdaqqcom.html,dailypolitical.com,English,0.0,gdelt_gkg
QCOM,2023-04-30,Amazon svela alcuni dettagli sul nuovo TicWatch Pro 5,https://www.tecnoandroid.it/2023/04/30/amazon-svela-alcuni-dettagli-sul-nuovo-ticwatch-pro-5-1217488,tecnoandroid.it,Italian,0.0,gdelt_gkg
QCOM,2023-04-30,Metis Global Partners LLC Grows Position in QUALCOMM Incorporated ( NASDAQ : QCOM ) ,https://www.wkrb13.com/2023/04/30/metis-global-partners-llc-grows-position-in-qualcomm-incorporated-nasdaqqcom.html,wkrb13.com,English,0.0,gdelt_gkg
QCOM,2023-04-30,Le Poco X5 Pro est - il le smartphone au meilleur rapport qualité prix ? ,https://www.presse-citron.net/test-poco-x5-pro/,presse-citron.net,French,0.0,gdelt_gkg
QCOM,2023-04-30,Vivo X9 akıllı telefon iPhone benzeri tasarım ile geliyor,https://www.maxicep.com/vivo-x9-akilli-telefon-iphone-benzeri-tasarim-ile-geliyor,maxicep.com,Turkish,0.0,gdelt_gkg
QCOM,2023-04-30,Perché questo rugged phone costa 1200 euro : recensione AGM G2 Guardian,https://www.tuttoandroid.net/speciale/recensioni/recensione-agm-g2-guardian-991774/,tuttoandroid.net,Italian,0.0,gdelt_gkg
QCOM,2023-04-30,Snapdragon W5 Plus ile gelecek TicWatch Pro 5 ortaya çıktı,https://www.donanimhaber.com/snapdragon-w5-plus-ile-gelecek-ticwatch-pro-5-ortaya-cikti--163200,donanimhaber.com,Turkish,0.0,gdelt_gkg
QCOM,2023-04-30,"First Republic fate , Apple earnings , jobs data and Fed decision top week ahead",https://finance.yahoo.com/news/first-republic-fate-apple-earnings-172458720.html,finance.yahoo.com,English,0.0,gdelt_gkg
QCOM,2023-04-30,La Réserve fédérale et la Banque centrale européenne fixent les taux dintérêt alors que la tourmente bancaire sintensifie,https://7seizh.info/la-reserve-federale-et-la-banque-centrale-europeenne-fixent-les-taux-dinteret-alors-que-la-tourmente-bancaire-sintensifie/,7seizh.info,French,0.0,gdelt_gkg
QCOM,2023-04-30,"Australian shares : ASX to rise ; RBA , Fed and Apple results pending",https://www.afr.com/markets/equity-markets/asx-to-rise-rba-fed-and-apple-results-pending-20230429-p5d47s,afr.com,English,0.0,gdelt_gkg
QCOM,2023-04-30,Breakfast briefing : China on holiday while key data due in rest of the world,https://www.interest.co.nz/business/120972/us-fed-gives-itself-uppercut-over-svb-us-pce-inflation-falls-consumer-sentiment,interest.co.nz,English,0.0,gdelt_gkg
QCOM,2023-04-30,Momento Verdadeiro : Inspirao e Orientao,https://www.momentoverdadeiro.com/2014_12_12_archive.html,momentoverdadeiro.com,Portuguese,0.0,gdelt_gkg
QCOM,2023-04-30,Momento Verdadeiro : Inspirao e Orientao,https://www.momentoverdadeiro.com/2016_03_02_archive.html,momentoverdadeiro.com,Portuguese,0.0,gdelt_gkg
QCOM,2023-04-30,Momento Verdadeiro : Inspirao e Orientao,https://www.momentoverdadeiro.com/2015_02_06_archive.html,momentoverdadeiro.com,Portuguese,0.0,gdelt_gkg
QCOM,2023-04-30,"First Pacific Advisors LP Sells 1 , 078 Shares of QUALCOMM Incorporated ( NASDAQ : QCOM ) ",https://www.wkrb13.com/2023/04/30/first-pacific-advisors-lp-sells-1078-shares-of-qualcomm-incorporated-nasdaqqcom.html,wkrb13.com,English,0.0,gdelt_gkg
QCOM,2023-04-30,"Jelang Rilis 9 Mei , Harga Poco F5 dan F5 Pro Bocor , Berapa ? ",https://www.harianhaluan.com/bisnis/108620111/jelang-rilis-9-mei-harga-poco-f5-dan-f5-pro-bocor-berapa,harianhaluan.com,Indonesian,0.0,gdelt_gkg
QCOM,2023-04-30,"Recenze mobilu Honor Magic5 Pro . Fotokouzelník , jehož trikem je umělá inteligence",https://mobilmania.zive.cz/clanky/recenze-mobilu-honor-magic5-pro-fotokouzelnik-jehoz-trikem-je-umela-inteligence/sc-3-a-1357585/default.aspx,mobilmania.zive.cz,Czech,0.0,gdelt_gkg
QCOM,2023-04-30,"Snapdragon 8 Gen 3 Stupisce , Qualcomm Salta la Versione Plus e Rivoluziona il Mercato",https://www.tecnoandroid.it/2023/04/30/snapdragon-8-gen-3-stupisce-1217831,tecnoandroid.it,Italian,0.0,gdelt_gkg
QCOM,2023-04-30,QUALCOMM Incorporated ( NASDAQ : QCOM ) Stock Position Boosted by Horan Capital Advisors LLC . ,https://www.wkrb13.com/2023/04/30/qualcomm-incorporated-nasdaqqcom-stock-position-boosted-by-horan-capital-advisors-llc.html,wkrb13.com,English,0.0,gdelt_gkg
QCOM,2023-04-30,Redmi Note 12R Pro launched with Snapdragon 4 Gen 1,https://www.gizchina.com/2023/04/30/redmi-note-12r-pro-launched-with-snapdragon-4-gen-1/,gizchina.com,English,0.0,gdelt_gkg
QCOM,2023-04-30,Prim hírek - Hamarosan itthon is megjelenik a csúcskategóriás HONOR Magic5 Pro,http://hirek.prim.hu/cikk/hamarosan_itthon_is_megjelenik_a_csucskategorias_honor_magic5_pro,hirek.prim.hu,Hungarian,0.0,gdelt_gkg
QCOM,2023-04-30,Metahero Price Hits $0 . 0039 on Top Exchanges ( HERO ) ,https://www.dailypolitical.com/2023/04/30/horan-capital-advisors-llc-buys-190-shares-of-qualcomm-incorporated-nasdaqqcom.html,dailypolitical.com,English,0.0,gdelt_gkg
QCOM,2023-04-30,Oppo F21 Pro vs Vivo Y35 : Are These Phones Same ? ,https://www.gizchina.com/2023/04/30/oppo-f21-pro-vs-vivo-y35/,gizchina.com,English,0.0,gdelt_gkg
QCOM,2023-04-30,Snapdragon 8 Gen 3 yonga seti gücü ile tahmin edilemez olacak,https://donanimgunlugu.com/snapdragon-8-gen-3-yonga-seti-335575,donanimgunlugu.com,Turkish,0.0,gdelt_gkg
QCOM,2023-04-30,"Realtime koersen , beursnieuws en analyse",https://www.beurs.nl/beursnieuws/buitenland/772067/Beursweek-in-teken-van-rentebesluiten-en-banenrapporten/,beurs.nl,Dutch,0.0,gdelt_gkg
QCOM,2023-04-30,Beursweek in teken van rentebesluiten en banenrapporten,https://www.iex.nl/Nieuws/772067/Beursweek-in-teken-van-rentebesluiten-en-banenrapporten.aspx,iex.nl,Dutch,0.0,gdelt_gkg
QCOM,2023-04-30,Chip - maker Qualcomm begins layoffs to support long - term growth,https://www.orissapost.com/chip-maker-qualcomm-begins-layoffs-to-support-long-term-growth/,orissapost.com,English,0.0,gdelt_gkg
QCOM,2023-04-30,"  손정의 반도체기업  ARM , 나스닥 등록 절차 … 올해 최대 IPO  ",https://news.mt.co.kr/mtview.php?no=2023043016361153292&MTS_P,news.mt.co.kr,Korean,0.0,gdelt_gkg
QCOM,2023-04-30,Apple drops lawsuit against former exec who accused company of spying,https://finance.yahoo.com/news/apple-drops-lawsuit-against-former-exec-who-accused-company-of-spying-211547595.html,finance.yahoo.com,English,0.0,gdelt_gkg
QCOM,2023-04-30,Earnings playbook : The second half of the season kicks off with AAPL and F,https://www.cnbc.com/2023/04/30/earnings-playbook-the-second-half-of-the-season-kicks-off-with-aapl-and-f.html,cnbc.com,English,0.0,gdelt_gkg
QCOM,2023-04-30,Motorola Razr+ 2023 will have 3 . 5 - inch screen on foldable back,https://www.digit.in/news/mobile-phones/motorola-razr-plus-2023-will-have-35-inch-screen-on-foldable-back-67794.html,digit.in,English,0.0,gdelt_gkg
QCOM,2023-04-30,高通傳5月 「 全公司裁員5 %」 消息人士 ： 銷量下滑面臨困難 | 全球財經 | 全球,https://udn.com/news/story/6811/7133268,udn.com,Chinese,0.0,gdelt_gkg
QCOM,2023-04-30,Qualcomm Begins Layoffs To Support Long - Term Growth : All Details,https://www.news18.com/tech/qualcomm-begins-layoffs-to-support-long-term-growth-all-details-7680925.html,news18.com,English,0.0,gdelt_gkg
QCOM,2023-04-30,העליות בבורסה מתחזקות ; מניות הבנייה ורשתות השיווק מובילות,https://www.globes.co.il/news/article.aspx?did=1001444945,globes.co.il,Hebrew,0.0,gdelt_gkg
QCOM,2023-04-30,Une réduction exceptionnelle de 65 % sur le smartphone Oneplus 9 Pro sur Rakuten,https://www.leparisien.fr/www.leparisien.fr/guide-shopping/high-tech/smartphones/une-reduction-exceptionnelle-de-65-sur-le-oneplus-9-pro-disponible-sur-rakuten-30-04-2023-ZOBA6TGRBFGV3ABHY7ZRUPBXJY.php,leparisien.fr,French,0.0,gdelt_gkg
QCOM,2023-04-30,"Global chip - maker Qualcomm cuts jobs to support long - term growth , success",https://www.business-standard.com/world-news/global-chip-maker-qualcomm-cuts-jobs-to-support-long-term-growth-success-123043000259_1.html,business-standard.com,English,0.0,gdelt_gkg
QCOM,2023-04-30,"Fed decision , Apple earnings , jobs report : What to know this week",https://finance.yahoo.com/news/fed-decision-apple-earnings-april-jobs-report-what-to-know-this-week-144601325.html,finance.yahoo.com,English,0.0,gdelt_gkg
QCOM,2023-04-30, [ 尹국빈방미 결산 ] 韓美 첨단산업동맹 새 전기 … 5대 그룹 총수 등 경제사절단 역할  톡톡  ,https://www.etnews.com/20230430000034?mc=em_050_00007,etnews.com,Korean,0.0,gdelt_gkg
QCOM,2023-04-30,תכירו את TicWatch Pro 5 - מהראשונים עם מעבד השעונים החדש של קוואלקום,https://www.tgspot.co.il/mobvoi-ticwatch-pro-5-is-getting-near/,tgspot.co.il,Hebrew,0.0,gdelt_gkg
QCOM,2023-04-30,Chip - maker Qualcomm begins layoffs to support long - term growth,https://www.tribuneindia.com/news/business/chip-maker-qualcomm-begins-layoffs-to-support-long-term-growth-503439,tribuneindia.com,English,0.0,gdelt_gkg
QCOM,2023-04-30,Perusahaan Jerman : Chip Qualcomm Kumpulkan Informasi Pengguna,https://tekno.tempo.co/read/1720287/perusahaan-jerman-chip-qualcomm-kumpulkan-informasi-pengguna,tekno.tempo.co,Indonesian,0.0,gdelt_gkg
QCOM,2023-04-30,Mercatino dei FURBI : le migliori offerte su Amazon Warehouse ( 24 - 30 Aprile ) ,https://www.webnews.it/mercatino-dei-furbi-le-migliori-offerte-su-amazon-warehouse-24-30-aprile/,webnews.it,Italian,0.0,gdelt_gkg
QCOM,2023-04-30,Apple eski çip yöneticisine açtığı davayı düşürdü,https://www.teknoblog.com/apple-eski-cip-yoneticisine-actigi-davayi-dusurdu/,teknoblog.com,Turkish,0.0,gdelt_gkg
QCOM,2023-04-30,  실물 결국 유출됐네  삼성 최고  접는폰  이렇게 생겼다 - 헤럴드경제,http://news.heraldcorp.com/view.php?ud=20230430000175,news.heraldcorp.com,Korean,0.0,gdelt_gkg
QCOM,2023-04-30,Savant Capital LLC Increases Stock Position in QUALCOMM Incorporated ( NASDAQ : QCOM ) ,https://www.modernreaders.com/news/2023/04/30/savant-capital-llc-increases-stock-position-in-qualcomm-incorporated-nasdaqqcom.html,modernreaders.com,English,0.0,gdelt_gkg
QCOM,2023-04-30,NFC Writer Market Resounding Worldwide ( Forecast Period,https://www.openpr.com/news/3035751/nfc-writer-market-resounding-worldwide-forecast-period,openpr.com,English,0.0,gdelt_gkg
QCOM,2023-04-30,"1 Stock to Buy , 1 Stock to Sell This Week : Apple , AMD",https://www.investing.com/analysis/1-stock-to-buy-1-stock-to-sell-this-week-apple-amd-200637654,investing.com,English,0.0,gdelt_gkg
QCOM,2023-04-30,Android 14 : Diese Smartphones dürften das große Update bekommen,https://t3n.de/news/android-14-os-update-smartphone-mai-2023-uebersicht-liste-1545323/,t3n.de,German,0.0,gdelt_gkg
QCOM,2023-04-30,Ex - impiegato condannato per aver derubato Apple : pagherà una cifra stratosferica,https://tech.everyeye.it/notizie/ex-impiegato-condannato-derubato-apple-paghera-cifra-stratosferica-647404.html,tech.everyeye.it,Italian,0.0,gdelt_gkg
QCOM,2023-04-30,मल्टीनेशनल कंपनी क्वालकॉम जल्द छंटनी का ऐलान कर सकती .... ,https://tarunmitra.in/multinational-company-qualcomm-may-announce-layoffs-soon,tarunmitra.in,Hindi,0.0,gdelt_gkg
QCOM,2023-04-30,"Xiaomi Pad 6 Tablet en ucuz fiyatlı nerede satılıyor ? Fiyatları kaç para ? Hepsiburada , Trendyol , PTT AVM ... ",https://www.veteknoloji.net/haberler/xiaomi-pad-6-tablet-en-ucuz-fiyatli-nerede-satiliyor-fiyatlari-kac-para-4662,veteknoloji.net,Turkish,0.0,gdelt_gkg
QCOM,2023-04-30,"Samsung i Qualcomm planują wznowienie współpracy , przyszłe chipy mają powstawać nie tylko u tajwańskiego TSMC",https://www.purepc.pl/samsung-i-qualcomm-planuja-wznowienie-wspolpracy-przyszle-chipy-maja-powstawac-nie-tylko-u-tajwanskiego-tsmc,purepc.pl,Polish,0.0,gdelt_gkg
QCOM,2023-04-30,Chip - Maker Qualcomm Begins Layoffs To Support Long - Term Growth,https://zeenews.india.com/technology/chip-maker-qualcomm-begins-layoffs-to-support-long-term-growth-2601032.html,zeenews.india.com,English,0.0,gdelt_gkg
QCOM,2023-04-30,Qualcomm işlemcilerin kayıt dışı özelliği tespit edildi ! ,https://www.donanimhaber.com/qualcomm-islemcilerin-kayit-disi-ozelligi-tespit-edildi--163181,donanimhaber.com,Turkish,0.0,gdelt_gkg
QCOM,2023-04-30,Key Fed meeting and jobs data are ahead,https://www.cnn.com/2023/04/30/business/stocks-week-ahead/,cnn.com,English,0.0,gdelt_gkg
QCOM,2023-04-30,"Niente TSMC , Samsung potrebbe prodursi  da sola  gli Snapdragon for Galaxy",https://tech.everyeye.it/notizie/tsmc-samsung-prodursi-da-sola-snapdragon-for-galaxy-647397.html,tech.everyeye.it,Italian,0.0,gdelt_gkg
QCOM,2023-04-30,美国科技股能牛多久 ？ 就看下周苹果 、 AMD的财报了,https://wallstreetcn.com/articles/3687780,wallstreetcn.com,Chinese,0.0,gdelt_gkg
QCOM,2023-05-01,"4 Reasons to Buy Mobileye Stock , and 4 Reasons to Sell",https://www.fool.com/investing/2023/05/01/reasons-to-buy-mobileye-stock-reasons-to-sell/,fool.com,English,0.0,gdelt_gkg
QCOM,2023-05-01,Galaxy Z Flip 5 renders show  tabbed  outer screen,https://mobilesyrup.com/2023/05/01/samsung-galaxy-z-flip-5-renders-tabbed-display/,mobilesyrup.com,English,0.0,gdelt_gkg
QCOM,2023-05-01,Apple abandonne les poursuites contre lancien architecte de ses puces ARM,https://www.macg.co/ailleurs/2023/05/apple-abandonne-les-attaques-contre-lancien-architecte-de-ses-puces-arm-136513,macg.co,French,0.0,gdelt_gkg
QCOM,2023-05-01,"Tento týden nabídne dividendy od Intel , Walmart , Levi Strauss , Sunoco a spousty dalších",https://www.kurzy.cz/zpravy/713203-tento-tyden-nabidne-dividendy-od-intel-walmart-levi-strauss-sunoco-a-spousty-dalsich/,kurzy.cz,Czech,0.0,gdelt_gkg
QCOM,2023-05-01,Samsung is expanding its PC Footprint with Three all - new Desktop Models including an iMac - Like Design,https://www.patentlyapple.com/2023/05/samsung-is-expanding-its-pc-footprint-with-three-all-new-desktop-models-including-an-imac-like-design.html,patentlyapple.com,English,0.0,gdelt_gkg
QCOM,2023-05-01,Samsung 4nm Chip Business Gets Small Boost As AMD Now Rumored To Shift Manufacturing Processes,https://wccftech.com/amd-shifting-to-samsung-4nm-technology/,wccftech.com,English,0.0,gdelt_gkg
QCOM,2023-05-01,MediaTek si vuole concentrare sul settore automotive e sullIntelligenza Artificiale,https://www.tecnoandroid.it/2023/05/01/mediatek-si-vuole-concentrare-sul-settore-automotive-e-sullintelligenza-artificiale-1218001,tecnoandroid.it,Italian,0.0,gdelt_gkg
QCOM,2023-05-01,Huawei nova 11i Duyuruldu : İşte Fiyat ve Özellikleri,https://www.webtekno.com/huawei-nova-11i-fiyati-ozellikleri-h134209.html,webtekno.com,Turkish,0.0,gdelt_gkg
QCOM,2023-05-01,"삼성 파운드리 , 갤럭시 전용  스냅드래곤 8 4세대  3나노 GAA 공정으로 제조하나",https://kbench.com/?q=node/243271,kbench.com,Korean,0.0,gdelt_gkg
QCOM,2023-05-01,Xiaominin yeni Redmi Note modeli bu ayın en çok satan telefonu seçildi ! ,https://www.teknolojioku.com/guncel/xiaominin-yeni-redmi-note-modeli-bu-ayin-en-cok-satan-telefonu-secildi-644fa69c0c5a3450b74d73c5,teknolojioku.com,Turkish,0.0,gdelt_gkg
QCOM,2023-05-01,Visual AI Expert Oosto Joins ZeroNow Alliance to Help Prevent School Violence,https://www.prweb.com/releases/2023/5/prweb19307824.htm,prweb.com,English,0.0,gdelt_gkg
QCOM,2023-05-01,"Samsung has one last chance to make Exynos great again , but should it ? ",https://www.sammobile.com/opinion/samsung-has-got-one-last-chance-to-make-exynos-great-again-but-should-it/,sammobile.com,English,0.0,gdelt_gkg
QCOM,2023-05-01,"Qualcomm Snapdragon 8 Gen 3 , i primi benchmark lasciano a bocca aperta",https://www.tecnoandroid.it/2023/05/01/qualcomm-snapdragon-8-gen-3-i-primi-benchmark-lasciano-a-bocca-aperta-1218084,tecnoandroid.it,Italian,0.0,gdelt_gkg
QCOM,2023-05-01,"AMD potrebbe abbandonare TSMC , prime sirene dalla Corea del Sud",https://tech.everyeye.it/notizie/amd-abbandonare-tsmc-prime-sirene-corea-sud-647544.html,tech.everyeye.it,Italian,0.0,gdelt_gkg
QCOM,2023-05-01,What Going On With NVIDIA Stock Today,https://www.msn.com/en-us/money/news/whats-going-on-with-nvidia-stock-today/ar-AA1aAQ8H,msn.com,English,0.0,gdelt_gkg
QCOM,2023-05-01,ON Semi jumps after results while Nvidia hits 13 month high,https://www.marketscreener.com/quote/stock/NVIDIA-CORPORATION-57355629/news/ON-Semi-jumps-after-results-while-Nvidia-hits-13-month-high-43703590/,marketscreener.com,English,0.0,gdelt_gkg
QCOM,2023-05-01,ON Semi jumps after results while Nvidia hits 13 month high,https://finance.yahoo.com/news/semi-jumps-results-while-nvidia-170939974.html,finance.yahoo.com,English,0.0,gdelt_gkg
QCOM,2023-05-01,Spesifikasi Oppo A96 dan Harga Terbarunya,https://radartegal.com/spesifikasi-oppo-a96-2/,radartegal.com,Indonesian,0.0,gdelt_gkg
QCOM,2023-05-01,OnePlus Pad vs Xiaomi Pad 5 : Which tablet is right for you ? ,https://www.pocket-lint.com/oneplus-pad-vs-xiaomi-pad-5-specs-features-compared/,pocket-lint.com,English,0.0,gdelt_gkg
QCOM,2023-05-01,"Google Pixel 7 review : hard to resist , but a bit of a risk",https://www.digitaltrends.com/mobile/google-pixel-7-review/,digitaltrends.com,English,0.0,gdelt_gkg
QCOM,2023-05-01,Vodafone Smart 7 Platinum Duyuruldu,https://www.maxicep.com/vodafone-smart-7-platinum-duyuruldu,maxicep.com,Turkish,0.0,gdelt_gkg
QCOM,2023-05-01,Nothing Phone 1 Dikabarkan Mendapat Pembaruan Android 14 Versi Beta 1,https://www.tribunnews.com/techno/2023/05/01/nothing-phone-1-dikabarkan-mendapat-pembaruan-android-14-versi-beta-1,tribunnews.com,Indonesian,0.0,gdelt_gkg
QCOM,2023-05-01,Quel est le Xiaomi Redmi Note fait pour vous ? ,https://www.lesmobiles.com/guide-achat/quel-est-le-xiaomi-redmi-note-fait-pour-vous,lesmobiles.com,French,0.0,gdelt_gkg
QCOM,2023-05-01,Qualcomm Continues Working To Upstream Gunyah Hypervisor Support In Linux,https://www.phoronix.com/news/Qualcomm-Gunyah-Linux-v12,phoronix.com,English,0.0,gdelt_gkg
QCOM,2023-05-01,"반도체 설계 최강자 ARM , 나스닥 상장 절차 시작",https://newsway.co.kr/news/view?ud=2023050115372487926,newsway.co.kr,Korean,0.0,gdelt_gkg
QCOM,2023-05-01,The Morning After : Apple drops lawsuit against former exec who accused the company of spying,https://www.msn.com/en-us/money/companies/the-morning-after-apple-drops-lawsuit-against-former-exec-who-accused-the-company-of-spying/ar-AA1aAfTW,msn.com,English,0.0,gdelt_gkg
QCOM,2023-05-01,"4 Reasons to Buy Mobileye Stock , and 4 Reasons to Sell",https://www.fool.com/investing/2023/05/01/reasons-to-buy-mobileye-stock-reasons-to-sell/?source=iedfolrf0000001,fool.com,English,0.0,gdelt_gkg
QCOM,2023-05-01,Snapdragon 8 Gen 3 may bring about 15 % faster CPU,https://www.androidheadlines.com/2023/04/snapdragon-8-gen-3-may-bring-faster-cpu.html,androidheadlines.com,English,0.0,gdelt_gkg
QCOM,2023-05-01,Snapdragon Game Super Resolution is basically Qualcomm DLSS,https://www.gizchina.com/2023/04/30/snapdragon-game-super-resolution-is-basically-qualcomms-dlss/,gizchina.com,English,0.0,gdelt_gkg
QCOM,2023-05-01,Fossil Q Founder Android Smartwatch Revealed - Tech Gadget Central,https://techgadgetcentral.com/2015/10/22/fossil-q-founder-android-smartwatch-revealed/,techgadgetcentral.com,English,0.0,gdelt_gkg
QCOM,2023-05-01, [ 尹국빈방미 결산 ] 韓美 첨단산업동맹 새 전기 … 5대 그룹 총수 등 경제사절단 역할  톡톡  ,https://www.etnews.com/20230430000034?mc=em_050_00009,etnews.com,Korean,0.0,gdelt_gkg
QCOM,2023-05-01,3 Stocks to Buy for Exposure to the Growing AI Chip Market,https://investorplace.com/2023/04/3-stocks-to-buy-for-exposure-to-the-growing-ai-chip-market/,investorplace.com,English,0.0,gdelt_gkg
QCOM,2023-05-01,Huge Mobvoi TicWatch Pro 5 leak shows off major upgrades,https://www.androidcentral.com/wearables/mobvoi-ticwatch-pro-5-full-specs-leak,androidcentral.com,English,0.0,gdelt_gkg
QCOM,2023-05-01,Get the Latest Samsung Galaxy S23 at a Discounted Price on Amazon,https://techstory.in/get-the-latest-samsung-galaxy-s23-at-a-discounted-price-on-amazon/,techstory.in,English,0.0,gdelt_gkg
QCOM,2023-05-01,עליות קלות בבורסה ; פריון מטפסת ב - 2 % לקראת הדוחות,https://www.globes.co.il/news/article.aspx?did=1001445118,globes.co.il,Hebrew,0.0,gdelt_gkg
QCOM,2023-05-01,  갤럭시S23  탑재  스냅드래곤 8 2세대 for 갤럭시  삼성 아닌 TSMC 제조 확인,https://kbench.com/?q=node/240940,kbench.com,Korean,0.0,gdelt_gkg
QCOM,2023-05-01,Samsung Galaxy S23 256 GB in offerta a un prezzo imperdibile,https://www.tuttoandroid.net/news/2023/05/01/samsung-galaxy-s23-256-gb-694-euro-unieuro-992175/,tuttoandroid.net,Italian,0.0,gdelt_gkg
QCOM,2023-05-01,"Flipkart Big Saving Days sale 4 may Top 3 phones under Rs 30000 - 30000 रुपये से कम में Realme , Google , Poco के पावरफुल फोन , बंपर छूट",https://www.jansatta.com/technology-news/flipkart-big-saving-days-sale-4-may-top-3-phones-under-rs-30000/2787650/,jansatta.com,Hindi,0.0,gdelt_gkg
QCOM,2023-05-01,"Huawei Nova 11i launched Price specifications features 48MP dual cameras - 48MP कैमरा व 8GB रैम वाले अफॉर्डेबल स्मार्टफोन से उठा पर्दा , जानें सारी खासियतें",https://www.jansatta.com/technology-news/huawei-nova-11i-launched-price-specifications-features-48mp-dual-cameras/2787775/,jansatta.com,Hindi,0.0,gdelt_gkg
QCOM,2023-05-01,Lenovo Phab2 Pro akıllı telefon Çinde satışa sunuldu,https://www.maxicep.com/lenovo-phab2-pro-akilli-telefon-cinde-satisa-sunuldu,maxicep.com,Turkish,0.0,gdelt_gkg
QCOM,2023-05-01,"퀄컴 차기 스냅드래곤 8 3세대 , TSMC N4P 공정 사용 .. 3 . 7GHz Cortex - X4 프라임 CPU 코어 탑재",https://kbench.com/?q=node/243260,kbench.com,Korean,0.0,gdelt_gkg
QCOM,2023-05-01,Vivo X90 Pro makes you wonder if the Samsung Galaxy S23 Ultra really is worth it,https://www.hindustantimes.com/business/vivo-x90-pro-review-refreshing-design-impressive-camera-and-flagship-performance-at-a-lower-price-101682929325946.html,hindustantimes.com,English,0.0,gdelt_gkg
QCOM,2023-05-01,تي إس إم سي .. إلى أي مدى يجب أن يقلق العالم حال غزو الصين تايوان ؟ ,https://www.argaam.com/ar/article/articledetail/id/1639586,argaam.com,Arabic,0.0,gdelt_gkg
QCOM,2023-05-01,Tempt disrupts the Indian Market with the new Tempt Rush neckband with Qualcomm CSR 8635,https://news.webindia123.com/news/Articles/Business/20230501/4068166.html,news.webindia123.com,English,0.0,gdelt_gkg
QCOM,2023-05-01,Quels sont les smartphones à suivre lors des French Days,https://www.lesmobiles.com/guide-achat/quels-sont-les-smartphones-suivre-lors-des-french-days-mai-2023,lesmobiles.com,French,0.0,gdelt_gkg
QCOM,2023-05-01,Këto imazhe tregojnë se Galaxy Z Flip 5 është vendosur të sfidojë rivalët duke sjellë një ekran më të madh të pjesës së pasme,https://telegrafi.com/keto-imazhe-tregojne-se-galaxy-z-flip-5-eshte-vendosur-te-sfidoje-rivalet-duke-sjelle-nje-ekran-te-madh-te-pjeses-se-pasme/,telegrafi.com,Albanian,0.0,gdelt_gkg
QCOM,2023-05-01,ChatGPT pruža kvalitetnije savjete od liječnika / Zdravlje / Naslovnica,https://www.vidi.hr/Zdravlje/ChatGPT-pruza-kvalitetnije-savjete-od-lijecnika,vidi.hr,Croatian,0.0,gdelt_gkg
QCOM,2023-05-01,Europe floats revised patent rules,https://www.theregister.com/2023/05/01/eu_patent_rules/,theregister.com,English,0.0,gdelt_gkg
QCOM,2023-05-01,The Morning After : Apple drops lawsuit against former exec who accused the company of spying,https://news.yahoo.com/the-morning-after-apple-drops-lawsuit-against-former-exec-who-accused-the-company-of-spying-111833313.html,news.yahoo.com,English,0.0,gdelt_gkg
QCOM,2023-05-01,Tempt disrupts the Indian Market with the new Tempt Rush neckband with Qualcomm CSR 8635,https://www.nepalnational.com/news/273804077/tempt-disrupts-the-indian-market-with-the-new-tempt-rush-neckband-with-qualcomm-csr-8635,nepalnational.com,English,0.0,gdelt_gkg
QCOM,2023-05-01,零跑4月新车交付量达8726台 C系列车型占比超83 % ,https://finance.sina.com.cn/tech/roll/2023-05-01/doc-imyshsyp8352706.shtml,finance.sina.com.cn,Chinese,0.0,gdelt_gkg
