ticker,date,title,url,domain,language,tone,source
NOW,2019-01-07,Give Your Future Employees An Onboarding Experience They Will Love,https://www.forbes.com/sites/servicenow/2019/01/07/give-your-future-employees-an-onboarding-experience-they-will-love/,forbes.com,English,0.0,gdelt_gkg
NOW,2019-01-07,Kellblog Predictions for 2019 - Enterprise Irregulars,https://www.enterpriseirregulars.com/133958/kellblog-predictions-for-2019/,enterpriseirregulars.com,English,0.0,gdelt_gkg
NOW,2019-01-07,"IT Service Management Tools Market Research Report 2019 - 2024 | Top Vendors - ServiceNow , Atlassian , IBM , CA Technologies , BMC Software , Ivanti Software , ASG Software , Axios Systems",https://empowerednews.net/it-service-management-tools-market-research-report-2019-2024-top-vendors-servicenow-atlassian-ibm-ca-technologies-bmc-software-ivanti-software-asg-software-axios-systems/181411800/,empowerednews.net,English,0.0,gdelt_gkg
NOW,2019-01-07,The conversation about Agile and DevOps is far from over,https://sdtimes.com/devops/the-conversation-about-agile-and-devops-is-far-from-over/,sdtimes.com,English,0.0,gdelt_gkg
NOW,2019-01-08,AIOps is  bigger boat  to hunt Jaws lurking in modern IT,https://siliconangle.com/2019/01/07/aiops-is-bigger-boat-to-hunt-jaws-lurking-in-modern-it-reinvent-startupoftheweek/,siliconangle.com,English,0.0,gdelt_gkg
NOW,2019-01-08,"Performance Analytics Market 2018 – Global Industry Analysis , Size , Share , Growth , Trends and Forecast 2025",https://www.snntv.com/story/39641691/performance-analytics-market-2018-global-industry-analysis-size-share-growth-trends-and-forecast-2025,snntv.com,English,0.0,gdelt_gkg
NOW,2019-01-08,"Innovative Research on Cloud System Management Software Market to 2023 : Major Key Players - BMC Software , VMware , CA Technologies , Oracle , Cisco Systems , IBM Corp",https://www.ssuchronicle.com/2019/01/08/innovative-research-on-cloud-system-management-software-market-to-2023-major-key-players-bmc-software-vmware-ca-technologies-oracle-cisco-systems-ibm-corp/,ssuchronicle.com,English,0.0,gdelt_gkg
NOW,2019-01-08,"Top 5 IT trends that will redefine businesses in 2019 |IT News Africa – Up to date technology news , IT news , Digital news , Telecom news , Mobile news , Gadgets news , Analysis and Reports",http://www.itnewsafrica.com/2019/01/top-5-it-trends-that-will-redefine-businesses-in-2019/,itnewsafrica.com,English,0.0,gdelt_gkg
NOW,2019-01-08,"Wavex Technology Announces the Launch of Uniti® , a User - Centric Business IT Service",https://www.tmcnet.com/usubmit/2019/01/08/8877446.htm,tmcnet.com,English,0.0,gdelt_gkg
NOW,2019-01-08,"Wavex Technology Announces the Launch of Uniti® , a User - Centric Business IT Service",https://www.prnewswire.com:443/news-releases/wavex-technology-announces-the-launch-of-uniti-r-a-user-centric-business-it-service-835732317.html,prnewswire.com,English,0.0,gdelt_gkg
NOW,2019-01-08,"Wavex Technology Announces the Launch of Uniti , a User - Centric Business IT Service",https://www.finanznachrichten.de/nachrichten-2019-01/45662339-wavex-technology-announces-the-launch-of-uniti-a-user-centric-business-it-service-008.htm,finanznachrichten.de,English,0.0,gdelt_gkg
NOW,2019-01-08,"Wavex Technology Announces the Launch of Uniti® , a User - Centric Business IT Service",https://www.prnewswire.com/news-releases/wavex-technology-announces-the-launch-of-uniti-r-a-user-centric-business-it-service-835732317.html,prnewswire.com,English,0.0,gdelt_gkg
NOW,2019-01-08,"Wavex Technology Announces the Launch of Uniti® , a User - Centric Business IT Service",https://markets.businessinsider.com/news/stocks/wavex-technology-announces-the-launch-of-uniti-a-user-centric-business-it-service-1027850343,markets.businessinsider.com,English,0.0,gdelt_gkg
NOW,2019-01-08,CrowdStrike : More Organizations Now Self - Detect ... ,http://www.darkreading.com/perimeter/crowdstrike-more-organizations-now-self-detect-their-own-cyberattacks-/d/d-id/1333440?piddl_msgid=334486,darkreading.com,English,0.0,gdelt_gkg
NOW,2019-01-08,OpsRamp Receives Integration Certification From ServiceNow,https://www.tmcnet.com/usubmit/2019/01/08/8877517.htm,tmcnet.com,English,0.0,gdelt_gkg
NOW,2019-01-08,"Cloud Management for the OpenStack Market to 2023 Analysis , Size , Share , Growth , Trends , And Forecasts | Top Most Leaders are BMC Software , HP , IBM , Red Hat , VMware , Adaptive Computing , CA Technologies , Cisco Systems , Citrix , CliQr Tech...",https://empowerednews.net/cloud-management-for-the-openstack-market-to-2023-analysis-size-share-growth-trends-and-forecasts-top-most-leaders-are-bmc-software-hp-ibm-red-hat-vmware-adaptive-computing-ca-technologie/181412677/,empowerednews.net,English,0.0,gdelt_gkg
NOW,2019-01-08,ManageEngine Recognized in the 2018 Gartner Magic Quadrant for Security Information and Event Management,https://www.tmcnet.com/usubmit/2019/01/08/8878034.htm,tmcnet.com,English,0.0,gdelt_gkg
NOW,2019-01-08,ManageEngine Recognized in the 2018 Gartner Magic Quadrant for Security Information and Event Management,https://www.businesswire.com/news/home/20190108005307/en/ManageEngine-Recognized-2018-Gartner-Magic-Quadrant-Security,businesswire.com,English,0.0,gdelt_gkg
NOW,2019-01-08,"Wavex Technology Announces the Launch of Uniti® , a User - Centric Business IT Service",https://www.prnewswire.co.uk/news-releases/wavex-technology-announces-the-launch-of-uniti-r-a-user-centric-business-it-service-891450288.html,prnewswire.co.uk,English,0.0,gdelt_gkg
NOW,2019-01-08,Atlassian bounces back from October lows,https://www.afr.com/technology/atlassian-bounces-back-from-october-lows-20190108-h19u1l,afr.com,English,0.0,gdelt_gkg
NOW,2019-01-08,Workato Named a Leader in 2019 Strategic iPaaS And Hybrid Integration Platforms Report,https://www.tmcnet.com/usubmit/2019/01/08/8878180.htm,tmcnet.com,English,0.0,gdelt_gkg
NOW,2019-01-08,UPDATE -- OpsRamp Receives Integration Certification From ServiceNow,http://globenewswire.com/news-release/2019/01/08/1682262/0/en/UPDATE-OpsRamp-Receives-Integration-Certification-From-ServiceNow.html,globenewswire.com,English,0.0,gdelt_gkg
NOW,2019-01-08,UPDATE -- OpsRamp Receives Integration Certification From ServiceNow,https://www.tmcnet.com/usubmit/2019/01/08/8878217.htm,tmcnet.com,English,0.0,gdelt_gkg
NOW,2019-01-08,UPDATE -- OpsRamp Receives Integration Certification From ServiceNow - Financial news Euroinvestor,https://www.euroinvestor.com/news/2019/01/08/update-opsramp-receives-integration-certification-from-servicenow/13954498,euroinvestor.com,English,0.0,gdelt_gkg
NOW,2019-01-08,"Top 5 IT trends that will redefine businesses in 2019 |IT News Africa – Up to date technology news , IT news , Digital news , Telecom news , Mobile news , Gadgets news , Analysis and Reports",https://www.itnewsafrica.com/2019/01/top-5-it-trends-that-will-redefine-businesses-in-2019/,itnewsafrica.com,English,0.0,gdelt_gkg
NOW,2019-01-08,Top Stocks : Veeva Systems Stands Tall In Fast - Growing Software Sector,https://www.investors.com/stock-lists/sector-leaders/top-stocks-veeva-systems-software-sector/,investors.com,English,0.0,gdelt_gkg
NOW,2019-01-08,"Amazon , Netflix Join 11 Stocks Expecting 25 %- 159 % EPS Growth In 2019",https://www.investors.com/research/amazon-earnings-netflix-earnings-2019-eps-estimates/,investors.com,English,0.0,gdelt_gkg
NOW,2019-01-09,"Good to great , or good to gone ? How scale and success can be your downfall",https://www.siliconrepublic.com/companies/disruption-incumbents-dilemma-digital-transformation,siliconrepublic.com,English,0.0,gdelt_gkg
NOW,2019-01-09,Top 10 Cloud Access Security Brokers,https://www.itprotoday.com/cloud-security/top-10-cloud-access-security-brokers,itprotoday.com,English,0.0,gdelt_gkg
NOW,2019-01-09,Rackspace now Australian government certified,https://www.zdnet.com/article/rackspace-now-australian-government-certified/,zdnet.com,English,0.0,gdelt_gkg
NOW,2019-01-09,Forget the doom and gloom about the  future of work  ,https://www.theglobeandmail.com/business/careers/leadership/article-forget-the-doom-and-gloom-about-the-future-of-work/,theglobeandmail.com,English,0.0,gdelt_gkg
NOW,2019-01-09,Baffle Selected as 2019 SC Media Trust Awards Finalist,https://www.businesswire.com/news/home/20190109005130/en/Baffle-Selected-2019-SC-Media-Trust-Awards,businesswire.com,English,0.0,gdelt_gkg
NOW,2019-01-09,Vena Solutions Raises $115 Million to Scale FP & A Software Business to Thousands of Customers,http://globenewswire.com/news-release/2019/01/09/1682975/0/en/Vena-Solutions-Raises-115-Million-to-Scale-FP-A-Software-Business-to-Thousands-of-Customers.html,globenewswire.com,English,0.0,gdelt_gkg
NOW,2019-01-09,Vena Solutions Raises $115 Million to Scale FP & A Software Business to Thousands of Customers,https://www.tmcnet.com/usubmit/2019/01/09/8879211.htm,tmcnet.com,English,0.0,gdelt_gkg
NOW,2019-01-09,Why Smart Companies Still Get Hacked,http://www.cobizmag.com/Business-Insights/Why-Smart-Companies-Still-Get-Hacked/,cobizmag.com,English,0.0,gdelt_gkg
NOW,2019-01-09,IT News Online - Globe Newswire - Vena Solutions Raises $115 Million to Scale FP & A Software Business to Thousands of Customers,http://www.itnewsonline.com/globenewswire/Vena-Solutions-Raises-USD115-Million-to-Scale-FPA-Software-Business-to-Thousands-of-Customers/1104,itnewsonline.com,English,0.0,gdelt_gkg
NOW,2019-01-09,IT Central Station Announces The Top Firewall Security Management Solutions of the Year For Enterprises Based On Real User Reviews [ January 2019 Rankings ] ,https://www.prweb.com/releases/it_central_station_announces_the_top_firewall_security_management_solutions_of_the_year_for_enterprises_based_on_real_user_reviews_january_2019_rankings/prweb16017110.htm,prweb.com,English,0.0,gdelt_gkg
NOW,2019-01-10,"Change Management Software Market – Growth , Trends and Forecasts 2018 – 2026 – BY Credence Research",http://thrasherbacker.com/change-management-software-market-growth-trends-and-forecasts-2018-2026-by-credence-research/0183356/,thrasherbacker.com,English,0.0,gdelt_gkg
NOW,2019-01-10,"Individual Contractor : Project Manager , Robotics Process Automation ( RPA ), Global Shared Services Centre , Budapest , Hungary",https://reliefweb.int/job/2945164/individual-contractor-project-manager-robotics-process-automation-rpa-global-shared,reliefweb.int,English,0.0,gdelt_gkg
NOW,2019-01-10,Lucrative ( ITSM ) Software Market in Depth Professional Survey Report 2019 - 2026,https://www.pr-inside.com/lucrative-itsm-software-market-in-depth-profession-r4724388.htm,pr-inside.com,English,0.0,gdelt_gkg
NOW,2019-01-10,"Platinum Investment Management LTD Has Boosted Stake in Dermira ( DERM ); Columbia Asset Management Lowered Its General Electric Company ( GE ) Holding by $473 , 077 – The DMinute",https://dminute.com/2019/01/10/platinum-investment-management-ltd-has-boosted-stake-in-dermira-derm-columbia-asset-management-lowered-its-general-electric-company-ge-holding-by-473077/,dminute.com,English,0.0,gdelt_gkg
NOW,2019-01-11,CDW Plans Huge Canadian Expansion With Scalar Decisions Buy,https://www.crn.com/news/channel-programs/cdw-plans-huge-canadian-expansion-with-scalar-decisions-buy,crn.com,English,0.0,gdelt_gkg
NOW,2019-01-11,Top Software Stock In Buy Zone Gets Boost From AI And The Cloud,https://www.investors.com/stock-lists/stock-spotlight/top-software-stock-buy-zone-ai-cloud/,investors.com,English,0.0,gdelt_gkg
NOW,2019-01-11,First American Trust FSB Has $1 . 97 Million Holdings in ServiceNow Inc ( NOW ) ,https://www.wkrb13.com/2019/01/11/first-american-trust-fsb-has-1-97-million-holdings-in-servicenow-inc-now.html,wkrb13.com,English,0.0,gdelt_gkg
NOW,2019-01-11,The earnings season starts in earnest new week . Schedule of the major releases,https://www.forexlive.com/news/!/the-earnings-season-starts-in-earnest-new-week-schedule-of-the-major-releases-20190111,forexlive.com,English,0.0,gdelt_gkg
NOW,2019-01-12,ServiceNow ( NOW ) Coverage Initiated by Analysts at Atlantic Securities,https://www.wkrb13.com/2019/01/12/servicenow-now-coverage-initiated-by-analysts-at-atlantic-securities.html,wkrb13.com,English,0.0,gdelt_gkg
NOW,2019-01-12,10 A - Rated Stocks to Buy That The Smart Money Is Piling Into,https://investorplace.com/2019/01/a-rated-stocks-to-buy-smart-money-is-piling-into/,investorplace.com,English,0.0,gdelt_gkg
NOW,2019-01-13,Global Datacenter Automation Software Market Estimated to Exhibit +18 % CAGR through 2023,https://www.pr-inside.com/global-datacenter-automation-software-market-estim-r4725629.htm,pr-inside.com,English,0.0,gdelt_gkg
NOW,2019-01-14,Scoot Airlines extends CX efforts with employee engagement investment,https://www.cmo.com.au/article/656239/scoot-airlines-extends-cx-efforts-employee-engagement-investment/,cmo.com.au,English,0.0,gdelt_gkg
NOW,2019-01-14,"As Fnb Pa ( FNB ) Share Price Declined , Holder Rothschild Asset Management Has Lowered Its Holding ; As Nvidia ( NVDA ) Valuation Declined , Central Asset Investments & Management Holdings Hk LTD Has Decreased by $4 . 11 Million Its Position – The D...",https://dminute.com/2019/01/14/as-fnb-pa-fnb-share-price-declined-holder-rothschild-asset-management-has-lowered-its-holding-as-nvidia-nvda-valuation-declined-central-asset-investments-management-holdings-hk-ltd-has-decrea/,dminute.com,English,0.0,gdelt_gkg
NOW,2019-01-14,Workday Boasts Corporate Strength Amid Government Shutdown | Investor Business Daily,https://www.investors.com/research/ibd-stock-of-the-day/workday-strength-amid-government-shutdown/,investors.com,English,0.0,gdelt_gkg
NOW,2019-01-14,Vena Solutions nabs $115 mln in JMI Equity - led growth round,https://www.pehub.com/2019/01/vena-solutions-nabs-115-mln-in-jmi-equity-led-growth-round/,pehub.com,English,0.0,gdelt_gkg
NOW,2019-01-14,4 Steps Every CHRO Must Take To Get 2020 Ready,https://www.forbes.com/sites/servicenow/2019/01/14/4-steps-every-chro-must-take-to-get-2020-ready/,forbes.com,English,0.0,gdelt_gkg
NOW,2019-01-14,Top IT Trends That Will Redefine Businesses in 2019,http://africabusiness.com/2019/01/15/it-trends/,africabusiness.com,English,0.0,gdelt_gkg
NOW,2019-01-15,Venture Capital Money Is Flowing Like It 1999,https://www.barrons.com/articles/venture-capital-funding-51547487889,barrons.com,English,0.0,gdelt_gkg
NOW,2019-01-15,ExtraHop Blows Past the $100 Million Milestone Fueled by 10x Growth in Security,https://www.businesswire.com/news/home/20190115005573/en/ExtraHop-Blows-100-Million-Milestone-Fueled-10x,businesswire.com,English,0.0,gdelt_gkg
NOW,2019-01-15,ExtraHop Blows Past the $100 Million Milestone Fueled by 10x Growth in Security,https://www.marketwatch.com/press-release/extrahop-blows-past-the-100-million-milestone-fueled-by-10x-growth-in-security-2019-01-15,marketwatch.com,English,0.0,gdelt_gkg
NOW,2019-01-15,ExtraHop Blows Past the $100 Million Milestone Fueled by 10x Growth in Security,https://www.tmcnet.com/usubmit/2019/01/15/8882414.htm,tmcnet.com,English,0.0,gdelt_gkg
NOW,2019-01-15,"Espressive Bootstrapped First , Raised Money Later",https://www.sramanamitra.com/2019/01/15/espressive-bootstrapped-first-raised-money-later/,sramanamitra.com,English,0.0,gdelt_gkg
NOW,2019-01-16,3CLogic Welcomes Veteran Dell and EMC Executive as New Vice President of Sales,https://www.prweb.com/releases/3clogic_welcomes_veteran_dell_and_emc_executive_as_new_vice_president_of_sales/prweb16035626.htm,prweb.com,English,0.0,gdelt_gkg
NOW,2019-01-16,"Performance analytics Market Growth Rate Analysis By SAS Institute , Siemens , Xactly Corporation , Oracle , SAP SE , Adaptive Insights Optymyze , Callidus , IBM",https://www.openpr.com/news/1503928/Performance-analytics-Market-Growth-Rate-Analysis-By-SAS-Institute-Siemens-Xactly-Corporation-Oracle-SAP-SE-Adaptive-Insights-Optymyze-Callidus-IBM.html,openpr.com,English,0.0,gdelt_gkg
NOW,2019-01-16,ExtraHop blows past the $100 million milestone fuelled by 10x growth in security,https://securitymiddleeast.com/extrahop-blows-past-100-million-milestone-fuelled-10x-growth-security/,securitymiddleeast.com,English,0.0,gdelt_gkg
NOW,2019-01-16,How technology will redefine workplace experiences,https://www.enterpriseinnovation.net/article/how-technology-will-redefine-workplace-experiences-896894833,enterpriseinnovation.net,English,0.0,gdelt_gkg
NOW,2019-01-16,Problem Management Software Market - Global Demand Analysis & Opportunity Outlook 2025,https://www.pr-inside.com/problem-management-software-market-global-demand-a-r4728212.htm,pr-inside.com,English,0.0,gdelt_gkg
NOW,2019-01-16,Business Breakfast RECAP : Jamie Oliver says casual dining is set for a comeback,https://www.chroniclelive.co.uk/business/business-news/north-east-business-news-live-15678690,chroniclelive.co.uk,English,0.0,gdelt_gkg
NOW,2019-01-16,ExtraHop Turns Security Analysts into Threat Experts with Reveal ( x ) Winter 2019,https://www.tmcnet.com/usubmit/2019/01/16/8883235.htm,tmcnet.com,English,0.0,gdelt_gkg
NOW,2019-01-17,Helpdesk Automation Market to Penetrate Untapped Regions During 2018 – 2028,https://www.pr-inside.com/helpdesk-automation-market-to-penetrate-untapped-r-r4728889.htm,pr-inside.com,English,0.0,gdelt_gkg
NOW,2019-01-17,ExtraHop Blows Past the US $100 Million Milestone Fueled by 10x Growth in Security - Media Releases - CSO,https://www.cso.com.au/mediareleases/33584/extrahop-blows-past-the-us-100-million-milestone/,cso.com.au,English,0.0,gdelt_gkg
NOW,2019-01-17,ExtraHop Turns Security Analysts into Threat Experts with Reveal ( x ) Winter 2019 - Media Releases - CSO,https://www.cso.com.au/mediareleases/33583/extrahop-turns-security-analysts-into-threat/,cso.com.au,English,0.0,gdelt_gkg
NOW,2019-01-17,OneTrust for ServiceNow Synchronises IT and Privacy Team Management Workflows,https://www.prnewswire.com:443/news-releases/onetrust-for-servicenow-synchronises-it-and-privacy-team-management-workflows-300779394.html,prnewswire.com,English,0.0,gdelt_gkg
NOW,2019-01-17,OneTrust for ServiceNow Synchronises IT and Privacy Team Management Workflows,https://www.finanznachrichten.de/nachrichten-2019-01/45737757-onetrust-for-servicenow-synchronises-it-and-privacy-team-management-workflows-008.htm,finanznachrichten.de,English,0.0,gdelt_gkg
NOW,2019-01-17,OneTrust for ServiceNow Synchronises IT and Privacy Team Management Workflows,https://www.tmcnet.com/usubmit/2019/01/17/8883641.htm,tmcnet.com,English,0.0,gdelt_gkg
NOW,2019-01-17,OneTrust for ServiceNow Synchronises IT and Privacy Team Management Workflows,https://markets.businessinsider.com/news/stocks/onetrust-for-servicenow-synchronises-it-and-privacy-team-management-workflows-1027875265,markets.businessinsider.com,English,0.0,gdelt_gkg
NOW,2019-01-17,ServiceNow Stock Is Among Today Top Picks| Investor Business Daily,https://www.investors.com/research/ibd-stock-of-the-day/ibd-stock-of-the-day-servicenow-stock/,investors.com,English,0.0,gdelt_gkg
NOW,2019-01-17,"Cloud Orchestration Market to Witness Huge Growth by 2025 : Key Players - Ibm Corporation , Hewlett Packard Enterprise Company",https://industrytoday.co.uk/market-research-industry-today/cloud-orchestration-market-to-witness-huge-growth-by-2025--key-players---ibm-corporation--hewlett-packard-enterprise-company,industrytoday.co.uk,English,0.0,gdelt_gkg
NOW,2019-01-17,Ipswitch WhatsUp Gold 2018 review : Entry - level network monitoring,https://www.itpro.co.uk/software/32772/ipswitch-whatsup-gold-2018-review-entry-level-network-monitoring,itpro.co.uk,English,0.0,gdelt_gkg
NOW,2019-01-17,What Capital - Efficient Startup Should Okta Acquire Next ? ,https://www.sramanamitra.com/2019/01/17/what-capital-efficient-startup-should-okta-acquire-next/,sramanamitra.com,English,0.0,gdelt_gkg
NOW,2019-01-17,Gleaming Growth Report Global Resource Management Software Market 2019 - 2026 Development Status,https://www.pr-inside.com/gleaming-growth-report-global-resource-management--r4729021.htm,pr-inside.com,English,0.0,gdelt_gkg
NOW,2019-01-17,ServiceNow CEO John Donahoe Chases Change,https://www.barrons.com/articles/servicenow-ceo-john-donahoe-chases-change-51547748927,barrons.com,English,0.0,gdelt_gkg
NOW,2019-01-17,"Stock Market Rallies As Dow , S & P 500 Retake Key Level | Investor Business Daily",https://www.investors.com/market-trend/stock-market-today/dow-sp-retake-key-support/,investors.com,English,0.0,gdelt_gkg
NOW,2019-01-17,Polaris Greystone Financial Group LLC Has $3 . 51 Million Holdings in ServiceNow Inc ( NOW ) ,https://www.themarketsdaily.com/2019/01/17/polaris-greystone-financial-group-llc-has-3-51-million-holdings-in-servicenow-inc-now.html,themarketsdaily.com,English,0.0,gdelt_gkg
NOW,2019-01-17,Ipswitch WhatsUp Gold 2018 review : Entry - level network monitoring,https://www.cloudpro.co.uk/it-infrastructure/7884/ipswitch-whatsup-gold-2018-review-entry-level-network-monitoring,cloudpro.co.uk,English,0.0,gdelt_gkg
NOW,2019-01-18,"Nippon Life Global Investors Americas Inc . Purchases 10 , 900 Shares of ServiceNow Inc ( NOW ) ",https://www.wkrb13.com/2019/01/18/nippon-life-global-investors-americas-inc-purchases-10900-shares-of-servicenow-inc-now.html,wkrb13.com,English,0.0,gdelt_gkg
NOW,2019-01-18,"Atlassian pops as it surpasses $1B in revenue , tops earnings estimates",https://siliconangle.com/2019/01/17/atlassian-pops-surpasses-1b-revenue-tops-earnings-estimates/,siliconangle.com,English,0.0,gdelt_gkg
NOW,2019-01-18,Service Integration and Management Market is expected to grow a high CAGR of 9 . 2 % during 2017 - 2027,https://www.pr-inside.com/service-integration-and-management-market-is-expec-r4729312.htm,pr-inside.com,English,0.0,gdelt_gkg
NOW,2019-01-18,"Druckenmiller pushes into cloud stocks , saying theyre disruptive and defensive at the same time",https://www.marketwatch.com/story/druckenmiller-pushes-into-cloud-stocks-saying-theyre-disruptive-and-defensive-at-the-same-time-2019-01-18,marketwatch.com,English,0.0,gdelt_gkg
NOW,2019-01-19,Earnings outlook : Cloud and AI spending could boost tech giant growth,https://siliconangle.com/2019/01/18/earnings-outlook-cloud-ai-spending-boost-tech-giants-growth/,siliconangle.com,English,0.0,gdelt_gkg
NOW,2019-01-19,U . S . stock market has switched to bullish from bearish too quickly,https://www.marketwatch.com/story/us-stock-market-has-switched-to-bullish-from-bearish-too-quickly-2019-01-19,marketwatch.com,English,0.0,gdelt_gkg
NOW,2019-01-19,Servicenow ( NOW ) Shareholder Inverness Counsel Increased Stake ; Tower Bridge Advisors Holding in Wal Mart Stores ( WMT ) Cut by $105 . 55 Million,https://endigest.com/2019/01/19/servicenow-now-shareholder-inverness-counsel-increased-stake-tower-bridge-advisors-holding-in-wal-mart-stores-wmt-cut-by-105-55-million/,endigest.com,English,0.0,gdelt_gkg
NOW,2019-01-19,U . S . stock market has switched to bullish from bearish too quickly,https://www.marketwatch.com/story/us-stock-market-has-switched-to-bullish-from-bearish-too-quickly-2019-01-19-12103011,marketwatch.com,English,0.0,gdelt_gkg
NOW,2019-01-19,Diam Company LTD Has Increased Its Vulcan Matls Co ( VMC ) Position ; Advisors Asset Management Has Trimmed Servicenow ( NOW ) Position by $113 . 76 Million ; Valuation Declined,https://finreviewer.com/2019/01/19/diam-company-ltd-has-increased-its-vulcan-matls-co-vmc-position-advisors-asset-management-has-trimmed-servicenow-now-position-by-113-76-million-valuation-declined/,finreviewer.com,English,0.0,gdelt_gkg
NOW,2019-01-20,New Google Cloud CEO Thomas Kurian could be eyeing big acquisitions,https://www.businessinsider.com/new-google-cloud-ceo-thomas-kurian-acquisitions-2019-1,businessinsider.com,English,0.0,gdelt_gkg
NOW,2019-01-21,ServiceNow HR head :  Argue like youre right and listen like youre wrong  ,https://www.siliconrepublic.com/people/pat-wadors-hr-servicenow,siliconrepublic.com,English,0.0,gdelt_gkg
NOW,2019-01-21,"Atlassian CTO on  Milestone  $1B Revenue , AWS , Google Cloud Rumours",https://www.cbronline.com/interview/atlassian-cto-interview,cbronline.com,English,0.0,gdelt_gkg
NOW,2019-01-21,Microsoft Dynamics 365 April  19 Update : What new,https://www.zdnet.com/article/microsofts-dynamics-365-april-19-update-whats-new/,zdnet.com,English,0.0,gdelt_gkg
NOW,2019-01-21,Ottawa firms named to fed AI suppliers list | Ottawa Business Journal,https://obj.ca/techopia-ottawa-firms-ai-suppliers-federal-government-canada,obj.ca,English,0.0,gdelt_gkg
NOW,2019-01-21,Analysts Hold Stances On Atlassian Following A  Ripper  Of A Quarter ( NASDAQ : TEAM ) ,https://www.benzinga.com/analyst-ratings/analyst-color/19/01/13006929/analysts-hold-stances-on-atlassian-following-a-ripper-o,benzinga.com,English,0.0,gdelt_gkg
NOW,2019-01-22,Twilio names Chaudhary as global VP of Partners,https://www.telecompaper.com/news/twilio-names-chaudhary-as-global-vp-of-partners--1277254,telecompaper.com,English,0.0,gdelt_gkg
NOW,2019-01-22,Choosing an MSSP : The experience of four Ontario power utilities,https://www.itworldcanada.com/article/choosing-an-mssp-the-experience-of-four-ontario-power-utilities/414348,itworldcanada.com,English,0.0,gdelt_gkg
NOW,2019-01-22,madhavreddy - Mn Artists,http://www.mnartists.org/madhavreddy,mnartists.org,English,0.0,gdelt_gkg
NOW,2019-01-22,"Global Cloud Discovery Market : Industry Analysis , Size , Share , Growth Trends , and Forecast 2019 - 2025 : QY Research",https://www.ssuchronicle.com/2019/01/22/global-cloud-discovery-market-industry-analysis-size-share-growth-trends-and-forecast-2019-2025-qy-research/,ssuchronicle.com,English,0.0,gdelt_gkg
NOW,2019-01-22,"Review : 4 open - source network management tools improve usability , performance",https://www.techworld.com.au/article/656564/review-4-open-source-network-management-tools-improve-usability-performance/,techworld.com.au,English,0.0,gdelt_gkg
NOW,2019-01-22,Sydney Conference Centre digital supremacy featured,https://www.incentivetravel.co.uk/news/arenas-and-conference-centres/46358-sydney-conference-centre-s-digital-supremacy-featured,incentivetravel.co.uk,English,0.0,gdelt_gkg
NOW,2019-01-22,Twilio Names Chetan Chaudhary as Global Vice President of Partners,https://www.businesswire.com/news/home/20190122005286/en/Twilio-Names-Chetan-Chaudhary-Global-Vice-President,businesswire.com,English,0.0,gdelt_gkg
NOW,2019-01-22,Stave Adds Powerful STIG Viewer Capability to Cybersecurity Manager App,https://menafn.com/1098010642/Stave-Adds-Powerful-STIG-Viewer-Capability-to-Cybersecurity-Manager-App,menafn.com,English,0.0,gdelt_gkg
NOW,2019-01-22,Southeast Idaho natives build hugely successful software company,https://www.idahostatejournal.com/business_journal/east_idaho/southeast-idaho-natives-build-hugely-successful-software-company/article_07ea80e8-6ac5-585b-aba1-7746c273caff.html,idahostatejournal.com,English,0.0,gdelt_gkg
NOW,2019-01-22,ServiceNow collaborates with Telangana Academy for Skill and Knowledge ( TASK ) to upskill aspiring IT professionals,http://indiaeducationdiary.in/servicenow-collaborates-telangana-academy-skill-knowledge-task-upskill-aspiring-professionals/,indiaeducationdiary.in,English,0.0,gdelt_gkg
NOW,2019-01-22,Dow Jones Hit Hard ; Watch 4 Growth Stocks | Investor Business Daily,https://www.investors.com/market-trend/stock-market-today/dow-jones-biggest-hit-since-jan-3-growth-stocks/,investors.com,English,0.0,gdelt_gkg
NOW,2019-01-22,"Review : 4 open - source network management tools improve usability , performance",https://www.computerworld.com.au/article/656564/review-4-open-source-network-management-tools-improve-usability-performance/,computerworld.com.au,English,0.0,gdelt_gkg
NOW,2019-01-22,Stave Adds Powerful STIG Viewer Capability to Cybersecurity Manager App,https://www.marketwatch.com/press-release/stave-adds-powerful-stig-viewer-capability-to-cybersecurity-manager-app-2019-01-22,marketwatch.com,English,0.0,gdelt_gkg
NOW,2019-01-22,Stave Adds Powerful STIG Viewer Capability to Cybersecurity Manager App,https://www.prnewswire.com/news-releases/stave-adds-powerful-stig-viewer-capability-to-cybersecurity-manager-app-300782456.html,prnewswire.com,English,0.0,gdelt_gkg
NOW,2019-01-22,Stave Adds Powerful STIG Viewer Capability to Cybersecurity Manager App,https://www.prnewswire.com:443/news-releases/stave-adds-powerful-stig-viewer-capability-to-cybersecurity-manager-app-300782456.html,prnewswire.com,English,0.0,gdelt_gkg
NOW,2019-01-22,Stave Adds Powerful STIG Viewer Capability to Cybersecurity Manager App,https://www.tmcnet.com/usubmit/2019/01/22/8886407.htm,tmcnet.com,English,0.0,gdelt_gkg
NOW,2019-01-22,At the dawn of a new generation of enterprise applications,https://diginomica.com/2019/01/22/at-the-dawn-of-a-new-generation-of-enterprise-applications/,diginomica.com,English,0.0,gdelt_gkg
NOW,2019-01-23,Most Companies Fail in This 1 Important Area,https://www.stltoday.com/business/investment/personal-finance/most-companies-fail-in-this-important-area/article_0750649a-6b97-545e-b442-9045cda34da1.html,stltoday.com,English,0.0,gdelt_gkg
NOW,2019-01-23,"Review : 4 open - source network management tools improve usability , performance",https://www.computerworld.co.nz/article/656564/review-4-open-source-network-management-tools-improve-usability-performance/,computerworld.co.nz,English,0.0,gdelt_gkg
NOW,2019-01-23,ServiceNow ( NOW ) to Release Earnings on Wednesday,https://www.wkrb13.com/2019/01/23/servicenow-now-to-release-earnings-on-wednesday.html,wkrb13.com,English,0.0,gdelt_gkg
NOW,2019-01-23,Most Companies Fail in This 1 Important Area,https://news.yahoo.com/most-companies-fail-1-important-140600977.html,news.yahoo.com,English,0.0,gdelt_gkg
NOW,2019-01-23,Most Companies Fail in This 1 Important Area -- The Motley Fool,https://www.fool.com/careers/2019/01/23/most-companies-fail-in-this-1-important-area.aspx?source=iedfolrf0000001,fool.com,English,0.0,gdelt_gkg
NOW,2019-01-23,Our ServiceNow Stock Prediction in 2019 ( Buy or Sell ?) ,https://www.investingdaily.com/45971/our-servicenow-stock-prediction/,investingdaily.com,English,0.0,gdelt_gkg
NOW,2019-01-23,FireEye Stock Rises As Analyst Expects Turnaround To Gain Traction,https://www.investors.com/news/technology/fireeye-stock-fresh-pick-feye/,investors.com,English,0.0,gdelt_gkg
NOW,2019-01-23,Australian government gives Amazon Web Services protected level certification,https://www.zdnet.com/article/australian-government-gives-amazon-web-services-protected-level-certification/,zdnet.com,English,0.0,gdelt_gkg
NOW,2019-01-23,Most Companies Fail in This 1 Important Area,https://magicvalley.com/business/investment/personal-finance/most-companies-fail-in-this-important-area/article_20db8a7d-7b84-5e36-a52d-664f93c218c5.html,magicvalley.com,English,0.0,gdelt_gkg
NOW,2019-01-24,Ottawa firms named to fed AI suppliers list | Ottawa Business Journal,https://obj.ca/index.php/techopia-ottawa-firms-ai-suppliers-federal-government-canada,obj.ca,English,0.0,gdelt_gkg
NOW,2019-01-24,Lumagent Achieves Bronze Services Partner Designation from ServiceNow,https://menafn.com/1098015909/Lumagent-Achieves-Bronze-Services-Partner-Designation-from-ServiceNow,menafn.com,English,0.0,gdelt_gkg
NOW,2019-01-24,"Individual Contractor : Project Management , Service Quality Management , UNICEF Global Shared Services Centre , Budapest , Hungary",https://reliefweb.int/job/2964029/individual-contractor-project-management-service-quality-management-unicef-global-shared,reliefweb.int,English,0.0,gdelt_gkg
NOW,2019-01-24,Newswire & Press Release / BeyondTrust Defendpoint 5 . 3 Introduces Power Rules to Speed Endpoint Privilege Management Decisions - IT Security / Anti - Spam - BeyondTrust Corporation,https://www.newswiretoday.com/news/169120/,newswiretoday.com,English,0.0,gdelt_gkg
NOW,2019-01-24,"Global Project Portfolio Management Systems Market 2019 : Top Global Players Competition with Production , Consumption , Revenue and Gross Margin by 2025",https://www.openpr.com/news/1530067/Global-Project-Portfolio-Management-Systems-Market-2019-Top-Global-Players-Competition-with-Production-Consumption-Revenue-and-Gross-Margin-by-2025.html,openpr.com,English,0.0,gdelt_gkg
NOW,2019-01-24,TeamViewer Expands Its Deep Integration with ServiceNow,https://www.prweb.com/releases/teamviewer_expands_its_deep_integration_with_servicenow/prweb16054309.htm,prweb.com,English,0.0,gdelt_gkg
NOW,2019-01-24,Billionaire Investor Who Has Never Had Losing Year Reveals Secret,https://www.newsmax.com/finance/stephenmcbride/investor-secret-druckenmiller/2019/01/24/id/899630/,newsmax.com,English,0.0,gdelt_gkg
NOW,2019-01-24,"Selz Capital LLC Purchases Shares of 5 , 100 ServiceNow Inc ( NOW ) ",https://www.wkrb13.com/2019/01/24/selz-capital-llc-purchases-shares-of-5100-servicenow-inc-now.html,wkrb13.com,English,0.0,gdelt_gkg
NOW,2019-01-24,Global Work Order Management Systems Market Forecast to 2023 - Increasing Focus on Better Flow Of Information To Field Technicians,http://globenewswire.com/news-release/2019/01/24/1705097/0/en/Global-Work-Order-Management-Systems-Market-Forecast-to-2023-Increasing-Focus-on-Better-Flow-Of-Information-To-Field-Technicians.html,globenewswire.com,English,0.0,gdelt_gkg
NOW,2019-01-24,What in the Offing for ServiceNow ( NOW ) in Q4 Earnings ? ,https://news.yahoo.com/whats-offing-servicenow-now-q4-164504012.html,news.yahoo.com,English,0.0,gdelt_gkg
NOW,2019-01-24,How can HR win a  seat at the table ? ,https://www.hrmonline.co.nz/news/how-can-hr-win-a-seat-at-the-table-259620.aspx,hrmonline.co.nz,English,0.0,gdelt_gkg
NOW,2019-01-24,ServiceNow Inc ( NOW ) Shares Sold by Manning & Napier Group LLC,https://www.dailypolitical.com/2019/01/24/servicenow-inc-now-shares-sold-by-manning-napier-group-llc.html,dailypolitical.com,English,0.0,gdelt_gkg
NOW,2019-01-24,Newswire & Press Release / BeyondTrust Defendpoint 5 . 3 Introduces Power Rules to Speed Endpoint Privilege Management Decisions - IT Security / Anti - Spam - BeyondTrust Corporation,https://www.newswiretoday.com/news/169120/BeyondTrust-Defendpoint-5.3-Introduces-Power-Rules-to-Speed-Endpoint-Privilege-Management-Decisions/,newswiretoday.com,English,0.0,gdelt_gkg
NOW,2019-01-24,Matthew Hedberg,http://www.benzinga.com/topic/matthew-hedberg,benzinga.com,English,0.0,gdelt_gkg
NOW,2019-01-24,How can HR win a  seat at the table ? ,https://www.hcamag.com/hr-news/how-can-hr-win-a-seat-at-the-table-259618.aspx,hcamag.com,English,0.0,gdelt_gkg
NOW,2019-01-25,ExtraHop helps SOC and NOC teams to analyse critical information | Security News,https://www.sourcesecurity.com/news/extrahop-helps-soc-noc-teams-identify-co-11423-ga.1548336922.html,sourcesecurity.com,English,0.0,gdelt_gkg
NOW,2019-01-25,GSI Acquires IT Prophet Consulting Practice,https://www.prweb.com/releases/gsi_acquires_it_prophets_consulting_practice/prweb16054063.htm,prweb.com,English,0.0,gdelt_gkg
NOW,2019-01-25,ASGN vs . NOW : Which Stock Is the Better Value Option ? ,https://news.yahoo.com/asgn-vs-now-stock-better-143002163.html,news.yahoo.com,English,0.0,gdelt_gkg
NOW,2019-01-25,Google Stock : Cloud Computing Business Eyeing Software Makers ? ,https://www.investors.com/news/technology/google-stock-cloud-computing/,investors.com,English,0.0,gdelt_gkg
NOW,2019-01-25,DXC Plans To Acquire Denmark EG For Microsoft Dynamics 365 Skills,https://www.crn.com/news/managed-services/dxc-plans-to-acquire-denmark-s-eg-for-microsoft-dynamics-365-skills,crn.com,English,0.0,gdelt_gkg
NOW,2019-01-27,"Stocks To Watch : Salesforce Stock , CyberArk Stock , ServiceNow Stock Near Buys",https://www.investors.com/research/stocks-to-watch-salesforce-stock-cyberark-stock-servicenow-stock/,investors.com,English,0.0,gdelt_gkg
NOW,2019-01-27,Analysts Set ServiceNow Inc ( NOW ) PT at $204 . 89,https://www.dailypolitical.com/2019/01/27/analysts-set-servicenow-inc-now-pt-at-204-89.html,dailypolitical.com,English,0.0,gdelt_gkg
NOW,2019-01-28,IT News Online - RealWire - Logicalis Showcases IoT & Security at Cisco Live EMEA,http://www.itnewsonline.com/realwire/Logicalis-Showcases-IoT--Security-at-Cisco-Live-EMEA/22505,itnewsonline.com,English,0.0,gdelt_gkg
NOW,2019-01-28,Mobile US ( TMUS ) stock established at $68 . 66,http://personaltechmd.com/2019/01/28/mobile-us-tmus-stock-established-at-68-66/,personaltechmd.com,English,0.0,gdelt_gkg
NOW,2019-01-28,Why work isnt working - Business Reporter,https://www.business-reporter.co.uk/2019/01/28/why-work-isnt-working/,business-reporter.co.uk,English,0.0,gdelt_gkg
NOW,2019-01-28,Logicalis Showcases IoT & Security at Cisco Live EMEA,https://www.realwire.com/releases/Logicalis-Showcases-IoT-Security-at-Cisco-Live-EMEA,realwire.com,English,0.0,gdelt_gkg
NOW,2019-01-28,New Profitable Report on Global Security Operations Software Market by 2019 - 2026,https://www.pr-inside.com/new-profitable-report-on-global-security-operation-r4735659.htm,pr-inside.com,English,0.0,gdelt_gkg
NOW,2019-01-28,Freshworks Has Acquired Nine Capital Efficient Startups,https://www.sramanamitra.com/2019/01/27/freshworks-has-acquired-nine-capital-efficient-startups/,sramanamitra.com,English,0.0,gdelt_gkg
NOW,2019-01-28,ManageEngine AssetExplorer,"https://www.pcmag.com/article2/0,2817,2499134,00.asp",pcmag.com,English,0.0,gdelt_gkg
NOW,2019-01-28,Ivanti IT Asset Management Suite,"https://www.pcmag.com/article2/0,2817,2499133,00.asp",pcmag.com,English,0.0,gdelt_gkg
NOW,2019-01-28,Dwayne Green ( Author Bio ) ,https://www.pcmag.com/author-bio/dwayne-green,pcmag.com,English,0.0,gdelt_gkg
NOW,2019-01-28,Global IT Process Automation Market Overview with Future Scope and Opportunities Risk,https://www.pr-inside.com/global-it-process-automation-market-overview-with--r4735657.htm,pr-inside.com,English,0.0,gdelt_gkg
NOW,2019-01-28,State of Utah Projected to Save Millions of Dollars with Forescout Integrated ServiceNow Solution Nasdaq : FSCT,https://globenewswire.com/news-release/2019/01/28/1705950/0/en/State-of-Utah-Projected-to-Save-Millions-of-Dollars-with-Forescout-s-Integrated-ServiceNow-Solution.html,globenewswire.com,English,0.0,gdelt_gkg
NOW,2019-01-29,Cloud Reigns Supreme in 2018 Genesys Growth,https://www.prnewswire.com/news-releases/cloud-reigns-supreme-in-2018-genesys-growth-300785593.html,prnewswire.com,English,0.0,gdelt_gkg
NOW,2019-01-29,"DXC Acquires Microsoft Dynamics 365 , SAP Partner",https://www.channele2e.com/investors/mergers-acquisitions/dxc-acquires-microsoft-dynamics-365-partner/,channele2e.com,English,0.0,gdelt_gkg
NOW,2019-01-29,"From learner to leader : How businesses ride the artificial intelligence wave , and how you can formulate your AI strategy",https://yourstory.com:443/2019/01/business-artificial-intelligence-strategy/,yourstory.com,English,0.0,gdelt_gkg
NOW,2019-01-29,DXC buys EG service business in Microsoft Dynamics drive,https://www.arnnet.com.au/article/656808/dxc-technology-acquires-eg-service-business/,arnnet.com.au,English,0.0,gdelt_gkg
NOW,2019-01-29,cohnreznickwm . com Website Analysis and Social Media report impact : Cohnreznickwm . com,https://www.coolsocial.net/sites/www/cohnreznickwm.com.html,coolsocial.net,English,0.0,gdelt_gkg
NOW,2019-01-29,DXC Technology acquires EG service business,https://www.reseller.co.nz/article/656808/dxc-technology-acquires-eg-service-business/,reseller.co.nz,English,0.0,gdelt_gkg
NOW,2019-01-29,Cloud Reigns Supreme in 2018 Genesys Growth,https://www.prnewswire.com:443/news-releases/cloud-reigns-supreme-in-2018-genesys-growth-300785593.html,prnewswire.com,English,0.0,gdelt_gkg
NOW,2019-01-29,Dynatrace Opens Its Market - Leading AIOps Solution to Third Parties for Smart Autonomous Cloud Management,https://www.marketwatch.com/press-release/dynatrace-opens-its-market-leading-aiops-solution-to-third-parties-for-smart-autonomous-cloud-management-2019-01-29,marketwatch.com,English,0.0,gdelt_gkg
NOW,2019-01-29,AIOps : Why Developing Trust In Automation Takes Time,https://www.forbes.com/sites/appdynamics/2019/01/29/aiops-why-developing-trust-in-automation-takes-time/,forbes.com,English,0.0,gdelt_gkg
NOW,2019-01-29,Dow Struggles To Stay Positive Ahead Of Apple Earnings Report,https://www.investors.com/market-trend/stock-market-today/dow-struggles-stay-positive-apple-earnings/,investors.com,English,0.0,gdelt_gkg
NOW,2019-01-29,Basing Growth Stocks : Software Developer Paycom | Investor Business Daily,https://www.investors.com/research/basing-growth-stocks-software-developer-paycom/,investors.com,English,0.0,gdelt_gkg
NOW,2019-01-29,"KPMG new digital transformation leader for Canada plans to hire 1 , 000 new workers",https://www.itworldcanada.com/article/kpmgs-new-digital-transformation-leader-for-canada-plans-to-hire-1000-new-workers/414594,itworldcanada.com,English,0.0,gdelt_gkg
NOW,2019-01-30,grupolaclave . com Website Analysis and Social Media report impact : Grupolaclave . com,https://www.coolsocial.net/sites/www/grupolaclave.com.html,coolsocial.net,English,0.0,gdelt_gkg
NOW,2019-01-30,Global Cloud Computing Services Industry,https://www.prnewswire.com:443/news-releases/global-cloud-computing-services-industry-300785902.html,prnewswire.com,English,0.0,gdelt_gkg
NOW,2019-01-30,"Cloud Automation Software Merger : Nubo , SpinPanel Combine Businesses",https://www.channele2e.com/investors/mergers-acquisitions/nubo-spinpanel-deal/,channele2e.com,English,0.0,gdelt_gkg
NOW,2019-01-30,Global Cloud Computing Services Industry,https://www.prnewswire.com/news-releases/global-cloud-computing-services-industry-300785902.html,prnewswire.com,English,0.0,gdelt_gkg
NOW,2019-01-30,Why software firm Atlassian wants to strengthen its India business,https://techcircle.vccircle.com/2019/01/30/why-software-firm-atlassian-wants-to-strengthen-its-india-business,techcircle.vccircle.com,English,0.0,gdelt_gkg
NOW,2019-01-30,Why work isnt working - Business Reporter,https://www.business-reporter.co.uk/2019/01/30/why-work-isnt-working-2/,business-reporter.co.uk,English,0.0,gdelt_gkg
NOW,2019-01-30,"Future Scope of IT Risk Management Solution Market : 2019 - 2026 : Global Top Key Players – Dell Technologies , Rsam , ServiceNow , Allgress , LockPath",http://www.sbwire.com/press-releases/future-scope-of-it-risk-management-solution-market-2019-2026-global-top-key-players-dell-technologies-rsam-servicenow-allgress-lockpath-1134463.htm,sbwire.com,English,0.0,gdelt_gkg
NOW,2019-01-30,"Future Scope of IT Risk Management Solution Market : 2019 - 2026 : Global Top Key Players – Dell Technologies , Rsam , ServiceNow , Allgress , LockPath",https://www.ssuchronicle.com/2019/01/30/future-scope-of-it-risk-management-solution-market-2019-2026-global-top-key-players-dell-technologies-rsam-servicenow-allgress-lockpath/,ssuchronicle.com,English,0.0,gdelt_gkg
NOW,2019-01-30,XebiaLabs Drives DevOps Innovation Following 2018 $100M+ Strategic Capital Investment,https://www.businesswire.com/news/home/20190130005066/en/XebiaLabs-Drives-DevOps-Innovation-2018-100M-Strategic,businesswire.com,English,0.0,gdelt_gkg
NOW,2019-01-30,Global Cloud Computing Services Industry,https://www.tmcnet.com/usubmit/2019/01/29/8890781.htm,tmcnet.com,English,0.0,gdelt_gkg
NOW,2019-01-30,"IT Service Management ( ITSM ) Software Market 2019 Global Key Players , Size , Trends , Opportunities , Growth - Analysis to 2023",https://www.marketwatch.com/press-release/it-service-management-itsm-software-market-2019-global-key-players-size-trends-opportunities-growth--analysis-to-2023-2019-01-30,marketwatch.com,English,0.0,gdelt_gkg
NOW,2019-01-30,Integrated Risk Management Solutions Market Growth by 2025 : QY Research,https://www.pr-inside.com/integrated-risk-management-solutions-market-growth-r4736443.htm,pr-inside.com,English,0.0,gdelt_gkg
NOW,2019-01-30,XebiaLabs Drives DevOps Innovation Following 2018 $100M+ Strategic Capital Investment,https://www.thepublicopinion.com/business/associated_press/xebialabs-drives-devops-innovation-following-m-strategic-capital-investment/article_1ef9033e-d5c7-5667-9ee7-9d309a266b73.html,thepublicopinion.com,English,0.0,gdelt_gkg
NOW,2019-01-30,"Dow Today Spikes 500 Points On Apple , Boeing , The Fed | Investor Business Daily",https://www.investors.com/market-trend/stock-market-today/dow-today-rallies-500-points-fed/,investors.com,English,0.0,gdelt_gkg
NOW,2019-01-30,Syncurity Partners with SentinelOne to Accelerate Alert Triage and Orchestrate Automated Incident Response,https://www.businesswire.com/news/home/20190130005054/en/Syncurity-Partners-SentinelOne-Accelerate-Alert-Triage-Orchestrate/,businesswire.com,English,0.0,gdelt_gkg
NOW,2019-01-30,Accelerate the journey to digital healthcare,https://www.healthcaredive.com/news/accelerate-the-journey-to-digital-healthcare/546766/,healthcaredive.com,English,0.0,gdelt_gkg
NOW,2019-01-30,Brian Sommer Month in Brief – January 2019,https://diginomica.com/2019/01/30/brian-sommers-month-in-brief-january-2019/,diginomica.com,English,0.0,gdelt_gkg
NOW,2019-01-30,"ServiceNow Stock Pops As Q4 Earnings , Billings Blow Past Estimates",https://www.investors.com/news/technology/servicenow-stock-pops-as-q4-earnings-blow-past-consensus-estimates/,investors.com,English,0.0,gdelt_gkg
NOW,2019-01-30,Armughan Ahmad to drive digital transformation as Canadian Managing Partner of digital and technology solutions at KPMG in Canada,http://www.channelbuzz.ca/2019/01/armughan-ahmad-to-drive-digital-transformation-as-canadian-managing-partner-of-digital-and-technology-solutions-at-kpmg-in-canada-29108/,channelbuzz.ca,English,0.0,gdelt_gkg
NOW,2019-01-30,Auckland Council targets $280M group ICT spending for more value,https://www.reseller.co.nz/article/656921/auckland-council-targets-280m-group-spending-for-ict-efficiencies/,reseller.co.nz,English,0.0,gdelt_gkg
NOW,2019-01-30,Auckland Council targets $280M group ICT spending for more value,https://www.reseller.co.nz/article/656921/auckland-council-targets-280m-group-ict-spending-more-value/,reseller.co.nz,English,0.0,gdelt_gkg
NOW,2019-01-30,Dynatrace announces next - gen AIOps and session replay capability,https://www.computerworlduk.com/cloud-computing/dynatrace-announces-next-gen-aiops-session-replay-capability-3691326/,computerworlduk.com,English,0.0,gdelt_gkg
NOW,2019-01-30,S & P 500 Earnings Spark Advance ; Stocks Add Gains After Fed| Investor Business Daily,https://www.investors.com/market-trend/stock-market-today/sp-500-earnings-spark-stock-gains/,investors.com,English,0.0,gdelt_gkg
NOW,2019-01-30,ServiceNow stock rallies on earnings beat,https://www.marketwatch.com/story/servicenow-stock-rallies-on-earnings-beat-2019-01-30,marketwatch.com,English,0.0,gdelt_gkg
NOW,2019-01-31,ServiceNow ( NOW ) Receives a Rating Update from a Top Analyst,https://www.analystratings.com/articles/servicenow-now-receives-a-rating-update-from-a-top-analyst/,analystratings.com,English,0.0,gdelt_gkg
NOW,2019-01-31,CIO  partnership  drives strong year - end for ServiceNow,https://diginomica.com/2019/01/31/cio-partnership-drives-strong-year-end-for-servicenow/,diginomica.com,English,0.0,gdelt_gkg
NOW,2019-01-31,ServiceNow ( NOW ) Q4 Earnings Surpass Estimates,https://news.yahoo.com/servicenow-now-q4-earnings-surpass-225010179.html,news.yahoo.com,English,0.0,gdelt_gkg
NOW,2019-01-31,"Dow Jones Futures : Facebook Stock , Tesla Stock , Microsoft Stock , Visa Stock , ServiceNow Stock Are Big Earnings Movers",https://www.investors.com/market-trend/stock-market-today/dow-jones-futures-facebook-stock-facebook-earnings-tesla-earnings-current-stock-market-rally/,investors.com,English,0.0,gdelt_gkg
NOW,2019-01-31,ServiceNow Inc ( NOW ) Q4 2018 Earnings Conference Call Transcript,https://news.yahoo.com/servicenow-inc-now-q4-2018-030300523.html,news.yahoo.com,English,0.0,gdelt_gkg
NOW,2019-01-31,ServiceNow sees revenue increase 36 percent to $2 . 6 billion,https://www.zdnet.com/article/servicenow-sees-revenue-increase-36-percent-to-2-6-billion/,zdnet.com,English,0.0,gdelt_gkg
NOW,2019-01-31,ServiceNow delivers another blowout quarter,https://siliconangle.com/2019/01/30/servicenow-delivers-another-blowout-quarter/,siliconangle.com,English,0.0,gdelt_gkg
NOW,2019-01-31,ServiceNow ( NOW ) Rating Reiterated by KeyCorp,https://www.wkrb13.com/2019/01/31/servicenow-now-rating-reiterated-by-keycorp.html,wkrb13.com,English,0.0,gdelt_gkg
NOW,2019-01-31,The  Pain Trade  Anesthesia Was Patience All Along : Taking Stock,https://finance.yahoo.com/news/pain-trade-anesthesia-patience-along-121728290.html,finance.yahoo.com,English,0.0,gdelt_gkg
NOW,2019-01-31,The  Pain Trade  Anesthesia Was Patience All Along : Taking Stock,http://www.swissinfo.ch/eng/the--pain-trade--anesthesia-was-patience-all-along--taking-stock/44723174,swissinfo.ch,English,0.0,gdelt_gkg
NOW,2019-01-31,"Stock Futures Mixed , Dow Jones Lags ; 2 Growth Stocks At Buy Points",https://www.investors.com/market-trend/stock-market-today/stock-futures-stocks-mixed-dow-jones-growth-stocks-at-buy-points/,investors.com,English,0.0,gdelt_gkg
NOW,2019-01-31,IT News Online > PR . com - GuideVision and Quality Clouds Partner to Deliver the Best Quality to Their ServiceNow Customers,http://www.itnewsonline.com/pr.com/GuideVision-and-Quality-Clouds-Partner-to-Deliver-the-Best-Quality-to-Their-ServiceNow-Customers/16636,itnewsonline.com,English,0.0,gdelt_gkg
NOW,2019-01-31,"ServiceNow ( NOW ) Q4 Earnings Top Estimates , Revenues Miss",https://news.yahoo.com/servicenow-now-q4-earnings-top-134801263.html,news.yahoo.com,English,0.0,gdelt_gkg
NOW,2019-01-31,ServiceNow : GuideVision and Quality Clouds Partner to Deliver the Best Quality to Their ServiceNow Customers,https://www.marketscreener.com/SERVICENOW-INC-10912979/news/ServiceNow-GuideVision-and-Quality-Clouds-Partner-to-Deliver-the-Best-Quality-to-Their-ServiceNow-27941287/,marketscreener.com,English,0.0,gdelt_gkg
NOW,2019-01-31,Needham & Company LLC Increases ServiceNow ( NOW ) Price Target to $243 . 00,https://www.dailypolitical.com/2019/01/31/needham-company-llc-increases-servicenow-now-price-target-to-243-00.html,dailypolitical.com,English,0.0,gdelt_gkg
NOW,2019-01-31,BMO Capital Markets Raises ServiceNow ( NOW ) Price Target to $235 . 00,https://www.tickerreport.com/banking-finance/4114483/bmo-capital-markets-raises-servicenow-now-price-target-to-235-00.html,tickerreport.com,English,0.0,gdelt_gkg
NOW,2019-01-31,ServiceNow Needs to Rest a Bit Before Trading Still Higher,https://realmoney.thestreet.com/investing/servicenow-needs-to-rest-a-bit-before-trading-still-higher-14852063,realmoney.thestreet.com,English,0.0,gdelt_gkg
NOW,2019-01-31,ServiceNow Inc ( NOW ) Q4 2018 Earnings Conference Call Transcript -- The Motley Fool,https://www.fool.com/investing/2019/01/30/servicenow-inc-now-q4-2018-earnings-conference-cal.aspx?source=iedfolrf0000001,fool.com,English,0.0,gdelt_gkg
NOW,2019-01-31,Jim Cramer : The Cloud Kings and Princes Are Royalty When It Comes to Performance,https://realmoney.thestreet.com/investing/jim-cramer-the-cloud-kings-and-princes-are-royalty-when-it-comes-to-performance-14852089,realmoney.thestreet.com,English,0.0,gdelt_gkg
NOW,2019-01-31,"Servicenow ( NOW ) Shareholder Zevenbergen Capital Investments Raised Stake by $978 , 705 ; As B2gold ( BTG ) Valuation Rose , Nikko Asset Management Americas Lifted by $357 , 126 Its Holding",https://finreviewer.com/2019/01/31/servicenow-now-shareholder-zevenbergen-capital-investments-raised-stake-by-978705-as-b2gold-btg-valuation-rose-nikko-asset-management-americas-lifted-by-357126-its-holding/,finreviewer.com,English,0.0,gdelt_gkg
NOW,2019-01-31,"Research Analyst Updated EPS Estimates for January , 31st ( BA , BDSI , CRY , CX , DANOY , DEI , DOC , DOOO , DPSGY , EGHT ) ",https://www.dailypolitical.com/2019/01/31/research-analysts-updated-eps-estimates-for-january-31st-ba-bdsi-cry-cx-danoy-dei-doc-dooo-dpsgy-eght.html,dailypolitical.com,English,0.0,gdelt_gkg
NOW,2019-01-31,ServiceNow Stock Jumps As Deals Drive Bullish Outlook | Investor Business Daily,https://www.investors.com/news/technology/servicenow-stock-now-billings-guidance/,investors.com,English,0.0,gdelt_gkg
NOW,2019-01-31,Digital Catapult launches the Future Networks Lab,http://www.newelectronics.co.uk/electronics-news/digital-catapult-launches-the-future-networks-lab/207579/,newelectronics.co.uk,English,0.0,gdelt_gkg
NOW,2019-01-31,ServiceNow CEO  Embracing Partner As Q4 Earnings Soar,https://www.crn.com/news/channel-programs/servicenow-ceo-embracing-partners-as-q4-earnings-soar,crn.com,English,0.0,gdelt_gkg
NOW,2019-01-31,Why Shares of ServiceNow Popped Today -- The Motley Fool,https://www.fool.com/investing/2019/01/31/why-shares-of-servicenow-popped-today.aspx?source=iedfolrf0000001,fool.com,English,0.0,gdelt_gkg
NOW,2019-01-31,"On - Call Scheduling Software Market is Booming Worldwide| Call Scheduler , PagerDuty , QliqSOFT",https://www.openpr.com/news/1551576/On-Call-Scheduling-Software-Market-is-Booming-Worldwide-Call-Scheduler-PagerDuty-QliqSOFT.html,openpr.com,English,0.0,gdelt_gkg
NOW,2019-01-31,Dow Jones Falls 150 Points In Today Stock Market | Investor Business Daily,https://www.investors.com/market-trend/stock-market-today/dow-jones-falls-todays-stock-market-amazon-stock/,investors.com,English,0.0,gdelt_gkg
NOW,2019-01-31,ServiceNow Soars After Strong Quarter ( NYSE : NOW ) ,https://www.benzinga.com/analyst-ratings/analyst-color/19/01/13074246/servicenow-soars-after-strong-quarter,benzinga.com,English,0.0,gdelt_gkg
NOW,2019-01-31,IPO Stock To Watch : Coupa Software Stock Breaks Out | Investor Business Daily,https://www.investors.com/stock-lists/ipo-analysis/ipo-stock-to-watch-coupa-software-stock/,investors.com,English,0.0,gdelt_gkg
NOW,2019-01-31,ServiceNow Stock Jumps As Deals Drive Bullish Outlook | Investor Business Daily,https://www.investors.com/stock-lists/new-highs/servicenow-stock-now-billings-guidance/,investors.com,English,0.0,gdelt_gkg
NOW,2019-01-31,Facebook Is Today Star as Pockets of Strong Momentum Grow,https://realmoney.thestreet.com/investing/facebook-is-today-s-star-as-pockets-of-strong-momentum-grow-14851965,realmoney.thestreet.com,English,0.0,gdelt_gkg
NOW,2019-01-31,ServiceNow Inc ( NOW ) Stake Lessened by Geneva Partners LLC,https://www.dailypolitical.com/2019/01/31/servicenow-inc-now-stake-lessened-by-geneva-partners-llc.html,dailypolitical.com,English,0.0,gdelt_gkg
NOW,2019-01-31,"Good Sign For The Market , As Dow Jones Index Achieves Feat | Investor Business Daily",https://www.investors.com/market-trend/stock-market-today/dow-jones-index-achieves-feat/,investors.com,English,0.0,gdelt_gkg
NOW,2019-01-31,Stocks Today : Nasdaq Jumps As Enterprise Software Leaders Explode Higher,https://www.investors.com/market-trend/stock-market-today/stocks-today/,investors.com,English,0.0,gdelt_gkg
NOW,2019-01-31,Nasdaq Soars ; Earnings Drive Current Stock Market Action | Investor Business Daily,https://www.investors.com/market-trend/stock-market-today/nasdaq-soars-dow-falters-current-stock-market/,investors.com,English,0.0,gdelt_gkg
NOW,2019-02-01,ServiceNow ( NOW ) Price Target Raised to $245 . 00 at JPMorgan Chase & Co . ,https://www.wkrb13.com/2019/02/01/servicenow-now-price-target-raised-to-245-00-at-jpmorgan-chase-co.html,wkrb13.com,English,0.0,gdelt_gkg
NOW,2019-02-01,XebiaLabs drives DevOps innovation following 2018 $100M+ strategic capital investment,https://www.helpnetsecurity.com/2019/02/01/xebialabs-100m-strategic-capital-investment/,helpnetsecurity.com,English,0.0,gdelt_gkg
NOW,2019-02-01,Dynatrace announces next - gen AIOps and session replay capability,https://www.computerworld.com.au/article/656958/dynatrace-announces-next-gen-aiops-session-replay-capability/,computerworld.com.au,English,0.0,gdelt_gkg
NOW,2019-02-01,Dow Jones Futures : Amazon Stock Falls On Guidance ; | Investor Business Daily,https://www.investors.com/market-trend/stock-market-today/dow-jones-futures-amazon-stock-amazon-earnings-cvs-stock-cigna-stock-unitedhealth-stock-trump-drug-prices/,investors.com,English,0.0,gdelt_gkg
NOW,2019-02-01,Job Alert for 01 - 31 - 19,https://www.fox16.com/jobs/job-alert-for-01-31-19/1742759953,fox16.com,English,0.0,gdelt_gkg
NOW,2019-02-01,Analysis of the Continuous Improvement Management Software Industry 2019 detailed in new research report,https://www.whatech.com/market-research/it/560216-analysis-of-global-continuous-improvement-management-software-industry-2019-key-players-strategies-market-share-and-development-plan,whatech.com,English,0.0,gdelt_gkg
NOW,2019-02-01,Dynatrace Platform Expands to Monitor More Cloud Data,https://www.itprotoday.com/performance-management/dynatrace-platform-expands-monitor-more-cloud-data,itprotoday.com,English,0.0,gdelt_gkg
NOW,2019-02-01,"New Research Coverage Highlights CNO Financial Group , Packaging Corporation of America , C . H . Robinson Worldwide , Cray , ServiceNow , and Wayfair Consolidated Revenues , Company Growth , and Expectations for 2019",https://globenewswire.com/news-release/2019/02/01/1709172/0/en/New-Research-Coverage-Highlights-CNO-Financial-Group-Packaging-Corporation-of-America-C-H-Robinson-Worldwide-Cray-ServiceNow-and-Wayfair-Consolidated-Revenues-Company-Growth-and-Ex.html,globenewswire.com,English,0.0,gdelt_gkg
NOW,2019-02-01,Cramer Remix : Forget FANG – these are the real tech winners for 2019,http://www.msn.com/en-us/money/savingandinvesting/cramer-remix-forget-fang-%E2%80%93-these-are-the-real-tech-winners-for-2019/ar-BBT1vqq,msn.com,English,0.0,gdelt_gkg
NOW,2019-02-01,Dynatrace announces next - gen AIOps and session replay capability,https://www.computerworld.co.nz/article/656958/dynatrace-announces-next-gen-aiops-session-replay-capability/,computerworld.co.nz,English,0.0,gdelt_gkg
NOW,2019-02-01,Dynatrace announces next - gen AIOps and session replay capability,https://www.techworld.com.au/article/656958/dynatrace-announces-next-gen-aiops-session-replay-capability/,techworld.com.au,English,0.0,gdelt_gkg
NOW,2019-02-01,Carahsoft Named 2018 FireEye Americas Distributor of the Year,https://www.tmcnet.com/usubmit/2019/02/01/8893068.htm,tmcnet.com,English,0.0,gdelt_gkg
NOW,2019-02-01,Cramer Remix : Forget FANG these are the real tech winners for 2019,https://www.cnbc.com/2019/01/31/cramer-remix-forget-fangthese-are-the-real-tech-winners-for-2019.html,cnbc.com,English,0.0,gdelt_gkg
NOW,2019-02-01,ServiceNow ( NOW ) Hits New 1 - Year High on Strong Earnings,https://www.dailypolitical.com/2019/01/31/servicenow-now-hits-new-1-year-high-on-strong-earnings.html,dailypolitical.com,English,0.0,gdelt_gkg
NOW,2019-02-01,"Growth Stocks Workday , Twilio , ServiceNow : Group Strength | Investor Business Daily",https://www.investors.com/how-to-invest/investors-corner/growth-stocks-workday-twilio-servicenow-relative-strength/,investors.com,English,0.0,gdelt_gkg
NOW,2019-02-01,"New Research Coverage Highlights CNO Financial Group , Packaging Corporation of America , C . H . Robinson Worldwide , Cray , ServiceNow , and Wayfair Consolidated Revenues , Company Growth , and Expectations for 2019",http://globenewswire.com/news-release/2019/02/01/1709172/0/en/New-Research-Coverage-Highlights-CNO-Financial-Group-Packaging-Corporation-of-America-C-H-Robinson-Worldwide-Cray-ServiceNow-and-Wayfair-Consolidated-Revenues-Company-Growth-and-Ex.html,globenewswire.com,English,0.0,gdelt_gkg
NOW,2019-02-01,ServiceNow ( NOW ) Stock Rating Reaffirmed by Cowen,https://www.dailypolitical.com/2019/02/01/servicenow-now-stock-rating-reaffirmed-by-cowen.html,dailypolitical.com,English,0.0,gdelt_gkg
NOW,2019-02-01,Workday : Revenue Growth At The Cost Of Operating Margins,https://seekingalpha.com/article/4237461-workday-revenue-growth-cost-operating-margins,seekingalpha.com,English,0.0,gdelt_gkg
NOW,2019-02-01,"Data Center Automation Market Expected to Reach $8 , 619 Million , Globally , by 2022 | Global Leading Players : VMware , Inc ., BMC Software , Cisco Systems , Inc ., IBM Corp ., Hewlett Packard Enterprise",https://www.openpr.com/news/1554606/Data-Center-Automation-Market-Expected-to-Reach-8-619-Million-Globally-by-2022-Global-Leading-Players-VMware-Inc-BMC-Software-Cisco-Systems-Inc-IBM-Corp-Hewlett-Packard-Enterprise.html,openpr.com,English,0.0,gdelt_gkg
NOW,2019-02-01,Carahsoft Named 2018 FireEye Americas Distributor of the Year,http://globenewswire.com/news-release/2019/02/01/1709251/0/en/Carahsoft-Named-2018-FireEye-Americas-Distributor-of-the-Year.html,globenewswire.com,English,0.0,gdelt_gkg
NOW,2019-02-01,ServiceNow looks to continue channel momentum in Canada as company business surges,http://www.channelbuzz.ca/2019/02/servicenow-looks-to-continue-channel-momentum-in-canada-as-company-business-surges-29130/,channelbuzz.ca,English,0.0,gdelt_gkg
NOW,2019-02-01,Un nouveau directeur chez Plat4mation - Careers,https://datanews.levif.be/ict/careers/un-nouveau-directeur-chez-plat4mation/article-normal-1086957.html,datanews.levif.be,French,0.0,gdelt_gkg
NOW,2019-02-01,$762 . 92 Million in Sales Expected for ServiceNow Inc ( NOW ) This Quarter,https://www.wkrb13.com/2019/02/01/762-92-million-in-sales-expected-for-servicenow-inc-now-this-quarter.html,wkrb13.com,English,0.0,gdelt_gkg
NOW,2019-02-13,Slack adds app building tools as productivity arms race with Microsoft Teams continues,https://www.geekwire.com/2019/slack-adds-app-building-tools-productivity-arms-race-microsoft-teams-continues/,geekwire.com,English,0.0,gdelt_gkg
NOW,2019-02-13,"Analysts Commend HubSpot Growth , Product Momentum , Lift Price Targets After Q4 Print ( NYSE : HUBS ) ",https://www.benzinga.com/analyst-ratings/analyst-color/19/02/13160678/analysts-commend-hubspots-growth-product-momentum-lift-,benzinga.com,English,0.0,gdelt_gkg
NOW,2019-02-13,Employee Records Management Software Market Global Outlook 2019,http://www.sbwire.com/press-releases/employee-records-management-software-market-global-market-outlook-2019-2025-1144547.htm,sbwire.com,English,0.0,gdelt_gkg
NOW,2019-02-13,Polly Announces $7 million Series A to Build Modern Workflow Measurement Solution,https://www.businesswire.com/news/home/20190213005208/en/Polly-Announces-7-million-Series-Build-Modern,businesswire.com,English,0.0,gdelt_gkg
NOW,2019-02-13,Polly Announces $7 million Series A to Build Modern Workflow Measurement Solution,https://www.marketwatch.com/press-release/polly-announces-7-million-series-a-to-build-modern-workflow-measurement-solution-2019-02-13,marketwatch.com,English,0.0,gdelt_gkg
NOW,2019-02-13,Polly Announces $7 million Series A to Build Modern Workflow Measurement Solution,https://www.tmcnet.com/usubmit/2019/02/13/8900069.htm,tmcnet.com,English,0.0,gdelt_gkg
NOW,2019-02-14,"Fastest Growing Companies : Who Joins Netflix , Paycom , Splunk And Workday ? ",https://www.investors.com/how-to-invest/fastest-growing-companies-best-stocks-to-buy-watch/,investors.com,English,0.0,gdelt_gkg
NOW,2019-02-14,"Global ITSM Market analysis 2019 research report details , scope , stake , progress , trends and forecast to 2025",https://www.whatech.com/market-research/it/565697-global-itsm-market-analysis-2019-scope-stake-progress-trends-and-forecast-to-2025,whatech.com,English,0.0,gdelt_gkg
NOW,2019-02-14,Bow to your Sensu - Open Source Insider,https://www.computerweekly.com/blog/Open-Source-Insider/Bow-to-your-Sensu,computerweekly.com,English,0.0,gdelt_gkg
NOW,2019-02-14,IT Service Integration and Management Market Becoming Highly Automated,https://www.prnewswire.com/news-releases/it-service-integration-and-management-market-becoming-highly-automated-300795900.html,prnewswire.com,English,0.0,gdelt_gkg
NOW,2019-02-14,IT Service Integration and Management Market Becoming Highly Automated,https://www.marketwatch.com/press-release/it-service-integration-and-management-market-becoming-highly-automated-2019-02-14,marketwatch.com,English,0.0,gdelt_gkg
NOW,2019-02-14,IBM Unveils New Offerings for Faster and More Secured Path to Hybrid Cloud,http://www.pressreleasepoint.com/ibm-unveils-new-offerings-faster-and-more-secured-path-hybrid-cloud,pressreleasepoint.com,English,0.0,gdelt_gkg
NOW,2019-02-14,eHealth Queensland saved AU$1m per year through a better password reset process,https://www.zdnet.com/article/ehealth-queensland-saved-au1m-per-year-through-a-better-password-reset-process/,zdnet.com,English,0.0,gdelt_gkg
NOW,2019-02-14,Know thy workforce,https://www.enterpriseinnovation.net/article/know-thy-workforce-604423553,enterpriseinnovation.net,English,0.0,gdelt_gkg
NOW,2019-02-15,Atlassian rewrites the SaaS playbook with beloved products like Jira,https://www.businessinsider.com/atlassian-saas-playbook-jira-2019-2,businessinsider.com,English,0.0,gdelt_gkg
NOW,2019-02-15,Cloud Apps That Run the Workplace,https://www.cmswire.com/digital-workplace/cloud-apps-that-run-the-workplace/,cmswire.com,English,0.0,gdelt_gkg
NOW,2019-02-15,Bootstrap First and Raise Money Later,https://www.sramanamitra.com/2019/02/15/bootstrap-first-and-raise-money-later/,sramanamitra.com,English,0.0,gdelt_gkg
NOW,2019-02-15,"After limping through chapter one of cloud computing , IBM aims to own chapter two",https://siliconangle.com/2019/02/14/limping-chapter-one-cloud-computing-ibm-aims-chapter-two/,siliconangle.com,English,0.0,gdelt_gkg
NOW,2019-02-15,Analysis : IBM CEO Declares Chapter 2 of Cloud and AI at IBM Think 2019,https://www.forbes.com/sites/siliconangle/2019/02/14/analysis-ibm-ceo-declares-chapter-2-of-cloud-and-ai-at-ibm-think-2019/,forbes.com,English,0.0,gdelt_gkg
NOW,2019-02-15,IT Business Management Market|Trands|Growth,http://www.sbwire.com/press-releases/it-business-management-market-is-touching-new-levels-demand-rising-trends-and-new-technologies-with-key-players-axios-systems-deloitte-apptio-1145151.htm,sbwire.com,English,0.0,gdelt_gkg
NOW,2019-02-16,SW Architekt Jobs in Urfahr - Umgebung ( Bezirk ) | aktuell 3 offen,https://www.karriere.at/jobs/sw-architekt/urfahr-umgebung-bezirk,karriere.at,German,0.0,gdelt_gkg
NOW,2019-02-16,"Feb 15 , 2019 - GQG Partners LLC Buys Procter & Gamble Co , NextEra Energy Inc , HDFC Bank , Sells Facebook Inc , NVIDIA Corp , Bank of America Corporation",https://www.gurufocus.com/news/817657/gqg-partners-llc-buys-procter--gamble-co-nextera-energy-inc-hdfc-bank-sells-facebook-inc-nvidia-corp-bank-of-america-corporation,gurufocus.com,English,0.0,gdelt_gkg
NOW,2019-02-16,"Feb 15 , 2019 - Ci Investments Inc . Buys CSX Corp , Athene Holding , Verizon Communications Inc , Sells Micron Technology Inc , iShares 20+ Year Treasury Bond ETF , CVS Health Corp",https://www.gurufocus.com/news/817660/ci-investments-inc-buys-csx-corp-athene-holding-verizon-communications-inc-sells-micron-technology-inc-ishares-20-year-treasury-bond-etf-cvs-health-corp,gurufocus.com,English,0.0,gdelt_gkg
NOW,2019-02-16,mdpcdoctor . com Website Analysis and Social Media report impact : Mdpcdoctor . com,https://www.coolsocial.net/sites/www/mdpcdoctor.com.html,coolsocial.net,English,0.0,gdelt_gkg
NOW,2019-02-17,"Insider Selling : ServiceNow Inc ( NOW ) Insider Sells $468 , 368 . 91 in Stock",https://www.wkrb13.com/2019/02/17/insider-selling-servicenow-inc-now-insider-sells-468368-91-in-stock.html,wkrb13.com,English,0.0,gdelt_gkg
NOW,2019-02-17,"Hendershot Investments Has Cut Accenture Plc Ireland ( ACN ) Position by $888 , 420 ; Stock Declined ; Mittleman Brothers Trimmed Amc Entmt Hldgs ( AMC ) Stake by $3 . 17 Million",https://dminute.com/2019/02/17/hendershot-investments-has-cut-accenture-plc-ireland-acn-position-by-888420-stock-declined-mittleman-brothers-trimmed-amc-entmt-hldgs-amc-stake-by-3-17-million/,dminute.com,English,0.0,gdelt_gkg
NOW,2019-02-17,"Configuration Management Software Market 2018 Global Share , Trend , Segmentation and Forecast to 2023",https://www.snntv.com/story/39652699/configuration-management-software-market-2018-global-share-trend-segmentation-and-forecast-to-2023,snntv.com,English,0.0,gdelt_gkg
NOW,2019-02-18,Logicalis Achieves Cisco IoT Authorisation Partner Status,https://www.prnewswire.com/news-releases/logicalis-achieves-cisco-iot-authorisation-partner-status-300797325.html,prnewswire.com,English,0.0,gdelt_gkg
NOW,2019-02-18,Company Profile for GlideFast Consulting LLC,https://www.businesswire.com/news/home/20190218005417/en/Company-Profile-GlideFast-Consulting-LLC,businesswire.com,English,0.0,gdelt_gkg
NOW,2019-02-18,Company Profile for GlideFast Consulting LLC,https://www.marketwatch.com/press-release/company-profile-for-glidefast-consulting-llc-2019-02-18,marketwatch.com,English,0.0,gdelt_gkg
NOW,2019-02-18,The Crusader in Carpe Diem : Kumar Shaswat,https://mondaymorning.nitrkl.ac.in/article/2019/02/18/2299-the-crusader-in-carpe-diem-kumar-shaswat/,mondaymorning.nitrkl.ac.in,English,0.0,gdelt_gkg
NOW,2019-02-18,Logicalis Achieves Cisco IoT Authorisation Partner Status,https://www.marketwatch.com/press-release/logicalis-achieves-cisco-iot-authorisation-partner-status-2019-02-18,marketwatch.com,English,0.0,gdelt_gkg
NOW,2019-02-18,Zayo Group Hldgs ( ZAYO ) Stock Price Declined While Banbury Partners Raised Its Holding ; Independent Investors Holds Position in Cvs Health ( CVS ) ,https://dminute.com/2019/02/18/zayo-group-hldgs-zayo-stock-price-declined-while-banbury-partners-raised-its-holding-independent-investors-holds-position-in-cvs-health-cvs/,dminute.com,English,0.0,gdelt_gkg
NOW,2019-02-18,Cloud Field Service Management ( FSM ) Market Forecast Bright Future Ahead !! - Media Releases - CSO | The Resource for Data Security Executives,https://www.cso.com.au/mediareleases/33799/cloud-field-service-management-fsm-market/,cso.com.au,English,0.0,gdelt_gkg
NOW,2019-02-18,"4 , 490 Shares in ServiceNow Inc ( NOW ) Acquired by Acima Private Wealth LLC",https://www.wkrb13.com/2019/02/18/4490-shares-in-servicenow-inc-now-acquired-by-acima-private-wealth-llc.html,wkrb13.com,English,0.0,gdelt_gkg
NOW,2019-02-18,"Facilities Administrative Operations Assistant - San Antonio , TX - San Antonio ,  Texas - 804181",http://www.latpro.com/jobs/3665862.html,latpro.com,English,0.0,gdelt_gkg
NOW,2019-02-18,Logicalis Achieves Cisco IoT Authorisation Partner Status,https://www.prnewswire.com:443/news-releases/logicalis-achieves-cisco-iot-authorisation-partner-status-300797325.html,prnewswire.com,English,0.0,gdelt_gkg
NOW,2019-02-19,ScienceLogic Receives Application Certification from ServiceNow,https://www.marketwatch.com/press-release/sciencelogic-receives-application-certification-from-servicenow-2019-02-19,marketwatch.com,English,0.0,gdelt_gkg
NOW,2019-02-19,Driving Better Patient Experiences Through Workflow Technology,https://www.himsslearn.org/driving-better-patient-experiences-through-workflow-technology,himsslearn.org,English,0.0,gdelt_gkg
NOW,2019-02-19,Company Profile for GlideFast Consulting LLC,http://www.thecourierexpress.com/business/company-profile-for-glidefast-consulting-llc/article_b2c84373-e5df-503c-aa04-b66d6c791cc9.html,thecourierexpress.com,English,0.0,gdelt_gkg
NOW,2019-02-19,Company Profile for GlideFast Consulting LLC,http://www.oleantimesherald.com/business/company-profile-for-glidefast-consulting-llc/article_c8d71186-b99f-5006-8710-7721b596cb18.html,oleantimesherald.com,English,0.0,gdelt_gkg
NOW,2019-02-19,iTWire - Venafi offers grants to local developers,https://www.itwire.com/security/86088-venafi-offers-grants-to-local-developers.html,itwire.com,English,0.0,gdelt_gkg
NOW,2019-02-19,"Work Order Management Market Booming Tremendously with the Top Market Players Like NetSuite , Microsoft , IBM , Astea , IFS , ClickSoftware , ServiceMax , ServiceNow , eMaint",https://www.ssuchronicle.com/2019/02/19/work-order-management-market-booming-tremendously-with-the-top-market-players-like-netsuite-microsoft-ibm-astea-ifs-clicksoftware-servicemax-servicenow-emaint/,ssuchronicle.com,English,0.0,gdelt_gkg
NOW,2019-02-19,IBM unveils new offerings for hybrid cloud | Networks Asia,https://www.networksasia.net/article/ibm-unveils-new-offerings-hybrid-cloud.1550556648,networksasia.net,English,0.0,gdelt_gkg
NOW,2019-02-19,Baffle Releases First Data Protection Solution for AWS Lambda Serverless Compute – IT Business Net,http://internet.itbusinessnet.com/2019/02/baffle-releases-first-data-protection-solution-for-aws-lambda-serverless-compute/,internet.itbusinessnet.com,English,0.0,gdelt_gkg
NOW,2019-02-19,"Feb 19 , 2019 - Wunderlich Securities , Inc . Buys Vanguard Short - Term Corporate Bond ETF , Vanguard Large - Cap , PIMCO Enhanced Short Maturity Active Exchange - Trad , Sells iShares Russell Midcap Growth , Edwards Lifesciences Corp , FedEx Corp",https://www.gurufocus.com/news/818416/wunderlich-securities-inc-buys-vanguard-shortterm-corporate-bond-etf-vanguard-largecap-pimco-enhanced-short-maturity-active-exchangetrad-sells-ishares-russell-midcap-growth-edwards-lifesciences-corp-fedex-corp,gurufocus.com,English,0.0,gdelt_gkg
NOW,2019-02-19,Baffle Releases First Data Protection Solution for AWS Lambda Serverless Compute,https://www.hostreview.com/news/190219-baffle-releases-first-data-protection-solution-for-aws-lambda-serverless-compute,hostreview.com,English,0.0,gdelt_gkg
NOW,2019-02-19,Slack five - year - long fight against email is about to get more complicated,https://www.itpro.co.uk/collaboration/33025/slacks-five-year-long-fight-against-email-is-about-to-get-more-complicated,itpro.co.uk,English,0.0,gdelt_gkg
NOW,2019-02-19,Slack five - year - long fight against email is about to get more complicated,https://www.cloudpro.co.uk/collaboration/7947/slacks-five-year-long-fight-against-email-is-about-to-get-more-complicated,cloudpro.co.uk,English,0.0,gdelt_gkg
NOW,2019-02-19,ScienceLogic Receives Application Certification from ServiceNow,https://www.businesswire.com/news/home/20190219005205/en/ScienceLogic-Receives-Application-Certification-ServiceNow,businesswire.com,English,0.0,gdelt_gkg
NOW,2019-02-19,Baffle Releases First Data Protection Solution for AWS Lambda Serverless Compute – IT Business Net,http://hardware.itbusinessnet.com/2019/02/baffle-releases-first-data-protection-solution-for-aws-lambda-serverless-compute/,hardware.itbusinessnet.com,English,0.0,gdelt_gkg
NOW,2019-02-19,Конференция Venture Day Minsk поможет стартапам в поиске инвесторов,https://www.interfax.by/article/1254691,interfax.by,Russian,0.0,gdelt_gkg
NOW,2019-02-19,Baffle Releases First Data Protection Solution for AWS Lambda Serverless Compute – IT Business Net,http://enterpriseapps.itbusinessnet.com/2019/02/baffle-releases-first-data-protection-solution-for-aws-lambda-serverless-compute/,enterpriseapps.itbusinessnet.com,English,0.0,gdelt_gkg
NOW,2019-02-19,Indegy Industrial Cyber Security Suite Now Available on Carahsoft SEWP V Contract,https://www.businesswire.com/news/home/20190219005065/en/Indegy-Industrial-Cyber-Security-Suite-Carahsoft-SEWP/,businesswire.com,English,0.0,gdelt_gkg
NOW,2019-02-19,Rapid Application Development Market Worth $46 . 2 Billion by 2023 - Exclusive Report by MarketsandMarkets™,https://www.prnewswire.com:443/news-releases/rapid-application-development-market-worth-46-2-billion-by-2023---exclusive-report-by-marketsandmarkets-300797815.html,prnewswire.com,English,0.0,gdelt_gkg
NOW,2019-02-19,Pulse Report on the State of IT Service Management Reveals that Enterprises are Prioritizing Artificial Intelligence for ITSM in 2019,https://finance.yahoo.com/news/pulse-report-state-management-reveals-130000917.html,finance.yahoo.com,English,0.0,gdelt_gkg
NOW,2019-02-19,Rapid Application Development Market Worth $46 . 2 Billion by 2023 - Exclusive Report by MarketsandMarkets™,https://www.marketwatch.com/press-release/rapid-application-development-market-worth-462-billion-by-2023---exclusive-report-by-marketsandmarketstm-2019-02-19,marketwatch.com,English,0.0,gdelt_gkg
NOW,2019-02-19,Rapid Application Development Market Worth $46 . 2 Billion by 2023 - Exclusive Report by MarketsandMarkets™,https://www.prnewswire.com/news-releases/rapid-application-development-market-worth-46-2-billion-by-2023---exclusive-report-by-marketsandmarkets-300797815.html,prnewswire.com,English,0.0,gdelt_gkg
NOW,2019-02-19,ScienceLogic Receives Application Certification from ServiceNow,http://www.thecourierexpress.com/business/sciencelogic-receives-application-certification-from-servicenow/article_2a78672b-5406-52d6-a95d-327e6265d2b9.html,thecourierexpress.com,English,0.0,gdelt_gkg
NOW,2019-02-19,Rapid Application Development Market Worth $46 . 2 Billion by 2023 - Exclusive Report by MarketsandMarkets,https://www.finanznachrichten.de/nachrichten-2019-02/46002698-rapid-application-development-market-worth-dollar-46-2-billion-by-2023-exclusive-report-by-marketsandmarkets-008.htm,finanznachrichten.de,English,0.0,gdelt_gkg
NOW,2019-02-19,ScienceLogic Receives Application Certification from ServiceNow,https://www.businesswire.com/news/home/20190219005205/en/ScienceLogic-Receives-Application-Certification-ServiceNow/,businesswire.com,English,0.0,gdelt_gkg
NOW,2019-02-19,Rapid Application Development Market Worth $46 . 2 Billion by 2023 - Exclusive Report by MarketsandMarkets™,https://www.tmcnet.com/usubmit/2019/02/19/8902993.htm,tmcnet.com,English,0.0,gdelt_gkg
NOW,2019-02-19,Rational Advisors LLC Raises Stake in ServiceNow Inc ( NOW ) ,https://www.dailypolitical.com/2019/02/19/rational-advisors-llc-raises-stake-in-servicenow-inc-now.html,dailypolitical.com,English,0.0,gdelt_gkg
NOW,2019-02-19,The Multifaceted Achiever : Kumar Shaswat,https://mondaymorning.nitrkl.ac.in/article/2019/02/18/2299-the-multifaceted-achiever-kumar-shaswat/,mondaymorning.nitrkl.ac.in,English,0.0,gdelt_gkg
NOW,2019-02-19,"Facebook ( Put ) ( FB ) Shares Declined While Taconic Capital Advisors LP Has Cut Position ; As Kosmos Energy LTD ( KOS ) Market Value Declined , Arosa Capital Management LP Boosted Holding by $3 . 28 Million",https://moveefy.com/2019/02/19/facebook-put-fb-shares-declined-while-taconic-capital-advisors-lp-has-cut-position-as-kosmos-energy-ltd-kos-market-value-declined-arosa-capital-management-lp-boosted-holding-by-3-28-million/,moveefy.com,English,0.0,gdelt_gkg
NOW,2019-02-19,"Google Acquires Alooma , Cloud Database Migration Software Tools",https://www.channele2e.com/investors/mergers-acquisitions/google-buys-alooma/,channele2e.com,English,0.0,gdelt_gkg
NOW,2019-02-19,Mastercard ( MA ) Market Value Declined While Melvin Capital Management LP Raised Position by $43 . 96 Million ; Makemytrip Limited Mauritius ( MMYT ) Position Maintained by Sands Capital Management Llc,https://moveefy.com/2019/02/19/mastercard-ma-market-value-declined-while-melvin-capital-management-lp-raised-position-by-43-96-million-makemytrip-limited-mauritius-mmyt-position-maintained-by-sands-capital-management-llc/,moveefy.com,English,0.0,gdelt_gkg
NOW,2019-02-19,Baffle Releases First Data Protection Solution for AWS Lambda Serverless Compute,https://www.tmcnet.com/usubmit/2019/02/19/8902436.htm,tmcnet.com,English,0.0,gdelt_gkg
NOW,2019-02-19,Tenable doubles cyber exposure technology integrations to help customers manage and measure cyber risk holistically - Business Intelligence Middle East - bi - me . com,http://www.bi-me.com/main.php?id=76750&t=1,bi-me.com,English,0.0,gdelt_gkg
NOW,2019-02-20,Quest Software Selects Coveo to Transform Customer Experience with AI,https://www.ssuchronicle.com/2019/02/20/quest-software-selects-coveo-to-transform-customer-experience-with-ai/,ssuchronicle.com,English,0.0,gdelt_gkg
NOW,2019-02-20,Quest Software Selects Coveo to Transform Customer Experience with AI,https://www.prweb.com/releases/quest_software_selects_coveo_to_transform_customer_experience_with_ai/prweb16114925.htm,prweb.com,English,0.0,gdelt_gkg
NOW,2019-02-20,iTWire - Soapbox adds intelligence to service desks,https://www.itwire.com/business-software/86109-soapbox-adds-intelligence-to-service-desks.html,itwire.com,English,0.0,gdelt_gkg
NOW,2019-02-20,"Everbridge , Inc . ( EVBG ) Q4 2018 Earnings Conference Call Transcript",https://news.yahoo.com/everbridge-inc-evbg-q4-2018-053141841.html,news.yahoo.com,English,0.0,gdelt_gkg
NOW,2019-02-20,"Feb 19 , 2019 - HWG Holdings LP Buys Hormel Foods Corp , Anthem Inc , Walt Disney Co , Sells Intuit Inc , Zebra Technologies Corp , iShares Core S & P 500",https://www.gurufocus.com/news/819038/hwg-holdings-lp-buys-hormel-foods-corp-anthem-inc-walt-disney-co-sells-intuit-inc-zebra-technologies-corp-ishares-core-sp-500,gurufocus.com,English,0.0,gdelt_gkg
NOW,2019-02-20,"Everbridge , Inc . ( EVBG ) Q4 2018 Earnings Conference Call Transcript -- The Motley Fool",https://www.fool.com/earnings/call-transcripts/2019/02/20/everbridge-inc-evbg-q4-2018-earnings-conference-ca.aspx?source=iedfolrf0000001,fool.com,English,0.0,gdelt_gkg
NOW,2019-02-20,Forescout Unveils the Industry First Unified Device Visibility and Control Platform for IT and OT Security,https://apnews.com/0680f8defdcd8659f8b0ba8ad8872211,apnews.com,English,0.0,gdelt_gkg
NOW,2019-02-20,Forescout Unveils the Industry First Unified Device Visibility and Control Platform for IT and OT Security,https://www.euroinvestor.com/news/2019/02/20/forescout-unveils-the-industrys-first-unified-device-visibility-and-control-platformfor-it-and-ot-security/13976516,euroinvestor.com,English,0.0,gdelt_gkg
NOW,2019-02-20,Logicalis Named Among the CRN Elite 150 for Excellence in Managed IT Services,https://www.prnewswire.com:443/news-releases/logicalis-named-among-the-crn-elite-150-for-excellence-in-managed-it-services-300798676.html,prnewswire.com,English,0.0,gdelt_gkg
NOW,2019-02-20,STEALTHbits Launches Purpose - Built Active Directory Threat Detection & Response Platform,https://www.marketwatch.com/press-release/stealthbits-launches-purpose-built-active-directory-threat-detection-response-platform-2019-02-20,marketwatch.com,English,0.0,gdelt_gkg
NOW,2019-02-20,"Newswire & Press Release / Forescout Unveils the Industry First Unified Device Visibility and Control Platform for IT and OT Security - Software - ForeScout Technologies , Inc . ",https://www.newswiretoday.com/news/169370/Forescout-Unveils-the-Industrys-First-Unified-Device-Visibility-and-Control-Platform-for-IT-and-OT-Security/,newswiretoday.com,English,0.0,gdelt_gkg
NOW,2019-02-20,"1 , 570 Shares in ServiceNow Inc ( NOW ) Acquired by Stanley Laman Group Ltd . ",https://www.wkrb13.com/2019/02/20/1570-shares-in-servicenow-inc-now-acquired-by-stanley-laman-group-ltd.html,wkrb13.com,English,0.0,gdelt_gkg
NOW,2019-02-20,ServiceNow Inc ( NOW ) Shares Sold by MERIAN GLOBAL INVESTORS united kingdom Ltd,https://www.wkrb13.com/2019/02/20/servicenow-inc-now-shares-sold-by-merian-global-investors-uk-ltd.html,wkrb13.com,English,0.0,gdelt_gkg
NOW,2019-02-20,How to close a deal successfully,https://www.fastcompany.com/90309311/how-to-close-your-first-big-deal,fastcompany.com,English,0.0,gdelt_gkg
NOW,2019-02-20,STEALTHbits Launches Purpose - Built Active Directory Threat Detection & Response Platform,https://www.tmcnet.com/usubmit/2019/02/20/8904075.htm,tmcnet.com,English,0.0,gdelt_gkg
NOW,2019-02-20,"Newswire & Press Release / Forescout Unveils the Industry First Unified Device Visibility and Control Platform for IT and OT Security - Software - ForeScout Technologies , Inc . ",https://www.newswiretoday.com/news/169370/,newswiretoday.com,English,0.0,gdelt_gkg
NOW,2019-02-20,STEALTHbits Launches Purpose - Built Active Directory Threat Detection & Response Platform,https://www.businesswire.com/news/home/20190220005646/en/STEALTHbits-Launches-Purpose-Built-Active-Directory-Threat-Detection,businesswire.com,English,0.0,gdelt_gkg
NOW,2019-02-21,Devtech Launches Marketplace Enablement to Help ISVs Accelerate Go - to - Market,https://www.finanznachrichten.de/nachrichten-2019-02/46024437-devtech-launches-marketplace-enablement-to-help-isvs-accelerate-go-to-market-004.htm,finanznachrichten.de,English,0.0,gdelt_gkg
NOW,2019-02-21,Devtech Launches Marketplace Enablement to Help ISVs Accelerate Go - to - Market,https://winnipegsun.com/pmn/press-releases-pmn/business-wire-news-releases-pmn/devtech-launches-marketplace-enablement-to-help-isvs-accelerate-go-to-market/wcm/e52ffbcb-8c00-4bd7-83c7-e65490acbb29,winnipegsun.com,English,0.0,gdelt_gkg
NOW,2019-02-21,"Catalyst Capital Advisors LLC Sells 11 , 900 Shares of ServiceNow Inc ( NOW ) ",https://www.themarketsdaily.com/2019/02/21/catalyst-capital-advisors-llc-sells-11900-shares-of-servicenow-inc-now.html,themarketsdaily.com,English,0.0,gdelt_gkg
NOW,2019-02-21,Automated network security through openness,https://www.reseller.co.nz/brand-post/content/657731/automated-network-security-through-openness/,reseller.co.nz,English,0.0,gdelt_gkg
NOW,2019-02-21,Devtech Launches Marketplace Enablement to Help ISVs Accelerate Go - to - Market,https://torontosun.com/pmn/press-releases-pmn/business-wire-news-releases-pmn/devtech-launches-marketplace-enablement-to-help-isvs-accelerate-go-to-market/wcm/e52ffbcb-8c00-4bd7-83c7-e65490acbb29,torontosun.com,English,0.0,gdelt_gkg
NOW,2019-02-21,Fujitsu exhibe en EuroCIS 2019 sus soluciones conectadas para el sector de  retail  ,https://www.cope.es/actualidad/tecnologia/noticias/fujitsu-exhibe-eurocis-2019-sus-soluciones-conectadas-para-sector-retail-20190221_358122,cope.es,Spanish,0.0,gdelt_gkg
NOW,2019-02-21,Devtech Launches Marketplace Enablement to Help ISVs Accelerate Go - to - Market,https://o.canada.com/pmn/press-releases-pmn/business-wire-news-releases-pmn/devtech-launches-marketplace-enablement-to-help-isvs-accelerate-go-to-market/wcm/e52ffbcb-8c00-4bd7-83c7-e65490acbb29,o.canada.com,English,0.0,gdelt_gkg
NOW,2019-02-21,Fujitsu exhibe en EuroCIS 2019 sus soluciones conectadas para el sector de  retail  ,http://www.diariosigloxxi.com/texto-ep/mostrar/20190221115829/fujitsu-exhibe-eurocis-2019-soluciones-conectadas-sector-retail,diariosigloxxi.com,Spanish,0.0,gdelt_gkg
NOW,2019-02-21,Devtech Launches Marketplace Enablement to Help ISVs Accelerate Go - to - Market,https://ottawasun.com/pmn/press-releases-pmn/business-wire-news-releases-pmn/devtech-launches-marketplace-enablement-to-help-isvs-accelerate-go-to-market/wcm/e52ffbcb-8c00-4bd7-83c7-e65490acbb29,ottawasun.com,English,0.0,gdelt_gkg
NOW,2019-02-21,CORRECTING and REPLACING Devtech Launches Marketplace Enablement to Help ISVs Accelerate Go - to - Market,http://www.oleantimesherald.com/business/correcting-and-replacing-devtech-launches-marketplace-enablement-to-help-isvs/article_25338ef8-cd72-54f1-b074-2c5eb069a92e.html,oleantimesherald.com,English,0.0,gdelt_gkg
NOW,2019-02-21,WINTON GROUP Ltd Trims Stake in ServiceNow Inc ( NOW ) ,https://www.wkrb13.com/2019/02/21/winton-group-ltd-trims-stake-in-servicenow-inc-now.html,wkrb13.com,English,0.0,gdelt_gkg
NOW,2019-02-21,Totango Announces 2019 Customer Success Summit Conference,https://www.prnewswire.com:443/news-releases/totango-announces-2019-customer-success-summit-conference-300799403.html,prnewswire.com,English,0.0,gdelt_gkg
NOW,2019-02-21,Devtech Launches Marketplace Enablement to Help ISVs Accelerate Go - to - Market,https://businesswireindia.com/news/fulldetails/devtech-launches-marketplace-enablement-help-isvs-accelerate-go-to-market/62043,businesswireindia.com,English,0.0,gdelt_gkg
NOW,2019-02-21,ESG Investing Helps This AllianzGI Fund Outperform | Investor Business Daily,https://www.investors.com/etfs-and-funds/mutual-funds/esg-investing-allianz-focused-growth/,investors.com,English,0.0,gdelt_gkg
NOW,2019-02-21,CORRECTING and REPLACING Devtech Launches Marketplace Enablement to Help ISVs Accelerate Go - to - Market,https://www.businesswire.com/news/home/20190221005046/en/CORRECTING-REPLACING-Devtech-Launches-Marketplace-Enablement-ISVs,businesswire.com,English,0.0,gdelt_gkg
NOW,2019-02-21,CORRECTING and REPLACING Devtech Launches Marketplace Enablement to Help ISVs Accelerate Go - to - Market,https://www.marketwatch.com/press-release/correcting-and-replacing-devtech-launches-marketplace-enablement-to-help-isvs-accelerate-go-to-market-2019-02-21,marketwatch.com,English,0.0,gdelt_gkg
NOW,2019-02-21,CORRECTING and REPLACING Devtech Launches Marketplace Enablement to Help ISVs Accelerate Go - to - Market,https://www.finanznachrichten.de/nachrichten-2019-02/46028378-correcting-and-replacing-devtech-launches-marketplace-enablement-to-help-isvs-accelerate-go-to-market-004.htm,finanznachrichten.de,English,0.0,gdelt_gkg
NOW,2019-02-21,Totango Announces 2019 Customer Success Summit Conference,https://www.marketwatch.com/press-release/totango-announces-2019-customer-success-summit-conference-2019-02-21,marketwatch.com,English,0.0,gdelt_gkg
NOW,2019-02-21,Devtech Launches Marketplace Enablement to Help ISVs Accelerate Go - to - Market,https://calgarysun.com/pmn/press-releases-pmn/business-wire-news-releases-pmn/devtech-launches-marketplace-enablement-to-help-isvs-accelerate-go-to-market/wcm/e52ffbcb-8c00-4bd7-83c7-e65490acbb29,calgarysun.com,English,0.0,gdelt_gkg
NOW,2019-02-22,South State Decreased Johnson & Johnson ( JNJ ) Holding ; First National Trust Co Has Increased Pfizer ( PFE ) Position,https://hinewulm.com/2019/02/22/south-state-decreased-johnson-first-national-trust-co-has-increased-pfizer-pfe-position/,hinewulm.com,English,0.0,gdelt_gkg
NOW,2019-02-22,Cambridge Investment Research Advisors Inc . Increases Holdings in ServiceNow Inc ( NOW ) ,https://www.wkrb13.com/2019/02/22/cambridge-investment-research-advisors-inc-increases-holdings-in-servicenow-inc-now.html,wkrb13.com,English,0.0,gdelt_gkg
NOW,2019-02-22,"Newswire & Press Release / ScienceLogic Receives Application Certification from ServiceNow - IT Services / Network Management - ScienceLogic , Inc . ",https://www.newswiretoday.com/news/169398/,newswiretoday.com,English,0.0,gdelt_gkg
NOW,2019-02-22,"Newswire & Press Release / ScienceLogic Receives Application Certification from ServiceNow - IT Services / Network Management - ScienceLogic , Inc . ",https://www.newswiretoday.com/news/169398/ScienceLogic-Receives-Application-Certification-from-ServiceNow/,newswiretoday.com,English,0.0,gdelt_gkg
NOW,2019-02-22,Salesforce : Earnings Vs . Reinvestment,https://seekingalpha.com/article/4243167-salesforce-earnings-vs-reinvestment,seekingalpha.com,English,0.0,gdelt_gkg
NOW,2019-02-22,Tcw Group INC Has Lowered Servicenow INC ( NOW ) Position by $15 . 64 Million ; Shares Declined,https://reurope.com/2019/02/21/tcw-group-inc-has-lowered-servicenow-inc-now-position-by-15-64-million-shares-declined/,reurope.com,English,0.0,gdelt_gkg
NOW,2019-02-22,Devtech Launches Marketplace Enablement to Help ISVs Accelerate Go - to - Market,https://www.itweb.co.za/content/wbrpOqgP12LvDLZn,itweb.co.za,English,0.0,gdelt_gkg
NOW,2019-02-22,Devtech Launches Marketplace Enablement to Help ISVs Accelerate Go - to - Market,http://www.itwebafrica.com/business-wire/245517-devtech-launches-marketplace-enablement-to-help-isvs-accelerate-go-to-market,itwebafrica.com,English,0.0,gdelt_gkg
NOW,2019-02-23,IT Service Management Tools Market forecast 2019 - 2025 published by leading research firm,https://www.whatech.com/market-research/it/568857-it-service-management-tools-market-2019-2025,whatech.com,English,0.0,gdelt_gkg
NOW,2019-02-23,Attractive Market Opportunities in Global Online Project Management Software Market Esitimate to Grow at a Significant Rate Throughout the Forecast Period,https://www.ssuchronicle.com/2019/02/23/attractive-market-opportunities-in-global-online-project-management-software-market-esitimate-to-grow-at-a-significant-rate-throughout-the-forecast-period/,ssuchronicle.com,English,0.0,gdelt_gkg
NOW,2019-02-23,Investors Sell ServiceNow ( NOW ) on Strength ( NOW ) ,https://theenterpriseleader.com/2019/02/22/investors-sell-servicenow-now-on-strength-now.html,theenterpriseleader.com,English,0.0,gdelt_gkg
NOW,2019-02-23,sitepandit . com Website Analysis and Social Media report impact : Sitepandit . com,https://www.coolsocial.net/sites/www/sitepandit.com.html,coolsocial.net,English,0.0,gdelt_gkg
NOW,2019-02-23,"As State Str ( STT ) Stock Declined , Benin Management Has Boosted Stake ; Servicenow ( NOW ) Holder Mirae Asset Global Investments Has Raised Its Position",https://dminute.com/2019/02/23/as-state-str-stt-stock-declined-benin-management-has-boosted-stake-servicenow-now-holder-mirae-asset-global-investments-has-raised-its-position/,dminute.com,English,0.0,gdelt_gkg
NOW,2019-02-23,"As Charles Riv Labs Intl ( CRL ) Market Valuation Rose , Jacobs Levy Equity Management Boosted Holding ; Coca Cola Co ( KO ) Stake Increased by Capital City Trust Company",https://dminute.com/2019/02/23/as-charles-riv-labs-intl-crl-market-valuation-rose-jacobs-levy-equity-management-boosted-holding-coca-cola-co-ko-stake-increased-by-capital-city-trust-company/,dminute.com,English,0.0,gdelt_gkg
NOW,2019-02-24,$767 . 16 Million in Sales Expected for ServiceNow Inc ( NOW ) This Quarter,https://www.wkrb13.com/2019/02/24/767-16-million-in-sales-expected-for-servicenow-inc-now-this-quarter.html,wkrb13.com,English,0.0,gdelt_gkg
NOW,2019-02-24,"As State Str ( STT ) Share Price Declined , Benin Management Upped Its Stake ; Palo Alto Networks ( PANW ) Shareholder White Elm Capital Has Upped Holding by $2 . 84 Million as Shares Declined",https://mcmonitor.com/2019/02/23/as-state-str-stt-share-price-declined-benin-management-upped-its-stake-palo-alto-networks-panw-shareholder-white-elm-capital-has-upped-holding-by-2-84-million-as-shares-declined/,mcmonitor.com,English,0.0,gdelt_gkg
NOW,2019-02-25,Worksoft Acquired by Marlin Equity Partners,https://menafn.com/1098166430/Worksoft-Acquired-by-Marlin-Equity-Partners,menafn.com,English,0.0,gdelt_gkg
NOW,2019-02-25,Worksoft Acquired by Marlin Equity Partners,http://globenewswire.com/news-release/2019/02/25/1741200/0/en/Worksoft-Acquired-by-Marlin-Equity-Partners.html,globenewswire.com,English,0.0,gdelt_gkg
NOW,2019-02-25,Worksoft Acquired by Marlin Equity Partners - Financial news Euroinvestor,https://www.euroinvestor.com/news/2019/02/25/worksoft-acquired-by-marlin-equity-partners/13978861,euroinvestor.com,English,0.0,gdelt_gkg
NOW,2019-02-25,GridGain Previews Agenda for In - Memory Computing Summit Europe 2019,https://globenewswire.com/news-release/2019/02/25/1741254/0/en/GridGain-Previews-Agenda-for-In-Memory-Computing-Summit-Europe-2019.html,globenewswire.com,English,0.0,gdelt_gkg
NOW,2019-02-25,"Macguire Cheswick & Tuttle Investment Counsel Increased Service Now ( NOW ) Holding by $482 , 625 ; Dupont Capital Management Trimmed Its Visa Class A Shares ( V ) Holding by $1 . 09 Million",https://endigest.com/2019/02/25/macguire-cheswick-dupont-capital-management-trimmed-its-visa-class-a-shares-v-holding-by-1-09-million/,endigest.com,English,0.0,gdelt_gkg
NOW,2019-02-25,Stopping your autonomous cloud get a head - cold with Dynatrace,https://diginomica.com/stopping-your-autonomous-cloud-get-a-head-cold/,diginomica.com,English,0.0,gdelt_gkg
NOW,2019-02-25,"Systems Integrator Enterprise Vision Technologies Acquires Cloud Services Provider Zefflin Systems , LLC",https://www.prweb.com/releases/systems_integrator_enterprise_vision_technologies_acquires_cloud_services_provider_zefflin_systems_llc/prweb16121985.htm,prweb.com,English,0.0,gdelt_gkg
NOW,2019-02-25,"Feb 25 , 2019 - Valley National Advisers Inc Buys Schwab U . S . Broad Market , Schwab U . S . Large - Cap , Invesco BulletShares 2019 Corporate Bond , Sells Invesco BulletShares 2018 Corporate Bond , AmeriGas Partners LP , Strategic Education Inc",https://www.gurufocus.com/news/822721/valley-national-advisers-inc-buys-schwab-us-broad-market-schwab-us-largecap-invesco-bulletshares-2019-corporate-bond-sells-invesco-bulletshares-2018-corporate-bond-amerigas-partners-lp-strategic-education-inc,gurufocus.com,English,0.0,gdelt_gkg
NOW,2019-02-25,"Piermont Capital Management Stake in Flagstar Bancorp ( FBC ) Boosted by $352 , 718 as Stock Value Declined ; As Amazon Com ( AMZN ) Shares Declined , Signature Estate & Investment Advisors Has Raised by $735 , 101 Its Stake",https://finreviewer.com/2019/02/25/piermont-capital-management-stake-in-flagstar-bancorp-fbc-boosted-by-352718-as-stock-value-declined-as-amazon-com-amzn-shares-declined-signature-estate-investment-advisors-has-raised-by-73/,finreviewer.com,English,0.0,gdelt_gkg
NOW,2019-02-25,MariaDB OpenWorks Conference Celebrates Unconventional Database Thinking,https://www.hostreview.com/news/190225-mariadb-openworks-conference-celebrates-unconventional-database-thinking,hostreview.com,English,0.0,gdelt_gkg
NOW,2019-02-26,Worksoft Acquired by Marlin Equity Partners,http://globenewswire.com/news-release/2019/02/26/1742061/0/en/Worksoft-Acquired-by-Marlin-Equity-Partners.html,globenewswire.com,English,0.0,gdelt_gkg
NOW,2019-02-26,"Worksoft , Inc .: Worksoft Acquired by Marlin Equity Partners",https://www.finanznachrichten.de/nachrichten-2019-02/46056484-worksoft-inc-worksoft-acquired-by-marlin-equity-partners-399.htm,finanznachrichten.de,English,0.0,gdelt_gkg
NOW,2019-02-26,Mindtree Recognized as Rising Star by ISG for Its Advanced IT Infrastructure Management Platform,https://www.equitybulls.com/admin/news2006/news_det.asp?id=246121,equitybulls.com,English,0.0,gdelt_gkg
NOW,2019-02-26,Worksoft Acquired by Marlin Equity Partners - Financial news Euroinvestor,https://www.euroinvestor.com/news/2019/02/26/worksoft-acquired-by-marlin-equity-partners/13979737,euroinvestor.com,English,0.0,gdelt_gkg
NOW,2019-02-26,Worksoft Acquired by Marlin Equity Partners,https://menafn.com/1098172989/Worksoft-Acquired-by-Marlin-Equity-Partners,menafn.com,English,0.0,gdelt_gkg
NOW,2019-02-26,Mindtree Recognized as Rising Star by ISG for its Advanced IT Infrastructure Management Platform,https://www.prnewswire.com:443/news-releases/mindtree-recognized-as-rising-star-by-isg-for-its-advanced-it-infrastructure-management-platform-809436709.html,prnewswire.com,English,0.0,gdelt_gkg
NOW,2019-02-26,Mindtree Recognized as Rising Star by ISG for its Advanced IT Infrastructure Management Platform,https://www.finanznachrichten.de/nachrichten-2019-02/46057813-mindtree-recognized-as-rising-star-by-isg-for-its-advanced-it-infrastructure-management-platform-008.htm,finanznachrichten.de,English,0.0,gdelt_gkg
NOW,2019-02-26,tarjomeh . com Tarjomeh . com ترجمه - Translation Services,https://www.coolsocial.net/sites/www/tarjomeh.com.html,coolsocial.net,English,0.0,gdelt_gkg
NOW,2019-02-26,Mindtree Recognized as Rising Star by ISG for its Advanced IT Infrastructure Management Platform,https://www.prnewswire.com/news-releases/mindtree-recognized-as-rising-star-by-isg-for-its-advanced-it-infrastructure-management-platform-809436709.html,prnewswire.com,English,0.0,gdelt_gkg
NOW,2019-02-26,Get In Front Of Over 200 CIOs & Their Direct Management Teams At The Louisville IT Symposium,https://www.prweb.com/releases/get_in_front_of_over_200_cios_their_direct_management_teams_at_the_louisville_it_symposium/prweb16124092.htm,prweb.com,English,0.0,gdelt_gkg
NOW,2019-02-26,"Worksoft Acquired by Marlin Equity Partners | Worksoft , Inc . | RNS Company Announcements | Equities",https://www2.trustnet.com/Investments/Article.aspx?id=20190226060100H8701,trustnet.com,English,0.0,gdelt_gkg
NOW,2019-02-26,ServiceNow ( NOW ) Hits New 1 - Year High on Analyst Upgrade,https://www.wkrb13.com/2019/02/26/servicenow-now-hits-new-1-year-high-on-analyst-upgrade.html,wkrb13.com,English,0.0,gdelt_gkg
NOW,2019-02-26,Mindtree Recognized as Rising Star by ISG for its Advanced IT Infrastructure Management Platform,https://www.marketwatch.com/press-release/mindtree-recognized-as-rising-star-by-isg-for-its-advanced-it-infrastructure-management-platform-2019-02-26,marketwatch.com,English,0.0,gdelt_gkg
NOW,2019-02-26,Mindtree Recognized as Rising Star by ISG for its Advanced IT Infrastructure Management Platform | 26 . 02 . 19,https://www.finanzen.at/nachrichten/aktien/mindtree-recognized-as-rising-star-by-isg-for-its-advanced-it-infrastructure-management-platform-1027983160,finanzen.at,English,0.0,gdelt_gkg
NOW,2019-02-26,LogicMonitor Expands Presence in ServiceNow Store with CMDB Integration,http://globenewswire.com/news-release/2019/02/26/1742803/0/en/LogicMonitor-Expands-Presence-in-ServiceNow-Store-with-CMDB-Integration.html,globenewswire.com,English,0.0,gdelt_gkg
NOW,2019-02-26,Robotic Process Automation Gains Momentum - InformationWeek,https://www.informationweek.com/strategic-cio/it-strategy/robotic-process-automation-gains-momentum/d/d-id/1333953,informationweek.com,English,0.0,gdelt_gkg
NOW,2019-02-26,Adobe : A Superstar In Its Galaxy,https://seekingalpha.com/article/4244054-adobe-superstar-galaxy,seekingalpha.com,English,0.0,gdelt_gkg
NOW,2019-02-26,MariaDB Welcomes Proven Cloud Database Leader Mark Porter as Board Advisor,https://www.prnewswire.com:443/news-releases/mariadb-welcomes-proven-cloud-database-leader-mark-porter-as-board-advisor-300801941.html,prnewswire.com,English,0.0,gdelt_gkg
NOW,2019-02-26,MariaDB Welcomes Proven Cloud Database Leader Mark Porter as Board Advisor,https://www.tmcnet.com/usubmit/2019/02/26/8908044.htm,tmcnet.com,English,0.0,gdelt_gkg
NOW,2019-02-26,Logicalis Named a Cisco IoT Authorization Partner,https://www.tmcnet.com/usubmit/2019/02/26/8908070.htm,tmcnet.com,English,0.0,gdelt_gkg
NOW,2019-02-26,MariaDB Announces New Enterprise Server,https://www.tmcnet.com/usubmit/2019/02/26/8908031.htm,tmcnet.com,English,0.0,gdelt_gkg
NOW,2019-02-26,MariaDB Announces New Enterprise Server,https://www.prnewswire.com:443/news-releases/mariadb-announces-new-enterprise-server-300801955.html,prnewswire.com,English,0.0,gdelt_gkg
NOW,2019-02-26,LogicMonitor Expands Presence in ServiceNow Store with CMDB Integration - Financial news Euroinvestor,https://www.euroinvestor.com/news/2019/02/26/logicmonitor-expands-presence-in-servicenow-store-with-cmdb-integration/13980494,euroinvestor.com,English,0.0,gdelt_gkg
NOW,2019-02-26,MariaDB readies new enterprise server,https://www.zdnet.com/article/mariadb-readies-new-enterprise-server/,zdnet.com,English,0.0,gdelt_gkg
NOW,2019-02-26,ServiceNow Inc ( NOW ) Shares Bought by Utah Retirement Systems,https://www.wkrb13.com/2019/02/26/servicenow-inc-now-shares-bought-by-utah-retirement-systems.html,wkrb13.com,English,0.0,gdelt_gkg
NOW,2019-02-26,Enterprise IT Service Management Market Is Heating Up,https://www.crn.com/news/running-your-business/enterprise-it-service-management-market-is-heating-up,crn.com,English,0.0,gdelt_gkg
NOW,2019-02-26,ServiceNow ( NOW ) Price Target Increased to $275 . 00 by Analysts at Goldman Sachs Group,https://www.dailypolitical.com/2019/02/26/servicenow-now-price-target-increased-to-275-00-by-analysts-at-goldman-sachs-group.html,dailypolitical.com,English,0.0,gdelt_gkg
NOW,2019-02-26,Automate Or Die : Why IT Services Automation Is Critical For Channel Success,https://www.crn.com/news/running-your-business/automate-or-die-why-it-services-automation-is-critical-for-channel-success,crn.com,English,0.0,gdelt_gkg
NOW,2019-02-27,Mindtree wird von ISG für seine IT - Infrastrukturmanagement - Plattform als  Aufsteiger  gefeiert,https://www.prnewswire.com:443/news-releases/mindtree-wird-von-isg-fur-seine-it-infrastrukturmanagement-plattform-als-aufsteiger-gefeiert-853258200.html,prnewswire.com,German,0.0,gdelt_gkg
NOW,2019-02-27,MariaDB Announces New Enterprise Server,https://www.hostreview.com/news/190227-mariadb-announces-new-enterprise-server,hostreview.com,English,0.0,gdelt_gkg
NOW,2019-02-27,"1 , 469 Shares in ServiceNow Inc ( NOW ) Acquired by BB & T Securities LLC",https://www.wkrb13.com/2019/02/27/1469-shares-in-servicenow-inc-now-acquired-by-bbt-securities-llc.html,wkrb13.com,English,0.0,gdelt_gkg
NOW,2019-02-27,MariaDB CEO Michael Howard :  Open source has arrived  | IT Leadership,https://www.computerworlduk.com/it-leadership/mariadb-ceo-open-source-has-arrived-3692910/,computerworlduk.com,English,0.0,gdelt_gkg
NOW,2019-02-27,"Une nouvelle version de MariaDB Enterprise Server annoncée , avec des fonctionnalités supplémentaires et une sécurité et une fiabilité renforcées",https://www.developpez.com/actu/248802/Une-nouvelle-version-de-MariaDB-Enterprise-Server-annoncee-avec-des-fonctionnalites-supplementaires-et-une-securite-et-une-fiabilite-renforcees/,developpez.com,French,0.0,gdelt_gkg
NOW,2019-02-27,Scout RFP Launches Dynamic Negotiation Analytics to Enable Dynamic Supplier Negotiation,https://www.tmcnet.com/usubmit/2019/02/27/8908958.htm,tmcnet.com,English,0.0,gdelt_gkg
NOW,2019-02-27,Bell Techlogix among Elite 150 Managed Services Providers,https://www.prnewswire.com/news-releases/bell-techlogix-among-elite-150-managed-services-providers-300803231.html,prnewswire.com,English,0.0,gdelt_gkg
NOW,2019-02-27,Bell Techlogix among Elite 150 Managed Services Providers,https://finance.yahoo.com/news/bell-techlogix-among-elite-150-134300388.html,finance.yahoo.com,English,0.0,gdelt_gkg
NOW,2019-02-27,GridGain Previews Agenda For In - Memory Computing Summit Europe 2019,https://www.bobsguide.com/guide/news/2019/Feb/26/gridgain-previews-agenda-for-in-memory-computing-summit-europe-2019/,bobsguide.com,English,0.0,gdelt_gkg
NOW,2019-02-27,Scout RFP Launches Dynamic Negotiation Analytics to Enable Dynamic Supplier Negotiation – New Products and Services – DC Velocity,https://www.dcvelocity.com/products/Supply_Chain_Management/20190227-scout-rfp-launches-dynamic-negotiation-analytics-to-enable-dynamic-supplier-negotiation/,dcvelocity.com,English,0.0,gdelt_gkg
NOW,2019-02-27,Bell Techlogix among Elite 150 Managed Services Providers,https://www.marketwatch.com/press-release/bell-techlogix-among-elite-150-managed-services-providers-2019-02-27,marketwatch.com,English,0.0,gdelt_gkg
NOW,2019-02-27,"ValueSelling Associates , its Clients , and Providers win 19 Stevie® Awards for Sales Excellence",http://globenewswire.com/news-release/2019/02/27/1743528/0/en/ValueSelling-Associates-its-Clients-and-Providers-win-19-Stevie-Awards-for-Sales-Excellence.html,globenewswire.com,English,0.0,gdelt_gkg
NOW,2019-02-27,"Symantec Boosts Tech Integrations With Data Exchange , Startup Help",https://www.crn.com/news/security/symantec-boosts-tech-integrations-with-data-exchange-startup-help,crn.com,English,0.0,gdelt_gkg
NOW,2019-02-27,"ValueSelling Associates , its Clients , and Providers win 19 Stevie® Awards for Sales Excellence",https://www.euroinvestor.com/news/2019/02/27/valueselling-associates-its-clients-and-providers-win-19-stevie-awards-for-sales-excellence/13981267,euroinvestor.com,English,0.0,gdelt_gkg
NOW,2019-02-27,Symantec Leads Unprecedented Industry Collaboration to Drive Down Cost and Complexity of Cyber Security,https://www.marketwatch.com/press-release/symantec-leads-unprecedented-industry-collaboration-to-drive-down-cost-and-complexity-of-cyber-security-2019-02-27,marketwatch.com,English,0.0,gdelt_gkg
NOW,2019-02-27,"MarketsandMarkets estimates the global rapid application development market to grow from USD 7 . 8 billion in 2018 to USD 46 . 2 billion by 2023 , at a Compound Annual Growth Rate ( CAGR ) of 42 . 9 % ",https://www.tmcnet.com/usubmit/2019/02/27/8909307.htm,tmcnet.com,English,0.0,gdelt_gkg
NOW,2019-02-27,Symantec Leads Unprecedented Industry Collaboration to Drive Down Cost and Complexity of Cyber Security,https://www.finanzen.net/nachricht/aktien/symantec-leads-unprecedented-industry-collaboration-to-drive-down-cost-and-complexity-of-cyber-security-7195803,finanzen.net,English,0.0,gdelt_gkg
NOW,2019-02-27,Symantec Leads Unprecedented Industry Collaboration to Drive Down Cost and Complexity of Cyber Security,https://www.tmcnet.com/usubmit/2019/02/27/8909171.htm,tmcnet.com,English,0.0,gdelt_gkg
NOW,2019-02-27,Symantec expands ICD platform capabilities and TIPP strategic integration program,http://www.channelbuzz.ca/2019/02/symantec-expands-icd-platform-capabilities-and-tipp-strategic-integration-program-29505/,channelbuzz.ca,English,0.0,gdelt_gkg
NOW,2019-02-27,Symantec Leads Unprecedented Industry Collaboration to Drive Down Cost and Complexity of Cyber Security,https://www.businesswire.com/news/home/20190227005565/en/Symantec-Leads-Unprecedented-Industry-Collaboration-Drive-Cost,businesswire.com,English,0.0,gdelt_gkg
NOW,2019-02-27,ServiceNow Chief Innovation Officer Wright On Enterprise IT Automation :  You Cant Just Fix A Problem By Throwing More People At It  ,https://www.crn.com/slide-shows/running-your-business/servicenow-chief-innovation-officer-wright-on-enterprise-it-automation-you-can-t-just-fix-a-problem-by-throwing-more-people-at-it-,crn.com,English,0.0,gdelt_gkg
NOW,2019-02-27,Intelligent Apps market ongoing trends and recent developments available in new report,https://www.whatech.com/market-research/it/570169-intelligent-apps-market-ongoing-trends-and-recent-developments,whatech.com,English,0.0,gdelt_gkg
NOW,2019-02-27,"MarketsandMarkets estimates the global rapid application development market to grow from USD 7 . 8 billion in 2018 to USD 46 . 2 billion by 2023 , at a Compound Annual Growth Rate ( CAGR ) of 42 . 9 % ",https://www.prnewswire.com:443/news-releases/marketsandmarkets-estimates-the-global-rapid-application-development-market-to-grow-from-usd-7-8-billion-in-2018-to-usd-46-2-billion-by-2023--at-a-compound-annual-growth-rate-cagr-of-42-9-300803234.html,prnewswire.com,English,0.0,gdelt_gkg
NOW,2019-02-27,IDC Hosts Middle East Most Prominent Tech Decision Makers at CIO Summit in Dubai,https://www.idc.com/getdoc.jsp?containerId=prCEMA44890519,idc.com,English,0.0,gdelt_gkg
NOW,2019-02-27,"MarketsandMarkets estimates the global rapid application development market to grow from USD 7 . 8 billion in 2018 to USD 46 . 2 billion by 2023 , at a Compound Annual Growth Rate ( CAGR ) of 42 . 9 % ",https://www.marketwatch.com/press-release/marketsandmarkets-estimates-the-global-rapid-application-development-market-to-grow-from-usd-78-billion-in-2018-to-usd-462-billion-by-2023-at-a-compound-annual-growth-rate-cagr-of-429-2019-02-27,marketwatch.com,English,0.0,gdelt_gkg
NOW,2019-02-28,"Exxon Mobil ( XOM ) Shareholder Union Bankshares Has Raised Position by $947 , 155 ; As Borgwarner ( BWA ) Share Price Declined , Holder Commerce Bank Has Cut Its Stake by $2 . 06 Million",https://endigest.com/2019/02/28/exxon-mobil-xom-shareholder-union-bankshares-has-raised-position-by-947155-as-borgwarner-bwa-share-price-declined-holder-commerce-bank-has-cut-its-stake-by-2-06-million/,endigest.com,English,0.0,gdelt_gkg
NOW,2019-02-28,What is MariaDB Platform X3 ? | Data | Computerworld united kingdom ,https://www.computerworlduk.com/data/what-is-mariadb-platform-x3-who-are-its-customers-3692992/,computerworlduk.com,English,0.0,gdelt_gkg
NOW,2019-02-28,The Future Of Workflow,https://www.forbes.com/sites/servicenow/2019/02/27/the-future-of-workflow/,forbes.com,English,0.0,gdelt_gkg
NOW,2019-02-28,Symantec Leads Unprecedented Industry Collaboration,http://www.scoop.co.nz/stories/BU1902/S00807/symantec-leads-unprecedented-industry-collaboration.htm,scoop.co.nz,English,0.0,gdelt_gkg
NOW,2019-02-28,Traders Sell ServiceNow ( NOW ) on Strength Following Insider Selling,https://www.wkrb13.com/2019/02/28/traders-sell-servicenow-now-on-strength-following-insider-selling.html,wkrb13.com,English,0.0,gdelt_gkg
NOW,2019-02-28,auckland . scoop . co . nz » Symantec Leads Unprecedented Industry Collaboration,http://auckland.scoop.co.nz/2019/02/symantec-leads-unprecedented-industry-collaboration/,auckland.scoop.co.nz,English,0.0,gdelt_gkg
NOW,2019-02-28,"PagerDuty for Security Operations Unifies Development , Operations , and Security Teams",https://www.tmcnet.com/usubmit/2019/02/28/8909543.htm,tmcnet.com,English,0.0,gdelt_gkg
NOW,2019-02-28,Microsoft Bolsters Cloud Security With More AI Threat Detection,https://www.pcmag.com/news/366843/microsoft-bolsters-cloud-security-with-more-ai-threat-detect,pcmag.com,English,0.0,gdelt_gkg
NOW,2019-02-28,Community Scoop » Symantec Leads Unprecedented Industry Collaboration,http://community.scoop.co.nz/2019/02/symantec-leads-unprecedented-industry-collaboration/,community.scoop.co.nz,English,0.0,gdelt_gkg
NOW,2019-02-28,"Coatue Hedge Fund Sees Next FAANG Winners Coming From AI , Cloud",https://finance.yahoo.com/news/coatue-hedge-fund-sees-next-203458004.html,finance.yahoo.com,English,0.0,gdelt_gkg
NOW,2019-02-28,iTWire - Industry collaboration driving down cyber security costs : Symantec,https://www.itwire.com/security/86203-industry-collaboration-driving-down-cyber-security-costs-symantec.html,itwire.com,English,0.0,gdelt_gkg
NOW,2019-02-28,Business Scoop » Symantec Leads Unprecedented Industry Collaboration,http://business.scoop.co.nz/2019/02/28/symantec-leads-unprecedented-industry-collaboration/,business.scoop.co.nz,English,0.0,gdelt_gkg
NOW,2019-02-28,"PagerDuty for Security Operations Unifies Development , Operations , and Security Teams",https://www.prnewswire.com/news-releases/pagerduty-for-security-operations-unifies-development-operations-and-security-teams-300803873.html,prnewswire.com,English,0.0,gdelt_gkg
NOW,2019-02-28,Symantec adds  Innovation Playground  programme to  Technology Integration Partner Program  ,https://www.telecompaper.com/news/symantec-adds-innovation-playground-programme-to-technology-integration-partner-program--1282766,telecompaper.com,English,0.0,gdelt_gkg
NOW,2019-02-28,"Symantec Announces Updates to Platform , Partners ... ",http://www.darkreading.com/vulnerabilities---threats/symantec-announces-updates-to-platform-partners-with-amazon-box-splunk-and-others/d/d-id/1334000,darkreading.com,English,0.0,gdelt_gkg
NOW,2019-02-28,"PagerDuty for Security Operations Unifies Development , Operations , and Security Teams",https://www.prnewswire.com:443/news-releases/pagerduty-for-security-operations-unifies-development-operations-and-security-teams-300803873.html,prnewswire.com,English,0.0,gdelt_gkg
NOW,2019-02-28,New Signature to Present Innovative Security Solutions at RSA 2019 in San Francisco,https://www.prweb.com/releases/new_signature_to_present_innovative_security_solutions_at_rsa_2019_in_san_francisco/prweb16130829.htm,prweb.com,English,0.0,gdelt_gkg
NOW,2019-02-28,Graduate students explore the ethics of artificial intelligence,https://www.princeton.edu/news/2019/02/28/graduate-students-explore-ethics-artificial-intelligence,princeton.edu,English,0.0,gdelt_gkg
NOW,2019-02-28,"Timothy Nelson , Veteran ServiceNow Sales Leader , joins FreeAgent CRM as Chief Revenue Officer",https://www.ssuchronicle.com/2019/02/28/timothy-nelson-veteran-servicenow-sales-leader-joins-freeagent-crm-as-chief-revenue-officer/,ssuchronicle.com,English,0.0,gdelt_gkg
NOW,2019-02-28,New Signature to Present Innovative Security Solutions at RSA 2019 in San Francisco,https://www.ssuchronicle.com/2019/02/28/new-signature-to-present-innovative-security-solutions-at-rsa-2019-in-san-francisco/,ssuchronicle.com,English,0.0,gdelt_gkg
NOW,2019-02-28,Microsoft bolsters cloud security with more AI threat detection,https://mashable.com/article/microsoft-bolster-cloud-security-ai-detection/,mashable.com,English,0.0,gdelt_gkg
NOW,2019-02-28,Sunbird dcTrack DCIM Operations Streamlines Data Integration and Collaboration,https://www.prweb.com/releases/sunbirds_dctrack_dcim_operations_streamlines_data_integration_and_collaboration/prweb16130114.htm,prweb.com,English,0.0,gdelt_gkg
NOW,2019-02-28,Microsoft new cloud security tools aim to reduce alert fatigue,https://www.zdnet.com/article/microsofts-new-cloud-security-tools-aim-to-reduce-alert-fatigue/,zdnet.com,English,0.0,gdelt_gkg
NOW,2019-02-28,Microsoft Azure Sentinel SIEM Tool Uses Machine Learning to Fight Malware,"https://www.tomshardware.com/news/microsoft-azure-sentinel-threat-experts-cybersecurity-cloud,38714.html",tomshardware.com,English,0.0,gdelt_gkg
NOW,2019-02-28,"Timothy Nelson , Veteran ServiceNow Sales Leader , joins FreeAgent CRM as Chief Revenue Officer",https://www.prweb.com/releases/timothy_nelson_veteran_servicenow_sales_leader_joins_freeagent_crm_as_chief_revenue_officer/prweb16134027.htm,prweb.com,English,0.0,gdelt_gkg
NOW,2019-02-28,Symantec adds Innovation Playground programme for partners,https://www.telecompaper.com/news/symantec-adds-innovation-playground-programme-for-partners--1282766,telecompaper.com,English,0.0,gdelt_gkg
NOW,2019-02-28,Sunbird dcTrack DCIM Operations Streamlines Data Integration and Collaboration,https://www.ssuchronicle.com/2019/02/28/sunbirds-dctrack-dcim-operations-streamlines-data-integration-and-collaboration/,ssuchronicle.com,English,0.0,gdelt_gkg
NOW,2019-02-28,"In the cloud , things arent always what they SIEM : Microsoft rolls out AI - driven Azure Sentinel",https://www.theregister.co.uk/2019/02/28/microsoft_azure_sentinel_wheeled_out/,theregister.co.uk,English,0.0,gdelt_gkg
NOW,2019-02-28,Facebook enterprise tool Workplace grows to 2 million paid users,https://www.zdnet.com/article/facebooks-enterprise-tool-workplace-grows-to-2-million-paid-users/,zdnet.com,English,0.0,gdelt_gkg
NOW,2019-02-28,Microsoft unveils new cloud - based enterprise security tools,https://www.zdnet.com/article/microsoft-unveils-new-cloud-based-enterprise-security-tools/,zdnet.com,English,0.0,gdelt_gkg
NOW,2019-02-28,"MariaDB CEO talks open source , Oracle and Amazon lock - in and IPO plans",https://www.computerworld.co.nz/article/658327/mariadb-ceo-talks-open-source-oracle-amazon-lock-in-ipo-plans/,computerworld.co.nz,English,0.0,gdelt_gkg
NOW,2019-02-28,"MariaDB CEO talks open source , Oracle and Amazon lock - in and IPO plans",https://www.computerworld.com.au/article/658327/mariadb-ceo-talks-open-source-oracle-amazon-lock-in-ipo-plans/,computerworld.com.au,English,0.0,gdelt_gkg
NOW,2019-02-28,Cramer : Im kicking myself for not recommending these stocks,https://www.cnbc.com/2019/02/28/cramer-im-kicking-myself-for-not-recommending-these-stocks.html,cnbc.com,English,0.0,gdelt_gkg
NOW,2019-02-28,"PagerDuty for Security Operations Unifies Development , Operations , and Security Teams - Media Releases - CSO",https://www.cso.com.au/mediareleases/33886/pagerduty-for-security-operations-unifies/,cso.com.au,English,0.0,gdelt_gkg
NOW,2019-03-01,Workday ( WDAY ) Q4 2019 Earnings Conference Call Transcript -- The Motley Fool,https://www.fool.com/earnings/call-transcripts/2019/02/28/workday-wday-q4-2019-earnings-conference-call-tran.aspx?source=iedfolrf0000001,fool.com,English,0.0,gdelt_gkg
NOW,2019-03-01,"Helpdesk Automation Market 2019 Size , Sales Revenue , Comprehensive Research Study Focus on Opportunities , Demand , Growth , Application and Forecast to 2023",https://www.openpr.com/news/1626122/Helpdesk-Automation-Market-2019-Size-Sales-Revenue-Comprehensive-Research-Study-Focus-on-Opportunities-Demand-Growth-Application-and-Forecast-to-2023.html,openpr.com,English,0.0,gdelt_gkg
NOW,2019-03-01,IT News Online - RealWire - MicroStrategy Names Logicalis EU Partner of the Year,http://www.itnewsonline.com/realwire/MicroStrategy-Names-Logicalis-EU-Partner-of-the-Year/22679,itnewsonline.com,English,0.0,gdelt_gkg
NOW,2019-03-01,"Global IT Business Management Market to Vast Growth by 2026 : ServiceNow , Axios Systems , Deloitte , VMware , JDS , Apptio , Datto , KPMG , Contender Solutions , Projility , Arithmo",https://www.ssuchronicle.com/2019/03/01/global-it-business-management-market-to-vast-growth-by-2026servicenow-axios-systems-deloitte-vmware-jds-apptio-datto-kpmg-contender-solutions-projility-arithmo/,ssuchronicle.com,English,0.0,gdelt_gkg
NOW,2019-03-01,Public Cloud Application Infrastructure Services Market|Oracle|ServiceNow|Salesforce,http://www.sbwire.com/press-releases/public-cloud-application-infrastructure-services-market-to-witness-huge-growth-by-2025-key-players-oracle-servicenow-salesforce-vmware-1159947.htm,sbwire.com,English,0.0,gdelt_gkg
NOW,2019-03-01,"Facebook Workplace Draws 2M Customers , Scores With Large Cos . ",https://www.mediapost.com/publications/article/332604/facebooks-workplace-draws-2m-customers-scores-wi.html,mediapost.com,English,0.0,gdelt_gkg
NOW,2019-03-01,MicroStrategy Names Logicalis EU Partner of the Year,https://www.realwire.com/releases/MicroStrategy-Names-Logicalis-EU-Partner-of-the-Year,realwire.com,English,0.0,gdelt_gkg
NOW,2019-03-01,Workday ( WDAY ) Q4 2019 Earnings Conference Call Transcript,https://news.yahoo.com/workday-wday-q4-2019-earnings-031046229.html,news.yahoo.com,English,0.0,gdelt_gkg
NOW,2019-03-01,Microsoft unveils Azure managed hacker - hunter service to combat targeted attacks,https://www.cso.com.au/article/658353/microsoft-unveils-azure-managed-hacker-hunter-service-combat-targeted-attacks/,cso.com.au,English,0.0,gdelt_gkg
NOW,2019-03-01,Taking a lead,http://www.newelectronics.co.uk/electronics-technology/taking-a-lead-with-future-networks-lab/211518/,newelectronics.co.uk,English,0.0,gdelt_gkg
NOW,2019-03-01,Symantec Joins hands with 120 tech companies to promote Open Ecosystem,https://www.moneycontrol.com/news/business/symantec-joins-hands-with-120-tech-companies-to-promote-open-ecosystem-3600101.html,moneycontrol.com,English,0.0,gdelt_gkg
NOW,2019-03-01,"MariaDB CEO talks open source , Oracle and Amazon lock - in and IPO plans",https://www.techworld.com.au/article/658327/mariadb-ceo-talks-open-source-oracle-amazon-lock-in-ipo-plans/,techworld.com.au,English,0.0,gdelt_gkg
NOW,2019-03-01,Cramer : Im kicking myself for not recommending these stocks,http://www.msn.com/en-us/money/markets/cramer-im-kicking-myself-for-not-recommending-these-stocks/ar-BBUdOjw,msn.com,English,0.0,gdelt_gkg
NOW,2019-03-01,MicroStrategy Names Logicalis EU Partner of the Year | Virtual - Strategy Magazine,http://virtual-strategy.com/2019/03/01/microstrategy-names-logicalis-eu-partner-of-the-year/,virtual-strategy.com,English,0.0,gdelt_gkg
NOW,2019-03-01,Cramer : Im kicking myself for not recommending these stocks,http://www.msn.com/en-us/money/savingandinvesting/cramer-im-kicking-myself-for-not-recommending-these-stocks/ar-BBUdOjw,msn.com,English,0.0,gdelt_gkg
NOW,2019-03-01,Microsoft unveils cloud - based AI cybersecurity tools,https://www.healthcareitnews.com/news/microsoft-unveils-cloud-based-ai-cybersecurity-tools,healthcareitnews.com,English,0.0,gdelt_gkg
NOW,2019-03-01,MicroStrategy Names Logicalis EU Partner of the Year – IT Business Net,http://enterpriseapps.itbusinessnet.com/2019/03/microstrategy-names-logicalis-eu-partner-of-the-year/,enterpriseapps.itbusinessnet.com,English,0.0,gdelt_gkg
NOW,2019-03-01,Wells Fargo Believes Splunk Inc ( NASDAQ : SPLK ) Still Has Room to Grow,https://www.markets.co/wells-fargo-believes-splunk-inc-nasdaq-splk-still-has-room-to-grow/201019/,markets.co,English,0.0,gdelt_gkg
NOW,2019-03-01,"Microsoft présente Azure Sentinel et Threat Experts pour aider les professionnels de la sécurité , à réagir plus rapidement lors de cyberattaques",https://www.developpez.com/actu/249182/Microsoft-presente-Azure-Sentinel-et-Threat-Experts-pour-aider-les-professionnels-de-la-securite-a-reagir-plus-rapidement-lors-de-cyberattaques/,developpez.com,French,0.0,gdelt_gkg
NOW,2019-03-01,CyberX to Present on OT Cybersecurity and IT / OT Convergence at AGC 15th Annual Information Security Conference,https://menafn.com/1098193451/CyberX-to-Present-on-OT-Cybersecurity-and-ITOT-Convergence-at-AGCs-15th-Annual-Information-Security-Conference,menafn.com,English,0.0,gdelt_gkg
NOW,2019-03-01,"Most consumer staple companies in the United States have  legacy moats , but no growth",https://www.valuewalk.com/2019/03/lrt-febuary-commentary-best-companies/,valuewalk.com,English,0.0,gdelt_gkg
NOW,2019-03-01,CyberX to Present on OT Cybersecurity and IT / OT Convergence at AGC 15th Annual Information Security Conference,http://globenewswire.com/news-release/2019/03/01/1745484/0/en/CyberX-to-Present-on-OT-Cybersecurity-and-IT-OT-Convergence-at-AGC-s-15th-Annual-Information-Security-Conference.html,globenewswire.com,English,0.0,gdelt_gkg
NOW,2019-03-01,MicroStrategy Names Logicalis EU Partner of the Year – IT Business Net,http://hardware.itbusinessnet.com/2019/03/microstrategy-names-logicalis-eu-partner-of-the-year/,hardware.itbusinessnet.com,English,0.0,gdelt_gkg
NOW,2019-03-01,  Financials first  conversations rising as Workday aspires to $10 billion run rate,https://diginomica.com/workday-aspires-to-10-billion-run-rate-with-financials-first-conversations-rising/,diginomica.com,English,0.0,gdelt_gkg
NOW,2019-03-01,CyberX to Present on OT Cybersecurity and IT / OT Convergence at AGC 15th Annual Information Security Conference,https://www.euroinvestor.com/news/2019/03/01/cyberx-to-present-on-ot-cybersecurity-and-it-ot-convergence-at-agcs-15th-annual-information-security-conference/13983511,euroinvestor.com,English,0.0,gdelt_gkg
NOW,2019-03-01,MicroStrategy Names Logicalis EU Partner of the Year – IT Business Net,http://business.itbusinessnet.com/2019/03/microstrategy-names-logicalis-eu-partner-of-the-year/,business.itbusinessnet.com,English,0.0,gdelt_gkg
NOW,2019-03-01,Heuschnupfen durch Frühblüher :  Diese Pollenallergie wird in den nächsten Wochen zuschlagen,https://www.soester-anzeiger.de/leben/gesundheit/heuschnupfen-durch-fruehblueher-diese-pollenallergien-werden-in-naechsten-wochen-zuschlagen-zr-11811309.html,soester-anzeiger.de,German,0.0,gdelt_gkg
NOW,2019-03-01,MicroStrategy Names Logicalis EU Partner of the Year – IT Business Net,http://softwaredev.itbusinessnet.com/2019/03/microstrategy-names-logicalis-eu-partner-of-the-year/,softwaredev.itbusinessnet.com,English,0.0,gdelt_gkg
NOW,2019-03-01,MicroStrategy Names Logicalis EU Partner of the Year – IT Business Net,http://security.itbusinessnet.com/2019/03/microstrategy-names-logicalis-eu-partner-of-the-year/,security.itbusinessnet.com,English,0.0,gdelt_gkg
NOW,2019-03-01,MicroStrategy Names Logicalis EU Partner of the Year – IT Business Net,http://cloud.itbusinessnet.com/2019/03/microstrategy-names-logicalis-eu-partner-of-the-year/,cloud.itbusinessnet.com,English,0.0,gdelt_gkg
NOW,2019-03-01,Rapid Application Development Market size is expected to grow $46 . 2 billion by 2023 at a CAGR of 42 . 9 % ,https://menafn.com/1098192710/Rapid-Application-Development-Market-size-is-expected-to-grow-462-billion-by-2023-at-a-CAGR-of-429,menafn.com,English,0.0,gdelt_gkg
NOW,2019-03-01,"Introducing Microsoft Azure Sentinel , intelligent security analytics for your entire enterprise",https://azure.microsoft.com/en-us/blog/introducing-microsoft-azure-sentinel-intelligent-security-analytics-for-your-entire-enterprise/,azure.microsoft.com,English,0.0,gdelt_gkg
NOW,2019-05-14,Jim Cramer : Tuesday We Embraced Logic and Proportion,https://realmoney.thestreet.com/investing/stocks/jim-cramer-tuesday-we-embraced-logic-and-proportion-14960154,realmoney.thestreet.com,English,0.0,gdelt_gkg
NOW,2019-05-14,ServiceNow to Acquire Appsee In - App Mobile Analytics Platform and R & D Talent,https://finance.yahoo.com/news/servicenow-acquire-appsee-app-mobile-121000997.html,finance.yahoo.com,English,0.0,gdelt_gkg
NOW,2019-05-14,Bbva Compass Bancshares Inc . Acquires 213 Shares of ServiceNow Inc ( NOW ) ,https://www.dailypolitical.com/2019/05/14/bbva-compass-bancshares-inc-acquires-213-shares-of-servicenow-inc-now.html,dailypolitical.com,English,0.0,gdelt_gkg
NOW,2019-05-14,ServiceNow to Buy Assets of Mobile Analytics Startup Appsee,"https://www.calcalistech.com/ctech/articles/0,7340,L-3762079,00.html",calcalistech.com,English,0.0,gdelt_gkg
NOW,2019-05-14,Data center capex for U . S . hyperscalers drops year over year - report,https://www.fiercetelecom.com/telecom/report-data-center-capex-for-u-s-hyperscalers-drops-year-over-year,fiercetelecom.com,English,0.0,gdelt_gkg
NOW,2019-05-14,VA EIS Telecom Transition Starts With New Accounting Platform,https://www.nextgov.com/it-modernization/2019/05/vas-eis-telecom-transition-starts-new-accounting-platform/156997/,nextgov.com,English,0.0,gdelt_gkg
NOW,2019-05-14,"IT Service Management ( ITSM ) Global Market 2019 By Top Key Players , Technology , Production Capacity , Ex - Factory Price , Revenue And Market Share",https://menafn.com/1098522538/IT-Service-Management-ITSM-Global-Market-2019-By-Top-Key-Players-Technology-Production-Capacity-ExFactory-Price-Revenue-And-Market-Share,menafn.com,English,0.0,gdelt_gkg
NOW,2019-05-14,"Tuesday saw a  genuine rally , and that is a bullish sign , Cramer says",https://www.cnbc.com/2019/05/14/tuesday-saw-a-genuine-rally-and-that-is-a-bullish-sign-cramer-says.html,cnbc.com,English,0.0,gdelt_gkg
NOW,2019-05-14,"Enterprise tech gets more consumer - friendly , speeding the transformation of work",https://siliconangle.com/2019/05/13/enterprise-tech-gets-consumer-friendly-speeding-transformation-work/,siliconangle.com,English,0.0,gdelt_gkg
NOW,2019-05-14,Fusion Connect Might Dodge Bankruptcy with Lender Lifeline,https://www.channelpartnersonline.com/2019/05/13/fusion-connect-might-dodge-bankruptcy-with-lender-lifeline/,channelpartnersonline.com,English,0.0,gdelt_gkg
NOW,2019-05-15,Extreme grows networked IoT security protection,https://www.techworld.com.au/article/661661/extreme-grows-networked-iot-security-protection/,techworld.com.au,English,0.0,gdelt_gkg
NOW,2019-05-15,Riverbed pumps up SaaS applications with new Accelerator,https://www.fiercetelecom.com/telecom/riverbed-pumps-up-saas-applications-new-accelerator,fiercetelecom.com,English,0.0,gdelt_gkg
NOW,2019-05-15,Extreme addresses networked - IoT security,https://www.itworld.com/article/3395539/extreme-addresses-networked-iot-security.html,itworld.com,English,0.0,gdelt_gkg
NOW,2019-05-15,HL equity fund divulges entire debut portfolio,https://portfolio-adviser.com/hl-equity-fund-divulges-entire-debut-portfolio/,portfolio-adviser.com,English,0.0,gdelt_gkg
NOW,2019-05-15,Adobe Ramps Up Competition In Customer Experience Management,https://www.forbes.com/sites/robertdefrancesco/2019/05/15/adobe-ramps-up-competition-in-customer-experience-management/,forbes.com,English,0.0,gdelt_gkg
NOW,2019-05-15,CAI Expands Delaware Capabilities with New Office Location,http://hardware.itbusinessnet.com/2019/05/cai-expands-delaware-capabilities-with-new-office-location/,hardware.itbusinessnet.com,English,0.0,gdelt_gkg
NOW,2019-05-15,Glynn Capital Management LLC Trims Position in ServiceNow Inc ( NOW ) ,https://www.dailypolitical.com/2019/05/15/glynn-capital-management-llc-trims-position-in-servicenow-inc-now.html,dailypolitical.com,English,0.0,gdelt_gkg
NOW,2019-05-15,CAI Expands Delaware Capabilities with New Office Location,http://security.itbusinessnet.com/2019/05/cai-expands-delaware-capabilities-with-new-office-location/,security.itbusinessnet.com,English,0.0,gdelt_gkg
NOW,2019-05-15,CAI Expands Delaware Capabilities with New Office Location,http://business.itbusinessnet.com/2019/05/cai-expands-delaware-capabilities-with-new-office-location/,business.itbusinessnet.com,English,0.0,gdelt_gkg
NOW,2019-05-15,CAI Expands Delaware Capabilities with New Office Location,http://softwaredev.itbusinessnet.com/2019/05/cai-expands-delaware-capabilities-with-new-office-location/,softwaredev.itbusinessnet.com,English,0.0,gdelt_gkg
NOW,2019-05-15,CAI Expands Delaware Capabilities with New Office Location,https://finance.yahoo.com/news/cai-expands-delaware-capabilities-office-140000406.html,finance.yahoo.com,English,0.0,gdelt_gkg
NOW,2019-05-15,HL Select Global Growth Shares reveals first investments,https://www.investmentweek.co.uk/investment-week/news/3075860/hl-select-global-growth-shares-reveals-first-investments,investmentweek.co.uk,English,0.0,gdelt_gkg
NOW,2019-05-15,"Sarah de Crescenzo | News , Articles and Opinions",https://xconomy.com/author/sdecrescenzo/,xconomy.com,English,0.0,gdelt_gkg
NOW,2019-05-15,Explore IT Management as a Service Industry forecast to 2025,https://www.whatech.com/market-research/it/595458-it-management-as-a-service-industry-2019-global-market-manufacturers-analysis-size-share-growth-trends-applications-and-forecast-research-report-2025,whatech.com,English,0.0,gdelt_gkg
NOW,2019-05-15,"The Need to Transform is Front and Center for Every C - Level Executive , Says Adobe CEO",https://www.webpronews.com/transform-adobe/,webpronews.com,English,0.0,gdelt_gkg
NOW,2019-05-15,"Xconomy : Eyeing Future IPO , A Rarity for SD Software Firms , Tealium Adds $55M",https://xconomy.com/san-diego/2019/05/15/eyeing-future-ipo-a-rarity-for-sd-software-firms-tealium-adds-55m/,xconomy.com,English,0.0,gdelt_gkg
NOW,2019-05-15,CAI Expands Delaware Capabilities with New Office Location,http://internet.itbusinessnet.com/2019/05/cai-expands-delaware-capabilities-with-new-office-location/,internet.itbusinessnet.com,English,0.0,gdelt_gkg
NOW,2019-05-15,CAI Expands Delaware Capabilities with New Office Location,http://cloud.itbusinessnet.com/2019/05/cai-expands-delaware-capabilities-with-new-office-location/,cloud.itbusinessnet.com,English,0.0,gdelt_gkg
NOW,2019-05-15,CAI Expands Delaware Capabilities with New Office Location,https://apnews.com/Business%20Wire/a05d32ac92fb4f8198e4ca4e5689c057,apnews.com,English,0.0,gdelt_gkg
NOW,2019-05-15,CAI Expands Delaware Capabilities with New Office Location,https://www.tmcnet.com/usubmit/-cai-expands-delaware-capabilities-with-new-office-location-/2019/05/15/8956109.htm,tmcnet.com,English,0.0,gdelt_gkg
NOW,2019-05-15,Panorama - Extreme Networks stellt neue Lösung für IoT - Sicherheit und automatisierte Bedrohungsabwehr im digita,http://unternehmen-heute.de/news.php?newsid=571503,unternehmen-heute.de,German,0.0,gdelt_gkg
NOW,2019-05-15,Adobe Stock Is Showing Some Weakness : Protect Your Long Positions,https://realmoney.thestreet.com/investing/stocks/adobe-is-showing-some-recent-weakness-protect-long-positions-14961037,realmoney.thestreet.com,English,0.0,gdelt_gkg
NOW,2019-05-15,CAI Expands Delaware Capabilities with New Office Location,http://us.acrofan.com/detail.php?number=109273,us.acrofan.com,English,0.0,gdelt_gkg
NOW,2019-05-15,Computer Design & Integration LLC ( CDI LLC ) Launches Key Man Risk Avoidance Offering,https://www.tmcnet.com/usubmit/2019/05/15/8956066.htm,tmcnet.com,English,0.0,gdelt_gkg
NOW,2019-05-15,Riverbed Launches Breakthrough Solution to Accelerate SaaS Applications - First and Only Solution to Accelerate SaaS App Performance By Up to 10 Times for All Users,https://www.tmcnet.com/usubmit/2019/05/15/8955868.htm,tmcnet.com,English,0.0,gdelt_gkg
NOW,2019-05-15,CIO upfront : Reimagining the workplace for the digital age,https://www.cio.co.nz/article/661649/cio-upfront-reimagining-workplace-digital-age/,cio.co.nz,English,0.0,gdelt_gkg
NOW,2019-05-15,ExtraHop reveals new Panorama partner program,https://www.arnnet.com.au/article/661648/extrahop-reveals-new-panorama-partner-program/,arnnet.com.au,English,0.0,gdelt_gkg
NOW,2019-05-15,"Anadarko , JC Penney , ServiceNow , Microsoft and Veeva highlighted as Zacks Bull and Bear of the Day",https://finance.yahoo.com/news/anadarko-jc-penney-servicenow-microsoft-140502651.html,finance.yahoo.com,English,0.0,gdelt_gkg
NOW,2019-05-15,Fay Sien Goon Sells 70 Shares of ServiceNow Inc ( NOW ) Stock,https://www.wkrb13.com/2019/05/15/fay-sien-goon-sells-70-shares-of-servicenow-inc-now-stock.html,wkrb13.com,English,0.0,gdelt_gkg
NOW,2019-05-15,CAI Expands Delaware Capabilities with New Office Location,http://networking.itbusinessnet.com/2019/05/cai-expands-delaware-capabilities-with-new-office-location/,networking.itbusinessnet.com,English,0.0,gdelt_gkg
NOW,2019-05-15,Three unique uses of automation in customer service,http://customerthink.com/three-unique-uses-of-automation-in-customer-service/,customerthink.com,English,0.0,gdelt_gkg
NOW,2019-05-15,CTech Tuesday Roundup of Israeli Tech News,"https://www.calcalistech.com/ctech/articles/0,7340,L-3762096,00.html",calcalistech.com,English,0.0,gdelt_gkg
NOW,2019-05-16,How to put the  H  back in  HR  | HRD New Zealand,https://www.hrmonline.co.nz/nz/specialisation/hr-technology/how-to-put-the-h-back-in-hr/167483,hrmonline.co.nz,English,0.0,gdelt_gkg
NOW,2019-05-16,Extreme Networks grows networked IoT security protection,https://www.computerworld.co.nz/article/661661/extreme-grows-networked-iot-security-protection/,computerworld.co.nz,English,0.0,gdelt_gkg
NOW,2019-05-16,Extreme Networks grows networked IoT security protection,https://www.computerworld.com.au/article/661661/extreme-grows-networked-iot-security-protection/,computerworld.com.au,English,0.0,gdelt_gkg
NOW,2019-05-16,Extreme addresses networked - IoT security,https://www.networkworld.com/article/3395539/extreme-addresses-networked-iot-security.html,networkworld.com,English,0.0,gdelt_gkg
NOW,2019-05-16,CAI Expands Delaware Capabilities with New Office Location,https://www.businesswire.com/news/home/20190515005016/en/CAI-Expands-Delaware-Capabilities-New-Office-Location,businesswire.com,English,0.0,gdelt_gkg
NOW,2019-05-16,Remote working and omni - channel engagement driving comms in Ireland,https://www.techcentral.ie/remote-working-and-omni-channel-engagement-driving-comms-in-ireland/,techcentral.ie,English,0.0,gdelt_gkg
NOW,2019-05-16,Do you know what your cloud use really costs ? ,https://www.cio.com/article/3394679/do-you-know-what-your-cloud-use-really-costs.html,cio.com,English,0.0,gdelt_gkg
NOW,2019-05-16,VA Seeks Contractor to Build Telecom Expense Mgmt Platform,https://blog.executivebiz.com/2019/05/va-seeks-contractor-to-build-telecom-expense-mgmt-platform/,blog.executivebiz.com,English,0.0,gdelt_gkg
NOW,2019-05-16,Acorio Ranked One of the 346 Best Workplaces for 2019 by Inc . ,https://www.businesswire.com/news/home/20190516005679/en/Acorio-Ranked-346-Workplaces-2019,businesswire.com,English,0.0,gdelt_gkg
NOW,2019-05-16,Acorio Ranked One of the 346 Best Workplaces for 2019 by Inc . ,https://www.tmcnet.com/usubmit/-acorio-ranked-one-the-346-best-workplaces-2019-/2019/05/16/8957126.htm,tmcnet.com,English,0.0,gdelt_gkg
NOW,2019-05-16,Acorio Ranked One of the 346 Best Workplaces for 2019 by Inc . ,https://www.galvnews.com/news_ap/business/article_b3fe44ff-5a57-5a23-9a33-451a36e3b827.html,galvnews.com,English,0.0,gdelt_gkg
NOW,2019-05-16,Forget Being a  Unicorn : Here Are 5 Ways to Become a  Monster Truck  ,https://finance.yahoo.com/news/forget-being-unicorn-5-ways-153000472.html,finance.yahoo.com,English,0.0,gdelt_gkg
NOW,2019-05-16,Riverbed Launches SD - WAN SaaS Accelerators,https://www.lightreading.com/carrier-sdn/sd-wan/riverbed-launches-sd-wan-saas-accelerators/d/d-id/751542,lightreading.com,English,0.0,gdelt_gkg
NOW,2019-05-16,ServiceNow Partners Sing Praises Of New Program,https://www.crn.com/news/channel-programs/servicenow-partners-sing-praises-of-new-program,crn.com,English,0.0,gdelt_gkg
NOW,2019-05-16,5 Cheap Tech Stocks to Buy That Have Great Potential,https://investorplace.com/2019/05/5-low-priced-tech-stocks-with-great-potential/,investorplace.com,English,0.0,gdelt_gkg
NOW,2019-05-16,Forget Being a  Unicorn : Here Are 5 Ways to Become a  Monster Truck  ,https://www.ctpost.com/news/article/Forget-Being-a-Unicorn-Here-Are-5-Ways-to-13850595.php,ctpost.com,English,0.0,gdelt_gkg
NOW,2019-05-16,Forget Being a  Unicorn : Here Are 5 Ways to Become a  Monster Truck  ,https://www.stamfordadvocate.com/news/article/Forget-Being-a-Unicorn-Here-Are-5-Ways-to-13850595.php,stamfordadvocate.com,English,0.0,gdelt_gkg
NOW,2019-05-16,Forget Being a  Unicorn : Here Are 5 Ways to Become a  Monster Truck  ,https://www.thehour.com/news/article/Forget-Being-a-Unicorn-Here-Are-5-Ways-to-13850595.php,thehour.com,English,0.0,gdelt_gkg
NOW,2019-05-16,Forget Being a  Unicorn : Here Are 5 Ways to Become a  Monster Truck  ,https://www.greenwichtime.com/news/article/Forget-Being-a-Unicorn-Here-Are-5-Ways-to-13850595.php,greenwichtime.com,English,0.0,gdelt_gkg
NOW,2019-05-16,Is BPM Too Confusing to Be Taken Seriously ? ,https://solutionsreview.com/business-process-management/is-bpm-too-confusing-to-be-taken-seriously/,solutionsreview.com,English,0.0,gdelt_gkg
NOW,2019-05-16,Extreme Networks grows networked IoT security protection,https://www.cso.com.au/article/661661/extreme-grows-networked-iot-security-protection/,cso.com.au,English,0.0,gdelt_gkg
NOW,2019-05-17,Coatue Management Latest Moves,https://finance.yahoo.com/news/coatue-management-latest-moves-114147070.html,finance.yahoo.com,English,0.0,gdelt_gkg
NOW,2019-05-17,USPSC Program Operations Assistant,https://reliefweb.int/job/3132208/uspsc-program-operations-assistant,reliefweb.int,English,0.0,gdelt_gkg
NOW,2019-05-17,"Interview with David Loo , CEO and Founder of Perspectium",https://socaltech.com/interview_with_david_loo_ceo_and_founder_of_perspectium/s-0078119.html,socaltech.com,English,0.0,gdelt_gkg
NOW,2019-05-17,In My Team : Customer Thermometer – PCR,https://pcr-online.biz/2019/05/13/in-my-team-customer-thermometer/,pcr-online.biz,English,0.0,gdelt_gkg
NOW,2019-05-17,Has ServiceNow ( NOW ) Outpaced Other Computer and Technology Stocks This Year ? ,https://news.yahoo.com/servicenow-now-outpaced-other-computer-133001460.html,news.yahoo.com,English,0.0,gdelt_gkg
NOW,2019-05-17,"David Schneider Sells 2 , 446 Shares of ServiceNow Inc ( NOW ) Stock",https://www.dailypolitical.com/2019/05/17/david-schneider-sells-2446-shares-of-servicenow-inc-now-stock.html,dailypolitical.com,English,0.0,gdelt_gkg
NOW,2019-05-17,"Markets , Immigration , Trading Splunk : Market Recon",https://realmoney.thestreet.com/investing/markets-immigration-trading-splunk-market-recon-14963567,realmoney.thestreet.com,English,0.0,gdelt_gkg
NOW,2019-05-17,"Cloud Bursts : Oracle Touts Telco Triumphs , Microsoft Proclaims Partnerships & More",https://www.lightreading.com/cloud/cloud-bursts-oracle-touts-telco-triumphs-microsoft-proclaims-partnerships-and-more/d/d-id/751548,lightreading.com,English,0.0,gdelt_gkg
NOW,2019-05-17,"Insider Selling : ServiceNow Inc ( NOW ) Director Sells 21 , 103 Shares of Stock",https://www.dailypolitical.com/2019/05/17/insider-selling-servicenow-inc-now-director-sells-21103-shares-of-stock.html,dailypolitical.com,English,0.0,gdelt_gkg
NOW,2019-05-17,Coatue Management Latest Moves - Insider Monkey,https://www.insidermonkey.com/blog/coatue-managements-latest-moves-750826/,insidermonkey.com,English,0.0,gdelt_gkg
NOW,2019-05-17,What It Takes To Inspire True Customer Loyalty,https://www.forbes.com/sites/servicenow/2019/05/16/what-it-takes-to-inspire-true-customer-loyalty/,forbes.com,English,0.0,gdelt_gkg
NOW,2019-05-17,Finalists named for 2019 CIO Awards,http://www.voxy.co.nz/business/5/338661,voxy.co.nz,English,0.0,gdelt_gkg
NOW,2019-05-18,"Cetera Advisor Networks LLC Buys Shares of 3 , 759 ServiceNow Inc ( NOW ) ",https://www.dailypolitical.com/2019/05/18/cetera-advisor-networks-llc-buys-shares-of-3759-servicenow-inc-now.html,dailypolitical.com,English,0.0,gdelt_gkg
NOW,2019-05-18, [ Funding alert ] SaaS startup LeadSquared raises $3M in Series A funding from Stakeboat Capital for global expansion,https://yourstory.com:443/2019/05/startup-funding-saas-leadsquared-stakeboat-capital,yourstory.com,English,0.0,gdelt_gkg
NOW,2019-05-19,IGV Is Crushing The Market,https://seekingalpha.com/article/4265103-igv-crushing-market,seekingalpha.com,English,0.0,gdelt_gkg
NOW,2019-05-19,1Mby1M Virtual Accelerator Investor Forum : With Sumant Mandal of March Capital Partners ( Part 6 ) ,https://www.sramanamitra.com/2019/05/19/1mby1m-virtual-accelerator-investor-forum-with-sumant-mandal-of-march-capital-partners-part-6/,sramanamitra.com,English,0.0,gdelt_gkg
NOW,2019-05-20,Deutsche Telecom to Showcase How Intelligent Au ... | Worksoft | RNS Company Announcements | Equities,https://www2.trustnet.com/Investments/Article.aspx?id=20190520165236H4315,trustnet.com,English,0.0,gdelt_gkg
NOW,2019-05-20,"Human Resource Outsourcing ( HRO ) Market Analysis , Trends , and Forecasts , 2016 - 2019 & 2024 - Focus on Benefits Administration , Payroll , Education & Training , Recruitment Process Outsourcing & Others",https://www.prnewswire.com:443/news-releases/human-resource-outsourcing-hro-market-analysis-trends-and-forecasts-2016-2019--2024---focus-on-benefits-administration-payroll-education--training-recruitment-process-outsourcing--others-300853264.html,prnewswire.com,English,0.0,gdelt_gkg
NOW,2019-05-20,"Human Resource Outsourcing ( HRO ) Market Analysis , Trends , and Forecasts , 2016 - 2019 & 2024 - Focus on Benefits Administration , Payroll , Education & Training , Recruitment Process Outsourcing & Others",https://www.prnewswire.com/news-releases/human-resource-outsourcing-hro-market-analysis-trends-and-forecasts-2016-2019--2024---focus-on-benefits-administration-payroll-education--training-recruitment-process-outsourcing--others-300853264.html,prnewswire.com,English,0.0,gdelt_gkg
NOW,2019-05-20,FE Investegate |Worksoft Announcements | Worksoft : Deutsche Telecom to Showcase How Intelligent Automation is Driving Quality and Program Efficiencies for ERP Transformation,https://www.investegate.co.uk/worksoft/gnw/deutsche-telecom-to-showcase-how-intelligent-automation-is-driving-quality--and-program-efficiencies-for-erp-transformation/20190520165236H4315/,investegate.co.uk,English,0.0,gdelt_gkg
NOW,2019-05-20,"Rosanna Pellegrino of Digital Defense , Inc . Honored as One of CRN 2019 Women of the Channel",https://www.prweb.com/releases/rosanna_pellegrino_of_digital_defense_inc_honored_as_one_of_crns_2019_women_of_the_channel/prweb16322432.htm,prweb.com,English,0.0,gdelt_gkg
NOW,2019-05-20,Deutsche Telecom to Showcase How Intelligent Automation is Driving Quality and Program Efficiencies for ERP Transformation,https://www.globenewswire.com/news-release/2019/05/20/1829040/0/en/Deutsche-Telecom-to-Showcase-How-Intelligent-Automation-is-Driving-Quality-and-Program-Efficiencies-for-ERP-Transformation.html,globenewswire.com,English,0.0,gdelt_gkg
NOW,2019-05-20,"Entanet , Devoteam and ServiceNow to support CityFibre  full fibre vision  – PCR",https://pcr-online.biz/2019/05/20/entanet-devoteam-and-servicenow-to-support-cityfibres-full-fibre-vision/,pcr-online.biz,English,0.0,gdelt_gkg
NOW,2019-05-20,"Rosanna Pellegrino of Digital Defense , Inc . Honored as One of CRN 2019 Women of the Channel",https://www.ssuchronicle.com/2019/05/20/rosanna-pellegrino-of-digital-defense-inc-honored-as-one-of-crns-2019-women-of-the-channel/,ssuchronicle.com,English,0.0,gdelt_gkg
NOW,2019-05-20,$9 . 7 Bn Citizen Services AI Market - Global Forecast to 2024,https://www.tmcnet.com/usubmit/2019/05/20/8958573.htm,tmcnet.com,English,0.0,gdelt_gkg
NOW,2019-05-20,OpenEBS Accepted Into CNCF and OpenEBS 0 . 9 Released,https://www.tmcnet.com/usubmit/2019/05/20/8958343.htm,tmcnet.com,English,0.0,gdelt_gkg
NOW,2019-05-20,Should SAP Acquire Zendesk or Freshworks ? ,https://www.sramanamitra.com/2019/05/20/should-sap-acquire-zendesk-or-freshworks/,sramanamitra.com,English,0.0,gdelt_gkg
NOW,2019-05-20,OpenEBS Accepted Into CNCF and OpenEBS 0 . 9 Released,https://finance.yahoo.com/news/openebs-accepted-cncf-openebs-0-114200601.html,finance.yahoo.com,English,0.0,gdelt_gkg
NOW,2019-05-20,Customer Thermometer has new channel programme – Channel EYE,http://channeleye.co.uk/customer-thermometer-has-new-channel-programme/,channeleye.co.uk,English,0.0,gdelt_gkg
NOW,2019-05-20,"The big technology shake - up : winners , losers and trends",https://citywireselector.com/news/the-big-technology-shake-up-winners-losers-and-trends/a1230402,citywireselector.com,English,0.0,gdelt_gkg
NOW,2019-05-20,Customer Thermometer – Channel EYE,http://channeleye.co.uk/tag/customer-thermometer/,channeleye.co.uk,English,0.0,gdelt_gkg
NOW,2019-05-20,"Global APAC Project Portfolio Management ( PPM ) Market : key Vendors , Trends , Analysis , Segmentation , Forecast to 2019 - 2025",https://www.marketwatch.com/press-release/global-apac-project-portfolio-management-ppm-market-key-vendors-trends-analysis-segmentation-forecast-to-2019-2025-2019-05-20,marketwatch.com,English,0.0,gdelt_gkg
NOW,2019-05-20,"Cloud Bursts : Oracle Touts Telco Triumphs , Microsoft Proclaims Partnerships & More",https://www.lightreading.com/cloud/cloud-bursts-oracle-touts-telco-triumphs-microsoft-proclaims-partnerships-and-more/d/d-id/751548?piddl_msgid=298443,lightreading.com,English,0.0,gdelt_gkg
NOW,2019-05-20,$9 . 7 Bn Citizen Services AI Market - Global Forecast to 2024,https://menafn.com/1098545896/97-Bn-Citizen-Services-AI-MarketGlobal-Forecast-to-2024,menafn.com,English,0.0,gdelt_gkg
NOW,2019-05-20,Watching the Clouds While Chips Take a Huawei Hit : Market Recon,https://realmoney.thestreet.com/investing/stocks/watching-the-clouds-while-chips-take-a-huawei-hit-market-recon-14964888,realmoney.thestreet.com,English,0.0,gdelt_gkg
NOW,2019-05-20,"APAC Project Portfolio Management ( PPM ) Global Market 2019 , Industry Analysis , Opportunity and Forecast To 2025",https://brazilbusiness.einnews.com/pr_news/485713570/apac-project-portfolio-management-ppm-global-market-2019-industry-analysis-opportunity-and-forecast-to-2025,brazilbusiness.einnews.com,English,0.0,gdelt_gkg
NOW,2019-05-21,Urban School District Improves Efficiency through Integrated Voice and Digital Workflow Automation with 3CLogic,https://www.tmcnet.com/usubmit/2019/05/21/8958992.htm,tmcnet.com,English,0.0,gdelt_gkg
NOW,2019-05-21,40 Software Job Openings Around Hillsborough,https://patch.com/new-jersey/hillsborough/40-software-job-openings-around-hillsborough,patch.com,English,0.0,gdelt_gkg
NOW,2019-05-21,Champion Solutions Group Buys DirecLogix To Bolster Southeast Dominance,https://www.crn.com/news/channel-programs/champion-solutions-group-buys-direclogix-to-bolster-southeast-dominance,crn.com,English,0.0,gdelt_gkg
NOW,2019-05-21,GridGain Systems : GridGain Joins Cloud Native Computing Foundation,https://www.finanznachrichten.de/nachrichten-2019-05/46761612-gridgain-systems-gridgain-joins-cloud-native-computing-foundation-399.htm,finanznachrichten.de,English,0.0,gdelt_gkg
NOW,2019-05-21,Brokerages Expect ServiceNow Inc ( NOW ) Will Announce Earnings of $0 . 64 Per Share,https://www.dailypolitical.com/2019/05/21/brokerages-expect-servicenow-inc-now-will-announce-earnings-of-0-64-per-share.html,dailypolitical.com,English,0.0,gdelt_gkg
NOW,2019-05-21,US Bancorp DE Decreases Position in ServiceNow Inc ( NOW ) ,https://www.dailypolitical.com/2019/05/21/us-bancorp-de-decreases-position-in-servicenow-inc-now.html,dailypolitical.com,English,0.0,gdelt_gkg
NOW,2019-05-21,ServiceNow Inc ( NOW ) Shares Bought by TD Asset Management Inc . ,https://www.wkrb13.com/2019/05/21/servicenow-inc-now-shares-bought-by-td-asset-management-inc.html,wkrb13.com,English,0.0,gdelt_gkg
NOW,2019-05-21,Innovative solution to accelerate SaaS applications highlights Riverbed spring release,http://www.channelbuzz.ca/2019/05/innovative-solution-to-accelerate-saas-applications-highlights-riverbed-spring-release-30603/,channelbuzz.ca,English,0.0,gdelt_gkg
NOW,2019-05-21,"Champion Solutions Group Acquires AWS , Azure , HPE Partner DirecLogix",https://www.channele2e.com/investors/mergers-acquisitions/champion-solutions-group-buys-direclogix/,channele2e.com,English,0.0,gdelt_gkg
NOW,2019-05-21,"Global Cloud Computing Services Market Analysis , Trends , and Forecasts to 2024 - Focus on Green IT & Sustainable ICT Throws the Spotlight On the Cloud",http://www.globenewswire.com/news-release/2019/05/21/1833587/0/en/Global-Cloud-Computing-Services-Market-Analysis-Trends-and-Forecasts-to-2024-Focus-on-Green-IT-Sustainable-ICT-Throws-the-Spotlight-On-the-Cloud.html,globenewswire.com,English,0.0,gdelt_gkg
NOW,2019-05-21,HL Select Global Shares fund announces its first investments,https://www.ifamagazine.com/article/hl-select-global-shares-fund-announces-its-first-investments/,ifamagazine.com,English,0.0,gdelt_gkg
NOW,2019-05-21,GridGain Joins Cloud Native Computing Foundation,https://menafn.com/1098548797/GridGain-Joins-Cloud-Native-Computing-Foundation,menafn.com,English,0.0,gdelt_gkg
NOW,2019-05-21,Urban School District Improves Efficiency through Integrated Voice and Digital Workflow Automation with 3CLogic,http://sip-trunking.tmcnet.com/news/2019/05/21/8958992.htm,sip-trunking.tmcnet.com,English,0.0,gdelt_gkg
NOW,2019-05-21,"Global Integrated Development Environment as a Service Market Report 2019 - 2025 by Technology , Trends and Top Key Players",https://menafn.com/1098548842/Global-Integrated-Development-Environment-as-a-Service-Market-Report-20192025-by-Technology-Trends-and-Top-Key-Players,menafn.com,English,0.0,gdelt_gkg
NOW,2019-05-21,Crossfuze Recognized by ServiceNow at Global Partner Ecosystem Summit,https://www.finanznachrichten.de/nachrichten-2019-05/46765630-crossfuze-recognized-by-servicenow-at-global-partner-ecosystem-summit-004.htm,finanznachrichten.de,English,0.0,gdelt_gkg
NOW,2019-05-21,GridGain Joins Cloud Native Computing Foundation,https://www.tmcnet.com/usubmit/2019/05/21/8959301.htm,tmcnet.com,English,0.0,gdelt_gkg
NOW,2019-05-21,Crossfuze Recognized by ServiceNow at Global Partner Ecosystem Summit,https://business.financialpost.com/pmn/press-releases-pmn/business-wire-news-releases-pmn/crossfuze-recognized-by-servicenow-at-global-partner-ecosystem-summit,business.financialpost.com,English,0.0,gdelt_gkg
NOW,2019-05-21,Urban School District Improves Efficiency through Integrated Voice and Digital Workflow Automation with 3CLogic,https://unified-communications.tmcnet.com/news/2019/05/21/8958992.htm,unified-communications.tmcnet.com,English,0.0,gdelt_gkg
NOW,2019-05-22,"Cloud Systems Management Software market demand , growth , opportunities , analysis of top key player and forecast to 2025",https://www.whatech.com/market-research/it/596625-cloud-systems-management-software-market-demand-growth-opportunities-analysis-of-top-key-player-and-forecast-to-2025,whatech.com,English,0.0,gdelt_gkg
NOW,2019-05-22,HR Jobs in Steyregg | karriere . at,https://www.karriere.at/jobs/hr/steyregg,karriere.at,German,0.0,gdelt_gkg
NOW,2019-05-22,ServiceNow ( NOW ) Shares Gap Down Following Insider Selling,https://www.themarketsdaily.com/2019/05/22/servicenow-now-shares-gap-down-following-insider-selling.html,themarketsdaily.com,English,0.0,gdelt_gkg
NOW,2019-05-22,"IT Asset Management 2019 Global Trends , Market Size , Share , Status , SWOT Analysis and Forecast to 2025 - Press Release",http://www.digitaljournal.com/pr/4314901,digitaljournal.com,English,0.0,gdelt_gkg
NOW,2019-05-22,Logicalis Selects XM Cyber to Power New Purple Team Offering,https://www.finanzen.net/nachricht/aktien/logicalis-selects-xm-cyber-to-power-new-purple-team-offering-7521951,finanzen.net,English,0.0,gdelt_gkg
NOW,2019-05-22,Logicalis Selects XM Cyber to Power New Purple Team Offering,https://www.tmcnet.com/usubmit/-logicalis-selects-xm-cyber-power-new-purple-team-/2019/05/22/8960148.htm,tmcnet.com,English,0.0,gdelt_gkg
NOW,2019-05-22,"IT News Online > PR . com - Calsoft Reports 50 % YoY Growth , Signs Long - Term Engineering Contracts",http://www.itnewsonline.com/pr.com/Calsoft-Reports-50Percent-YoY-Growth-Signs-Long-Term-Engineering-Contracts/17463,itnewsonline.com,English,0.0,gdelt_gkg
NOW,2019-05-22,"Global Cloud Computing Services Market Report 2019 : Annual Analysis , Trends , and Forecasts 2016 - 2024 Featuring 224 Companies",https://www.prnewswire.com:443/news-releases/global-cloud-computing-services-market-report-2019-annual-analysis-trends-and-forecasts-2016-2024-featuring-224-companies-300854329.html,prnewswire.com,English,0.0,gdelt_gkg
NOW,2019-05-22,Citrix takes Workspace to Google Cloud,https://www.itweb.co.za/content/nWJadvb8wzGMbjO1,itweb.co.za,English,0.0,gdelt_gkg
NOW,2019-05-22,A new trend in IT Market -- technological advancements driving the industry growth 2025,https://www.marketwatch.com/press-release/a-new-trend-in-it-market---technological-advancements-driving-the-industry-growth-2025-2019-05-21,marketwatch.com,English,0.0,gdelt_gkg
NOW,2019-05-22,"Mercer Appoints Pete Maxwell to Mercer Digital Sales Leader , US & Canada",https://www.tmcnet.com/usubmit/-mercer-appoints-pete-maxwell-mercer-digital-sales-leader-/2019/05/22/8960679.htm,tmcnet.com,English,0.0,gdelt_gkg
NOW,2019-05-22,"Global Cloud Computing Services Market Report 2019 : Annual Analysis , Trends , and Forecasts 2016 - 2024 Featuring 224 Companies",https://www.tmcnet.com/usubmit/2019/05/22/8960343.htm,tmcnet.com,English,0.0,gdelt_gkg
NOW,2019-05-22,"Cramer : Retailers , chipmakers and autos are feeling trade war pain",https://www.cnbc.com/2019/05/22/cramer-retailers-chipmakers-and-autos-are-feeling-trade-war-pain.html,cnbc.com,English,0.0,gdelt_gkg
NOW,2019-05-22,"Mercer Appoints Pete Maxwell to Mercer Digital Sales Leader , US & Canada",https://www.tmcnet.com/usubmit/2019/05/22/8960679.htm,tmcnet.com,English,0.0,gdelt_gkg
NOW,2019-05-22,"Colliers arranges 47 , 000 - SF Fulton Market lease for ServiceNow","https://www.rejournals.com/colliers-arranges-47,000-sf-fulton-market-lease-for-servicenow-20190522",rejournals.com,English,0.0,gdelt_gkg
NOW,2019-05-22,Does Your Workplace Spark Joy ? ( Advertisement by Service Now from The New York Times ) ,https://www.nytimes.com/paidpost/service-now/does-your-workplace-spark-joy.html,nytimes.com,English,0.0,gdelt_gkg
NOW,2019-05-22,Citrix And People . ai Product Launches Showcase How AI Enables A Better Future Of Work,https://www.forbes.com/sites/maribellopez/2019/05/22/citrix-and-people-ai-product-launches-showcase-how-ai-enables-a-better-future-of-work/,forbes.com,English,0.0,gdelt_gkg
NOW,2019-05-22,Goldman Sachs has a strategy to ride active managers to big gains,https://www.cnbc.com/2019/05/22/goldman-sachs-has-a-strategy-to-ride-active-managers-to-big-gains.html,cnbc.com,English,0.0,gdelt_gkg
NOW,2019-05-22,Tricentis Disrupts RPA Market with Resilient Model - Based Automation,https://www.tmcnet.com/usubmit/2019/05/22/8960800.htm,tmcnet.com,English,0.0,gdelt_gkg
NOW,2019-05-22,Fairchild Resiliency Systems Named ServiceNow IRM Ecosystem Partner,https://www.tmcnet.com/usubmit/2019/05/22/8960970.htm,tmcnet.com,English,0.0,gdelt_gkg
NOW,2019-05-22,"Rosanna Pellegrino of Digital Defense , Inc . Honored as One of CRN 2019 Women of the Channel",https://menafn.com/1098556805/Rosanna-Pellegrino-of-Digital-Defense-Inc-Honored-as-One-of-CRNs-2019-Women-of-the-Channel,menafn.com,English,0.0,gdelt_gkg
NOW,2019-05-22,FE Investegate |Tricentis Announcements | Tricentis : Tricentis Disrupts RPA Market with Resilient Model - Based Automation,https://www.investegate.co.uk/tricentis/gnw/tricentis-disrupts-rpa-market-with-resilient-model-based-automation/20190522160000H5448/,investegate.co.uk,English,0.0,gdelt_gkg
NOW,2019-05-22,"CIOReview Magazine Recognizes GSI , Inc . as a Top NetSuite Solution Provider",https://www.prweb.com/releases/cioreview_magazine_recognizes_gsi_inc_as_a_top_netsuite_solution_provider/prweb16286359.htm,prweb.com,English,0.0,gdelt_gkg
NOW,2019-05-22,Does Your Workplace Spark Joy ? ,https://www.forbes.com/sites/servicenow/2019/05/22/does-your-workplace-spark-joy/,forbes.com,English,0.0,gdelt_gkg
NOW,2019-05-22,Tenable Expands Cyber Exposure Ecosystem,https://www.tmcnet.com/usubmit/2019/05/22/8960601.htm,tmcnet.com,English,0.0,gdelt_gkg
NOW,2019-05-22,Tricentis Disrupts RPA Market with Resilient Model - Based Automation,https://www.marketwatch.com/press-release/tricentis-disrupts-rpa-market-with-resilient-model-based-automation-2019-05-22-11184148,marketwatch.com,English,0.0,gdelt_gkg
NOW,2019-05-22,An Undervalued Disruptor Firing on All Cylinders,https://www.morningstar.com/articles/927815/an-undervalued-disruptor-firing-on-all-cylinders.html,morningstar.com,English,0.0,gdelt_gkg
NOW,2019-05-22,Tricentis Disrupts RPA Market with Resilient Model - Based Automation,https://www.finanznachrichten.de/nachrichten-2019-05/46778891-tricentis-disrupts-rpa-market-with-resilient-model-based-automation-399.htm,finanznachrichten.de,English,0.0,gdelt_gkg
NOW,2019-05-23,CRN IMPACT Awards : Enable Labs aims to save lives with construction app,https://www.crn.com.au/feature/crn-impact-awards-enable-labs-aims-to-save-lives-with-construction-app-525500,crn.com.au,English,0.0,gdelt_gkg
NOW,2019-05-23,Tenable expands cyber exposure ecosystem,http://www.itp.net/619037-tenable-expands-cyber-exposure-ecosystem,itp.net,English,0.0,gdelt_gkg
NOW,2019-05-23,"Continuous Improvement Tools Market Wealth Wide Expected To Reach In Upcoming Year Key Players Evolved KaiNexus , Paradigm , Planbox - Press Release",http://www.digitaljournal.com/pr/4317250,digitaljournal.com,English,0.0,gdelt_gkg
NOW,2019-05-23,Coveo Impact 2019 Award Winners Showcase Excellence in Innovation with Coveo Platform,https://www.prweb.com/releases/coveo_impact_2019_award_winners_showcase_excellence_in_innovation_with_coveo_platform/prweb16332125.htm,prweb.com,English,0.0,gdelt_gkg
NOW,2019-05-23,Spannende Jobs in Wattens | aktuell 7 offen,https://www.karriere.at/jobs/spannende/wattens,karriere.at,German,0.0,gdelt_gkg
NOW,2019-05-23,Global Online Project Management Software Market is Expand with Noteworthy CAGR of 11 . 8 % During 2018 - 2023,https://www.utilitydive.com/press-release/20190523-global-online-project-management-software-market-is-expand-with-noteworthy/,utilitydive.com,English,0.0,gdelt_gkg
NOW,2019-05-23,Fully Managed Announces Acquisition of Vancouver MSP Affinity Managed Services,https://www.ssuchronicle.com/2019/05/23/fully-managed-announces-acquisition-of-vancouver-msp-affinity-managed-services/,ssuchronicle.com,English,0.0,gdelt_gkg
NOW,2019-05-23,Fully Managed Announces Acquisition of Vancouver MSP Affinity Managed Services,https://www.prweb.com/releases/fully_managed_announces_acquisition_of_vancouver_msp_affinity_managed_services/prweb16327257.htm,prweb.com,English,0.0,gdelt_gkg
NOW,2019-05-23,Zendesk Acquires Smooch for Omnichannel Messaging and Cloud CRM Push,https://www.channele2e.com/investors/mergers-acquisitions/zendesk-acquires-smooch-for-omnichannel-messaging-and-cloud-crm-push/,channele2e.com,English,0.0,gdelt_gkg
NOW,2019-05-23,"Adobe releases Adobe Scan , supports text recognition and works with Document Cloud",https://www.androidpolice.com/2017/05/31/adobe-releases-adobe-scan-supports-text-recognition-works-document-cloud/,androidpolice.com,English,0.0,gdelt_gkg
NOW,2019-05-23,"Mercer Appoints Pete Maxwell to Mercer Digital Sales Leader , US & Canada",https://finance.yahoo.com/news/mercer-appoints-pete-maxwell-mercer-133000894.html,finance.yahoo.com,English,0.0,gdelt_gkg
NOW,2019-05-24,SAP Software and Services Now Available Through Carahsoft U . S . Department of Defense Blanket Purchase Agreement,http://www.globenewswire.com/news-release/2019/05/24/1849220/0/en/SAP-Software-and-Services-Now-Available-Through-Carahsoft-U-S-Department-of-Defense-Blanket-Purchase-Agreement.html,globenewswire.com,English,0.0,gdelt_gkg
NOW,2019-05-24,The potential ROI enterprises may realize by deploying ServiceNow GRC,https://bitpipe.computerweekly.com/detail/RES/1558460231_934.html,bitpipe.computerweekly.com,English,0.0,gdelt_gkg
NOW,2019-05-24,DXC Technology Company ( DXC ) Q4 2019 Earnings Call Transcript -- The Motley Fool,https://www.fool.com/earnings/call-transcripts/2019/05/23/dxc-technology-company-dxc-q4-2019-earnings-call-t.aspx?source=iedfolrf0000001,fool.com,English,0.0,gdelt_gkg
NOW,2019-05-24,Taylor Hoffman Wealth Management Purchases 471 Shares of ServiceNow Inc ( NOW ) ,https://www.wkrb13.com/2019/05/24/taylor-hoffman-wealth-management-purchases-471-shares-of-servicenow-inc-now.html,wkrb13.com,English,0.0,gdelt_gkg
NOW,2019-05-24,ServiceNow Inc ( NOW ) Position Raised by Boston Family Office LLC,https://www.wkrb13.com/2019/05/24/servicenow-inc-now-position-raised-by-boston-family-office-llc.html,wkrb13.com,English,0.0,gdelt_gkg
NOW,2019-05-24,SAP Software and Services Now Available Through Carahsoft U . S . Department of Defense Blanket Purchase Agreement,https://www.financialbuzz.com/sap-software-and-services-now-available-through-carahsoft-u-s-department-of-defense-blanket-purchase-agreement/,financialbuzz.com,English,0.0,gdelt_gkg
NOW,2019-05-24,SAP Software and Services Now Available Through Carahsoft U . S . Department of Defense Blanket Purchase Agreement,https://www.euroinvestor.com/news/2019/05/24/sap-software-and-services-now-available-through-carahsoft-us-department-of-defense-blanket-purchase-agreement/14033759,euroinvestor.com,English,0.0,gdelt_gkg
NOW,2019-05-24,SAP Software and Services Now Available Through Carahsoft U . S . Department of Defense Blanket Purchase Agreement,https://www.tmcnet.com/usubmit/2019/05/24/8962239.htm,tmcnet.com,English,0.0,gdelt_gkg
NOW,2019-05-24,SAP Software and Services Now Available Through Carahsoft U . S . Department of Defense Blanket Purchase Agreement,https://www.marketwatch.com/press-release/sap-software-and-services-now-available-through-carahsoft-us-department-of-defense-blanket-purchase-agreement-2019-05-24,marketwatch.com,English,0.0,gdelt_gkg
NOW,2019-05-24,SAP Software and Services Now Available Through Carahsoft U . S . Department of Defense Blanket Purchase Agreement,http://virtual-strategy.com/2019/05/24/sap-software-and-services-now-available-through-carahsoft-u-s-department-of-defense-blanket-purchase-agreement/,virtual-strategy.com,English,0.0,gdelt_gkg
NOW,2019-05-24,Tenable user conference links customers and solutions providers,https://www.securityinfowatch.com/cybersecurity/press-release/21082059/tenables-user-conference-tenable-user-conference-links-customers-and-solutions-providers,securityinfowatch.com,English,0.0,gdelt_gkg
NOW,2019-05-24,Tenable expands Cyber Exposure Ecosystem - Business Intelligence Middle East - bi - me . com,http://www.bi-me.com/main.php?id=77509&t=1,bi-me.com,English,0.0,gdelt_gkg
NOW,2019-05-24,DXC Technology Company ( DXC ) Q4 2019 Earnings Call Transcript,https://news.yahoo.com/dxc-technology-company-dxc-q4-012318389.html,news.yahoo.com,English,0.0,gdelt_gkg
NOW,2019-05-24,Moveworks bets IT overload is a natural language processing problem,https://www.zdnet.com/article/moveworks-bets-it-overload-is-a-natural-language-processing-problem/,zdnet.com,English,0.0,gdelt_gkg
NOW,2019-05-24,CoreSphere is Named One of the 2019 Tech Elite Solution Providers by CRN®,https://www.prweb.com/releases/coresphere_is_named_one_of_the_2019_tech_elite_solution_providers_by_crn/prweb16331802.htm,prweb.com,English,0.0,gdelt_gkg
NOW,2019-05-24,How ServiceNow can accelerate your security incident response,https://bitpipe.computerweekly.com/detail/RES/1558460231_745.html,bitpipe.computerweekly.com,English,0.0,gdelt_gkg
NOW,2019-05-24,"The Zacks Analyst Blog Highlights : ServiceNow , Veeva Systems and Square",https://finance.yahoo.com/news/zacks-analyst-blog-highlights-servicenow-132301457.html,finance.yahoo.com,English,0.0,gdelt_gkg
NOW,2019-05-25,$830 . 81 Million in Sales Expected for ServiceNow Inc ( NOW ) This Quarter,https://www.themarketsdaily.com/2019/05/25/830-81-million-in-sales-expected-for-servicenow-inc-now-this-quarter.html,themarketsdaily.com,English,0.0,gdelt_gkg
NOW,2019-05-25,Citrix ushers in new era of employee engagement and productivity,https://www.whatech.com/enterprise-software/press-release/597253-citrix-ushers-in-new-era-of-employee-engagement-and-productivity,whatech.com,English,0.0,gdelt_gkg
NOW,2019-05-25,"Dorsal Capital Management Return , AUM , and Holdings ( Part II ) ",https://www.insidermonkey.com/blog/dorsal-capital-managements-return-aum-and-holdings-part-ii-751360/,insidermonkey.com,English,0.0,gdelt_gkg
NOW,2019-05-26,"As Duke Energy Prop ( DUK ) Stock Value Rose , Holder Hexavest Upped Stake ; Gamco Investors Et Al Has Lowered Vodafone Group Adr ( VOD ) Stake by $815 , 271",https://enherald.com/as-duke-energy-prop-duk-stock-value-rose-holder-hexavest-upped-stake-gamco-investors-et-al-has-lowered-vodafone-group-adr-vod-stake-by-815271/,enherald.com,English,0.0,gdelt_gkg
NOW,2019-05-27,Field Service Management market set to grow according to forecasts,https://www.whatech.com/market-research/industrial/597555-2023-predictions-puts-field-service-management-market-at-5-08-billion,whatech.com,English,0.0,gdelt_gkg
NOW,2019-05-27,ServiceNow Inc ( NOW ) Given Average Rating of  Buy  by Analysts,https://www.themarketsdaily.com/2019/05/27/servicenow-inc-now-given-average-rating-of-buy-by-analysts.html,themarketsdaily.com,English,0.0,gdelt_gkg
NOW,2019-05-27,QUAL : Quality Score Ignores Key Sub - Sectors,https://seekingalpha.com/article/4266589-qual-quality-score-ignores-key-sub-sectors,seekingalpha.com,English,0.0,gdelt_gkg
NOW,2019-05-27,Data Center Automation market set to register 19 . 6 % CAGR during 2014 - 2022,https://www.whatech.com/market-research/it/597362-data-center-automation-market-set-to-register-19-6-cagr-during-2014-2022,whatech.com,English,0.0,gdelt_gkg
NOW,2019-05-27,"Massive Growth Report on Cloud Computing for Business Operations Market 2019 - 2025 with Major Key Player : Amazon Web Services , Microsoft Azure , Google Cloud Platform , IBM Cloud , Red Hat , Adobe Cloud & more",https://marketresearchupdates.com/2019/05/27/massive-growth-report-cloud-computing-business-operations-market-2019-2025-major-key-player-amazon-web-services-microsoft-azure-google-cloud-platform-ibm-cloud-red-hat-adobe-cloud/,marketresearchupdates.com,English,0.0,gdelt_gkg
NOW,2019-05-28,"Carahsoft Hosts Partner Pavilion at 2019 GEOINT Symposium in San Antonio , Texas June 2 - 5 , 2019",http://virtual-strategy.com/2019/05/28/carahsoft-hosts-partner-pavilion-at-2019-geoint-symposium-in-san-antonio-texas-june-2-5-2019/,virtual-strategy.com,English,0.0,gdelt_gkg
NOW,2019-05-28,SaaS vs . PaaS vs . IaaS – Where the Market is Going,https://www.business2community.com/cloud-computing/saas-vs-paas-vs-iaas-where-the-market-is-going-02203369,business2community.com,English,0.0,gdelt_gkg
NOW,2019-05-28,"Carahsoft Hosts Partner Pavilion at 2019 GEOINT Symposium in San Antonio , Texas June 2 - 5 , 2019",https://www.tmcnet.com/usubmit/2019/05/28/8963434.htm,tmcnet.com,English,0.0,gdelt_gkg
NOW,2019-05-28,Riverbed lanza una solución innovadora para acelerar aplicaciones SaaS,http://www.notimex.gob.mx/comunicadosDetalle/707418,notimex.gob.mx,Spanish,0.0,gdelt_gkg
NOW,2019-05-28,Riverbed lanza una solución innovadora para acelerar aplicaciones SaaS,http://www.notimex.gob.mx/comunicadosDetalle/707416,notimex.gob.mx,Spanish,0.0,gdelt_gkg
NOW,2019-05-28,"Intelligent Apps Market 2019 : Size , Share , Scope , Growth Opportunities Analysis By Google , Amazon Web Services ( AWS ), Microsoft , Salesforce , Oracle , Apple , Baidu Inc , SAP , ServiceNow , Intel Corporation and others",https://www.openpr.com/news/1755980/Intelligent-Apps-Market-2019-Size-Share-Scope-Growth-Opportunities-Analysis-By-Google-Amazon-Web-Services-AWS-Microsoft-Salesforce-Oracle-Apple-Baidu-Inc-SAP-ServiceNow-Intel-Corporation-and-others.html,openpr.com,English,0.0,gdelt_gkg
NOW,2019-05-28,Riverbed lanza una solución innovadora para acelerar aplicaciones SaaS,http://www.notimex.gob.mx/comunicadosDetalle/707414,notimex.gob.mx,Spanish,0.0,gdelt_gkg
NOW,2019-05-28,NSA exploit stirs drama,https://www.politico.com/newsletters/morning-cybersecurity/2019/05/28/nsa-exploit-stirs-drama-633237,politico.com,English,0.0,gdelt_gkg
NOW,2019-05-28,Do you know what your cloud use really costs ? | Networks Asia,https://www.networksasia.net/article/do-you-know-what-your-cloud-use-really-costs.1559035425,networksasia.net,English,0.0,gdelt_gkg
NOW,2019-05-28,Riverbed lanza una solución innovadora para acelerar aplicaciones SaaS,http://www.notimex.gob.mx/comunicadosDetalle/707415,notimex.gob.mx,Spanish,0.0,gdelt_gkg
NOW,2019-05-29,FE Investegate |GridGain Systems Announcements | GridGain Systems : GridGain In - Memory Computing Experts Share Knowledge and Insights at Industry Events,https://www.investegate.co.uk/gridgain-systems/gnw/gridgain-in-memory-computing-experts-share-knowledge-and-insights-at-industry-events/20190529083838H8519/,investegate.co.uk,English,0.0,gdelt_gkg
NOW,2019-05-29,"Cloud Computing for Business Operations Market : Global Key Players , Trends , Share , Industry Size , Growth , Opportunities , Forecast To 2024",https://www.texasguardian.com/news/261231322/cloud-computing-for-business-operations-market-global-key-players-trends-share-industry-size-growth-opportunities-forecast-to-2024,texasguardian.com,English,0.0,gdelt_gkg
NOW,2019-05-29,GridGain Systems : GridGain In - Memory Computing Experts Share Knowledge and Insights at Industry Events,https://www.finanznachrichten.de/nachrichten-2019-05/46825635-gridgain-systems-gridgain-in-memory-computing-experts-share-knowledge-and-insights-at-industry-events-399.htm,finanznachrichten.de,English,0.0,gdelt_gkg
NOW,2019-05-29,"Cloud Computing for Business Operations Market : Global Key Players , Trends , Share , Industry Size , Growth , Opportunities , Forecast To 2024",https://www.sandiegosun.com/news/261231322/cloud-computing-for-business-operations-market-global-key-players-trends-share-industry-size-growth-opportunities-forecast-to-2024,sandiegosun.com,English,0.0,gdelt_gkg
NOW,2019-05-29,"Global ITSM Market Growth 2019 - 2025 by Technology , Future Trends , Share , Trends , Top Key Players and more ... ",https://brazilbusiness.einnews.com/pr_news/486566694/global-itsm-market-growth-2019-2025-by-technology-future-trends-share-trends-top-key-players-and-more,brazilbusiness.einnews.com,English,0.0,gdelt_gkg
NOW,2019-05-29,Bonitasoft insiste sur le rôle des partenaires,https://www.distributique.com/actualites/lire-bonitasoft-insiste-sur-le-role-des-partenaires-28947.html,distributique.com,French,0.0,gdelt_gkg
NOW,2019-05-29,tanzaniaports . com Website Analysis and Social Media report impact : Tanzaniaports . com,https://www.coolsocial.net/sites/www/tanzaniaports.com.html,coolsocial.net,English,0.0,gdelt_gkg
NOW,2019-05-29,"Telstra to book $500m legacy IT write - down , cut 6000 roles by EOFY",https://www.computerworld.com.au/article/662206/telstra-to-book-500m-legacy-it-write-down-cut-6000-roles-by-eofy/,computerworld.com.au,English,0.0,gdelt_gkg
NOW,2019-05-29,"Telstra to book $500m legacy IT write - down , cut 6000 roles by EOFY",https://www.computerworld.com.au/article/662206/telstra-book-500m-legacy-it-write-down-cut-6000-roles-by-eofy/,computerworld.com.au,English,0.0,gdelt_gkg
NOW,2019-05-29,GridGain In - Memory Computing Experts Share Knowledge and Insights at Industry Events,http://www.globenewswire.com/news-release/2019/05/29/1854604/0/en/GridGain-In-Memory-Computing-Experts-Share-Knowledge-and-Insights-at-Industry-Events.html,globenewswire.com,English,0.0,gdelt_gkg
NOW,2019-05-29,"Cloud Computing for Business Operations Market : Global Key Players , Trends , Share , Industry Size , Growth , Opportunities , Forecast To 2024",https://www.newyorktelegraph.com/news/261231322/cloud-computing-for-business-operations-market-global-key-players-trends-share-industry-size-growth-opportunities-forecast-to-2024,newyorktelegraph.com,English,0.0,gdelt_gkg
NOW,2019-05-29,The potential ROI of ServiceNow Security Operations,https://bitpipe.computerweekly.com/detail/RES/1516915977_954.html,bitpipe.computerweekly.com,English,0.0,gdelt_gkg
NOW,2019-05-29,GridGain In - Memory Computing Experts Share Knowledge and Insights at Industry Events,http://virtual-strategy.com/2019/05/29/gridgain-in-memory-computing-experts-share-knowledge-and-insights-at-industry-events/,virtual-strategy.com,English,0.0,gdelt_gkg
NOW,2019-05-29,GridGain In - Memory Computing Experts Share Knowledge and Insights at Industry Events,https://menafn.com/1098584166/GridGain-InMemory-Computing-Experts-Share-Knowledge-and-Insights-at-Industry-Events,menafn.com,English,0.0,gdelt_gkg
NOW,2019-05-29,"Workflow Orchestration Market Expected to Witness a Sustainable Growth with Arvato AG , BMC Software , ServiceNow",https://www.marketwatch.com/press-release/workflow-orchestration-market-expected-to-witness-a-sustainable-growth-with-arvato-ag-bmc-software-servicenow-2019-05-29,marketwatch.com,English,0.0,gdelt_gkg
NOW,2019-05-29,NICE InContact Packs CXone With Tons of AI Features,https://www.ecommercetimes.com/story/cloud-computing/85967.html,ecommercetimes.com,English,0.0,gdelt_gkg
NOW,2019-05-29,Dynatrace CEO John Van Siclen - moving up the stack to be as big as ServiceNow,https://diginomica.com/dynatrace-ceo-john-van-siclen-moving-stack-be-big-servicenow,diginomica.com,English,0.0,gdelt_gkg
NOW,2019-05-29,Attivio Named a Leader in Cognitive Search by Independent Research Firm,https://www.tmcnet.com/usubmit/2019/05/29/8964333.htm,tmcnet.com,English,0.0,gdelt_gkg
NOW,2019-05-29,Attivio Named a Leader in Cognitive Search by Independent Research Firm,https://www.prnewswire.com:443/news-releases/attivio-named-a-leader-in-cognitive-search-by-independent-research-firm-300858317.html,prnewswire.com,English,0.0,gdelt_gkg
NOW,2019-05-29,Network monitoring in the hybrid cloud / multi - cloud era,https://www.techworld.com.au/article/662260/network-monitoring-hybrid-cloud-multi-cloud-era/,techworld.com.au,English,0.0,gdelt_gkg
NOW,2019-05-29,"Global Fibre Optic Components Market Size , Status and Forecast 2019 - 2025",http://www.sbwire.com/press-releases/global-fibre-optic-components-market-is-expected-to-reach-usd-2763-billion-by-2025-cagr-of-93-1226173.htm,sbwire.com,English,0.0,gdelt_gkg
NOW,2019-05-29,CyberX Launches First Open Development Environment ( ODE ) for Securing IoT / ICS Devices Running Proprietary Protocols,http://www.globenewswire.com/news-release/2019/05/29/1856391/0/en/CyberX-Launches-First-Open-Development-Environment-ODE-for-Securing-IoT-ICS-Devices-Running-Proprietary-Protocols.html,globenewswire.com,English,0.0,gdelt_gkg
NOW,2019-05-29,CyberX Launches First Open Development Environment ( ODE ) for Securing IoT / ICS Devices Running Proprietary Protocols,https://www.financialbuzz.com/cyberx-launches-first-open-development-environment-ode-for-securing-iot-ics-devices-running-proprietary-protocols/,financialbuzz.com,English,0.0,gdelt_gkg
NOW,2019-05-29,Sorrell S4 Capital has doubled its headcount in under a year,https://www.thedrum.com/news/2019/05/29/sorrell-s-s4-capital-has-doubled-its-headcount-under-year,thedrum.com,English,0.0,gdelt_gkg
NOW,2019-05-29,GridGain In - Memory Computing Experts Share Knowledge and Insights at Industry Events,http://virtual-strategy.com/2019/05/29/gridgain-in-memory-computing-experts-share-knowledge-and-insights-at-industry-events-2/,virtual-strategy.com,English,0.0,gdelt_gkg
NOW,2019-05-29,Accruent Enhances Connectiv Healthcare Technology Management Platform,https://www.prnewswire.com:443/news-releases/accruent-enhances-connectiv-healthcare-technology-management-platform-300858050.html,prnewswire.com,English,0.0,gdelt_gkg
NOW,2019-05-29,Network monitoring in the hybrid cloud / multi - cloud era,https://www.itworld.com/article/3398482/network-monitoring-in-the-hybrid-cloudmulti-cloud-era.html,itworld.com,English,0.0,gdelt_gkg
NOW,2019-05-29,Network monitoring in the hybrid cloud / multi - cloud era,https://www.networkworld.com/article/3398482/network-monitoring-in-the-hybrid-cloudmulti-cloud-era.html,networkworld.com,English,0.0,gdelt_gkg
NOW,2019-05-30,The Customer Service Paradox : How Technology Leads To Deeply Human - Centric Customer Experiences,https://www.forbes.com/sites/servicenow/2019/05/30/the-customer-service-paradox-how-technology-leads-to-deeply-human-centric-customer-experiences/,forbes.com,English,0.0,gdelt_gkg
NOW,2019-05-30,ServiceNow ( NOW ) Stock Sinks As Market Gains : What You Should Know,https://news.yahoo.com/servicenow-now-stock-sinks-market-214509750.html,news.yahoo.com,English,0.0,gdelt_gkg
NOW,2019-05-30,  Wed like to dump them like so many brick : Most brutal burns from CRN Vendor Report,https://www.channelweb.co.uk/crn-uk/news/3076556/wed-like-to-dump-them-like-so-many-bricks-most-brutal-burns-from-crn-vendor-report-so-far,channelweb.co.uk,English,0.0,gdelt_gkg
NOW,2019-05-30,"Carahsoft and GovLoop Host Citizen Experience and Engagement Seminar in Washington D . C ., June 11 , 2019",https://www.tmcnet.com/usubmit/2019/05/30/8965204.htm,tmcnet.com,English,0.0,gdelt_gkg
NOW,2019-05-30,Coveo Named a Leader in Latest Cognitive Search Report by Independent Research Firm,https://www.prweb.com/releases/coveo_named_a_leader_in_latest_cognitive_search_report_by_independent_research_firm/prweb16345370.htm,prweb.com,English,0.0,gdelt_gkg
NOW,2019-05-30,Sorrell in the money again as S4 Capital ( MediaMonks et al ) hits £600m market value,https://www.moreaboutadvertising.com/2019/05/sorrells-in-the-money-again-as-s4-capital-mediamonks-et-al-hits-600m-market-value/,moreaboutadvertising.com,English,0.0,gdelt_gkg
NOW,2019-05-30,Network monitoring in the hybrid cloud / multi - cloud era,https://www.computerworld.co.nz/article/662260/network-monitoring-hybrid-cloud-multi-cloud-era/,computerworld.co.nz,English,0.0,gdelt_gkg
NOW,2019-05-30,Network monitoring in the hybrid cloud / multi - cloud era,https://www.computerworld.com.au/article/662260/network-monitoring-hybrid-cloud-multi-cloud-era/,computerworld.com.au,English,0.0,gdelt_gkg
NOW,2019-05-30,"Fastpath Expands Integration Options to Include Workday , Coupa and ServiceNow",https://www.prweb.com/releases/fastpath_expands_integration_options_to_include_workday_coupa_and_servicenow/prweb16344186.htm,prweb.com,English,0.0,gdelt_gkg
NOW,2019-05-30,Tool Adds Support for Proprietary IoT / ICS Protocols « isssource . com,https://www.isssource.com/tool-adds-support-for-proprietary-iot-ics-protocols/,isssource.com,English,0.0,gdelt_gkg
NOW,2019-05-31,"Okta , Inc . ( OKTA ) Q1 2020 Earnings Call Transcript",https://news.yahoo.com/okta-inc-okta-q1-2020-042333889.html,news.yahoo.com,English,0.0,gdelt_gkg
NOW,2019-05-31,Current Market Scenario of SaaS Operations Management Software Market : QY Research New Report,https://www.briefingwire.com/pr/current-market-scenario-of-saas-operations-management-software-market-qy-research-new-report,briefingwire.com,English,0.0,gdelt_gkg
NOW,2019-05-31,Network monitoring in the hybrid cloud / multi - cloud era,https://www.reseller.co.nz/article/662260/network-monitoring-hybrid-cloud-multi-cloud-era/,reseller.co.nz,English,0.0,gdelt_gkg
NOW,2019-05-31,Wage wars : San Diego software firms battle for talent,https://www.sandiegouniontribune.com/business/technology/story/2019-05-30/tech-talent,sandiegouniontribune.com,English,0.0,gdelt_gkg
NOW,2019-05-31,"Okta , Inc . ( OKTA ) Q1 2020 Earnings Call Transcript -- The Motley Fool",https://www.fool.com/earnings/call-transcripts/2019/05/31/okta-inc-okta-q1-2020-earnings-call-transcript.aspx?source=iedfolrf0000001,fool.com,English,0.0,gdelt_gkg
NOW,2019-05-31,"Global IT Service Management Tools Market 2019 Share , Size , Global Trend , Market Analysis and Forecast to 2025",https://brazilbusiness.einnews.com/pr_news/486809410/global-it-service-management-tools-market-2019-share-size-global-trend-market-analysis-and-forecast-to-2025,brazilbusiness.einnews.com,English,0.0,gdelt_gkg
NOW,2019-05-31,Okta ( OKTA ) Q1 Earnings and Revenues Surpass Estimates,https://news.yahoo.com/oktas-okta-q1-earnings-revenues-122012349.html,news.yahoo.com,English,0.0,gdelt_gkg
NOW,2019-05-31,ServiceNow Inc ( NOW ) Shares Bought by Swiss National Bank,https://www.wkrb13.com/2019/05/31/servicenow-inc-now-shares-bought-by-swiss-national-bank.html,wkrb13.com,English,0.0,gdelt_gkg
NOW,2019-05-31,Five Carahsoft Executives Honored as CRN 2019 Women of the Channel,http://www.globenewswire.com/news-release/2019/05/31/1861239/0/en/Five-Carahsoft-Executives-Honored-as-CRN-s-2019-Women-of-the-Channel.html,globenewswire.com,English,0.0,gdelt_gkg
NOW,2019-05-31,Five Carahsoft Executives Honored as CRN 2019 Women of the Channel,https://www.tmcnet.com/usubmit/2019/05/31/8965949.htm,tmcnet.com,English,0.0,gdelt_gkg
NOW,2019-05-31,Slack Closes in on IPO - 24 / 7 Wall St . ,https://247wallst.com/technology-3/2019/05/31/slack-closes-in-on-ipo/,247wallst.com,English,0.0,gdelt_gkg
NOW,2019-05-31,"IT Service Management Tools Market - Global Industry Analysis , Size , Share , Growth , Trends and Forecast 2019",https://www.newyorktelegraph.com/news/261257829/it-service-management-tools-market---global-industry-analysis-size-share-growth-trends-and-forecast-2019---2025,newyorktelegraph.com,English,0.0,gdelt_gkg
NOW,2019-05-31,"IT Service Management Tools Market - Global Industry Analysis , Size , Share , Growth , Trends and Forecast 2019",https://www.texasguardian.com/news/261257829/it-service-management-tools-market---global-industry-analysis-size-share-growth-trends-and-forecast-2019---2025,texasguardian.com,English,0.0,gdelt_gkg
NOW,2019-05-31,"IT Service Management Tools Market - Global Industry Analysis , Size , Share , Growth , Trends and Forecast 2019",https://www.sandiegosun.com/news/261257829/it-service-management-tools-market---global-industry-analysis-size-share-growth-trends-and-forecast-2019---2025,sandiegosun.com,English,0.0,gdelt_gkg
NOW,2019-05-31,Five Carahsoft Executives Honored as CRN 2019 Women of the Channel,http://virtual-strategy.com/2019/05/31/five-carahsoft-executives-honored-as-crns-2019-women-of-the-channel/,virtual-strategy.com,English,0.0,gdelt_gkg
NOW,2019-05-31,Google spinoff Chronicle boosts Chicago tech cred by hiring engineers here,https://www.chicagobusiness.com/john-pletz-technology/why-chicago-starting-look-real-tech-town,chicagobusiness.com,English,0.0,gdelt_gkg
NOW,2019-05-31,Telstra digitisation program reaches  milestone  ,https://www.arnnet.com.au/article/662348/telstra-digitisation-program-reaches-milestone/,arnnet.com.au,English,0.0,gdelt_gkg
NOW,2019-05-31,Network monitoring in the hybrid cloud / multi - cloud era,https://www.arnnet.com.au/article/662260/network-monitoring-hybrid-cloud-multi-cloud-era/,arnnet.com.au,English,0.0,gdelt_gkg
NOW,2019-06-01,Dimensional Fund Advisors LP Has $29 . 44 Million Position in ServiceNow Inc ( NOW ) ,https://www.dailypolitical.com/2019/06/01/dimensional-fund-advisors-lp-has-29-44-million-position-in-servicenow-inc-now.html,dailypolitical.com,English,0.0,gdelt_gkg
NOW,2019-06-01,"In Depth Future Innovations Enterprise IT Management Suites Software Market Swot Analysis Of Leading Key Players|ServiceNow , Atlassian , Ivanti",https://www.marketwatch.com/press-release/in-depth-future-innovations-enterprise-it-management-suites-software-market-swot-analysis-of-leading-key-playersservicenow-atlassian-ivanti-2019-06-01,marketwatch.com,English,0.0,gdelt_gkg
NOW,2019-11-13,Tableau Welcomes World Largest Community of Data Enthusiasts to 12th Annual Customer Conference,https://www.tmcnet.com/usubmit/2019/11/13/9052815.htm,tmcnet.com,English,0.0,gdelt_gkg
NOW,2019-11-13,"Coveo Announces AI - Powered Commerce Search and Recommendations on Salesforce AppExchange , the World Leading Enterprise Cloud Marketplace",https://www.prweb.com/releases/coveo_announces_ai_powered_commerce_search_and_recommendations_on_salesforce_appexchange_the_world_s_leading_enterprise_cloud_marketplace/prweb16717411.htm,prweb.com,English,0.0,gdelt_gkg
NOW,2019-11-13,Tableau Welcomes World Largest Community of Data Enthusiasts to 12th Annual Customer Conference,https://www.marketwatch.com/press-release/tableau-welcomes-worlds-largest-community-of-data-enthusiasts-to-12th-annual-customer-conference-2019-11-13,marketwatch.com,English,0.0,gdelt_gkg
NOW,2019-11-13,Growth Stocks Form The Base On Base For Really Big Moves In A Tough Stock Market,https://www.investors.com/how-to-invest/investors-corner/growth-stocks-form-base-on-base-chart-pattern-tough-stock-market/,investors.com,English,0.0,gdelt_gkg
NOW,2019-11-13,Tableau Welcomes World Largest Community of Data Enthusiasts to 12th Annual Customer Conference | 13 . 11 . 19,https://www.finanzen.at/nachrichten/aktien/tableau-welcomes-worlds-largest-community-of-data-enthusiasts-to-12th-annual-customer-conference-1028686227,finanzen.at,English,0.0,gdelt_gkg
NOW,2019-11-13,Cask Named to 2019 Fastest Growing Firms by Consulting Magazine,https://www.ssuchronicle.com/2019/11/13/cask-named-to-2019-fastest-growing-firms-by-consulting-magazine/,ssuchronicle.com,English,0.0,gdelt_gkg
NOW,2019-11-13,Cask Named to 2019 Fastest Growing Firms by Consulting Magazine,https://www.prweb.com/releases/cask_named_to_2019_fastest_growing_firms_by_consulting_magazine/prweb16720060.htm,prweb.com,English,0.0,gdelt_gkg
NOW,2019-11-13,SAP to streamline hardware infrastructure,https://www.crn.com.au/news/sap-to-streamline-hardware-infrastructure-533905,crn.com.au,English,0.0,gdelt_gkg
NOW,2019-11-13,Atlassian expands Jira Service Desk to non - IT biz teams,https://www.itworld.com/article/3453358/atlassian-expands-jira-service-desk-to-non-it-biz-teams.html,itworld.com,English,0.0,gdelt_gkg
NOW,2019-11-13,Atlassian expands Jira Service Desk to non - IT biz teams,https://www.computerworld.com.au/article/668622/atlassian-expands-jira-service-desk-non-it-biz-teams/,computerworld.com.au,English,0.0,gdelt_gkg
NOW,2019-11-13,"Looker CPO - the data nerds won . But if we dont empower users with data , we lose",https://diginomica.com/looker-cpo-data-nerds-won-if-we-dont-empower-users-data-we-lose,diginomica.com,English,0.0,gdelt_gkg
NOW,2019-11-13,"Coveo Announces AI - Powered Commerce Search and Recommendations on Salesforce AppExchange , the World Leading Enterprise Cloud Marketplace",https://www.ssuchronicle.com/2019/11/13/coveo-announces-ai-powered-commerce-search-and-recommendations-on-salesforce-appexchange-the-worlds-leading-enterprise-cloud-marketplace/,ssuchronicle.com,English,0.0,gdelt_gkg
NOW,2019-11-13,Tableau Welcomes World Largest Community of Data Enthusiasts to 12th Annual Customer Conference,https://www.prnewswire.com/news-releases/tableau-welcomes-worlds-largest-community-of-data-enthusiasts-to-12th-annual-customer-conference-300957404.html,prnewswire.com,English,0.0,gdelt_gkg
NOW,2019-11-13,Tableau Welcomes World Largest Community of Data Enthusiasts to 12th Annual Customer Conference,https://www.prnewswire.com:443/news-releases/tableau-welcomes-worlds-largest-community-of-data-enthusiasts-to-12th-annual-customer-conference-300957404.html,prnewswire.com,English,0.0,gdelt_gkg
NOW,2019-11-13,Rocketrip Launches One - of - a - Kind Business Travel Recommendation Engine,https://www.prnewswire.com:443/news-releases/rocketrip-launches-one-of-a-kind-business-travel-recommendation-engine-300956760.html,prnewswire.com,English,0.0,gdelt_gkg
NOW,2019-11-13,SAP to streamline hardware infrastructure in drive to lift margins,https://www.iol.co.za/business-report/international/sap-to-streamline-hardware-infrastructure-in-drive-to-lift-margins-37124067,iol.co.za,English,0.0,gdelt_gkg
NOW,2019-11-13,Atlassian expands Jira Service Desk to non - IT biz teams,https://www.computerworld.com/article/3453358/atlassian-expands-jira-service-desk-to-non-it-biz-teams.html,computerworld.com,English,0.0,gdelt_gkg
NOW,2019-11-13,"Looking to Impact  Real Lives , a Tech Billionaire Makes a Big Campus Gift for AI Inside Philanthropy",https://www.insidephilanthropy.com/home/2019/11/13/looking-to-impact-real-lives-a-tech-billionaire-makes-a-big-campus-gift-for-ai,insidephilanthropy.com,English,0.0,gdelt_gkg
NOW,2019-11-13,"Trump Endangers Trade Deal , Honey Badger Market Dont Care , So Let Shop Shopify , MongoDB And ServiceNow",https://seekingalpha.com/article/4306334-trump-endangers-trade-deal-honey-badger-market-care-shop-shopify-mongodb-servicenow,seekingalpha.com,English,0.0,gdelt_gkg
NOW,2019-11-13,Evaluating RPA Tools ? 32 Questions IT Leaders Should Ask,https://www.cio.com/article/3453385/evaluating-rpa-tools-32-questions-it-leaders-should-ask.html,cio.com,English,0.0,gdelt_gkg
NOW,2019-11-13,Atlassian expands Jira Service Desk to non - IT biz teams,https://www.arnnet.com.au/article/668622/atlassian-expands-jira-service-desk-non-it-biz-teams/,arnnet.com.au,English,0.0,gdelt_gkg
NOW,2019-11-14,GridGain and Azul Systems Collaborate to Enable Java for Very Low - Latency Use Cases at Massive Scale,https://forextv.com/top-news/gridgain-and-azul-systems-collaborate-to-enable-java-for-very-low-latency-use-cases-at-massive-scale/,forextv.com,English,0.0,gdelt_gkg
NOW,2019-11-14,Nike Amazon  divorce  highlights the importance of direct - to - consumer in a brand - conscious omni - channel retail market,https://diginomica.com/nikes-amazon-divorce-highlights-importance-direct-consumer-brand-conscious-omni-channel-retail,diginomica.com,English,0.0,gdelt_gkg
NOW,2019-11-14,Research Report Explores the APAC Project Portfolio Management ( PPM ) market Market 2019 - 2025,https://brazilbusiness.einnews.com/pr_news/502041822/research-report-explores-the-apac-project-portfolio-management-ppm-market-market-2019-2025,brazilbusiness.einnews.com,English,0.0,gdelt_gkg
NOW,2019-11-14,Atlassian expands Jira Service Desk to non - IT biz teams,https://www.reseller.co.nz/article/668622/atlassian-expands-jira-service-desk-non-it-biz-teams/,reseller.co.nz,English,0.0,gdelt_gkg
NOW,2019-11-14,Nike deja de vender en Amazon | Economía,https://elpais.com/economia/2019/11/14/actualidad/1573687136_787134.html,elpais.com,Spanish,0.0,gdelt_gkg
NOW,2019-11-14,Lyell Wealth Management LP Boosts Stake in ServiceNow Inc ( NYSE : NOW ) ,https://www.wkrb13.com/2019/11/13/lyell-wealth-management-lp-boosts-stake-in-servicenow-inc-nysenow.html,wkrb13.com,English,0.0,gdelt_gkg
NOW,2019-11-14,Atlassian expands Jira Service Desk to non - IT biz teams,https://www.computerworld.co.nz/article/668622/atlassian-expands-jira-service-desk-non-it-biz-teams/,computerworld.co.nz,English,0.0,gdelt_gkg
NOW,2019-11-14,GridGain Systems : GridGain and Azul Systems Collaborate to Enable Java for Very Low - Latency Use Cases at Massive Scale,https://www.finanznachrichten.de/nachrichten-2019-11/48175265-gridgain-systems-gridgain-and-azul-systems-collaborate-to-enable-java-for-very-low-latency-use-cases-at-massive-scale-399.htm,finanznachrichten.de,English,0.0,gdelt_gkg
NOW,2019-11-14,Acceptto Appoints Serial Entrepreneur and Enterprise Software Heavyweight Jim Kaskade to Board of Directors,https://www.prnewswire.com/news-releases/acceptto-appoints-serial-entrepreneur-and-enterprise-software-heavyweight-jim-kaskade-to-board-of-directors-300958228.html,prnewswire.com,English,0.0,gdelt_gkg
NOW,2019-11-14,"Director of Servicenow , Inc . ( NYSE : NOW ), Luddy Frederic B , sells 22 , 000 shares worth , 470 , 851",https://empowerednews.net/director-of-servicenow-inc-nysenow-luddy-frederic-b-sells-22000-shares-worth-5470851/181638675/,empowerednews.net,English,0.0,gdelt_gkg
NOW,2019-11-14,Acceptto Appoints Serial Entrepreneur and Enterprise Software Heavyweight Jim Kaskade to Board of Directors,https://www.prnewswire.com:443/news-releases/acceptto-appoints-serial-entrepreneur-and-enterprise-software-heavyweight-jim-kaskade-to-board-of-directors-300958228.html,prnewswire.com,English,0.0,gdelt_gkg
NOW,2019-11-14,GridGain and Azul Systems Collaborate to Enable Java for Very Low - Latency Use Cases at Massive Scale,http://www.globenewswire.com/news-release/2019/11/14/1946911/0/en/GridGain-and-Azul-Systems-Collaborate-to-Enable-Java-for-Very-Low-Latency-Use-Cases-at-Massive-Scale.html,globenewswire.com,English,0.0,gdelt_gkg
NOW,2019-11-14,The Digital Elephant And The CFO,https://www.forbes.com/sites/neiledwards/2019/11/14/the-digital-elephant-and-the-cfo/,forbes.com,English,0.0,gdelt_gkg
NOW,2019-11-14,"PRESIDENT , GLOBAL CUSTOMER OPS of Servicenow , Inc . ( NYSE : NOW ), Schneider David , sells 2 , 446 shares worth 4 , 920",https://empowerednews.net/president-global-customer-ops-of-servicenow-inc-nysenow-schneider-david-sells-2446-shares-worth-604920/181638677/,empowerednews.net,English,0.0,gdelt_gkg
NOW,2019-11-14,1901 Group Boosts Roster With Industry Vet As VP Of Marketing,https://www.crn.com/news/channel-programs/1901-group-boosts-roster-with-industry-vet-as-vp-of-marketing,crn.com,English,0.0,gdelt_gkg
NOW,2019-11-14,Sitetracker and Carahsoft Partner to Manage Deployment of Critical Infrastructure for Government Agencies,https://www.globenewswire.com/news-release/2019/11/14/1947470/0/en/Sitetracker-and-Carahsoft-Partner-to-Manage-Deployment-of-Critical-Infrastructure-for-Government-Agencies.html,globenewswire.com,English,0.0,gdelt_gkg
NOW,2019-11-14,AIIA US trade delegation lays the groundwork for Australia next wave of digital tech - Media Releases - CSO,https://www.cso.com.au/mediareleases/36246/aiias-us-trade-delegation-lays-the-groundwork-for/,cso.com.au,English,0.0,gdelt_gkg
NOW,2019-11-14,Regional IT Application Support Specialist,https://reliefweb.int/job/3395173/regional-it-application-support-specialist,reliefweb.int,English,0.0,gdelt_gkg
NOW,2019-11-14,MasterCard and Harvard unit unveil innovation tool,https://www.businessdailyafrica.com/corporate/tech/MasterCard-and-Harvard-unit-unveil-innovation-tool/4258474-5348702-14t9gjlz/,businessdailyafrica.com,English,0.0,gdelt_gkg
NOW,2019-11-14,What matters to millennials ? Atlantic Canada young voters are letting their issues be known | Next - Gen - Voters | In - Depth,https://www.saltwire.com/in-depth/next-gen-voters/what-matters-to-millennials-atlantic-canadas-young-voters-are-letting-their-issues-be-known-351669/,saltwire.com,English,0.0,gdelt_gkg
NOW,2019-11-14,ServiceNow BrandVoice : An IT Manifesto,https://www.forbes.com/sites/servicenow/2019/11/14/an-it-manifesto/,forbes.com,English,0.0,gdelt_gkg
NOW,2019-11-14,Steampunk Hires Geoff Vaughan to Lead Operations for its Federal Civilian Sector,https://www.prnewswire.com/news-releases/steampunk-hires-geoff-vaughan-to-lead-operations-for-its-federal-civilian-sector-300958643.html,prnewswire.com,English,0.0,gdelt_gkg
NOW,2019-11-14,Steampunk Hires Geoff Vaughan to Lead Operations for its Federal Civilian Sector,http://www.insidenova.com/news/state/steampunk-hires-geoff-vaughan-to-lead-operations-for-its-federal/article_9f785d19-fa1f-5531-934d-2daa423524bb.html,insidenova.com,English,0.0,gdelt_gkg
NOW,2019-11-14,Steampunk Hires Geoff Vaughan to Lead Operations for its Federal Civilian Sector,https://www.tmcnet.com/usubmit/2019/11/14/9053809.htm,tmcnet.com,English,0.0,gdelt_gkg
NOW,2019-11-14,Sitetracker and Carahsoft Partner to Manage Deployment of Critical Infrastructure for Government Agencies,https://www.tmcnet.com/usubmit/2019/11/14/9053776.htm,tmcnet.com,English,0.0,gdelt_gkg
NOW,2019-11-14,Sitetracker and Carahsoft Partner to Manage Deployment of Critical Infrastructure for Government Agencies,http://www.globenewswire.com/news-release/2019/11/14/1947470/0/en/Sitetracker-and-Carahsoft-Partner-to-Manage-Deployment-of-Critical-Infrastructure-for-Government-Agencies.html,globenewswire.com,English,0.0,gdelt_gkg
NOW,2019-11-14,"Trump Endangers Trade Deal , Honey Badger Market Dont Care , So Let Shopify MongoDB And ServiceNow",https://seekingalpha.com/article/4306334-trump-endangers-trade-deal-honey-badger-market-care-shopify-mongodb-servicenow,seekingalpha.com,English,0.0,gdelt_gkg
NOW,2019-11-14,Top 10 companies with the strongest long - term growth potential,https://www.valuewalk.com/2019/11/top-10-companies-with-the-strongest-long-term-growth-potential/,valuewalk.com,English,0.0,gdelt_gkg
NOW,2019-11-14,"Risk Management Market to Reach $18 . 50 Bn , Globally , by 2026 at 14 . 6 % CAGR : Allied Market Research",https://www.tmcnet.com/usubmit/2019/11/14/9053654.htm,tmcnet.com,English,0.0,gdelt_gkg
NOW,2019-11-14,DecisionLink Raises Investment to Advance the World First Customer Value Management Platform,https://www.tmcnet.com/usubmit/2019/11/14/9053644.htm,tmcnet.com,English,0.0,gdelt_gkg
NOW,2019-11-14,"Risk Management Market to Reach $18 . 50 Bn , Globally , by 2026 at 14 . 6 % CAGR : Allied Market Research",https://www.prnewswire.com:443/news-releases/risk-management-market-to-reach-18-50-bn-globally-by-2026-at-14-6-cagr-allied-market-research-300958400.html,prnewswire.com,English,0.0,gdelt_gkg
NOW,2019-11-14,Investegate |GridGain Systems Announcements | GridGain Systems : GridGain and Azul Systems Collaborate to Enable Java for Very Low - Latency Use Cases at Massive Scale,https://www.investegate.co.uk/gridgain-systems/gnw/gridgain-and-azul-systems-collaborate-to-enable-java-for-very-low-latency-use-cases-at-massive-scale/20191114080000H8046/,investegate.co.uk,English,0.0,gdelt_gkg
NOW,2019-11-15,RoboMQ Announces Availability of Microsoft Dynamics 365 and Business Central API Integration on Connect iPaaS,https://www.tmcnet.com/usubmit/2019/11/15/9054459.htm,tmcnet.com,English,0.0,gdelt_gkg
NOW,2019-11-15,"New Study on IT Service Management Tools Market 2019 : Top Players ( Availability and Performance Management , Network Management ) ",https://www.texasguardian.com/news/263087320/new-study-on-it-service-management-tools-market-2019-top-players-availability-and-performance-management-network-management,texasguardian.com,English,0.0,gdelt_gkg
NOW,2019-11-15,Acorio Named Boston Globe Top Place to Work for Third Year in a Row,https://www.businesswire.com/news/home/20191115005214/en/,businesswire.com,English,0.0,gdelt_gkg
NOW,2019-11-15,"Jim Cramer : It Not the Technology That Matters , It Who Buying It",https://realmoney.thestreet.com/jim-cramer/jim-cramer-it-s-not-the-technology-that-matters-it-s-who-s-buying-it-15168791,realmoney.thestreet.com,English,0.0,gdelt_gkg
NOW,2019-11-15,Acceptto Appoints Serial Entrepreneur and Enterprise Software Heavyweight Jim Kaskade to Board of Directors,https://finance.yahoo.com/news/acceptto-appoints-serial-entrepreneur-enterprise-140100634.html,finance.yahoo.com,English,0.0,gdelt_gkg
NOW,2019-11-15,"eHealth NSW new service management platform used by over 140 , 000 staff",https://www.zdnet.com/article/ehealth-nsws-new-service-management-platform-used-by-over-140000-staff/,zdnet.com,English,0.0,gdelt_gkg
NOW,2019-11-15,Acorio Named Boston Globe Top Place to Work for Third Year in a Row,https://www.businesswire.com/news/home/20191115005214/en/Acorio-Named-Boston-Globe%E2%80%99s-Top-Place-Work/,businesswire.com,English,0.0,gdelt_gkg
NOW,2019-11-15,"New Study on IT Service Management Tools Market 2019 : Top Players ( Availability and Performance Management , Network Management ) ",https://www.sandiegosun.com/news/263087320/new-study-on-it-service-management-tools-market-2019-top-players-availability-and-performance-management-network-management,sandiegosun.com,English,0.0,gdelt_gkg
NOW,2019-11-15,"Sonasoft Launches AURA , the World First AI - Powered People Support Engine OTC Markets : SSFT",http://www.globenewswire.com/news-release/2019/11/15/1947953/0/en/Sonasoft-Launches-AURA-the-World-s-First-AI-Powered-People-Support-Engine.html,globenewswire.com,English,0.0,gdelt_gkg
NOW,2019-11-15,RoboMQ Announces Availability of Microsoft Dynamics 365 and Business Central API Integration on Connect iPaaS,https://www.prnewswire.com:443/news-releases/robomq-announces-availability-of-microsoft-dynamics-365-and-business-central-api-integration-on-connect-ipaas-300959391.html,prnewswire.com,English,0.0,gdelt_gkg
NOW,2019-11-15,"New Study on IT Service Management Tools Market 2019 : Top Players ( Availability and Performance Management , Network Management ) ",https://www.newyorktelegraph.com/news/263087320/new-study-on-it-service-management-tools-market-2019-top-players-availability-and-performance-management-network-management,newyorktelegraph.com,English,0.0,gdelt_gkg
NOW,2019-11-15,RoboMQ Announces Availability of Microsoft Dynamics 365 and Business Central API Integration on Connect iPaaS,https://www.prnewswire.com/news-releases/robomq-announces-availability-of-microsoft-dynamics-365-and-business-central-api-integration-on-connect-ipaas-300959391.html,prnewswire.com,English,0.0,gdelt_gkg
NOW,2019-11-15,RoboMQ Announces Availability of Microsoft Dynamics 365 and Business Central API Integration on Connect iPaaS | 15 . 11 . 19,https://www.finanzen.ch/nachrichten/aktien/robomq-announces-availability-of-microsoft-dynamics-365-and-business-central-api-integration-on-connect-ipaas-1028694126,finanzen.ch,English,0.0,gdelt_gkg
NOW,2019-11-15,Acorio Named Boston Globe Top Place to Work for Third Year in a Row,https://www.tmcnet.com/usubmit/-acorio-named-boston-globes-top-place-work-third-/2019/11/15/9054158.htm,tmcnet.com,English,0.0,gdelt_gkg
NOW,2019-11-16,Inside Nike S23NYC SNKRS HQ & Ron Faris Interview,https://hypebeast.com/2019/11/nike-snkrs-app-s23nyc-digitial-studio-office-headquarters-ron-faris-interview,hypebeast.com,English,0.0,gdelt_gkg
NOW,2019-11-16,Analyst Recent Ratings Changes for ServiceNow ( NOW ) ,https://www.dailypolitical.com/2019/11/15/analysts-recent-ratings-changes-for-servicenow-now.html,dailypolitical.com,English,0.0,gdelt_gkg
NOW,2019-11-16,Analyst Recent Ratings Changes for ServiceNow ( NOW ) ,https://www.tickerreport.com/banking-finance/4802054/analysts-recent-ratings-changes-for-servicenow-now.html,tickerreport.com,English,0.0,gdelt_gkg
NOW,2019-11-16,Vernachlässigte Schwachstelle Public Cloud - silicon . de,https://www.silicon.de/experten-tipp/vernachlaessigte-schwachstelle-public-cloud,silicon.de,German,0.0,gdelt_gkg
NOW,2019-11-17,3 Monster Growth Stocks That Can Move Even Higher,https://www.nasdaq.com/articles/3-monster-growth-stocks-that-can-move-even-higher-2019-11-17,nasdaq.com,English,0.0,gdelt_gkg
NOW,2019-11-17,Hedge Funds Open Kimono : Here Are Their Top 5 Large - Cap Stock Picks,https://news.yahoo.com/hedge-funds-open-kimono-top-114102149.html,news.yahoo.com,English,0.0,gdelt_gkg
NOW,2019-11-17,3 Monster Growth Stocks That Can Move Even Higher,https://finance.yahoo.com/news/3-monster-growth-stocks-move-104457477.html,finance.yahoo.com,English,0.0,gdelt_gkg
NOW,2019-11-17,$942 . 59 Million in Sales Expected for ServiceNow Inc ( NYSE : NOW ) This Quarter,https://www.wkrb13.com/2019/11/17/942-59-million-in-sales-expected-for-servicenow-inc-nysenow-this-quarter.html,wkrb13.com,English,0.0,gdelt_gkg
NOW,2019-11-17,Daily Insider Ratings Round Up 11 / 13 / 19,https://seekingalpha.com/article/4307302-daily-insider-ratings-round-11-13-19,seekingalpha.com,English,0.0,gdelt_gkg
NOW,2019-11-17,3 Monster Growth Stocks That Can Move Even Higher,https://news.yahoo.com/3-monster-growth-stocks-move-104457477.html,news.yahoo.com,English,0.0,gdelt_gkg
NOW,2019-11-18,Salesforce Dreamforce 2019 Live Blog : Cloud Partner News,https://www.channele2e.com/news/salesforce-dreamforce-2019-live-blog/,channele2e.com,English,0.0,gdelt_gkg
NOW,2019-11-18,GridGain Systems Named to Deloitte 2019 Technology Fast 500™ for Second Consecutive Year,http://www.globenewswire.com/news-release/2019/11/18/1948386/0/en/GridGain-Systems-Named-to-Deloitte-2019-Technology-Fast-500-for-Second-Consecutive-Year.html,globenewswire.com,English,0.0,gdelt_gkg
NOW,2019-11-18,SAP terminates advisory contract with former CEO McDermott,https://www.reuters.com/article/us-sap-ceo-mcdermott/sap-terminates-advisory-contract-with-former-ceo-mcdermott-idUSKBN1XS1Y0,reuters.com,English,0.0,gdelt_gkg
NOW,2019-11-18,SunLive - Safety improvements planned for SH2 in the BOP,https://www.sunlive.co.nz/news/226948-safety-improvements-planned-sh2-bop.html,sunlive.co.nz,English,0.0,gdelt_gkg
NOW,2019-11-18,ServiceNow stock jumps on cloud company addition to the S & P 500,https://www.cnbc.com/2019/11/18/servicenows-stock-jumps-on-cloud-companys-addition-to-the-sp-500.html,cnbc.com,English,0.0,gdelt_gkg
NOW,2019-11-18,SAP terminates advisory contract with former CEO McDermott,https://in.reuters.com/article/us-sap-ceo-mcdermott/sap-terminates-advisory-contract-with-former-ceo-mcdermott-idINKBN1XS1Y0,in.reuters.com,English,0.0,gdelt_gkg
NOW,2019-11-18,"Tech Retakes Leadership Role With Chips And Cloud Names Moving Higher , I See A Pattern",https://seekingalpha.com/article/4307585-tech-retakes-leadership-role-chips-cloud-names-moving-higher-see-pattern,seekingalpha.com,English,0.0,gdelt_gkg
NOW,2019-11-18,SAP terminates advisory contract with former CEO McDermott,https://uk.reuters.com/article/us-sap-ceo-mcdermott/sap-terminates-advisory-contract-with-former-ceo-mcdermott-idUKKBN1XS1Y0,uk.reuters.com,English,0.0,gdelt_gkg
NOW,2019-11-18,Needham Sticks to Its Buy Rating for New Relic ( NEWR ) ,https://www.analystratings.com/articles/needham-sticks-to-its-buy-rating-for-new-relic-newr/,analystratings.com,English,0.0,gdelt_gkg
NOW,2019-11-18,Microsoft brings back coopetition : Salesforce partnership part of bigger plan,https://www.zdnet.com/article/microsoft-brings-back-coopetition-salesforce-partnership-part-of-bigger-plan/,zdnet.com,English,0.0,gdelt_gkg
NOW,2019-11-18,Bill McDermott takes reins as ServiceNow CEO sooner than expected with new CFO – TechCrunch,https://techcrunch.com/2019/11/18/bill-mcdermott-takes-reins-as-servicenow-ceo-sooner-than-expected-with-new-cfo/,techcrunch.com,English,0.0,gdelt_gkg
NOW,2019-11-18,On the quest for a modern and meaningful work experience,https://diginomica.com/quest-modern-and-meaningful-work-experience,diginomica.com,English,0.0,gdelt_gkg
NOW,2019-11-18,ServiceNow BrandVoice : What The Heck Is AIOps ? ,https://www.forbes.com/sites/servicenow/2019/11/18/what-the-heck-is-aiops/,forbes.com,English,0.0,gdelt_gkg
NOW,2019-11-18,ServiceNow Names Gina Mastantuono as Chief Financial Officer,https://www.finanzen.net/nachricht/aktien/servicenow-names-gina-mastantuono-as-chief-financial-officer-8233266,finanzen.net,English,0.0,gdelt_gkg
NOW,2019-11-18,"The 1998 Analogy : Why It Works , And Why Tech May Still Be On Top",https://seekingalpha.com/article/4307380-1998-analogy-works-tech-may-still-top,seekingalpha.com,English,0.0,gdelt_gkg
NOW,2019-11-18,Canaccord Genuity Downgrades Okta ( OKTA ) to Hold,https://www.analystratings.com/articles/canaccord-genuity-downgrades-okta-okta-to-hold/,analystratings.com,English,0.0,gdelt_gkg
NOW,2019-11-19,DecisionLink Debuts ValueCloud® for Sales at Dreamforce,https://www.tmcnet.com/usubmit/2019/11/19/9055655.htm,tmcnet.com,English,0.0,gdelt_gkg
NOW,2019-11-19,ServiceNow names Gina Mastantuono as Chief Financial Officer,https://www.itp.net/business/90421-servicenow-names-gina-mastantuono-as-chief-financial-officer,itp.net,English,0.0,gdelt_gkg
NOW,2019-11-19,Astonishing Growth of Cloud Project Portfolio Managements Market Increasing Popularity to Boost Growth by 2029 - Media Releases - CSO,https://www.cso.com.au/mediareleases/36300/astonishing-growth-of-cloud-project-portfolio/,cso.com.au,English,0.0,gdelt_gkg
NOW,2019-11-19,"18 months after acquisition , MuleSoft is integrating more deeply into Salesforce – TechCrunch",https://techcrunch.com/2019/11/18/18-months-after-acquisition-mulesoft-is-integrating-deeper-into-salesforce/,techcrunch.com,English,0.0,gdelt_gkg
NOW,2019-11-19,MuleSoft Empowers Anyone to Unlock Data and Create Connected Customer Experiences With Clicks Not Code,https://www.prnewswire.com:443/news-releases/mulesoft-empowers-anyone-to-unlock-data-and-create-connected-customer-experiences-with-clicks-not-code-300960326.html,prnewswire.com,English,0.0,gdelt_gkg
NOW,2019-11-19,"Stocks making the biggest moves after hours : ServiceNow , Alliance Data , AMC Entertainment and more",https://www.cnbc.com/2019/11/18/stocks-making-the-biggest-moves-after-hours-servicenow-alliance-data-amc-entertainment-and-more.html,cnbc.com,English,0.0,gdelt_gkg
NOW,2019-11-19,Bill McDermott Buys David Sack $22 Million Atherton House – Variety,https://variety.com/2019/dirt/more-dirt/bill-mcdermott-buys-david-sacks-22-million-silicon-valley-estate-1203408679/,variety.com,English,0.0,gdelt_gkg
NOW,2019-11-19,MuleSoft Empowers Anyone to Unlock Data and Create Connected Customer Experiences With Clicks Not Code,https://www.tmcnet.com/usubmit/2019/11/18/9055445.htm,tmcnet.com,English,0.0,gdelt_gkg
NOW,2019-11-19,"ServiceNow to Join S & P 500 , Shares Trading Higher",https://www.morningstar.com/news/dow-jones/201911189504/servicenow-to-join-sp-500-shares-trading-higher,morningstar.com,English,0.0,gdelt_gkg
NOW,2019-11-19,MuleSoft Empowers Anyone to Unlock Data and Create Connected Customer Experiences With Clicks Not Code | 19 . 11 . 19,https://www.finanzen.ch/nachrichten/aktien/mulesoft-empowers-anyone-to-unlock-data-and-create-connected-customer-experiences-with-clicks-not-code-1028698259,finanzen.ch,English,0.0,gdelt_gkg
NOW,2019-11-19,Dreamforce2019 : Mulesoft veut démocratiser lintégration dapplications,https://www.linformaticien.com/actualites/id/53299/dreamforce2019-mulesoft-veut-democratiser-l-integration-d-applications.aspx,linformaticien.com,French,0.0,gdelt_gkg
NOW,2019-11-19,Salesforce Mulesoft rolls out no - code data integration tools,https://www.zdnet.com/article/salesforces-mulesoft-rolls-out-no-code-data-integration-tools/,zdnet.com,English,0.0,gdelt_gkg
NOW,2019-11-19,MORNING BRIEFING - united states / Asien,https://www.finanznachrichten.de/nachrichten-2019-11/48212443-morning-briefing-usa-asien-015.htm,finanznachrichten.de,German,0.0,gdelt_gkg
NOW,2019-11-19,K2 Announces Winners of The Annual K2 EMEA Customer Awards,https://www.globenewswire.com/news-release/2019/11/19/1949114/0/en/K2-Announces-Winners-of-The-Annual-K2-EMEA-Customer-Awards.html,globenewswire.com,English,0.0,gdelt_gkg
NOW,2019-11-19,K2 Announces Winners of The Annual K2 EMEA Customer Awards,https://www.finanznachrichten.de/nachrichten-2019-11/48212890-k2-announces-winners-of-the-annual-k2-emea-customer-awards-399.htm,finanznachrichten.de,English,0.0,gdelt_gkg
NOW,2019-11-19,K2 Announces Winners of The Annual K2 EMEA Customer Awards,http://www.globenewswire.com/news-release/2019/11/19/1949114/0/en/K2-Announces-Winners-of-The-Annual-K2-EMEA-Customer-Awards.html,globenewswire.com,English,0.0,gdelt_gkg
NOW,2019-11-19,"Buchanan & Edwards Advances to Premier Partner Status With ServiceNow , Boosts Cloud Capabilities and Services",https://www.pressreleasepoint.com/buchanan-edwards-advances-premier-partner-status-servicenow-boosts-cloud-capabilities-and-services,pressreleasepoint.com,English,0.0,gdelt_gkg
NOW,2019-11-19,Talend SA ( TLND ) Receives a Buy from Needham,https://www.analystratings.com/articles/talend-sa-tlnd-receives-a-buy-from-needham/,analystratings.com,English,0.0,gdelt_gkg
NOW,2019-11-19,Needham Sticks to Its Buy Rating for Alteryx ( AYX ) ,https://www.analystratings.com/articles/needham-sticks-to-its-buy-rating-for-alteryx-ayx/,analystratings.com,English,0.0,gdelt_gkg
NOW,2019-11-19,Ingram Micro promotes new CFO from strategy and operations role,https://www.cfodive.com/news/ingram-micro-promotes-new-cfo-from-strategy-and-operations-role/567549/,cfodive.com,English,0.0,gdelt_gkg
NOW,2019-11-19,Aussie declines as some now see Dec policy meeting as  live  following minutes release,https://www.fxstreet.com/analysis/aussie-declines-as-some-now-see-dec-policy-meeting-as-live-following-minutes-release-201911190624,fxstreet.com,English,0.0,gdelt_gkg
NOW,2019-11-19,TikTok Bid to Regain Trust - The New York Times,https://www.nytimes.com/2019/11/19/business/dealbook/tiktok-trust.html,nytimes.com,English,0.0,gdelt_gkg
NOW,2019-11-19,ServiceNow stock up 4 % on news it is joining the S & P 500,https://forextv.com/market-news/servicenow-stock-up-4-on-news-it-is-joining-the-sp-500/,forextv.com,English,0.0,gdelt_gkg
NOW,2019-11-19,"Home Depot , Kohl slip while Medicines , ServiceNow advance",http://www.dailyjournal.net/2019/11/19/financial-markets-stocks-4/,dailyjournal.net,English,0.0,gdelt_gkg
NOW,2019-11-19,Thermo Fisher Scientific Set to Join S & P 100 ; ServiceNow to Join S & P 500,https://www.prnewswire.com:443/news-releases/thermo-fisher-scientific-set-to-join-sp-100-servicenow-to-join-sp-500-300961102.html,prnewswire.com,English,0.0,gdelt_gkg
NOW,2019-11-19,"Technology Sector Update for 11 / 19 / 2019 : NOW , CELG , BMY , JKS , VNET",https://www.nasdaq.com/articles/technology-sector-update-for-11-19-2019:-nowcelgbmyjksvnet-2019-11-19,nasdaq.com,English,0.0,gdelt_gkg
NOW,2019-11-19,Thermo Fisher Scientific Set to Join S & P 100 ; ServiceNow to Join S & P 500,https://www.prnewswire.com/news-releases/thermo-fisher-scientific-set-to-join-sp-100-servicenow-to-join-sp-500-300961102.html,prnewswire.com,English,0.0,gdelt_gkg
NOW,2019-11-19,DataXoom App Launched in the ServiceNow Store - Free for DataXoom Enterprise Customers Currently Using ServiceNow,https://www.prweb.com/releases/dataxoom_app_launched_in_the_servicenow_store_free_for_dataxoom_s_enterprise_customers_currently_using_servicenow/prweb16730758.htm,prweb.com,English,0.0,gdelt_gkg
NOW,2019-11-19,Carahsoft Awarded LinkedIn Learning Master Vendor of Record Agreement to Help Government of Ontario Workforces Build Skills for the Future,https://www.tmcnet.com/usubmit/2019/11/19/9056363.htm,tmcnet.com,English,0.0,gdelt_gkg
NOW,2019-11-19,"IntegrityPro Consulting , LLC Transitions to ServiceNow Premier Partner Program Segment",https://www.tmcnet.com/usubmit/-integritypro-consulting-llc-transitions-servicenows-premier-partner-program-/2019/11/19/9055826.htm,tmcnet.com,English,0.0,gdelt_gkg
NOW,2019-11-19,"Dont Buy Dunham Small Cap Growth Fund , The Worst Rated Fund In Our Coverage Universe",https://seekingalpha.com/article/4307582-buy-dunham-small-cap-growth-fund-worst-rated-fund-coverage-universe,seekingalpha.com,English,0.0,gdelt_gkg
NOW,2019-11-19,"Daily Markets : Home Depot , Kohl Earnings Disappoint",https://www.nasdaq.com/articles/daily-markets:-home-depot-kohls-earnings-disappoint-2019-11-19,nasdaq.com,English,0.0,gdelt_gkg
NOW,2019-11-19,"Technology Sector Update for 11 / 19 / 2019 : JKS , NOW , CELG , BMY , BILI , MSFT , AAPL , IBM , CSCO , GOOG",https://www.nasdaq.com/articles/technology-sector-update-for-11-19-2019:-jks-now-celg-bmy-bili-msft-aapl-ibm-csco-goog,nasdaq.com,English,0.0,gdelt_gkg
NOW,2019-11-19,Thermo Fisher Scientific Set to Join S & P 100 ; ServiceNow to Join S & P 500,https://markets.businessinsider.com/news/stocks/thermo-fisher-scientific-set-to-join-s-p-100-servicenow-to-join-s-p-500-1028701222,markets.businessinsider.com,English,0.0,gdelt_gkg
NOW,2019-11-19,Carahsoft Awarded LinkedIn Learning Master Vendor of Record Agreement to Help Government of Ontario Workforces Build Skills for the Future,http://www.globenewswire.com/news-release/2019/11/19/1949635/0/en/Carahsoft-Awarded-LinkedIn-Learning-Master-Vendor-of-Record-Agreement-to-Help-Government-of-Ontario-Workforces-Build-Skills-for-the-Future.html,globenewswire.com,English,0.0,gdelt_gkg
NOW,2019-11-19,"BUZZ - U . S . STOCKS ON THE MOVE - Oil companies , Slack , Altria , Urban Outfitters",https://www.nasdaq.com/articles/buzz-u.s.-stocks-on-the-move-oil-companies-slack-altria-urban-outfitters-2019-11-19,nasdaq.com,English,0.0,gdelt_gkg
NOW,2019-11-19,Daybook - Tuesday - General,https://kvia.com/news/us-world/2019/11/19/daybook-tuesday-general/,kvia.com,English,0.0,gdelt_gkg
NOW,2019-11-19,"Home Depot , Kohl slip while Medicines , ServiceNow advance",https://www.680news.com/2019/11/19/home-depot-kohls-slip-while-medicines-servicenow-advance/,680news.com,English,0.0,gdelt_gkg
NOW,2019-11-19,"Technology Sector Update for 11 / 19 / 2019 : AVGO , NOW , CELG , BMY , JKS , VNET",https://www.nasdaq.com/articles/technology-sector-update-for-11-19-2019:-avgonowcelgbmyjksvnet-2019-11-19,nasdaq.com,English,0.0,gdelt_gkg
NOW,2019-11-19,"Home Depot , Kohl slip while Medicines , ServiceNow advance",https://www.chron.com/business/article/Home-Depot-Kohl-s-slip-while-Medicines-14847326.php,chron.com,English,0.0,gdelt_gkg
NOW,2019-11-19,"Home Depot , Kohl slip while Medicines , ServiceNow advance",https://www.sfgate.com/business/article/Home-Depot-Kohl-s-slip-while-Medicines-14847326.php,sfgate.com,English,0.0,gdelt_gkg
NOW,2019-11-19,30 Notable IT Executive Moves : October 2019,https://www.crn.com/slide-shows/storage/30-notable-it-executive-moves-october-2019,crn.com,English,0.0,gdelt_gkg
NOW,2019-11-19,"Eaton Square Releases Global Outlook 2020 for Technology , Media and Telecoms M & A",https://www.prweb.com/releases/eaton_square_releases_global_outlook_2020_for_technology_media_and_telecoms_m_a/prweb16729231.htm,prweb.com,English,0.0,gdelt_gkg
NOW,2019-11-19,"Daily Markets : Home Depot , Kohl Earnings Disappoint",https://www.nasdaq.com/articles/daily-markets%3A-home-depot-kohls-earnings-disappoint-2019-11-19,nasdaq.com,English,0.0,gdelt_gkg
NOW,2019-11-20,"Unisys Launches CloudForte® for ServiceNow , a Solution to Help Clients Securely Modernize , Operate and Manage Critical Mission and Business Functions",http://www.bradfordera.com/news/state/unisys-launches-cloudforte-for-servicenow-a-solution-to-help-clients/article_19779e0d-8ae9-5f50-9337-faf6779d1535.html,bradfordera.com,English,0.0,gdelt_gkg
NOW,2019-11-20,Movers and shakers : Hannah Walton is new head of digital at Metlifecare,https://www.cio.co.nz/article/668835/movers-and-shakers-hannah-walton-is-new-head-of-digital-at-metlifecare/,cio.co.nz,English,0.0,gdelt_gkg
NOW,2019-11-20,Jim Cramer : Selling software stocks on trade worries is a  big mistake  ,https://www.cnbc.com/2019/11/19/jim-cramer-selling-software-stocks-on-trade-worries-is-a-big-mistake.html,cnbc.com,English,0.0,gdelt_gkg
NOW,2019-11-20,"Home Depot , Kohl slip while Medicines , ServiceNow advance",https://www.washingtonpost.com/business/home-depot-kohls-slip-while-medicines-servicenow-advance/2019/11/19/d6956688-0b17-11ea-8054-289aef6e38a3_story.html,washingtonpost.com,English,0.0,gdelt_gkg
NOW,2019-11-20,iTWire - MuleSoft Anypoint Platform hooks up with Salesforce Customer 360,https://www.itwire.com/cloud/mulesoft-anypoint-platform-hooks-up-with-salesforce-customer-360.html,itwire.com,English,0.0,gdelt_gkg
NOW,2019-11-20,"Home Depot , Kohl slip while Medicines , ServiceNow advance",http://www.tribtown.com/2019/11/19/financial-markets-stocks-4/,tribtown.com,English,0.0,gdelt_gkg
NOW,2019-11-20,Movers and shakers : Hannah Walton is new head of digital at Metlifecare,https://www.cio.co.nz/article/668835/movers-shakers-hannah-walton-new-head-digital-metlifecare/,cio.co.nz,English,0.0,gdelt_gkg
NOW,2019-11-20,"Home Depot , Kohl slip while Medicines , ServiceNow advance",http://www.therepublic.com/2019/11/19/financial-markets-stocks-4/,therepublic.com,English,0.0,gdelt_gkg
NOW,2019-11-20,GlideFast Consulting Is Teamed with Leidos on NASA NEST Contract,https://www.tmcnet.com/usubmit/2019/11/20/9056853.htm,tmcnet.com,English,0.0,gdelt_gkg
NOW,2019-11-20,Making automation easy,https://www.strategy-business.com/article/Making-automation-easy,strategy-business.com,English,0.0,gdelt_gkg
NOW,2019-11-20,Making automation easy,https://www.strategy-business.com/article/Making-automation-easy?gko=13364,strategy-business.com,English,0.0,gdelt_gkg
NOW,2019-11-20,"Unisys Launches CloudForte® for ServiceNow , a Solution to Help Clients Securely Modernize , Operate and Manage Critical Mission and Business Functions",https://www.prnewswire.com:443/news-releases/unisys-launches-cloudforte-for-servicenow-a-solution-to-help-clients-securely-modernize-operate-and-manage-critical-mission-and-business-functions-300961952.html,prnewswire.com,English,0.0,gdelt_gkg
NOW,2019-11-20,"Unisys Launches CloudForte® for ServiceNow , a Solution to Help Clients Securely Modernize , Operate and Manage Critical Mission and Business Functions",https://www.prnewswire.com/news-releases/unisys-launches-cloudforte-for-servicenow-a-solution-to-help-clients-securely-modernize-operate-and-manage-critical-mission-and-business-functions-300961952.html,prnewswire.com,English,0.0,gdelt_gkg
NOW,2019-11-20,Daily Markets : New Trump Tariff Threats Renew Market Anxieties,https://www.nasdaq.com/articles/daily-markets:-new-trump-tariff-threats-renew-market-anxieties-2019-11-20,nasdaq.com,English,0.0,gdelt_gkg
NOW,2019-11-20,ServiceNow ( NYSE : NOW ) Shares Gap Up to $266 . 31,https://www.themarketsdaily.com/2019/11/20/servicenow-nysenow-shares-gap-up-to-266-31.html,themarketsdaily.com,English,0.0,gdelt_gkg
NOW,2019-11-20,"Unisys Launches CloudForte® for ServiceNow , a Solution to Help Clients Securely Modernize , Operate and Manage Critical Mission and Business Functions",https://www.dailyamerican.com/news/state/unisys-launches-cloudforte-for-servicenow-a-solution-to-help-clients/article_637f504b-4dec-5076-890e-3f89f6f0ea6f.html,dailyamerican.com,English,0.0,gdelt_gkg
NOW,2019-11-20,"Home Depot , Kohl slip while Medicines , ServiceNow advance",https://abcnews.go.com/Business/wireStory/home-depot-kohls-slip-medicines-servicenow-advance-67145682,abcnews.go.com,English,0.0,gdelt_gkg
NOW,2019-11-20,"Selling software service stocks on trade worries is a  big mistake , Jim Cramer says",https://www.msn.com/en-us/finance/markets/selling-software-service-stocks-on-trade-worries-is-a-big-mistake-jim-cramer-says/ar-BBX0XQv,msn.com,English,0.0,gdelt_gkg
NOW,2019-11-20,"ServiceNow Inc ( NYSE : NOW ) Insider Chirantan Jitendra Desai Sells 2 , 836 Shares",https://www.wkrb13.com/2019/11/20/servicenow-inc-nysenow-insider-chirantan-jitendra-desai-sells-2836-shares.html,wkrb13.com,English,0.0,gdelt_gkg
NOW,2019-11-20,Reimagine inside sales to ramp up B2B customer acquisition – TechCrunch,https://techcrunch.com/2019/11/20/reimagine-inside-sales-to-ramp-up-b2b-customer-acquisition/,techcrunch.com,English,0.0,gdelt_gkg
NOW,2019-11-20,Axos Bank Adopts Glance Visual Engagement to Improve Digital Banking,http://www.globenewswire.com/news-release/2019/11/20/1950302/0/en/Axos-Bank-Adopts-Glance-Visual-Engagement-to-Improve-Digital-Banking.html,globenewswire.com,English,0.0,gdelt_gkg
NOW,2019-11-20,Axos Bank Adopts Glance Visual Engagement to Improve Digital Banking,https://www.tmcnet.com/usubmit/2019/11/20/9057373.htm,tmcnet.com,English,0.0,gdelt_gkg
NOW,2019-11-20,Loom Systems Raises $10 Million to Predict IT Incidents With AIOps,https://www.prnewswire.com/news-releases/loom-systems-raises-10-million-to-predict-it-incidents-with-aiops-300956830.html,prnewswire.com,English,0.0,gdelt_gkg
NOW,2019-11-20,Loom Systems Raises $10 Million to Predict IT Incidents With AIOps,https://www.tmcnet.com/usubmit/2019/11/20/9057344.htm,tmcnet.com,English,0.0,gdelt_gkg
NOW,2019-11-20,Loom Systems Raises $10 Million to Predict IT Incidents With AIOps,https://www.prnewswire.com:443/news-releases/loom-systems-raises-10-million-to-predict-it-incidents-with-aiops-300956830.html,prnewswire.com,English,0.0,gdelt_gkg
NOW,2019-11-20,"Unisys Launches CloudForte® for ServiceNow , a Solution to Help Clients Securely Modernize , Operate and Manage Critical Mission and Business Functions",http://www.thecourierexpress.com/news/state/unisys-launches-cloudforte-for-servicenow-a-solution-to-help-clients/article_9057f4f7-16e2-52d8-94ee-a7009243fd4a.html,thecourierexpress.com,English,0.0,gdelt_gkg
NOW,2019-11-20,Keeping it clean - lessons from six months of arduous email newsletter delivery with PostUp,https://diginomica.com/keeping-it-clean-lessons-six-months-arduous-email-newsletter-delivery-postup,diginomica.com,English,0.0,gdelt_gkg
NOW,2019-11-20,"David Burrow Top Picks : Nov . 20 , 2019",https://www.bnnbloomberg.ca/david-burrows-top-picks-nov-20-2019-1.1350999,bnnbloomberg.ca,English,0.0,gdelt_gkg
NOW,2019-11-20,ServiceNow Rallies Ahead of Joining the S & P 500,https://www.morningstar.com/news/dow-jones/201911207803/servicenow-rallies-ahead-of-joining-the-sp-500,morningstar.com,English,0.0,gdelt_gkg
NOW,2019-11-20,Are You Ready For The Robots ? ,https://www.forbes.com/sites/neiledwards/2019/11/20/are-you-ready-for-the-robots/,forbes.com,English,0.0,gdelt_gkg
NOW,2019-11-20,Pharicode Partners With Leidos To Receive Award For NASA NEST Contract,https://finance.yahoo.com/news/pharicode-partners-leidos-receive-award-120000439.html,finance.yahoo.com,English,0.0,gdelt_gkg
NOW,2019-11-20,Unisys launches CloudForte for ServiceNow,https://www.scoop.co.nz/stories/BU1911/S00441/unisys-launches-cloudforte-for-servicenow.htm,scoop.co.nz,English,0.0,gdelt_gkg
NOW,2019-11-20,Business Scoop » Unisys launches CloudForte for ServiceNow,http://business.scoop.co.nz/2019/11/21/unisys-launches-cloudforte-for-servicenow/,business.scoop.co.nz,English,0.0,gdelt_gkg
NOW,2019-11-20,ServiceNow Rallies Ahead of Joining the S & P 500 Update,https://www.morningstar.com/news/dow-jones/201911209985/servicenow-rallies-ahead-of-joining-the-sp-500-update,morningstar.com,English,0.0,gdelt_gkg
NOW,2019-11-20,Axos Bank Adopts Glance Visual Engagement to Improve Digital Banking,http://sip-trunking.tmcnet.com/news/2019/11/20/9057373.htm,sip-trunking.tmcnet.com,English,0.0,gdelt_gkg
NOW,2019-11-20,Tech Down As Hopes For China Deal Fade -- Tech Roundup,https://www.marketscreener.com/ALIBABA-GROUP-HOLDING-17916677/news/Tech-Down-As-Hopes-For-China-Deal-Fade-Tech-Roundup-29618352/,marketscreener.com,English,0.0,gdelt_gkg
NOW,2019-11-21,pathcom . com Internet Service Provider | High Speed Internet Toronto,https://www.coolsocial.net/sites/www/pathcom.com.html,coolsocial.net,English,0.0,gdelt_gkg
NOW,2019-11-21,Illumio Updates ServiceNow App with Support for New York Release,https://www.tmcnet.com/usubmit/2019/11/21/9058025.htm,tmcnet.com,English,0.0,gdelt_gkg
NOW,2019-11-21,ServiceNow Launches Operations in Korea | PressReleasePoint,https://www.pressreleasepoint.com/servicenow-launches-operations-korea,pressreleasepoint.com,English,0.0,gdelt_gkg
NOW,2019-11-21,Illumio Updates ServiceNow App with Support for New York Release,https://markets.businessinsider.com/news/stocks/illumio-updates-servicenow-app-with-support-for-new-york-release-1028708034,markets.businessinsider.com,English,0.0,gdelt_gkg
NOW,2019-11-21,ServiceNow seeks to improve how Koreans work,http://www.koreatimes.co.kr/www/tech/2019/11/133_279108.html,koreatimes.co.kr,English,0.0,gdelt_gkg
NOW,2019-11-21,Illumio Updates ServiceNow App with Support for New York Release,https://www.marketwatch.com/press-release/illumio-updates-servicenow-app-with-support-for-new-york-release-2019-11-21,marketwatch.com,English,0.0,gdelt_gkg
NOW,2019-11-21,Daily Markets : Could We See Schwab Buy TD Ameritrade ? ,https://www.nasdaq.com/articles/daily-markets:-could-we-see-schwab-buy-td-ameritrade-2019-11-21,nasdaq.com,English,0.0,gdelt_gkg
NOW,2019-11-21,Enable Professional Services cracks 10th in CRN Fast50,https://www.crn.com.au/feature/2019-crn-fast50-no10---enable-professional-services-534403,crn.com.au,English,0.0,gdelt_gkg
NOW,2019-11-21,ServiceNow Inc ( NYSE : NOW ) Receives $292 . 31 Average PT from Analysts,https://www.wkrb13.com/2019/11/21/servicenow-inc-nysenow-receives-292-31-average-pt-from-analysts.html,wkrb13.com,English,0.0,gdelt_gkg
NOW,2019-11-21,Pure Storage Announces Third Quarter Fiscal 2020 Financial Results,https://www.prnewswire.com:443/news-releases/pure-storage-announces-third-quarter-fiscal-2020-financial-results-300963406.html,prnewswire.com,English,0.0,gdelt_gkg
NOW,2019-11-21,Pure Storage Announces Third Quarter Fiscal 2020 Financial Results,https://www.prnewswire.com/news-releases/pure-storage-announces-third-quarter-fiscal-2020-financial-results-300963406.html,prnewswire.com,English,0.0,gdelt_gkg
NOW,2019-11-21,Pure Storage Announces Third Quarter Fiscal 2020 Financial Results,https://www.tmcnet.com/usubmit/2019/11/21/9058470.htm,tmcnet.com,English,0.0,gdelt_gkg
NOW,2019-11-21,Unisys Offers New Workflow Automation Product,https://blog.executivebiz.com/2019/11/unisys-offers-new-workflow-automation-product/,blog.executivebiz.com,English,0.0,gdelt_gkg
NOW,2019-11-22,10 proveedores de soluciones SaaS para el negocio,https://cioperu.pe/articulo/29249/10-proveedores-de-soluciones-saas-para-el-negocio/,cioperu.pe,Spanish,0.0,gdelt_gkg
NOW,2019-11-22,"Pure Storage , Inc . ( PSTG ) Q3 2020 Earnings Call Transcript",https://www.fool.com/earnings/call-transcripts/2019/11/21/pure-storage-inc-pstg-q3-2020-earnings-call-transc.aspx?source=iedfolrf0000001,fool.com,English,0.0,gdelt_gkg
NOW,2019-11-22,Splunk ( SPLK ) Receives a Buy from Northland Securities,https://www.analystratings.com/articles/splunk-splk-receives-a-buy-from-northland-securities/,analystratings.com,English,0.0,gdelt_gkg
NOW,2019-11-22,"Pure Storage , Inc . ( PSTG ) CEO Charles Giancarlo on Q3 2020 Results - Earnings Call Transcript",https://seekingalpha.com/article/4308473-pure-storage-inc-pstg-ceo-charles-giancarlo-q3-2020-results-earnings-call-transcript,seekingalpha.com,English,0.0,gdelt_gkg
NOW,2019-11-22,CFOs On the Move : Week Ending November 22,https://www.cfo.com/people/2019/11/cfos-on-the-move-week-ending-november-22/,cfo.com,English,0.0,gdelt_gkg
NOW,2019-11-22,Enable Professional Services cracks 10th in CRN Fast50,https://www.crn.com.au/feature/enable-professional-services-cracks-10th-in-crn-fast50-534403,crn.com.au,English,0.0,gdelt_gkg
NOW,2019-11-22,"Software Asset Management Market Growth , Trends , Top Players , Demand , Overview , Opportunities , Industry Revenue and Forecast",https://www.marketwatch.com/press-release/software-asset-management-market-growth-trends-top-players-demand-overview-opportunities-industry-revenue-and-forecast-2019-11-22,marketwatch.com,English,0.0,gdelt_gkg
NOW,2019-11-23, ¿ Se ha convertido Mercadeo realmente en una profesión digital ? ,https://www.laprensagrafica.com/opinion/Se-ha-convertido-Mercadeo-realmente-en-una-profesion-digital-20191123-0683.html,laprensagrafica.com,Spanish,0.0,gdelt_gkg
NOW,2019-11-24,System Engineer - Job at Suez in Turnhout,https://www.stepstone.be/jobs--System-Engineer-Turnhout-Suez--1768780-inline.html,stepstone.be,English,0.0,gdelt_gkg
NOW,2019-11-25,Gartner : What to consider before adopting low - code development,https://www.computerweekly.com/feature/Gartner-What-to-consider-before-adopting-low-code-development,computerweekly.com,English,0.0,gdelt_gkg
NOW,2019-11-25,"IT Asset Management Software Market Size , Share , Applications , Outstanding Growth , Market status and Business Opportunities",https://www.marketwatch.com/press-release/it-asset-management-software-market-size-share-applications-outstanding-growth-market-status-and-business-opportunities-2019-11-25,marketwatch.com,English,0.0,gdelt_gkg
NOW,2019-11-25,Estas son las 10 empresas de EE . UU . mejor administradas durante 2019,https://www.larepublica.co/globoeconomia/estas-son-las-10-empresas-de-eeuu-mejor-administradas-durante-2019-2935986,larepublica.co,Spanish,0.0,gdelt_gkg
NOW,2019-11-25,In - Memory Computing Summit North America 2019 Demonstrates How Companies Are Using In - Memory Computing to Successfully Address Digital Transformation,https://forextv.com/top-news/in-memory-computing-summit-north-america-2019-demonstrates-how-companies-are-using-in-memory-computing-to-successfully-address-digital-transformation/,forextv.com,English,0.0,gdelt_gkg
NOW,2019-11-25,Investegate |GridGain Systems Announcements | GridGain Systems : In - Memory Computing Summit North America 2019 Demonstrates How Companies Are Using In - Memory Computing to Successfully Address Digital Transformation,https://www.investegate.co.uk/gridgain-systems/gnw/in-memory-computing-summit-north-america-2019-demonstrates-how-companies-are-using-in-memory-computing-to-successfully-address-digital-transformation/20191125080010H2839/,investegate.co.uk,English,0.0,gdelt_gkg
NOW,2019-11-25,Xerox threatens to get hostile,https://www.itweb.co.za/content/Olx4zMkgoEWM56km,itweb.co.za,English,0.0,gdelt_gkg
NOW,2019-11-25,Where Stanley Druckenmiller Is Bullish - Market Realist,https://marketrealist.com/2019/11/where-stanley-druckenmiller-is-bullish/,marketrealist.com,English,0.0,gdelt_gkg
NOW,2019-11-25,Nutanix : Reports First Quarter Fiscal 2020 Financial Results,https://www.marketscreener.com/NUTANIX-INC-31497437/news/Nutanix-Reports-First-Quarter-Fiscal-2020-Financial-Results-29640576/,marketscreener.com,English,0.0,gdelt_gkg
NOW,2019-11-25,Dreamforce 2019 : Client et données comme axes forts,https://www.linformaticien.com/actualites/id/53334/dreamforce-2019-client-et-donnees-comme-axes-forts.aspx,linformaticien.com,French,0.0,gdelt_gkg
NOW,2019-11-25,Pharicode to Provide NASA IT Support Services Through Leidos Partnership,https://blog.executivebiz.com/2019/11/pharicode-to-provide-nasa-it-support-services-through-leidos-partnership/,blog.executivebiz.com,English,0.0,gdelt_gkg
NOW,2019-11-25,ServiceNow BrandVoice : Customer Service Déjà Vu [ Infographic ] ,https://www.forbes.com/sites/servicenow/2019/11/25/customer-service-dj-vu-infographic/,forbes.com,English,0.0,gdelt_gkg
NOW,2019-11-25,ServiceNow BrandVoice : Master The Three A Of Profitability,https://www.forbes.com/sites/servicenow/2019/11/25/master-the-three-as-of-profitability/,forbes.com,English,0.0,gdelt_gkg
NOW,2019-11-25,In - Memory Computing Summit North America 2019 Demonstrates How Companies Are Using In - Memory Computing to Successfully Address Digital Transformation,https://www.tmcnet.com/usubmit/2019/11/25/9059328.htm,tmcnet.com,English,0.0,gdelt_gkg
NOW,2019-11-25,How ServiceNow is empowering Asia mobile workforce,https://www.computerweekly.com/news/252474488/How-ServiceNow-is-empowering-Asias-mobile-workforce,computerweekly.com,English,0.0,gdelt_gkg
NOW,2019-11-26,You live where you live ... and ex - SAP boss Bill McDermott lives in a house like this,https://www.theregister.co.uk/2019/11/26/former_sap_boss_mcdermott_new_house/,theregister.co.uk,English,0.0,gdelt_gkg
NOW,2019-11-26,IT Service Management ( ITSM ) Software Market Research Report 2024 - Media Releases - CSO | The Resource for Data Security Executives,https://www.cso.com.au/mediareleases/36437/it-service-management-itsm-software-market/,cso.com.au,English,0.0,gdelt_gkg
NOW,2019-11-26,"Global Workflow Orchestration Market Analysis , Trends , and Forecasts 2019 - 2025",https://www.financialbuzz.com/global-workflow-orchestration-market-analysis-trends-and-forecasts-2019-2025/,financialbuzz.com,English,0.0,gdelt_gkg
NOW,2019-11-26,Software Asset Management Market Growth Rate is Boosted by Rising Demand for Efficient Asset Management,https://www.marketwatch.com/press-release/software-asset-management-market-growth-rate-is-boosted-by-rising-demand-for-efficient-asset-management-2019-11-26,marketwatch.com,English,0.0,gdelt_gkg
NOW,2019-11-26,Difenda Debuts ServiceNow Integration for Venafi Trust Protection Platform,https://www.tmcnet.com/usubmit/2019/11/26/9060128.htm,tmcnet.com,English,0.0,gdelt_gkg
NOW,2019-11-26,The 20 fastest - rising and sharpest - declining tech skills of the past 5 years,https://www.techrepublic.com/article/the-20-fastest-rising-and-sharpest-declining-tech-skills-of-the-past-5-years/,techrepublic.com,English,0.0,gdelt_gkg
NOW,2019-11-26,Difenda Debuts ServiceNow Integration for Venafi Trust Protection Platform |,http://www.consumerelectronicsnet.com/difenda-debuts-servicenow-integration-for-venafi-trust-protection-platform/,consumerelectronicsnet.com,English,0.0,gdelt_gkg
NOW,2019-11-26,ServiceNow to Present at Upcoming Investor Conferences,https://www.finanzen.net/nachricht/aktien/servicenow-to-present-at-upcoming-investor-conferences-8264676,finanzen.net,English,0.0,gdelt_gkg
NOW,2019-11-26,Roku Slumps while ServiceNow Gains : Tech Latest,https://marketrealist.com/2019/11/roku-slumps-while-servicenow-gains-techs-latest/,marketrealist.com,English,0.0,gdelt_gkg
NOW,2019-11-26,Enterprise Software and Cloud Services Demand Remains Strong as Hardware Slumps,https://realmoney.thestreet.com/investing/technology/enterprise-software-cloud-services-demand-versus-hardware-15182779,realmoney.thestreet.com,English,0.0,gdelt_gkg
NOW,2019-11-27,NYSE president Stacey Cunningham values Bill McDermott lessons,https://www.businessinsider.com/nyse-president-stacey-cunningham-values-bill-mcdermott-lessons,businessinsider.com,English,0.0,gdelt_gkg
NOW,2019-11-27,"Analyst Top Technology Picks : Box ( BOX ), Veeva Systems ( VEEV ) ",https://www.analystratings.com/articles/analysts-top-technology-picks-box-box-veeva-systems-veev/,analystratings.com,English,0.0,gdelt_gkg
NOW,2019-11-27,DWP appoints SIAM service provider,https://www.governmentcomputing.com/central-government/news/newsdwp-appoints-siam-service-desk-provider-4591282,governmentcomputing.com,English,0.0,gdelt_gkg
NOW,2019-11-27,Establish a self - service cloud brokerage from scratch,https://searchcloudcomputing.techtarget.com/tip/Establish-a-self-service-cloud-brokerage-from-scratch,searchcloudcomputing.techtarget.com,English,0.0,gdelt_gkg
NOW,2019-11-27,"The PRESIDENT , GLOBAL CUSTOMER OPS of ServiceNow ( NYSE : NOW ) is Selling Shares",https://www.markets.co/the-president-global-customer-ops-of-servicenow-nyse-now-is-selling-shares/229683/,markets.co,English,0.0,gdelt_gkg
NOW,2019-11-28,"Melt - Up Alert : Amazon Rises , Intel Hurts Dell , HP But Helps AMD , And Deere Likely Phase One Winner",https://seekingalpha.com/article/4309567-melt-alert-amazon-rises-intel-hurts-dell-hp-helps-amd-deere-likely-phase-one-winner,seekingalpha.com,English,0.0,gdelt_gkg
NOW,2019-11-28,3  Strong Buy  Stocks to Be Thankful For,https://www.smarteranalyst.com/analyst-insights/3-strong-buy-stocks-to-be-thankful-for/,smarteranalyst.com,English,0.0,gdelt_gkg
NOW,2019-11-28,  Energy  is vital for employee wellbeing and productivity,https://realbusiness.co.uk/energy-employee-wellbeing/,realbusiness.co.uk,English,0.0,gdelt_gkg
NOW,2019-11-28,3  Strong Buy  Stocks to Be Thankful For,https://news.yahoo.com/3-strong-buy-stocks-thankful-151324691.html,news.yahoo.com,English,0.0,gdelt_gkg
NOW,2019-11-28,Daily Insider Ratings Round Up 11 / 26 / 19,https://seekingalpha.com/article/4309628-daily-insider-ratings-round-11-26-19,seekingalpha.com,English,0.0,gdelt_gkg
NOW,2019-11-28,7 consejos para seleccionar una plataforma IFTTT,https://cioperu.pe/articulo/29315/7-consejos-para-seleccionar-una-plataforma-ifttt/,cioperu.pe,Spanish,0.0,gdelt_gkg
NOW,2019-11-28,Here is the 20th Most Popular Stock Among 752 Hedge Funds,https://www.insidermonkey.com/blog/here-is-the-20th-most-popular-stock-among-752-hedge-funds-792242/,insidermonkey.com,English,0.0,gdelt_gkg
NOW,2019-11-28,Senior Support Engineer - Service Desk - Job at Brunel Belgium NV in Brussels,https://www.stepstone.be/jobs--Senior-Support-Engineer-Service-Desk-Brussels-Brunel-Belgium-NV--1769583-inline.html,stepstone.be,English,0.0,gdelt_gkg
NOW,2019-11-28,What united kingdom Employees Really Want : Meaningful Work Experiences,http://hrnews.co.uk/what-uk-employees-really-want-meaningful-work-experiences/,hrnews.co.uk,English,0.0,gdelt_gkg
NOW,2019-11-29,Project Cortex : Microsoft aims to shake up knowledge management,https://www.techrepublic.com/article/project-cortex-microsoft-aims-to-shake-up-knowledge-management/,techrepublic.com,English,0.0,gdelt_gkg
NOW,2019-11-30,Hedge Funds Have Never Been This Bullish On Global Payments Inc ( GPN ) ,https://www.insidermonkey.com/blog/hedge-funds-have-never-been-this-bullish-on-global-payments-inc-gpn-2-793759/,insidermonkey.com,English,0.0,gdelt_gkg
NOW,2019-11-30,3  Strong Buy  Stocks to Be Thankful For,https://finance.yahoo.com/news/3-strong-buy-stocks-thankful-151324691.html,finance.yahoo.com,English,0.0,gdelt_gkg
NOW,2019-11-30,Best CCaaS in 2020 : find the best Contact Center as a Service,https://www.techradar.com/best/best-ccaas,techradar.com,English,0.0,gdelt_gkg
NOW,2019-11-30,"See which stocks are held by several Tiger Cubs , Seeds and Grand Cubs",https://www.valuewalk.com/2019/11/tiger-seeds-cubs-hedge-funds/,valuewalk.com,English,0.0,gdelt_gkg
NOW,2019-11-30,"Cloud - Based ITSM Market Share , Size and Trends Forecast 2020 - 2026",http://www.comunicati.net/comunicati/aziende/tecnologia/609254.html,comunicati.net,English,0.0,gdelt_gkg
NOW,2019-11-30,Proprietary Software and Digital Jails,http://www.tuxmachines.org/node/131135,tuxmachines.org,English,0.0,gdelt_gkg
NOW,2019-11-30,Hedge Funds Have Never Been This Bullish On Global Payments Inc ( GPN ) ,https://news.yahoo.com/hedge-funds-never-bullish-global-200442808.html,news.yahoo.com,English,0.0,gdelt_gkg
NOW,2019-11-30,Entrapment in Microsoft GitHub | Tux Machines,http://www.tuxmachines.org/node/131134,tuxmachines.org,English,0.0,gdelt_gkg
NOW,2019-12-01,Australia NDIS is moving to the cloud,https://www.zdnet.com/article/australias-ndis-is-moving-to-the-cloud/,zdnet.com,English,0.0,gdelt_gkg
NOW,2019-12-01,Hedge Funds Have Never Been This Bullish On Global Payments Inc ( GPN ) ,https://finance.yahoo.com/news/hedge-funds-never-bullish-global-200442808.html,finance.yahoo.com,English,0.0,gdelt_gkg
NOW,2019-12-01,New ServiceNow CEO Bill McDermott Bought Up Stock,https://www.marketwatch.com/articles/new-servicenow-ceo-bill-mcdermott-stock-buy-51574882332,marketwatch.com,English,0.0,gdelt_gkg
NOW,2019-12-01,New ServiceNow CEO Bill McDermott Bought Up Stock,https://www.barrons.com/articles/new-servicenow-ceo-bill-mcdermott-stock-buy-51574882332,barrons.com,English,0.0,gdelt_gkg
NOW,2019-12-01,Weekly CEO Buys Highlight - GuruFocus . com,https://www.gurufocus.com/news/993706/weekly-ceo-buys-highlight,gurufocus.com,English,0.0,gdelt_gkg
NOW,2019-12-01,Weekly CEO Buys Highlight,https://news.yahoo.com/weekly-ceo-buys-highlight-200617258.html,news.yahoo.com,English,0.0,gdelt_gkg
NOW,2019-12-01,Weekly CEO Buys Highlight,https://finance.yahoo.com/news/weekly-ceo-buys-highlight-200617258.html,finance.yahoo.com,English,0.0,gdelt_gkg
NOW,2019-12-01,Accenture scores Defence PostingConnect project,https://www.crn.com.au/news/accenture-scores-defences-postingconnect-project-534770,crn.com.au,English,0.0,gdelt_gkg
NOW,2019-12-07,Packt Free eBook,https://hup.hu/index.php/node/140276,hup.hu,English,0.0,gdelt_gkg
NOW,2019-12-07,Lessons from the Unicorn Class of 2019,https://www.sfchronicle.com/business/networth/article/Lessons-from-the-Unicorn-Class-of-2019-14888712.php,sfchronicle.com,English,0.0,gdelt_gkg
NOW,2019-12-08,"Marijuana Stocks , Lululemon , Broadcom , Adobe Lead The Week | Investor Business Daily",https://www.investors.com/research/investing-action-plan/marijuana-stocks-lululemon-broadcom-adobe-lead-week/,investors.com,English,0.0,gdelt_gkg
NOW,2019-12-08,"dpcworld . com Ebook Service PC dan Laptop - Toko Ebook Service Laptop , Panduan Service Komputer",https://www.coolsocial.net/sites/www/dpcworld.com.html,coolsocial.net,English,0.0,gdelt_gkg
NOW,2019-12-08,Another Hedge Fund Bites The Dust : $350 Million in Sales Coming,https://www.insidermonkey.com/blog/another-hedge-fund-bites-the-dust-350-million-in-sales-coming-799686/,insidermonkey.com,English,0.0,gdelt_gkg
NOW,2019-12-08,"Adobe Stock , ServiceNow Stock , Okta , Trade Desk , Dynatrace Near Buy Points",https://www.investors.com/news/adobe-stock-servicenow-stock-okta-trade-desk-dynatrace-buy-points/,investors.com,English,0.0,gdelt_gkg
NOW,2019-12-08,Another Hedge Fund Bites The Dust : $350 Million in Sales Coming,https://finance.yahoo.com/news/another-hedge-fund-bites-dust-160238374.html,finance.yahoo.com,English,0.0,gdelt_gkg
NOW,2019-12-08,Another Hedge Fund Bites The Dust : $350 Million in Sales Coming,https://news.yahoo.com/another-hedge-fund-bites-dust-160238374.html,news.yahoo.com,English,0.0,gdelt_gkg
NOW,2019-12-09,Project Portfolio Management Market Worth $5 . 6 Billion by 2024 - Exclusive Report by MarketsandMarkets,https://www.finanznachrichten.de/nachrichten-2019-12/48376764-project-portfolio-management-market-worth-dollar-5-6-billion-by-2024-exclusive-report-by-marketsandmarkets-008.htm,finanznachrichten.de,English,0.0,gdelt_gkg
NOW,2019-12-09,Global Robotic Process Automation Market to Rise at a CAGR of 29 . 67 % from 2020 - 2026,https://www.sandiegosun.com/news/263336596/global-robotic-process-automation-market-to-rise-at-a-cagr-of-2967-from-2020-2026--oganalysis,sandiegosun.com,English,0.0,gdelt_gkg
NOW,2019-12-09,Global Robotic Process Automation Market to Rise at a CAGR of 29 . 67 % from 2020 - 2026,https://www.texasguardian.com/news/263336596/global-robotic-process-automation-market-to-rise-at-a-cagr-of-2967-from-2020-2026--oganalysis,texasguardian.com,English,0.0,gdelt_gkg
NOW,2019-12-09,Project Portfolio Management Market Worth $5 . 6 Billion by 2024 - Exclusive Report by MarketsandMarkets™,https://www.prnewswire.com:443/news-releases/project-portfolio-management-market-worth-5-6-billion-by-2024--exclusive-report-by-marketsandmarkets-300971230.html,prnewswire.com,English,0.0,gdelt_gkg
NOW,2019-12-09,Global Robotic Process Automation Market to Rise at a CAGR of 29 . 67 % from 2020 - 2026,https://www.newyorktelegraph.com/news/263336596/global-robotic-process-automation-market-to-rise-at-a-cagr-of-2967-from-2020-2026--oganalysis,newyorktelegraph.com,English,0.0,gdelt_gkg
NOW,2019-12-09,Las mejores herramientas SAST y DAST,https://cioperu.pe/articulo/29365/las-mejores-herramientas-sast-y-dast/,cioperu.pe,Spanish,0.0,gdelt_gkg
NOW,2019-12-09,Everbridge Smart Orchestration Cockpit Allows IT Organizations to Build and Customize Automated Operational Workflows to Improve Efficiency and Accelerate Incident Resolution Time,https://www.tmcnet.com/usubmit/2019/12/09/9066350.htm,tmcnet.com,English,0.0,gdelt_gkg
NOW,2019-12-09,Everbridge Smart Orchestration Cockpit Allows IT Organizations to Build and Customize Automated Operational Workflows to Improve Efficiency and Accelerate Incident Resolution Time,http://www.oleantimesherald.com/business/everbridge-smart-orchestration-cockpit-allows-it-organizations-to-build-and/article_96277aea-8774-5569-9384-a574afd31ac7.html,oleantimesherald.com,English,0.0,gdelt_gkg
NOW,2019-12-09,Review of 2019 : ICT industry alive and kicking,https://www.itweb.co.za/content/RgeVDMPokOw7KJN3,itweb.co.za,English,0.0,gdelt_gkg
NOW,2019-12-09,Everbridge Smart Orchestration Cockpit Allows IT Organizations to Build and Customize Automated Operational Workflows to Improve Efficiency and Accelerate Incident Resolution Time |,http://www.consumerelectronicsnet.com/everbridge-smart-orchestration-cockpit-allows-it-organizations-to-build-and-customize-automated-operational-workflows-to-improve-efficiency-and-accelerate-incident-resolution-time/,consumerelectronicsnet.com,English,0.0,gdelt_gkg
NOW,2019-12-09,Peloton Punished For Patriarchal Ad : Buy It And These Other Potential Bounces,https://seekingalpha.com/article/4311504-peloton-punished-for-patriarchal-ad-buy-and-potential-bounces,seekingalpha.com,English,0.0,gdelt_gkg
NOW,2019-12-09,Medallia : Great Value Amidst Hot Market,https://seekingalpha.com/article/4311474-medallia-great-value-amidst-hot-market,seekingalpha.com,English,0.0,gdelt_gkg
NOW,2019-12-09,Accenture Ranked No . 1 in HFS Top 10 for ServiceNow Services 2019 Report,http://next-generation-communications.tmcnet.com/news/2019/12/09/9066105.htm,next-generation-communications.tmcnet.com,English,0.0,gdelt_gkg
NOW,2019-12-10,Technicity in photos | IT Business,https://www.itbusiness.ca/news/technicity-in-photos/113457,itbusiness.ca,English,0.0,gdelt_gkg
NOW,2019-12-10,"Risk Management Market by Component , Deployment Model , Organization Size , and Industry Vertical : Global Opportunity Analysis and Industry Forecast , 2019 - 2026",https://www.prnewswire.com/news-releases/risk-management-market-by-component-deployment-model-organization-size-and-industry-vertical--global-opportunity-analysis-and-industry-forecast-2019-2026-300972305.html,prnewswire.com,English,0.0,gdelt_gkg
NOW,2019-12-10,"OrbitaASSIST AI - Powered Bedside Virtual Assistant : Interview with Nick White , Orbita Executive VP of Patient Care |",https://www.medgadget.com/2019/12/orbitaassist-ai-powered-bedside-virtual-assistant-interview-with-nick-white-orbita-executive-vp-of-patient-care.html,medgadget.com,English,0.0,gdelt_gkg
NOW,2019-12-10,"Im A Netflix Bull ( At The Right Price ), MongoDB And Stitch Fix And Analyze CEO Interviews",https://seekingalpha.com/article/4311740-netflix-bull-right-price-mongodb-and-stitch-fix-and-analyze-ceo-interviews,seekingalpha.com,English,0.0,gdelt_gkg
NOW,2019-12-10,Media Release : AIIA announces new Board and State Council Chair appointments to represent Australia ICT industry,https://www.cmo.com.au/mediareleases/36844/aiia-announces-new-board-and-state-council-chair/,cmo.com.au,English,0.0,gdelt_gkg
NOW,2019-12-10,Is TC Energy Corporation ( TRP ) A Good Stock To Buy ? ,https://www.insidermonkey.com/blog/is-tc-energy-corporation-trp-a-good-stock-to-buy-801490/,insidermonkey.com,English,0.0,gdelt_gkg
NOW,2019-12-10,ТАСС,http://special.tass.ru/politika/7316053,special.tass.ru,Russian,0.0,gdelt_gkg
NOW,2019-12-10,Белорус из списка Forbes : В США в Google работают сотни белорусов,https://charter97.org/ru/news/2019/12/10/358611/,charter97.org,Russian,0.0,gdelt_gkg
NOW,2019-12-10,ServiceNow reveals VS Code alternative to its own web - based code editor,https://www.zdnet.com/article/servicenow-reveals-vs-code-alternative-to-its-own-web-based-code-editor/,zdnet.com,English,0.0,gdelt_gkg
NOW,2019-12-10,Match Group : Superior Subscription Models Are Not  Designed To Be Deleted  ,https://seekingalpha.com/article/4311611-match-group-superior-subscription-models-are-not-designed-to-be-deleted,seekingalpha.com,English,0.0,gdelt_gkg
NOW,2019-12-10,"Problem Management Software Solution Market 2019 Industry Analysis , Size , Share , Strategies and Forecast to 2025",https://brazilbusiness.einnews.com/pr_news/504496642/problem-management-software-solution-market-2019-industry-analysis-size-share-strategies-and-forecast-to-2025,brazilbusiness.einnews.com,English,0.0,gdelt_gkg
NOW,2019-12-10,"Risk Management Market by Component , Deployment Model , Organization Size , and Industry Vertical : Global Opportunity Analysis and Industry Forecast , 2019 - 2026",https://www.tmcnet.com/usubmit/2019/12/10/9067453.htm,tmcnet.com,English,0.0,gdelt_gkg
NOW,2019-12-10,POLITICO Playbook : Who will Dems pick to prosecute Trump ? ,https://www.politico.com/newsletters/playbook/2019/12/10/who-will-dems-pick-to-prosecute-trump-487858,politico.com,English,0.0,gdelt_gkg
NOW,2019-12-10,"Performance Analytics Market Analysis by Top Companies , Driver , Existing Trends and Global Forecast by 2026",https://www.sandiegosun.com/news/263344911/performance-analytics-market-analysis-by-top-companies-driver-existing-trends-and-global-forecast-by-2026,sandiegosun.com,English,0.0,gdelt_gkg
NOW,2019-12-10,"Performance Analytics Market Analysis by Top Companies , Driver , Existing Trends and Global Forecast by 2026",https://www.newyorktelegraph.com/news/263344911/performance-analytics-market-analysis-by-top-companies-driver-existing-trends-and-global-forecast-by-2026,newyorktelegraph.com,English,0.0,gdelt_gkg
NOW,2019-12-10,"Performance Analytics Market Analysis by Top Companies , Driver , Existing Trends and Global Forecast by 2026",https://www.texasguardian.com/news/263344911/performance-analytics-market-analysis-by-top-companies-driver-existing-trends-and-global-forecast-by-2026,texasguardian.com,English,0.0,gdelt_gkg
NOW,2019-12-10,Customer Engagement Solutions Market Worth $23 . 19 Billion by 2023,http://www.sbwire.com/press-releases/customer-engagement-solutions-market-worth-2319-billion-by-2023-1267529.htm,sbwire.com,English,0.0,gdelt_gkg
NOW,2019-12-10,"Risk Management Market by Component , Deployment Model , Organization Size , and Industry Vertical : Global Opportunity Analysis and Industry Forecast , 2019 - 2026",https://www.prnewswire.com:443/news-releases/risk-management-market-by-component-deployment-model-organization-size-and-industry-vertical--global-opportunity-analysis-and-industry-forecast-2019-2026-300972305.html,prnewswire.com,English,0.0,gdelt_gkg
NOW,2019-12-11,19 CEOs who quit or were fired in 2019,http://www.wicz.com/story/41436796/19-ceos-who-quit-or-were-fired-in-2019,wicz.com,English,0.0,gdelt_gkg
NOW,2019-12-11,19 CEOs who quit or were fired in 2019,https://www.news8000.com/news/money/19-ceos-who-quit-or-were-fired-in-2019/1150430738,news8000.com,English,0.0,gdelt_gkg
NOW,2019-12-11,19 CEOs who quit or were fired in 2019,https://www.news-daily.com/news/business/ceos-who-quit-or-were-fired-in/article_002653ee-4375-50e2-b408-19e65c40798b.html,news-daily.com,English,0.0,gdelt_gkg
NOW,2019-12-11,19 CEOs who quit or were fired in 2019,https://www.henryherald.com/news/business/ceos-who-quit-or-were-fired-in/article_55cc7a08-61ae-5ac4-9b23-60b0136cff03.html,henryherald.com,English,0.0,gdelt_gkg
NOW,2019-12-11,19 CEOs who quit or were fired in 2019,https://www.kxly.com/news/money/19-ceos-who-quit-or-were-fired-in-2019/1150431538,kxly.com,English,0.0,gdelt_gkg
NOW,2019-12-11,19 CEOs who quit or were fired in 2019,https://www.gwinnettdailypost.com/local/business/ceos-who-quit-or-were-fired-in/article_60c271a2-7739-55ec-a457-15b2e8b20165.html,gwinnettdailypost.com,English,0.0,gdelt_gkg
NOW,2019-12-11,"Software firms , chipmakers among global manager top picks",https://www.morningstar.com.au/stocks/article/software-firms-chipmakers-among-global-manage/198130,morningstar.com.au,English,0.0,gdelt_gkg
NOW,2019-12-11,19 CEOs who quit or were fired in 2019,http://www.wmac-am.com/news/19-ceos-who-quit-or-were-fired-in-2019/,wmac-am.com,English,0.0,gdelt_gkg
NOW,2019-12-11,19 CEOs who quit or were fired in 2019,https://www.koamnewsnow.com/news/money/19-ceos-who-quit-or-were-fired-in-2019/1150430773,koamnewsnow.com,English,0.0,gdelt_gkg
NOW,2019-12-11,"Cloud Discovery Market : Global Share , Size , Trends and Growth Analysis Forecast to 2019 - 2026",https://www.newyorktelegraph.com/news/263359536/cloud-discovery-market-global-share-size-trends-and-growth-analysis-forecast-to-2019-2026--cagr-of-188,newyorktelegraph.com,English,0.0,gdelt_gkg
NOW,2019-12-11,Packt Free eBook,https://hup.hu/index.php/comment/2414404,hup.hu,English,0.0,gdelt_gkg
NOW,2019-12-11,"Software firms , chipmakers among global manager top picks",https://www.morningstar.com.au/stocks/article/software-firms-chipmakers-among-top-global-st/198130,morningstar.com.au,English,0.0,gdelt_gkg
NOW,2019-12-11,Packt Free eBook,https://hup.hu/comment/2414404,hup.hu,English,0.0,gdelt_gkg
NOW,2019-12-11,19 CEOs who quit or were fired in 2019,http://www.wjr.com/news/19-ceos-who-quit-or-were-fired-in-2019/,wjr.com,English,0.0,gdelt_gkg
NOW,2019-12-11,CyberX Launches XCELERATE Partner Program to Address Rapidly Growing IoT / ICS Cybersecurity Market |,http://www.consumerelectronicsnet.com/cyberx-launches-xcelerate-partner-program-to-address-rapidly-growing-iot-ics-cybersecurity-market/,consumerelectronicsnet.com,English,0.0,gdelt_gkg
NOW,2019-12-11,"When Leading Today Workforce , One Size Does Not Fit All",https://chiefexecutive.net/when-leading-todays-workforce-one-size-does-not-fit-all/,chiefexecutive.net,English,0.0,gdelt_gkg
NOW,2019-12-11,Kate Ehrle Promoted to President at Cask Government Services,https://blog.executivebiz.com/2019/12/kate-ehrle-promoted-to-president-at-cask-government-services/,blog.executivebiz.com,English,0.0,gdelt_gkg
NOW,2019-12-11,19 CEOs who quit or were fired in 2019,http://www.newsradio1440.com/news/19-ceos-who-quit-or-were-fired-in-2019/,newsradio1440.com,English,0.0,gdelt_gkg
NOW,2019-12-11,Palo Alto Networks Stockholders Again Oppose Executive Pay Packages,https://www.crn.com/news/security/palo-alto-networks-stockholders-again-oppose-executive-pay-packages,crn.com,English,0.0,gdelt_gkg
NOW,2019-12-11,"Cloud Discovery Market : Global Share , Size , Trends and Growth Analysis Forecast to 2019 - 2026",https://www.texasguardian.com/news/263359536/cloud-discovery-market-global-share-size-trends-and-growth-analysis-forecast-to-2019-2026--cagr-of-188,texasguardian.com,English,0.0,gdelt_gkg
NOW,2019-12-11,HR discovers the power of data to motivate staff | Business & Finance,https://businessandfinance.com/hr-discovers-the-power-of-data-to-motivate-staff/,businessandfinance.com,English,0.0,gdelt_gkg
NOW,2019-12-11,How Can CFOs Enhance the Employee Experience ? ,https://www.cfo.com/sponsored/how-can-cfos-enhance-the-employee-experience/,cfo.com,English,0.0,gdelt_gkg
NOW,2019-12-11,"Cloud Discovery Market : Global Share , Size , Trends and Growth Analysis Forecast to 2019 - 2026",https://www.sandiegosun.com/news/263359536/cloud-discovery-market-global-share-size-trends-and-growth-analysis-forecast-to-2019-2026--cagr-of-188,sandiegosun.com,English,0.0,gdelt_gkg
NOW,2019-12-11,19 CEOs who quit or were fired in 2019,https://www.albanyherald.com/news/business/ceos-who-quit-or-were-fired-in/article_7a66a52b-ae5a-58d3-97b9-82a8f4916628.html,albanyherald.com,English,0.0,gdelt_gkg
NOW,2019-12-11,"Oracle one - time arch - rival , Vishal Sikka , has joined its board",https://www.businessinsider.com/oracle-vishal-sikka-joined-oracle-board-2019-12,businessinsider.com,English,0.0,gdelt_gkg
NOW,2019-12-11,19 CEOs who quit or were fired in 2019,https://www.channel3000.com/news/money/19-ceos-who-quit-or-were-fired-in-2019/1150431579,channel3000.com,English,0.0,gdelt_gkg
NOW,2019-12-12,"Continuous Improvement Management Software Market 2019 Global Analysis , Opportunities and Forecast to 2024",https://www.newyorktelegraph.com/news/263372236/continuous-improvement-management-software-market-2019-global-analysis-opportunities-and-forecast-to-2024,newyorktelegraph.com,English,0.0,gdelt_gkg
NOW,2019-12-12,Citrix Makes Work Personal,https://www.tmcnet.com/usubmit/2019/12/12/9068792.htm,tmcnet.com,English,0.0,gdelt_gkg
NOW,2019-12-12,"Paycom Lifted Into Buy Zone On 62 % EPS Growth , 50 . 9 % ROE | Investor Business Daily",https://www.investors.com/research/breakout-stocks-technical-analysis/paycom-stock-tests-buy-zone-best-mutual-funds-also-buy-ringcentral-paylocity-servicenow/,investors.com,English,0.0,gdelt_gkg
NOW,2019-12-12,The Retail Apocalypse Confronts a New Crop of CEOs - The Washington Post,https://www.washingtonpost.com/business/the-retail-apocalypse-confronts-a-new-crop-of-ceos/2019/12/12/c2f02d3a-1cf5-11ea-977a-15a6710ed6da_story.html,washingtonpost.com,English,0.0,gdelt_gkg
NOW,2019-12-12,"Continuous Improvement Management Software Market 2019 Global Analysis , Opportunities and Forecast to 2024",https://www.sandiegosun.com/news/263372236/continuous-improvement-management-software-market-2019-global-analysis-opportunities-and-forecast-to-2024,sandiegosun.com,English,0.0,gdelt_gkg
NOW,2019-12-12,Avathon Capital Leads $35 Million Funding Round in EdCast to Transform the Future of Work,https://www.businesswire.com/news/home/20191212005119/en/Avathon-Capital-Leads-35-Million-Funding-EdCast,businesswire.com,English,0.0,gdelt_gkg
NOW,2019-12-12,Nutanix | Scoop InfoPages,https://info.scoop.co.nz/Nutanix,info.scoop.co.nz,English,0.0,gdelt_gkg
NOW,2019-12-12,Frederickson Partners Continues Growth In New Cities Adding An Executive Team Member,https://www.prnewswire.com/news-releases/frederickson-partners-continues-growth-in-new-cities-adding-an-executive-team-member-300974399.html,prnewswire.com,English,0.0,gdelt_gkg
NOW,2019-12-12,Frederickson Partners Continues Growth In New Cities Adding An Executive Team Member,https://finance.yahoo.com/news/frederickson-partners-continues-growth-cities-225000870.html,finance.yahoo.com,English,0.0,gdelt_gkg
NOW,2019-12-12,Frederickson Partners Continues Growth In New Cities Adding An Executive Team Member,https://www.prnewswire.com:443/news-releases/frederickson-partners-continues-growth-in-new-cities-adding-an-executive-team-member-300974399.html,prnewswire.com,English,0.0,gdelt_gkg
NOW,2019-12-12,Frederickson Partners Continues Growth In New Cities Adding An Executive Team Member,https://www.tmcnet.com/usubmit/2019/12/12/9069251.htm,tmcnet.com,English,0.0,gdelt_gkg
NOW,2019-12-12,"Continuous Improvement Management Software Market 2019 Global Analysis , Opportunities and Forecast to 2024",https://www.texasguardian.com/news/263372236/continuous-improvement-management-software-market-2019-global-analysis-opportunities-and-forecast-to-2024,texasguardian.com,English,0.0,gdelt_gkg
NOW,2019-12-12,"One Identity Extends Active Directory - Centered Provisioning and Deprovisioning to Several Cloud - Based Applications , including Salesforce , Google , ServiceNow and Workday",http://www.globenewswire.com/news-release/2019/12/12/1959736/0/en/One-Identity-Extends-Active-Directory-Centered-Provisioning-and-Deprovisioning-to-Several-Cloud-Based-Applications-including-Salesforce-Google-ServiceNow-and-Workday.html,globenewswire.com,English,0.0,gdelt_gkg
NOW,2019-12-12,The Retail Industry Will Challenge Some New Faces - The Washington Post,https://www.washingtonpost.com/business/the-retail-industry-will-challenge-some-new-faces/2019/12/12/31402a48-1cf0-11ea-977a-15a6710ed6da_story.html,washingtonpost.com,English,0.0,gdelt_gkg
NOW,2019-12-12,The problem with GRC - Risk . net,https://www.risk.net/regulation/7252921/the-problem-with-grc,risk.net,English,0.0,gdelt_gkg
NOW,2019-12-13,Avathon Capital Leads $35 Million Funding Round in EdCast to Transform the Future of Work,https://www.businesswireindia.com/avathon-capital-leads-usd-35-million-funding-round-in-edcast-to-transform-the-future-of-work-66239.html,businesswireindia.com,English,0.0,gdelt_gkg
NOW,2019-12-13,"Stock Market Mixed As Trump Reveals Trade Deal Details ; Apple , Visa , Amex Shine On Dow",https://www.investors.com/market-trend/stock-market-today/stock-market-produces-trade-trump-apple-visa-amex-dow/,investors.com,English,0.0,gdelt_gkg
NOW,2019-12-13,IT News Online - Business Wire India - Avathon Capital Leads $35 Million Funding Round in EdCast to Transform the Future of Work,http://www.itnewsonline.com/bwi/Avathon-Capital-Leads-USD35-Million-Funding-Round-in-EdCast-to-Transform-the-Future-of-Work/22887,itnewsonline.com,English,0.0,gdelt_gkg
NOW,2019-12-13,Op - Ed | The Retail Apocalypse Confronts a New Crop of CEOs,https://www.businessoffashion.com/articles/news-analysis/op-ed-the-retail-apocalypse-confronts-a-new-crop-of-ceos,businessoffashion.com,English,0.0,gdelt_gkg
NOW,2019-12-13,New Relic ( NEWR ) Receives a Buy from Needham,https://www.analystratings.com/articles/new-relic-newr-receives-a-buy-from-needham/,analystratings.com,English,0.0,gdelt_gkg
NOW,2019-12-13,Year in Review : Automation - Infosecurity Magazine,https://www.infosecurity-magazine.com:443/blogs/year-review-automation/,infosecurity-magazine.com,English,0.0,gdelt_gkg
NOW,2019-12-13,3 Tech Stocks That Are Wildly Overpriced,https://www.fool.com/investing/2019/12/13/3-tech-stocks-that-are-wildly-overpriced.aspx?source=iedfolrf0000001,fool.com,English,0.0,gdelt_gkg
NOW,2019-12-13,iTWire - Epicon acquires Service Potential,https://www.itwire.com/strategy/epicon-acquires-service-potential-2.html,itwire.com,English,0.0,gdelt_gkg
NOW,2019-12-13,Adobe ( ADBE ) Receives a Rating Update from a Top Analyst,https://www.markets.co/adobe-adbe-receives-a-rating-update-from-a-top-analyst-3/231213/,markets.co,English,0.0,gdelt_gkg
NOW,2019-12-13,Frederickson Partners Continues Growth In New Cities Adding An Executive Team Member,https://www.wfmz.com/news/pr_newswire/pr_newswire_technology/frederickson-partners-continues-growth-in-new-cities-adding-an-executive/article_7e6453c6-f6b0-5721-aba4-71a9dcc984d5.html,wfmz.com,English,0.0,gdelt_gkg
NOW,2019-12-13,Epicon acquires Service Potential in northern push,https://www.arnnet.com.au/article/669682/epicon-acquires-service-potential-northern-push/,arnnet.com.au,English,0.0,gdelt_gkg
NOW,2019-12-13,Frederickson Partners Continues Growth In New Cities Adding An Executive Team Member,https://www.finanzen.net/nachricht/aktien/frederickson-partners-continues-growth-in-new-cities-adding-an-executive-team-member-8321107,finanzen.net,English,0.0,gdelt_gkg
NOW,2019-12-13,Canberra Epicon acquires ServiceNow partner Service Potential,https://www.crn.com.au/news/canberras-epicon-acquires-servicenow-partner-service-potential-535472,crn.com.au,English,0.0,gdelt_gkg
NOW,2019-12-13,"Cloud Project Portfolio Managements Market is Booming Worldwide with Projected CAGR of 13 . 40 % | CA Technologies , HP , Changepoint",https://www.marketwatch.com/press-release/cloud-project-portfolio-managements-market-is-booming-worldwide-with-projected-cagr-of-1340-ca-technologies-hp-changepoint-2019-12-12,marketwatch.com,English,0.0,gdelt_gkg
NOW,2019-12-13,Cisco :  This Deep Due Diligence Dive Says  Proceed With Caution  ,https://seekingalpha.com/article/4312268-cisco-this-deep-due-diligence-dive-says-proceed-caution,seekingalpha.com,English,0.0,gdelt_gkg
NOW,2019-12-13,EdCast Gets $35M to Transform the Future of Work,https://blog.tmcnet.com/blog/rich-tehrani/fow/edcast-gets-35m-to-transform-the-future-of-work.html,blog.tmcnet.com,English,0.0,gdelt_gkg
NOW,2019-12-14,Daily Insider Ratings Round Up 12 / 11 / 19,https://seekingalpha.com/article/4312514-daily-insider-ratings-round-up-12-11-19,seekingalpha.com,English,0.0,gdelt_gkg
NOW,2019-12-14,Cinco tendencias clave de la seguridad cibernética en 2020,https://www.estrategiaynegocios.net/tecnologia/1341990-330/cinco-tendencias-clave-de-la-seguridad-cibern%C3%A9tica-en-2020,estrategiaynegocios.net,Spanish,0.0,gdelt_gkg
NOW,2019-12-15,Unisys lanzó CloudForte for ServiceNow,http://www.ebizlatam.com/unisys-lanzo-cloudforte-for-servicenow/,ebizlatam.com,Spanish,0.0,gdelt_gkg
NOW,2019-12-15,The retail apocalypse confronts a new crop of CEOs,https://www.bendbulletin.com/business/the-retail-apocalypse-confronts-a-new-crop-of-ceos/article_42c42d47-2f56-56e7-8cd9-4c81c7a51c24.html,bendbulletin.com,English,0.0,gdelt_gkg
NOW,2019-12-15,"Merger Mating Dance , And Who Gets The Rose Next . Broadcom Is A Player , Part II",https://seekingalpha.com/article/4312571-merger-mating-dance-and-who-gets-rose-next-broadcom-is-player-part-ii,seekingalpha.com,English,0.0,gdelt_gkg
NOW,2019-12-15,The retail apocalypse confronts a new crop of CEOs,https://www.sfchronicle.com/business/article/The-retail-apocalypse-confronts-a-new-crop-of-CEOs-14907811.php,sfchronicle.com,English,0.0,gdelt_gkg
NOW,2019-12-16,7 considerations when buying network - automation tools,https://www.itworld.com/article/3490459/7-considerations-when-buying-network-automation-tools.html,itworld.com,English,0.0,gdelt_gkg
NOW,2019-12-16,How can Generation Z compete with robots ? Focus on the human touch,https://www.reuters.com/article/us-world-work-softskills/how-can-generation-z-compete-with-robots-focus-on-the-human-touch-idUSKBN1YK0CM,reuters.com,English,0.0,gdelt_gkg
NOW,2019-12-16,How can Generation Z compete with robots ? Focus on the human touch | Reuters | Business,https://www.capebretonpost.com/business/reuters/how-can-generation-z-compete-with-robots-focus-on-the-human-touch-388555/,capebretonpost.com,English,0.0,gdelt_gkg
NOW,2019-12-16,How can Generation Z compete with robots ? Focus on the human touch,https://www.msn.com/en-us/news/technology/how-can-generation-z-compete-with-robots-focus-on-the-human-touch/ar-AAKa1A7,msn.com,English,0.0,gdelt_gkg
NOW,2019-12-16,How can Generation Z compete with robots ? Focus on the human touch,https://www.jpost.com/International/How-can-Generation-Z-compete-with-robots-Focus-on-the-human-touch-611064,jpost.com,English,0.0,gdelt_gkg
NOW,2019-12-16,How can Generation Z compete with robots ? Focus on the human touch,https://www.reuters.com/www.reuters.com/article/us-world-work-softskills/how-can-generation-z-compete-with-robots-focus-on-the-human-touch-idUSKBN1YK0CM,reuters.com,English,0.0,gdelt_gkg
NOW,2019-12-16,How can Generation Z compete with robots ? Focus on the human touch,https://in.reuters.com/article/world-work-softskills/how-can-generation-z-compete-with-robots-focus-on-the-human-touch-idINKBN1YK0ER,in.reuters.com,English,0.0,gdelt_gkg
NOW,2019-12-16,How can Generation Z compete with robots ? Focus on the human ... ,http://news.trust.org/item/20191216052842-8wc5u,news.trust.org,English,0.0,gdelt_gkg
NOW,2019-12-16,Tracking Chase Coleman Tiger Global Portfolio - Q3 2019 Update,https://seekingalpha.com/article/4312664-tracking-chase-colemans-tiger-global-portfolio-q3-2019-update,seekingalpha.com,English,0.0,gdelt_gkg
NOW,2019-12-16,Is Gen - Z losing out to robots ? Ability to forge human connections is only way forward for millennials,http://articles.economictimes.indiatimes.com/magazines/panache/is-gen-z-losing-out-to-robots-ability-to-forge-human-connections-is-only-way-forward-for-millennials/articleshow/72757959.cms,articles.economictimes.indiatimes.com,English,0.0,gdelt_gkg
NOW,2019-12-16,How can Generation Z compete with robots ? Focus on the human touch - bdnews24 . com,https://bdnews24.com/lifestyle/2019/12/17/how-can-generation-z-compete-with-robots-focus-on-the-human-touch,bdnews24.com,English,0.0,gdelt_gkg
NOW,2019-12-16,"Software Asset Management Market Scope , Demand , Trends , Key Players , Strategies , Statisitics , Industry Revenue and Forecast",https://www.benzinga.com/node/14993417,benzinga.com,English,0.0,gdelt_gkg
NOW,2019-12-16,S & P 500 Analysts : 9 Stocks Will Grow Sales The Most Next Year| Investor Business Daily,https://www.investors.com/etfs-and-funds/sectors/sp500-analysts-9-companies-sales-will-boom-2020/,investors.com,English,0.0,gdelt_gkg
NOW,2019-12-16,Nike Heidi ONeill on the Brand Ambitious Consumer - First Strategy – Footwear News,https://footwearnews.com/2019/business/profiles/nike-heidi-oneill-interview-2019-1202888691/,footwearnews.com,English,0.0,gdelt_gkg
NOW,2019-12-16,"The global Project Portfolio Management ( PPM ) market size is expected to grow from USD 4 . 0 billion in 2019 to USD 5 . 6 billion by 2024 , at a Compound Annual Growth Rate ( CAGR ) of 6 . 9 % ",https://www.prnewswire.com:443/news-releases/the-global-project-portfolio-management-ppm-market-size-is-expected-to-grow-from-usd-4-0-billion-in-2019-to-usd-5-6-billion-by-2024--at-a-compound-annual-growth-rate-cagr-of-6-9-300975151.html,prnewswire.com,English,0.0,gdelt_gkg
NOW,2019-12-16,7 considerations when buying network - automation tools,https://www.networkworld.com/article/3490459/7-considerations-when-buying-network-automation-tools.html,networkworld.com,English,0.0,gdelt_gkg
NOW,2019-12-16,Council Post : 15 Tips For Tracking And Correcting Your Company Tech Issues And Bugs,https://www.forbes.com/sites/forbestechcouncil/2019/12/16/15-tips-for-tracking-and-correcting-your-companys-tech-issues-and-bugs/,forbes.com,English,0.0,gdelt_gkg
NOW,2019-12-16,7 considerations when buying network automation tools,https://www.techworld.com.au/article/669729/7-considerations-when-buying-network-automation-tools/,techworld.com.au,English,0.0,gdelt_gkg
NOW,2019-12-16,Considerations for network automation tools,https://www.techcentral.ie/consider-for-network-automation-tools/,techcentral.ie,English,0.0,gdelt_gkg
NOW,2019-12-16,Exclusive : The Woman at the Center of Nike Ambitious Consumer - First Strategy Gets Candid on Dramatic Changes at the Brand,https://www.yahoo.com/lifestyle/exclusive-woman-center-nike-ambitious-140012109.html,yahoo.com,English,0.0,gdelt_gkg
NOW,2019-12-17,"Global Project Portfolio Management ( PPM ) Market by Component , Organization Size , Deployment Mode , Vertical , and Region",http://www.globenewswire.com/news-release/2019/12/17/1961438/0/en/Global-Project-Portfolio-Management-PPM-Market-by-Component-Organization-Size-Deployment-Mode-Vertical-and-Region-Forecast-to-2024.html,globenewswire.com,English,0.0,gdelt_gkg
NOW,2019-12-17,Vndly Raises $35M in Series B Funding,http://www.finsmes.com/2019/12/vndly-raises-usd35m-in-series-b-funding.html,finsmes.com,English,0.0,gdelt_gkg
NOW,2019-12-17,SaltStack Integrates with ServiceNow to Deliver Closed - Loop IT and Security Automation,https://www.prnewswire.com:443/news-releases/saltstack-integrates-with-servicenow-to-deliver-closed-loop-it-and-security-automation-300976268.html,prnewswire.com,English,0.0,gdelt_gkg
NOW,2019-12-17,SaltStack Integrates with ServiceNow to Deliver Closed - Loop IT and Security Automation,https://www.prnewswire.com/news-releases/saltstack-integrates-with-servicenow-to-deliver-closed-loop-it-and-security-automation-300976268.html,prnewswire.com,English,0.0,gdelt_gkg
NOW,2019-12-17,"cloudtamer . io Closes Year with Growth Across Customers , Features , and Employees",https://www.prweb.com/releases/cloudtamer_io_closes_year_with_growth_across_customers_features_and_employees/prweb16790171.htm,prweb.com,English,0.0,gdelt_gkg
NOW,2019-12-17,EfficientIP receives $11m Series B funding from Jolt Capital to accelerate international expansion,https://www.prweb.com/releases/efficientip_receives_11m_series_b_funding_from_jolt_capital_to_accelerate_international_expansion/prweb16791429.htm,prweb.com,English,0.0,gdelt_gkg
NOW,2019-12-17,SaltStack Integrates with ServiceNow to Deliver Closed - Loop IT and Security Automation,https://markets.businessinsider.com/news/stocks/saltstack-integrates-with-servicenow-to-deliver-closed-loop-it-and-security-automation-1028769900,markets.businessinsider.com,English,0.0,gdelt_gkg
NOW,2019-12-17,Top 10 Holdings of Our Ultimate Stock - Picker Index,https://www.morningstar.com/articles/959783/top-10-holdings-of-our-ultimate-stock-pickers-index,morningstar.com,English,0.0,gdelt_gkg
NOW,2019-12-17,$5 . 6 Billion Project Portfolio Management ( PPM ) Market : 2019 - 2024 Outlook Report Featuring 4 Use Cases,https://news.yahoo.com/5-6-billion-project-portfolio-144500883.html,news.yahoo.com,English,0.0,gdelt_gkg
NOW,2019-12-17,Linium Ranked # 1 in Voice of the Customer in the HFS Top 10 ServiceNow Services Report 2019,https://www.tmcnet.com/usubmit/2019/12/17/9071062.htm,tmcnet.com,English,0.0,gdelt_gkg
NOW,2019-12-17,"Global Project Portfolio Management ( PPM ) Market by Component , Organization Size , Deployment Mode , Vertical , and Region",https://www.globenewswire.com/news-release/2019/12/17/1961438/0/en/Global-Project-Portfolio-Management-PPM-Market-by-Component-Organization-Size-Deployment-Mode-Vertical-and-Region-Forecast-to-2024.html,globenewswire.com,English,0.0,gdelt_gkg
NOW,2019-12-17,$5 . 6 Billion Project Portfolio Management ( PPM ) Market : 2019 - 2024 Outlook Report Featuring 4 Use Cases,https://markets.businessinsider.com/news/stocks/5-6-billion-project-portfolio-management-ppm-market-2019-2024-outlook-report-featuring-4-use-cases-1028769275,markets.businessinsider.com,English,0.0,gdelt_gkg
NOW,2019-12-17,SaltStack Integrates with ServiceNow to Deliver Closed - Loop IT and Security Automation,https://www.tmcnet.com/usubmit/2019/12/17/9071228.htm,tmcnet.com,English,0.0,gdelt_gkg
NOW,2019-12-17,SaltStack Integrates with ServiceNow to Deliver Closed - Loop IT and Security Automation,https://www.hjnews.com/news/state/saltstack-integrates-with-servicenow-to-deliver-closed-loop-it-and/article_14bb9492-d943-5373-83b2-26b8a9829286.html,hjnews.com,English,0.0,gdelt_gkg
NOW,2019-12-17,GridGain Recognized with Numerous Prominent Business and Technology Awards in 2019,http://www.globenewswire.com/news-release/2019/12/17/1961358/0/en/GridGain-Recognized-with-Numerous-Prominent-Business-and-Technology-Awards-in-2019.html,globenewswire.com,English,0.0,gdelt_gkg
NOW,2019-12-17,French startup EfficientIP secures $11M from Jolt Capital to fight DDoS attacks,https://news.yahoo.com/french-startup-efficientip-secures-11m-095939504.html,news.yahoo.com,English,0.0,gdelt_gkg
NOW,2019-12-17,Lautomatisation des réseaux en 7 points clefs - Le Monde Informatique,https://www.lemondeinformatique.fr/actualites/lire-l-automatisation-des-reseaux-en-7-points-clefs-77432.html,lemondeinformatique.fr,French,0.0,gdelt_gkg
NOW,2019-12-17,"Global Project Portfolio Management ( PPM ) Market by Component , Organization Size , Deployment Mode , Vertical , and Region - Forecast to 2024",https://www.benzinga.com/pressreleases/19/12/g15001252/global-project-portfolio-management-ppm-market-by-component-organization-size-deployment-mode-vert,benzinga.com,English,0.0,gdelt_gkg
NOW,2019-12-17,GridGain Systems : GridGain Recognized with Numerous Prominent Business and Technology Awards in 2019,https://www.finanznachrichten.de/nachrichten-2019-12/48437910-gridgain-systems-gridgain-recognized-with-numerous-prominent-business-and-technology-awards-in-2019-399.htm,finanznachrichten.de,English,0.0,gdelt_gkg
NOW,2019-12-17,"cloudtamer . io Closes Year with Growth Across Customers , Features , and Employees",https://www.ssuchronicle.com/2019/12/17/cloudtamer-io-closes-year-with-growth-across-customers-features-and-employees/,ssuchronicle.com,English,0.0,gdelt_gkg
NOW,2019-12-17,"Top stock pick to buy from Aram Green , best midcap manager of decade",https://www.businessinsider.com/top-stock-pick-to-buy-aram-green-best-midcap-manager-2019-12,businessinsider.com,English,0.0,gdelt_gkg
NOW,2019-12-17,GridGain Recognized with Numerous Prominent Business and Technology Awards in 2019,https://www.tmcnet.com/usubmit/2019/12/17/9070716.htm,tmcnet.com,English,0.0,gdelt_gkg
NOW,2019-12-17,XebiaLabs DevOps Platform 9 . 5 Offers Enterprises Unparalleled Visibility into Software Delivery Processes,https://www.tmcnet.com/usubmit/2019/12/17/9070806.htm,tmcnet.com,English,0.0,gdelt_gkg
NOW,2019-12-17,$5 . 6 Billion Project Portfolio Management ( PPM ) Market : 2019 - 2024 Outlook Report Featuring 4 Use Cases,https://www.prnewswire.com:443/news-releases/5-6-billion-project-portfolio-management-ppm-market-2019-2024-outlook-report-featuring-4-use-cases-300976084.html,prnewswire.com,English,0.0,gdelt_gkg
NOW,2019-12-17,Catalog Management Systems Market : Complete Study of Current Trends and Growth Factors 2019 - 2024,http://www.sbwire.com/press-releases/catalog-management-systems-market-complete-study-of-current-trends-and-growth-factors-2019-2024-1268522.htm,sbwire.com,English,0.0,gdelt_gkg
NOW,2019-12-17,EfficientIP receives $11m Series B funding from Jolt Capital to accelerate international expansion,https://www.ssuchronicle.com/2019/12/17/efficientip-receives-11m-series-b-funding-from-jolt-capital-to-accelerate-international-expansion/,ssuchronicle.com,English,0.0,gdelt_gkg
NOW,2019-12-17,Top 20 Cloud Stocks for 2020 | Sramana Mitra,https://www.sramanamitra.com/2019/12/17/top-20-cloud-stocks-for-2020/,sramanamitra.com,English,0.0,gdelt_gkg
NOW,2019-12-17,French startup EfficientIP secures $11M from Jolt Capital to fight DDoS attacks – TechCrunch,https://techcrunch.com/2019/12/17/french-startup-efficientip-secures-11m-from-jolt-capital-to-fight-ddos-attacks/,techcrunch.com,English,0.0,gdelt_gkg
NOW,2019-12-17,7 considerations when buying network automation tools,https://www.reseller.co.nz/article/669729/7-considerations-when-buying-network-automation-tools/,reseller.co.nz,English,0.0,gdelt_gkg
NOW,2019-12-18,Growing Prevalence of Warehouses Driving the Growth of Field Service Management Market,https://www.newyorktelegraph.com/news/263431545/growing-prevalence-of-warehouses-driving-the-growth-of-field-service-management-market,newyorktelegraph.com,English,0.0,gdelt_gkg
NOW,2019-12-18,Nike looks unstoppable in 2020 as Air Jordan 11 Bred is re - released,https://www.msn.com/en-us/finance/companies/nike-looks-unstoppable-in-2020-as-air-jordan-11-bred-is-re-released/ar-BBY3CnQ,msn.com,English,0.0,gdelt_gkg
NOW,2019-12-18,Aventi Group Announces New Partner to Support Client Growing Social Media Needs,https://www.tmcnet.com/usubmit/2019/12/18/9071940.htm,tmcnet.com,English,0.0,gdelt_gkg
NOW,2019-12-18,EfficientIP Raises $11M in Series B Funding,http://www.finsmes.com/2019/12/efficientip-raises-11m-series-b-funding.html,finsmes.com,English,0.0,gdelt_gkg
NOW,2019-12-18,Tracking Ole Andreas Halvorsen Viking Global Portfolio - Q3 2019 Update,https://seekingalpha.com/article/4313101-tracking-ole-andreas-halvorsens-viking-global-portfolio-q3-2019-update,seekingalpha.com,English,0.0,gdelt_gkg
NOW,2019-12-18,Aventi Group Announces New Partner to Support Client Growing Social Media Needs,https://www.prnewswire.com:443/news-releases/aventi-group-announces-new-partner-to-support-clients-growing-social-media-needs-300975640.html,prnewswire.com,English,0.0,gdelt_gkg
NOW,2019-12-18,Nike Q1 Earnings Preview ( NYSE : NKE ) - 24 / 7 Wall St . ,https://247wallst.com/consumer-products/2019/12/18/what-to-expect-when-nike-reports-thursday-3/,247wallst.com,English,0.0,gdelt_gkg
NOW,2019-12-18,VMS provider Vndly raises $35 million in Series B funding,https://www2.staffingindustry.com/Editorial/Daily-News/VMS-provider-Vndly-raises-35-million-in-Series-B-funding-52271,staffingindustry.com,English,0.0,gdelt_gkg
NOW,2019-12-18,How can Generation Z compete with robots ? Focus on the human touch,https://www.businessinsider.com/how-gen-z-can-compete-with-robots-focus-human-touch-2019-12,businessinsider.com,English,0.0,gdelt_gkg
NOW,2019-12-18,Growing Prevalence of Warehouses Driving the Growth of Field Service Management Market,https://www.sandiegosun.com/news/263431545/growing-prevalence-of-warehouses-driving-the-growth-of-field-service-management-market,sandiegosun.com,English,0.0,gdelt_gkg
NOW,2019-12-18,Experts Share Their 2020 Backup and Disaster Recovery Predictions,https://solutionsreview.com/backup-disaster-recovery/experts-share-their-2020-backup-and-disaster-recovery-predictions/,solutionsreview.com,English,0.0,gdelt_gkg
NOW,2019-12-18,Aventi Group Announces New Partner to Support Client Growing Social Media Needs,https://www.prnewswire.com/news-releases/aventi-group-announces-new-partner-to-support-clients-growing-social-media-needs-300975640.html,prnewswire.com,English,0.0,gdelt_gkg
NOW,2019-12-18,Saviynt Delivers Vision and Innovation at Converge  19 |,http://softwaredev.itbusinessnet.com/2019/12/saviynt-delivers-vision-and-innovation-at-converge-19/,softwaredev.itbusinessnet.com,English,0.0,gdelt_gkg
NOW,2019-12-18,"Global Project Portfolio Management ( PPM ) Market by Component , Organization Size , Deployment Mode , Vertical , and Region",https://finance.yahoo.com/news/global-project-portfolio-management-ppm-114855818.html,finance.yahoo.com,English,0.0,gdelt_gkg
NOW,2019-12-18,Saviynt Delivers Vision and Innovation at Converge  19 |,http://hardware.itbusinessnet.com/2019/12/saviynt-delivers-vision-and-innovation-at-converge-19/,hardware.itbusinessnet.com,English,0.0,gdelt_gkg
NOW,2019-12-18,Best cloud orchestration software,https://www.techradar.com/best/best-cloud-orchestration-software,techradar.com,English,0.0,gdelt_gkg
NOW,2019-12-18,UBS : These are the 20 highest - conviction stocks for 2020,https://www.businessinsider.com/ubs-20-highest-conviction-stocks-buy-sell-2020-amazon-best-2019-12,businessinsider.com,English,0.0,gdelt_gkg
NOW,2019-12-18,Growing Prevalence of Warehouses Driving the Growth of Field Service Management Market,https://www.texasguardian.com/news/263431545/growing-prevalence-of-warehouses-driving-the-growth-of-field-service-management-market,texasguardian.com,English,0.0,gdelt_gkg
NOW,2019-12-19,Anywhere365 Announces Strategic Growth Investment From Bregal Milestone,https://www.tmcnet.com/usubmit/2019/12/19/9072357.htm,tmcnet.com,English,0.0,gdelt_gkg
NOW,2019-12-19,Performance Analytics 2020 | What Are The Business Strategies Accepted By Leading Players ? - Media Releases,https://www.arnnet.com.au/mediareleases/37081/performance-analytics-2020-what-are-the-business/,arnnet.com.au,English,0.0,gdelt_gkg
NOW,2019-12-19,"Columbia Basin Herald - Business , GyanSys announces contract with Allison Transmission to provide strategic SAP Application Management Services ( AMS ) for three years",https://www.columbiabasinherald.com/article/20191219/AP/312199821,columbiabasinherald.com,English,0.0,gdelt_gkg
NOW,2019-12-19,Leapfin wants to disrupt the market for financial planning software,https://www.businessinsider.com/leapfin-disrupt-market-for-financial-planning-software-seed-funding-2019-12,businessinsider.com,English,0.0,gdelt_gkg
NOW,2019-12-19,"Security Operations Automation : SaltStack , ServiceNow Integration Arrives",https://www.msspalert.com/cybersecurity-services-and-products/saltstack-servicenow-integration/,msspalert.com,English,0.0,gdelt_gkg
NOW,2019-12-19,Anywhere365 Announces Strategic Growth Investment From Bregal Milestone,https://www.prnewswire.com:443/news-releases/anywhere365-announces-strategic-growth-investment-from-bregal-milestone-300977493.html,prnewswire.com,English,0.0,gdelt_gkg
NOW,2019-12-19,Former Tesla Executive Susan Repo Joins MariaDB as First COO to Supercharge Business Operations,https://news.yahoo.com/former-tesla-executive-susan-repo-130000959.html,news.yahoo.com,English,0.0,gdelt_gkg
NOW,2019-12-19,Anywhere365 Announces Strategic Growth Investment From Bregal Milestone,https://www.finanznachrichten.de/nachrichten-2019-12/48461193-anywhere365-announces-strategic-growth-investment-from-bregal-milestone-008.htm,finanznachrichten.de,English,0.0,gdelt_gkg
NOW,2019-12-19,Anywhere365 Announces Strategic Growth Investment From Bregal Milestone,https://finance.yahoo.com/news/anywhere365-announces-strategic-growth-investment-105000049.html,finance.yahoo.com,English,0.0,gdelt_gkg
NOW,2019-12-19,Anywhere365 Announces Strategic Growth Investment From Bregal Milestone,https://finance.yahoo.com/news/anywhere365-announces-strategic-growth-investment-105100778.html,finance.yahoo.com,English,0.0,gdelt_gkg
NOW,2019-12-19,Performance Analytics 2020 | What Are The Business Strategies Accepted By Leading Players ? - Media Releases,https://www.reseller.co.nz/mediareleases/37081/performance-analytics-2020-what-are-the-business/,reseller.co.nz,English,0.0,gdelt_gkg
NOW,2019-12-19,Anywhere365 Announces Strategic Growth Investment From Bregal Milestone,http://sip-trunking.tmcnet.com/news/2019/12/19/9072357.htm,sip-trunking.tmcnet.com,English,0.0,gdelt_gkg
NOW,2019-12-19,GyanSys announces contract with Allison Transmission to provide strategic SAP Application Management Services ( AMS ) for three years,https://finance.yahoo.com/news/gyansys-announces-contract-allison-transmission-220100165.html,finance.yahoo.com,English,0.0,gdelt_gkg
NOW,2019-12-19,"Nike Q2 Earnings 2019 : Tops Forecasts , But Stock Slips – Footwear News",https://footwearnews.com/2019/business/earnings/nike-q2-2020-earnings-sales-stock-1202891418/,footwearnews.com,English,0.0,gdelt_gkg
NOW,2019-12-19,GyanSys announces contract with Allison Transmission to provide strategic SAP Application Management Services ( AMS ) for three years,https://www.finanznachrichten.de/nachrichten-2019-12/48467377-gyansys-announces-contract-with-allison-transmission-to-provide-strategic-sap-application-management-services-ams-for-three-years-296.htm,finanznachrichten.de,English,0.0,gdelt_gkg
NOW,2019-12-19,Media Release : Performance Analytics 2020 | What Are The Business Strategies Accepted By Leading Players ? ,https://www.cmo.com.au/mediareleases/37081/performance-analytics-2020-what-are-the-business/,cmo.com.au,English,0.0,gdelt_gkg
NOW,2019-12-19,Anywhere365 Announces Strategic Growth Investment From Bregal Milestone,https://www.asiaone.com/business/anywhere365-announces-strategic-growth-investment-bregal-milestone,asiaone.com,English,0.0,gdelt_gkg
NOW,2019-12-20,"ADIDAS AG ( ADDYY ), Amazon . com , Inc . ( NASDAQ : AMZN ) - Nike Manages To Beat Earnings Expectations But Shares Fall Due To Home Market",https://www.benzinga.com/news/earnings/19/12/15027216/nike-manages-to-beat-earnings-expectations-but-shares-fall-due-to-home-market,benzinga.com,English,0.0,gdelt_gkg
NOW,2019-12-20,"Nike quarterly results beat , but North America disappoints - Netscape Money & Business",https://isp.netscape.com/pf/story/0002/20191219/KBN1YN2PI_4,isp.netscape.com,English,0.0,gdelt_gkg
NOW,2019-12-20,GyanSys announces contract with Allison Transmission to provide strategic SAP Application Management Services ( AMS ) for three years,https://www.ksl.com/article/46693459/gyansys-announces-contract-with-allison-transmission-to-provide-strategic-sap-application-management-services-ams-for-three-years,ksl.com,English,0.0,gdelt_gkg
NOW,2019-12-20,"Nike quarterly results beat , but North America disappoints",https://www.metro.us/news/the-big-stories/nike-quarterly-results-beat-north-america-disappoints,metro.us,English,0.0,gdelt_gkg
NOW,2019-12-20, ¿ Dónde se encuentran las empresas hoy en el camino de la nube ? ,https://www.elcontact.com/2019/12/donde-se-encuentran-las-empresas-hoy-en.html,elcontact.com,Spanish,0.0,gdelt_gkg
NOW,2019-12-20,3 Tech Stocks for Growth Investors to Buy for 2020,https://www.nasdaq.com/articles/3-tech-stocks-for-growth-investors-to-buy-for-2020-2019-12-19,nasdaq.com,English,0.0,gdelt_gkg
NOW,2019-12-20,"Microsoft , Salesforce , and Splunk Are the Software Stock Bets for 2020",https://www.barrons.com/articles/microsoft-salesforce-and-splunk-are-the-software-stock-bets-for-2020-51576861944,barrons.com,English,0.0,gdelt_gkg
NOW,2019-12-20,Nike Stock Is Still a Winner,https://realmoney.thestreet.com/investing/nike-stock-is-still-a-winner-15194762,realmoney.thestreet.com,English,0.0,gdelt_gkg
NOW,2019-12-20,"Bonner County Daily Bee - Business , GyanSys announces contract with Allison Transmission to provide strategic SAP Application Management Services ( AMS ) for three years",https://www.bonnercountydailybee.com/article/20191219/AP/312199957,bonnercountydailybee.com,English,0.0,gdelt_gkg
NOW,2019-12-20,"Nike quarterly results beat , but North America disappoints",https://www.marketscreener.com/news/Nike-quarterly-results-beat-but-North-America-disappoints--29752647/,marketscreener.com,English,0.0,gdelt_gkg
NOW,2019-12-20,"Nike quarterly results beat , but North America disappoints",https://uk.reuters.com/article/us-nike-results/nike-quarterly-results-beat-but-north-america-disappoints-idUKKBN1YN2PI,uk.reuters.com,English,0.0,gdelt_gkg
NOW,2019-12-20,"The Coeur dAlene Press - Business , GyanSys announces contract with Allison Transmission to provide strategic SAP Application Management Services ( AMS ) for three years",https://www.cdapress.com/article/20191219/AP/312199946,cdapress.com,English,0.0,gdelt_gkg
NOW,2019-12-21,"ServiceNow advances DxSherpaTechnologies to premier partnership level , boosts capacity and competency",https://www.aninews.in/news/business/servicenow-advances-dxsherpatechnologies-to-premier-partnership-level-boosts-capacity-and-competency20191221091155/,aninews.in,English,0.0,gdelt_gkg
NOW,2019-12-21,"ServiceNow advances DxSherpaTechnologies to premier partnership level , boosts capacity and competency",https://www.business-standard.com/article/news-ani/servicenow-advances-dxsherpatechnologies-to-premier-partnership-level-boosts-capacity-and-competency-119122100158_1.html,business-standard.com,English,0.0,gdelt_gkg
NOW,2019-12-22,3 Key Takeaways From Nike Second Quarter,https://www.fool.com/investing/2019/12/22/3-key-takeaways-from-nikes-second-quarter.aspx?source=iedfolrf0000001,fool.com,English,0.0,gdelt_gkg
NOW,2019-12-22,3 Key Takeaways From Nike Second Quarter,https://www.msn.com/en-us/finance/companies/3-key-takeaways-from-nikes-second-quarter/ar-BBYfDvj,msn.com,English,0.0,gdelt_gkg
NOW,2019-12-22,"The 10 best games of the past 10 years , according to",https://www.onenewspage.com/n/Technology/1zkl571of1/The-10-best-games-of-the-past-10.htm,onenewspage.com,English,0.0,gdelt_gkg
NOW,2019-12-22,3 Key Takeaways From Nike Second Quarter,https://www.fool.com/investing/2019/12/22/3-key-takeaways-from-nikes-second-quarter.aspx,fool.com,English,0.0,gdelt_gkg
NOW,2019-12-23,Start the New Year with a simplification month,https://www.strategy-business.com/blog/Start-the-New-Year-with-a-simplification-month?gko=f881a,strategy-business.com,English,0.0,gdelt_gkg
NOW,2019-12-23,Bell Techlogix goes live with IT Services for City of Indianapolis,http://kokomoperspective.com/politics/indiana/bell-techlogix-goes-live-with-it-services-for-city-of/article_e24eef33-c940-5af7-b076-4b0658ee2b22.html,kokomoperspective.com,English,0.0,gdelt_gkg
NOW,2019-12-23,Bell Techlogix goes live with IT Services for City of Indianapolis,https://news.yahoo.com/bell-techlogix-goes-live-services-130000362.html,news.yahoo.com,English,0.0,gdelt_gkg
NOW,2019-12-23,AWS And Azure : Racing For The Best Business Opportunity Of The 21st Century,https://seekingalpha.com/article/4313893-aws-and-azure-racing-for-best-business-opportunity-of-21st-century,seekingalpha.com,English,0.0,gdelt_gkg
NOW,2019-12-23,Demand More Achievement in Cybersecurity - Infosecurity Magazine,https://www.infosecurity-magazine.com:443/opinions/demand-achievement-cybersecurity/,infosecurity-magazine.com,English,0.0,gdelt_gkg
NOW,2019-12-23,"ISG Launches Research on Service Management , Financial Outsourcing , Microsoft and Salesforce Ecosystems",https://www.tmcnet.com/usubmit/2019/12/23/9073931.htm,tmcnet.com,English,0.0,gdelt_gkg
NOW,2019-12-23,"ISG Launches Research on Service Management , Financial Outsourcing , Microsoft and Salesforce Ecosystems",https://www.prnewswire.com:443/news-releases/isg-launches-research-on-service-management-financial-outsourcing-microsoft-and-salesforce-ecosystems-300979077.html,prnewswire.com,English,0.0,gdelt_gkg
NOW,2019-12-23,Anywhere365 Receives €40M Growth Investment From Bregal Milestone,http://www.finsmes.com/2019/12/anywhere365-receives-euro-40-m-investment-from-bregal-milestone.html,finsmes.com,English,0.0,gdelt_gkg
NOW,2019-12-23,"ISG Launches Research on Service Management , Financial Outsourcing , Microsoft and Salesforce Ecosystems",https://news.yahoo.com/isg-launches-research-management-financial-195400310.html,news.yahoo.com,English,0.0,gdelt_gkg
NOW,2019-12-24,How Did ServiceNow Inc ( NOW ) Compare Against Top Hedge Fund Stocks in 2019 ? ,https://www.insidermonkey.com/blog/how-did-servicenow-inc-now-compare-against-top-hedge-fund-stocks-in-2019-814029/,insidermonkey.com,English,0.0,gdelt_gkg
NOW,2019-12-24,Costs and Consequences of Gaps in Vulnerability Response,https://informationweek.com/whitepaper/security-management-and-analytics/security-monitoring/costs-and-consequences-of-gaps-in-vulnerability-response/412703?gset=yes&cid=smartbox_techweb_whitepaper_14.500003803,informationweek.com,English,0.0,gdelt_gkg
NOW,2019-12-24,RingCentral : Early Stage Compounder With 100 % Upside Potential,https://seekingalpha.com/article/4313836-ringcentral-early-stage-compounder-100-upside-potential,seekingalpha.com,English,0.0,gdelt_gkg
NOW,2019-12-24,"ISG Launches Research on Service Management , Financial Outsourcing , Microsoft and Salesforce Ecosystems",https://www.gurufocus.com/news/1005630/isg-launches-research-on-service-management-financial-outsourcing-microsoft-and-salesforce-ecosystems,gurufocus.com,English,0.0,gdelt_gkg
NOW,2019-12-24,TripAction first CFO reflects on his stint as Snowflake first CFO,https://www.businessinsider.com/tripactions-cfo-thomas-tuchscherer-snowflake-startup-culture-2019-12,businessinsider.com,English,0.0,gdelt_gkg
NOW,2019-12-24,2019 Review : Most Favored Hedge Fund Stocks vs . Global Payments Inc ( NYSE : GPN ) ,https://www.insidermonkey.com/blog/2019-review-most-favored-hedge-fund-stocks-vs-global-payments-inc-nysegpn-814081/,insidermonkey.com,English,0.0,gdelt_gkg
NOW,2019-12-25,The 10 Most Important IT Executive Moves Of 2019,https://www.crn.com/slide-shows/channel-programs/the-10-most-important-it-executive-moves-of-2019,crn.com,English,0.0,gdelt_gkg
NOW,2019-12-26,Best Statistical Global Data Mining Software Market Executive,https://www.openpr.com/news/1886116/best-statistical-global-data-mining-software-market-executive,openpr.com,English,0.0,gdelt_gkg
NOW,2019-12-26,Implementing Agile Security Response,https://informationweek.com/whitepaper/security-management-and-analytics/risk-management-security/implementing-agile-security-response/412693?gset=yes&cid=smartbox_techweb_whitepaper_14.500003802,informationweek.com,English,0.0,gdelt_gkg
NOW,2019-12-26,Unbelievable Growth of Employee Training and Applicant,https://www.openpr.com/news/1886122/unbelievable-growth-of-employee-training-and-applicant,openpr.com,English,0.0,gdelt_gkg
NOW,2019-12-26,Top 5 strategic priorities for CIOs in 2020,https://www.cio.co.ke/top-5-strategic-priorities-for-cios-in-2020/,cio.co.ke,English,0.0,gdelt_gkg
NOW,2019-12-26,Huge Demand for Global Intelligent Network Market by Forecast,https://www.openpr.com/news/1886118/huge-demand-for-global-intelligent-network-market-by-forecast,openpr.com,English,0.0,gdelt_gkg
NOW,2019-12-27,Das sind die Aufsteiger und Absteiger der Wirtschaftswelt,https://www.focus.de/finanzen/boerse/im-ablaufenden-jahr-2019-nadella-lagarde-und-co-das-sind-die-aufsteiger-und-absteiger-der-wirtschaftswelt_id_11498846.html,focus.de,German,0.0,gdelt_gkg
NOW,2019-12-27,2019 - the Derek version,https://diginomica.com/2019-derek-version,diginomica.com,English,0.0,gdelt_gkg
NOW,2019-12-27,"Tech stocks are poised to close out their best year in a decade , propelled by Apple and AMD",https://www.msn.com/en-us/finance/markets/tech-stocks-are-poised-to-close-out-their-best-year-in-a-decade-propelled-by-apple-and-amd/ar-BBYookf,msn.com,English,0.0,gdelt_gkg
NOW,2019-12-27,"iShares Expanded Tech - Software Sector ETF : A Long Runway Of Growth , But Is Expensive Now",https://seekingalpha.com/article/4314222-ishares-expanded-tech-software-sector-etf-long-runway-of-growth-is-expensive-now,seekingalpha.com,English,0.0,gdelt_gkg
NOW,2019-12-27,Top 10 business applications stories of 2019,https://www.computerweekly.com/news/252475519/Top-10-business-applications-stories-of-2019,computerweekly.com,English,0.0,gdelt_gkg
NOW,2019-12-28,"Software Asset Management Market Size , Share & Trends Analysis Report 2019 - 2024",https://www.texasguardian.com/news/263532990/software-asset-management-market-size-share--trends-analysis-report-2019-2024,texasguardian.com,English,0.0,gdelt_gkg
NOW,2019-12-28, ¿ Dónde se encuentran las empresas hoy en el camino de la nube ? ,http://www.ebizlatam.com/donde-se-encuentran-las-empresas-hoy-en-el-camino-de-la-nube/,ebizlatam.com,Spanish,0.0,gdelt_gkg
NOW,2019-12-28,Packt Free eBook,https://hup.hu/comment/2419461,hup.hu,English,0.0,gdelt_gkg
NOW,2019-12-28,Start the New Year with a simplification month,https://www.strategy-business.com/blog/Start-the-New-Year-with-a-simplification-month,strategy-business.com,English,0.0,gdelt_gkg
NOW,2019-12-28,"Software Asset Management Market Size , Share & Trends Analysis Report 2019 - 2024",https://www.sandiegosun.com/news/263532990/software-asset-management-market-size-share--trends-analysis-report-2019-2024,sandiegosun.com,English,0.0,gdelt_gkg
NOW,2019-12-28,ServiceNow ( NOW ) Stock Moves 0 . 24 %: What You Should Know,https://www.nasdaq.com/articles/servicenow-now-stock-moves-0.24:-what-you-should-know-2019-12-27,nasdaq.com,English,0.0,gdelt_gkg
NOW,2019-12-28,"Software Asset Management Market Size , Share & Trends Analysis Report 2019 - 2024",https://www.newyorktelegraph.com/news/263532990/software-asset-management-market-size-share--trends-analysis-report-2019-2024,newyorktelegraph.com,English,0.0,gdelt_gkg
NOW,2019-12-30,CIOs experience growing pain points with myriad cyber threats,https://www.securityinfowatch.com/cybersecurity/article/21119556/cios-experience-growing-pain-points-with-myriad-cyber-threats,securityinfowatch.com,English,0.0,gdelt_gkg
NOW,2019-12-30,Erfolg für SAP und Microsoft : Aufsteiger und Absteiger in der Wirtschaft 2019,https://www.crn.de/software-services/aufsteiger-und-absteiger-in-der-wirtschaft-2019.121469.html,crn.de,German,0.0,gdelt_gkg
NOW,2019-12-30,"Google Cloud should buy ServiceNow , Splunk : Analyst",https://www.businessinsider.com/google-cloud-splunk-servicenow-workday-palo-alto-networks-2019-12,businessinsider.com,English,0.0,gdelt_gkg
NOW,2019-12-30,"Boeing Company ( The ) ( NYSE : BA ), Nike , Inc . ( NYSE : NKE ) - 34 CEOs Who Resigned Or Were Fired In 2019",https://www.benzinga.com/news/19/12/15041886/34-ceos-who-resigned-or-were-fired-in-2019,benzinga.com,English,0.0,gdelt_gkg
NOW,2019-12-30,airgleam . com Website Analysis and Social Media report impact : Airgleam . com,https://www.coolsocial.net/sites/www/airgleam.com.html,coolsocial.net,English,0.0,gdelt_gkg
NOW,2019-12-31,"Global Cloud Project Portfolio Management Market Analysis , Trends , and Forecasts 2019 - 2025",https://finance.yahoo.com/news/global-cloud-project-portfolio-management-134800704.html,finance.yahoo.com,English,0.0,gdelt_gkg
NOW,2019-12-31,"Global Cloud Discovery Market Analysis , Trends , and Forecasts 2019 - 2025 - ResearchAndMarkets . com",https://www.galvnews.com/news_ap/business/article_54cb0383-19bf-53eb-aaca-9a534d1a80e1.html,galvnews.com,English,0.0,gdelt_gkg
NOW,2019-12-31,"Global Cloud Discovery Market Analysis , Trends , and Forecasts 2019 - 2025 – ResearchAndMarkets . com",https://www.financialbuzz.com/global-cloud-discovery-market-analysis-trends-and-forecasts-2019-2025-researchandmarkets-com/,financialbuzz.com,English,0.0,gdelt_gkg
NOW,2019-12-31,"Global Cloud Project Portfolio Management Market Analysis , Trends , and Forecasts 2019 - 2025 - ResearchAndMarkets . com - Press Release",http://www.digitaljournal.com/pr/4546522,digitaljournal.com,English,0.0,gdelt_gkg
NOW,2019-12-31,"Global Cloud Field Service Management Market Analysis , Trends , and Forecasts 2019 - 2025 - ResearchAndMarkets . com - Press Release",http://www.digitaljournal.com/pr/4546526,digitaljournal.com,English,0.0,gdelt_gkg
NOW,2019-12-31,"Global Cognitive Operations Market Analysis , Trends , and Forecasts 2019 - 2025 - ResearchAndMarkets . com - Press Release",http://www.digitaljournal.com/pr/4546444,digitaljournal.com,English,0.0,gdelt_gkg
NOW,2019-12-31,Detox Your Portfolio With Our Best 2020 Stock Picks,https://www.forbes.com/sites/randywatts/2020/12/31/detox-your-portfolio-with-our-best-2020-stock-picks/,forbes.com,English,0.0,gdelt_gkg
NOW,2019-12-31,El estado de la seguridad cibernética en 2020 : Cinco tendencias clave,https://www.laestrella.com.pa/cafe-estrella/tecnologia/191231/seguridad-cibernetica-2020-cinco-tendencias-clave,laestrella.com.pa,Spanish,0.0,gdelt_gkg
