ticker,date,title,url,domain,language,tone,source
DDOG,2026-01-01,"Roberts Wealth Advisors LLC Buys Shares of 13 , 960 Datadog , Inc . $DDOG",https://www.tickerreport.com/banking-finance/13306402/roberts-wealth-advisors-llc-buys-shares-of-13960-datadog-inc-ddog.html,tickerreport.com,English,0.0,gdelt_gkg
DDOG,2026-01-01,"Roberts Wealth Advisors LLC Makes New Investment in Datadog , Inc . $DDOG",https://www.dailypolitical.com/2026/01/01/roberts-wealth-advisors-llc-makes-new-investment-in-datadog-inc-ddog.html,dailypolitical.com,English,0.0,gdelt_gkg
DDOG,2026-01-02,Weekly Research Analyst Ratings Changes for Datadog ( DDOG ) ,https://www.themarketsdaily.com/2026/01/02/weekly-research-analysts-ratings-changes-for-datadog-ddog.html,themarketsdaily.com,English,0.0,gdelt_gkg
DDOG,2026-01-04,"2 Spectacular Artificial Intelligence ( AI ) Stocks to Buy Hand Over Fist in 2026 , According to Wall Street",https://finance.yahoo.com/news/2-spectacular-artificial-intelligence-ai-094700062.html,finance.yahoo.com,English,0.0,gdelt_gkg
DDOG,2026-01-05,"Top AI Stocks to Buy Aggressively in 2026 , Says Wall Street",https://www.el-balad.com/6812312,el-balad.com,English,0.0,gdelt_gkg
DDOG,2026-01-05,"History Says the Nasdaq Will Soar in 2026 : 2 AI Stocks to Buy Now , According to Wall Street",https://finance.yahoo.com/news/history-says-nasdaq-soar-2026-103000694.html,finance.yahoo.com,English,0.0,gdelt_gkg
DDOG,2026-01-05,"Research Analyst Price Target Changes for January 5th ( ABT , ACN , AFL , AIRO , AKAM , AME , ANRO , APGE , ASAN , BAC ) ",https://www.tickerreport.com/banking-finance/13308643/research-analysts-price-target-changes-for-january-5th-abt-acn-afl-airo-akam-ame-anro-apge-asan-bac.html,tickerreport.com,English,0.0,gdelt_gkg
DDOG,2026-01-05,USDA Forest Service observability platform,https://www.govexec.com/sponsors/2025/12/usda-forest-service-observability-platform/410069/,govexec.com,English,0.0,gdelt_gkg
DDOG,2026-01-06,5 Stocks Wall Street Repriced Higher Heading Into 2026,https://www.investing.com/analysis/5-stocks-wall-street-repriced-higher-heading-into-2026-200672763,investing.com,English,0.0,gdelt_gkg
DDOG,2026-01-06,Cloud FinOps Market worth $26 . 91 billion by 2030,https://www.itnewsonline.com/PRNewswire/Cloud-FinOps-Market-worth-USD26.91-billion-by-2030--MarketsandMarkets/1103358,itnewsonline.com,English,0.0,gdelt_gkg
DDOG,2026-01-06,Observability Evolution : From 1960s Tools to AI - Powered Future in 2026,https://www.webpronews.com/observability-evolution-from-1960s-tools-to-ai-powered-future-in-2026/,webpronews.com,English,0.0,gdelt_gkg
DDOG,2026-01-07,"Systems Engineer , Managed Operations - Job bei der Firma Amazon Workforce Staffing in Berlin",https://www.stepstone.de/stellenangebote--systems-engineer-managed-operations-berlin-amazon-workforce-staffing--13503440-inline.html,stepstone.de,English,0.0,gdelt_gkg
DDOG,2026-01-07,Datadog Options Trading : A Deep Dive into Market Sentiment - Datadog ( NASDAQ : DDOG ) ,https://www.benzinga.com/insights/options/26/01/49760658/datadog-options-trading-a-deep-dive-into-market-sentiment,benzinga.com,English,0.0,gdelt_gkg
DDOG,2026-01-08,Linux Foundation launches Agentic AI open standards hub,https://itbrief.co.nz/story/linux-foundation-launches-agentic-ai-open-standards-hub,itbrief.co.nz,English,0.0,gdelt_gkg
DDOG,2026-01-08,Infrastructure Stocks To Keep An Eye On – January 8th,https://www.dailypolitical.com/2026/01/08/infrastructure-stocks-to-keep-an-eye-on-january-8th.html,dailypolitical.com,English,0.0,gdelt_gkg
DDOG,2026-01-08,FinancialContent - Why Datadog ( DDOG ) Shares Are Falling Today,https://markets.financialcontent.com/stocks/article/stockstory-2026-1-8-why-datadog-ddog-shares-are-falling-today,markets.financialcontent.com,English,0.0,gdelt_gkg
DDOG,2026-01-08,"AI stock battle : Buy , sell or hold Nvidia , Intel , and AMD",https://finance.yahoo.com/news/ai-stock-battle-buy-sell-or-hold-nvidia-intel-and-amd-141209392.html,finance.yahoo.com,English,0.0,gdelt_gkg
DDOG,2026-01-08,Infrastructure Stocks To Keep An Eye On – January 8th,https://www.tickerreport.com/banking-finance/13311330/infrastructure-stocks-to-keep-an-eye-on-january-8th.html,tickerreport.com,English,0.0,gdelt_gkg
DDOG,2026-01-09,Data storage cloud Snowflake buys ITOM platform Observe,https://www.theregister.com/2026/01/09/snowflaketo_acquire_observe/,theregister.com,English,0.0,gdelt_gkg
DDOG,2026-01-09,Stock Indexes Mixed on Big Tech Weakness and Higher Bond Yields,https://finance.yahoo.com/news/stock-indexes-mixed-big-tech-162301875.html,finance.yahoo.com,English,0.0,gdelt_gkg
DDOG,2026-01-09,"SG Americas Securities LLC Has $22 . 95 Million Stock Holdings in Datadog , Inc . $DDOG",https://www.dailypolitical.com/2026/01/09/sg-americas-securities-llc-has-22-95-million-stock-holdings-in-datadog-inc-ddog.html,dailypolitical.com,English,0.0,gdelt_gkg
DDOG,2026-01-09,Rain Raises $250M Series C to Scale Stablecoin - Powered Payments Infrastructure for Global Enterprises,https://www.manilatimes.net/2026/01/09/tmt-newswire/pr-newswire/rain-raises-250m-series-c-to-scale-stablecoin-powered-payments-infrastructure-for-global-enterprises/2256021,manilatimes.net,English,0.0,gdelt_gkg
DDOG,2026-01-09,sorted string tables ( SST ) from first principles,https://www.bitsxpages.com/p/sorted-string-tables-sst-from-first,bitsxpages.com,English,0.0,gdelt_gkg
DDOG,2026-01-09,"SG Americas Securities LLC Has $22 . 95 Million Stake in Datadog , Inc . $DDOG",https://www.tickerreport.com/banking-finance/13311723/sg-americas-securities-llc-has-22-95-million-stake-in-datadog-inc-ddog.html,tickerreport.com,English,0.0,gdelt_gkg
DDOG,2026-01-10,FinancialContent - Wall Street Surges to New Heights : S & P 500 and Dow Hit Records as December Jobs Report Fuels Soft Landing Optimism,https://markets.financialcontent.com/stocks/article/marketminute-2026-1-9-wall-street-surges-to-new-heights-s-and-p-500-and-dow-hit-records-as-december-jobs-report-fuels-soft-landing-optimism,markets.financialcontent.com,English,0.0,gdelt_gkg
DDOG,2026-01-10,Stocks Settle Mixed on Sector Rotation,https://finance.yahoo.com/news/stocks-settle-mixed-sector-rotation-213902984.html,finance.yahoo.com,English,0.0,gdelt_gkg
DDOG,2026-01-10,AI is no  business killer : Why Wall Street is buying software stocks in 2026,https://finance.yahoo.com/news/ai-is-no-business-killer-why-wall-street-is-buying-software-stocks-in-2026-150016555.html,finance.yahoo.com,English,0.0,gdelt_gkg
DDOG,2026-01-12,Top Infrastructure Stocks To Keep An Eye On – January 12th,https://www.themarketsdaily.com/2026/01/12/top-infrastructure-stocks-to-keep-an-eye-on-january-12th.html,themarketsdaily.com,English,0.0,gdelt_gkg
DDOG,2026-01-12,AI Startup Flees Datadog Lock - In via 48 - Hour AI - Powered Grafana Shift,https://www.webpronews.com/ai-startup-flees-datadog-lock-in-via-48-hour-ai-powered-grafana-shift/,webpronews.com,English,0.0,gdelt_gkg
DDOG,2026-01-12,"Netflix initiated , Palantir upgraded : Wall Street top analyst calls",https://finance.yahoo.com/news/netflix-initiated-palantir-upgraded-wall-144909530.html,finance.yahoo.com,English,0.0,gdelt_gkg
DDOG,2026-01-12,"McDonald Upgraded , Netflix Downgraded : Updated Rankings on Top Blue - Chip Stocks",https://investorplace.com/market360/2026/01/20260112-blue-chip-upgrades-downgrades/,investorplace.com,English,0.0,gdelt_gkg
DDOG,2026-01-12,FinancialContent - CrowdStrike Shares Slip as KeyBanc Downgrades Rating Amid 2026 Budget Concerns,https://markets.financialcontent.com/stocks/article/marketminute-2026-1-12-crowdstrike-shares-slip-as-keybanc-downgrades-rating-amid-2026-budget-concerns,markets.financialcontent.com,English,0.0,gdelt_gkg
DDOG,2026-01-12,The 100 Coolest Cloud Computing Companies Of 2026,https://www.crn.com/news/cloud/2026/the-100-coolest-cloud-computing-companies-of-2026,crn.com,English,0.0,gdelt_gkg
DDOG,2026-01-12,FinancialContent - Observability Outlook 2026 : Goldman and Morgan Stanley Clash Over Datadog Future,https://markets.financialcontent.com/stocks/article/marketminute-2026-1-12-observability-outlook-2026-goldman-and-morgan-stanley-clash-over-datadogs-future,markets.financialcontent.com,English,0.0,gdelt_gkg
DDOG,2026-01-13,"3 Technology Stocks to Sell in 2026 - Apple ( NASDAQ : AAPL ), ARK Next Generation Internet ETF ( BATS : ARKW ) ",https://www.benzinga.com/trading-ideas/movers/26/01/49884160/3-technology-stocks-to-sell-in-2026,benzinga.com,English,0.0,gdelt_gkg
DDOG,2026-01-13,"Senior CloudOps Engineer ( Málaga , ES ) ",https://www.parking.net/parking-jobs/tkh-security/senior-cloudops-engineer-malaga-es-1,parking.net,English,0.0,gdelt_gkg
DDOG,2026-01-13,The 20 Coolest Cloud Monitoring And Management Companies Of The 2026 Cloud 100,https://www.crn.com/news/cloud/2026/the-20-coolest-cloud-monitoring-and-management-companies-of-the-2026-cloud-100,crn.com,English,0.0,gdelt_gkg
DDOG,2026-01-13,AWS Comsum conference to make Birmingham debut this summer,https://www.conference-news.co.uk/news/aws-comsum-conference-to-make-birmingham-debut-this-summer/,conference-news.co.uk,English,0.0,gdelt_gkg
DDOG,2026-01-13,Accelerating Discovery : How the Materials Project Is Helping to Usher in the AI Revolution for Materials Science,https://www.newswise.com/doescience/accelerating-discovery-how-the-materials-project-is-helping-to-usher-in-the-ai-revolution-for-materials-science/?article_id=841545,newswise.com,English,0.0,gdelt_gkg
DDOG,2026-01-15,"Why Analysts Are Closely Watching Datadog , Inc . ( DDOG ) ",https://finance.yahoo.com/news/why-analysts-closely-watching-datadog-131515819.html,finance.yahoo.com,English,0.0,gdelt_gkg
DDOG,2026-01-15,Datadog ( NASDAQ : DDOG ) Given New $175 . 00 Price Target at BNP Paribas Exane,https://www.dailypolitical.com/2026/01/15/datadog-nasdaqddog-given-new-175-00-price-target-at-bnp-paribas-exane.html,dailypolitical.com,English,0.0,gdelt_gkg
DDOG,2026-01-15,Accelerating Discovery : How the Materials Project Is Helping to Usher in the AI Revolution for Materials Science,https://www.newswise.com/articles/accelerating-discovery-how-the-materials-project-is-helping-to-usher-in-the-ai-revolution-for-materials-science,newswise.com,English,0.0,gdelt_gkg
DDOG,2026-01-15,"Datadog ( DDOG ) Faces Competitive Pressures in 2026 , Goldman Says in Sell Call",https://www.insidermonkey.com/blog/datadog-ddog-faces-competitive-pressures-in-2026-goldman-says-in-sell-call-1675608/,insidermonkey.com,English,0.0,gdelt_gkg
DDOG,2026-01-16,"Atlassian , Datadog , Fastly in focus as Citi cuts price targets ( TEAM : NASDAQ ) ",https://seekingalpha.com/news/4539863-atlassian-datadog-fastly-in-focus-as-citi-cuts-price-targets,seekingalpha.com,English,0.0,gdelt_gkg
DDOG,2026-01-17,"Equities Research Analyst Downgrades for January 17th ( AAON , ACIC , ACTU , ADBE , AGI , ALHC , AMSC , APPS , APVO , AREC ) ",https://www.themarketsdaily.com/2026/01/17/equities-research-analysts-downgrades-for-january-17th-aaon-acic-actu-adbe-agi-alhc-amsc-apps-apvo-arec.html,themarketsdaily.com,English,0.0,gdelt_gkg
DDOG,2026-01-18,DataDog Inc ( DDOG ) Set To Be a Beneficiary of Vendor Consolidation,https://finance.yahoo.com/news/datadog-inc-ddog-set-beneficiary-191038557.html,finance.yahoo.com,English,0.0,gdelt_gkg
DDOG,2026-01-20,"Database Administrator ( Remote , Roseville , US ) ",https://www.parking.net/parking-jobs/amano-mcgann-inc/database-administrator-remote-roseville-us-1,parking.net,English,0.0,gdelt_gkg
DDOG,2026-01-20,Datadog Announces Date of Fourth Quarter and Fiscal Year 2025 Earnings Call,https://www.manilatimes.net/2026/01/21/tmt-newswire/globenewswire/datadog-announces-date-of-fourth-quarter-and-fiscal-year-2025-earnings-call/2262241,manilatimes.net,English,0.0,gdelt_gkg
DDOG,2026-01-20,Datadog Announces Upcoming Investor Day | The Manila Times,https://www.manilatimes.net/2026/01/21/tmt-newswire/globenewswire/datadog-announces-upcoming-investor-day/2262242,manilatimes.net,English,0.0,gdelt_gkg
DDOG,2026-01-20,Datadog Announces Date of Fourth Quarter and Fiscal Year 2025 Earnings Call,https://www.itnewsonline.com/GlobeNewswire/Datadog-Announces-Date-of-Fourth-Quarter-and-Fiscal-Year-2025-Earnings-Call/114167,itnewsonline.com,English,0.0,gdelt_gkg
DDOG,2026-01-21,3 Software Stocks to Sell Before AI Replaces Them Entirely,https://finance.yahoo.com/news/3-software-stocks-sell-ai-193014167.html,finance.yahoo.com,English,0.0,gdelt_gkg
DDOG,2026-01-21,Thinkific Announces Timing of Fourth Quarter and Full Year 2025 Financial Results Conference Call,https://www.newswire.ca/news-releases/thinkific-announces-timing-of-fourth-quarter-and-full-year-2025-financial-results-conference-call-875410114.html,newswire.ca,English,0.0,gdelt_gkg
DDOG,2026-01-21,Thinkific Announces Timing of Fourth Quarter and Full Year 2025 Financial Results Conference Call,https://www.cantechletter.com/newswires/thinkific-announces-timing-of-fourth-quarter-and-full-year-2025-financial-results-conference-call/,cantechletter.com,English,0.0,gdelt_gkg
DDOG,2026-01-21,Infinitopes Expands Seed Financing to $35 Million to Accelerate Clinical Development of Precision Cancer Vaccine,https://www.finanznachrichten.de/nachrichten-2026-01/67485191-infinitopes-expands-seed-financing-to-dollar-35-million-to-accelerate-clinical-development-of-precision-cancer-vaccine-008.htm,finanznachrichten.de,English,0.0,gdelt_gkg
DDOG,2026-01-21,Synechron unveils Agentic AI suite for regulated sectors,https://ecommercenews.co.nz/story/synechron-unveils-agentic-ai-suite-for-regulated-sectors,ecommercenews.co.nz,English,0.0,gdelt_gkg
DDOG,2026-01-22,Behind the Scenes of Datadog Latest Options Trends - Datadog ( NASDAQ : DDOG ) ,https://www.benzinga.com/insights/options/26/01/50069807/behind-the-scenes-of-datadogs-latest-options-trends,benzinga.com,English,0.0,gdelt_gkg
DDOG,2026-01-22,"Datadog Analyst Expects Q4 Beat , Turns Bullish Ahead Of Print - Datadog ( NASDAQ : DDOG ) ",https://www.benzinga.com/analyst-stock-ratings/analyst-color/26/01/50074969/this-datadog-analyst-expects-significant-q4-beat-turns-bullish-ahead-of-print,benzinga.com,English,0.0,gdelt_gkg
DDOG,2026-01-22,"Stocks making the biggest moves premarket : PG , MCK , MBLY , GME",https://www.cnbc.com/2026/01/22/stocks-making-the-biggest-moves-premarke-.html,cnbc.com,English,0.0,gdelt_gkg
DDOG,2026-01-22,"Stocks making the biggest moves midday : GE , PG , NTRS , META",https://www.cnbc.com/2026/01/22/stocks-making-the-biggest-moves-midday-ge-pg-ntrs-meta.html,cnbc.com,English,0.0,gdelt_gkg
DDOG,2026-01-22,"Nasdaq and Russell continue rebound on tariff U - turn , with P & G and Intel earnings eyed",https://www.proactiveinvestors.com/companies/news/1086105/nasdaq-and-russell-continue-rebound-on-tariff-u-turn-with-p-g-and-intel-earnings-eyed-1086105.html,proactiveinvestors.com,English,0.0,gdelt_gkg
DDOG,2026-01-22,"Nasdaq , Dow close firmly in positive territory after Trump halts European tariffs",https://www.proactiveinvestors.com/companies/news/1086105/nasdaq-dow-close-firmly-in-positive-territory-after-trump-halts-european-tariffs-1086105.html,proactiveinvestors.com,English,0.0,gdelt_gkg
DDOG,2026-01-22,"U . S . stock market surges as Russell 2000 hits record : Russell 2000 index hits record high , up 1 . 25 %: U . S . stock market surges as small caps lead the broad rally - Dow also rises on stronger GDP",https://economictimes.indiatimes.com/news/international/us/russell-2000-index-hits-record-high-up-1-25-u-s-stock-market-surges-as-small-caps-lead-the-broad-rally-dow-also-rises-on-stronger-gdp/articleshow/127177882.cms,economictimes.indiatimes.com,English,0.0,gdelt_gkg
DDOG,2026-01-22,DataDog Stock Jumps As Analyst Expects Earnings Surprise - Datadog ( NASDAQ : DDOG ) ,https://www.benzinga.com/trading-ideas/movers/26/01/50076104/datadog-stock-jumps-as-analyst-expects-earnings-surprise,benzinga.com,English,0.0,gdelt_gkg
DDOG,2026-01-22,FinancialContent - Why Is Datadog ( DDOG ) Stock Soaring Today,https://markets.financialcontent.com/stocks/article/stockstory-2026-1-22-why-is-datadog-ddog-stock-soaring-today,markets.financialcontent.com,English,0.0,gdelt_gkg
DDOG,2026-01-23,Stocks Settle Sharply Higher as President Trump Claims Deal on Greenland,https://finance.yahoo.com/news/stocks-settle-sharply-higher-president-214604575.html,finance.yahoo.com,English,0.0,gdelt_gkg
DDOG,2026-01-23,Stocks Supported by Easing Geopolitical Tensions and Solid US Economic News,https://finance.yahoo.com/news/stocks-supported-easing-geopolitical-tensions-161022868.html,finance.yahoo.com,English,0.0,gdelt_gkg
DDOG,2026-01-24,Stocks Settle Higher as Global Tensions Cool and the Economy Expands,https://finance.yahoo.com/news/stocks-settle-higher-global-tensions-213654337.html,finance.yahoo.com,English,0.0,gdelt_gkg
DDOG,2026-01-26,Top Infrastructure Stocks To Follow Today – January 26th,https://www.themarketsdaily.com/2026/01/26/top-infrastructure-stocks-to-follow-today-january-26th.html,themarketsdaily.com,English,0.0,gdelt_gkg
DDOG,2026-01-26,TD Cowen Remains Optimistic on Datadog ( DDOG ) Stock Amidst Attractive Valuation,https://www.insidermonkey.com/blog/td-cowen-remains-optimistic-on-datadog-ddog-stock-amidst-attractive-valuation-1681295/,insidermonkey.com,English,0.0,gdelt_gkg
DDOG,2026-01-26,TD Cowen Remains Optimistic on Datadog ( DDOG ) Stock Amidst Attractive Valuation,https://finance.yahoo.com/news/td-cowen-remains-optimistic-datadog-145807156.html,finance.yahoo.com,English,0.0,gdelt_gkg
DDOG,2026-01-27,FinancialContent - Datadog ( DDOG ) and the 2026 Observability Frontier : Navigating the AI Re - Architecting Phase,https://markets.financialcontent.com/stocks/article/finterra-2026-1-27-datadog-ddog-and-the-2026-observability-frontier-navigating-the-ai-re-architecting-phase,markets.financialcontent.com,English,0.0,gdelt_gkg
DDOG,2026-01-27,Pebble Appoints Paul Nagle - Smith To Drive Fulfilment,https://tvnewscheck.com/tech/article/pebble-appoints-paul-nagle-smith-to-drive-fulfilment/,tvnewscheck.com,English,0.0,gdelt_gkg
DDOG,2026-01-28,Business . Scoop » The Iconic Strengthens Platform Reliability With Datadog To Keep Shopping Seamless,https://business.scoop.co.nz/2026/01/28/the-iconic-strengthens-platform-reliability-with-datadog-to-keep-shopping-seamless/,business.scoop.co.nz,English,0.0,gdelt_gkg
DDOG,2026-01-28,Upwind Runtime Revolution : $250M Fuels $1 . 5B Cloud Security Unicorn,https://www.webpronews.com/upwinds-runtime-revolution-250m-fuels-1-5b-cloud-security-unicorn/,webpronews.com,English,0.0,gdelt_gkg
DDOG,2026-01-28,Scotiabank Sees Datadog ( DDOG ) as Safe AI Monitoring Play Despite PT Cut,https://www.insidermonkey.com/blog/scotiabank-sees-datadog-ddog-as-safe-ai-monitoring-play-despite-pt-cut-1683356/,insidermonkey.com,English,0.0,gdelt_gkg
DDOG,2026-01-28,"AI security startup Outtake raises $40M from Iconiq , Satya Nadella , Bill Ackman , and other big names",https://techcrunch.com/2026/01/28/ai-security-startup-outtake-raises-40m-from-iconiq-satya-nadella-bill-ackman-and-other-big-names/,techcrunch.com,English,0.0,gdelt_gkg
DDOG,2026-01-29,"Datadog , Inc . $DDOG Shares Bought by Belpointe Asset Management LLC",https://www.defenseworld.net/2026/01/29/datadog-inc-ddog-shares-bought-by-belpointe-asset-management-llc.html,defenseworld.net,English,0.0,gdelt_gkg
DDOG,2026-01-29,"S & P 500 , Nasdaq down as tech AI budgets trigger flight",https://www.crookwellgazette.com.au/story/9164154/sp-500-nasdaq-down-as-tech-ai-budgets-trigger-flight/,crookwellgazette.com.au,English,0.0,gdelt_gkg
DDOG,2026-01-29,"S & P 500 , Nasdaq down as tech AI budgets trigger flight",https://www.queanbeyanage.com.au/story/9164154/sp-500-nasdaq-down-as-tech-ai-budgets-trigger-flight/,queanbeyanage.com.au,English,0.0,gdelt_gkg
DDOG,2026-01-29,"US stocks : S & P 500 , Nasdaq close down as Big Tech soaring AI budgets trigger flight",https://www.businesstimes.com.sg/companies-markets/capital-markets-currencies/us-stocks-sp-500-nasdaq-close-down-big-techs-soaring-ai-budgets-trigger-flight,businesstimes.com.sg,English,0.0,gdelt_gkg
DDOG,2026-01-29,"US software stocks slide after SAP , ServiceNow results fuel AI disruption fears",https://www.thestar.com.my/tech/tech-news/2026/01/29/us-software-stocks-slide-after-sap-servicenow-results-fuel-ai-disruption-fears,thestar.com.my,English,0.0,gdelt_gkg
DDOG,2026-01-29,"S & P 500 , Nasdaq close down as Big Tech soaring AI budgets trigger flight",https://www.marketscreener.com/news/us-stock-index-futures-edge-up-as-markets-digest-big-tech-earnings-ce7e5bded180f225,marketscreener.com,English,0.0,gdelt_gkg
DDOG,2026-01-29,iTWire - THE ICONIC boosts platform reliability with Datadog to deliver seamless shopping experience,https://itwire.com/business-it-news/data/the-iconic-boosts-platform-reliability-with-datadog-to-deliver-seamless-shopping-experience.html,itwire.com,English,0.0,gdelt_gkg
DDOG,2026-01-29,"SAP 2026 cloud forecasts disappoint , shares drop 15 %, biggest daily loss since 2020",https://economictimes.indiatimes.com/markets/us-stocks/news/saps-2026-cloud-forecasts-disappoint-shares-drop-17-biggest-daily-loss-since-2020/articleshow/127779804.cms,economictimes.indiatimes.com,English,0.0,gdelt_gkg
DDOG,2026-01-29,AI Shadows : Software Sector Bear Plunge Despite Earnings Beats,https://www.webpronews.com/ai-shadows-software-sectors-bear-plunge-despite-earnings-beats/,webpronews.com,English,0.0,gdelt_gkg
DDOG,2026-01-29,Ahead of Market : 10 things that will decide stock market action on Friday,https://economictimes.indiatimes.com/markets/stocks/news/ahead-of-market-10-things-that-will-decide-stock-market-action-on-friday/articleshow/127780766.cms,economictimes.indiatimes.com,English,0.0,gdelt_gkg
DDOG,2026-01-29,Global shares weighed down by sharp drop for Microsoft,https://www.irishtimes.com/business/2026/01/29/global-shares-weighed-down-by-sharp-drop-for-microsoft/,irishtimes.com,English,0.0,gdelt_gkg
DDOG,2026-01-29,Dynatrace Agentic Overhaul : Fusing AI for Autonomous Enterprise Ops,https://www.webpronews.com/dynatraces-agentic-overhaul-fusing-ai-for-autonomous-enterprise-ops/,webpronews.com,English,0.0,gdelt_gkg
DDOG,2026-01-30,"S & P 500 , Nasdaq down as tech AI budgets trigger flight",https://www.sconeadvocate.com.au/story/9164154/sp-500-nasdaq-down-as-tech-ai-budgets-trigger-flight/,sconeadvocate.com.au,English,0.0,gdelt_gkg
DDOG,2026-01-30,"S & P 500 , Nasdaq down as tech AI budgets trigger flight",https://www.newcastleherald.com.au/story/9164154/sp-500-nasdaq-down-as-tech-ai-budgets-trigger-flight/,newcastleherald.com.au,English,0.0,gdelt_gkg
DDOG,2026-01-30,10 Stock Titans With Massive Losses - Insider Monkey,https://www.insidermonkey.com/blog/10-stock-titans-with-massive-losses-1684662/,insidermonkey.com,English,0.0,gdelt_gkg
DDOG,2026-01-30,"S & P 500 , Nasdaq down as tech AI budgets trigger flight",https://www.merimbulanewsweekly.com.au/story/9164154/sp-500-nasdaq-down-as-tech-ai-budgets-trigger-flight/,merimbulanewsweekly.com.au,English,0.0,gdelt_gkg
DDOG,2026-01-30,"US stock market : S & P , Nasdaq end lower as technology stocks fall ; Microsoft cracks 10 % ",https://www.livemint.com/market/stock-market-news/us-stock-market-s-and-p-nasdaq-end-lower-as-technology-stocks-fall-microsoft-cracks-10-11769738212577.html,livemint.com,English,0.0,gdelt_gkg
DDOG,2026-01-30,Cramer Verdict : Shrinking P / E Multiples Crush Software Giants Amid AI Fears,https://www.webpronews.com/cramers-verdict-shrinking-p-e-multiples-crush-software-giants-amid-ai-fears/,webpronews.com,English,0.0,gdelt_gkg
DDOG,2026-01-30,Scotiabank Sees Datadog ( DDOG ) as Safe AI Monitoring Play Despite PT Cut,https://finance.yahoo.com/news/scotiabank-sees-datadog-ddog-safe-195409275.html,finance.yahoo.com,English,0.0,gdelt_gkg
DDOG,2026-01-30,ServiceNow ( NOW ) Falls 9 . 94 % as AI Threatens SaaS Sector,https://www.insidermonkey.com/blog/servicenow-now-falls-9-94-as-ai-threatens-saas-sector-1684695/,insidermonkey.com,English,0.0,gdelt_gkg
DDOG,2026-01-30,"S & P 500 , Nasdaq close down as Big Tech soaring AI budgets trigger flight",https://economictimes.indiatimes.com/markets/us-stocks/news/sp-500-nasdaq-close-down-as-big-techs-soaring-ai-budgets-trigger-flight/articleshow/127788960.cms,economictimes.indiatimes.com,English,0.0,gdelt_gkg
DDOG,2026-01-30,Barlow Research Roundup : Top picks in income - heavy energy infrastructure stocks from CIBC analyst,https://www.theglobeandmail.com/investing/markets/inside-the-market/article-barlows-research-roundup-top-picks-in-income-heavy-energy/,theglobeandmail.com,English,0.0,gdelt_gkg
DDOG,2026-01-30,Analysts See Datadog ( DDOG ) As A Promising Cloud Stock For 2026,https://www.insidermonkey.com/blog/analysts-see-datadog-ddog-as-a-promising-cloud-stock-for-2026-1685295/,insidermonkey.com,English,0.0,gdelt_gkg
DDOG,2026-01-30,"What Shaping the Stock Market Today ? Global Cues , Budget 2026 , And Key Levels",https://www.newsx.com/business/whats-shaping-the-stock-market-today-global-cues-budget-2026-and-key-levels-156008/,newsx.com,English,0.0,gdelt_gkg
DDOG,2026-01-30,"S & P 500 , Nasdaq down as tech AI budgets trigger flight",https://www.singletonargus.com.au/story/9164154/sp-500-nasdaq-down-as-tech-ai-budgets-trigger-flight/,singletonargus.com.au,English,0.0,gdelt_gkg
DDOG,2026-01-31,ServiceNow ( NOW ) Falls 9 . 94 % as AI Threatens SaaS Sector,https://finance.yahoo.com/news/servicenow-now-falls-9-94-033718890.html,finance.yahoo.com,English,0.0,gdelt_gkg
DDOG,2026-02-01,2 Under - the - Radar Artificial Intelligence ( AI ) Stocks to Watch Closely in February,https://finance.yahoo.com/news/2-under-radar-artificial-intelligence-105700038.html,finance.yahoo.com,English,0.0,gdelt_gkg
DDOG,2026-02-01,Analysts See Datadog ( DDOG ) As A Promising Cloud Stock For 2026,https://finance.yahoo.com/news/analysts-see-datadog-ddog-promising-211159256.html,finance.yahoo.com,English,0.0,gdelt_gkg
DDOG,2026-02-01,GitHub - DataDog / pg _ tracing : Distributed Tracing for PostgreSQL,https://github.com/DataDog/pg_tracing,github.com,English,0.0,gdelt_gkg
DDOG,2026-02-01,Rosenblatt Securities Remains a Buy on Datadog ( DDOG ) ,https://www.insidermonkey.com/blog/rosenblatt-securities-remains-a-buy-on-datadog-ddog-1686253/,insidermonkey.com,English,0.0,gdelt_gkg
DDOG,2026-03-01,Stocks Retreat on AI Disruption Concerns and Geopolitical Risks,https://finance.yahoo.com/news/stocks-retreat-ai-disruption-concerns-161455255.html,finance.yahoo.com,English,0.0,gdelt_gkg
DDOG,2026-03-01,Stocks Settle Lower as Bank Shares Tumble and Tech Stocks Fall,https://finance.yahoo.com/news/stocks-settle-lower-bank-shares-214049430.html,finance.yahoo.com,English,0.0,gdelt_gkg
DDOG,2026-03-01,"Datadog ( DDOG ) Crosses $1B ARR Across Core Segments Despite Competitive Pressure , Citizens Reaffirms Market Perform",https://finance.yahoo.com/news/datadog-ddog-crosses-1b-arr-035804227.html,finance.yahoo.com,English,0.0,gdelt_gkg
DDOG,2026-03-02,"Bitmine Immersion Technologies ( BMNR ) Announces ETH Holdings Reach 4 . 474 Million Tokens , and Total Crypto and Total Cash Holdings of $9 . 9 Billion",http://www.asiabulletin.com/news/278897801/bitmine-immersion-technologies-bmnr-announces-eth-holdings-reach-4474-million-tokens-and-total-crypto-and-total-cash-holdings-of-99-billion,asiabulletin.com,English,0.0,gdelt_gkg
DDOG,2026-03-02,"Bitmine Immersion Technologies ( BMNR ) Announces ETH Holdings Reach 4 . 474 Million Tokens , and Total Crypto and Total Cash Holdings of $9 . 9 Billion",http://www.australiannews.net/news/278897801/bitmine-immersion-technologies-bmnr-announces-eth-holdings-reach-4474-million-tokens-and-total-crypto-and-total-cash-holdings-of-99-billion,australiannews.net,English,0.0,gdelt_gkg
DDOG,2026-03-02,"Bitmine Immersion Technologies ( BMNR ) Announces ETH Holdings Reach 4 . 474 Million Tokens , and Total Crypto and Total Cash Holdings of $9 . 9 Billion",https://www.manilatimes.net/2026/03/02/tmt-newswire/pr-newswire/bitmine-immersion-technologies-bmnr-announces-eth-holdings-reach-4474-million-tokens-and-total-crypto-and-total-cash-holdings-of-99-billion/2291254,manilatimes.net,English,0.0,gdelt_gkg
DDOG,2026-03-03,"Bybit TradFi Stock Festival Brings Wall Street to Crypto Traders , Expanding Stock CFDs in 2026",https://www.financial-news.co.uk/bybit-tradfi-stock-festival-brings-wall-street-to-crypto-traders-expanding-stock-cfds-in-2026/,financial-news.co.uk,English,0.0,gdelt_gkg
DDOG,2026-03-03,Ultimate Guide to mTLS : Securing Microservice Interactions in Kubernetes,https://mboaconnect.com/internet/ultimate-guide-to-mtls-securing-microservice-interactions-in-kubernetes,mboaconnect.com,English,0.0,gdelt_gkg
DDOG,2026-03-03,It 2030 . The Citrini AI Crisis Never Came . ,https://www.forbes.com/sites/donmuir/2026/03/02/its-2030-the-citrini-ai-crisis-never-came/,forbes.com,English,0.0,gdelt_gkg
DDOG,2026-03-04,"Senior CloudOps Engineer ( Málaga , ES ) ",https://www.parking.net/parking-jobs/tkh-security/senior-cloudops-engineer-malaga-es-3,parking.net,English,0.0,gdelt_gkg
DDOG,2026-03-04,"🛡️ / Straylight Sentinel Brief [ Wednesday , March 04 , 2026 | 06 : 23 UTC Edition ]: Straylight Sentinel Intelligence Brief : State - Sponsored Escalations & Critical Infrastructure Flaws | Cybersecurity",https://digg.com/cybersecurity/knKQDYk/straylight-sentinel-brief-wednesday-march-04,digg.com,English,0.0,gdelt_gkg
DDOG,2026-03-04,"New Age Alpha Advisors LLC Cuts Stake in Datadog , Inc . $DDOG",https://www.themarketsdaily.com/2026/03/04/new-age-alpha-advisors-llc-cuts-stake-in-datadog-inc-ddog.html,themarketsdaily.com,English,0.0,gdelt_gkg
DDOG,2026-03-04,Nasdaq in lead as stocks continue to rise despite Middle East conflict,https://www.proactiveinvestors.com/companies/news/1088339/nasdaq-in-lead-as-stocks-continue-to-rise-despite-middle-east-conflict-1088339.html,proactiveinvestors.com,English,0.0,gdelt_gkg
DDOG,2026-03-04,"Stifel and Bernstein Stay Bullish on Datadog , Inc . ( DDOG ) After Investor Day",https://www.insidermonkey.com/blog/stifel-and-bernstein-stay-bullish-on-datadog-inc-ddog-after-investor-day-1709118/,insidermonkey.com,English,0.0,gdelt_gkg
DDOG,2026-03-04,"FinancialContent - Datadog ( DDOG ) Shares Skyrocket , What You Need To Know",https://markets.financialcontent.com/stocks/article/stockstory-2026-3-4-datadog-ddog-shares-skyrocket-what-you-need-to-know,markets.financialcontent.com,English,0.0,gdelt_gkg
DDOG,2026-03-05,Thinkific Announces Chief Financial Officer and Board Transitions,https://www.cantechletter.com/newswires/thinkific-announces-chief-financial-officer-and-board-transitions/,cantechletter.com,English,0.0,gdelt_gkg
DDOG,2026-03-05,Fig Security Raises $30M to Modernize SOC Infrastructure,https://www.bankinfosecurity.com/fig-security-raises-30m-to-modernize-soc-infrastructure-a-30917,bankinfosecurity.com,English,0.0,gdelt_gkg
DDOG,2026-03-05,"Carahsoft Sponsors 3rd Annual Billington State and Local Cybersecurity Summit in Washington , D . C . on March 9 - 11 , 2026",https://www.manilatimes.net/2026/03/06/tmt-newswire/globenewswire/carahsoft-sponsors-3rd-annual-billington-state-and-local-cybersecurity-summit-in-washington-dc-on-march-9-11-2026/2294511,manilatimes.net,English,0.0,gdelt_gkg
DDOG,2026-03-05,Grafana : Turning data chaos into developer efficiency and CFO savings,https://itbrief.co.nz/story/grafana-turning-data-chaos-into-developer-efficiency-and-cfo-savings,itbrief.co.nz,English,0.0,gdelt_gkg
DDOG,2026-03-05,Dow Jones opens lower but Nasdaq flat as Broadcom gains,https://finance.yahoo.com/news/dow-jones-set-open-lower-131100074.html,finance.yahoo.com,English,0.0,gdelt_gkg
DDOG,2026-03-05,Is Elastic N . V . ( ESTC ) A Good Stock To Buy Now ? ,https://www.insidermonkey.com/blog/is-elastic-n-v-estc-a-good-stock-to-buy-now-1707461/,insidermonkey.com,English,0.0,gdelt_gkg
DDOG,2026-03-05,Thinkific Announces Fourth Quarter and Full Year 2025 Financial Results,https://www.cantechletter.com/newswires/thinkific-announces-fourth-quarter-and-full-year-2025-financial-results/,cantechletter.com,English,0.0,gdelt_gkg
DDOG,2026-03-06,"Stifel and Bernstein Stay Bullish on Datadog , Inc . ( DDOG ) After Investor Day",https://finance.yahoo.com/news/stifel-bernstein-stay-bullish-datadog-190020990.html,finance.yahoo.com,English,0.0,gdelt_gkg
DDOG,2026-03-06,"Quantbot Technologies LP Acquires New Holdings in Datadog , Inc . $DDOG",https://www.themarketsdaily.com/2026/03/06/quantbot-technologies-lp-acquires-new-holdings-in-datadog-inc-ddog.html,themarketsdaily.com,English,0.0,gdelt_gkg
DDOG,2026-03-06,"Datadog , Inc . $DDOG Shares Sold by Pitcairn Co . ",https://www.tickerreport.com/banking-finance/13369666/datadog-inc-ddog-shares-sold-by-pitcairn-co.html,tickerreport.com,English,0.0,gdelt_gkg
DDOG,2026-03-07,Is Elastic N . V . ( ESTC ) A Good Stock To Buy Now ? ,https://finance.yahoo.com/news/elastic-n-v-estc-good-213219710.html,finance.yahoo.com,English,0.0,gdelt_gkg
DDOG,2026-03-07,Stocks Finish Lower as War Rages in the Middle East,https://finance.yahoo.com/news/stocks-finish-lower-war-rages-213630102.html,finance.yahoo.com,English,0.0,gdelt_gkg
DDOG,2026-03-09,"NVIDIA Upgraded , Eli Lilly Downgraded : Updated Rankings on Top Blue - Chip Stocks",https://investorplace.com/market360/2026/03/20260309-blue-chip-upgrades-downgrades/,investorplace.com,English,0.0,gdelt_gkg
DDOG,2026-03-09,"Datadog Launches MCP Server To Provide AI Agents With Secure , Real - Time Access To Unified Observability Data",https://www.scoop.co.nz/stories/SC2603/S00028/datadog-launches-mcp-server-to-provide-ai-agents-with-secure-real-time-access-to-unified-observability-data.htm,scoop.co.nz,English,0.0,gdelt_gkg
DDOG,2026-03-09,Datadog unveils MCP Server for governed AI observability,https://itbrief.co.nz/story/datadog-unveils-mcp-server-for-governed-ai-observability,itbrief.co.nz,English,0.0,gdelt_gkg
DDOG,2026-03-10,"Software Bear Market : 2 AI Stocks With 42 % and 47 % Upside to Buy Now , According to Wall Street",https://www.fool.com/investing/2026/03/10/bear-market-2-ai-stocks-47-upside-buy-wall-street/?source=iedfolrf0000001,fool.com,English,0.0,gdelt_gkg
DDOG,2026-03-10,Is AI destroying SaaS ? ,https://www.cityam.com/is-ai-destroying-saas/,cityam.com,English,0.0,gdelt_gkg
DDOG,2026-03-10,"Datadog Touts Re - Acceleration at Morgan Stanley Conference as AI , Security Push Gains Steam",https://finance.yahoo.com/news/datadog-touts-acceleration-morgan-stanley-145802022.html,finance.yahoo.com,English,0.0,gdelt_gkg
DDOG,2026-03-10,RapDev Wins Datadog Innovation in Services Award,https://www.prnewswire.com/news-releases/rapdev-wins-datadog-innovation-in-services-award-302709699.html,prnewswire.com,English,0.0,gdelt_gkg
DDOG,2026-03-10,"Datadog Stock : Down About 37 % From Its 52 - Week High , Is Now a Good Time to Buy Into This Fast - Growing Company ? ",https://www.fool.com/investing/2026/03/09/datadog-stock-down-about-37-from-its-52-week-high/?source=iedfolrf0000001,fool.com,English,0.0,gdelt_gkg
DDOG,2026-03-10,"Business . Scoop » Datadog Launches MCP Server To Provide AI Agents With Secure , Real - Time Access To Unified Observability Data",https://business.scoop.co.nz/2026/03/10/datadog-launches-mcp-server-to-provide-ai-agents-with-secure-real-time-access-to-unified-observability-data/,business.scoop.co.nz,English,0.0,gdelt_gkg
DDOG,2026-03-10,"Software Bear Market : 2 AI Stocks With 42 % and 47 % Upside to Buy Now , According to Wall Street",https://www.fool.com/investing/2026/03/10/bear-market-2-ai-stocks-47-upside-buy-wall-street/,fool.com,English,0.0,gdelt_gkg
DDOG,2026-03-10,"Datadog Stock : Down About 37 % From Its 52 - Week High , Is Now a Good Time to Buy Into This Fast - Growing Company ? ",https://www.fool.com/investing/2026/03/09/datadog-stock-down-about-37-from-its-52-week-high/,fool.com,English,0.0,gdelt_gkg
DDOG,2026-03-11,The Mechanics of Autonomous Software Translation,https://alperenkeles.com/posts/autonomous-translations/,alperenkeles.com,English,0.0,gdelt_gkg
DDOG,2026-03-11,"Insider Selling : Datadog ( NASDAQ : DDOG ) Director Sells 20 , 000 Shares of Stock",https://www.themarketsdaily.com/2026/03/11/insider-selling-datadog-nasdaqddog-director-sells-20000-shares-of-stock.html,themarketsdaily.com,English,0.0,gdelt_gkg
DDOG,2026-03-11,Vendors building tools to clean up messes made by AI agents,https://www.theregister.com/2026/03/10/agentic_ai_rollback_recovery_cohesity/,theregister.com,English,0.0,gdelt_gkg
DDOG,2026-03-11,Cohesity unveils Enterprise AI Resilience for safe scale,https://channellife.com.au/story/cohesity-unveils-enterprise-ai-resilience-for-safe-scale,channellife.com.au,English,0.0,gdelt_gkg
DDOG,2026-03-12,"Clásico Mundial de Béisbol : así quedaron los cuartos de final , con Ohtani , Soto y la armada estadounidense",http://cnnespanol.cnn.com/2026/03/12/deportes/clasico-mundial-beisbol-cuartos-final-orix,cnnespanol.cnn.com,English,0.0,gdelt_gkg
DDOG,2026-03-12,"Stocks Pressured by Higher Oil Prices , But Positive Oracle AI News Helps Tech Stocks",https://finance.yahoo.com/news/stocks-pressured-higher-oil-prices-162251790.html,finance.yahoo.com,English,0.0,gdelt_gkg
DDOG,2026-03-12,Zendesk acquires agentic customer service startup Forethought,https://techcrunch.com/2026/03/11/zendesk-acquires-agentic-customer-service-startup-forethought/,techcrunch.com,English,0.0,gdelt_gkg
DDOG,2026-03-13,"Stocks Pressured by Higher Oil Prices , But Positive Oracle AI News Helps Tech Stocks",https://finance.yahoo.com/news/stocks-pressured-higher-oil-prices-203333340.html,finance.yahoo.com,English,0.0,gdelt_gkg
DDOG,2026-03-13,Tower raises USD $6 . 4m to bring AI data and code to production,https://itbrief.co.nz/story/tower-raises-usd-6-4m-to-bring-ai-data-and-code-to-production,itbrief.co.nz,English,0.0,gdelt_gkg
DDOG,2026-03-13,"Datadog ( NASDAQ : DDOG ) CRO Sells $2 , 806 , 434 . 40 in Stock",https://www.dailypolitical.com/2026/03/13/datadog-nasdaqddog-cro-sells-2806434-40-in-stock.html,dailypolitical.com,English,0.0,gdelt_gkg
DDOG,2026-03-14, @ chrlschn - MCP is Dead ; Long Live MCP ! ,https://chrlschn.dev/blog/2026/03/mcp-is-dead-long-live-mcp/,chrlschn.dev,English,0.0,gdelt_gkg
DDOG,2026-03-14,Application Modernization : Challenges and Solutions,https://electroiq.com/how-to-guide/application-modernization/,electroiq.com,English,0.0,gdelt_gkg
DDOG,2026-03-14,"Ossiam Has $19 Million Stake in Datadog , Inc . $DDOG",https://www.tickerreport.com/banking-finance/13379693/ossiam-has-19-million-stake-in-datadog-inc-ddog.html,tickerreport.com,English,0.0,gdelt_gkg
DDOG,2026-03-14,15 stocks in the S & P 500 showing double - digit gains since the attack on Iran began,https://finance.yahoo.com/news/15-stocks-p-500-showing-150800329.html,finance.yahoo.com,English,0.0,gdelt_gkg
DDOG,2026-03-15,Datadog names Renee Mitsis to lead ANZ channel push,https://channellife.com.au/story/datadog-names-renee-mitsis-to-lead-anz-channel-push,channellife.com.au,English,0.0,gdelt_gkg
DDOG,2026-03-15,Datadog ( DDOG ) Launches MCP Server to Provide AI Agents Real - Time Observability Data,https://www.insidermonkey.com/blog/datadog-ddog-launches-mcp-server-to-provide-ai-agents-real-time-observability-data-1716850/,insidermonkey.com,English,0.0,gdelt_gkg
DDOG,2026-03-15,"Insider Selling : Datadog ( NASDAQ : DDOG ) CTO Sells $6 , 765 , 416 . 88 in Stock",https://www.tickerreport.com/banking-finance/13380331/insider-selling-datadog-nasdaqddog-cto-sells-6765416-88-in-stock.html,tickerreport.com,English,0.0,gdelt_gkg
DDOG,2026-03-16,iTWire - Datadog Strengthens A / NZ Commitment with New Channel and Alliances Leadership,https://itwire.com/it-people-news/people-moves/datadog-strengthens-a-nz-commitment-with-new-channel-and-alliances-leadership.html,itwire.com,English,0.0,gdelt_gkg
DDOG,2026-03-16,"Datadog Strengthens A / NZ Channel And Alliances Leadership , Deepening Regional Commitment",https://www.scoop.co.nz/stories/BU2603/S00254/datadog-strengthens-anz-channel-and-alliances-leadership-deepening-regional-commitment.htm,scoop.co.nz,English,0.0,gdelt_gkg
DDOG,2026-03-16,Datadog hires AW Renee Mitsis to lead A / NZ channel – ARN,https://www.arnnet.com.au/article/4145285/datadog-hires-aws-renee-mitsis-to-lead-a-nz-channel-2.html,arnnet.com.au,English,0.0,gdelt_gkg
DDOG,2026-03-16,"Business . Scoop » Datadog Strengthens A / NZ Channel And Alliances Leadership , Deepening Regional Commitment",https://business.scoop.co.nz/2026/03/16/datadog-strengthens-anz-channel-and-alliances-leadership-deepening-regional-commitment/,business.scoop.co.nz,English,0.0,gdelt_gkg
DDOG,2026-03-16,Datadog hires AW Renee Mitsis to lead A / NZ channel,https://www.reseller.co.nz/article/4145264/datadog-hires-aws-renee-mitsis-to-lead-a-nz-channel.html,reseller.co.nz,English,0.0,gdelt_gkg
DDOG,2026-03-16,Datadog ( DDOG ) Launches MCP Server to Provide AI Agents Real - Time Observability Data,https://finance.yahoo.com/news/datadog-ddog-launches-mcp-server-085449585.html,finance.yahoo.com,English,0.0,gdelt_gkg
DDOG,2026-03-16,5 Stocks to Buy That Are Sheltered From AI Disruption,https://www.morningstar.com/stocks/5-stocks-buy-that-are-sheltered-ai-disruption-2,morningstar.com,English,0.0,gdelt_gkg
DDOG,2026-03-16,How AI is changing open source,https://www.infoworld.com/article/4145314/how-ai-is-changing-open-source.html,infoworld.com,English,0.0,gdelt_gkg
DDOG,2026-03-17,"Light Street Capital Management LLC Takes $29 . 48 Million Position in Datadog , Inc . $DDOG",https://www.themarketsdaily.com/2026/03/17/light-street-capital-management-llc-takes-29-48-million-position-in-datadog-inc-ddog.html,themarketsdaily.com,English,0.0,gdelt_gkg
DDOG,2026-03-17,Datadog ( DDOG ) Plans New united kingdom Data Center Presence to Support Cloud and AI Adoption,https://finance.yahoo.com/news/datadog-ddog-plans-uk-data-155423865.html,finance.yahoo.com,English,0.0,gdelt_gkg
DDOG,2026-03-17,America Best Midsize Employers The Top 100,https://www.forbes.com/sites/rachelpeachman/2026/03/17/americas-best-midsize-employers--the-top-100/,forbes.com,English,0.0,gdelt_gkg
DDOG,2026-03-17,Datadog new ANZ channel lead on the observability opportunities in the region,https://www.crn.com.au/news/2026/observability/datadog-new-anz-channel-lead-on-the-observability-opportunities-in-the-region,crn.com.au,English,0.0,gdelt_gkg
DDOG,2026-03-18,Stocks Supported by Lower Bond Yields,https://finance.yahoo.com/news/stocks-supported-lower-bond-yields-141525472.html,finance.yahoo.com,English,0.0,gdelt_gkg
DDOG,2026-03-18,RapDev Ranks # 15 on Boston Globe Fastest Growing Companies List,https://www.prnewswire.com/news-releases/rapdev-ranks-15-on-boston-globes-fastest-growing-companies-list-302717751.html,prnewswire.com,English,0.0,gdelt_gkg
DDOG,2026-03-18,GitHub backs Alpha - Omega with fresh open source funds,https://channellife.co.nz/story/github-backs-alpha-omega-with-fresh-open-source-funds,channellife.co.nz,English,0.0,gdelt_gkg
DDOG,2026-03-18,Stocks Climb on Strength in Chip and Travel Stocks,https://finance.yahoo.com/news/stocks-climb-strength-chip-travel-151746354.html,finance.yahoo.com,English,0.0,gdelt_gkg
DDOG,2026-03-19,Exclusive : Posh lands $37M Series B to crack the  what are we doing tonight ? problem,https://fortune.com/2026/03/19/exclusive-posh-lands-37m-series-b-what-are-we-doing-tonight-problem/,fortune.com,English,0.0,gdelt_gkg
DDOG,2026-03-20,Datadog $1bn investment in unifying data silos,https://itbrief.co.nz/story/datadog-s-1bn-investment-in-unifying-data-silos,itbrief.co.nz,English,0.0,gdelt_gkg
DDOG,2026-03-20,Baystreet . ca - Why the $6 Trillion AI Surge is Breaking Modern Data Security,http://baystreet.ca/stockstowatch/22944/Why-the-6-Trillion-AI-Surge-is-Breaking-Modern-Data-Security,baystreet.ca,English,0.0,gdelt_gkg
DDOG,2026-03-23,National News,https://1230thegambler.iheart.com/topic/national-news/,1230thegambler.iheart.com,English,0.0,gdelt_gkg
DDOG,2026-03-23,"Datadog ( DDOG ) Stock Is Up , What You Need To Know",https://finance.yahoo.com/markets/stocks/articles/datadog-ddog-stock-know-192935393.html,finance.yahoo.com,English,0.0,gdelt_gkg
DDOG,2026-03-23,3 ways Cisco DefenseClaw aims to make agentic AI safer,https://www.zdnet.com/article/cisco-defenseclaw-to-govern-agentic-ai/,zdnet.com,English,0.0,gdelt_gkg
DDOG,2026-03-23,Datadog launches AI security analyst for Cloud SIEM,https://itbrief.co.nz/story/datadog-launches-ai-security-analyst-for-cloud-siem,itbrief.co.nz,English,0.0,gdelt_gkg
DDOG,2026-03-24,"FTSE 100 Live : Stocks up as US pushes for Iran talks , Reeves sticks to guns",https://www.proactiveinvestors.co.uk/companies/news/1089367/ftse-100-live-stocks-up-as-us-pushes-for-iran-talks-reeves-sticks-to-guns-1089367.html,proactiveinvestors.co.uk,English,0.0,gdelt_gkg
DDOG,2026-03-24,FinancialContent - The Great Software Divergence : Why Infrastructure is the Only Safe Harbor in the 2026 Tech Sell - Off,https://markets.financialcontent.com/stocks/article/marketminute-2026-3-24-the-great-software-divergence-why-infrastructure-is-the-only-safe-harbor-in-the-2026-tech-sell-off,markets.financialcontent.com,English,0.0,gdelt_gkg
DDOG,2026-03-24,Datadog bets DIY AI will mean it dodges the SaaSpocalypse,https://www.theregister.com/2026/03/24/datadog_revising_custom_model/,theregister.com,English,0.0,gdelt_gkg
DDOG,2026-03-24,FinancialContent - The SaaSpocalypse : AI Agents Trigger a Massive Repricing in B2B Software,https://markets.financialcontent.com/stocks/article/marketminute-2026-3-24-the-saaspocalypse-ai-agents-trigger-a-massive-repricing-in-b2b-software,markets.financialcontent.com,English,0.0,gdelt_gkg
DDOG,2026-03-24,iTWire - Bits AI Security Analyst Reduces Threat Investigation Time by up to 98 % ,https://itwire.com/business-it-news/data/bits-ai-security-analyst-reduces-threat-investigation-time-by-up-to-98.html,itwire.com,English,0.0,gdelt_gkg
DDOG,2026-03-24,Datadog launches AI security analyst for Cloud SIEM,https://itbrief.co.nz/story/datadog-launches-ai-security-analyst-for-cloud-siem-b72a3ea9-44ea-444a-b5c4-4f1fdd71ca0c,itbrief.co.nz,English,0.0,gdelt_gkg
DDOG,2026-03-24,Bits AI Security Analyst Reduces Threat Investigation Time By Up To 98 % ,https://www.scoop.co.nz/stories/BU2603/S00407/bits-ai-security-analyst-reduces-threat-investigation-time-by-up-to-98.htm,scoop.co.nz,English,0.0,gdelt_gkg
DDOG,2026-03-24,"FTSE 100 Live : Stocks inch up as US pushes for Iran talks , Reeves sticks to guns",https://www.proactiveinvestors.co.uk/companies/news/1089367/ftse-100-live-stocks-inch-up-as-us-pushes-for-iran-talks-reeves-sticks-to-guns-1089367.html,proactiveinvestors.co.uk,English,0.0,gdelt_gkg
DDOG,2026-03-25,Stocks Fall as Iran War Drags On,https://finance.yahoo.com/markets/stocks/articles/stocks-fall-iran-war-drags-151907439.html,finance.yahoo.com,English,0.0,gdelt_gkg
DDOG,2026-03-25,Plentisoft : Critical Cloud Becomes the World First Powered by Datadog Partner,https://www.finanznachrichten.de/nachrichten-2026-03/68031728-plentisoft-critical-cloud-becomes-the-world-s-first-powered-by-datadog-partner-296.htm,finanznachrichten.de,English,0.0,gdelt_gkg
DDOG,2026-03-25,IT News Online - Tintri and Integration Plumbers Announce Groundbreaking Open - Source Integration to Unify Storage and IT Observability,https://www.itnewsonline.com/news/Tintri-and-Integration-Plumbers-Announce-Groundbreaking-Open-Source-Integration-to-Unify-Storage-and-IT-Observability/35443,itnewsonline.com,English,0.0,gdelt_gkg
DDOG,2026-03-25,Stocks Pressured as Crude Oil Prices and Bond Yields Climb,https://finance.yahoo.com/markets/stocks/articles/stocks-pressured-crude-oil-prices-140709282.html,finance.yahoo.com,English,0.0,gdelt_gkg
DDOG,2026-03-26,"National Wealth Management Group LLC Takes Position in Datadog , Inc . $DDOG",https://www.dailypolitical.com/2026/03/26/national-wealth-management-group-llc-takes-position-in-datadog-inc-ddog.html,dailypolitical.com,English,0.0,gdelt_gkg
DDOG,2026-03-26,"National Wealth Management Group LLC Takes $777 , 000 Position in Datadog , Inc . $DDOG",https://www.tickerreport.com/banking-finance/13391550/national-wealth-management-group-llc-takes-777000-position-in-datadog-inc-ddog.html,tickerreport.com,English,0.0,gdelt_gkg
DDOG,2026-03-26,Stocks Settle Lower as Iran War Boosts Crude Oil and Bond Yields,https://finance.yahoo.com/markets/stocks/articles/stocks-settle-lower-iran-war-204322105.html,finance.yahoo.com,English,0.0,gdelt_gkg
DDOG,2026-03-26,ControlMonkey adds observability recovery for cloud tools,https://securitybrief.news/story/controlmonkey-adds-observability-recovery-for-cloud-tools,securitybrief.news,English,0.0,gdelt_gkg
DDOG,2026-03-27,Datadog scales partner ecosystem in the age of AI,https://www.arnnet.com.au/article/4150964/datadog-scales-partner-ecosystem-in-the-age-of-ai.html,arnnet.com.au,English,0.0,gdelt_gkg
DDOG,2026-03-27,Baystreet . ca - Why the $6 Trillion AI Surge is Breaking Modern Data Security,http://baystreet.ca/articles/stockstowatch/119485/Why-the-6-Trillion-AI-Surge-is-Breaking-Modern-Data-Security,baystreet.ca,English,0.0,gdelt_gkg
DDOG,2026-03-27,FinancialContent - Why Datadog ( DDOG ) Shares Are Falling Today,https://markets.financialcontent.com/stocks/article/stockstory-2026-3-27-why-datadog-ddog-shares-are-falling-today,markets.financialcontent.com,English,0.0,gdelt_gkg
DDOG,2026-03-28,"Insider Selling : Datadog ( NASDAQ : DDOG ) Director Sells $2 , 547 , 200 . 00 in Stock",https://www.themarketsdaily.com/2026/03/28/insider-selling-datadog-nasdaqddog-director-sells-2547200-00-in-stock.html,themarketsdaily.com,English,0.0,gdelt_gkg
DDOG,2026-03-29,Stocks Settle Sharply Lower on Fears Iran War is Escalating,https://finance.yahoo.com/markets/stocks/articles/stocks-settle-sharply-lower-fears-203614832.html,finance.yahoo.com,English,0.0,gdelt_gkg
DDOG,2026-03-31,Kestra Raises $25 Million Series A to Become the Orchestration Standard for Enterprises,https://www.manilatimes.net/2026/03/31/tmt-newswire/pr-newswire/kestra-raises-25-million-series-a-to-become-the-orchestration-standard-for-enterprises/2311445,manilatimes.net,English,0.0,gdelt_gkg
DDOG,2026-03-31,Dynatrace links feature management and observability,https://siliconangle.com/2026/03/31/dynatrace-links-feature-management-observability-kubeconeu/,siliconangle.com,English,0.0,gdelt_gkg
DDOG,2026-04-01,Markets Turn Negative as Crude Oil Prices Surge,https://finance.yahoo.com/markets/commodities/articles/markets-turn-negative-crude-oil-152055774.html,finance.yahoo.com,English,0.0,gdelt_gkg
DDOG,2026-04-01,Buy This Nasdaq Index Fund . History Says It Could Soar More Than 100 % in 5 Years . ,https://www.fool.com/investing/2026/04/01/buy-nasdaq-index-fund-could-soar-100-in-5-years/?source=iedfolrf0000001,fool.com,English,0.0,gdelt_gkg
DDOG,2026-04-01,Benchmark Begins Coverage on Datadog ( NASDAQ : DDOG ) ,https://www.tickerreport.com/banking-finance/13397187/benchmark-begins-coverage-on-datadog-nasdaqddog.html,tickerreport.com,English,0.0,gdelt_gkg
DDOG,2026-04-01,Wall Street Initiates Datadog With Buy Rating Ahead of April 3 Investor Day,https://finance.yahoo.com/markets/stocks/articles/wall-street-initiates-datadog-buy-145357642.html,finance.yahoo.com,English,0.0,gdelt_gkg
DDOG,2026-04-02,Datadog Experiments Launches to Help Teams Connect Every Product Change to Business Outcomes,https://www.manilatimes.net/2026/04/02/tmt-newswire/globenewswire/datadog-experiments-launches-to-help-teams-connect-every-product-change-to-business-outcomes/2313484,manilatimes.net,English,0.0,gdelt_gkg
DDOG,2026-04-03,"Senior Software Engineer ( Remote , CA / UK ) ",https://www.parking.net/parking-jobs/nmi/senior-software-engineer-remote-cauk,parking.net,English,0.0,gdelt_gkg
DDOG,2026-04-03,"Datadog ( NASDAQ : DDOG ) Director Sells $2 , 410 , 600 . 00 in Stock",https://www.themarketsdaily.com/2026/04/03/datadog-nasdaqddog-director-sells-2410600-00-in-stock.html,themarketsdaily.com,English,0.0,gdelt_gkg
DDOG,2026-04-04,13 Best Strong Buy AI Stocks to Invest In Now,https://www.insidermonkey.com/blog/13-best-strong-buy-ai-stocks-to-invest-in-now-1731199/,insidermonkey.com,English,0.0,gdelt_gkg
DDOG,2026-04-04,Datadog ( NASDAQ : DDOG ) Earns Buy Rating from Analysts at Benchmark,https://www.themarketsdaily.com/2026/04/04/datadog-nasdaqddog-earns-buy-rating-from-analysts-at-benchmark.html,themarketsdaily.com,English,0.0,gdelt_gkg
DDOG,2026-04-06,Meet The Bankers Feeding Big Tech Insatiable Appetite For AI Startups,https://www.forbes.com/sites/aliciapark/2026/04/06/meet-the-bankers-feeding-big-techs-insatiable-appetite-for-ai-startups/,forbes.com,English,0.0,gdelt_gkg
DDOG,2026-04-07,Datadog launches Experiments to track product impact,https://ecommercenews.co.nz/story/datadog-launches-experiments-to-track-product-impact,ecommercenews.co.nz,English,0.0,gdelt_gkg
DDOG,2026-04-07,Business . Scoop » Datadog Experiments Launches To Help Teams Connect Every Product Change To Business Outcomes,https://business.scoop.co.nz/2026/04/07/datadog-experiments-launches-to-help-teams-connect-every-product-change-to-business-outcomes/,business.scoop.co.nz,English,0.0,gdelt_gkg
DDOG,2026-04-07,iTWire - Datadog Experiments Launches to Link Product Change to Business Outcomes,https://itwire.com/business-it-news/data/datadog-experiments-launches-to-link-product-change-to-business-outcomes.html,itwire.com,English,0.0,gdelt_gkg
DDOG,2026-04-08,"Datadog ( NASDAQ : DDOG ) CTO Alexis Le - Quoc Sells 32 , 300 Shares",https://www.tickerreport.com/banking-finance/13401922/datadog-nasdaqddog-cto-alexis-le-quoc-sells-32300-shares.html,tickerreport.com,English,0.0,gdelt_gkg
DDOG,2026-04-09,"This software stock is set to rally as demand for AI developer tools grows , Guggenheim says",https://www.cnbc.com/2026/04/09/this-software-stock-is-set-to-rally-as-demand-for-ai-developer-tools-grows-guggenheim-says.html,cnbc.com,English,0.0,gdelt_gkg
DDOG,2026-04-09,"Senior CloudOps Engineer ( Málaga , ES ) ",https://www.parking.net/parking-jobs/tkh-security/senior-cloudops-engineer-malaga-es-4,parking.net,English,0.0,gdelt_gkg
DDOG,2026-04-09,"Is It Time To Buy Datadog Stock ?  Let The Dog Run Free , Analyst Says - Datadog ( NASDAQ : DDOG ) ",https://www.benzinga.com/trading-ideas/movers/26/04/51736064/is-it-time-to-buy-datadog-stock-let-the-dog-run-free-analyst-says,benzinga.com,English,0.0,gdelt_gkg
DDOG,2026-04-09,Guggenheim Upgrades Datadog to Buy With a $175 Target : The Cloud Monitoring Giant Is Back in Favor,https://finance.yahoo.com/markets/stocks/articles/guggenheim-upgrades-datadog-buy-175-142056995.html,finance.yahoo.com,English,0.0,gdelt_gkg
DDOG,2026-04-09,Dynatrace Moves Upstream : Bindplane Acquisition Targets Data Control,https://www.forbes.com/sites/stevemcdowell/2026/04/09/dynatrace-moves-upstream-bindplane-acquisition-targets-data-control/,forbes.com,English,0.0,gdelt_gkg
DDOG,2026-04-09,Why gut instinct is no longer enough to run a small business,https://dynamicbusiness.com/leadership-2/expert/why-gut-instinct-is-no-longer-enough-to-run-a-small-business.html,dynamicbusiness.com,English,0.0,gdelt_gkg
DDOG,2026-04-09,"Stocks making the biggest moves premarket : STZ , DDOG , OXY , CCL",https://www.cnbc.com/2026/04/09/stocks-making-the-biggest-moves-premarket-.html,cnbc.com,English,0.0,gdelt_gkg
DDOG,2026-04-09,Guggenheim Upgrades Datadog to Buy With a $175 Target : The Cloud Monitoring Giant Is Back in Favor,https://247wallst.com/investing/2026/04/09/guggenheim-upgrades-datadog-to-buy-with-a-175-target-the-cloud-monitoring-giant-is-back-in-favor/,247wallst.com,English,0.0,gdelt_gkg
DDOG,2026-04-09,"Jackson Square Capital LLC Sells 4 , 386 Shares of Datadog , Inc . $DDOG",https://www.dailypolitical.com/2026/04/09/jackson-square-capital-llc-sells-4386-shares-of-datadog-inc-ddog.html,dailypolitical.com,English,0.0,gdelt_gkg
DDOG,2026-04-09,"Jackson Square Capital LLC Lowers Holdings in Datadog , Inc . $DDOG",https://www.tickerreport.com/banking-finance/13402380/jackson-square-capital-llc-lowers-holdings-in-datadog-inc-ddog.html,tickerreport.com,English,0.0,gdelt_gkg
DDOG,2026-04-09,SpaceX bankers game plan to blunt post - IPO selling tsunami,https://finance.yahoo.com/markets/stocks/articles/spacex-bankers-game-plan-blunt-155700729.html,finance.yahoo.com,English,0.0,gdelt_gkg
DDOG,2026-04-10,Datadog ( DDOG ) Launches New Tools to Fill Market Needs,https://finance.yahoo.com/markets/stocks/articles/datadog-ddog-launches-tools-fill-204822493.html,finance.yahoo.com,English,0.0,gdelt_gkg
DDOG,2026-04-10,"Nasdaq Reclaims 100 - Day Average , 10 % off Recent Low – What Moving ? ",https://thebull.com.au/us-news/nasdaq-reclaims-100-day-average-as-semiconductor-rally-offsets-deep-software-cybersecurity-sell-off/,thebull.com.au,English,0.0,gdelt_gkg
DDOG,2026-04-11,Software stocks are plunging . Why that a warning sign for the entire market : Chart of the Day,https://finance.yahoo.com/news/software-stocks-are-plunging-why-thats-a-warning-sign-for-the-entire-market-chart-of-the-day-113707428.html,finance.yahoo.com,English,0.0,gdelt_gkg
DDOG,2026-04-13,"Hudson Oak Wealth Advisory LLC Makes New $6 . 90 Million Investment in Datadog , Inc . $DDOG",https://www.themarketsdaily.com/2026/04/13/hudson-oak-wealth-advisory-llc-makes-new-6-90-million-investment-in-datadog-inc-ddog.html,themarketsdaily.com,English,0.0,gdelt_gkg
DDOG,2026-04-13,FinancialContent - Snowflake Inc . ( SNOW ) Deep Dive : Navigating the  Agentic Enterprise  and the AI Valuation Reset,https://markets.financialcontent.com/stocks/article/finterra-2026-4-13-snowflake-inc-snow-deep-dive-navigating-the-agentic-enterprise-and-the-ai-valuation-reset,markets.financialcontent.com,English,0.0,gdelt_gkg
DDOG,2026-04-13,Andrey Rappoport and the Making of Tira Management,https://tribuneonlineng.com/andrey-rappoport-and-the-making-of-tira-management/,tribuneonlineng.com,English,0.0,gdelt_gkg
DDOG,2026-04-14,Stocks Recover as Oracle Leads Software Companies Higher,https://finance.yahoo.com/markets/stocks/articles/stocks-recover-oracle-leads-software-150935231.html,finance.yahoo.com,English,0.0,gdelt_gkg
DDOG,2026-04-14,RapDev Named to the Financial Time List of America Fastest Growing Companies,https://www.itnewsonline.com/PRNewswire/RapDev-Named-to-the-Financial-Times-List-of-Americas-Fastest-Growing-Companies/1123169,itnewsonline.com,English,0.0,gdelt_gkg
DDOG,2026-04-14,Datadog Price Target Trimmed by Mizuho : Can This AI Monitoring Leader Deliver in Q1 ? ,https://finance.yahoo.com/markets/stocks/articles/datadog-price-target-trimmed-mizuho-141240836.html,finance.yahoo.com,English,0.0,gdelt_gkg
DDOG,2026-04-15,MCP Observability Interface : AI Agents + Kernel Tracepoints,https://ingero.io/mcp-observability-interface-ai-agents-kernel-tracepoints/,ingero.io,English,0.0,gdelt_gkg
DDOG,2026-04-15,Market Factors :  Perfect  stocks to hold for current geopolitical chaos,https://www.theglobeandmail.com/investing/investment-ideas/article-market-factors-perfect-stocks-to-hold-for-current-geopolitical-chaos/,theglobeandmail.com,English,0.0,gdelt_gkg
DDOG,2026-04-15,"S & P 500 powers to fresh record close , erasing recent Iran - related losses",https://www.proactiveinvestors.com/companies/news/1090605/s-p-500-powers-to-fresh-record-close-erasing-recent-iran-related-losses-1090605.html,proactiveinvestors.com,English,0.0,gdelt_gkg
DDOG,2026-04-15,"Nasdaq rises but Dow Jones slips , Trump eyes more Iran talk",https://www.proactiveinvestors.com/companies/news/1090605/nasdaq-rises-but-dow-jones-slips-trump-eyes-more-iran-talk-1090605.html,proactiveinvestors.com,English,0.0,gdelt_gkg
DDOG,2026-04-15,FinancialContent - Why Datadog ( DDOG ) Stock Is Up Today,https://markets.financialcontent.com/stocks/article/stockstory-2026-4-15-why-datadog-ddog-stock-is-up-today,markets.financialcontent.com,English,0.0,gdelt_gkg
DDOG,2026-04-16,Datadog Announces Date of First Quarter Fiscal Year 2026 Earnings Call,https://www.manilatimes.net/2026/04/17/tmt-newswire/globenewswire/datadog-announces-date-of-first-quarter-fiscal-year-2026-earnings-call/2322381,manilatimes.net,English,0.0,gdelt_gkg
DDOG,2026-04-16,Datadog Announces Date of First Quarter Fiscal Year 2026 Earnings Call,https://www.itnewsonline.com/GlobeNewswire/Datadog-Announces-Date-of-First-Quarter-Fiscal-Year-2026-Earnings-Call/120121,itnewsonline.com,English,0.0,gdelt_gkg
DDOG,2026-04-16,2026 Seattle ORBIE Awards Recognize Top Technology Executives,https://www.manilatimes.net/2026/04/17/tmt-newswire/globenewswire/2026-seattle-orbie-awards-recognize-top-technology-executives/2322425,manilatimes.net,English,0.0,gdelt_gkg
DDOG,2026-04-16,Stocks Supported by US - Iran Peace Optimism,https://finance.yahoo.com/markets/stocks/articles/stocks-supported-us-iran-peace-141402479.html,finance.yahoo.com,English,0.0,gdelt_gkg
DDOG,2026-04-16,iTWire - Equinix Accelerates Enterprise AI Workloads with Launch of Fabric Intelligence,https://itwire.com/business-it-news/data/equinix-accelerates-enterprise-ai-workloads-with-launch-of-fabric-intelligence.html,itwire.com,English,0.0,gdelt_gkg
DDOG,2026-04-16,InsightFinder raises $15M to help companies figure out where AI agents go wrong,https://techcrunch.com/2026/04/16/insightfinder-raises-15m-to-help-companies-figure-out-where-ai-agents-go-wrong/,techcrunch.com,English,0.0,gdelt_gkg
DDOG,2026-04-16,Will AI Destroy the Software Industry ? | The Motley Fool,https://www.fool.com/investing/2026/04/15/will-ai-destroy-the-software-industry/?source=iedfolrf0000001,fool.com,English,0.0,gdelt_gkg
DDOG,2026-04-16,Equinix launches Fabric Intelligence for AI networking,https://itbrief.co.nz/story/equinix-launches-fabric-intelligence-for-ai-networking,itbrief.co.nz,English,0.0,gdelt_gkg
DDOG,2026-04-17,"This Week Market Wrap : War Fades , Markets Rip , Fed Hopes Rise",https://www.financialsense.com/blog/21619/weeks-market-wrap-war-fades-markets-rip-fed-hopes-rise,financialsense.com,English,0.0,gdelt_gkg
DDOG,2026-04-17,"Iconiq , go - to wealth adviser for tech elite , is putting billions into AI",https://economictimes.indiatimes.com/tech/artificial-intelligence/iconiq-go-to-wealth-adviser-for-techs-elite-is-putting-billions-into-ai/articleshow/130339049.cms,economictimes.indiatimes.com,English,0.0,gdelt_gkg
DDOG,2026-04-17,"Anthropic Debuts Claude Design for Building Marketing Assets , Decks , and UIs",https://www.adweek.com/media/anthropic-debuts-claude-design-for-building-marketing-assets-decks-and-uis/,adweek.com,English,0.0,gdelt_gkg
DDOG,2026-04-17,Equinix offering targets automated AI - centric network operations,https://www.networkworld.com/article/4160430/equinix-offering-targets-automated-ai-centric-network-operations.html,networkworld.com,English,0.0,gdelt_gkg
DDOG,2026-04-17,Iconiq Capital Expands AI Investments With Anthropic Stake,https://www.wealthmanagement.com/artificial-intelligence/iconiq-go-to-wealth-adviser-for-tech-s-elite-is-putting-billions-into-ai,wealthmanagement.com,English,0.0,gdelt_gkg
DDOG,2026-04-17,Stocks Edge Higher as Chipmakers Rebound,https://finance.yahoo.com/markets/stocks/articles/stocks-edge-higher-chipmakers-rebound-152726159.html,finance.yahoo.com,English,0.0,gdelt_gkg
DDOG,2026-04-19,"The Newest AI Stock in the Nasdaq - 100 Is Up 2 , 700 % in the Past Year . It Could Still Soar 182 %, Says a Wall Street Analyst . ",https://www.fool.com/investing/2026/04/19/newest-ai-stock-in-nasdaq-100-soar-182-wall-street/?source=iedfolrf0000001,fool.com,English,0.0,gdelt_gkg
DDOG,2026-04-20,Equinix launches Fabric Intelligence to accelerate enterprise AI workloads,https://gadgetsmagazine.com.ph/technology/enterprise/equinix-fabric-intelligence,gadgetsmagazine.com.ph,English,0.0,gdelt_gkg
DDOG,2026-04-20,AI cloud company Vercel breached after employee grants AI tool unrestricted access to Google Workspace hacker seeking $2 million for stolen data,https://www.tomshardware.com/tech-industry/cyber-security/vercel-breached-after-employee-grants-ai-tool-unrestricted-access-to-google-workspace,tomshardware.com,English,0.0,gdelt_gkg
DDOG,2026-04-20,"FinancialContent - Sprout Social and Twilio Shares Are Soaring , What You Need To Know",https://markets.financialcontent.com/stocks/article/stockstory-2026-4-20-sprout-social-and-twilio-shares-are-soaring-what-you-need-to-know,markets.financialcontent.com,English,0.0,gdelt_gkg
DDOG,2026-04-20,FinancialContent - Why SentinelOne ( S ) Stock Is Trading Up Today,https://markets.financialcontent.com/stocks/article/stockstory-2026-4-20-why-sentinelone-s-stock-is-trading-up-today,markets.financialcontent.com,English,0.0,gdelt_gkg
DDOG,2026-04-20,"FinancialContent - Salesforce and Freshworks Shares Are Soaring , What You Need To Know",https://markets.financialcontent.com/stocks/article/stockstory-2026-4-20-salesforce-and-freshworks-shares-are-soaring-what-you-need-to-know,markets.financialcontent.com,English,0.0,gdelt_gkg
DDOG,2026-04-20,Vercel Traces Customer Data Theft to Agentic AI Tool Breach,https://www.govinfosecurity.com/vercel-traces-customer-data-theft-to-agentic-ai-tool-breach-a-31461,govinfosecurity.com,English,0.0,gdelt_gkg
DDOG,2026-04-21,"Atlassian , Wix , and Asana Shares Are Soaring , What You Need To Know",https://finance.yahoo.com/markets/stocks/articles/atlassian-wix-asana-shares-soaring-015732327.html,finance.yahoo.com,English,0.0,gdelt_gkg
DDOG,2026-04-21,"monday . com ( MNDY ) Stock Trades Up , Here Is Why",https://finance.yahoo.com/markets/stocks/articles/monday-com-mndy-stock-trades-022132205.html,finance.yahoo.com,English,0.0,gdelt_gkg
DDOG,2026-04-21,"AI Is Hitting Operational Limits as Companies Rush to Scale , Datadog Report Finds",https://www.manilatimes.net/2026/04/21/tmt-newswire/globenewswire/ai-is-hitting-operational-limits-as-companies-rush-to-scale-datadog-report-finds/2325134,manilatimes.net,English,0.0,gdelt_gkg
DDOG,2026-04-21,"Salesforce and Freshworks Shares Are Soaring , What You Need To Know",https://finance.yahoo.com/markets/stocks/articles/salesforce-freshworks-shares-soaring-know-021332243.html,finance.yahoo.com,English,0.0,gdelt_gkg
DDOG,2026-04-22,Datadog says AI failures stem mainly from capacity limits,https://channellife.co.nz/story/datadog-says-ai-failures-stem-mainly-from-capacity-limits,channellife.co.nz,English,0.0,gdelt_gkg
DDOG,2026-04-22,FinancialContent - Why Twilio ( TWLO ) Stock Is Up Today,https://markets.financialcontent.com/stocks/article/stockstory-2026-4-22-why-twilio-twlo-stock-is-up-today,markets.financialcontent.com,English,0.0,gdelt_gkg
DDOG,2026-04-22,AI is upending the SaaS game,https://www.infoworld.com/article/4161544/ai-is-upending-the-saas-game.html,infoworld.com,English,0.0,gdelt_gkg
DDOG,2026-04-22,Datadog says AI failures stem mainly from capacity limits,https://channellife.com.au/story/datadog-says-ai-failures-stem-mainly-from-capacity-limits,channellife.com.au,English,0.0,gdelt_gkg
DDOG,2026-04-22,Stocks Retreat on Middle East Peace Doubts,https://finance.yahoo.com/markets/stocks/articles/stocks-retreat-middle-east-peace-141216429.html,finance.yahoo.com,English,0.0,gdelt_gkg
DDOG,2026-04-22,Datadog says AI failures stem mainly from capacity limits,https://itbrief.co.nz/story/datadog-says-ai-failures-stem-mainly-from-capacity-limits,itbrief.co.nz,English,0.0,gdelt_gkg
DDOG,2026-04-22,Companies spread AI across multiple models amid failures,https://itbrief.co.nz/story/companies-spread-ai-across-multiple-models-amid-failures,itbrief.co.nz,English,0.0,gdelt_gkg
DDOG,2026-04-22,Datadog and JFrog Are 2 Software Stocks to Buy Now According to Morgan Stanley,https://finance.yahoo.com/markets/stocks/articles/datadog-jfrog-2-software-stocks-113002834.html,finance.yahoo.com,English,0.0,gdelt_gkg
DDOG,2026-04-22,Stocks Settle Lower on Doubts Over a Middle East Peace Deal,https://finance.yahoo.com/markets/stocks/articles/stocks-settle-lower-doubts-over-203330707.html,finance.yahoo.com,English,0.0,gdelt_gkg
DDOG,2026-04-22,"The Best Stocks to Invest $1 , 000 in Right Now",https://www.fool.com/investing/2026/04/22/the-best-stocks-to-invest-1000-right-now/?source=iedfolrf0000001,fool.com,English,0.0,gdelt_gkg
DDOG,2026-04-22,Cohesity underscores importance of cyber resilience in Vietnam,https://vir.com.vn/cohesity-underscores-importance-of-cyber-resilience-in-vietnam-150784.html,vir.com.vn,English,0.0,gdelt_gkg
DDOG,2026-04-22,"iTWire - In the Rush to Scale AI , Operational Limits Are Emerging , Datadog Report Finds","https://itwire.com/business-it-news/data/in-the-rush-to-scale-ai,-operational-limits-are-emerging,-datadog-report-finds.html",itwire.com,English,0.0,gdelt_gkg
DDOG,2026-04-23,"IBM , ServiceNow results spark AI disruption fears",https://news.az/news/ibm-servicenow-results-spark-ai-disruption-fears,news.az,English,0.0,gdelt_gkg
DDOG,2026-04-23,Datadog ( NASDAQ : DDOG ) Price Target Lowered to $167 . 00 at Sanford C . Bernstein,https://www.dailypolitical.com/2026/04/23/datadog-nasdaqddog-price-target-lowered-to-167-00-at-sanford-c-bernstein.html,dailypolitical.com,English,0.0,gdelt_gkg
DDOG,2026-04-23,Stocks Erase Early Gains as Crude Prices Jump on Iran Concerns,https://finance.yahoo.com/markets/stocks/articles/stocks-erase-early-gains-crude-152628449.html,finance.yahoo.com,English,0.0,gdelt_gkg
DDOG,2026-04-23,Datadog launches GPU Monitoring to curb AI cloud costs,https://itbrief.co.nz/story/datadog-launches-gpu-monitoring-to-curb-ai-cloud-costs,itbrief.co.nz,English,0.0,gdelt_gkg
DDOG,2026-04-23,"Market Tumbles as IBM and ServiceNow Earnings Ignite AI Disruption Fears , ETTelecom",https://telecom.economictimes.indiatimes.com/news/enterprise-services/market-tumbles-as-ibm-and-servicenow-earnings-ignite-ai-disruption-fears/130470157,telecom.economictimes.indiatimes.com,English,0.0,gdelt_gkg
DDOG,2026-04-23,Canadian Imperial Bank of Commerce Cuts Datadog ( NASDAQ : DDOG ) Price Target to $215 . 00,https://www.dailypolitical.com/2026/04/23/canadian-imperial-bank-of-commerce-cuts-datadog-nasdaqddog-price-target-to-215-00.html,dailypolitical.com,English,0.0,gdelt_gkg
DDOG,2026-04-23,The Pipeline Thesis Just Got Its First Major Proof Point,https://www.forbes.com/councils/forbestechcouncil/2026/04/23/the-pipeline-thesis-just-got-its-first-major-proof-point/,forbes.com,English,0.0,gdelt_gkg
DDOG,2026-04-23,Datadog digs down into GPU efficiency as AI costs soar,https://www.theregister.com/2026/04/23/datadog_digs_down_into_gpu/,theregister.com,English,0.0,gdelt_gkg
DDOG,2026-04-23,AI Fears Keep Hammering Software Stocks Even Those With Strong Earnings,https://www.forbes.com/sites/aliciapark/2026/04/23/ai-fears-keep-hammering-software-stocks-even-those-reporting-good-earnings/,forbes.com,English,0.0,gdelt_gkg
DDOG,2026-04-23,"IBM , ServiceNow stocks suffer amid AI - driven disruption",https://americanbazaaronline.com/2026/04/23/ibm-servicenow-stocks-suffer-amid-ai-driven-disruption-479557/,americanbazaaronline.com,English,0.0,gdelt_gkg
DDOG,2026-04-23,Business . Scoop » Datadog New GPU Monitoring Help Businesses Optimise Spend And Performance As AI Ambitions Grow,https://business.scoop.co.nz/2026/04/23/datadogs-new-gpu-monitoring-help-businesses-optimise-spend-and-performance-as-ai-ambitions-grow/,business.scoop.co.nz,English,0.0,gdelt_gkg
DDOG,2026-04-24,Zapier expands AI governance controls for enterprise users,https://itbrief.news/story/zapier-expands-ai-governance-controls-for-enterprise-users,itbrief.news,English,0.0,gdelt_gkg
DDOG,2026-04-24,When Production Logs Become Your Best QA Asset,https://sdtimes.com/qa/when-production-logs-become-your-best-qa-asset/,sdtimes.com,English,0.0,gdelt_gkg
DDOG,2026-04-24,"Michael Burry analyzed 1 , 000+ reports and found a $1 . 7 trillion  earnings illusion  hiding in tech stocks",https://finance.yahoo.com/markets/stocks/articles/michael-burry-analyzed-1-000-141500664.html,finance.yahoo.com,English,0.0,gdelt_gkg
DDOG,2026-04-24,FinancialContent - Why Is Atlassian ( TEAM ) Stock Rocketing Higher Today,https://markets.financialcontent.com/stocks/article/stockstory-2026-4-24-why-is-atlassian-team-stock-rocketing-higher-today,markets.financialcontent.com,English,0.0,gdelt_gkg
DDOG,2026-04-24,Zapier expands AI governance controls for enterprise users,https://ecommercenews.co.nz/story/zapier-expands-ai-governance-controls-for-enterprise-users,ecommercenews.co.nz,English,0.0,gdelt_gkg
DDOG,2026-04-25,Morgan Stanley makes top stocks heading into earnings,https://www.cnbc.com/2026/04/25/morgan-stanley-makes-top-stocks-heading-into-earnings.html,cnbc.com,English,0.0,gdelt_gkg
DDOG,2026-04-25,Why Is Atlassian ( TEAM ) Stock Rocketing Higher Today,https://finance.yahoo.com/markets/stocks/articles/why-atlassian-team-stock-rocketing-191723207.html,finance.yahoo.com,English,0.0,gdelt_gkg
DDOG,2026-04-25,Why Is Cadence Design Systems ( CDNS ) Stock Rocketing Higher Today,https://finance.yahoo.com/markets/stocks/articles/why-cadence-design-systems-cdns-102923977.html,finance.yahoo.com,English,0.0,gdelt_gkg
DDOG,2026-04-27,"Market Factors : Sell oil , buy tech ? ",https://www.theglobeandmail.com/investing/investment-ideas/article-market-factors-sell-oil-buy-tech/,theglobeandmail.com,English,0.0,gdelt_gkg
DDOG,2026-04-27,Datadog ( DDOG ) Launches GPU Monitoring Tool to Optimize AI Infrastructure Costs,https://www.insidermonkey.com/blog/datadog-ddog-launches-gpu-monitoring-tool-to-optimize-ai-infrastructure-costs-1747258/,insidermonkey.com,English,0.0,gdelt_gkg
DDOG,2026-04-27,Jim Cramer on Coca - Cola :  Im Sure That the Company Going to Keep Delivering  ,https://www.insidermonkey.com/blog/jim-cramer-on-coca-cola-im-sure-that-the-companys-going-to-keep-delivering-1748251/,insidermonkey.com,English,0.0,gdelt_gkg
DDOG,2026-04-27,"FinancialContent - Snowflake ( SNOW ) Stock Trades Up , Here Is Why",https://markets.financialcontent.com/stocks/article/stockstory-2026-4-27-snowflake-snow-stock-trades-up-here-is-why,markets.financialcontent.com,English,0.0,gdelt_gkg
DDOG,2026-04-28,LPL Financial Holdings Inc . ( LPLA ): Billionaire Brian Higgins Is Buying This Stock,https://www.insidermonkey.com/blog/lpl-financial-holdings-inc-lpla-billionaire-brian-higgins-is-buying-this-stock-1748654/,insidermonkey.com,English,0.0,gdelt_gkg
DDOG,2026-04-29,Business . Scoop » Modulus Labs Improves Global Payment Infrastructure Uptime With Datadog Centralised Monitoring And Security,https://business.scoop.co.nz/2026/04/29/modulus-labs-improves-global-payment-infrastructure-uptime-with-datadogs-centralised-monitoring-and-security/,business.scoop.co.nz,English,0.0,gdelt_gkg
DDOG,2026-04-29,iTWire - Modulus Labs Improves Global Payment Infrastructure Uptime with Datadog Centralized Monitoring and Security,https://itwire.com/business-it-news/enterprise-solutions/modulus-labs-improves-global-payment-infrastructure-uptime-with-datadog%e2%80%99s-centralized-monitoring-and-security.html,itwire.com,English,0.0,gdelt_gkg
DDOG,2026-04-29,Jim Cramer on Coca - Cola :  Im Sure That the Company Going to Keep Delivering  ,https://finance.yahoo.com/markets/stocks/articles/jim-cramer-coca-cola-m-190519187.html,finance.yahoo.com,English,0.0,gdelt_gkg
DDOG,2026-04-30,Stocks up after mixed mega cap earnings and geopolitics - Newsquawk US Market Wrap,https://www.zerohedge.com/markets/stocks-after-mixed-mega-cap-earnings-and-geopolitics-newsquawk-us-market-wrap,zerohedge.com,English,0.0,gdelt_gkg
DDOG,2026-04-30,"Veeva Systems will join S & P 500 index , replacing Coterra Energy",https://www.cnbc.com/2026/04/30/veeva-systems-will-join-sp-500-index-replacing-coterra-energy.html,cnbc.com,English,0.0,gdelt_gkg
DDOG,2026-04-30,Misti AI Secures Funding to Expand Industrial AI Platform,https://www.oedigital.com/news/538641-misti-ai-secures-funding-to-expand-industrial-ai-platform,oedigital.com,English,0.0,gdelt_gkg
DDOG,2026-04-30,Datadog Stock In The Spotlight After Hunterbrook Names Anthropic As Major Client - Datadog ( NASDAQ : DDOG ) ,https://www.benzinga.com/trading-ideas/movers/26/04/52186622/datadog-stock-in-the-spotlight-after-hunterbrook-names-anthropic-as-major-client,benzinga.com,English,0.0,gdelt_gkg
DDOG,2026-05-01,"FinancialContent - JFrog ( FROG ) Shares Skyrocket , What You Need To Know",https://markets.financialcontent.com/stocks/article/stockstory-2026-5-1-jfrog-frog-shares-skyrocket-what-you-need-to-know,markets.financialcontent.com,English,0.0,gdelt_gkg
DDOG,2026-05-01,"FinancialContent - Datadog and Zoom Shares Skyrocket , What You Need To Know",https://markets.financialcontent.com/stocks/article/stockstory-2026-5-1-datadog-and-zoom-shares-skyrocket-what-you-need-to-know,markets.financialcontent.com,English,0.0,gdelt_gkg
DDOG,2026-05-01,"FinancialContent - Braze and Sprout Social Shares Are Soaring , What You Need To Know",https://markets.financialcontent.com/stocks/article/stockstory-2026-5-1-braze-and-sprout-social-shares-are-soaring-what-you-need-to-know,markets.financialcontent.com,English,0.0,gdelt_gkg
DDOG,2026-05-01,"S & P 500 , Nasdaq rally to fresh highs as earnings - heavy week draws to a close",https://www.marketscreener.com/news/s-p-500-nasdaq-rally-to-fresh-highs-as-earnings-heavy-week-draws-to-a-close-ce7f58d9df8dfe2c,marketscreener.com,English,0.0,gdelt_gkg
DDOG,2026-05-01,"FinancialContent - ZoomInfo , SentinelOne , and Alarm . com Shares Are Soaring , What You Need To Know",https://markets.financialcontent.com/stocks/article/stockstory-2026-5-1-zoominfo-sentinelone-and-alarmcom-shares-are-soaring-what-you-need-to-know,markets.financialcontent.com,English,0.0,gdelt_gkg
DDOG,2026-05-01,Wall St set to extend rally after best month in years,https://www.marketscreener.com/news/wall-st-set-to-extend-rally-after-best-month-in-years-ce7f58d9dd88f22c,marketscreener.com,English,0.0,gdelt_gkg
DDOG,2026-05-02,"Systems Engineer / DevOps Eng , ESC Managed Operations - Job bei der Firma Amazon Workforce Staffing in Berlin",https://www.stepstone.de/stellenangebote--systems-engineer-devops-eng-esc-managed-operations-berlin-amazon-workforce-staffing--13981398-inline.html,stepstone.de,English,0.0,gdelt_gkg
DDOG,2026-05-02,These stocks reporting next week have earnings momentum on their side,https://www.cnbc.com/2026/05/02/these-stocks-reporting-next-week-have-earnings-momentum-on-their-side.html,cnbc.com,English,0.0,gdelt_gkg
DDOG,2026-05-03,"ZoomInfo , SentinelOne , and Alarm . com Shares Are Soaring , What You Need To Know",https://finance.yahoo.com/markets/stocks/articles/zoominfo-sentinelone-alarm-com-shares-134055873.html,finance.yahoo.com,English,0.0,gdelt_gkg
DDOG,2026-05-03,S & P 500 and Nasdaq 100 Post Record Highs on Solid Earnings,https://finance.yahoo.com/markets/stocks/articles/p-500-nasdaq-100-post-203846522.html,finance.yahoo.com,English,0.0,gdelt_gkg
DDOG,2026-05-03,3 big things were watching in the stock market in the week ahead,https://www.cnbc.com/2026/05/03/3-big-things-were-watching-in-the-stock-market-in-the-week-ahead.html,cnbc.com,English,0.0,gdelt_gkg
DDOG,2026-05-03,Infrastructure Stocks To Follow Now – May 3rd,https://www.tickerreport.com/banking-finance/13427740/infrastructure-stocks-to-follow-now-may-3rd.html,tickerreport.com,English,0.0,gdelt_gkg
DDOG,2026-05-03,3 Growth Stocks to Stash,https://finance.yahoo.com/markets/stocks/articles/3-growth-stocks-stash-042055573.html,finance.yahoo.com,English,0.0,gdelt_gkg
DDOG,2026-05-04,Equinix Accelerates Enterprise AI Workloads with Launch of Fabric Intelligence,https://www.itwire.com/business-it-news/data/equinix-accelerates-enterprise-ai-workloads-with-launch-of-fabric-intelligence,itwire.com,English,0.0,gdelt_gkg
DDOG,2026-05-04,"Elastic , BlackLine , and Fastly Stocks Trade Up , What You Need To Know",https://finance.yahoo.com/markets/stocks/articles/elastic-blackline-fastly-stocks-trade-052455938.html,finance.yahoo.com,English,0.0,gdelt_gkg
DDOG,2026-05-04,Datadog ( NASDAQ : DDOG ) Earns Buy Rating from DA Davidson,https://www.tickerreport.com/banking-finance/13428518/datadog-nasdaqddog-earns-buy-rating-from-da-davidson.html,tickerreport.com,English,0.0,gdelt_gkg
DDOG,2026-05-04,"Key Events This Week : Payrolls , Quarterly Refunding , Confidence , And More Earnings",https://www.zerohedge.com/economics/key-events-week-payrolls-umich-quarterly-refunding-and-more-earnings,zerohedge.com,English,0.0,gdelt_gkg
DDOG,2026-05-04,"Reddit Upgraded , Spotify Downgraded : Updated Rankings on Top Blue - Chip Stocks",https://investorplace.com/market360/2026/05/20260504-blue-chip-upgrades-downgrades/,investorplace.com,English,0.0,gdelt_gkg
DDOG,2026-05-05,Why  sell in May and go away  could be the wrong move for investors,https://www.theglobeandmail.com/investing/article-why-sell-in-may-and-go-away-could-be-the-wrong-move-for-investors/,theglobeandmail.com,English,0.0,gdelt_gkg
DDOG,2026-05-06,Stocks rally and crude slumps as hopes build towards end of war - Newsquawk US Market Wrap,https://www.zerohedge.com/markets/stocks-rally-and-crude-slumps-hopes-build-towards-end-war-newsquawk-us-market-wrap,zerohedge.com,English,0.0,gdelt_gkg
DDOG,2026-05-06,Stock market today : Live updates,https://www.cnbc.com/2026/05/06/stock-market-today-live-updates.html,cnbc.com,English,0.0,gdelt_gkg
DDOG,2026-05-06,"Why Boeing and Honeywell are rallying , plus the AI trade gets a boost",https://www.cnbc.com/2026/05/06/why-boeing-and-honeywell-are-rallying-plus-the-ai-trade-gets-a-boost-.html,cnbc.com,English,0.0,gdelt_gkg
DDOG,2026-05-06,FinancialContent - Datadog ( DDOG ) Reports Earnings Tomorrow : What To Expect,https://markets.financialcontent.com/stocks/article/stockstory-2026-5-6-datadog-ddog-reports-earnings-tomorrow-what-to-expect,markets.financialcontent.com,English,0.0,gdelt_gkg
DDOG,2026-05-06,DDOG Earnings Play Has a HUGE Return Potential,https://finance.yahoo.com/markets/options/articles/ddog-earnings-play-huge-return-110002376.html,finance.yahoo.com,English,0.0,gdelt_gkg
DDOG,2026-05-07,US stocks fall from their records as oil prices yo - yo,https://www.newsday.com/business/stocks-markets-rates-iran-trump-oil-e23563,newsday.com,English,0.0,gdelt_gkg
DDOG,2026-05-07,Infrastructure Stocks To Watch Now – May 7th,https://www.dailypolitical.com/2026/05/07/infrastructure-stocks-to-watch-now-may-7th.html,dailypolitical.com,English,0.0,gdelt_gkg
DDOG,2026-05-07,Stocks Fall From Record Highs as Oil Prices Yo - Yo,https://www.newser.com/story/388760/stocks-fall-from-record-highs-as-oil-prices-yo-yo.html,newser.com,English,0.0,gdelt_gkg
DDOG,2026-05-07,US stocks fall from their records as oil prices yo - yo,https://www.mykxlg.com/news/national/us-stocks-fall-from-their-records-as-oil-prices-yo-yo/article_39273615-258f-5ed0-9f4c-9a45f02c3e5a.html,mykxlg.com,English,0.0,gdelt_gkg
DDOG,2026-05-07,US stocks fall from their records as oil prices yo - yo,https://www.yakimaherald.com/news/nation_and_world/business/us-stocks-fall-from-their-records-as-oil-prices-yo-yo/article_fec129ff-7e54-5998-af8d-af17c92dcd7e.html,yakimaherald.com,English,0.0,gdelt_gkg
DDOG,2026-05-07,US stocks fall from their records as oil prices yo - yo,https://www.news-gazette.com/news/nation-world/us-stocks-fall-from-their-records-as-oil-prices-yo-yo/article_2de0f95d-d112-5e14-bbb3-25a81ef7f1a2.html,news-gazette.com,English,0.0,gdelt_gkg
DDOG,2026-05-07,European shares fall as investors mull Middle East peace prospects,https://www.irishtimes.com/business/2026/05/07/european-shares-fall-as-investors-mull-middle-east-peace-prospects/,irishtimes.com,English,0.0,gdelt_gkg
DDOG,2026-05-07,FinancialContent - Why CLEAR Secure ( YOU ) Stock Is Trading Lower Today,https://markets.financialcontent.com/stocks/article/stockstory-2026-5-7-why-clear-secure-you-stock-is-trading-lower-today,markets.financialcontent.com,English,0.0,gdelt_gkg
DDOG,2026-05-07,BILL ( NYSE : BILL ) Updates Q4 2026 Earnings Guidance,https://www.dailypolitical.com/2026/05/07/bill-nysebill-updates-q4-2026-earnings-guidance.html,dailypolitical.com,English,0.0,gdelt_gkg
DDOG,2026-05-07,"PYMNTS | ServiceNow , SAP and Workday Make AI Agents Pay to Play",https://www.pymnts.com/artificial-intelligence-2/2026/servicenow-sap-and-workday-make-ai-agents-pay-to-play/,pymnts.com,English,0.0,gdelt_gkg
DDOG,2026-05-07,Datadog price target boosted by Wedbush after Q1 beat - and - raise,https://finance.yahoo.com/markets/stocks/articles/datadog-price-target-boosted-wedbush-192500237.html,finance.yahoo.com,English,0.0,gdelt_gkg
DDOG,2026-05-07,S & P 500 dips as chip stocks give up gains,https://www.marketscreener.com/news/s-p-500-dips-as-chip-stocks-give-up-gains-ce7f5bdadb88f423,marketscreener.com,English,0.0,gdelt_gkg
DDOG,2026-05-07,ASX set to fall as Wall Street retreats from records,https://www.watoday.com.au/business/markets/asx-set-to-fall-as-wall-street-retreats-from-records-20260508-p5zuwt.html,watoday.com.au,English,0.0,gdelt_gkg
DDOG,2026-05-07,BILL ( NYSE : BILL ) Issues Q4 2026 Earnings Guidance,https://www.tickerreport.com/banking-finance/13432557/bill-nysebill-issues-q4-2026-earnings-guidance.html,tickerreport.com,English,0.0,gdelt_gkg
DDOG,2026-05-07,US stocks fall from their records as oil prices yo - yo,https://thebusinessjournal.com/us-stocks-fall-from-their-records-as-oil-prices-yo-yo/,thebusinessjournal.com,English,0.0,gdelt_gkg
DDOG,2026-05-07,Datadog price target boosted by Wedbush after Q1 beat - and - raise,https://www.proactiveinvestors.com/companies/news/1091928/datadog-price-target-boosted-by-wedbush-after-q1-beat-and-raise-1091928.html,proactiveinvestors.com,English,0.0,gdelt_gkg
DDOG,2026-05-07,Dow declines as Wall Street consolidates near all - time highs with April jobs due,https://www.proactiveinvestors.com/companies/news/1091897/dow-declines-as-wall-street-consolidates-near-all-time-highs-with-april-jobs-due-1091897.html,proactiveinvestors.com,English,0.0,gdelt_gkg
DDOG,2026-05-07,ASX set to fall as Wall Street retreats from records,https://www.brisbanetimes.com.au/business/markets/asx-set-to-fall-as-wall-street-retreats-from-records-20260508-p5zuwt.html,brisbanetimes.com.au,English,0.0,gdelt_gkg
DDOG,2026-05-07,The closing bell : US stocks fall from their records as oil prices yo - yo,https://www.wptf.com/2026/05/07/us-stocks-fall-from-their-records-as-oil-prices-yo-yo/,wptf.com,English,0.0,gdelt_gkg
DDOG,2026-05-07,"US stocks fall from their records as oil prices yo - yo – KTBB News , Weather , Talk",https://ktbb.com/post/?p=1504824,ktbb.com,English,0.0,gdelt_gkg
DDOG,2026-05-07,US stocks hover just below records as oil slips on hopes of an Iran deal - Las Vegas Sun News,https://lasvegassun.com/news/2026/may/06/us-stocks-hover-just-below-records-as-oil-slips-on/,lasvegassun.com,English,0.0,gdelt_gkg
DDOG,2026-05-07,US stocks fall from their records as oil prices yo - yo,https://www.reflector.com/news/national/us-stocks-fall-from-their-records-as-oil-prices-yo-yo/article_b435fefd-5e71-5851-863a-49f679dd1a0d.html,reflector.com,English,0.0,gdelt_gkg
DDOG,2026-05-07,Tech Down Slightly as Earnings Euphoria Eases - Tech Roundup,https://www.marketscreener.com/news/tech-down-slightly-as-earnings-euphoria-eases-tech-roundup-ce7f5bdadd8df526,marketscreener.com,English,0.0,gdelt_gkg
DDOG,2026-05-07,ASX set to fall as Wall Street retreats from records,https://www.smh.com.au/business/markets/asx-set-to-fall-as-wall-street-retreats-from-records-20260508-p5zuwt.html,smh.com.au,English,0.0,gdelt_gkg
DDOG,2026-05-07,Jim Cramer : This partnership could be a  seismic shift  in AI and 2 of our stocks,https://www.cnbc.com/2026/05/07/jim-cramer-this-partnership-could-be-a-seismic-shift-in-ai-and-2-of-our-stocks.html,cnbc.com,English,0.0,gdelt_gkg
DDOG,2026-05-07,National and International News in Focus : May 7,https://www.wktv.com/news/local/national-and-international-news-in-focus-may-7/article_829e44bf-06aa-5c80-9911-acd8a2bca67e.html,wktv.com,English,0.0,gdelt_gkg
DDOG,2026-05-07,"Oil prices keep falling , while US stocks hang near their record highs",https://www.standardspeaker.com/2026/05/07/wall-street-us-iran-oil-prices/,standardspeaker.com,English,0.0,gdelt_gkg
DDOG,2026-05-07,"Oil prices keep falling , while US stocks hang near their record highs",https://www.smdailyjournal.com/business/oil-prices-keep-falling-while-us-stocks-hang-near-their-record-highs/article_975bda4b-115e-5a06-9153-283839f1834f.html,smdailyjournal.com,English,0.0,gdelt_gkg
DDOG,2026-05-07,"Oil prices keep falling , while US stocks hang near their record highs",https://www.baltimoresun.com/2026/05/07/wall-street-us-iran-oil-prices/,baltimoresun.com,English,0.0,gdelt_gkg
DDOG,2026-05-07,"US stock markets today ( May 7 , 2026 ): Wall Street holds near record highs as oil prices tumble on Iran deal hopes",https://timesofindia.indiatimes.com/business/international-business/us-stock-markets-today-may-7-2026-wall-street-holds-near-record-highs-as-oil-prices-tumble-on-iran-deal-hopes/articleshow/130902113.cms,timesofindia.indiatimes.com,English,0.0,gdelt_gkg
DDOG,2026-05-07,"Snowflake Stock Rallies On Datadog , Fortinet Strong Q1 Results - Snowflake ( NYSE : SNOW ) ",https://www.benzinga.com/trading-ideas/movers/26/05/52383122/snowflake-stock-rallies-on-datadog-fortinets-strong-q1-results,benzinga.com,English,0.0,gdelt_gkg
DDOG,2026-05-07,"Oil prices keep falling , while US stocks hang near their record highs",https://www.timesherald.com/2026/05/07/wall-street-us-iran-oil-prices/,timesherald.com,English,0.0,gdelt_gkg
DDOG,2026-05-07,ROUNDUP : Datadog Boosts FY26 Outlook ; Shares Soar 29 . 6 % ,https://www.finanznachrichten.de/nachrichten-2026-05/68427457-roundup-datadog-boosts-fy26-outlook-shares-soar-29-6-020.htm,finanznachrichten.de,English,0.0,gdelt_gkg
DDOG,2026-05-07,"FinancialContent - Datadog ( NASDAQ : DDOG ) Delivers Impressive Q1 CY2026 , Stock Jumps 23 . 8 % ",https://markets.financialcontent.com/stocks/article/stockstory-2026-5-7-datadog-nasdaqddog-delivers-impressive-q1-cy2026-stock-jumps-238,markets.financialcontent.com,English,0.0,gdelt_gkg
DDOG,2026-05-07,Datadog Announces First Quarter 2026 Financial Results,https://www.manilatimes.net/2026/05/07/tmt-newswire/globenewswire/datadog-announces-first-quarter-2026-financial-results/2338240,manilatimes.net,English,0.0,gdelt_gkg
DDOG,2026-05-07,"Oil prices keep falling , while US stocks hang near their record highs",https://www.whittierdailynews.com/2026/05/07/wall-street-us-iran-oil-prices/,whittierdailynews.com,English,0.0,gdelt_gkg
DDOG,2026-05-07,"Oil prices keep falling , while US stocks hang near their record highs",https://www.goskagit.com/news/ap_business/oil-prices-keep-falling-while-us-stocks-hang-near-their-record-highs/article_047e30f8-6d41-57df-83c8-2df1cc46b28f.html,goskagit.com,English,0.0,gdelt_gkg
DDOG,2026-05-07,Datadog Gears Up For Q1 Print ; Here Are The Recent Forecast Changes From Wall Street Most Accurate Anal,https://www.benzinga.com/analyst-stock-ratings/price-target/26/05/52355192/datadog-gears-up-for-q1-print-here-are-the-recent-forecast-changes-from-wall-s,benzinga.com,English,0.0,gdelt_gkg
DDOG,2026-05-07,"Crude slips amid reports of a potential Strait of Hormuz breakthrough , US equity futures modestly firmer - US Market Open",https://www.zerohedge.com/markets/crude-slips-amid-reports-potential-strait-hormuz-breakthrough-us-equity-futures-modestly,zerohedge.com,English,0.0,gdelt_gkg
DDOG,2026-05-07,"Stock market today : Dow slips , S & P 500 and Nasdaq rise as crude oil falls in wait for Iran - US deal update",https://finance.yahoo.com/markets/stocks/live/stock-market-today-dow-slips-sp-500-and-nasdaq-rise-as-crude-oil-falls-in-wait-for-iran-us-deal-update-231446763.html,finance.yahoo.com,English,0.0,gdelt_gkg
DDOG,2026-05-07,"Oil prices keep falling , while US stocks hang near their record highs",https://www.dailynews.com/2026/05/07/wall-street-us-iran-oil-prices/,dailynews.com,English,0.0,gdelt_gkg
DDOG,2026-05-07,Datadog Boosts FY26 Outlook ; Shares Soar 29 . 6 % ,https://www.rttnews.com/3649002/datadog-boosts-fy26-outlook-shares-soar-29-6-update.aspx,rttnews.com,English,0.0,gdelt_gkg
DDOG,2026-05-07,"Stocks making the biggest moves midday : PLNT , WHR , VITL , SHAK",https://www.cnbc.com/2026/05/07/stocks-making-the-biggest-moves-midday-plnt-whr-vitl-shak.html,cnbc.com,English,0.0,gdelt_gkg
DDOG,2026-05-07,Datadog Q1 Earnings Call Highlights,https://finance.yahoo.com/markets/stocks/articles/datadog-q1-earnings-call-highlights-174242299.html,finance.yahoo.com,English,0.0,gdelt_gkg
DDOG,2026-05-07,"Oil prices keep falling , while U . S . stocks hang near their record highs",https://www.columbian.com/news/2026/may/07/oil-prices-keep-falling-while-u-s-stocks-hang-near-their-record-highs/,columbian.com,English,0.0,gdelt_gkg
DDOG,2026-05-07,Markets swing from geopolitical optimism to pessimism - Newsquawk US Market Wrap,https://www.zerohedge.com/markets/markets-swing-geopolitical-optimism-pessimism-newsquawk-us-market-wrap,zerohedge.com,English,0.0,gdelt_gkg
DDOG,2026-05-07,"Oil prices keep falling , while US stocks hang near their record highs",https://www.thetimes-tribune.com/2026/05/07/wall-street-us-iran-oil-prices/,thetimes-tribune.com,English,0.0,gdelt_gkg
DDOG,2026-05-07,"US stocks : S & P 500 , Nasdaq at record highs as oil pullback brings relief",https://www.businesstimes.com.sg/companies-markets/capital-markets-currencies/us-stocks-sp-500-nasdaq-record-highs-oil-pullback-brings-relief,businesstimes.com.sg,English,0.0,gdelt_gkg
DDOG,2026-05-07,DDOG stock highest today since Datadog IPO reason : DDOG stock today : Why Datadog is headed for its biggest rally since 2019 after strong earnings and 2026 forecast - here what investors need to know,https://economictimes.indiatimes.com/news/international/us/ddog-stock-today-why-datadog-is-headed-for-its-biggest-rally-since-2019-after-strong-earnings-and-2026-forecast-heres-what-investors-need-to-know/articleshow/130905665.cms,economictimes.indiatimes.com,English,0.0,gdelt_gkg
DDOG,2026-05-07,AP Business SummaryBrief at 12 : 40 p . m . EDT,https://www.mankatofreepress.com/news/business/ap-business-summarybrief-at-12-40-p-m-edt/article_378a7996-57b3-54ac-b7ae-2a6a2be34398.html,mankatofreepress.com,English,0.0,gdelt_gkg
DDOG,2026-05-08,Much ado about nothing ? ,https://www.marketscreener.com/news/much-ado-about-nothing-ce7f5bdad18df023,marketscreener.com,English,0.0,gdelt_gkg
DDOG,2026-05-08,US stocks fall from their records as oil prices yo - yo,https://www.manilatimes.net/2026/05/08/business/foreign-business/us-stocks-fall-from-their-records-as-oil-prices-yo-yo/2339207,manilatimes.net,English,0.0,gdelt_gkg
DDOG,2026-05-08,Raymond James Financial Issues Positive Forecast for Datadog ( NASDAQ : DDOG ) Stock Price,https://www.dailypolitical.com/2026/05/08/raymond-james-financial-issues-positive-forecast-for-datadog-nasdaqddog-stock-price.html,dailypolitical.com,English,0.0,gdelt_gkg
DDOG,2026-05-08,Datadog ( NASDAQ : DDOG ) Price Target Raised to $220 . 00,https://www.tickerreport.com/banking-finance/13433816/datadog-nasdaqddog-price-target-raised-to-220-00.html,tickerreport.com,English,0.0,gdelt_gkg
DDOG,2026-05-08,Datadog Rips Higher As AI Customers Fuel Revenue Acceleration - Datadog ( NASDAQ : DDOG ) ,https://www.benzinga.com/analyst-stock-ratings/price-target/26/05/52416716/datadog-rips-higher-as-ai-customers-fuel-revenue-acceleration,benzinga.com,English,0.0,gdelt_gkg
DDOG,2026-05-08,"Western Markets Wrap : NASDAQ , DOW , S & P end marginally lower . Brent Crude retreats to $100 mark",https://www.indiainfoline.com/news/international/western-markets-wrap-nasdaq-dow-sp-end-marginally-lower-brent-crude-retreats-to-100-mark,indiainfoline.com,English,0.0,gdelt_gkg
DDOG,2026-05-08,Wall Street ends lower as chip stocks give up gains,https://www.marketscreener.com/news/wall-street-ends-lower-as-chip-stocks-give-up-gains-ce7f5bdadf8df42d,marketscreener.com,English,0.0,gdelt_gkg
DDOG,2026-05-08,"US stock market falls from records as oil prices yo - yo | News , Sports , Jobs",https://www.ironmountaindailynews.com/news/business/2026/05/us-stock-market-falls-from-records-as-oil-prices-yo-yo/,ironmountaindailynews.com,English,0.0,gdelt_gkg
DDOG,2026-05-08,Datadog ( NASDAQ : DDOG ) Updates Q2 2026 Earnings Guidance,https://www.tickerreport.com/banking-finance/13434142/datadog-nasdaqddog-updates-q2-2026-earnings-guidance.html,tickerreport.com,English,0.0,gdelt_gkg
DDOG,2026-05-08,U . S . stocks fall from their records as oil prices yo - yo,https://www.investmentexecutive.com/news/research-and-markets/u-s-stocks-fall-from-their-records-as-oil-prices-yo-yo/,investmentexecutive.com,English,0.0,gdelt_gkg
DDOG,2026-05-08,"Datadog stock jumps 31 % on crushing earnings beat , showing there still hope for software",https://siliconangle.com/2026/05/07/datadogs-stock-jumps-31-crushing-earnings-beat-showing-theres-still-hope-software/,siliconangle.com,English,0.0,gdelt_gkg
DDOG,2026-05-08,"Hopes for reopening the Strait of Hormuz push Asian shares higher , as oil prices hold above $100",https://www.12newsnow.com/article/syndication/associatedpress/hopes-for-reopening-the-strait-of-hormuz-push-asian-shares-higher-as-oil-prices-hold-above-100/616-c0c26621-b259-4a16-a35b-e1ec982681d5,12newsnow.com,English,0.0,gdelt_gkg
DDOG,2026-05-08,S & P 500 ends down as chip stocks give up gains,https://www.freemalaysiatoday.com/category/business/2026/05/08/sp-500-ends-down-as-chip-stocks-give-up-gains,freemalaysiatoday.com,English,0.0,gdelt_gkg
DDOG,2026-05-08,US stocks fall from their records as oil prices yo - yo,https://www.wfmj.com/news/us-stocks-fall-from-their-records-as-oil-prices-yo-yo/article_caf0ab55-f7b7-528c-9199-bae8c0870dc7.html,wfmj.com,English,0.0,gdelt_gkg
DDOG,2026-05-08,US stocks fall from their records as oil prices yo - yo,https://santamariatimes.com/ap/business/us-stocks-fall-from-their-records-as-oil-prices-yo-yo/article_d6e49b21-d9bc-4a3b-977e-bfce6f251355.html,santamariatimes.com,English,0.0,gdelt_gkg
DDOG,2026-05-08,US stocks fall from their records as oil prices yo - yo,https://www.galvnews.com/ap/us-stocks-fall-from-their-records-as-oil-prices-yo-yo/article_c9f24b82-1e16-40aa-abad-959da9288a5d.html,galvnews.com,English,0.0,gdelt_gkg
DDOG,2026-05-09,  I am shorting the business model ... I am shorting the CEO : Two top analysts just slapped Palantir with a  sell  rating,https://finance.yahoo.com/markets/stocks/articles/am-shorting-business-model-am-081500529.html,finance.yahoo.com,English,0.0,gdelt_gkg
DDOG,2026-05-09,Jim Cramer Says  You Cant Really Teach an Old Dog New Tricks Unless It a Datadog  ,https://finance.yahoo.com/markets/stocks/articles/jim-cramer-says-t-really-183627769.html,finance.yahoo.com,English,0.0,gdelt_gkg
DDOG,2026-05-09,Datadog ( DDOG ) Q1 2026 Earnings Transcript,https://finance.yahoo.com/markets/stocks/articles/datadog-ddog-q1-2026-earnings-190419784.html,finance.yahoo.com,English,0.0,gdelt_gkg
DDOG,2026-05-10,"S & P 500 Gains Unleashed on Chip Stock Strength , Falling Oil and Return to Optimism",https://247wallst.com/investing/2026/05/07/sp-500-gains-unleashed-on-chip-stock-strength-falling-oil-and-return-to-optimism/,247wallst.com,English,0.0,gdelt_gkg
DDOG,2026-05-10,"Generali Asset Management SPA SGR Boosts Stock Holdings in Datadog , Inc . $DDOG",https://www.tickerreport.com/banking-finance/13436137/generali-asset-management-spa-sgr-boosts-stock-holdings-in-datadog-inc-ddog.html,tickerreport.com,English,0.0,gdelt_gkg
DDOG,2026-05-10,The Best Artificial Intelligence ( AI ) Growth Stocks After the Helium Shock Are the Ones That Dont Need the Strait of Hormuz,https://www.fool.com/investing/2026/05/10/the-best-artificial-intelligence-ai-growth-stocks/?source=iedfolrf0000001,fool.com,English,0.0,gdelt_gkg
DDOG,2026-05-11,"Analyst recommendations : Biomarin Pharmaceuticals , Walt Disney , Apollo Global Management , Datadog , Roku … ",https://www.marketscreener.com/news/analyst-recommendations-biomarin-pharmaceuticals-walt-disney-apollo-global-management-datadog-r-ce7f5bd8de8ffe25,marketscreener.com,English,0.0,gdelt_gkg
DDOG,2026-05-11,Best Infrastructure Stocks To Watch Today – May 8th,https://www.tickerreport.com/banking-finance/13436834/best-infrastructure-stocks-to-watch-today-may-8th.html,tickerreport.com,English,0.0,gdelt_gkg
DDOG,2026-05-11,"Sean Michael Walters Sells 7 , 657 Shares of Datadog ( NASDAQ : DDOG ) Stock",https://www.dailypolitical.com/2026/05/11/sean-michael-walters-sells-7657-shares-of-datadog-nasdaqddog-stock.html,dailypolitical.com,English,0.0,gdelt_gkg
DDOG,2026-05-12,Datadog ( DDOG ) Sees AI Deal Momentum as DA Davidson Reiterates Buy Rating,https://www.insidermonkey.com/blog/datadog-ddog-sees-ai-deal-momentum-as-da-davidson-reiterates-buy-rating-1759373/,insidermonkey.com,English,0.0,gdelt_gkg
DDOG,2026-05-12,FinancialContent - What To Expect From Dynatrace ( DT ) Q1 Earnings,https://markets.financialcontent.com/stocks/article/stockstory-2026-5-12-what-to-expect-from-dynatraces-dt-q1-earnings,markets.financialcontent.com,English,0.0,gdelt_gkg
DDOG,2026-05-12,White Circle AI Control Platform Raises $11m from Industry Giants After Founder Goes Viral for Exposing Safety Flaw in Biggest AI Models,https://www.finanznachrichten.de/nachrichten-2026-05/68469133-white-circle-s-ai-control-platform-raises-dollar-11m-from-industry-giants-after-founder-goes-viral-for-exposing-safety-flaw-in-biggest-ai-models-004.htm,finanznachrichten.de,English,0.0,gdelt_gkg
DDOG,2026-05-12,AI Rally May Have Gone Too Far With Some Stocks Up 70 % in a Month,https://finance.yahoo.com/markets/stocks/articles/ai-rally-may-gone-too-153918157.html,finance.yahoo.com,English,0.0,gdelt_gkg
DDOG,2026-05-13,"Rep . Gilbert Ray Cisneros , Jr . Sells Off Shares of Datadog , Inc . ( NASDAQ : DDOG ) ",https://www.dailypolitical.com/2026/05/12/rep-gilbert-ray-cisneros-jr-sells-off-shares-of-datadog-inc-nasdaqddog.html,dailypolitical.com,English,0.0,gdelt_gkg
DDOG,2026-05-13,"Analyst recommendations : Datadog , Doordash , Murphy Oil , On Holding , Oracle … ",https://www.marketscreener.com/news/analyst-recommendations-datadog-doordash-murphy-oil-on-holding-oraclea--ce7f5bdfd189ff2d,marketscreener.com,English,0.0,gdelt_gkg
DDOG,2026-05-13,"Datadog , Inc . ( NASDAQ : DDOG ) Receives $211 . 76 Average Target Price from Analysts",https://www.dailypolitical.com/2026/05/13/datadog-inc-nasdaqddog-receives-211-76-average-target-price-from-analysts.html,dailypolitical.com,English,0.0,gdelt_gkg
DDOG,2026-05-13,GitHub - tracewayapp / traceway : The only tool you need to know what is happening and how to fix it . ,https://github.com/tracewayapp/traceway,github.com,English,0.0,gdelt_gkg
DDOG,2026-05-13,Datadog Stock Is the Latest to Disprove SaaS - Apocalypse Panic . Why Wall Street Loves DDOG Here . ,https://finance.yahoo.com/markets/stocks/articles/datadog-stock-latest-disprove-saas-180409294.html,finance.yahoo.com,English,0.0,gdelt_gkg
DDOG,2026-05-13,Security Information and Event Management Market worth $13 . 67 billion by 2031,https://www.finanznachrichten.de/nachrichten-2026-05/68486676-security-information-and-event-management-market-worth-dollar-13-67-billion-by-2031-marketsandmarkets-008.htm,finanznachrichten.de,English,0.0,gdelt_gkg
DDOG,2026-05-13,"Analyst Price Target Changes for May 13th ( AAP , ACM , ACRE , ADC , ADI , AII , AIP , AIZ , ALB , ALH ) ",https://www.dailypolitical.com/2026/05/13/analysts-price-target-changes-for-may-13th-aap-acm-acre-adc-adi-aii-aip-aiz-alb-alh.html,dailypolitical.com,English,0.0,gdelt_gkg
DDOG,2026-05-13,Datadog ( DDOG ) – Research Analyst Weekly Ratings Changes,https://www.dailypolitical.com/2026/05/13/datadog-ddog-research-analysts-weekly-ratings-changes.html,dailypolitical.com,English,0.0,gdelt_gkg
DDOG,2026-05-13,Here is Why Hitek Global ( HKIT ) is One of the Worst Performing NASDAQ Stocks So Far in 2026,https://www.insidermonkey.com/blog/here-is-why-hitek-global-hkit-is-one-of-the-worst-performing-nasdaq-stocks-so-far-in-2026-1761350/,insidermonkey.com,English,0.0,gdelt_gkg
DDOG,2026-05-13,Security Information and Event Management Market worth $13 . 67 billion by 2031,https://www.prnewswire.com/news-releases/security-information-and-event-management-market-worth-13-67-billion-by-2031--marketsandmarkets-302770642.html,prnewswire.com,English,0.0,gdelt_gkg
DDOG,2026-05-14,Thomas Peer Solutions unveils data cloud platform and executive leadership forum for 2026,https://www.itnews.com.au/feature/thomas-peer-solutions-unveils-data-cloud-platform-and-executive-leadership-forum-for-2026-625523,itnews.com.au,English,0.0,gdelt_gkg
DDOG,2026-05-14,Stocks Settle Mixed on Tech Weakness and Inflation Pressures,https://finance.yahoo.com/news/stocks-settle-mixed-tech-weakness-203744658.html,finance.yahoo.com,English,0.0,gdelt_gkg
DDOG,2026-05-14,"Datadog , Inc . $DDOG Position Raised by Swiss Life Asset Management Ltd",https://www.dailypolitical.com/2026/05/14/datadog-inc-ddog-position-raised-by-swiss-life-asset-management-ltd.html,dailypolitical.com,English,0.0,gdelt_gkg
DDOG,2026-05-14,"Yanbing Li Sells 19 , 834 Shares of Datadog ( NASDAQ : DDOG ) Stock",https://www.dailypolitical.com/2026/05/14/yanbing-li-sells-19834-shares-of-datadog-nasdaqddog-stock.html,dailypolitical.com,English,0.0,gdelt_gkg
DDOG,2026-05-14,"Remote Modern Payroll Platform Surpasses 300 % Growth , Fueling Ambitious Next Chapter as the Leading Global Employment Infrastructure",https://www.prnewswire.com/news-releases/remotes-modern-payroll-platform-surpasses-300-growth-fueling-ambitious-next-chapter-as-the-leading-global-employment-infrastructure-302771891.html,prnewswire.com,English,0.0,gdelt_gkg
DDOG,2026-05-16,"DNB Asset Management AS Reduces Stock Position in Datadog , Inc . $DDOG",https://www.dailypolitical.com/2026/05/16/dnb-asset-management-as-reduces-stock-position-in-datadog-inc-ddog.html,dailypolitical.com,English,0.0,gdelt_gkg
DDOG,2026-05-16,"Investment Analyst Upgrades for May 16th ( ABEO , ABUS , ACET , ACM , ACRS , ACXP , AIFF , AIN , ALCO , ALLT ) ",https://www.dailypolitical.com/2026/05/16/investment-analysts-upgrades-for-may-16th-abeo-abus-acet-acm-acrs-acxp-aiff-ain-alco-allt.html,dailypolitical.com,English,0.0,gdelt_gkg
DDOG,2026-05-16,"Elon Musk , Chip Giant ? | The Motley Fool",https://www.fool.com/investing/2026/05/16/elon-musk-chip-giant/?source=iedfolrf0000001,fool.com,English,0.0,gdelt_gkg
DDOG,2026-05-17,The Top 5 Analyst Questions From Datadog Q1 Earnings Call,https://finance.yahoo.com/markets/stocks/articles/top-5-analyst-questions-datadog-161255563.html,finance.yahoo.com,English,0.0,gdelt_gkg
DDOG,2026-05-18,The Seed 40 : the Best Women Early - Stage Investors of 2026,https://www.businessinsider.com/seed-40-best-women-early-stage-vc-investors-2026-5,businessinsider.com,English,0.0,gdelt_gkg
DDOG,2026-05-18,The AI boom is pulling Europe hottest startups to the U . S . whether they planned to move or not,https://fortune.com/2026/05/18/ai-boom-creandum-lovable-klarna-startups-trump-carl-fritjofsson-europe/,fortune.com,English,0.0,gdelt_gkg
DDOG,2026-05-18,Dust raises $40M to make AI multiplayer inside the enterprise,https://www.manilatimes.net/2026/05/18/tmt-newswire/globenewswire/dust-raises-40m-to-make-ai-multiplayer-inside-the-enterprise/2346356,manilatimes.net,English,0.0,gdelt_gkg
DDOG,2026-05-18,Multiplayer AI startup Dust raises $40M to help enterprises move beyond isolated AI assistants,https://siliconangle.com/2026/05/18/multiplayer-ai-startup-dust-swipes-40m-funding-help-enterprises-move-beyond-isolated-ai-assistants/,siliconangle.com,English,0.0,gdelt_gkg
DDOG,2026-05-19,5 Best Cloud Stocks to Buy as Azure Growth Hits 40 % ,https://www.insidermonkey.com/blog/5-best-cloud-stocks-to-buy-as-azure-growth-hits-40-1764520/,insidermonkey.com,English,0.0,gdelt_gkg
DDOG,2026-05-20,Durantic launches as the operating layer for fragmented AI infrastructure,https://www.manilatimes.net/2026/05/20/tmt-newswire/globenewswire/durantic-launches-as-the-operating-layer-for-fragmented-ai-infrastructure/2347741,manilatimes.net,English,0.0,gdelt_gkg
DDOG,2026-05-20,Copy Fail : From Pod to Host . ,https://xint.io/blog/copy-fail-pod-to-host,xint.io,English,0.0,gdelt_gkg
DDOG,2026-05-21,Stocks Climb on Lower Bond Yields and Chipmaker Strength,https://finance.yahoo.com/markets/stocks/articles/stocks-climb-lower-bond-yields-141430888.html,finance.yahoo.com,English,0.0,gdelt_gkg
DDOG,2026-05-22,"FinancialContent - Braze , GitLab , and Manhattan Associates Shares Are Soaring , What You Need To Know",https://markets.financialcontent.com/stocks/article/stockstory-2026-5-22-braze-gitlab-and-manhattan-associates-shares-are-soaring-what-you-need-to-know,markets.financialcontent.com,English,0.0,gdelt_gkg
DDOG,2026-05-22,"Datadog CEO Touts AI , Cloud Migration as Revenue Growth Accelerates",https://finance.yahoo.com/sectors/technology/articles/datadog-ceo-touts-ai-cloud-231018923.html,finance.yahoo.com,English,0.0,gdelt_gkg
DDOG,2026-05-22,"FinancialContent - Atlassian , Dynatrace , and Nutanix Shares Skyrocket , What You Need To Know",https://markets.financialcontent.com/stocks/article/stockstory-2026-5-22-atlassian-dynatrace-and-nutanix-shares-skyrocket-what-you-need-to-know,markets.financialcontent.com,English,0.0,gdelt_gkg
DDOG,2026-05-22,"FinancialContent - JFrog ( FROG ) Stock Is Up , What You Need To Know",https://markets.financialcontent.com/stocks/article/stockstory-2026-5-22-jfrog-frog-stock-is-up-what-you-need-to-know,markets.financialcontent.com,English,0.0,gdelt_gkg
DDOG,2026-05-22,"FinancialContent - Domo and monday . com Stocks Trade Up , What You Need To Know",https://markets.financialcontent.com/stocks/article/stockstory-2026-5-22-domo-and-mondaycom-stocks-trade-up-what-you-need-to-know,markets.financialcontent.com,English,0.0,gdelt_gkg
DDOG,2026-05-22,FinancialContent - Why The Trade Desk ( TTD ) Stock Is Up Today,https://markets.financialcontent.com/stocks/article/stockstory-2026-5-22-why-the-trade-desk-ttd-stock-is-up-today,markets.financialcontent.com,English,0.0,gdelt_gkg
DDOG,2026-05-22,"Datadog , SK Hynix added to AI 30 List as Wedbush sees  third inning  of AI revolution",https://www.proactiveinvestors.com/companies/news/1092796/datadog-sk-hynix-added-to-ai-30-list-as-wedbush-sees-third-inning-of-ai-revolution-1092796.html,proactiveinvestors.com,English,0.0,gdelt_gkg
DDOG,2026-05-22,Cybersecurity stocks are hitting records again as chips play catch - up : Chart of the Day,https://finance.yahoo.com/markets/article/cybersecurity-stocks-are-hitting-records-again-as-chips-play-catch-up-chart-of-the-day-130252672.html,finance.yahoo.com,English,0.0,gdelt_gkg
DDOG,2026-05-22,"Datadog CEO Touts AI , Cloud Migration as Revenue Growth Accelerates",https://www.dailypolitical.com/2026/05/22/datadog-ceo-touts-ai-cloud-migration-as-revenue-growth-accelerates.html,dailypolitical.com,English,0.0,gdelt_gkg
DDOG,2026-05-23,Datadog ( NASDAQ : DDOG ) Attracts Attention as Observability Platforms Benefit From AI Workloads,https://www.foreignpolicyjournal.com/2026/05/22/datadog-nasdaq-ddog-attracts-attention-as-observability-platforms-benefit-from-ai-workloads/,foreignpolicyjournal.com,English,0.0,gdelt_gkg
DDOG,2026-05-23,How AI stacks are rewriting the rules of business,https://siliconangle.com/2026/05/23/ai-stacks-rewriting-rules-business/,siliconangle.com,English,0.0,gdelt_gkg
DDOG,2026-05-25,Boston Tech Week 2026 Opens Tomorrow : a16z Brings 572 Events to Kendall Square,https://www.ibtimes.com/boston-tech-week-2026-opens-tomorrow-a16z-brings-572-events-kendall-square-3803298,ibtimes.com,English,0.0,gdelt_gkg
DDOG,2026-05-26,FinancialContent - Nutanix Earnings : What To Look For From NTNX,https://markets.financialcontent.com/stocks/article/stockstory-2026-5-26-nutanix-earnings-what-to-look-for-from-ntnx,markets.financialcontent.com,English,0.0,gdelt_gkg
DDOG,2026-05-27,Pump . co Expands Free Cloud Savings Platform Into AI Cost Optimization as Companies Face Rising Infrastructure Bills,http://www.prnewswire.com/news-releases/pumpco-expands-free-cloud-savings-platform-into-ai-cost-optimization-as-companies-face-rising-infrastructure-bills-302783616.html,prnewswire.com,English,0.0,gdelt_gkg
DDOG,2026-05-27,Pump . co Expands Free Cloud Savings Platform Into AI Cost Optimization as Companies Face Rising Infrastructure Bills,https://www.finanznachrichten.de/nachrichten-2026-05/68610598-pump-co-expands-free-cloud-savings-platform-into-ai-cost-optimization-as-companies-face-rising-infrastructure-bills-008.htm,finanznachrichten.de,English,0.0,gdelt_gkg
DDOG,2026-05-27,Why Wedbush Is Pounding the Table on Datadog Stock Here,https://finance.yahoo.com/markets/stocks/articles/why-wedbush-pounding-table-datadog-161445794.html,finance.yahoo.com,English,0.0,gdelt_gkg
DDOG,2026-05-27,"Let Talk : Is my customer data secure in the cloud , and how can I be sure ? ",https://dynamicbusiness.com/leadership-2/lets-talk-business/lets-talk-is-my-customer-data-secure-in-the-cloud-and-how-can-i-be-sure.html,dynamicbusiness.com,English,0.0,gdelt_gkg
DDOG,2026-05-27,Beyond the Prompt : Claude Code,https://arps18.github.io/posts/claude-code-mastery/,arps18.github.io,English,0.0,gdelt_gkg
DDOG,2026-05-27,FinOps X will showcase the future of enterprise decision - making,https://siliconangle.com/2026/05/26/thecube-finops-showcase-finopsx/,siliconangle.com,English,0.0,gdelt_gkg
DDOG,2026-05-28,"Stocks making the biggest moves premarket : SNOW , KSS , DLTR",https://www.cnbc.com/2026/05/28/stocks-making-the-biggest-moves-premarket-snow-kss-dltr.html,cnbc.com,English,0.0,gdelt_gkg
DDOG,2026-05-28,Datadog for Government Achieves FedRAMP High Status,https://www.executivebiz.com/articles/datadog-government-fedramp-high-carahsoft,executivebiz.com,English,0.0,gdelt_gkg
DDOG,2026-05-28,S & P 500 and Nasdaq hit record closing highs as US and Iran agree to extend ceasefire,https://www.businesstimes.com.sg/companies-markets/capital-markets-currencies/sp-500-and-nasdaq-hit-record-closing-highs-us-and-iran-agree-extend-ceasefire,businesstimes.com.sg,English,0.0,gdelt_gkg
DDOG,2026-05-28,"FinancialContent - Dynatrace , Paycom , and Zeta Global Shares Skyrocket , What You Need To Know",https://markets.financialcontent.com/stocks/article/stockstory-2026-5-28-dynatrace-paycom-and-zeta-global-shares-skyrocket-what-you-need-to-know,markets.financialcontent.com,English,0.0,gdelt_gkg
DDOG,2026-05-28,"FinancialContent - Domo , GitLab , and Tenable Stocks Trade Up , What You Need To Know",https://markets.financialcontent.com/stocks/article/stockstory-2026-5-28-domo-gitlab-and-tenable-stocks-trade-up-what-you-need-to-know,markets.financialcontent.com,English,0.0,gdelt_gkg
DDOG,2026-05-28,FinancialContent - Why Datadog ( DDOG ) Stock Is Up Today,https://markets.financialcontent.com/stocks/article/stockstory-2026-5-28-why-datadog-ddog-stock-is-up-today,markets.financialcontent.com,English,0.0,gdelt_gkg
DDOG,2026-05-28,"Stock Analyst Price Target Changes for May 28th ( A , AFRM , ANF , APH , BBIO , BBWI , BNS , CARR , CF , COIN ) ",https://www.dailypolitical.com/2026/05/28/stock-analysts-price-target-changes-for-may-28th-a-afrm-anf-aph-bbio-bbwi-bns-carr-cf-coin.html,dailypolitical.com,English,0.0,gdelt_gkg
DDOG,2026-05-28,Snowflake AI Data Cloud jumps after AWS deal,https://www.bnnbloomberg.ca/business/company-news/2026/05/28/snowflake-jumps-as-aws-deal-upbeat-forecast-lift-lagging-sentiment/,bnnbloomberg.ca,English,0.0,gdelt_gkg
DDOG,2026-05-28,"Let Talk : Is my customer data secure in the cloud , and how can I be sure ? ",https://dynamicbusiness.com/featured/lets-talk-is-my-customer-data-secure-in-the-cloud-and-how-can-i-be-sure.html,dynamicbusiness.com,English,0.0,gdelt_gkg
DDOG,2026-05-28,This AI Stock Is Crushing Microsoft And Adobe In 2026 JPMorgan Still Sees 43 % Upside - Datadog ( NASDAQ : ,https://www.benzinga.com/markets/tech/26/05/52835300/ai-stock-is-crushing-microsoft-adobe-in-2026-jpmorgan-sees-43-upside,benzinga.com,English,0.0,gdelt_gkg
DDOG,2026-05-29,"FinancialContent - JFrog , Wix , and Samsara Shares Skyrocket , What You Need To Know",https://markets.financialcontent.com/stocks/article/stockstory-2026-5-29-jfrog-wix-and-samsara-shares-skyrocket-what-you-need-to-know,markets.financialcontent.com,English,0.0,gdelt_gkg
DDOG,2026-05-29,"Stock Market Today , May 29 : Markets Extend Gains as Dell Soars 33 % ",https://finance.yahoo.com/markets/stocks/articles/stock-market-today-may-29-213816605.html,finance.yahoo.com,English,0.0,gdelt_gkg
DDOG,2026-05-29,"Stock Market Today , May 29 : Markets Extend Gains as Dell Soars 33 % ",https://www.fool.com/coverage/stock-market-today/2026/05/29/stock-market-today-may-29-markets-extend-gains-as-dell-soars-33/?source=iedfolrf0000001,fool.com,English,0.0,gdelt_gkg
DDOG,2026-05-30,Morgan Stanley resets MongoDB stock price target after earnings,https://finance.yahoo.com/markets/stocks/articles/morgan-stanley-resets-mongodb-stock-000300777.html,finance.yahoo.com,English,0.0,gdelt_gkg
DDOG,2026-05-30,"Datadog ( DDOG ) Shares Skyrocket , What You Need To Know",https://finance.yahoo.com/markets/stocks/articles/datadog-ddog-shares-skyrocket-know-235238172.html,finance.yahoo.com,English,0.0,gdelt_gkg
DDOG,2026-05-30,Claude Enterprise Security Integrations : 28 Vendors Now Route AI Activity Into Existing SIEM and DLP Tools,http://www.techtimes.com/articles/317272/20260527/claude-enterprise-security-integrations-28-vendors-now-route-ai-activity-existing-siem-dlp-tools.htm,techtimes.com,English,0.0,gdelt_gkg
DDOG,2026-05-30,10 Best SaaS Stocks to Buy According to Hedge Funds,https://www.insidermonkey.com/blog/10-best-saas-stocks-to-buy-according-to-hedge-funds-1770982/,insidermonkey.com,English,0.0,gdelt_gkg
DDOG,2026-05-31,Personal agents light the fuse as Snowflake and Databricks move up the AI stack,https://siliconangle.com/2026/05/30/personal-agents-light-fuse-snowflake-databricks-move-ai-stack/,siliconangle.com,English,0.0,gdelt_gkg
DDOG,2026-05-31,Infrastructure Stocks To Follow Now – May 30th,https://www.tickerreport.com/banking-finance/13459625/infrastructure-stocks-to-follow-now-may-30th.html,tickerreport.com,English,0.0,gdelt_gkg
DDOG,2026-05-31,Software Was the Market Big Laggard This Year . Snowflake Blowout Might Be the Spark That Changes That . ,https://finance.yahoo.com/markets/stocks/articles/software-markets-big-laggard-snowflakes-203100432.html,finance.yahoo.com,English,0.0,gdelt_gkg
DDOG,2026-05-31,Software Was the Market Big Laggard This Year . Snowflake Blowout Might Be the Spark That Changes That . ,https://www.fool.com/investing/2026/05/31/software-was-the-markets-big-laggard-this-year-sno/?source=iedfolrf0000001,fool.com,English,0.0,gdelt_gkg
DDOG,2026-06-01,"Datadog , Inc . $DDOG Shares Bought by Forsta AP Fonden",https://www.tickerreport.com/banking-finance/13459819/datadog-inc-ddog-shares-bought-by-forsta-ap-fonden.html,tickerreport.com,English,0.0,gdelt_gkg
