ticker,date,title,url,domain,language,tone,source
PYPL,2022-02-28,Probleme bei der Zahlung : Wann ein Schlichter weiterhilft,https://www.abendblatt.de/wirtschaft/finanzen/article234692589/Probleme-bei-der-Zahlung-Wann-ein-Schlichter-weiterhilft.html,abendblatt.de,German,0.0,gdelt_gkg
PYPL,2022-02-28,Here a look at the latest actions by European countries against Russia,https://www.cnn.com/europe/live-news/ukraine-russia-news-02-28-22/h_771731f1d329bfb7b0d173dc4c45c891,cnn.com,English,0.0,gdelt_gkg
PYPL,2022-02-28,5 Best Crypto Exchanges for 2022,https://wacotrib.com/business/investment/personal-finance/5-best-crypto-exchanges-for-2022/article_d661b8ed-e47b-5755-b67a-a709e1ba7e4b.html,wacotrib.com,English,0.0,gdelt_gkg
PYPL,2022-02-28,"Here What Vaccine Scams Look Like , Beware All The Time",https://menafn.com/1103778257/Heres-What-Vaccine-Scams-Look-Like-Beware-All-The-Time&source=27,menafn.com,English,0.0,gdelt_gkg
PYPL,2022-02-28,PayPal Stock Is Ready For Bargain Hunters,https://menafn.com/1103778259/PayPal-Stock-Is-Ready-For-Bargain-Hunters&source=22,menafn.com,English,0.0,gdelt_gkg
PYPL,2022-02-28,Government Authority to Regulate Climate Pollution Is Critical to Our Ability to Build a Thriving Clean Energy Economy,http://www.justmeans.com/press-release/government-authority-to-regulate-climate-pollution-is-critical-to-our-ability-to-build,justmeans.com,English,0.0,gdelt_gkg
PYPL,2022-02-28,How to Check if Someone Paid You in PayPal,https://www.alphr.com/check-paid-paypal/,alphr.com,English,0.0,gdelt_gkg
PYPL,2022-02-28,Probleme bei der Zahlung : Wann ein Schlichter weiterhilft,https://www.allgemeine-zeitung.de/wirtschaft/geld-und-recht/probleme-bei-der-zahlung-wann-ein-schlichter-weiterhilft_25403423,allgemeine-zeitung.de,German,0.0,gdelt_gkg
PYPL,2022-02-28,Meals on Wheels celebrating 50 years in March,https://www.reformer.com/community-news/meals-on-wheels-celebrating-50-years-in-march/article_9917f75c-9388-11ec-8cb8-e7aab1227488.html,reformer.com,English,0.0,gdelt_gkg
PYPL,2022-02-28,"Buy now , pay later users are unaware of payment option consequences , Barclays study claims",https://www.q13fox.com/money/buy-now-pay-later-consequences,q13fox.com,English,0.0,gdelt_gkg
PYPL,2022-02-28,Ukraine help : What can people in the united kingdom do ? ,https://www.bbc.co.uk/news/uk-60562260,bbc.co.uk,English,0.0,gdelt_gkg
PYPL,2022-02-28,Ukraine charity scammers exploiting crisis how to avoid being robbed,https://www.tomsguide.com/news/ukraine-charity-scams,tomsguide.com,English,0.0,gdelt_gkg
PYPL,2022-02-28,5 Best Crypto Exchanges for 2022,https://omaha.com/business/investment/personal-finance/5-best-crypto-exchanges-for-2022/article_bf005dee-b379-5179-90e1-35f48ab4aa85.html,omaha.com,English,0.0,gdelt_gkg
PYPL,2022-02-28,"Here What Vaccine Scams Look Like , Beware All The Time",https://menafn.com/1103778257/Heres-What-Vaccine-Scams-Look-Like-Beware-All-The-Time&source=22,menafn.com,English,0.0,gdelt_gkg
PYPL,2022-02-28,Станции Starlink Илона Маска уже прибыли в Украину – кто может их использовать – фото,https://news.obozrevatel.com/society/stantsii-starlink-ilona-maska-uzhe-pribyili-v-ukrainu-foto.htm,news.obozrevatel.com,Russian,0.0,gdelt_gkg
PYPL,2022-02-28,Funky Taurus Media - Music Photo Agency & Products,https://www.funkytaurusmedia.com/shop_content.php?coID=3&XTCsid=f459t5r37pggokhl0sjriil6t2,funkytaurusmedia.com,English,0.0,gdelt_gkg
PYPL,2022-02-28,Funky Taurus Media - Music Photo Agency & Products,https://www.funkytaurusmedia.com/shop_content.php?coID=2&XTCsid=f459t5r37pggokhl0sjriil6t2,funkytaurusmedia.com,German,0.0,gdelt_gkg
PYPL,2022-02-28,What Are The Pros And Cons Of Investing In Chinese Stocks ? ,https://seekingalpha.com/article/4491358-pros-cons-investing-in-chinese-stocks,seekingalpha.com,English,0.0,gdelt_gkg
PYPL,2022-02-28,Bank Account Deplatforming Is Cancel Culture New Weapon | The Heritage Foundation,https://www.heritage.org/progressivism/commentary/bank-account-deplatforming-cancel-cultures-new-weapon,heritage.org,English,0.0,gdelt_gkg
PYPL,2022-02-28,The dire predictions about a Russian cyber onslaught havent come true in Ukraine . At least not yet . ,https://www.msn.com/en-us/news/world/the-dire-predictions-about-a-russian-cyber-onslaught-haven-t-come-true-in-ukraine-at-least-not-yet/ar-AAUr25x,msn.com,English,0.0,gdelt_gkg
PYPL,2022-02-28,Katie Price strips completely naked and slips into bathtub to flog whipped soap to fans,https://www.dailystar.co.uk/showbiz/katie-price-strips-completely-naked-26352906,dailystar.co.uk,English,0.0,gdelt_gkg
PYPL,2022-02-28,"Residential neighborhood in Kharkiv hit by rocket attack , Ukrainian officials say",https://www.cnn.com/europe/live-news/ukraine-russia-news-02-28-22/h_30b8140c87cbac05e08493e26a66ede7,cnn.com,English,0.0,gdelt_gkg
PYPL,2022-02-28,"Here What Vaccine Scams Look Like , Beware All The Time",https://menafn.com/1103778257/Heres-What-Vaccine-Scams-Look-Like-Beware-All-The-Time&source=19,menafn.com,English,0.0,gdelt_gkg
PYPL,2022-02-28,  Russian Propaganda  claims is just the latest excuse to expand censorship -- Puppet Masters -- Sott . net,https://www.sott.net/article/464962-Russian-Propaganda-claims-is-just-the-latest-excuse-to-expand-censorship,sott.net,English,0.0,gdelt_gkg
PYPL,2022-02-28,Ukraine donations : Spotting scam accounts,https://www.whas11.com/article/news/verify/fact-sheets-verify/fact-sheet-6-ways-to-fact-check-social-media-account-requesting-ukraine-donations-is-scam/536-c98f84a3-ac47-4529-afb5-fd97e3e5e36c,whas11.com,English,0.0,gdelt_gkg
PYPL,2022-02-28,Ukraine donations : Spotting scam accounts,https://www.newswest9.com/article/news/verify/fact-sheets-verify/fact-sheet-6-ways-to-fact-check-social-media-account-requesting-ukraine-donations-is-scam/536-c98f84a3-ac47-4529-afb5-fd97e3e5e36c,newswest9.com,English,0.0,gdelt_gkg
PYPL,2022-02-28,Ukraine donations : Spotting scam accounts,https://www.12news.com/article/news/verify/fact-sheets-verify/fact-sheet-6-ways-to-fact-check-social-media-account-requesting-ukraine-donations-is-scam/536-c98f84a3-ac47-4529-afb5-fd97e3e5e36c,12news.com,English,0.0,gdelt_gkg
PYPL,2022-02-28,LeanData Closes Ninth - Consecutive Year of Record Growth,https://www.prnewswire.com:443/news-releases/leandata-closes-ninth-consecutive-year-of-record-growth-301492093.html,prnewswire.com,English,0.0,gdelt_gkg
PYPL,2022-02-28,Tidewater Ukrainian School working to help home country,https://www.wtkr.com/news/tidewater-ukrainian-school-working-to-help-home-country,wtkr.com,English,0.0,gdelt_gkg
PYPL,2022-02-28,The Smartest Ways for Newlyweds to Merge Credit Card Points Strategies,http://www.msn.com/en-us/lifestyle/other/the-smartest-ways-for-newlyweds-to-merge-credit-card-points-strategies/ar-AAUqJKq,msn.com,English,0.0,gdelt_gkg
PYPL,2022-02-28,Не надо снимать все деньги с банковских карт : экономист призвал не паниковать из - за санкций,https://www.pravda.ru/news/society/1686717-rossija_sankcii_banki/,pravda.ru,Russian,0.0,gdelt_gkg
PYPL,2022-02-28,Собянин открыл после реконструкции детскую поликлинику в Нагорном районе,https://aif.ru/moscow/sobyanin_otkryl_posle_rekonstrukcii_detskuyu_polikliniku_v_nagornom_rayone,aif.ru,Russian,0.0,gdelt_gkg
PYPL,2022-02-28,Nürnberg : Busunternehmen will Familien aus Ukraine retten - Unterstützung  überwältigend  ,https://www.infranken.de/lk/nuernberg/nuernberg-busunternehmen-will-familien-aus-ukraine-retten-unterstuetzung-ueberwaeltigend-art-5400860,infranken.de,German,0.0,gdelt_gkg
PYPL,2022-02-28,Probleme bei der Zahlung : Wann ein Schlichter weiterhilft,https://www.lampertheimer-zeitung.de/wirtschaft/geld-und-recht/probleme-bei-der-zahlung-wann-ein-schlichter-weiterhilft_25403423,lampertheimer-zeitung.de,German,0.0,gdelt_gkg
PYPL,2022-02-28,Probleme bei der Zahlung : Wann ein Schlichter weiterhilft,https://www.main-spitze.de/wirtschaft/geld-und-recht/probleme-bei-der-zahlung-wann-ein-schlichter-weiterhilft_25403423,main-spitze.de,German,0.0,gdelt_gkg
PYPL,2022-02-28,Хроника агонии путинской России,http://www.kasparov.ru/material.php?id=621CD4DD9CB52,kasparov.ru,Russian,0.0,gdelt_gkg
PYPL,2022-02-28,Probleme bei der Zahlung : Wann ein Schlichter weiterhilft,https://www.morgenpost.de/wirtschaft/steuern/article234692589/Probleme-bei-der-Zahlung-Wann-ein-Schlichter-weiterhilft.html,morgenpost.de,German,0.0,gdelt_gkg
PYPL,2022-02-28,Probleme bei der Zahlung : Wann ein Schlichter weiterhilft,https://www.buerstaedter-zeitung.de/wirtschaft/geld-und-recht/probleme-bei-der-zahlung-wann-ein-schlichter-weiterhilft_25403423,buerstaedter-zeitung.de,German,0.0,gdelt_gkg
PYPL,2022-02-28,"Ben Dunn Facebook Has Been Hacked , Sending Out Phishing Spam",https://bleedingcool.com/comics/ben-dunn-facebook-hacked/,bleedingcool.com,English,0.0,gdelt_gkg
PYPL,2022-02-28,"1 civilian dead and 31 wounded in latest shelling in Kharkiv , city council says",https://www.cnn.com/europe/live-news/ukraine-russia-news-02-28-22/h_b49e2a7d3134ac99510b03a142a571a1,cnn.com,English,0.0,gdelt_gkg
PYPL,2022-02-28,Probleme bei der Zahlung : Wann ein Schlichter weiterhilft,https://www.volksstimme.de/leben/finanzen/probleme-bei-der-zahlung-wann-ein-schlichter-weiterhilft-3343253,volksstimme.de,German,0.0,gdelt_gkg
PYPL,2022-02-28,FoodShare March Campaign kicks off in Minnesota,https://www.walkermn.com/free_press/foodshare-march-campaign-kicks-off-in-minnesota/article_fd27282e-989e-11ec-9127-8b23de55e2d7.html,walkermn.com,English,0.0,gdelt_gkg
PYPL,2022-02-28,Probleme bei der Zahlung : Wann ein Schlichter weiterhilft,https://www.lauterbacher-anzeiger.de/wirtschaft/geld-und-recht/probleme-bei-der-zahlung-wann-ein-schlichter-weiterhilft_25403423,lauterbacher-anzeiger.de,German,0.0,gdelt_gkg
PYPL,2022-02-28,5 Best Crypto Exchanges for 2022,https://www.kxly.com/i/5-best-crypto-exchanges-for-2022-2/,kxly.com,English,0.0,gdelt_gkg
PYPL,2022-02-28,Probleme bei der Zahlung : Wann ein Schlichter weiterhilft,https://www.mittelhessen.de/wirtschaft/geld-und-recht/probleme-bei-der-zahlung-wann-ein-schlichter-weiterhilft_25403423,mittelhessen.de,German,0.0,gdelt_gkg
PYPL,2022-02-28,Paypal : Turnaround stockt – auf diese Marke kommt es jetzt an,https://www.deraktionaer.de/artikel/aktien/paypal-turnaround-stockt-auf-diese-marke-kommt-es-jetzt-an-20246409.html,deraktionaer.de,German,0.0,gdelt_gkg
PYPL,2022-02-28,Probleme bei der Zahlung : Wann ein Schlichter weiterhilft,https://www.wiesbadener-kurier.de/wirtschaft/geld-und-recht/probleme-bei-der-zahlung-wann-ein-schlichter-weiterhilft_25403423,wiesbadener-kurier.de,German,0.0,gdelt_gkg
PYPL,2022-02-28,How to help Ukraine : Relief organizations seeking donations as Russian invasion worsens,https://www.phillyvoice.com/donate-to-ukraine-charities-relief/,phillyvoice.com,English,0.0,gdelt_gkg
PYPL,2022-02-28,5 Best Crypto Exchanges for 2022,https://magicvalley.com/business/investment/personal-finance/5-best-crypto-exchanges-for-2022/article_1b95e480-4405-50cd-a520-c45fafda50ee.html,magicvalley.com,English,0.0,gdelt_gkg
PYPL,2022-02-28,Probleme bei der Zahlung : Wann ein Schlichter weiterhilft,https://www.echo-online.de/wirtschaft/geld-und-recht/probleme-bei-der-zahlung-wann-ein-schlichter-weiterhilft_25403423,echo-online.de,German,0.0,gdelt_gkg
PYPL,2022-02-28,Comments on  Az Senate approves $150M in tax credits for film producers  ,https://www.tucsonsentinel.com/arts/comments/022822_az_film_tax_bill/,tucsonsentinel.com,English,0.0,gdelt_gkg
PYPL,2022-02-28,Tribunal de Cuentas urge al Congreso a regular las sanciones a partidos pequeños y los microcréditos,https://www.diariosigloxxi.com/texto-ep/mostrar/20220228200853/tribunal-cuentas-urge-congreso-regular-sanciones-partidos-pequenos-microcreditos,diariosigloxxi.com,Spanish,0.0,gdelt_gkg
PYPL,2022-02-28,2 : 00PM Water Cooler 2 / 28 / 2022 | naked capitalism,https://www.nakedcapitalism.com/2022/02/200pm-water-cooler-2-28-2022.html,nakedcapitalism.com,English,0.0,gdelt_gkg
PYPL,2022-02-28,UN secretary - general :  The fighting in Ukraine must stop  ,https://edition.cnn.com/europe/live-news/ukraine-russia-news-02-28-22/h_5a6b080a798e67dba5e746542cc8b4aa,edition.cnn.com,English,0.0,gdelt_gkg
PYPL,2022-02-28,"Buy now , pay later users are unaware of payment option consequences , Barclays study claims",https://www.fox6now.com/money/buy-now-pay-later-consequences,fox6now.com,English,0.0,gdelt_gkg
PYPL,2022-02-28,Best Online Slot Sites united kingdom – Some of the Top Choices,https://www.heraldscotland.com/news/19958293.best-online-slot-sites-uk/,heraldscotland.com,English,0.0,gdelt_gkg
PYPL,2022-02-28,Wallowa - area equestrian to participate in endurance race in Patagonia,https://www.bendbulletin.com/localstate/state/wallowa-area-equestrian-to-participate-in-endurance-race-in-patagonia/article_a85cb297-bf12-5739-a4ae-bdfacbcfcf05.html,bendbulletin.com,English,0.0,gdelt_gkg
PYPL,2022-02-28,Help support New Orleans buskers and street performers,https://www.nola.com/gambit/gambit/music/article_a8fd91a6-98b3-11ec-83f0-b7af73919b0f.html,nola.com,English,0.0,gdelt_gkg
PYPL,2022-03-01,"  Вот такая она , братская дружба : Зеленский обвинил Россию в военном преступлении K - News",https://knews.kg/2022/03/01/vot-takaya-ona-bratskaya-druzhba-zelenskij-obvinil-rossiyu-v-voennom-prestuplenii/,knews.kg,Russian,0.0,gdelt_gkg
PYPL,2022-03-01,Glenn Beck : These 3 ingredients for a social credit system are ALREADY HERE,https://www.theblaze.com/shows/the-glenn-beck-program/glenn-beck-social-credit-system,theblaze.com,English,0.0,gdelt_gkg
PYPL,2022-03-01,Funky Taurus Media - Music Photo Agency & Products,https://www.funkytaurusmedia.com/shop_content.php?coID=2&XTCsid=dq31ohibok59lmdfses5dk0163,funkytaurusmedia.com,English,0.0,gdelt_gkg
PYPL,2022-03-01,"How Wisconsinites can help Ukrainian people , Ukraine hospitals in need",https://www.jsonline.com/story/news/local/wisconsin/2022/02/28/how-wisconsinites-can-help-ukrainian-people-ukraine-hospitals-need-donate-donations-charity/6966679001/,jsonline.com,English,0.0,gdelt_gkg
PYPL,2022-03-01,Funky Taurus Media - Music Photo Agency & Products,https://www.funkytaurusmedia.com/shop_content.php?coID=3&XTCsid=dq31ohibok59lmdfses5dk0163,funkytaurusmedia.com,English,0.0,gdelt_gkg
PYPL,2022-03-01,"Prayers , relief aid for people of Ukraine",https://www.qchron.com/editions/central/prayers-relief-aid-for-people-of-ukraine/article_200b75c8-98dd-11ec-9b3e-9ff55f71f88f.html,qchron.com,English,0.0,gdelt_gkg
PYPL,2022-03-01,Funky Taurus Media - Music Photo Agency & Products,https://www.funkytaurusmedia.com/shop_content.php?coID=2&XTCsid=ls0c0c472nb2jk48lamr9m01o3,funkytaurusmedia.com,English,0.0,gdelt_gkg
PYPL,2022-03-01," [ 단독 ]  러  루블화 폭락   스위프트 배제 , 현지 북한 업체들 타격  ",https://www.voakorea.com/a/6463679.html,voakorea.com,Korean,0.0,gdelt_gkg
PYPL,2022-03-01,"Banks arent getting worse , fintech fraudsters are just getting better",https://www.smartcompany.com.au/finance/fraud/fintech-fraud-pandemic/,smartcompany.com.au,English,0.0,gdelt_gkg
PYPL,2022-03-01,Zip buying Sezzle s pressures on BNPL fintechs mount,https://www.americanbanker.com/news/zip-buying-sezzle-s-pressures-on-bnpl-fintechs-mount,americanbanker.com,English,0.0,gdelt_gkg
PYPL,2022-03-01,Funky Taurus Media - Music Photo Agency & Products,https://www.funkytaurusmedia.com/shop_content.php?coID=3&XTCsid=ls0c0c472nb2jk48lamr9m01o3,funkytaurusmedia.com,German,0.0,gdelt_gkg
PYPL,2022-03-01,Ukraine donations : Spotting scam accounts,https://www.king5.com/article/news/verify/fact-sheets-verify/fact-sheet-6-ways-to-fact-check-social-media-account-requesting-ukraine-donations-is-scam/536-c98f84a3-ac47-4529-afb5-fd97e3e5e36c,king5.com,English,0.0,gdelt_gkg
PYPL,2022-03-01,Threads that are steel and epoxy | Model Engineer,https://www.model-engineer.co.uk/forums/postings.asp?th=177220&p=1,model-engineer.co.uk,English,0.0,gdelt_gkg
PYPL,2022-03-01,Apps to help you save money at gas pumps and grocery stores,https://www.koaa.com/news/news5-investigates/apps-to-help-you-save-money-at-gas-pumps-and-grocery-stores,koaa.com,English,0.0,gdelt_gkg
PYPL,2022-03-01,Pentagon wants Moscow back channels to prevent nuclear escalation – Veterans Today | Military Foreign Affairs Policy Journal for Clandestine Services,https://www.veteranstoday.com/2022/02/28/pentagon-wants-moscow-back-channels-to-prevent-nuclear-escalation/,veteranstoday.com,English,0.0,gdelt_gkg
PYPL,2022-03-01,Funky Taurus Media - Music Photo Agency & Products,https://www.funkytaurusmedia.com/shop_content.php?coID=3&XTCsid=c8nob8o48kof1m377um5akln81,funkytaurusmedia.com,English,0.0,gdelt_gkg
PYPL,2022-03-01,Funky Taurus Media - Music Photo Agency & Products,https://www.funkytaurusmedia.com/shop_content.php?coID=2&XTCsid=4579f3thmpc87ne9g7qh02vmv6,funkytaurusmedia.com,English,0.0,gdelt_gkg
PYPL,2022-03-01,Latest Articles,https://freerepublic.com/tag/*/index?more=4042519,freerepublic.com,English,0.0,gdelt_gkg
PYPL,2022-03-01,Republicans challenged by their White Supremacy wing that Trump supported – Veterans Today | Military Foreign Affairs Policy Journal for Clandestine Services,https://www.veteranstoday.com/2022/02/28/republicans-challenged-by-their-white-supremacy-wing-that-trump-supported/,veteranstoday.com,English,0.0,gdelt_gkg
PYPL,2022-03-01,  우크라 돕자  비트코인 기부행렬 … 국내서도 동참 - 국민일보,http://news.kmib.co.kr/article/view.asp?arcid=0016821495&code=61131111&sid1=int,news.kmib.co.kr,Korean,0.0,gdelt_gkg
PYPL,2022-03-01,Latest Articles,https://freerepublic.com/tag/*/index?more=4042524,freerepublic.com,English,0.0,gdelt_gkg
PYPL,2022-03-01,Funky Taurus Media - Music Photo Agency & Products,https://www.funkytaurusmedia.com/shop_content.php?coID=3&XTCsid=hdmkkn7l4g770jtd4t1ojtm2m2,funkytaurusmedia.com,German,0.0,gdelt_gkg
PYPL,2022-03-01,Funky Taurus Media - Music Photo Agency & Products,https://www.funkytaurusmedia.com/shop_content.php?coID=2&XTCsid=hdmkkn7l4g770jtd4t1ojtm2m2,funkytaurusmedia.com,English,0.0,gdelt_gkg
PYPL,2022-03-01,Funky Taurus Media - Music Photo Agency & Products,https://www.funkytaurusmedia.com/shop_content.php?coID=2&XTCsid=dpcijk4eptq64mrng351ijt2m0,funkytaurusmedia.com,German,0.0,gdelt_gkg
PYPL,2022-03-01,Egpyt Wasla raises $9 million from Contact Financial Holding,https://www.fibre2fashion.com/news/e-commerce-industry/egpyt-s-wasla-raises-9-million-from-contact-financial-holding-279210-newsdetails.htm,fibre2fashion.com,English,0.0,gdelt_gkg
PYPL,2022-03-01,Funky Taurus Media - Music Photo Agency & Products,https://www.funkytaurusmedia.com/shop_content.php?coID=3&XTCsid=pss5581b5o40f084epugtpvht5,funkytaurusmedia.com,German,0.0,gdelt_gkg
PYPL,2022-03-01,Funky Taurus Media - Music Photo Agency & Products,https://www.funkytaurusmedia.com/shop_content.php?coID=2&XTCsid=pss5581b5o40f084epugtpvht5,funkytaurusmedia.com,English,0.0,gdelt_gkg
PYPL,2022-03-01,Comments on  Comic : Hellertoon : The flowering of Ukraine national power  ,https://www.tucsonsentinel.com/opinion/comments/022822_ukraine_flower_hellertoon/,tucsonsentinel.com,English,0.0,gdelt_gkg
PYPL,2022-03-01,Comments on  Az Wendy Rogers said white nationalists are  patriot & called for hanging political enemies  ,https://www.tucsonsentinel.com/local/comments/022822_rogers_white_nationalism/,tucsonsentinel.com,English,0.0,gdelt_gkg
PYPL,2022-03-01,What the Tech ? Help for Ukraine,https://www.wfmz.com/features/what-the-tech/what-the-tech-help-for-ukraine/article_5ecd87b2-98cc-11ec-9eac-276deb7546a7.html,wfmz.com,English,0.0,gdelt_gkg
PYPL,2022-03-01,Funky Taurus Media - Music Photo Agency & Products,https://www.funkytaurusmedia.com/shop_content.php?coID=3&XTCsid=4579f3thmpc87ne9g7qh02vmv6,funkytaurusmedia.com,English,0.0,gdelt_gkg
PYPL,2022-03-01,Keto Burn DX Reviews united kingdom Know The Reason Why This Keto DX Regimen Trending In United Kingdom,https://www.hometownstation.com/news-articles/keto-burn-dx-reviews-uk-know-the-reason-why-this-keto-dx-regimen-trending-in-united-kingdom-407616,hometownstation.com,English,0.0,gdelt_gkg
PYPL,2022-03-01,Ukraine donations : Spotting scam accounts,https://www.wtol.com/article/news/verify/fact-sheets-verify/fact-sheet-6-ways-to-fact-check-social-media-account-requesting-ukraine-donations-is-scam/536-c98f84a3-ac47-4529-afb5-fd97e3e5e36c,wtol.com,English,0.0,gdelt_gkg
PYPL,2022-03-01,7 best chatbot software by MyIP,https://menafn.com/1103777671/7-best-chatbot-software-by-MyIP&source=29,menafn.com,English,0.0,gdelt_gkg
PYPL,2022-03-01,Ukraine donations : Spotting scam accounts,https://www.cbs8.com/article/news/verify/fact-sheets-verify/fact-sheet-6-ways-to-fact-check-social-media-account-requesting-ukraine-donations-is-scam/536-c98f84a3-ac47-4529-afb5-fd97e3e5e36c,cbs8.com,English,0.0,gdelt_gkg
PYPL,2022-03-01,"Reutlingen bereitet sich auf Flüchtlinge vor , Verein sammelt Hilfsmittel - Reutlingen - Reutlinger General - Anzeiger","https://www.gea.de/reutlingen_artikel,-reutlingen-bereitet-sich-auf-fl%C3%BCchtlinge-vor-verein-sammelt-hilfsmittel-_arid,6575491.html",gea.de,German,0.0,gdelt_gkg
PYPL,2022-03-01,Abwasser als Covid - Frühwarnsystem in Tübingen - Coronavirus Reutlingen und Region,"https://www.gea.de/dossiers/coronavirus_artikel,-abwasser-als-covid-fr%C3%BChwarnsystem-in-t%C3%BCbingen-_arid,6575074.html",gea.de,German,0.0,gdelt_gkg
PYPL,2022-03-01,Schlachthof im Metzinger Gewerbegebiet » Im Wasser « vorstellbar - Neckar + Erms - Reutlinger General - Anzeiger,"https://www.gea.de/neckar-alb/neckar-erms_artikel,-schlachthof-im-metzinger-gewerbegebiet-im-wasser-vorstellbar-_arid,6575059.html",gea.de,German,0.0,gdelt_gkg
PYPL,2022-03-01,Funky Taurus Media - Music Photo Agency & Products,https://www.funkytaurusmedia.com/shop_content.php?coID=2&XTCsid=c8nob8o48kof1m377um5akln81,funkytaurusmedia.com,English,0.0,gdelt_gkg
PYPL,2022-03-01,Ukraine donations : Spotting scam accounts,https://www.wwltv.com/article/news/verify/fact-sheets-verify/fact-sheet-6-ways-to-fact-check-social-media-account-requesting-ukraine-donations-is-scam/536-c98f84a3-ac47-4529-afb5-fd97e3e5e36c,wwltv.com,English,0.0,gdelt_gkg
PYPL,2022-03-01,Comments on  A new Cold War emerging as Russia launches full - scale invasion of Ukraine  ,https://www.tucsonsentinel.com/opinion/comments/022822_europe_cold_war_op/,tucsonsentinel.com,English,0.0,gdelt_gkg
PYPL,2022-03-01,Ukraine donations : Spotting scam accounts,https://www.thv11.com/article/news/verify/fact-sheets-verify/fact-sheet-6-ways-to-fact-check-social-media-account-requesting-ukraine-donations-is-scam/536-c98f84a3-ac47-4529-afb5-fd97e3e5e36c,thv11.com,English,0.0,gdelt_gkg
PYPL,2022-03-01,Comments on  Juvenile offenders given a leg up by bipartisan - approved Arizona House measure  ,https://www.tucsonsentinel.com/local/comments/022822_juvenile_offenders_bill/,tucsonsentinel.com,English,0.0,gdelt_gkg
PYPL,2022-03-01,"Comments on  $22 million added to Tucson , Pima County rental assistance program  ",https://www.tucsonsentinel.com/local/comments/022822_pima_rental_assistance/,tucsonsentinel.com,English,0.0,gdelt_gkg
PYPL,2022-03-01,"Russia , Ukraine cyberwar hasnt unfolded as expected",https://www.washingtonpost.com/technology/2022/02/28/internet-war-cyber-russia-ukraine/,washingtonpost.com,English,0.0,gdelt_gkg
PYPL,2022-03-01,"Comments on  CDC unveils new mask guidelines , easing pandemic restrictions  ",https://www.tucsonsentinel.com/nationworld/comments/022822_cdc_mask_guidelines/,tucsonsentinel.com,English,0.0,gdelt_gkg
PYPL,2022-03-01,"Comments on  Arizona ports of entry get at least $315 million for upgrades , expansion  ",https://www.tucsonsentinel.com/local/comments/022822_port_upgrades/,tucsonsentinel.com,English,0.0,gdelt_gkg
PYPL,2022-03-01,Comments on  Here what you will hear Biden talk about in his debut State of the Union  ,https://www.tucsonsentinel.com/nationworld/comments/022822_biden_state_of_union/,tucsonsentinel.com,English,0.0,gdelt_gkg
PYPL,2022-03-01,"Comments on  From Alabama to Utah , efforts to vaccinate Medicaid enrollees against COVID run into obstacles  ",https://www.tucsonsentinel.com/nationworld/comments/022822_medicaid_vax_struggles/,tucsonsentinel.com,English,0.0,gdelt_gkg
PYPL,2022-03-01,"Comments on  Water rate hikes in Oro Valley , raises for Sahuarita Council and Pima County COVID - bonus on tap  ",https://www.tucsonsentinel.com/opinion/comments/022522_agenda_op_raises/,tucsonsentinel.com,English,0.0,gdelt_gkg
PYPL,2022-03-01,Comments on  9 / 11 education would be mandated under proposal that cleared Arizona House  ,https://www.tucsonsentinel.com/local/comments/022822_9_11_education_bill/,tucsonsentinel.com,English,0.0,gdelt_gkg
PYPL,2022-03-01,How you can help the people of Ukraine,https://www.dailyherald.com/news/20220228/how-you-can-help-the-people-of-ukraine,dailyherald.com,English,0.0,gdelt_gkg
PYPL,2022-03-01,Class - action settlement over mislabeled vapes to pay up to $200 per claim,https://www.bendbulletin.com/business/class-action-settlement-over-mislabeled-vapes-to-pay-up-to-200-per-claim/article_0b3e1c29-6b40-56a1-a53a-8d7d6a41e06c.html,bendbulletin.com,English,0.0,gdelt_gkg
PYPL,2022-03-01,Ucranianos buscan refugio en las criptomonedas con los bancos paralizados,https://www.elcorreogallego.es/tendencias/ucranianos-buscan-refugio-en-las-criptomonedas-con-los-bancos-paralizados-JB10556285,elcorreogallego.es,Spanish,0.0,gdelt_gkg
PYPL,2022-03-01,"IRS Isnt Sending  Bad  Tax Notices Right Now , but You Can Still Be Penalized . What to Know",http://www.msn.com/en-us/news/technology/irs-isn-t-sending-bad-tax-notices-right-now-but-you-can-still-be-penalized-what-to-know/ar-AAU0aA3,msn.com,English,0.0,gdelt_gkg
PYPL,2022-03-01,Funky Taurus Media - Music Photo Agency & Products,https://www.funkytaurusmedia.com/shop_content.php?coID=2&XTCsid=dbonmg5mldotm906kq137t7n03,funkytaurusmedia.com,German,0.0,gdelt_gkg
PYPL,2022-03-01,US State Department once again urges Americans to not travel to Russia,https://www.cnn.com/europe/live-news/ukraine-russia-news-02-28-22/h_c79d9d73f56b8c36ede8d9f3245af137,cnn.com,English,0.0,gdelt_gkg
PYPL,2022-03-01,Ukraine donations : Spotting scam accounts,https://www.12newsnow.com/article/news/verify/fact-sheets-verify/fact-sheet-6-ways-to-fact-check-social-media-account-requesting-ukraine-donations-is-scam/536-c98f84a3-ac47-4529-afb5-fd97e3e5e36c,12newsnow.com,English,0.0,gdelt_gkg
PYPL,2022-03-01,Funky Taurus Media - Music Photo Agency & Products,https://www.funkytaurusmedia.com/shop_content.php?coID=3&XTCsid=dbonmg5mldotm906kq137t7n03,funkytaurusmedia.com,German,0.0,gdelt_gkg
PYPL,2022-03-01,Ukraine donations : Spotting scam accounts,https://www.wzzm13.com/article/news/verify/fact-sheets-verify/fact-sheet-6-ways-to-fact-check-social-media-account-requesting-ukraine-donations-is-scam/536-c98f84a3-ac47-4529-afb5-fd97e3e5e36c,wzzm13.com,English,0.0,gdelt_gkg
PYPL,2022-03-01,Ukraine donations : Spotting scam accounts,https://www.wqad.com/article/news/verify/fact-sheets-verify/fact-sheet-6-ways-to-fact-check-social-media-account-requesting-ukraine-donations-is-scam/536-c98f84a3-ac47-4529-afb5-fd97e3e5e36c,wqad.com,English,0.0,gdelt_gkg
PYPL,2022-03-01,Ukraine donations : Spotting scam accounts | firstcoastnews . com,https://www.firstcoastnews.com/article/news/verify/fact-sheets-verify/fact-sheet-6-ways-to-fact-check-social-media-account-requesting-ukraine-donations-is-scam/536-c98f84a3-ac47-4529-afb5-fd97e3e5e36c,firstcoastnews.com,English,0.0,gdelt_gkg
PYPL,2022-03-01,The NonProfit Times,https://www.thenonprofittimes.com/npt_articles/nonprofits-scrambling-to-help-in-ukraine/,thenonprofittimes.com,English,0.0,gdelt_gkg
PYPL,2022-03-01,Comments on  Kozachik : U . S . dedication to  protocol is risking lives of Afghan refugees  ,https://www.tucsonsentinel.com/opinion/comments/022822_kozachik_afghans_op/,tucsonsentinel.com,English,0.0,gdelt_gkg
PYPL,2022-03-01,Ukraine donations : Spotting scam accounts | newscentermaine . com,https://www.newscentermaine.com/article/news/verify/fact-sheets-verify/fact-sheet-6-ways-to-fact-check-social-media-account-requesting-ukraine-donations-is-scam/536-c98f84a3-ac47-4529-afb5-fd97e3e5e36c,newscentermaine.com,English,0.0,gdelt_gkg
PYPL,2022-03-01,Ukraine donations : Spotting scam accounts,https://www.fox43.com/article/news/verify/fact-sheets-verify/fact-sheet-6-ways-to-fact-check-social-media-account-requesting-ukraine-donations-is-scam/536-c98f84a3-ac47-4529-afb5-fd97e3e5e36c,fox43.com,English,0.0,gdelt_gkg
PYPL,2022-03-01,Comments on  Janis Ian  LAST TOUR  comes to Tucson on Thursday  ,https://www.tucsonsentinel.com/arts/comments/022822_janis_ian_rialto/,tucsonsentinel.com,English,0.0,gdelt_gkg
PYPL,2022-03-01,San Jose Earthquakes defender Nathan out after undergoing surgery,https://www.90min.com/posts/san-jose-earthquakes-defender-nathan-out-after-undergoing-surgery,90min.com,English,0.0,gdelt_gkg
PYPL,2022-03-01,How Can Investors Cope With Market Volatility,https://www.fool.com/investing/2022/02/28/how-can-investors-cope-with-market-volatility/?source=iedfolrf0000001,fool.com,English,0.0,gdelt_gkg
PYPL,2022-03-01,Funky Taurus Media - Music Photo Agency & Products,https://www.funkytaurusmedia.com/shop_content.php?coID=3&XTCsid=0ssf2314qjnj0h9ujgne0uogd4,funkytaurusmedia.com,German,0.0,gdelt_gkg
PYPL,2022-03-01,New Tool Makes It Easier for ComEd Customers to Take Control of Their Bills and Energy Use,https://www.wsiltv.com/news/illinois/new-tool-makes-it-easier-for-comed-customers-to-take-control-of-their-bills-and/article_48d0f67b-e256-5654-911d-4cfc2d250ea6.html,wsiltv.com,English,0.0,gdelt_gkg
PYPL,2022-03-01,The Worldwide Digital Payment Industry is Expected to Reach $243 Billion by 2028,https://finance.yahoo.com/news/worldwide-digital-payment-industry-expected-194500446.html,finance.yahoo.com,English,0.0,gdelt_gkg
PYPL,2022-03-01,Ricoh Explains Its New  Workshop - Like  Business Plan for Pentax,https://petapixel.com/2022/03/01/ricoh-japan-further-explains-its-new-pentax-camera-business-structure/,petapixel.com,English,0.0,gdelt_gkg
PYPL,2022-03-01,The Worldwide Digital Payment Industry is Expected to Reach $243 Billion by 2028,https://www.prnewswire.com:443/news-releases/the-worldwide-digital-payment-industry-is-expected-to-reach-243-billion-by-2028-301493023.html,prnewswire.com,English,0.0,gdelt_gkg
PYPL,2022-03-01,The Worldwide Digital Payment Industry is Expected to Reach $243 Billion by 2028,https://www.prnewswire.com/news-releases/the-worldwide-digital-payment-industry-is-expected-to-reach-243-billion-by-2028-301493023.html,prnewswire.com,English,0.0,gdelt_gkg
PYPL,2022-03-01,2 : 00PM Water Cooler 3 / 1 / 2022 | naked capitalism,https://www.nakedcapitalism.com/2022/03/200pm-water-cooler-3-1-2022.html,nakedcapitalism.com,English,0.0,gdelt_gkg
PYPL,2022-03-01,Comments on  Bombs hit Ukrainian cities as Russian economy sinks  ,https://www.tucsonsentinel.com/nationworld/comments/030122_ukraine_russia_economy/,tucsonsentinel.com,English,0.0,gdelt_gkg
PYPL,2022-03-01,Comments on  Q & A : How Arizona PRJKT RUBY gets contraceptives to women in need in the U . S . and developing countries  ,https://www.tucsonsentinel.com/local/comments/030122_prjkt_ruby/,tucsonsentinel.com,English,0.0,gdelt_gkg
PYPL,2022-03-01,Comments on  Arizona GOP pushes bills to require voters prove citizenship  ,https://www.tucsonsentinel.com/local/comments/030122_az_elections_citizenship_bill/,tucsonsentinel.com,English,0.0,gdelt_gkg
PYPL,2022-03-01,Comments on  Mystery of the monarchs : Western butterfly populations stage remarkable comeback  ,https://www.tucsonsentinel.com/nationworld/comments/030122_monarch_numbers/,tucsonsentinel.com,English,0.0,gdelt_gkg
PYPL,2022-03-01,Comments on  Madres de niños afroamericanos con autismo ofrecen apoyo y orientación a otras familias  ,https://www.tucsonsentinel.com/local/comments/030122_autism_black_children_esp/,tucsonsentinel.com,English,0.0,gdelt_gkg
PYPL,2022-03-01,Comments on  Arizonans march in support of Ukraine after Russian invasion  ,https://www.tucsonsentinel.com/local/comments/030122_supporting_ukraine/,tucsonsentinel.com,English,0.0,gdelt_gkg
PYPL,2022-03-01,Comments on  Pima County spending $1 . 3 million per month to shelter migrants released by DHS  ,https://www.tucsonsentinel.com/local/comments/030122_casa_alitas_budget/,tucsonsentinel.com,English,0.0,gdelt_gkg
PYPL,2022-03-01,Comments on  Early Arizona ballot voter ID measure will be on the November ballot  ,https://www.tucsonsentinel.com/local/comments/030122_early_voter_id/,tucsonsentinel.com,English,0.0,gdelt_gkg
PYPL,2022-03-01,Comments on  Az Senate GOP leader says Wendy Rogers could face censure for white nationalist speech  ,https://www.tucsonsentinel.com/local/comments/030122_rogers_speech_censure/,tucsonsentinel.com,English,0.0,gdelt_gkg
PYPL,2022-03-01,Comments on  Supreme Court to hear Indian Child Welfare Act case involving Navajo child  ,https://www.tucsonsentinel.com/nationworld/comments/030122_indian_children/,tucsonsentinel.com,English,0.0,gdelt_gkg
PYPL,2022-03-01,Solidarity Fund for Ukraine - Romania Pozitiva,http://www.romaniapozitiva.ro/csr/solidarity-fund-for-ukraine/,romaniapozitiva.ro,English,0.0,gdelt_gkg
PYPL,2022-03-01,So kommen die Ukraine - Spenden aus Braunschweig auch ans Ziel,https://www.wolfsburger-nachrichten.de/braunschweig/article234702741/So-kommen-die-Spenden-von-Braunschweigern-auch-ans-Ziel.html,wolfsburger-nachrichten.de,German,0.0,gdelt_gkg
PYPL,2022-03-01,Funky Taurus Media - Music Photo Agency & Products,https://www.funkytaurusmedia.com/shop_content.php?coID=2&XTCsid=j735uht5ss5upkrtraupqbjet1,funkytaurusmedia.com,German,0.0,gdelt_gkg
PYPL,2022-03-01,Wish mon compte # Comment gérer ses commandes  ? ,https://www.reflexiondz.net/wish-mon-compte-gerer-vos-commandes-sur-votre-compte-wish/,reflexiondz.net,French,0.0,gdelt_gkg
PYPL,2022-03-01,So kommen die Ukraine - Spenden aus Braunschweig auch ans Ziel,https://www.braunschweiger-zeitung.de/braunschweig/article234702741/So-kommen-die-Spenden-von-Braunschweigern-auch-ans-Ziel.html,braunschweiger-zeitung.de,German,0.0,gdelt_gkg
PYPL,2022-03-01,Join Us in Celebrating THE LINCOLN HOME 95th BIRTHDAY,https://www.penbaypilot.com/affiliate-post/join-us-celebrating-lincoln-home-s-95th-birthday/157478,penbaypilot.com,English,0.0,gdelt_gkg
PYPL,2022-03-01,The A to Z of post - purchase customer experience – D2C edition,https://timesofindia.indiatimes.com/blogs/voices/the-a-to-z-of-post-purchase-customer-experience-d2c-edition/,timesofindia.indiatimes.com,English,0.0,gdelt_gkg
PYPL,2022-03-01,More delays in case of Cape Town mom who allegedly sold pics of naked daughter,https://www.news24.com/news24/southafrica/news/more-delays-in-case-of-cape-town-mom-who-allegedly-sold-pics-of-naked-daughter-20220301,news24.com,English,0.0,gdelt_gkg
PYPL,2022-03-01,So kommen die Ukraine - Spenden aus Braunschweig auch ans Ziel,https://www.peiner-nachrichten.de/braunschweig/article234702741/So-kommen-die-Spenden-von-Braunschweigern-auch-ans-Ziel.html,peiner-nachrichten.de,German,0.0,gdelt_gkg
PYPL,2022-03-01,Terms of Sale for Print and Digital Products,https://chicago.suntimes.com/pages/terms-of-sale,chicago.suntimes.com,English,0.0,gdelt_gkg
PYPL,2022-03-01,House could consider funding state universities based on graduate salaries | News,https://www.columbiamissourian.com/news/house-could-consider-funding-state-universities-based-on-graduates-salaries/article_d9ddf654-98f8-11ec-91ae-b7781a118a81.html,columbiamissourian.com,English,0.0,gdelt_gkg
PYPL,2022-03-01,These 3 High - Risk Stocks Might Pay Off Over The Long - Term,https://menafn.com/1103784568/These-3-High-Risk-Stocks-Might-Pay-Off-Over-The-Long-Term&source=25,menafn.com,English,0.0,gdelt_gkg
PYPL,2022-03-01,3 Millennials Stocks On The Comeback Trail,https://menafn.com/1103784570/3-Millennials-Stocks-On-The-Comeback-Trail&source=24,menafn.com,English,0.0,gdelt_gkg
PYPL,2022-03-01,Funky Taurus Media - Music Photo Agency & Products,https://www.funkytaurusmedia.com/shop_content.php?coID=2&XTCsid=0ssf2314qjnj0h9ujgne0uogd4,funkytaurusmedia.com,German,0.0,gdelt_gkg
PYPL,2022-03-01,"Священномученик Ермоген , Патриарх Московский и всея Руси / Патриархия . ru",http://www.patriarchia.ru/db/text/909261.html,patriarchia.ru,Russian,0.0,gdelt_gkg
PYPL,2022-03-01,Apple Pay больше не работает в России,https://biz.liga.net/ekonomika/all/novosti/apple-pay-bolshe-ne-rabotaet-v-rossii,biz.liga.net,Russian,0.0,gdelt_gkg
PYPL,2022-03-01,The Best Bitcoin Wallets of March 2022,https://www.businessinsider.com/personal-finance/best-bitcoin-wallet,businessinsider.com,English,0.0,gdelt_gkg
PYPL,2022-03-01,Who Really Controls the Internet ? ,https://www.pcmag.com/opinions/who-really-controls-the-internet,pcmag.com,English,0.0,gdelt_gkg
PYPL,2022-03-01,CalSTRS Invests In South LA Affordable Housing Developer,https://therealdeal.com/la/2022/03/01/pension-fund-puts-50m-in-solas-black-impact-fund/,therealdeal.com,English,0.0,gdelt_gkg
PYPL,2022-03-01,Best Credit Cards of March 2022,https://magicvalley.com/business/investment/personal-finance/best-credit-cards-of-march-2022/article_d2eba46a-ed77-5f7c-8db1-c70a6c763db3.html,magicvalley.com,English,0.0,gdelt_gkg
PYPL,2022-03-01,Who Bought Wonkette 10 Years Ago Today ? JUST ME ! ,https://www.wonkette.com/ed-koch-how-m-i-doing-ed-koch,wonkette.com,English,0.0,gdelt_gkg
PYPL,2022-03-01,Best Cash Back Credit Cards of March 2022,https://magicvalley.com/business/investment/personal-finance/best-cash-back-credit-cards-of-march-2022/article_7915b00e-caff-5278-821d-4f79320ada98.html,magicvalley.com,English,0.0,gdelt_gkg
PYPL,2022-03-01,Best Rewards Credit Cards of March 2022,https://magicvalley.com/business/investment/personal-finance/best-rewards-credit-cards-of-march-2022/article_49039004-93ae-5384-8a95-5202d5861e7f.html,magicvalley.com,English,0.0,gdelt_gkg
PYPL,2022-03-01,Best Credit Cards of March 2022,https://www.stltoday.com/business/investment/personal-finance/best-credit-cards-of-march-2022/article_b00d75b3-e13d-5b35-974b-1d223ff8d744.html,stltoday.com,English,0.0,gdelt_gkg
PYPL,2022-03-01,Best Rewards Credit Cards of March 2022,https://www.stltoday.com/business/investment/personal-finance/best-rewards-credit-cards-of-march-2022/article_c56c30bd-8f55-545f-b756-e6eea39d0d7e.html,stltoday.com,English,0.0,gdelt_gkg
PYPL,2022-03-01,Best Cash Back Credit Cards of March 2022,https://www.stltoday.com/business/investment/personal-finance/best-cash-back-credit-cards-of-march-2022/article_41d4d272-8a6b-5559-8271-d55a750c5977.html,stltoday.com,English,0.0,gdelt_gkg
PYPL,2022-03-01,🔥 Stock limité : le POCO M4 Pro Global Version avec 6Go+128Go en vente flash à seulement 205€,https://www.techno-science.net/actualite/stock-limite-poco-m4-pro-global-version-avec-6go-128go-vente-flash-seulement-205-E54009.html,techno-science.net,French,0.0,gdelt_gkg
PYPL,2022-03-01,So kommen die Ukraine - Spenden aus Braunschweig auch ans Ziel,https://www.helmstedter-nachrichten.de/braunschweig/article234702741/So-kommen-die-Spenden-von-Braunschweigern-auch-ans-Ziel.html,helmstedter-nachrichten.de,German,0.0,gdelt_gkg
PYPL,2022-03-01,WebProNews Archive - WebProNews,https://www.webpronews.com/webpronews-archive/,webpronews.com,English,0.0,gdelt_gkg
PYPL,2022-03-01,La guerra financiera contra Rusia :¿ fin de la globalización neoliberal yanqui ? ,https://www.surysur.net/la-guerra-financiera-contra-rusiafin-de-la-globalizacion-neoliberal-yanqui/,surysur.net,Spanish,0.0,gdelt_gkg
PYPL,2022-03-01,Best Credit Cards of March 2022,https://omaha.com/business/investment/personal-finance/best-credit-cards-of-march-2022/article_6bf30299-e6b8-56b9-9092-e8f9cc29ce9d.html,omaha.com,English,0.0,gdelt_gkg
PYPL,2022-03-01,Best Rewards Credit Cards of March 2022,https://lacrossetribune.com/business/investment/personal-finance/best-rewards-credit-cards-of-march-2022/article_fe285e9c-6e5e-5209-9ae1-255272a5c7f0.html,lacrossetribune.com,English,0.0,gdelt_gkg
PYPL,2022-03-01,3 Small - Cap Stocks Worth Holding in Your Portfolio | The Motley Fool Canada,https://www.fool.ca/2022/03/01/3-small-cap-stocks-worth-holding-in-your-portfolio/,fool.ca,English,0.0,gdelt_gkg
PYPL,2022-03-01,"Global Reverse Logistics Market ( 2022 to 2027 ) - Industry Trends , Share , Size , Growth , Opportunity and Forecasts",https://www.prnewswire.com/news-releases/global-reverse-logistics-market-2022-to-2027---industry-trends-share-size-growth-opportunity-and-forecasts-301493140.html,prnewswire.com,English,0.0,gdelt_gkg
PYPL,2022-03-01,"Global Reverse Logistics Market ( 2022 to 2027 ) - Industry Trends , Share , Size , Growth , Opportunity and Forecasts",https://www.prnewswire.com:443/news-releases/global-reverse-logistics-market-2022-to-2027---industry-trends-share-size-growth-opportunity-and-forecasts-301493140.html,prnewswire.com,English,0.0,gdelt_gkg
PYPL,2022-03-01,PayPal : Was ist denn jetzt los ? ,https://www.finanznachrichten.de/nachrichten-2022-03/55381823-paypal-was-ist-denn-jetzt-los-584.htm,finanznachrichten.de,German,0.0,gdelt_gkg
PYPL,2022-03-01,Attention aux arnaques si vous faites un don pour lUkraine,https://www.capital.fr/votre-argent/attention-aux-arnaques-si-vous-faites-un-don-pour-lukraine-1429923,capital.fr,French,0.0,gdelt_gkg
PYPL,2022-03-01,Racial bias in media Ukraine coverage is shameful,https://www.gulftoday.ae/opinion/2022/03/01/racial-bias-in-media-ukraine-coverage-is-shameful,gulftoday.ae,English,0.0,gdelt_gkg
PYPL,2022-03-01,Retailing Experts Split On Amazon Split,https://www.forbes.com/sites/retailwire/2022/03/01/retailing-experts-split-on-amazon-split/,forbes.com,English,0.0,gdelt_gkg
PYPL,2022-03-01,"Citigroup adds bill - payment options for businesses , consumers",https://www.americanbanker.com/news/citigroup-adds-bill-payment-options-for-businesses-consumers,americanbanker.com,English,0.0,gdelt_gkg
PYPL,2022-03-01,Michigan gas prices going up because of Russia : How high theyll go,https://www.freep.com/story/money/personal-finance/susan-tompor/2022/03/01/michigan-gas-prices-russia-ukraine/6937758001/,freep.com,English,0.0,gdelt_gkg
PYPL,2022-03-01,Landkreis nimmt Bußgelder ein : Corona spült 100 250 Euro in die Kasse,"https://www.szlz.de/aus-der-region-szlz_artikel,-landkreis-nimmt-bussgelder-ein-corona-spuelt-100-250-euro-in-die-kasse-_arid,2733047.html",szlz.de,German,0.0,gdelt_gkg
PYPL,2022-03-01,"Una por una , las empresas que ya cancelaron operaciones en Rusia por la invasión a Ucrania",https://www.ambito.com/negocios/rusia/una-una-las-empresas-que-ya-cancelaron-operaciones-la-invasion-ucrania-n5383460,ambito.com,Spanish,0.0,gdelt_gkg
PYPL,2022-03-01,Join Us in Celebrating THE LINCOLN HOME 95th BIRTHDAY,https://www.wiscassetnewspaper.com/affiliate-post/join-us-celebrating-lincoln-home-s-95th-birthday/157478,wiscassetnewspaper.com,English,0.0,gdelt_gkg
PYPL,2022-03-01,3 Millennials Stocks On The Comeback Trail,https://menafn.com/1103784570/3-Millennials-Stocks-On-The-Comeback-Trail&source=25,menafn.com,English,0.0,gdelt_gkg
PYPL,2022-03-01,Crisis in Ukraine shifts to a rally of support for African students and migrants,https://thegrio.com/2022/03/01/ukraine-african-students-migrants/,thegrio.com,English,0.0,gdelt_gkg
PYPL,2022-03-01,CommerzVentures announces closing of €300m third fund,https://ffnews.com/newsarticle/commerzventures-announces-closing-of-e300m-third-fund/,ffnews.com,English,0.0,gdelt_gkg
PYPL,2022-03-01,What is PayPal Pay in 4 ? | Tom Guide,https://www.tomsguide.com/how-to/what-is-paypals-pay-in-4,tomsguide.com,English,0.0,gdelt_gkg
PYPL,2022-03-01,Warum der ODR - Link im Impressum so wichtig ist,https://www.onlinepc.ch/business/recht/odr-link-im-impressum-so-wichtig-2745179.html,onlinepc.ch,German,0.0,gdelt_gkg
PYPL,2022-03-01,Alibaba and JD . com Remain the Largest B2C E - Commerce Market Players in China for 2021,https://finance.yahoo.com/news/alibaba-jd-com-remain-largest-111300389.html,finance.yahoo.com,English,0.0,gdelt_gkg
PYPL,2022-03-01,Saitama tourism : Heirinji Buddhist Temple in easy reach of Tokyo,http://moderntokyotimes.com/saitama-tourism-heirinji-buddhist-temple-in-easy-reach-of-tokyo/,moderntokyotimes.com,English,0.0,gdelt_gkg
PYPL,2022-03-01,Funky Taurus Media - Music Photo Agency & Products,https://www.funkytaurusmedia.com/shop_content.php?coID=2&XTCsid=94qldannc522d0cs4h83seeke0,funkytaurusmedia.com,German,0.0,gdelt_gkg
PYPL,2022-03-01,Kenya rolls out rapid testing for Malaria and Covid - 19,http://moderntokyotimes.com/kenya-rolls-out-rapid-testing-for-malaria-and-covid-19/,moderntokyotimes.com,English,0.0,gdelt_gkg
PYPL,2022-03-01,kath . net,https://www.kath.net/news/77711,kath.net,German,0.0,gdelt_gkg
PYPL,2022-03-01,YouTube and Facebook BAN Russia RT and Sputnik channels in Europe as big - tech FINALLY clamps down,https://www.dailymail.co.uk/news/article-10563925/YouTube-Facebook-BAN-Russias-RT-Sputnik-channels-Europe-big-tech-FINALLY-clamps-down.html,dailymail.co.uk,English,0.0,gdelt_gkg
PYPL,2022-03-01,"OPINION | SAVE YOURSELF :  When stocks fall , think about saving or doing nothing",https://www.arkansasonline.com/news/2022/mar/01/when-stocks-fall-think-about-saving-or-doing/,arkansasonline.com,English,0.0,gdelt_gkg
PYPL,2022-03-01,Funky Taurus Media - Music Photo Agency & Products,https://www.funkytaurusmedia.com/shop_content.php?coID=2&XTCsid=rnppksesq085c82euddgm1ts23,funkytaurusmedia.com,German,0.0,gdelt_gkg
PYPL,2022-03-01,Russian invasion of Ukraine sees online forces mobilize as cyberattacks mount,https://www.timesofisrael.com/russian-invasion-of-ukraine-sees-online-forces-mobilize-as-cyberattacks-mount/,timesofisrael.com,English,0.0,gdelt_gkg
PYPL,2022-03-01,Spenden und Hilfe für Ukraine : So können Braunschweiger helfen,https://www.wolfsburger-nachrichten.de/braunschweig/article234695605/Spenden-und-Hilfe-fuer-Ukraine-So-koennen-Braunschweiger-helfen.html,wolfsburger-nachrichten.de,German,0.0,gdelt_gkg
PYPL,2022-03-01,Tag : Hulk Hogan – NBC New York,https://www.nbcnewyork.com/tag/hulk-hogan/,nbcnewyork.com,English,0.0,gdelt_gkg
PYPL,2022-03-01,Bitcoin Trading - A Quick Guide to Get Started,https://menafn.com/1103780368/Bitcoin-Trading-A-Quick-Guide-to-Get-Started&source=235,menafn.com,English,0.0,gdelt_gkg
PYPL,2022-03-01,Bitcoin Trading - A Quick Guide to Get Started,https://menafn.com/1103780368/Bitcoin-Trading-A-Quick-Guide-to-Get-Started&source=29,menafn.com,English,0.0,gdelt_gkg
PYPL,2022-03-01,"Nigeria : 40 Percent of Nigerian Youths Jobless - Angry , Restless - - Adesina",https://allafrica.com/stories/202203010076.html,allafrica.com,English,0.0,gdelt_gkg
PYPL,2022-03-01,Spenden und Hilfe für Ukraine : So können Braunschweiger helfen,https://www.salzgitter-zeitung.de/braunschweig/article234695605/Spenden-und-Hilfe-fuer-Ukraine-So-koennen-Braunschweiger-helfen.html,salzgitter-zeitung.de,German,0.0,gdelt_gkg
PYPL,2022-03-01,"Bank runs begin in Russia , serving as a reminder for ALL people to question the stability of all banks around the world",https://www.naturalnews.com/2022-02-28-bank-runs-begin-in-russia-people-question-stability-of-all-banks.html,naturalnews.com,English,0.0,gdelt_gkg
PYPL,2022-03-01, » Aufnahme ukrainischer Flüchtlinge möglich « - Region Neckar - Alb - Reutlinger General - Anzeiger,"https://www.gea.de/neckar-alb_artikel,-aufnahme-ukrainischer-fl%C3%BCchtlinge-m%C3%B6glich-_arid,6575635.html",gea.de,German,0.0,gdelt_gkg
PYPL,2022-03-01,Mann aus dem Steinlachtal wegen sexuellem Missbrauchs angeklagt - Kreis Tübingen - Reutlinger General - Anzeiger,"https://www.gea.de/neckar-alb/kreis-tuebingen_artikel,-mann-aus-dem-steinlachtal-wegen-sexuellem-missbrauchs-angeklagt-_arid,6575641.html",gea.de,German,0.0,gdelt_gkg
PYPL,2022-03-01,"40 % of Nigerian youths jobless ; angry , restless Adesina",https://www.vanguardngr.com/2022/03/40-of-nigerian-youths-jobless-angry-restless-adesina/,vanguardngr.com,English,0.0,gdelt_gkg
PYPL,2022-03-01,Utah woman raising funds to help citizen volunteers in Ukraine,https://www.fox13now.com/news/local-news/utah-woman-raising-funds-to-help-citizen-volunteers-in-ukraine,fox13now.com,English,0.0,gdelt_gkg
PYPL,2022-03-01,Russia - Ukraine conflict : A running list of brands taking action,https://www.marketing-interactive.com/russia-ukraine-business-exit-brand,marketing-interactive.com,English,0.0,gdelt_gkg
PYPL,2022-03-01,Spenden und Hilfe für Ukraine : So können Braunschweiger helfen,https://www.helmstedter-nachrichten.de/braunschweig/article234695605/Spenden-und-Hilfe-fuer-Ukraine-So-koennen-Braunschweiger-helfen.html,helmstedter-nachrichten.de,German,0.0,gdelt_gkg
PYPL,2022-03-01,Spenden und Hilfe für Ukraine : So können Braunschweiger helfen,https://www.braunschweiger-zeitung.de/braunschweig/article234695605/Spenden-und-Hilfe-fuer-Ukraine-So-koennen-Braunschweiger-helfen.html,braunschweiger-zeitung.de,German,0.0,gdelt_gkg
PYPL,2022-03-01,Comment faire un don pour lUkraine en évitant les escroqueries ? ,https://www.lefigaro.fr/social/comment-faire-un-don-pour-l-ukraine-en-evitant-les-escroqueries-20220301,lefigaro.fr,French,0.0,gdelt_gkg
PYPL,2022-03-01,Funky Taurus Media - Music Photo Agency & Products,https://www.funkytaurusmedia.com/shop_content.php?coID=3&XTCsid=302cs1u3gs0rv1v8ui2tihk8i2,funkytaurusmedia.com,English,0.0,gdelt_gkg
PYPL,2022-03-01,The Smartest Stocks to Buy With $700 Right Now,https://www.fool.com/investing/2022/03/01/the-smartest-stocks-to-buy-with-700-right-now/?source=iedfolrf0000001,fool.com,English,0.0,gdelt_gkg
PYPL,2022-03-01,"Boku , Inc complete sale of Boku Identity for $32 . 3 million - DirectorsTalk Interviews","https://www.directorstalkinterviews.com/boku,-inc-complete-sale-of-boku-identity-for-32.3-million/4121055083",directorstalkinterviews.com,English,0.0,gdelt_gkg
PYPL,2022-03-01,Rückegassen schützen Waldböden bei Tübingen - Region Neckar - Alb - Reutlinger General - Anzeiger,"https://www.gea.de/neckar-alb_artikel,-r%C3%BCckegassen-sch%C3%BCtzen-waldb%C3%B6den-bei-t%C3%BCbingen-_arid,6575632.html",gea.de,German,0.0,gdelt_gkg
PYPL,2022-03-01,Peter Thiel - Backed Digital Bank N26 Plans to Be Ready for IPO by End of 2022,https://www.nbclosangeles.com/news/business/money-report/peter-thiel-backed-digital-bank-n26-plans-to-be-ready-for-ipo-by-end-of-2022/2837642/,nbclosangeles.com,English,0.0,gdelt_gkg
PYPL,2022-03-01,Highest Paying Cash Back Cards : Card Critics,https://cardcritics.com/highest-paying-cash-back-cards/?tc=gem-ac0-lp23-ci0-hl0-pc0-01242022_AU_HOMEPAGE_au.yahoo.com_37662865894,cardcritics.com,English,0.0,gdelt_gkg
PYPL,2022-03-01,Convera : Goldfinch Partners and Baupost Announce Initial Closing of Acquisition of Western Union Business Solutions,https://www.finanznachrichten.de/nachrichten-2022-03/55379334-convera-goldfinch-partners-and-baupost-announce-initial-closing-of-acquisition-of-western-union-business-solutions-004.htm,finanznachrichten.de,English,0.0,gdelt_gkg
PYPL,2022-03-01,Global Industry Analysts Predicts the World Social Commerce Market to Reach $2 . 9 Trillion by 2026,https://www.prnewswire.com/news-releases/global-industry-analysts-predicts-the-world-social-commerce-market-to-reach-2-9-trillion-by-2026--301491332.html,prnewswire.com,English,0.0,gdelt_gkg
PYPL,2022-03-01,PPRO Research Discovers US Retailers are Falling Behind as the Global E - Commerce Market Competition Tightens,https://www.prweb.com/releases/ppro_research_discovers_us_retailers_are_falling_behind_as_the_global_e_commerce_market_competition_tightens/prweb18524656.htm,prweb.com,English,0.0,gdelt_gkg
PYPL,2022-03-01,3 Millennials Stocks on the Comeback Trail,https://www.entrepreneur.com/article/421090,entrepreneur.com,English,0.0,gdelt_gkg
PYPL,2022-03-01,Global Industry Analysts Predicts the World Social Commerce Market to Reach $2 . 9 Trillion by 2026,https://www.prnewswire.com:443/news-releases/global-industry-analysts-predicts-the-world-social-commerce-market-to-reach-2-9-trillion-by-2026--301491332.html,prnewswire.com,English,0.0,gdelt_gkg
PYPL,2022-03-01,Tier startet E - Scooter - Verleih in Peine,https://www.salzgitter-zeitung.de/peine/article234699027/Tier-startet-E-Scooter-Verleih-in-Peine.html,salzgitter-zeitung.de,German,0.0,gdelt_gkg
PYPL,2022-03-01,Join Us in Celebrating THE LINCOLN HOME 95th BIRTHDAY,https://www.boothbayregister.com/affiliate-post/join-us-celebrating-lincoln-home-s-95th-birthday/157478,boothbayregister.com,English,0.0,gdelt_gkg
PYPL,2022-03-01,"The Growing Domination Of Chime , Square Cash App , And PayPal In Checking Accounts",https://www.forbes.com/sites/ronshevlin/2022/03/01/the-growing-domination-of-chime-square-cash-app-and-paypal-in-checking-accounts/,forbes.com,English,0.0,gdelt_gkg
PYPL,2022-03-01,Highest Paying Cash Back Cards : Card Critics,https://cardcritics.com/highest-paying-cash-back-cards/?tc=gem-ac0-lp23-ci0-hl0-pc0-01242022_AU_HOMEPAGE_au.yahoo.com_37661637834,cardcritics.com,English,0.0,gdelt_gkg
PYPL,2022-03-01,German Neobank N26 Is Working towards Launching IPO by End of 2022,https://www.coinspeaker.com/n26-ipo-end-2022/,coinspeaker.com,English,0.0,gdelt_gkg
PYPL,2022-03-01,Habla un joven atrapado en Járkov tras los bombardeos rusos :  Hay gente que ha intentado salir y ha sido fusilada  ,https://www.lasexta.com/programas/al-rojo-vivo/noticias/habla-joven-atrapado-jarkov-bombardeos-rusos-hay-gente-que-intentado-salir-sido-fusilada_20220301621e1947f5e39e0001e7ef94.html,lasexta.com,Spanish,0.0,gdelt_gkg
PYPL,2022-03-01,Big Tech Antitrust Bills Ignore What Makes Silicon Valley Powerful,https://www.newsweek.com/big-tech-antitrust-bills-ignore-what-makes-silicon-valley-powerful-opinion-1632071,newsweek.com,English,0.0,gdelt_gkg
PYPL,2022-03-01,Tuna Vakfı  ndan Ukraynalı çocuklara ve kadınlara yardım eli,http://www.samanyoluhaber.com/tuna-vakfi-ndan-ukraynali-cocuklara-ve-kadinlara-yardim-eli-haberi/1387293/,samanyoluhaber.com,Turkish,0.0,gdelt_gkg
PYPL,2022-03-01,"After Tesla , now these movie theatres are accepting Doge cryptocurrency payments",https://www.bgr.in/news/after-tesla-now-these-movie-theatres-are-accepting-doge-cryptocurrency-payments-1241720/,bgr.in,English,0.0,gdelt_gkg
PYPL,2022-03-01,Frankreich : Wie eine Partei auf den Hund kommt,https://www.sueddeutsche.de/politik/frankreich-praesidentschaftwahl-valerie-pecresse-vorwahl-les-republicains-liberation-1.5539006,sueddeutsche.de,German,0.0,gdelt_gkg
PYPL,2022-03-01,The Best Websites on Buying Facebook Likes in 2022,https://zeenews.india.com/internet-social-media/the-best-websites-on-buying-facebook-likes-in-2022-2440778.html,zeenews.india.com,English,0.0,gdelt_gkg
PYPL,2022-03-01,Ride or Die – JAMES EDWARDS,https://www.thepoliticalcesspool.org/jamesedwards/ride-or-die/,thepoliticalcesspool.org,English,0.0,gdelt_gkg
PYPL,2022-03-01,🔥 188€ le OnePlus 9R avec 128Go,https://www.techno-science.net/actualite/188-oneplus-9r-avec-128go-E54052.html,techno-science.net,French,0.0,gdelt_gkg
PYPL,2022-03-01,Ukraine donations : Spotting scam accounts,https://www.king5.com/article/news/verify/fact-sheet-6-ways-to-fact-check-social-media-account-requesting-ukraine-donations-is-scam/536-c98f84a3-ac47-4529-afb5-fd97e3e5e36c,king5.com,English,0.0,gdelt_gkg
PYPL,2022-03-01,"6 New Movies This Week , Including :  The Batman ,  Fresh , and More ! ",https://www.fanbolt.com/120572/6-new-movies-this-week/,fanbolt.com,English,0.0,gdelt_gkg
PYPL,2022-03-01,Российские каналы YouTube заблокировал для Европы,https://news.obozrevatel.com/economics/economy/youtube-perestal-pokazyivat-rossijskuyu-propagandu-v-evrope.htm,news.obozrevatel.com,Russian,0.0,gdelt_gkg
PYPL,2022-03-01,Peter Thiel - Backed Digital Bank N26 Plans to Be Ready for IPO by End of 2022,https://www.nbcphiladelphia.com/news/business/money-report/peter-thiel-backed-digital-bank-n26-plans-to-be-ready-for-ipo-by-end-of-2022/3161992/,nbcphiladelphia.com,English,0.0,gdelt_gkg
PYPL,2022-03-01,NI dog lovers rush donations to Ukraine people and their pets,https://www.belfastlive.co.uk/news/belfast-news/ni-dog-lovers-rush-donations-23244739,belfastlive.co.uk,English,0.0,gdelt_gkg
PYPL,2022-03-01,The One That Got Away - Page 2 - Coin Community Forum,https://www.coincommunity.com/forum/topic.asp?TOPIC_ID=417837&whichpage=2,coincommunity.com,English,0.0,gdelt_gkg
PYPL,2022-03-01,Man with inoperable brain tumour still alive eight years after changing diet,https://www.plymouthherald.co.uk/news/plymouth-news/man-inoperable-brain-tumour-still-6716937,plymouthherald.co.uk,English,0.0,gdelt_gkg
PYPL,2022-03-01,Instacart head of payments leaves tech giant to join startup Forage – TechCrunch,https://techcrunch.com/2022/03/01/instacarts-head-of-payments-leaves-tech-giant-to-join-startup-forage/,techcrunch.com,English,0.0,gdelt_gkg
PYPL,2022-03-01,Apple Inc (( NASDAQ : AAPL ) and Alphabet Inc Class C ( NASDAQ : GOOG ) To Issue Regulations for Centralized Currencies on Their Platforms,https://www.journaltranscript.com/2022/03/apple-inc-nasdaq-aapl-and-alphabet-inc-class-c-nasdaq-goog-to-issue-regulations-for-centralized-currencies-on-their-platforms/,journaltranscript.com,English,0.0,gdelt_gkg
PYPL,2022-08-31,"Stocks are off to a mixed start , remain lower for the week",https://www.thesunchronicle.com/business/stocks-are-off-to-a-mixed-start-remain-lower-for-the-week/article_60a679d2-2629-57b9-8c2d-2899cc51cdd4.html,thesunchronicle.com,English,0.0,gdelt_gkg
PYPL,2022-08-31,"Stocks are off to a mixed start , remain lower for the week",https://www.recorderonline.com/news/national_news/stocks-are-off-to-a-mixed-start-remain-lower-for-the-week/article_ec3de37f-833b-5e58-8f04-f7ec2ddfc81e.html,recorderonline.com,English,0.0,gdelt_gkg
PYPL,2022-08-31,Nobles and daughters hold events to raise funds for charitable work,https://www.newbernsj.com/story/news/2022/08/31/nobles-and-daughters-hold-events-to-raise-funds-for-charitable-works/7891197001/,newbernsj.com,English,0.0,gdelt_gkg
PYPL,2022-08-31,"The Most And Least Invasive Business Apps , Visualized",https://digg.com/technology/link/most-least-invasive-apps-data-privacy-3qIuCnHyeM,digg.com,English,0.0,gdelt_gkg
PYPL,2022-08-31,"Stocks are off to a mixed start , remain lower for the week",https://www.wfmz.com/news/ap/ap-business/stocks-are-off-to-a-mixed-start-remain-lower-for-the-week/article_4d978d19-05df-5ce7-8aec-afc172c88647.html,wfmz.com,English,0.0,gdelt_gkg
PYPL,2022-08-31,"Stocks are off to a mixed start , remain lower for the week",https://www.wiltonbulletin.com/news/article/Asian-stocks-follow-Wall-St-lower-after-strong-US-17409131.php,wiltonbulletin.com,English,0.0,gdelt_gkg
PYPL,2022-08-31,PayPal mit beeindruckendem Start ! ,https://www.finanznachrichten.de/nachrichten-2022-08/56946027-paypal-mit-beeindruckendem-start-584.htm,finanznachrichten.de,German,0.0,gdelt_gkg
PYPL,2022-08-31,Gardaí issue fraud scam warning for student accommodation,https://www.westmeathindependent.ie/2022/08/31/gardai-issue-fraud-scam-warning-for-student-accommodation/,westmeathindependent.ie,English,0.0,gdelt_gkg
PYPL,2022-08-31,How cryptocurrency could help tackle global income inequality,https://cointelegraph.com/news/how-cryptocurrency-could-help-tackle-global-income-inequality,cointelegraph.com,English,0.0,gdelt_gkg
PYPL,2022-08-31,9 Moments the Brave Ukrainian Forces Saved Stray Cats and Dogs,https://sofrep.com/news/9-moments-the-brave-ukrainian-forces-saved-stray-cats-and-dogs/,sofrep.com,English,0.0,gdelt_gkg
PYPL,2022-08-31,"Stocks are off to a mixed start , remain lower for the week",https://www.bdtonline.com/news/nation_world/stocks-are-off-to-a-mixed-start-remain-lower-for-the-week/article_fea0c840-149c-5065-8277-5cf526880400.html,bdtonline.com,English,0.0,gdelt_gkg
PYPL,2022-08-31,Payments Giant Joins Crypto Compliance Initiative Amid Bankruptcies,https://www.streetinsider.com/FNMedia/Payments+Giant+Joins+Crypto+Compliance+Initiative+Amid+Bankruptcies/20533559.html,streetinsider.com,English,0.0,gdelt_gkg
PYPL,2022-08-31,3 of the Best Growth Stocks to Buy in September,https://www.fool.com/investing/2022/08/31/3-of-the-best-growth-stocks-meta-cresco-paypal/,fool.com,English,0.0,gdelt_gkg
PYPL,2022-08-31,Funky Taurus Media - Music Photo Agency & Products,https://www.funkytaurusmedia.com/shop_content.php?coID=2&XTCsid=invtnpji6nqkma8knddaup8764,funkytaurusmedia.com,English,0.0,gdelt_gkg
PYPL,2022-08-31,"Stocks are off to a mixed start , remain lower for the week",https://www.theridgefieldpress.com/news/article/Asian-stocks-follow-Wall-St-lower-after-strong-US-17409131.php,theridgefieldpress.com,English,0.0,gdelt_gkg
PYPL,2022-08-31,"Stocks are off to a mixed start , remain lower for the week",https://www.smdailyjournal.com/business/stocks-are-off-to-a-mixed-start-remain-lower-for-the-week/article_c7e746e7-945d-5548-969d-18f124992ccc.html,smdailyjournal.com,English,0.0,gdelt_gkg
PYPL,2022-08-31,Roman Bezsmertnyi : Lukashenka Fate Is Sealed,https://charter97.org/en/news/2022/8/31/513574/,charter97.org,English,0.0,gdelt_gkg
PYPL,2022-08-31,"Stocks are off to a mixed start , remain lower for the w ... ",https://accesswdun.com/article/2022/8/1127557,accesswdun.com,English,0.0,gdelt_gkg
PYPL,2022-08-31,🔥 Un coupon Geekbuying à ne pas louper sur le VTT électrique ELEGLIDE M1 Upgraded Version pour les plus rapides,https://www.techno-science.net/actualite/coupon-geekbuying-ne-pas-louper-vtt-electrique-eleglide-m1-upgraded-version-plus-rapides-E55095.html,techno-science.net,French,0.0,gdelt_gkg
PYPL,2022-08-31,"Futures Head For Another Monthly Drop , As Oil Slumps , Yields And Dollar Rise",https://www.zerohedge.com/markets/futures-head-another-monthly-drop-oil-slumps-yields-and-dollar-rise,zerohedge.com,English,0.0,gdelt_gkg
PYPL,2022-08-31,The History of Brick - and - Mortar Retail and What in Store for the Future,https://www.newsweek.com/history-brick-mortar-retail-whats-store-future-1738163,newsweek.com,English,0.0,gdelt_gkg
PYPL,2022-08-31,Gardaí issue warning to third - level Laois students following 30 per cent increase in accommodation fraud,https://www.leinsterexpress.ie/news/local-news/899471/gardai-issue-warning-to-third-level-laois-students-following-30-per-cent-increase-in-accommodation-fraud.html,leinsterexpress.ie,English,0.0,gdelt_gkg
PYPL,2022-08-31,"Third - level students warned to be vigilant as almost €300 , 000 stolen in accommodation scams this year | JOE is the voice of Irish people at home and abroad",https://www.joe.ie/news/third-level-students-warned-vigilant-almost-e300000-stolen-accommodation-scams-year-754420,joe.ie,English,0.0,gdelt_gkg
PYPL,2022-08-31,BofA 페이팔 수익 대폭 개선될 것 … 매수 상향,https://www.hankyung.com/economy/article/202208312211i,hankyung.com,Korean,0.0,gdelt_gkg
PYPL,2022-08-31,베드 배스 앤드 비욘드 회생방안 발표에도 폭락,https://www.hankyung.com/economy/article/202208312186i,hankyung.com,Korean,0.0,gdelt_gkg
PYPL,2022-08-31,Auburn Education Foundation : Fall food crawl fundraiser returning,https://auburnpub.com/lifestyles/auburn-education-foundation-fall-food-crawl-fundraiser-returning/article_4b2eb003-19fb-5042-983b-af8d60f6c0e4.html,auburnpub.com,English,0.0,gdelt_gkg
PYPL,2022-08-31,Gardaí issue warning to third - level Kildare students following 30 per cent increase in accommodation fraud,https://www.leinsterleader.ie/news/home/899466/gardai-issue-warning-to-third-level-kildare-students-following-30-per-cent-increase-in-accommodation-fraud.html,leinsterleader.ie,English,0.0,gdelt_gkg
PYPL,2022-08-31,"Stocks are off to a mixed start , remain lower for the week",https://www.ctpost.com/news/article/Asian-stocks-follow-Wall-St-lower-after-strong-US-17409131.php,ctpost.com,English,0.0,gdelt_gkg
PYPL,2022-08-31,Police Log Aug . 23 - 29,https://www.hermistonherald.com/records/public_safety/police-log-aug-23-29/article_5a0758ec-1104-11ed-b3fc-1b9dcc19087f.html,hermistonherald.com,English,0.0,gdelt_gkg
PYPL,2022-08-31,Two fintech stocks you should buy at the recent market pullback,https://invezz.com/news/2022/08/31/two-fintech-stocks-to-buy-right-now/,invezz.com,English,0.0,gdelt_gkg
PYPL,2022-08-31,6 Road Trip Apps You Need Before You Leave,https://electronics.howstuffworks.com/cell-phone-apps/road-trip-apps.htm,electronics.howstuffworks.com,English,0.0,gdelt_gkg
PYPL,2022-08-31,Stock Market,https://markets.buffalonews.com/buffnews/article/abnewswire-2022-8-31-new-zealand-visa-for-argentina-citizens-and-brazilian-citizens,markets.buffalonews.com,English,0.0,gdelt_gkg
PYPL,2022-08-31,"Apple Pay Later raises concerns over lack of BNPL regulations , CFPB says",https://www.foxbusiness.com/personal-finance/apple-buy-now-pay-later-regulatory-concerns-cfpb,foxbusiness.com,English,0.0,gdelt_gkg
PYPL,2022-08-31,Stock Market | FinancialContent Business Page,https://markets.financialcontent.com/stocks/article/abnewswire-2022-8-31-new-zealand-visa-for-argentina-citizens-and-brazilian-citizens,markets.financialcontent.com,English,0.0,gdelt_gkg
PYPL,2022-08-31,"Peter Thiel , Mitch McConnell Spar Over Blake Masters : Report",https://www.mediaite.com/politics/peter-thiel-and-mitch-mcconnell-squabbled-over-who-should-fork-over-cash-for-pacs-to-help-blake-masters-campaign-report/,mediaite.com,English,0.0,gdelt_gkg
PYPL,2022-08-31,PayPal ficha a una exejecutiva de BBVA para dirigir España,https://www.expansion.com/empresas/banca/2022/08/31/630fc453468aebba298b4625.html,expansion.com,Spanish,0.0,gdelt_gkg
PYPL,2022-08-31,Payments As A Service ( Paas ) Market Growth 2022 Along With Bu ... ,https://menafn.com/1104790419/Payments-As-A-ServicePaas-Market-Growth-2022-Along-With-Business-Insights-And-Forecast-To-2028,menafn.com,English,0.0,gdelt_gkg
PYPL,2022-08-31,"לאחר קריסה של 70 %, האם פייפאל אטרקטיבית ? בבנק אוף אמריקה חושבים שכן",https://www.bizportal.co.il/globalmarkets/news/article/808073,bizportal.co.il,Hebrew,0.0,gdelt_gkg
PYPL,2022-08-31,Peter Thiel rebuffs Mitch McConnell over Senate rescue in Arizona,https://www.washingtonpost.com/politics/2022/08/31/peter-thiel-mcconnell-blake-masters/,washingtonpost.com,English,0.0,gdelt_gkg
PYPL,2022-08-31,How consumer finance products are finding B2B users,https://www.americanbanker.com/payments/news/how-consumer-finance-products-are-finding-b2b-users,americanbanker.com,English,0.0,gdelt_gkg
PYPL,2022-08-31,2 : 00PM Water Cooler 8 / 31 / 2022 | naked capitalism,https://www.nakedcapitalism.com/2022/08/200pm-water-cooler-8-31-2022.html,nakedcapitalism.com,English,0.0,gdelt_gkg
PYPL,2022-08-31,"The shit - posting , Twitter - trolling , dog - deploying social media army taking on Putin one meme at a time",https://www.politico.eu/article/nafo-doge-shiba-russia-putin-ukraine-twitter-trolling-social-media-meme/,politico.eu,English,0.0,gdelt_gkg
PYPL,2022-08-31,Stock Market | FinancialContent Business Page,https://markets.financialcontent.com/stocks/article/abnewswire-2022-8-31-canada-visa-for-lithuanian-citizens-and-business-visa-for-canada,markets.financialcontent.com,English,0.0,gdelt_gkg
PYPL,2022-08-31,Stock Market | FinancialContent Business Page,https://markets.financialcontent.com/stocks/article/abnewswire-2022-8-31-indian-visa-application-indian-visa-on-arrival,markets.financialcontent.com,English,0.0,gdelt_gkg
PYPL,2022-08-31,Better Elliott Management Investment : PayPal vs . Pinterest,https://www.fool.com/investing/2022/08/31/better-elliott-investment-paypal-pinterest/,fool.com,English,0.0,gdelt_gkg
PYPL,2022-08-31,FedNow follows Facebook Libra for Instant Payments : Is The Digital Dollar Next ? ,https://www.investors.com/research/fednow-instant-payments-follow-facebooks-libra-crypto-project/,investors.com,English,0.0,gdelt_gkg
PYPL,2022-08-31,"Stocks Making the Biggest Moves Midday : Bed Bath & Beyond , Express , Snap , Rocket Lab and More",https://www.nbclosangeles.com/news/business/money-report/stocks-making-the-biggest-moves-midday-bed-bath-beyond-express-snap-rocket-lab-and-more/2975505/,nbclosangeles.com,English,0.0,gdelt_gkg
PYPL,2022-08-31,Norse Code Podcast Episode 431 : Cleaning House,https://www.dailynorseman.com/2022/8/31/23330715/norse-code-podcast-episode-431-cleaning-house,dailynorseman.com,English,0.0,gdelt_gkg
PYPL,2022-08-31,"Stocks are off to a mixed start , remain lower for the week",https://www.kitv.com/news/business/stocks-are-off-to-a-mixed-start-remain-lower-for-the-week/article_64b34a73-1cee-5da6-8a38-0bf958c2cd6c.html,kitv.com,English,0.0,gdelt_gkg
PYPL,2022-08-31,What Consumer Spending Slowdown ? Visa August Results Show Little Impact . ,https://www.marketwatch.com/articles/-consumer-spending-visa-51661966988,marketwatch.com,English,0.0,gdelt_gkg
PYPL,2022-08-31,Gardaí issue fraud scam warning for student accommodation,https://www.offalyindependent.ie/2022/08/31/gardai-issue-fraud-scam-warning-for-student-accommodation/,offalyindependent.ie,English,0.0,gdelt_gkg
PYPL,2022-08-31,"Stocks are off to a mixed start , remain lower for the week",https://lasvegassun.com/news/2022/aug/31/stocks-are-off-to-a-mixed-start-remain-lower-for-t/,lasvegassun.com,English,0.0,gdelt_gkg
PYPL,2022-08-31,Digital Agency YML Launches FIREWATCH NFT Project to Restore California Forests,https://www.streetinsider.com/PRNewswire/Digital+Agency+YML+Launches+FIREWATCH+NFT+Project+to+Restore+California+Forests/20534448.html,streetinsider.com,English,0.0,gdelt_gkg
PYPL,2022-08-31,Payments Giant Joins Crypto Compliance Initiative Amid Bankr ... ,https://menafn.com/1104787561/Payments-Giant-Joins-Crypto-Compliance-Initiative-Amid-Bankruptcies,menafn.com,English,0.0,gdelt_gkg
PYPL,2022-08-31,Climate Crisis And Poor Government Planning Are To Blame For Pakistan Floods,https://healthpolicy-watch.news/climate-crisis-government-pakistan-floods/,healthpolicy-watch.news,English,0.0,gdelt_gkg
PYPL,2022-08-31,Visumfrei in die Vereinigten Staaten von Amerika dank ESTA,https://www.landeszeitung.de/mehr/themenwelten/leben-freizeit/627614-visumfrei-in-die-vereinigten-staaten-von-amerika-dank-esta/,landeszeitung.de,German,0.0,gdelt_gkg
PYPL,2022-08-31,Why PayPal Holdings Stock Popped This Morning,https://www.fool.com/investing/2022/08/31/why-paypal-holdings-stock-popped-this-morning/?source=iedfolrf0000001,fool.com,English,0.0,gdelt_gkg
PYPL,2022-08-31,"Japan Covid deaths to reach 40 , 000 in next 24 hours",http://moderntokyotimes.com/japan-covid-deaths-to-reach-40000-in-next-24-hours/,moderntokyotimes.com,English,0.0,gdelt_gkg
PYPL,2022-08-31,Fashion fraud ! Cyber - security experts reveal tips to protect yourself while online shopping,https://www.dailymail.co.uk/femail/article-11164999/Fashion-fraud-Cyber-security-experts-reveal-tips-protect-online-shopping.html,dailymail.co.uk,English,0.0,gdelt_gkg
PYPL,2022-08-31,"AviaGames Announces  8 Ball Strike  Mobile Game , a Pool - Inspired Title Putting Player Billiards Techniques to the Test",https://www.prnewswire.com/news-releases/aviagames-announces-8-ball-strike-mobile-game-a-pool-inspired-title-putting-players-billiards-techniques-to-the-test-301615294.html,prnewswire.com,English,0.0,gdelt_gkg
PYPL,2022-08-31,Investegate |GRC Intnl . Group PLC Announcements | GRC Intnl . Group PLC : Final results for the year ended 31 March 2022,https://www.investegate.co.uk/grc-intnl.group-plc--grc-/rns/final-results-for-the-year-ended-31-march-2022/202208310701006642X/,investegate.co.uk,English,0.0,gdelt_gkg
PYPL,2022-08-31,"Pre - Open Movers : Bed Bath & Beyond Sinks on Update , PayPal Gains on Upgrade","https://www.streetinsider.com/Special+Reports/Pre-Open+Movers:+Bed+Bath+&+Beyond+Sinks+on+Update,+PayPal+Gains+on+Upgrade/20533921.html",streetinsider.com,English,0.0,gdelt_gkg
PYPL,2022-08-31,  Look out for red flag - Third level students warned over accommodation fraud,https://www.tipperarylive.ie/news/national-news/899429/look-out-for-red-flags-third-level-students-warned-over-accommodation-fraud.html,tipperarylive.ie,English,0.0,gdelt_gkg
PYPL,2022-08-31,Gardai warning to students as accommodation fraud soars by 30 % ,https://www.tipperarylive.ie/news/national-news/899521/gardai-warning-to-students-as-accommodation-fraud-soars-by-30.html,tipperarylive.ie,English,0.0,gdelt_gkg
PYPL,2022-08-31,Best Connecticut Betting Apps 2022 - Compare CT Sports Betting Apps,https://augustafreepress.com/betting/connecticut-betting-apps/,augustafreepress.com,English,0.0,gdelt_gkg
PYPL,2022-08-31,"Ukraine , media censorship and the ruthless politics of permanent war",http://www.msn.com/en-us/news/world/ukraine-media-censorship-and-the-ruthless-politics-of-permanent-war/ar-AA11jdXC,msn.com,English,0.0,gdelt_gkg
PYPL,2022-08-31,Horse Racing in Washington - Best WA Horse Racing Betting Sites,https://augustafreepress.com/betting/washington-horse-racing/,augustafreepress.com,English,0.0,gdelt_gkg
PYPL,2022-08-31,What should be paid attention to when using polycarboxylate superplasticizer for C30 and below concrete ? ,https://www.integra927.com/News/What-should-be-paid-attention-to-when-using-polycarboxylate-superplasticizer-for-C30-and-below-concrete.html,integra927.com,English,0.0,gdelt_gkg
PYPL,2022-08-31,Gardaí warn students after over €290k stolen in rental scams in 2022 alone,https://www.sundayworld.com/crime/irish-crime/gardai-warn-students-after-over-290k-stolen-in-rental-scams-this-year-alone/911011379.html,sundayworld.com,English,0.0,gdelt_gkg
PYPL,2022-08-31,"New Bern Arabian Court , Temple have long history , hundreds expected for annual events",https://news.yahoo.com/berns-arabian-court-temple-long-090103134.html,news.yahoo.com,English,0.0,gdelt_gkg
PYPL,2022-08-31,CENSORED ! How Online Media Companies Are Suppressing Conservative Speech,https://newsbusters.org/blogs/culture/ashley-rae-goldenberg/2018/04/16/censored-how-online-media-companies-are-suppressing,newsbusters.org,English,0.0,gdelt_gkg
PYPL,2022-08-31,  Look out for red flag - Third level students warned over accommodation fraud,https://www.leitrimobserver.ie/news/national-news/899429/look-out-for-red-flags-third-level-students-warned-over-accommodation-fraud.html,leitrimobserver.ie,English,0.0,gdelt_gkg
PYPL,2022-08-31,Frugal mother who slashes family bills by reselling second - hand goods shares her top tips,https://www.dailymail.co.uk/femail/article-11163727/Frugal-mother-slashes-familys-bills-reselling-second-hand-goods-shares-tips.html,dailymail.co.uk,English,0.0,gdelt_gkg
PYPL,2022-08-31,  Look out for red flag - Third level students warned over accommodation fraud,https://www.limerickleader.ie/news/national-news/899429/look-out-for-red-flags-third-level-students-warned-over-accommodation-fraud.html,limerickleader.ie,English,0.0,gdelt_gkg
PYPL,2022-08-31,kath . net,https://www.kath.net/news/79339,kath.net,German,0.0,gdelt_gkg
PYPL,2022-08-31,Savvy mum slashes food shopping bill and pays for it by reselling charity shop and car boot sale bargains,https://www.walesonline.co.uk/news/cost-of-living/savvy-mum-slashes-food-shopping-24894493,walesonline.co.uk,English,0.0,gdelt_gkg
PYPL,2022-08-31,kath . net,https://www.kath.net/news/79342,kath.net,German,0.0,gdelt_gkg
PYPL,2022-08-31,kath . net,https://www.kath.net/news/79345,kath.net,German,0.0,gdelt_gkg
PYPL,2022-08-31,  Look out for red flag - Third level students warned over accommodation fraud,https://www.leinsterexpress.ie/news/national-news/899429/look-out-for-red-flags-third-level-students-warned-over-accommodation-fraud.html,leinsterexpress.ie,English,0.0,gdelt_gkg
PYPL,2022-08-31,"Students warned over common scam on return to college that could cost them €1 , 300",https://www.irishmirror.ie/news/irish-news/students-warned-over-common-scam-27872704,irishmirror.ie,English,0.0,gdelt_gkg
PYPL,2022-08-31,Elon Musk open to future Bitcoin Holdings despite recent sell off,https://www.newzimbabwe.com/elon-musk-open-to-future-bitcoin-holdings-despite-recent-sell-off-2/,newzimbabwe.com,English,0.0,gdelt_gkg
PYPL,2022-08-31,Student accommodation fraud scam warning | Connaught Telegraph,https://www.con-telegraph.ie/2022/08/31/student-accommodation-fraud-scam-warning-2/,con-telegraph.ie,English,0.0,gdelt_gkg
PYPL,2022-08-31,Man pleads guilty to involvement in illegal steroid distribution scheme,https://yorknewstimes.com/news/state-and-regional/crime-and-courts/man-pleads-guilty-to-involvement-in-illegal-steroid-distribution-scheme/article_5894b6c9-98e1-57a9-b34b-565b439db8af.html,yorknewstimes.com,English,0.0,gdelt_gkg
PYPL,2022-08-31,Man pleads guilty to involvement in illegal steroid distribution scheme,https://kearneyhub.com/news/state-and-regional/crime-and-courts/man-pleads-guilty-to-involvement-in-illegal-steroid-distribution-scheme/article_1620abca-9ebb-5d3c-ac62-23135952dd9e.html,kearneyhub.com,English,0.0,gdelt_gkg
PYPL,2022-08-31,30 % increase in accommodation fraud in 2022,https://www.rte.ie/news/ireland/2022/0831/1319756-student-accommodation-fraud/,rte.ie,English,0.0,gdelt_gkg
PYPL,2022-08-31,Gardaí issue warning to students due to increase in rental scams ahead of new academic year,https://www.thejournal.ie/gardai-warning-students-rental-scam-5853621-Aug2022/,thejournal.ie,English,0.0,gdelt_gkg
PYPL,2022-08-31,Cómo ganar 1 . 200 dólares sin salir de tu casa : el nuevo trabajo que tiene cada vez más adeptos | Crónica,https://www.entornointeligente.com/cmo-ganar-1-200-dlares-sin-salir-de-tu-casa-el-nuevo-trabajo-que-tiene-cada-vez-ms-adeptos-crnica-6/,entornointeligente.com,Spanish,0.0,gdelt_gkg
PYPL,2022-08-31,Gardaí are advising students to be wary of rental scams - Highland Radio - Latest Donegal News and Sport,https://highlandradio.com/2022/08/31/gardai-are-advising-students-to-be-wary-of-rental-scams/,highlandradio.com,English,0.0,gdelt_gkg
PYPL,2022-08-31,Cómo ganar 1 . 200 dólares sin salir de tu casa : el nuevo trabajo que tiene cada vez más adeptos | Crónica,https://www.entornointeligente.com/cmo-ganar-1-200-dlares-sin-salir-de-tu-casa-el-nuevo-trabajo-que-tiene-cada-vez-ms-adeptos-crnica-4/,entornointeligente.com,Spanish,0.0,gdelt_gkg
PYPL,2022-08-31,Stock Market | FinancialContent Business Page,https://markets.financialcontent.com/stocks/article/abnewswire-2022-8-31-us-visa-for-san-marino-citizens-and-singapore-citizens,markets.financialcontent.com,English,0.0,gdelt_gkg
PYPL,2022-08-31,HR Magazine - Best of HR books : August 2022,https://www.hrmagazine.co.uk/content/features/best-of-hr-books-august-2022,hrmagazine.co.uk,English,0.0,gdelt_gkg
PYPL,2022-08-31,Gardaí issue warning about student accommodation fraud scams,https://www.leitrimobserver.ie/news/national-news/899570/gardai-issue-warning-about-student-accommodation-fraud-scams.html,leitrimobserver.ie,English,0.0,gdelt_gkg
PYPL,2022-08-31,Best Utah Betting Apps 2022 - Compare UT Sports Betting Apps,https://augustafreepress.com/betting/utah-betting-apps/,augustafreepress.com,English,0.0,gdelt_gkg
PYPL,2022-08-31,Funky Taurus Media - Music Photo Agency & Products,https://www.funkytaurusmedia.com/shop_content.php?coID=3&XTCsid=rmp1mpff935i2ajropoiojlsm3,funkytaurusmedia.com,English,0.0,gdelt_gkg
PYPL,2022-08-31,"AviaGames Announces  8 Ball Strike  Mobile Game , a Pool - Inspired Title Putting Player Billiards Techniques to the Test",https://www.prnewswire.com:443/news-releases/aviagames-announces-8-ball-strike-mobile-game-a-pool-inspired-title-putting-players-billiards-techniques-to-the-test-301615294.html,prnewswire.com,English,0.0,gdelt_gkg
PYPL,2022-08-31,Investegate |Boku Inc Announcements | Boku Inc : Total Voting Rights,https://www.investegate.co.uk/boku-inc--boku-/rns/total-voting-rights/202208311358498007X/,investegate.co.uk,English,0.0,gdelt_gkg
PYPL,2022-08-31,Microsmallcap . com : Payments Giant Joins Crypto Compliance Initiative Amid Bankruptcies,https://www.finanznachrichten.de/nachrichten-2022-08/56944538-microsmallcap-com-payments-giant-joins-crypto-compliance-initiative-amid-bankruptcies-008.htm,finanznachrichten.de,English,0.0,gdelt_gkg
PYPL,2022-08-31,Stock Market | FinancialContent Business Page,https://markets.financialcontent.com/stocks/article/financialnewsmedia-2022-8-31-payments-giant-joins-crypto-compliance-initiative-amid-bankruptcies,markets.financialcontent.com,English,0.0,gdelt_gkg
PYPL,2022-08-31,Payments Giant Joins Crypto Compliance Initiative Amid Bankruptcies,https://www.prnewswire.com/news-releases/payments-giant-joins-crypto-compliance-initiative-amid-bankruptcies-301615191.html,prnewswire.com,English,0.0,gdelt_gkg
PYPL,2022-08-31,Payments Giant Joins Crypto Compliance Initiative Amid Bankruptcies,https://www.prnewswire.com:443/news-releases/payments-giant-joins-crypto-compliance-initiative-amid-bankruptcies-301615191.html,prnewswire.com,English,0.0,gdelt_gkg
PYPL,2022-08-31,  Look out for red flag - Third level students warned over accommodation fraud,https://www.offalyexpress.ie/news/local-news/899641/look-out-for-red-flags-third-level-students-warned-over-accommodation-fraud.html,offalyexpress.ie,English,0.0,gdelt_gkg
PYPL,2022-08-31,The Top 10 Best Free Trading Platforms in 2022,https://invezz.com/stocks/trading-platforms/free-trading/,invezz.com,English,0.0,gdelt_gkg
PYPL,2022-08-31,Gardaí issue student accommodation scam warning,https://www.anglocelt.ie/2022/08/31/gardai-issue-student-accommodation-scam-warning/,anglocelt.ie,English,0.0,gdelt_gkg
PYPL,2022-08-31,The Top 10 Best Spread Betting Brokers in 2022,https://invezz.com/invest/platforms/spread-betting/,invezz.com,English,0.0,gdelt_gkg
PYPL,2022-08-31,Gardai warning to students as accommodation fraud soars by 30 % ,https://www.dundalkdemocrat.ie/news/national-news/899521/gardai-warning-to-students-as-accommodation-fraud-soars-by-30.html,dundalkdemocrat.ie,English,0.0,gdelt_gkg
PYPL,2022-08-31,Whitestown student awarded Indiana Donor Network scholarship,https://www.reporter.net/news/local_news/whitestown-student-awarded-indiana-donor-network-scholarship/article_31074dc4-22fe-11ed-98d0-731fef92a598.html,reporter.net,English,0.0,gdelt_gkg
PYPL,2022-08-31,  Look out for red flag - Third level students warned over accommodation fraud,https://www.dundalkdemocrat.ie/news/national-news/899429/look-out-for-red-flags-third-level-students-warned-over-accommodation-fraud.html,dundalkdemocrat.ie,English,0.0,gdelt_gkg
PYPL,2022-08-31,An Ominous Month Looms For Battered Nasdaq Bulls,https://www.bnnbloomberg.ca/an-ominous-month-looms-for-battered-nasdaq-bulls-1.1812766,bnnbloomberg.ca,English,0.0,gdelt_gkg
PYPL,2022-08-31,Stock Market | FinancialContent Business Page,https://markets.financialcontent.com/stocks/article/marketbeat-2022-8-31-can-pinterest-rally-on-support-from-big-investor-with-conviction,markets.financialcontent.com,English,0.0,gdelt_gkg
PYPL,2022-08-31,Gardai warning to students as accommodation fraud soars by 30 % ,https://www.longfordleader.ie/news/national-news/899521/gardai-warning-to-students-as-accommodation-fraud-soars-by-30.html,longfordleader.ie,English,0.0,gdelt_gkg
PYPL,2022-08-31,  Look out for red flag - Third level students warned over accommodation fraud,https://www.derrynow.com/news/national-news/899429/look-out-for-red-flags-third-level-students-warned-over-accommodation-fraud.html,derrynow.com,English,0.0,gdelt_gkg
PYPL,2022-08-31,Six Key Aspects Of Software Development Every Fintech Startup Should Keep In Mind,https://www.forbes.com/sites/forbestechcouncil/2022/08/31/six-key-aspects-of-software-development-every-fintech-startup-should-keep-in-mind/,forbes.com,English,0.0,gdelt_gkg
PYPL,2022-08-31,2 percent cash back is king : Why 1 . 5 percent isnt good enough anymore,http://www.msn.com/en-us/money/personalfinance/2-percent-cash-back-is-king-why-1-5-percent-isn-t-good-enough-anymore/ar-AA11j015,msn.com,English,0.0,gdelt_gkg
PYPL,2022-08-31,Gardai warning to students as accommodation fraud soars by 30 % ,https://www.donegallive.ie/news/national-news/899521/gardai-warning-to-students-as-accommodation-fraud-soars-by-30.html,donegallive.ie,English,0.0,gdelt_gkg
PYPL,2022-08-31,Why The University Of Illinois Is A Top College For Entrepreneurs,https://www.forbes.com/sites/peterandrewwilkins/2022/08/31/why-the-university-of-illinois-is-a-top-college-for-entrepreneurs/,forbes.com,English,0.0,gdelt_gkg
PYPL,2022-08-31,Savvy mum slashes food shopping bill and pays for it by reselling charity shop and car boot sale bargains,https://www.hulldailymail.co.uk/news/cost-of-living/savvy-mum-slashes-food-shopping-7528408,hulldailymail.co.uk,English,0.0,gdelt_gkg
PYPL,2022-08-31,휴렛패커드 PC시장 둔화로 매출 · 순익 모두 감소,https://www.hankyung.com/economy/article/202208312123i,hankyung.com,Korean,0.0,gdelt_gkg
PYPL,2022-08-31,Savvy mum slashes food shopping bill and pays for it by reselling charity shop and car boot sale bargains,https://www.getsurrey.co.uk/news/cost-of-living/savvy-mum-slashes-food-shopping-24894493,getsurrey.co.uk,English,0.0,gdelt_gkg
PYPL,2022-08-31,Gardaí warn Kilkenny students to be aware of accommodation fraud scams,https://www.kilkennypeople.ie/news/crime---court/899412/gardai-warn-kilkenny-students-to-be-aware-of-accommodation-fraud-scams.html,kilkennypeople.ie,English,0.0,gdelt_gkg
PYPL,2022-08-31,Gardai warning to students as accommodation fraud soars by 30 % ,https://www.kilkennypeople.ie/news/national-news/899521/gardai-warning-to-students-as-accommodation-fraud-soars-by-30.html,kilkennypeople.ie,English,0.0,gdelt_gkg
PYPL,2022-08-31,  경쟁 · 규제 이중고 … 로빈후드  비중축소  강등 [ 서학개미 리포트 ] ,https://www.edaily.co.kr/news/read?newsId=03709686632432896&mediaCodeNo=257,edaily.co.kr,Korean,0.0,gdelt_gkg
PYPL,2022-08-31,Funky Taurus Media - Music Photo Agency & Products,https://www.funkytaurusmedia.com/shop_content.php?coID=2&XTCsid=rmp1mpff935i2ajropoiojlsm3,funkytaurusmedia.com,English,0.0,gdelt_gkg
PYPL,2022-08-31,Page A1 | e - Edition | chronicle - tribune . com,https://www.chronicle-tribune.com/eedition/page-a1/page_5eada84e-329c-5eca-8742-b703973f1f45.html,chronicle-tribune.com,English,0.0,gdelt_gkg
PYPL,2022-08-31,Stock Market,https://markets.buffalonews.com/buffnews/article/abnewswire-2022-8-31-us-visa-for-san-marino-citizens-and-singapore-citizens,markets.buffalonews.com,English,0.0,gdelt_gkg
PYPL,2022-08-31,Cómo ganar 1 . 200 dólares sin salir de tu casa : el nuevo trabajo que tiene cada vez más adeptos | Crónica,https://www.entornointeligente.com/cmo-ganar-1-200-dlares-sin-salir-de-tu-casa-el-nuevo-trabajo-que-tiene-cada-vez-ms-adeptos-crnica-3/,entornointeligente.com,Spanish,0.0,gdelt_gkg
PYPL,2022-08-31,MAGGIE PAGANO : Klarna calamitous collapse,https://www.dailymail.co.uk/money/comment/article-11165939/MAGGIE-PAGANO-Klarnas-calamitous-collapse.html,dailymail.co.uk,English,0.0,gdelt_gkg
PYPL,2022-08-31,BOWL . com | Privacy,https://bowl.com/privacy/,bowl.com,English,0.0,gdelt_gkg
PYPL,2022-08-31,Comments on  Arizona Supreme Court : Senate can use legislative privilege to shield some  audit  records  ,https://www.tucsonsentinel.com/local/comments/083122_senate_audit_shield/,tucsonsentinel.com,English,0.0,gdelt_gkg
PYPL,2022-08-31,US Food And Drug Administration Approves Omicron - Targeting COVID - 19 Boosters For Fall,https://healthpolicy-watch.news/us-fda-omicron-targeting-covid-19-boosters/,healthpolicy-watch.news,English,0.0,gdelt_gkg
PYPL,2022-08-31,Peter Thiel and Mitch McConnell battle over Republican Senate candidates,https://www.dailymail.co.uk/news/article-11166781/Peter-Thiel-Mitch-McConnell-battle-Republican-Senate-candidates.html,dailymail.co.uk,English,0.0,gdelt_gkg
PYPL,2022-08-31,Man pleads guilty to involvement in illegal steroid distribution scheme,https://nptelegraph.com/news/state-and-regional/crime-and-courts/man-pleads-guilty-to-involvement-in-illegal-steroid-distribution-scheme/article_c1bcfb54-2544-5893-bf16-6064702e7d58.html,nptelegraph.com,English,0.0,gdelt_gkg
PYPL,2022-08-31,"Apple Pay Later raises concerns over lack of BNPL regulations , CFPB says",https://www.fox7austin.com/money/apple-buy-now-pay-later-regulatory-concerns-cfpb,fox7austin.com,English,0.0,gdelt_gkg
PYPL,2022-09-01,🔥 460€ le robot - aspirateur Roborock Q7 Max+ avec vidange automatique,https://www.techno-science.net/actualite/460-robot-aspirateur-roborock-q7-max-avec-vidange-automatique-E54945.html,techno-science.net,French,0.0,gdelt_gkg
PYPL,2022-09-01,Best Hawaii Betting Apps 2022 - Compare HI Sports Betting Apps,https://augustafreepress.com/betting/hawaii-betting-apps/,augustafreepress.com,English,0.0,gdelt_gkg
PYPL,2022-09-01,Report : Investor Peter Thiel Rebuffs McConnell Finance Request,https://www.wtma.com/news/report-thiel-rebuffed-mcconnell-financial-request/,wtma.com,English,0.0,gdelt_gkg
PYPL,2022-09-01,"Group , annual workshop speaks to Renaissance music lovers",https://www.dailyitem.com/news/group-annual-workshop-speaks-to-renaissance-music-lovers/article_142d2de8-296d-11ed-af39-93e3be94e785.html,dailyitem.com,English,0.0,gdelt_gkg
PYPL,2022-09-01,Report : Investor Peter Thiel Rebuffs McConnell Finance Request,https://www.newsradio1029.com/news/report-thiel-rebuffed-mcconnell-financial-request/,newsradio1029.com,English,0.0,gdelt_gkg
PYPL,2022-09-01,TRC Market Research Is Ranked # 6 in the GRIT Top 50 List as the Most Innovative Strategic Research Consultancy in 2022 Greenbook Report,https://www.prweb.com/releases/2022/09/prweb18857464.htm,prweb.com,English,0.0,gdelt_gkg
PYPL,2022-09-01,Some of the Best Sister Sites Online Casinos,https://www.heraldscotland.com/news/20880809.best-sister-sites-online-casinos/,heraldscotland.com,English,0.0,gdelt_gkg
PYPL,2022-09-01,WorldRemit parent names former Bill . com exec Lenhard CEO,https://www.americanbanker.com/articles/worldremit-parent-names-former-bill-com-exec-lenhard-ceo,americanbanker.com,English,0.0,gdelt_gkg
PYPL,2022-09-01,"FanDuel Kansas Promo Code : Bet $5 , Get $150 in Free Bets",https://www.gamingtoday.com/news/fanduel-kansas-promo-code-bonuses/,gamingtoday.com,English,0.0,gdelt_gkg
PYPL,2022-09-01,Why does the Biden administration oppose Israel anti - terror actions ? ,https://www.heritagefl.com/story/2022/09/02/opinions/why-does-the-biden-administration-oppose-israels-anti-terror-actions/17093.html,heritagefl.com,English,0.0,gdelt_gkg
PYPL,2022-09-01,Is Elon Musk pal messing with Twitter to score bro points ? ,https://www.theverge.com/2022/9/1/23331732/elon-musk-twitter-david-sacks-paypal-mafia-subpoenas-clout,theverge.com,English,0.0,gdelt_gkg
PYPL,2022-09-01,"Redhill acquires VS Story , fortifies sustainability footprint",https://www.adgully.com/redhill-acquires-vs-story-fortifies-sustainability-footprint-122089.html,adgully.com,English,0.0,gdelt_gkg
PYPL,2022-09-01,Nintendo Doownlooad : The Ooblets are Here ! – Consumer Electronics Net,http://www.consumerelectronicsnet.com/nintendo-doownlooad-the-ooblets-are-here/,consumerelectronicsnet.com,English,0.0,gdelt_gkg
PYPL,2022-09-01,Best Hawaii Gambling Sites 2022 - Online Gambling in HI,https://augustafreepress.com/gambling/hawaii-gambling/,augustafreepress.com,English,0.0,gdelt_gkg
PYPL,2022-09-01,Comments on  Arizona private school students flock to expanded school voucher program  ,https://www.tucsonsentinel.com/local/comments/090122_school_voucher_growth/,tucsonsentinel.com,English,0.0,gdelt_gkg
PYPL,2022-09-01,Systemic Inflation & Currency Wasteland : Got Gold ? – Investment Watch,https://www.investmentwatchblog.com/systemic-inflation-currency-wasteland-got-gold/,investmentwatchblog.com,English,0.0,gdelt_gkg
PYPL,2022-09-01,Stock Market | FinancialContent Business Page,https://markets.financialcontent.com/stocks/article/webwire-2022-9-1-new-wigs-and-extensions-for-labor-day-2022,markets.financialcontent.com,English,0.0,gdelt_gkg
PYPL,2022-09-01,"Resquire , herramienta para ayudar a freelancers con la gestión de pagos y facturas",https://wwwhatsnew.com/2022/09/01/resquire-herramienta-para-ayudar-a-freelancers-con-la-gestion-de-pagos-y-facturas/,wwwhatsnew.com,Spanish,0.0,gdelt_gkg
PYPL,2022-09-01,🌊What time is it ? Time to steal a watch ! ,https://www.hightide.harbourtimes.com/p/what-time-is-it-time-to-steal-a-watch,hightide.harbourtimes.com,English,0.0,gdelt_gkg
PYPL,2022-09-01,WonderFi Announces Agreement to Acquire Blockchain Foundry,https://www.streetinsider.com/Newsfile/WonderFi+Announces+Agreement+to+Acquire+Blockchain+Foundry/20539419.html,streetinsider.com,English,0.0,gdelt_gkg
PYPL,2022-09-01,Rebelscum . com : Update On The PSWCS . org Captain Rex Medallion,http://www.rebelscum.com/story/front/Update_On_The_PSWCSorg_Captain_Rex_Medallion_190227.asp,rebelscum.com,English,0.0,gdelt_gkg
PYPL,2022-09-01,"Banking - as - a - Service Market Size Worth $74 . 55 Billion by 2030 - Grand View Research , Inc . ",https://www.prnewswire.com:443/news-releases/banking-as-a-service-market-size-worth-74-55-billion-by-2030---grand-view-research-inc-301616184.html,prnewswire.com,English,0.0,gdelt_gkg
PYPL,2022-09-01,New Wigs & Extensions for Labor Day 2022,https://www.prnewswire.com:443/news-releases/new-wigs--extensions-for-labor-day-2022-301616187.html,prnewswire.com,English,0.0,gdelt_gkg
PYPL,2022-09-01,North American Morning Briefing : Stocks Face - 3 - ,https://www.morningstar.com/news/dow-jones/202209012510/north-american-morning-briefing-stocks-face-3,morningstar.com,English,0.0,gdelt_gkg
PYPL,2022-09-01,Ryde Carnival Week : The fun continues plenty to see and so,https://onthewight.com/ryde-carnival-week-the-fun-continues-plenty-to-see-and-so/,onthewight.com,English,0.0,gdelt_gkg
PYPL,2022-09-01,Shortfall - Weekly Worker,https://weeklyworker.co.uk/worker/1408/shortfall/,weeklyworker.co.uk,English,0.0,gdelt_gkg
PYPL,2022-09-01,A Breakthrough Tuberculosis Treatment Just Got Safer,https://healthpolicy-watch.news/a-breakthrough-tuberculosis-treatment-just-got-safer/,healthpolicy-watch.news,English,0.0,gdelt_gkg
PYPL,2022-09-01,2 : 00PM Water Cooler 9 / 1 / 2022 | naked capitalism,https://www.nakedcapitalism.com/2022/09/200pm-water-cooler-9-1-2022.html,nakedcapitalism.com,English,0.0,gdelt_gkg
PYPL,2022-09-01,Stock Market | FinancialContent Business Page,https://markets.financialcontent.com/stocks/article/sbwire-2022-9-1-digital-payments-market-size-is-hit-us-25664-bn-forecast-by-2028-rising-adoption-of-online-payments-systems-across-the-globe,markets.financialcontent.com,English,0.0,gdelt_gkg
PYPL,2022-09-01,Wayne H . Neumann,https://www.riverfallsjournal.com/obituaries/wayne-h-neumann/article_7838e348-826a-5b58-a80b-25c861b7c4c4.html,riverfallsjournal.com,English,0.0,gdelt_gkg
PYPL,2022-09-01,"Comments on  Lyft hit with 18 lawsuits over beatings , sexual assaults of drivers and passengers  ",https://www.tucsonsentinel.com/nationworld/comments/090122_lyft_lawsuit/,tucsonsentinel.com,English,0.0,gdelt_gkg
PYPL,2022-09-01,Funky Taurus Media - Music Photo Agency & Products,https://www.funkytaurusmedia.com/shop_content.php?coID=3&XTCsid=026runqh0mdvs9h1qmg3njnmu5,funkytaurusmedia.com,German,0.0,gdelt_gkg
PYPL,2022-09-01,"Comments on  Arizona youth have more access to mental health care under Jake Law , but barriers persist  ",https://www.tucsonsentinel.com/local/comments/090122_jakes_law/,tucsonsentinel.com,English,0.0,gdelt_gkg
PYPL,2022-09-01,Funky Taurus Media - Music Photo Agency & Products,https://www.funkytaurusmedia.com/shop_content.php?coID=2&XTCsid=026runqh0mdvs9h1qmg3njnmu5,funkytaurusmedia.com,German,0.0,gdelt_gkg
PYPL,2022-09-01,Comments on  Pfizer & Moderna to roll out Omicron - specific COVID - 19 boosters  ,https://www.tucsonsentinel.com/nationworld/comments/090122_strain_specific_boosters/,tucsonsentinel.com,English,0.0,gdelt_gkg
PYPL,2022-09-01,Comments on  Arizona candidate Blake Masters has hired 2  fake elector as campaign staffers  ,https://www.tucsonsentinel.com/local/comments/090122_masters_staffers/,tucsonsentinel.com,English,0.0,gdelt_gkg
PYPL,2022-09-01,Comments on  Trump faces possible obstruction of justice charges for concealing classified government documents  ,https://www.tucsonsentinel.com/opinion/comments/090122_trump_obstruction_op/,tucsonsentinel.com,English,0.0,gdelt_gkg
PYPL,2022-09-01,"Comments on  Arizona abortion providers slowly return to operation , despite legal uncertainty  ",https://www.tucsonsentinel.com/local/comments/090122_planned_parenthood_abortions/,tucsonsentinel.com,English,0.0,gdelt_gkg
PYPL,2022-09-01,Comments on  Chicago Mayor Lori Lightfoot office calls Texas gov migrant busing strategy  racist  ,https://www.tucsonsentinel.com/nationworld/comments/090122_migrant_busing_chicago/,tucsonsentinel.com,English,0.0,gdelt_gkg
PYPL,2022-09-01,"Simon Winchester : At Sandisfield Farmers Market , good karma flows like maple syrup",https://www.berkshireeagle.com/opinion/columnists/simon-winchester-sandisfield-farmers-market-karma-flows-like-maple-syrup/article_097efdf4-2a30-11ed-b8e4-cf7e9c96eef2.html,berkshireeagle.com,English,0.0,gdelt_gkg
PYPL,2022-09-01,Ukraine and the politics of permanent war,https://www.newagebd.net/article/179938/ukraine-and-the-politics-of-permanent-war,newagebd.net,English,0.0,gdelt_gkg
PYPL,2022-09-01,World Hindu Struggle Committee tries to hide crimes,https://www.weeklyblitz.net/international/world-hindu-struggle-committee-tries-to-hide-crimes/,weeklyblitz.net,English,0.0,gdelt_gkg
PYPL,2022-09-01,"PayPal backs crypto , but worries about bad actors",https://www.watoday.com.au/business/entrepreneurship/distressing-paypal-backs-crypto-but-worries-about-bad-actors-20220901-p5beh0.html,watoday.com.au,English,0.0,gdelt_gkg
PYPL,2022-09-01,Thrifty mum shares money - saving tricks including 30p meal hack,https://www.stokesentinel.co.uk/news/stoke-on-trent-news/thrifty-mum-shares-money-saving-7536248,stokesentinel.co.uk,English,0.0,gdelt_gkg
PYPL,2022-09-01,Funky Taurus Media - Music Photo Agency & Products,https://www.funkytaurusmedia.com/shop_content.php?coID=3&XTCsid=dql77eq6ul3cfd539roc77ta36,funkytaurusmedia.com,English,0.0,gdelt_gkg
PYPL,2022-09-01,Funky Taurus Media - Music Photo Agency & Products,https://www.funkytaurusmedia.com/shop_content.php?coID=2&XTCsid=dql77eq6ul3cfd539roc77ta36,funkytaurusmedia.com,English,0.0,gdelt_gkg
PYPL,2022-09-01,"PayPal backs crypto , but worries about bad actors",https://www.smh.com.au/business/entrepreneurship/distressing-paypal-backs-crypto-but-worries-about-bad-actors-20220901-p5beh0.html,smh.com.au,English,0.0,gdelt_gkg
PYPL,2022-09-01,"PayPal backs crypto , but worries about bad actors",https://www.theage.com.au/business/entrepreneurship/distressing-paypal-backs-crypto-but-worries-about-bad-actors-20220901-p5beh0.html,theage.com.au,English,0.0,gdelt_gkg
PYPL,2022-09-01,Avast SecureLine VPN Review,https://www.pcmag.com/reviews/avast-secureline-vpn,pcmag.com,English,0.0,gdelt_gkg
PYPL,2022-09-01,Can You Split Screen on iPhone ? ,https://www.howtogeek.com/827718/can-you-split-screen-on-iphone/,howtogeek.com,English,0.0,gdelt_gkg
PYPL,2022-09-01,"PayPal backs crypto , but worries about bad actors",https://www.brisbanetimes.com.au/business/entrepreneurship/distressing-paypal-backs-crypto-but-worries-about-bad-actors-20220901-p5beh0.html,brisbanetimes.com.au,English,0.0,gdelt_gkg
PYPL,2022-09-01,A tough time for buy now / pay later fintechs,https://www.americanbanker.com/payments/news/a-tough-time-for-buy-now-pay-later-fintechs,americanbanker.com,English,0.0,gdelt_gkg
PYPL,2022-09-01,Elavon debuts subscription point of sale to cut store upfront costs,https://www.americanbanker.com/payments/news/elavon-debuts-subscription-point-of-sale-to-cut-stores-upfront-costs,americanbanker.com,English,0.0,gdelt_gkg
PYPL,2022-09-01,PayPal : Jetzt wird dünn ! ,https://www.finanznachrichten.de/nachrichten-2022-09/56959511-paypal-jetzt-wird-s-duenn-584.htm,finanznachrichten.de,German,0.0,gdelt_gkg
PYPL,2022-09-01,kath . net,https://www.kath.net/news/79368,kath.net,German,0.0,gdelt_gkg
PYPL,2022-09-01,Wayne H . Neumann,https://www.hudsonstarobserver.com/obituaries/wayne-h-neumann/article_8c12627e-6ee3-522a-8ed3-4009f1c981c6.html,hudsonstarobserver.com,English,0.0,gdelt_gkg
PYPL,2022-09-01,"AFGHANISTAN Flooding kills 11 children in Afghan provinces , UNICEF reports","https://www.asianews.it/news-en/Flooding-kills-11-children-in-Afghan-provinces,-UNICEF-reports-56557.html",asianews.it,English,0.0,gdelt_gkg
PYPL,2022-09-01,Billionaires Cant Stop Buying This Fintech Stock on Sale,https://www.fool.com/investing/2022/09/01/billionaires-cant-stop-buying-this-fintech-stock-o/?source=iedfolrf0000001,fool.com,English,0.0,gdelt_gkg
PYPL,2022-09-01,Раненым в больницах Одесской области срочно нужна помощь,https://odessa-life.od.ua/news/ranenym-v-odesskom-voennom-gospitale-srochno-nuzhna-pomoshh,odessa-life.od.ua,Russian,0.0,gdelt_gkg
PYPL,2022-09-01,Simple Tips And Tricks To Tackle Inflation And Manage Budget ... ,https://menafn.com/1104791241/Simple-Tips-And-Tricks-To-Tackle-Inflation-And-Manage-Budgets-This-Back-To-School-Shopping-Season,menafn.com,English,0.0,gdelt_gkg
PYPL,2022-09-01,Stand - up paddling record to be attempted from Ludington,https://www.shorelinemedia.net/ludington_daily_news/news/local/stand-up-paddling-record-to-be-attempted-from-ludington/article_a1a2c290-a2cb-5eeb-9678-eb08978fbf83.html,shorelinemedia.net,English,0.0,gdelt_gkg
PYPL,2022-09-01,Marc Andreessen Redemptive Bet On Adam Neumann : Shrewd Gamble Or Fool Errand ? ,https://www.forbes.com/sites/lensherman/2022/08/31/marc-andreessens-redemptive-bet-on-adam-neumann-shrewd-gamble-or-fools-errand/,forbes.com,English,0.0,gdelt_gkg
PYPL,2022-09-01,Redhill acquires VS Story to bolster its sustainability arm through creative storytelling,https://campaignbriefasia.com/2022/09/01/redhill-acquires-vs-story-to-bolster-its-sustainability-arm-through-creative-storytelling/,campaignbriefasia.com,English,0.0,gdelt_gkg
PYPL,2022-09-01, ( 영상 ) 지금은 페이팔에 돈을 넣을 시간이야  ,https://www.edaily.co.kr/news/read?newsId=02076246632455856&mediaCodeNo=257,edaily.co.kr,Korean,0.0,gdelt_gkg
PYPL,2022-09-01,"Apple Pay Later raises concerns over lack of BNPL regulations , CFPB says",https://www.fox5ny.com/money/apple-buy-now-pay-later-regulatory-concerns-cfpb,fox5ny.com,English,0.0,gdelt_gkg
PYPL,2022-09-01,"Apple Pay Later raises concerns over lack of BNPL regulations , CFPB says",https://www.fox32chicago.com/money/apple-buy-now-pay-later-regulatory-concerns-cfpb,fox32chicago.com,English,0.0,gdelt_gkg
PYPL,2022-09-01,BofA 페이팔 수익 대폭 개선될 것 … 매수 상향,https://www.hankyung.com/finance/article/202208312211i,hankyung.com,Korean,0.0,gdelt_gkg
PYPL,2022-09-01,Self - Interpreting Bible & Protestant Chaos ( vs . Turretin ) ,https://www.patheos.com/blogs/davearmstrong/2022/08/self-interpreting-bible-protestant-chaos-vs-turretin.html,patheos.com,English,0.0,gdelt_gkg
PYPL,2022-09-01,Columbia woman accused of stealing from elderly couple and their disabled daughter,https://www.newspressnow.com/news/regional_news/central_missouri/columbia-woman-accused-of-stealing-from-elderly-couple-and-their-disabled-daughter/article_18756478-8cd1-5fe7-8836-70f735c6b511.html,newspressnow.com,English,0.0,gdelt_gkg
PYPL,2022-09-01,"Apple Pay Later raises concerns over lack of BNPL regulations , CFPB says",https://www.fox5atlanta.com/money/apple-buy-now-pay-later-regulatory-concerns-cfpb,fox5atlanta.com,English,0.0,gdelt_gkg
PYPL,2022-09-01,Singapore PR firm Redhill acquires sustainability production firm VS Story,https://www.eco-business.com/news/singapore-pr-firm-redhill-acquires-sustainability-production-firm-vs-story/,eco-business.com,English,0.0,gdelt_gkg
PYPL,2022-09-01,kath . net,https://www.kath.net/news/79362,kath.net,German,0.0,gdelt_gkg
PYPL,2022-09-01,"Apple Pay Later raises concerns over lack of BNPL regulations , CFPB says",https://www.fox10phoenix.com/money/apple-buy-now-pay-later-regulatory-concerns-cfpb,fox10phoenix.com,English,0.0,gdelt_gkg
PYPL,2022-09-01,트위터 - 머스크 법정 공방에 스탠퍼드대 소환,https://zdnet.co.kr/view/?no=20220901085515,zdnet.co.kr,Korean,0.0,gdelt_gkg
PYPL,2022-09-01,MAGGIE PAGANO : Klarna calamitous collapse,https://www.thisismoney.co.uk/money/comment/article-11165939/MAGGIE-PAGANO-Klarnas-calamitous-collapse.html,thisismoney.co.uk,English,0.0,gdelt_gkg
PYPL,2022-09-01,Stock Market | FinancialContent Business Page,https://markets.financialcontent.com/stocks/article/abnewswire-2022-9-1-us-visa-for-australian-citizens-south-korean-citizens,markets.financialcontent.com,English,0.0,gdelt_gkg
PYPL,2022-09-01,"Apple Pay Later raises concerns over lack of BNPL regulations , CFPB says",https://www.fox6now.com/money/apple-buy-now-pay-later-regulatory-concerns-cfpb,fox6now.com,English,0.0,gdelt_gkg
PYPL,2022-09-01,Stock Market | FinancialContent Business Page,https://markets.financialcontent.com/stocks/article/abnewswire-2022-9-1-new-zealand-visa-for-usa-citizens-and-european-citizens,markets.financialcontent.com,English,0.0,gdelt_gkg
PYPL,2022-09-01,Back to school 2022 : How to save money on back - to - school shopping,https://www.usatoday.com/story/money/reviewed/2022/08/31/back-school-2022-how-save-money-back-school-shopping/7939623001/,usatoday.com,English,0.0,gdelt_gkg
PYPL,2022-09-01,"Apple Pay Later raises concerns over lack of BNPL regulations , CFPB says",https://www.q13fox.com/money/apple-buy-now-pay-later-regulatory-concerns-cfpb,q13fox.com,English,0.0,gdelt_gkg
PYPL,2022-09-01,Columbia woman accused of stealing from elderly couple and their disabled daughter,https://abc17news.com/news/crime/2022/08/31/columbia-woman-accused-of-stealing-from-elderly-couple-and-their-disabled-daughter/,abc17news.com,English,0.0,gdelt_gkg
PYPL,2022-09-01,Nihilist . fm – Must materjal,https://www.muurileht.ee/nihilist-fm-must-materjal/,muurileht.ee,Estonian,0.0,gdelt_gkg
PYPL,2022-09-01,Macoupin Democrats plan Sept . 17 dinner,https://www.thetelegraph.com/news/article/Macoupin-Democrats-plan-Sept-17-dinner-17410672.php,thetelegraph.com,English,0.0,gdelt_gkg
PYPL,2022-09-01,"Daily Update : Kenny Omega , Shinjiro Otani , Velveteen Dream",https://www.f4wonline.com/news/daily-updates/daily-update-kenny-omega-shinjiro-otani-velveteen-dream,f4wonline.com,English,0.0,gdelt_gkg
PYPL,2022-09-01,"WorldRemit Parent Names Lenhard , Ex - Bill . com Executive , as CEO",https://www.bnnbloomberg.ca/worldremit-parent-names-lenhard-ex-bill-com-executive-as-ceo-1.1813106,bnnbloomberg.ca,English,0.0,gdelt_gkg
PYPL,2022-09-01,Program provides school supplies to teachers in Ottawa County,https://www.joplinglobe.com/news/local_news/program-provides-school-supplies-to-teachers-in-ottawa-county/article_67bad4b0-287d-11ed-a662-8bef3f57e454.html,joplinglobe.com,English,0.0,gdelt_gkg
PYPL,2022-09-01,"Yields , Dollar Jump on Fed Views as Haven Bid Ebbs : Markets Wrap",https://www.bloomberg.com/news/articles/2022-08-02/yields-dollar-jump-on-fed-views-as-haven-bid-ebbs-markets-wrap,bloomberg.com,English,0.0,gdelt_gkg
PYPL,2022-09-01,"Field to Table takes over San Jose Paypal Park , will host dinner series on the pitch | Culture",https://www.sfexaminer.com/culture/field-to-table-takes-over-san-jose-s-paypal-park-will-host-dinner-series-on/article_1019e734-296b-11ed-b1d0-17f718ece1ff.html,sfexaminer.com,English,0.0,gdelt_gkg
PYPL,2022-09-01,kath . net,https://www.kath.net/news/79343,kath.net,German,0.0,gdelt_gkg
PYPL,2022-09-01,"Reino Unido , verano de huelgas y descontento popular | Europa | Spanish",http://www.marxist.com/reino-unido-verano-de-huelgas-y-descontento-popular.htm,marxist.com,English,0.0,gdelt_gkg
PYPL,2022-09-01,Fundraisers for scooter rider who died in Isle of Wight crash | Isle of Wight County Press,https://www.countypress.co.uk/news/20873260.fundraisers-scooter-rider-died-isle-wight-crash/,countypress.co.uk,English,0.0,gdelt_gkg
PYPL,2022-09-01,"Review :  The Chaos Machine , by Max Fisher - The New York Times",https://www.nytimes.com/2022/09/01/books/review/max-fisher-chaos-machine.html,nytimes.com,English,0.0,gdelt_gkg
PYPL,2022-09-01,Online Casino Canada With High Payouts In 2022,https://theislandnow.com/canada/online-casino-canada-with-high-payouts-in-2022/,theislandnow.com,English,0.0,gdelt_gkg
PYPL,2022-09-01,Seed Banks Canada Of 2022 To Buy Weed Seeds,https://theislandnow.com/canada/seed-banks-cananda-to-buy-weed-seeds/,theislandnow.com,English,0.0,gdelt_gkg
PYPL,2022-09-01,Billionaires Have Been Buying These 7 Stocks as the Market Plunges,https://www.fool.com/investing/2022/09/01/billionaires-buying-7-stocks-as-the-market-plunges/,fool.com,English,0.0,gdelt_gkg
PYPL,2022-09-01,September 1 : Cost Of Sending Children To School In Belarus And Poland,https://charter97.org/en/news/2022/9/1/513717/,charter97.org,English,0.0,gdelt_gkg
PYPL,2022-09-01,kath . net,https://www.kath.net/news/79353,kath.net,German,0.0,gdelt_gkg
PYPL,2022-09-01,kath . net,https://www.kath.net/news/79365,kath.net,German,0.0,gdelt_gkg
PYPL,2022-09-01,Comments on  Az State Museum exhibit shows how  death is what unites u  ,https://www.tucsonsentinel.com/arts/comments/083122_end_of_life_exhibit/,tucsonsentinel.com,English,0.0,gdelt_gkg
PYPL,2022-09-01,Funky Taurus Media - Music Photo Agency & Products,https://www.funkytaurusmedia.com/shop_content.php?coID=2&XTCsid=9ni7dnve0915vb0elrttf3ug56,funkytaurusmedia.com,English,0.0,gdelt_gkg
PYPL,2022-09-01,SUPPORT,https://4zzz.org.au/support,4zzz.org.au,English,0.0,gdelt_gkg
PYPL,2022-09-01,Continued Support for Ukraine,https://www.kenwoodpress.com/2022/09/01/continued-support-for-ukraine/,kenwoodpress.com,English,0.0,gdelt_gkg
PYPL,2022-09-01,Kishida holds mock disaster : Deaths from Covid highest in August,http://moderntokyotimes.com/kishida-holds-mock-disaster-deaths-from-covid-highest-in-august/,moderntokyotimes.com,English,0.0,gdelt_gkg
PYPL,2022-09-01,Japan art and Totoya Hokkei : Pupil of Hokusai | Modern Tokyo Times,http://moderntokyotimes.com/japan-art-and-totoya-hokkei-pupil-of-hokusai/,moderntokyotimes.com,English,0.0,gdelt_gkg
PYPL,2022-09-01,What is Foam Concrete Used For ? ,https://www.mis-asia.com/Innovation/Global-concrete-foaming-agent-market-trend-2023-2027-What-is-Foam-Concrete-Used-For-by-Newsmis-asia.html,mis-asia.com,English,0.0,gdelt_gkg
PYPL,2022-09-01,RiverPark Long / Short Opportunity Fund Q2 2022 Quarterly Letter,https://seekingalpha.com/article/4538297-riverpark-longshort-opportunity-fund-q2-2022-quarterly-letter,seekingalpha.com,English,0.0,gdelt_gkg
PYPL,2022-09-01,Die nächsten Top News : Geschäftsführerin der Finanzagentur der Bundesrepublik Deutschland verstärkt das Management ! ,https://www.finanznachrichten.de/nachrichten-2022-09/56950581-die-naechsten-top-news-geschaeftsfuehrerin-der-finanzagentur-der-bundesrepublik-deutschland-verstaerkt-das-management-669.htm,finanznachrichten.de,German,0.0,gdelt_gkg
PYPL,2022-09-01,McConnell vs . Peter Thiel : Who should have to pick up the tab for Blake Masters campaign in Arizona ? ,https://hotair.com/allahpundit/2022/08/31/mcconnell-vs-peter-thiel-who-should-have-to-pick-up-the-tab-for-blake-masterss-campaign-in-arizona-n493721,hotair.com,English,0.0,gdelt_gkg
PYPL,2022-09-01,Wig Retailer CurlyMe Hair Announced Its Wigs Sales Growing,https://www.globenewswire.com/news-release/2022/09/01/2508144/0/en/Wig-Retailer-CurlyMe-Hair-Announced-Its-Wigs-Sales-Growing-Rapidly.html,globenewswire.com,English,0.0,gdelt_gkg
PYPL,2022-09-01,Dumpster - diving mum reveals how she makes meals for 30p per person,https://news.yahoo.com/dumpster-diving-mum-reveals-she-044558322.html,news.yahoo.com,English,0.0,gdelt_gkg
PYPL,2022-09-01,Funky Taurus Media - Music Photo Agency & Products,https://www.funkytaurusmedia.com/shop_content.php?coID=2&XTCsid=ipvnd087qunqdb14rvh6dks0t1,funkytaurusmedia.com,English,0.0,gdelt_gkg
PYPL,2022-09-01,Derby dealer from leafy suburb walks free despite huge stashes of cannabis,https://www.derbytelegraph.co.uk/news/derby-news/derby-dealer-caught-thousands-pounds-7526637,derbytelegraph.co.uk,English,0.0,gdelt_gkg
PYPL,2022-09-01,Wig Retailer CurlyMe Hair Announced Its Wigs Sales Growing Rapidly,https://www.streetinsider.com/Globe+Newswire/Wig+Retailer+CurlyMe+Hair+Announced+Its+Wigs+Sales+Growing+Rapidly/20537515.html,streetinsider.com,English,0.0,gdelt_gkg
PYPL,2022-09-01,Redhill acquires VS Story in SG to grow sustainability offering,https://www.marketing-interactive.com/redhill-acquires-vs-story-in-sg-to-grow-sustainability-offering,marketing-interactive.com,English,0.0,gdelt_gkg
PYPL,2022-09-01,"Mitch McConnell asked Peter Thiel to split costs in backing Trump - endorsed AZ Senate candidate Blake Masters before his PAC pulled funding from the race , per WaPo",https://africa.businessinsider.com/politics/mitch-mcconnell-asked-peter-thiel-to-split-costs-in-backing-trump-endorsed-az-senate/850yl6b,africa.businessinsider.com,English,0.0,gdelt_gkg
PYPL,2022-09-01,  코인으로 결제할께요 … 확산하는 디지털 화폐 결제,https://www.edaily.co.kr/news/read?newsId=02204166632455856&mediaCodeNo=257,edaily.co.kr,Korean,0.0,gdelt_gkg
PYPL,2022-09-01,Stock Market | FinancialContent Business Page,https://markets.financialcontent.com/stocks/article/bizwire-2022-9-1-japan-mobile-payment-market-report-2022-2027-increasing-penetration-of-internet-and-smartphones-and-rising-e-commerce-sector-driving-growth-researchandmarketscom,markets.financialcontent.com,English,0.0,gdelt_gkg
PYPL,2022-09-01,Les meilleures applications mobiles pour une rentrée 2022 réussie ! ,https://www.clubic.com/application-mobile/dossier-379944-back-to-school-le-top-des-apps-pour-une-rentree-reussie.html,clubic.com,French,0.0,gdelt_gkg
