ticker,date,title,url,domain,language,tone,source
PANW,2025-03-12,"  Threat actor  has registered over 10k domains for smishing scams , cybersecurity firm says",https://foxbaltimore.com/news/nation-world/threat-actor-has-registered-over-10k-domains-for-smishing-scams-cybersecurity-firm-says,foxbaltimore.com,English,0.0,gdelt_gkg
PANW,2025-03-12,"  Threat actor  has registered over 10k domains for smishing scams , cybersecurity firm says",https://cbs12.com/news/nation-world/threat-actor-has-registered-over-10k-domains-for-smishing-scams-cybersecurity-firm-says,cbs12.com,English,0.0,gdelt_gkg
PANW,2025-03-12,FBI warning smishing texts : New threat includes hack targeting iPhone users,https://www.fox7austin.com/news/fbi-warning-smishing-texts-new-threat-includes-hack-targeting-iphone-users,fox7austin.com,English,0.0,gdelt_gkg
PANW,2025-03-12,"  Threat actor  has registered over 10k domains for smishing scams , cybersecurity firm says",https://cbs6albany.com/news/nation-world/threat-actor-has-registered-over-10k-domains-for-smishing-scams-cybersecurity-firm-says,cbs6albany.com,English,0.0,gdelt_gkg
PANW,2025-03-12,"  Threat actor  has registered over 10k domains for smishing scams , cybersecurity firm says",https://wcti12.com/news/nation-world/threat-actor-has-registered-over-10k-domains-for-smishing-scams-cybersecurity-firm-says,wcti12.com,English,0.0,gdelt_gkg
PANW,2025-03-12,"  Threat actor  has registered over 10k domains for smishing scams , cybersecurity firm says",https://fox11online.com/news/nation-world/threat-actor-has-registered-over-10k-domains-for-smishing-scams-cybersecurity-firm-says,fox11online.com,English,0.0,gdelt_gkg
PANW,2025-03-12,SentinelOne struggles to translate AI innovation into revenue growth,https://infotechlead.com/security/sentinelone-struggles-to-translate-ai-innovation-into-revenue-growth-88933,infotechlead.com,English,0.0,gdelt_gkg
PANW,2025-03-12,"  Threat actor  has registered over 10k domains for smishing scams , cybersecurity firm says",https://foxsanantonio.com/news/nation-world/threat-actor-has-registered-over-10k-domains-for-smishing-scams-cybersecurity-firm-says,foxsanantonio.com,English,0.0,gdelt_gkg
PANW,2025-03-12,FBI warning smishing texts : New threat includes hack targeting iPhone users,https://www.fox9.com/news/fbi-warning-smishing-texts-new-threat-includes-hack-targeting-iphone-users,fox9.com,English,0.0,gdelt_gkg
PANW,2025-03-12,"  Threat actor  has registered over 10k domains for smishing scams , cybersecurity firm says",https://kval.com/news/nation-world/threat-actor-has-registered-over-10k-domains-for-smishing-scams-cybersecurity-firm-says,kval.com,English,0.0,gdelt_gkg
PANW,2025-03-12,"  Threat actor  has registered over 10k domains for smishing scams , cybersecurity firm says",https://fox56.com/news/nation-world/threat-actor-has-registered-over-10k-domains-for-smishing-scams-cybersecurity-firm-says,fox56.com,English,0.0,gdelt_gkg
PANW,2025-03-12,"  Threat actor  has registered over 10k domains for smishing scams , cybersecurity firm says",https://wsbt.com/news/nation-world/threat-actor-has-registered-over-10k-domains-for-smishing-scams-cybersecurity-firm-says,wsbt.com,English,0.0,gdelt_gkg
PANW,2025-03-12,Tech M & A advisory firm AXOM hires Morgan Stanley Black for software dealmaking,https://www.thestar.com.my/tech/tech-news/2025/03/13/tech-ma-advisory-firm-axom-hires-morgan-stanleys-black-for-software-dealmaking,thestar.com.my,English,0.0,gdelt_gkg
PANW,2025-03-12,"  Threat actor  has registered over 10k domains for smishing scams , cybersecurity firm says",https://okcfox.com/news/nation-world/threat-actor-has-registered-over-10k-domains-for-smishing-scams-cybersecurity-firm-says,okcfox.com,English,0.0,gdelt_gkg
PANW,2025-03-13,Sola Security Debuts AI - Powered SOAR Product with $30M Boost,https://www.bankinfosecurity.com/sola-security-debuts-ai-powered-soar-product-30m-boost-a-27724,bankinfosecurity.com,English,0.0,gdelt_gkg
PANW,2025-03-13,"Jim Cramer 6 favorite stocks now , plus updates on rest of portfolio",https://www.cnbc.com/2025/03/13/jim-cramers-6-favorite-stocks-now-plus-updates-on-rest-of-portfolio.html,cnbc.com,English,0.0,gdelt_gkg
PANW,2025-03-13,Dont click on those road toll texts . Officials issue warnings about the smishing scam,https://bear953.com/news/030030-dont-click-on-those-road-toll-texts-officials-issue-warnings-about-the-smishing-scam/,bear953.com,English,0.0,gdelt_gkg
PANW,2025-03-13,"Stan Wong Top Picks for March 13 , 2025 – BNN Bloomberg",https://www.bnnbloomberg.ca/investing/2025/03/13/stan-wongs-top-picks-for-march-13-2025/,bnnbloomberg.ca,English,0.0,gdelt_gkg
PANW,2025-03-13,FBI : Dont respond to scam text messages about highway tolls,https://www.wbaltv.com/article/text-message-scam-highway-toll-collection-fbi-warning/64176737,wbaltv.com,English,0.0,gdelt_gkg
PANW,2025-03-13,Dont click on those road toll texts . Officials issue warnings about the smishing scam,https://www.journal-news.com/nation-world/correction-toll-scams-story/3JSZPVA6FBGGPDEDMCX5SYL4EE/,journal-news.com,English,0.0,gdelt_gkg
PANW,2025-03-13,Toll texts : Officials issue warnings about the smishing scam,https://abc13.com/post/toll-texts-officials-issue-warnings-smishing-scam/16018604/,abc13.com,English,0.0,gdelt_gkg
PANW,2025-03-13,Dont click on those road toll texts . Officials issue warnings about the smishing scam,https://hits999fm.com/news/030030-dont-click-on-those-road-toll-texts-officials-issue-warnings-about-the-smishing-scam/,hits999fm.com,English,0.0,gdelt_gkg
PANW,2025-03-13,Officials issue warnings about road toll text scam – NBC Bay Area,https://www.nbcbayarea.com/news/road-toll-texts-scam/3817868/,nbcbayarea.com,English,0.0,gdelt_gkg
PANW,2025-03-13,Dont click on those road toll texts . Officials issue warnings about the smishing scam,https://rock102.com/news/030030-dont-click-on-those-road-toll-texts-officials-issue-warnings-about-the-smishing-scam/,rock102.com,English,0.0,gdelt_gkg
PANW,2025-03-13,Dont click on those road toll texts . Officials issue warnings about the smishing scam,https://www.kpbs.org/news/public-safety/2025/03/13/dont-click-on-those-road-toll-texts-officials-issue-warnings-about-the-smishing-scam,kpbs.org,English,0.0,gdelt_gkg
PANW,2025-03-13,Officials issue warnings about road toll text scam – NBC New York,https://www.nbcnewyork.com/news/national-international/road-toll-texts-scam/6186480/,nbcnewyork.com,English,0.0,gdelt_gkg
PANW,2025-03-13,Toll texts : Officials issue warnings about the smishing scam,https://abc7.com/post/toll-texts-officials-issue-warnings-smishing-scam/16018604/,abc7.com,English,0.0,gdelt_gkg
PANW,2025-03-13,Dont click on those road toll texts . Officials issue warnings about the smishing scam,https://sunnykeene.com/news/030030-dont-click-on-those-road-toll-texts-officials-issue-warnings-about-the-smishing-scam/,sunnykeene.com,English,0.0,gdelt_gkg
PANW,2025-03-13,Dont click on those road toll texts . Officials issue warnings about the smishing scam,https://wkne.com/news/030030-dont-click-on-those-road-toll-texts-officials-issue-warnings-about-the-smishing-scam/,wkne.com,English,0.0,gdelt_gkg
PANW,2025-03-13,Dont click on those road toll texts . Officials issue warnings about the smishing scam,https://eagle1005.com/news/030030-dont-click-on-those-road-toll-texts-officials-issue-warnings-about-the-smishing-scam/,eagle1005.com,English,0.0,gdelt_gkg
PANW,2025-03-13,Dont click on those road toll texts . Officials issue warnings about the smishing scam,https://lazer1033.com/news/030030-dont-click-on-those-road-toll-texts-officials-issue-warnings-about-the-smishing-scam/,lazer1033.com,English,0.0,gdelt_gkg
PANW,2025-03-13,Officials issue warnings about road toll text scam – NBC 5 Dallas - Fort Worth,https://www.nbcdfw.com/news/national-international/road-toll-texts-scam/3791890/,nbcdfw.com,English,0.0,gdelt_gkg
PANW,2025-03-13,Dont click on those toll text messages . Officials issue warnings about the smishing scam – Chicago Tribune,https://www.chicagotribune.com/2025/03/13/dont-click-on-those-toll-text-messages-officials-issue-warnings-about-the-smishing-scam/,chicagotribune.com,English,0.0,gdelt_gkg
PANW,2025-03-13,Dont click on those road toll texts . Officials issue warnings about the smishing scam,https://kioa.com/news/030030-dont-click-on-those-road-toll-texts-officials-issue-warnings-about-the-smishing-scam/,kioa.com,English,0.0,gdelt_gkg
PANW,2025-03-13,Dont click on those road toll texts . Officials issue warnings about the smishing scam,https://star997.com/news/030030-dont-click-on-those-road-toll-texts-officials-issue-warnings-about-the-smishing-scam/,star997.com,English,0.0,gdelt_gkg
PANW,2025-03-13,FBI issues fresh warning about the smishing scam,https://www.nwitimes.com/news/local/article_bba0c8a2-0023-11f0-b200-83360e551141.html,nwitimes.com,English,0.0,gdelt_gkg
PANW,2025-03-13,Tech Complexity Puts united kingdom Cybersecurity at Risk - Infosecurity Magazine,https://www.infosecurity-magazine.com/news/tech-complexity-uk-cyber-risk/,infosecurity-magazine.com,English,0.0,gdelt_gkg
PANW,2025-03-13,Dont click on those road toll texts FBI warns about scam,https://thedailyrecord.com/2025/03/13/dont-click-on-those-road-toll-texts-fbi-warns-about-smishing-scam/,thedailyrecord.com,English,0.0,gdelt_gkg
PANW,2025-03-13,Dont click on those road toll texts . FBI issues fresh warning about the smishing scam,https://www.2news.com/news/national/dont-click-on-those-road-toll-texts-fbi-issues-fresh-warning-about-the-smishing-scam/article_0f00f044-cd93-56d2-89c5-f56c5927df05.html,2news.com,English,0.0,gdelt_gkg
PANW,2025-03-13,Dont click on those road toll texts . FBI issues fresh warning about the smishing scam,https://techxplore.com/news/2025-03-dont-click-road-toll-texts.html,techxplore.com,English,0.0,gdelt_gkg
PANW,2025-03-13,Dont click on those road toll texts . Officials issue warnings about the smishing scam,https://www.wgauradio.com/news/dont-click-those/VAHO4PKTHNAX7NB4XR4BCVMJJM/,wgauradio.com,English,0.0,gdelt_gkg
PANW,2025-03-13,FBI urges public to delete WA Good to Go text scam messages . Here why,https://www.yahoo.com/news/fbi-urges-public-delete-wa-221348452.html,yahoo.com,English,0.0,gdelt_gkg
PANW,2025-03-13,Palo Alto Networks Deepens Commitment in Asia - Pacific and Japan with New Cloud Infrastructure Investment,https://portal.sina.com.hk/finance/finance-prnewswire/prnasia/2025/03/13/1138568/palo-alto-networks-deepens-commitment-in-asia-pacific-and-japan-with-new-cloud-infrastructure-investment/,portal.sina.com.hk,English,0.0,gdelt_gkg
PANW,2025-03-13,Palo Alto Networks Deepens Commitment in Asia - Pacific and Japan with New Cloud Infrastructure Investment,https://www.manilatimes.net/2025/03/13/tmt-newswire/pr-newswire/palo-alto-networks-deepens-commitment-in-asia-pacific-and-japan-with-new-cloud-infrastructure-investment/2072365,manilatimes.net,English,0.0,gdelt_gkg
PANW,2025-03-13,Palo Alto Networks Deepens Commitment in Asia - Pacific and Japan with New Cloud Infrastructure Investment,https://www.itnewsonline.com/PRNewswire/Palo-Alto-Networks-Deepens-Commitment-in-Asia-Pacific-and-Japan-with-New-Cloud-Infrastructure-Investment/1044818,itnewsonline.com,English,0.0,gdelt_gkg
PANW,2025-03-13,Palo Alto Networks Deepens Commitment in Asia - Pacific and Japan with New Cloud Infrastructure Investment,https://news.webindia123.com/news/Articles/Business/20250313/4296500.html,news.webindia123.com,English,0.0,gdelt_gkg
PANW,2025-03-13,LPU 2025 Batch Final Year Student Bags Rs 2 . 50 Crore Placement Package,https://www.thehindu.com/brandhub/lpus-2025-batch-final-year-student-bags-rs-250-crore-placement-package/article69321583.ece,thehindu.com,English,0.0,gdelt_gkg
PANW,2025-03-13,Newton Mearns pupils champion prestigious competition,https://www.glasgowtimes.co.uk/news/24997392.newton-mearns-pupils-champion-prestigious-competition/,glasgowtimes.co.uk,English,0.0,gdelt_gkg
PANW,2025-03-13,Dont click on those road toll texts . FBI issues fresh warning about the smishing scam,https://www.yahoo.com/news/dont-click-those-road-toll-134934429.html,yahoo.com,English,0.0,gdelt_gkg
PANW,2025-03-13,SentinelOne ( S ) Q4 2025 Earnings Call Transcript,https://www.fool.com/earnings/call-transcripts/2025/03/12/sentinelone-s-q4-2025-earnings-call-transcript/?source=iedfolrf0000001,fool.com,English,0.0,gdelt_gkg
PANW,2025-03-13,Dont click on those road toll texts . FBI issues fresh warning about the smishing scam,https://www.yahoo.com/news/dont-click-those-road-toll-134934523.html,yahoo.com,English,0.0,gdelt_gkg
PANW,2025-03-13,Dont click on road toll texts . FBI issues fresh warning about the smishing scam,https://abcnews.go.com/Technology/wireStory/click-road-toll-texts-fbi-issues-fresh-warning-119752721,abcnews.go.com,English,0.0,gdelt_gkg
PANW,2025-03-13,Dont click on those road toll texts . FBI issues fresh warning about the smishing scam,https://www.ottumwacourier.com/news/illinois_news/dont-click-on-those-road-toll-texts-fbi-issues-fresh-warning-about-the-smishing-scam/article_dc56bf44-1bd6-5631-9b05-81ef681ad041.html,ottumwacourier.com,English,0.0,gdelt_gkg
PANW,2025-03-13,"Dont click on toll road texts , FBI warns about smishing scam",https://www.baltimoresun.com/2025/03/13/toll-road-texts-scam/,baltimoresun.com,English,0.0,gdelt_gkg
PANW,2025-03-13,Dont click on those road toll texts . FBI issues fresh warning about the smishing scam,https://www.fox13memphis.com/news/dont-click-on-those-road-toll-texts-fbi-issues-fresh-warning-about-the-smishing-scam/article_27f4ea36-002b-11f0-911c-cb7f9649d7ce.html,fox13memphis.com,English,0.0,gdelt_gkg
PANW,2025-03-13,Dont click on those road toll texts . FBI issues fresh warning about the smishing scam,https://www.mymotherlode.com/news/national/3637449/dont-click-on-those-road-toll-texts-fbi-issues-fresh-warning-about-the-smishing-scam.html,mymotherlode.com,English,0.0,gdelt_gkg
PANW,2025-03-13,Palo Alto Networks ( NASDAQ : PANW ) Stock Price Down 1 . 6 % – What Next ? ,https://theenterpriseleader.com/2025/03/13/palo-alto-networks-nasdaqpanw-stock-price-down-1-6-whats-next.html,theenterpriseleader.com,English,0.0,gdelt_gkg
PANW,2025-03-13,"Dont click on those road toll texts , FBI warns",https://www.boston.com/news/national-news/2025/03/13/dont-click-on-those-road-toll-texts-fbi-warns/,boston.com,English,0.0,gdelt_gkg
PANW,2025-03-13,Dont click on those road toll texts . FBI issues fresh warning about the smishing scam,https://cdapress.com/news/2025/mar/13/dont-click-on-those-road-toll-texts-fbi-issues-fresh-warning-about-the-smishing-scam/,cdapress.com,English,0.0,gdelt_gkg
PANW,2025-03-13,Dont click on those road toll texts . FBI issues fresh warning about the smishing scam,https://muscatinejournal.com/news/state-and-regional/illinois/article_438e8ea5-92de-5774-8dd0-2643c0ceab60.html,muscatinejournal.com,English,0.0,gdelt_gkg
PANW,2025-03-13,Dont click on those road toll texts . FBI issues fresh warning about the smishing scam,https://www.whio.com/news/dont-click-those/VAHO4PKTHNAX7NB4XR4BCVMJJM/,whio.com,English,0.0,gdelt_gkg
PANW,2025-03-14,"Wellington Shields Capital Management LLC Has $11 . 03 Million Stock Position in Palo Alto Networks , Inc . ( NASDAQ : PANW ) ",https://www.wkrb13.com/2025/03/14/wellington-shields-capital-management-llc-has-11-03-million-stock-position-in-palo-alto-networks-inc-nasdaqpanw.html,wkrb13.com,English,0.0,gdelt_gkg
PANW,2025-03-14,"Rubrik surges as Wall Street praises Q4 results , outlook ( RBRK : NYSE ) ",https://seekingalpha.com/news/4420653-rubrik-surges-as-wall-street-praises-q4-results-outlook,seekingalpha.com,English,0.0,gdelt_gkg
PANW,2025-03-14,Officials issue warnings about toll road text scam | News,https://www.wfmz.com/news/nation-world/dont-click-on-those-road-toll-texts-officials-issue-warnings-about-the-smishing-scam/article_fa04ba7d-48ff-504a-ae50-5a5e972491f1.html,wfmz.com,English,0.0,gdelt_gkg
PANW,2025-03-14,Officials issue warnings about toll road text scam,https://omaha.com/news/nation-world/article_ea1fc44a-09e1-5b97-b995-6173f7b44150.html,omaha.com,English,0.0,gdelt_gkg
PANW,2025-03-14,"Palo Alto Networks , Inc . ( NASDAQ : PANW ) Shares Bought by Alpine Woods Capital Investors LLC",https://www.themarketsdaily.com/2025/03/14/palo-alto-networks-inc-nasdaqpanw-shares-bought-by-alpine-woods-capital-investors-llc.html,themarketsdaily.com,English,0.0,gdelt_gkg
PANW,2025-03-14,"Dont click on those road toll texts . Officials issue warnings about the smishing scam | News , Sports , Jobs",http://www.vindy.com/wire/?category=5&ID=358389,vindy.com,English,0.0,gdelt_gkg
PANW,2025-03-14,Dont click on those road toll texts . Officials issue warnings about the smishing scheme,https://www.kbtx.com/2025/03/14/dont-click-those-road-toll-texts-officials-issue-warnings-about-smishing-scheme/,kbtx.com,English,0.0,gdelt_gkg
PANW,2025-03-14,"Renasant Bank Makes New Investment in Palo Alto Networks , Inc . ( NASDAQ : PANW ) ",https://www.wkrb13.com/2025/03/14/renasant-bank-makes-new-investment-in-palo-alto-networks-inc-nasdaqpanw.html,wkrb13.com,English,0.0,gdelt_gkg
PANW,2025-03-14,State officials warn of scam toll texts targeting users,https://www.wdsu.com/article/consumer-road-toll-texts-smishing-scam/64177676,wdsu.com,English,0.0,gdelt_gkg
PANW,2025-03-14,"Palo Alto Networks , Inc . ( NASDAQ : PANW ) Shares Acquired by HBK Sorce Advisory LLC",https://theenterpriseleader.com/2025/03/14/palo-alto-networks-inc-nasdaqpanw-shares-acquired-by-hbk-sorce-advisory-llc.html,theenterpriseleader.com,English,0.0,gdelt_gkg
PANW,2025-03-14,Dont click on those road toll texts . Officials issue warnings about the smishing scam,https://www.yahoo.com/news/don-t-click-those-road-131451058.html,yahoo.com,English,0.0,gdelt_gkg
PANW,2025-03-14,Toll texts : Officials issue warnings about the smishing scam,https://abc30.com/post/toll-texts-officials-issue-warnings-smishing-scam/16018604/,abc30.com,English,0.0,gdelt_gkg
PANW,2025-03-14,Complexity of IT systems could be increasing security risks for businesses,https://www.techradar.com/pro/complexity-of-it-systems-could-be-increasing-security-risks-for-businesses,techradar.com,English,0.0,gdelt_gkg
PANW,2025-03-14,"Steady and Resilient : Security Appliance Market Grows 1 . 5 % to $5 . 1B in 4Q24 , with EMEA leading at 12 . 4 % and Global Shipments Up 2 . 7 %, according to IDC · EMSNow",https://www.emsnow.com/steady-and-resilient-security-appliance-market-grows-1-5-to-5-1b-in-4q24-with-emea-leading-at-12-4-and-global-shipments-up-2-7-according-to-idc/,emsnow.com,English,0.0,gdelt_gkg
PANW,2025-03-14,Enhance Cloud Security with AI - Driven Technologies,https://www.govinfosecurity.com/whitepapers/enhance-cloud-security-ai-driven-technologies-w-14890,govinfosecurity.com,English,0.0,gdelt_gkg
PANW,2025-03-14,Dont click on those road toll texts . Officials issue warnings about the smishing scam,https://www.2news.com/news/national/dont-click-on-those-road-toll-texts-officials-issue-warnings-about-the-smishing-scam/article_0f00f044-cd93-56d2-89c5-f56c5927df05.html,2news.com,English,0.0,gdelt_gkg
PANW,2025-03-14,Annual Report by Investment Company ( Form N - CSR ) ,https://insurancenewsnet.com/oarticle/annual-report-by-investment-company-form-n-csr-19,insurancenewsnet.com,English,0.0,gdelt_gkg
PANW,2025-03-14,Toll texts : Officials issue warnings about the smishing scam,https://abc7chicago.com/post/toll-texts-officials-issue-warnings-smishing-scam/16018604/,abc7chicago.com,English,0.0,gdelt_gkg
PANW,2025-03-14,Palo Alto Networks expands cloud infrastructure in Asia - Pacific,https://www.crn.com.au/news/palo-alto-networks-expands-cloud-infrastructure-in-asia-pacific-615698,crn.com.au,English,0.0,gdelt_gkg
PANW,2025-03-14,Dont click on those road toll texts . Officials issue warnings about the smishing scam,https://kool98.com/news/030030-dont-click-on-those-road-toll-texts-officials-issue-warnings-about-the-smishing-scam/,kool98.com,English,0.0,gdelt_gkg
PANW,2025-03-14,"PagerDuty : Fourth Quarter 2025 Earnings Press Release - March 13 , 2025 at 11 : 56 pm EDT",https://www.marketscreener.com/quote/stock/PAGERDUTY-INC-57143094/news/PagerDuty-Fourth-Quarter-2025-Earnings-Press-Release-49332136/,marketscreener.com,English,0.0,gdelt_gkg
PANW,2025-03-14,Palo Alto Networks investing in cloud across APJ,https://www.arnnet.com.au/article/3845610/palo-alto-networks-investing-in-cloud-across-apj.html,arnnet.com.au,English,0.0,gdelt_gkg
PANW,2025-03-14,"Yes , everyone getting slammed by bogus road toll texts . Here what to do with them",https://www.oregonlive.com/nation/2025/03/yes-everyones-getting-slammed-by-bogus-road-toll-texts-heres-what-to-do-with-them.html,oregonlive.com,English,0.0,gdelt_gkg
PANW,2025-03-14,State officials warn of scam toll texts targeting users,https://www.wbaltv.com/article/consumer-road-toll-texts-smishing-scam/64177676,wbaltv.com,English,0.0,gdelt_gkg
PANW,2025-03-14,Dont click on those road toll texts,https://www.pressenterpriseonline.com/apnews/dont-click-on-those-road-toll-texts,pressenterpriseonline.com,English,0.0,gdelt_gkg
PANW,2025-03-14,"Dont click on those road toll texts . FBI issues fresh warning about the smishing scam | News , Sports , Jobs",https://www.lockhaven.com/news/police-court-and-fires/2025/03/dont-click-on-those-road-toll-texts-fbi-issues-fresh-warning-about-the-smishing-scam/,lockhaven.com,English,0.0,gdelt_gkg
PANW,2025-03-15,State officials warn of scam toll texts targeting users,https://www.wcvb.com/article/consumer-road-toll-texts-smishing-scam/64177676,wcvb.com,English,0.0,gdelt_gkg
PANW,2025-03-15,"Thompson Siegel & Walmsley LLC Has $321 , 000 Holdings in Palo Alto Networks , Inc . ( NASDAQ : PANW ) ",https://www.dailypolitical.com/2025/03/15/thompson-siegel-walmsley-llc-has-321000-holdings-in-palo-alto-networks-inc-nasdaqpanw.html,dailypolitical.com,English,0.0,gdelt_gkg
PANW,2025-03-15,State officials warn of scam toll texts targeting users,https://www.wisn.com/article/consumer-road-toll-texts-smishing-scam/64177676,wisn.com,English,0.0,gdelt_gkg
PANW,2025-03-15,State officials warn of scam toll texts targeting users,https://www.wesh.com/article/consumer-road-toll-texts-smishing-scam/64177676,wesh.com,English,0.0,gdelt_gkg
PANW,2025-03-15,Dont click on those road toll texts . Officials issue warnings about the smishing scam,https://www.wdel.com/news/dont-click-on-those-road-toll-texts-officials-issue-warnings-about-the-smishing-scam/article_8cf323f1-c67f-5608-b8a0-8aeb579d3c51.html,wdel.com,English,0.0,gdelt_gkg
PANW,2025-03-15,"2 Stock - Split Artificial Intelligence ( AI ) Stocks to Buy Before They Zoom Higher , According to Wall Street Analysts",https://www.fool.com/investing/2025/03/15/2-stock-split-artificial-intelligence-ai-stocks-to/,fool.com,English,0.0,gdelt_gkg
PANW,2025-03-15,State officials warn of scam toll texts targeting users,https://www.wyff4.com/article/consumer-road-toll-texts-smishing-scam/64177676,wyff4.com,English,0.0,gdelt_gkg
PANW,2025-03-15,Jim Cramer Latest Calls : Top 10 Stocks,https://www.insidermonkey.com/blog/jim-cramers-latest-calls-top-10-stocks-3-1469098/,insidermonkey.com,English,0.0,gdelt_gkg
PANW,2025-03-15,State officials warn of scam toll texts targeting users,https://www.wpbf.com/article/consumer-road-toll-texts-smishing-scam/64177676,wpbf.com,English,0.0,gdelt_gkg
PANW,2025-03-15,State officials warn of scam toll texts targeting users,https://www.wtae.com/article/consumer-road-toll-texts-smishing-scam/64177676,wtae.com,English,0.0,gdelt_gkg
PANW,2025-03-15,State officials warn of scam toll texts targeting users,https://www.wmtw.com/article/consumer-road-toll-texts-smishing-scam/64177676,wmtw.com,English,0.0,gdelt_gkg
PANW,2025-03-15,State officials warn of scam toll texts targeting users,https://www.wlky.com/article/consumer-road-toll-texts-smishing-scam/64177676,wlky.com,English,0.0,gdelt_gkg
PANW,2025-03-15,State officials warn of scam toll texts targeting users,https://www.koat.com/article/consumer-road-toll-texts-smishing-scam/64177676,koat.com,English,0.0,gdelt_gkg
PANW,2025-03-15,FBI warns of  smishing  scams targeting smartphone users,https://americanbazaaronline.com/2025/03/14/fbi-warns-of-smishing-scams-targeting-smartphone-users-460737/,americanbazaaronline.com,English,0.0,gdelt_gkg
PANW,2025-03-15,State officials warn of scam toll texts targeting users,https://www.gulfcoastnewsnow.com/article/consumer-road-toll-texts-smishing-scam/64177676,gulfcoastnewsnow.com,English,0.0,gdelt_gkg
PANW,2025-03-15,State officials warn of scam toll texts targeting users,https://www.wxii12.com/article/consumer-road-toll-texts-smishing-scam/64177676,wxii12.com,English,0.0,gdelt_gkg
PANW,2025-03-15,"Hills Bank & Trust Co Has $7 . 78 Million Holdings in Palo Alto Networks , Inc . ( NASDAQ : PANW ) ",https://theenterpriseleader.com/2025/03/15/hills-bank-trust-co-has-7-78-million-holdings-in-palo-alto-networks-inc-nasdaqpanw.html,theenterpriseleader.com,English,0.0,gdelt_gkg
PANW,2025-03-16,Promising Telecom Stocks To Follow Today – March 16th,https://www.tickerreport.com/banking-finance/12877761/promising-telecom-stocks-to-follow-today-march-16th.html,tickerreport.com,English,0.0,gdelt_gkg
PANW,2025-03-16,"1 Growth Stock Down 45 % to Buy Right Now , According to Wall Street",https://www.fool.com/investing/2025/03/16/1-growth-stock-down-45-to-buy-right-now-according/?source=iedfolrf0000001,fool.com,English,0.0,gdelt_gkg
PANW,2025-03-16,13 High Growth Large Cap Stocks To Invest In,https://www.insidermonkey.com/blog/13-high-growth-large-cap-stocks-to-invest-in-1482773/,insidermonkey.com,English,0.0,gdelt_gkg
PANW,2025-03-16,"Tidemark LLC Raises Stock Holdings in Palo Alto Networks , Inc . ( NASDAQ : PANW ) ",https://www.dailypolitical.com/2025/03/16/tidemark-llc-raises-stock-holdings-in-palo-alto-networks-inc-nasdaqpanw.html,dailypolitical.com,English,0.0,gdelt_gkg
PANW,2025-03-16,Top Cybersecurity Stocks To Follow Now – March 15th,https://www.tickerreport.com/banking-finance/12877129/top-cybersecurity-stocks-to-follow-now-march-15th.html,tickerreport.com,English,0.0,gdelt_gkg
PANW,2025-03-16,Promising Telecom Stocks To Follow Today – March 16th,https://www.dailypolitical.com/2025/03/16/promising-telecom-stocks-to-follow-today-march-16th.html,dailypolitical.com,English,0.0,gdelt_gkg
PANW,2025-03-16,"Palo Alto Networks , Inc . ( NASDAQ : PANW ) Receives $205 . 06 Average PT from Analysts",https://theenterpriseleader.com/2025/03/16/palo-alto-networks-inc-nasdaqpanw-receives-205-06-average-pt-from-analysts.html,theenterpriseleader.com,English,0.0,gdelt_gkg
PANW,2025-03-17,"William Blair Investment Management LLC Has $229 . 93 Million Stock Holdings in Palo Alto Networks , Inc . ( NASDAQ : PANW ) ",https://www.modernreaders.com/news/2025/03/17/william-blair-investment-management-llc-has-229-93-million-stock-holdings-in-palo-alto-networks-inc-nasdaqpanw.html,modernreaders.com,English,0.0,gdelt_gkg
PANW,2025-03-17,"GLOBALT Investments LLC GA Has $2 . 25 Million Position in Palo Alto Networks , Inc . ( NASDAQ : PANW ) ",https://www.themarketsdaily.com/2025/03/17/globalt-investments-llc-ga-has-2-25-million-position-in-palo-alto-networks-inc-nasdaqpanw.html,themarketsdaily.com,English,0.0,gdelt_gkg
PANW,2025-03-17,"GLOBALT Investments LLC GA Has $2 . 25 Million Stock Holdings in Palo Alto Networks , Inc . ( NASDAQ : PANW ) ",https://www.modernreaders.com/news/2025/03/17/globalt-investments-llc-ga-has-2-25-million-stock-holdings-in-palo-alto-networks-inc-nasdaqpanw.html,modernreaders.com,English,0.0,gdelt_gkg
PANW,2025-03-17,"TCTC Holdings LLC Has $269 , 000 Position in Palo Alto Networks , Inc . ( NASDAQ : PANW ) ",https://theenterpriseleader.com/2025/03/17/tctc-holdings-llc-has-269000-position-in-palo-alto-networks-inc-nasdaqpanw.html,theenterpriseleader.com,English,0.0,gdelt_gkg
PANW,2025-03-17,Channel Standouts : The 2025 CRN Tech Elite 250,https://www.crn.com/news/channel-news/2025/channel-standouts-the-2025-crn-tech-elite-250,crn.com,English,0.0,gdelt_gkg
PANW,2025-03-17,Dont click on those road toll texts . Officials issue warnings about the smishing scam,https://neworleanscitybusiness.com/blog/2025/03/17/dont-click-on-those-road-toll-texts-officials-issue-warnings-about-the-smishing-scam/,neworleanscitybusiness.com,English,0.0,gdelt_gkg
PANW,2025-03-17,"1ST Source Bank Buys 21 , 740 Shares of Palo Alto Networks , Inc . ( NASDAQ : PANW ) ",https://www.themarketsdaily.com/2025/03/17/1st-source-bank-buys-21740-shares-of-palo-alto-networks-inc-nasdaqpanw.html,themarketsdaily.com,English,0.0,gdelt_gkg
PANW,2025-03-17,"GWN Securities Inc . Invests $411 , 000 in Palo Alto Networks , Inc . ( NASDAQ : PANW ) ",https://www.themarketsdaily.com/2025/03/17/gwn-securities-inc-invests-411000-in-palo-alto-networks-inc-nasdaqpanw.html,themarketsdaily.com,English,0.0,gdelt_gkg
PANW,2025-03-17,"Glenview Trust co Increases Position in Palo Alto Networks , Inc . ( NASDAQ : PANW ) ",https://theenterpriseleader.com/2025/03/17/glenview-trust-co-increases-position-in-palo-alto-networks-inc-nasdaqpanw.html,theenterpriseleader.com,English,0.0,gdelt_gkg
PANW,2025-03-17,"1ST Source Bank Has $7 . 99 Million Stock Position in Palo Alto Networks , Inc . ( NASDAQ : PANW ) ",https://www.modernreaders.com/news/2025/03/17/1st-source-bank-has-7-99-million-stock-position-in-palo-alto-networks-inc-nasdaqpanw.html,modernreaders.com,English,0.0,gdelt_gkg
PANW,2025-03-17,"GWN Securities Inc . Makes New $411 , 000 Investment in Palo Alto Networks , Inc . ( NASDAQ : PANW ) ",https://www.modernreaders.com/news/2025/03/17/gwn-securities-inc-makes-new-411000-investment-in-palo-alto-networks-inc-nasdaqpanw.html,modernreaders.com,English,0.0,gdelt_gkg
PANW,2025-03-18,1 No - Brainer Artificial Intelligence ( AI ) Stock Down 75 % to Buy on the Dip in 2025,https://www.fool.com/investing/2025/03/18/1-no-brainer-ai-stock-down-75-buy-the-dip-in-2025/?source=iedfolrf0000001,fool.com,English,0.0,gdelt_gkg
PANW,2025-03-18,Google deal for Wiz makes Assaf Rappaport a billionaire,https://www.theage.com.au/business/companies/google-s-biggest-ever-deal-turns-four-military-veterans-into-billionaires-20250319-p5lkn7.html,theage.com.au,English,0.0,gdelt_gkg
PANW,2025-03-18,Google deal for Wiz makes Assaf Rappaport a billionaire,https://www.smh.com.au/business/companies/google-s-biggest-ever-deal-turns-four-military-veterans-into-billionaires-20250319-p5lkn7.html,smh.com.au,English,0.0,gdelt_gkg
PANW,2025-03-18,9 Telecom Insights From Mobile World Congress Barcelona 2025,https://www.forbes.com/sites/moorinsights/2025/03/18/9-telecom-insights-from-mobile-world-congress-barcelona-2025/,forbes.com,English,0.0,gdelt_gkg
PANW,2025-03-18,Warren Hammond View : Positioning for the Market Turmoil Ahead ( 2025 – 2028 ) ,https://www.thesouthafrican.com/business-and-finance/warren-hammonds-view-positioning-for-the-market-turmoil-ahead/,thesouthafrican.com,English,0.0,gdelt_gkg
PANW,2025-03-18,"Wealth Architects LLC Raises Position in Palo Alto Networks , Inc . ( NASDAQ : PANW ) ",https://www.dailypolitical.com/2025/03/18/wealth-architects-llc-raises-position-in-palo-alto-networks-inc-nasdaqpanw.html,dailypolitical.com,English,0.0,gdelt_gkg
PANW,2025-03-18,"SouthState Corp Acquires 894 Shares of Palo Alto Networks , Inc . ( NASDAQ : PANW ) ",https://theenterpriseleader.com/2025/03/18/southstate-corp-acquires-894-shares-of-palo-alto-networks-inc-nasdaqpanw.html,theenterpriseleader.com,English,0.0,gdelt_gkg
PANW,2025-03-18,"Brokerages Set Palo Alto Networks , Inc . ( NASDAQ : PANW ) Price Target at $205 . 06",https://www.dailypolitical.com/2025/03/18/brokerages-set-palo-alto-networks-inc-nasdaqpanw-price-target-at-205-06.html,dailypolitical.com,English,0.0,gdelt_gkg
PANW,2025-03-18,Palo Alto Networks Expands Cloud Security in Asia - Pacific with New Infrastructure,https://www.thefastmode.com/technology-solutions/40357-palo-alto-networks-expands-cloud-security-in-asia-pacific-with-new-infrastructure,thefastmode.com,English,0.0,gdelt_gkg
PANW,2025-03-18,Is Palo Alto Networks ( PANW ) Among the Best High Growth Stocks ? ,https://www.insidermonkey.com/blog/is-palo-alto-networks-panw-among-the-best-high-growth-stocks-1484224/,insidermonkey.com,English,0.0,gdelt_gkg
PANW,2025-03-18,Promising Telecom Stocks To Follow Now – March 15th,https://www.tickerreport.com/banking-finance/12879986/promising-telecom-stocks-to-follow-now-march-15th.html,tickerreport.com,English,0.0,gdelt_gkg
PANW,2025-03-19,"Stephanie Link :  Amazon Market Share is Soaring  – Insights On Amazon , Palo Alto Networks , Target & Nextera Energy - CrowdStrike Holdings ( NASDAQ : CRWD ), Gap ( NYSE : GAP ) ",https://www.benzinga.com/news/25/03/44406845/stephanie-link-amazons-market-share-is-soaring-insights-on-amazon-palo-alto-networks-target-nextera-energy,benzinga.com,English,0.0,gdelt_gkg
PANW,2025-03-19,AI agents AI  for all  – ServiceNow to acquire Moveworks for $2 . 85bn,https://www.rcrwireless.com/20250319/ai-ml/ai-agents-servicenow-moveworks,rcrwireless.com,English,0.0,gdelt_gkg
PANW,2025-03-19,  Cybersecurity Is Here to Stay  – Why Jim Cramer Stands by Palo Alto Networks ( PANW ) ,https://www.insidermonkey.com/blog/cybersecurity-is-here-to-stay-why-jim-cramer-stands-by-palo-alto-networks-panw-1486826/,insidermonkey.com,English,0.0,gdelt_gkg
PANW,2025-03-19,Stock Market Today : Stocks Enjoy a Fed Day Relief Rally,https://www.kiplinger.com/investing/stocks/stock-market-today-stocks-enjoy-a-fed-day-relief-rally,kiplinger.com,English,0.0,gdelt_gkg
PANW,2025-03-19,Best Cybersecurity Stocks Worth Watching – March 16th,https://theenterpriseleader.com/2025/03/19/best-cybersecurity-stocks-worth-watching-march-16th.html,theenterpriseleader.com,English,0.0,gdelt_gkg
PANW,2025-03-19,Palo Alto Networks Cloud NGFW : The Gold Standard in Security,https://www.bankinfosecurity.com/whitepapers/palo-alto-networks-cloud-ngfw-gold-standard-in-security-w-14899,bankinfosecurity.com,English,0.0,gdelt_gkg
PANW,2025-03-19,"His dog LinkedIn is a must - see . Pet owner just got Rs 25 , 000 crore from Google",https://economictimes.indiatimes.com/magazines/panache/his-dogs-linkedin-is-a-must-see-pets-owner-just-made-rs-25000-crore-from-google/articleshow/119197815.cms,economictimes.indiatimes.com,English,0.0,gdelt_gkg
PANW,2025-03-20,StilachiRAT : Microsoft sounds alarm on stealthy malware targeting crypto wallets and credentials – NaturalNews . com,https://www.naturalnews.com/2025-03-20-microsoft-warns-about-stealthy-malware-targeting-crypto-wallets.html,naturalnews.com,English,0.0,gdelt_gkg
PANW,2025-03-20,Wiz Snubbed Google Then Said  Ye to an Extra $9 Billion,https://finance.yahoo.com/news/wiz-snubbed-google-then-said-202542585.html,finance.yahoo.com,English,0.0,gdelt_gkg
PANW,2025-03-20,"Still rents , rides public transit : How billionaire CEO Assaf Rappaport led Wiz to a r",https://www.ynetnews.com/business/article/syxoybd2kg,ynetnews.com,English,0.0,gdelt_gkg
PANW,2025-03-20,AmCham Korea appoints cybersecurity expert as new senior advisor,https://www.koreaherald.com:443/article/10446478,koreaherald.com,English,0.0,gdelt_gkg
PANW,2025-03-20,SASE gains momentum as SD - WAN revenue rebounds,https://it-online.co.za/2025/03/20/sase-gains-momentum-as-sd-wan-revenue-rebounds/,it-online.co.za,English,0.0,gdelt_gkg
PANW,2025-03-20,Insights Into Microsoft Performance Versus Peers In Software Sector - Microsoft ( NASDAQ : MSFT ) ,https://www.benzinga.com/insights/news/25/03/44419007/insights-into-microsofts-performance-versus-peers-in-software-sector,benzinga.com,English,0.0,gdelt_gkg
PANW,2025-03-20,"Netskope CEO On The Cloud And AI Push To  Modernize Everything , 2025 IPO Plans",https://www.crn.com/news/ai/2025/netskope-ceo-on-the-cloud-and-ai-push-to-modernize-everything-2025-ipo-plans,crn.com,English,0.0,gdelt_gkg
PANW,2025-03-21,"Palogic Value Management L . P . Has $819 , 000 Holdings in Palo Alto Networks , Inc . ( NASDAQ : PANW ) ",https://www.modernreaders.com/news/2025/03/21/palogic-value-management-l-p-has-819000-holdings-in-palo-alto-networks-inc-nasdaqpanw.html,modernreaders.com,English,0.0,gdelt_gkg
PANW,2025-03-21,Newswire & Press Release / ImmuniWeb is a Gold Winner of the Globee® Awards 2025 - IT Security / Anti - Spam / Cybersecurity - High - Tech Bridge SA | ImmuniWeb,https://www.newswiretoday.com/news/183653/ImmuniWeb-is-a-Gold-Winner-of-the-Globee-Awards-2025/,newswiretoday.com,English,0.0,gdelt_gkg
PANW,2025-03-21,"Lee Danner & Bass Inc . Grows Stake in Palo Alto Networks , Inc . ( NASDAQ : PANW ) ",https://theenterpriseleader.com/2025/03/21/lee-danner-bass-inc-grows-stake-in-palo-alto-networks-inc-nasdaqpanw.html,theenterpriseleader.com,English,0.0,gdelt_gkg
PANW,2025-03-21,"Teacher Retirement System of Texas Has $43 . 03 Million Position in Palo Alto Networks , Inc . ( NASDAQ : PANW ) ",https://www.tickerreport.com/banking-finance/12884278/teacher-retirement-system-of-texas-has-43-03-million-position-in-palo-alto-networks-inc-nasdaqpanw.html,tickerreport.com,English,0.0,gdelt_gkg
PANW,2025-03-21,"Palogic Value Management L . P . Raises Stake in Palo Alto Networks , Inc . ( NASDAQ : PANW ) ",https://www.themarketsdaily.com/2025/03/21/palogic-value-management-l-p-raises-stake-in-palo-alto-networks-inc-nasdaqpanw.html,themarketsdaily.com,English,0.0,gdelt_gkg
PANW,2025-03-21,Cybersecurity Stocks To Follow Today – March 20th,https://www.tickerreport.com/banking-finance/12884040/cybersecurity-stocks-to-follow-today-march-20th.html,tickerreport.com,English,0.0,gdelt_gkg
PANW,2025-03-21,GTC Recap and Beyond : 10 AI Stocks on Investor Radar,https://www.insidermonkey.com/blog/gtc-recap-and-beyond-10-ai-stocks-on-investors-radar-1488696/,insidermonkey.com,English,0.0,gdelt_gkg
PANW,2025-03-21,Newswire & Press Release / ImmuniWeb is a Gold Winner of the Globee® Awards 2025 - IT Security / Anti - Spam / Cybersecurity - High - Tech Bridge SA | ImmuniWeb,https://www.newswiretoday.com/news/183653/,newswiretoday.com,English,0.0,gdelt_gkg
PANW,2025-03-21,Why Google and Wiz Struck a Deal Now After 2024 Talks Caved,https://www.bankinfosecurity.com/blogs/google-wiz-struck-deal-now-after-2024-talks-caved-p-3839,bankinfosecurity.com,English,0.0,gdelt_gkg
PANW,2025-03-21,3 excellent ASX ETFs to buy and hold for 10 years or more,https://www.fool.com.au/2025/03/22/3-excellent-asx-etfs-to-buy-and-hold-for-10-years-or-more/,fool.com.au,English,0.0,gdelt_gkg
PANW,2025-03-22,"Douglass Winthrop Advisors LLC Invests $437 , 000 in Palo Alto Networks , Inc . ( NASDAQ : PANW ) ",https://www.wkrb13.com/2025/03/22/douglass-winthrop-advisors-llc-invests-437000-in-palo-alto-networks-inc-nasdaqpanw.html,wkrb13.com,English,0.0,gdelt_gkg
PANW,2025-03-22,"Geo Capital Gestora de Recursos Ltd Reduces Position in Palo Alto Networks , Inc . ( NASDAQ : PANW ) ",https://theenterpriseleader.com/2025/03/22/geo-capital-gestora-de-recursos-ltd-reduces-position-in-palo-alto-networks-inc-nasdaqpanw.html,theenterpriseleader.com,English,0.0,gdelt_gkg
PANW,2025-03-22,"Wiz snubbed Google , then said  ye to an extra $9 billion",https://www.columbian.com/news/2025/mar/22/wiz-snubbed-google-then-said-yes-to-an-extra-9-billion/,columbian.com,English,0.0,gdelt_gkg
PANW,2025-03-22,"Virtu Financial LLC Acquires New Holdings in Palo Alto Networks , Inc . ( NASDAQ : PANW ) ",https://www.wkrb13.com/2025/03/22/virtu-financial-llc-acquires-new-holdings-in-palo-alto-networks-inc-nasdaqpanw.html,wkrb13.com,English,0.0,gdelt_gkg
PANW,2025-03-22,"Palo Alto Networks , Inc . ( NASDAQ : PANW ) Shares Acquired by Whittier Trust Co . ",https://theenterpriseleader.com/2025/03/22/palo-alto-networks-inc-nasdaqpanw-shares-acquired-by-whittier-trust-co.html,theenterpriseleader.com,English,0.0,gdelt_gkg
PANW,2025-03-22,"KLP Kapitalforvaltning AS Acquires New Holdings in Palo Alto Networks , Inc . ( NASDAQ : PANW ) ",https://www.wkrb13.com/2025/03/22/klp-kapitalforvaltning-as-acquires-new-holdings-in-palo-alto-networks-inc-nasdaqpanw.html,wkrb13.com,English,0.0,gdelt_gkg
PANW,2025-03-22,"Knights of Columbus Asset Advisors LLC Acquires 11 , 095 Shares of Palo Alto Networks , Inc . ( NASDAQ : PANW ) ",https://www.tickerreport.com/banking-finance/12885988/knights-of-columbus-asset-advisors-llc-acquires-11095-shares-of-palo-alto-networks-inc-nasdaqpanw.html,tickerreport.com,English,0.0,gdelt_gkg
PANW,2025-03-22,Promising Cybersecurity Stocks To Consider – March 22nd,https://www.tickerreport.com/banking-finance/12885976/promising-cybersecurity-stocks-to-consider-march-22nd.html,tickerreport.com,English,0.0,gdelt_gkg
PANW,2025-03-22,"Vestor Capital LLC Has $15 . 61 Million Position in Palo Alto Networks , Inc . ( NASDAQ : PANW ) ",https://www.tickerreport.com/banking-finance/12885782/vestor-capital-llc-has-15-61-million-position-in-palo-alto-networks-inc-nasdaqpanw.html,tickerreport.com,English,0.0,gdelt_gkg
PANW,2025-03-23,"Mosley Wealth Management Has $561 , 000 Position in Palo Alto Networks , Inc . ( NASDAQ : PANW ) ",https://www.wkrb13.com/2025/03/23/mosley-wealth-management-has-561000-position-in-palo-alto-networks-inc-nasdaqpanw.html,wkrb13.com,English,0.0,gdelt_gkg
PANW,2025-03-23,"Community Bank N . A . Has $951 , 000 Position in Palo Alto Networks , Inc . ( NASDAQ : PANW ) ",https://www.themarketsdaily.com/2025/03/23/community-bank-n-a-has-951000-position-in-palo-alto-networks-inc-nasdaqpanw.html,themarketsdaily.com,English,0.0,gdelt_gkg
PANW,2025-03-23,"Palo Alto Networks , Inc . ( NASDAQ : PANW ) Stock Position Boosted by Community Bank N . A . ",https://www.modernreaders.com/news/2025/03/23/palo-alto-networks-inc-nasdaqpanw-stock-position-boosted-by-community-bank-n-a.html,modernreaders.com,English,0.0,gdelt_gkg
PANW,2025-03-23,What a 10 - Minute Trip to Space on Jeff Bezo Blue Origin Is Like,https://www.businessinsider.com/lane-bess-jeff-bezos-blue-origin-space-flight-2025-3,businessinsider.com,English,0.0,gdelt_gkg
PANW,2025-03-23,"Palo Alto Networks , Inc . ( NASDAQ : PANW ) Stake Boosted by Hill Island Financial LLC",https://www.wkrb13.com/2025/03/23/palo-alto-networks-inc-nasdaqpanw-stake-boosted-by-hill-island-financial-llc.html,wkrb13.com,English,0.0,gdelt_gkg
PANW,2025-03-24,The 2025 stock market sell - off : an incredible opportunity to build wealth ? ,https://www.fool.co.uk/2025/03/24/the-2025-stock-market-sell-off-an-incredible-opportunity-to-build-wealth/,fool.co.uk,English,0.0,gdelt_gkg
PANW,2025-03-24,"Sheets Smith Investment Management Buys Shares of 5 , 134 Palo Alto Networks , Inc . ( NASDAQ : PANW ) ",https://theenterpriseleader.com/2025/03/24/sheets-smith-investment-management-buys-shares-of-5134-palo-alto-networks-inc-nasdaqpanw.html,theenterpriseleader.com,English,0.0,gdelt_gkg
PANW,2025-03-24,"United Services Automobile Association Acquires Shares of 15 , 012 Palo Alto Networks , Inc . ( NASDAQ : PANW ) ",https://www.dailypolitical.com/2025/03/24/united-services-automobile-association-acquires-shares-of-15012-palo-alto-networks-inc-nasdaqpanw.html,dailypolitical.com,English,0.0,gdelt_gkg
PANW,2025-03-24,Promising Cybersecurity Stocks To Consider – March 24th,https://theenterpriseleader.com/2025/03/24/promising-cybersecurity-stocks-to-consider-march-24th.html,theenterpriseleader.com,English,0.0,gdelt_gkg
PANW,2025-03-24,"Buy - the - Dip Strategy Amid Market Chaos : Why A Billion Dollar Fund Is Buying These Four Stocks - Target ( NYSE : TGT ), Amazon . com ( NASDAQ : AMZN ), NextEra Energy ( NYSE : NEE ), Palo Alto Networks ( NASDAQ : PANW ) ",https://www.benzinga.com/analyst-ratings/analyst-color/25/03/44463078/buy-the-dip-strategy-amid-market-chaos-why-a-billion-dollar-fund-is-buying-these-four-stocks,benzinga.com,English,0.0,gdelt_gkg
PANW,2025-03-25,Senate Warns of Russia - China - Iran - North Korea Alliance – What Investors Need to Know,https://www.forexlive.com/news/senate-warns-of-russia-china-iran-north-korea-alliance-what-investors-need-to-know-20250325/,forexlive.com,English,0.0,gdelt_gkg
PANW,2025-03-25,Australian partners excited about Google Wiz acquisition,https://www.crn.com.au/news/australian-partners-excited-about-googles-wiz-acquisition-615863,crn.com.au,English,0.0,gdelt_gkg
PANW,2025-03-25,MovieLabs Announces Industry Forum Leadership Council,https://www.tvtechnology.com/news/movielabs-announces-industry-forum-leadership-council,tvtechnology.com,English,0.0,gdelt_gkg
PANW,2025-03-25,"FineMark National Bank & Trust Has $11 . 52 Million Stock Holdings in Palo Alto Networks , Inc . ( NASDAQ : PANW ) ",https://www.themarketsdaily.com/2025/03/25/finemark-national-bank-trust-has-11-52-million-stock-holdings-in-palo-alto-networks-inc-nasdaqpanw.html,themarketsdaily.com,English,0.0,gdelt_gkg
PANW,2025-03-25,"Palo Alto Networks , Inc . ( NASDAQ : PANW ) Shares Bought by Zions Bancorporation N . A . ",https://www.themarketsdaily.com/2025/03/25/palo-alto-networks-inc-nasdaqpanw-shares-bought-by-zions-bancorporation-n-a.html,themarketsdaily.com,English,0.0,gdelt_gkg
PANW,2025-03-25,パロアルトネットワークス 、 CNAPP 「 Prisma Cloud 」 に脅威検出 ・ 対応機能を統合した次世代版 「 Cortex Cloud 」 を発表,https://cloud.watch.impress.co.jp/docs/news/1672557.html,cloud.watch.impress.co.jp,Japanese,0.0,gdelt_gkg
PANW,2025-03-25,Here How Much You Would Have Made Owning Palo Alto Networks Stock In The Last 10 Years,https://biztoc.com/x/cd4716f0fe92ac69,biztoc.com,English,0.0,gdelt_gkg
PANW,2025-03-26,Palo Alto Networks and NHL Announce Multiyear North American Partnership,https://www.marketscreener.com/quote/stock/PALO-ALTO-NETWORKS-INC-11067980/news/Palo-Alto-Networks-and-NHL-Announce-Multiyear-North-American-Partnership-49439101/,marketscreener.com,English,0.0,gdelt_gkg
PANW,2025-03-26,SASE Industry Pioneer and Former Gartner Distinguished,https://www.globenewswire.com/news-release/2025/03/26/3049749/0/en/SASE-Industry-Pioneer-and-Former-Gartner-Distinguished-Analyst-Joe-Skorupa-Joins-MEF-Technology-Advisory-Board.html,globenewswire.com,English,0.0,gdelt_gkg
PANW,2025-03-26,Top Cybersecurity Stocks To Watch Now – March 26th,https://www.modernreaders.com/news/2025/03/26/top-cybersecurity-stocks-to-watch-now-march-26th.html,modernreaders.com,English,0.0,gdelt_gkg
PANW,2025-03-26,"Kim Bolton Top Picks for March 26 , 2025 – BNN Bloomberg",https://www.bnnbloomberg.ca/investing/2025/03/26/kim-boltons-top-picks-for-march-26-2025/,bnnbloomberg.ca,English,0.0,gdelt_gkg
PANW,2025-03-26,"Island raises $250m to expand enterprise browser tech , now valued at $5b",https://www.jpost.com/business-and-innovation/article-847677,jpost.com,English,0.0,gdelt_gkg
PANW,2025-03-26,19 founders and VCs working with Elon Musk DOGE,https://techcrunch.com/2025/03/26/19-founders-and-vcs-working-with-elon-musks-doge/,techcrunch.com,English,0.0,gdelt_gkg
PANW,2025-03-26,"Okta Stock Breaks Out , Fueled By AI And Amazon Partnership | Investor Business Daily",https://www.investors.com/research/breakout-stocks-technical-analysis/okta-stock-amazon-aws-cybersecurity/,investors.com,English,0.0,gdelt_gkg
PANW,2025-03-26,Browser security co Island raises $250m at $5b valuation,https://en.globes.co.il/en/article-browser-security-co-island-raises-250m-at-5b-valuation-1001506087,en.globes.co.il,English,0.0,gdelt_gkg
PANW,2025-03-26,11 AI Stocks Shaking Up Wall Street Today,https://www.insidermonkey.com/blog/11-ai-stocks-shaking-up-wall-street-today-1492751/,insidermonkey.com,English,0.0,gdelt_gkg
PANW,2025-03-26,"Palo Alto Networks , Inc . ( PANW ) Targeted at $230 on AI - Driven Security Momentum",https://www.insidermonkey.com/blog/palo-alto-networks-inc-panw-targeted-at-230-on-ai-driven-security-momentum-1493019/,insidermonkey.com,English,0.0,gdelt_gkg
PANW,2025-03-26,Palo Alto Networks CEO describes cybersecurity risk with agentic AI,https://www.cnbc.com/2025/03/25/palo-alto-networks-ceo-describes-cybersecurity-risk-with-agentic-ai.html,cnbc.com,English,0.0,gdelt_gkg
PANW,2025-03-26,"Aviso Wealth Management Boosts Stock Position in Palo Alto Networks , Inc . ( NASDAQ : PANW ) ",https://theenterpriseleader.com/2025/03/26/aviso-wealth-management-boosts-stock-position-in-palo-alto-networks-inc-nasdaqpanw.html,theenterpriseleader.com,English,0.0,gdelt_gkg
PANW,2025-03-27,Proxy Statement ( Form DEF 14A ) ,https://insurancenewsnet.com/oarticle/proxy-statement-form-def-14a-368,insurancenewsnet.com,English,0.0,gdelt_gkg
PANW,2025-03-27,Cybersecurity Stocks Worth Watching – March 27th,https://theenterpriseleader.com/2025/03/27/cybersecurity-stocks-worth-watching-march-27th.html,theenterpriseleader.com,English,0.0,gdelt_gkg
PANW,2025-03-27,Palo Alto Networks ( NASDAQ : PANW ) Shares Down 4 % – Time to Sell ? ,https://theenterpriseleader.com/2025/03/27/palo-alto-networks-nasdaqpanw-shares-down-4-time-to-sell.html,theenterpriseleader.com,English,0.0,gdelt_gkg
PANW,2025-03-27,"Delta Asset Management LLC TN Boosts Stock Position in Palo Alto Networks , Inc . ( NASDAQ : PANW ) ",https://www.dailypolitical.com/2025/03/27/delta-asset-management-llc-tn-boosts-stock-position-in-palo-alto-networks-inc-nasdaqpanw.html,dailypolitical.com,English,0.0,gdelt_gkg
PANW,2025-03-27,"Modern Wealth Management LLC Buys 2 , 981 Shares of Palo Alto Networks , Inc . ( NASDAQ : PANW ) ",https://www.themarketsdaily.com/2025/03/27/modern-wealth-management-llc-buys-2981-shares-of-palo-alto-networks-inc-nasdaqpanw.html,themarketsdaily.com,English,0.0,gdelt_gkg
PANW,2025-03-27,"Delta Asset Management LLC TN Has $53 , 000 Holdings in Palo Alto Networks , Inc . ( NASDAQ : PANW ) ",https://www.tickerreport.com/banking-finance/12891665/delta-asset-management-llc-tn-has-53000-holdings-in-palo-alto-networks-inc-nasdaqpanw.html,tickerreport.com,English,0.0,gdelt_gkg
PANW,2025-03-27,"Korea Investment CORP Buys 385 , 537 Shares of Palo Alto Networks , Inc . ( NASDAQ : PANW ) ",https://theenterpriseleader.com/2025/03/27/korea-investment-corp-buys-385537-shares-of-palo-alto-networks-inc-nasdaqpanw.html,theenterpriseleader.com,English,0.0,gdelt_gkg
PANW,2025-03-27,"Worth Financial Advisory Group LLC Has $577 , 000 Stock Position in Palo Alto Networks , Inc . ( NASDAQ : PANW ) ",https://theenterpriseleader.com/2025/03/27/worth-financial-advisory-group-llc-has-577000-stock-position-in-palo-alto-networks-inc-nasdaqpanw.html,theenterpriseleader.com,English,0.0,gdelt_gkg
PANW,2025-03-28,Less is More : Simplify to Modernize the SOC,https://www.scworld.com/cybercast/less-is-more-simplify-to-modernize-the-soc,scworld.com,English,0.0,gdelt_gkg
PANW,2025-03-28,Palo Alto Networks ( NASDAQ : PANW ) Stock Price Down 1 . 5 % – Here What Happened,https://www.modernreaders.com/news/2025/03/28/palo-alto-networks-nasdaqpanw-stock-price-down-1-5-heres-what-happened.html,modernreaders.com,English,0.0,gdelt_gkg
PANW,2025-03-28,Nir Zuk : Google Multi - Cloud Security Strategy Wont Work,https://www.bankinfosecurity.com/interviews/nir-zuk-googles-multi-cloud-security-strategy-wont-work-i-5469,bankinfosecurity.com,English,0.0,gdelt_gkg
PANW,2025-03-28,Cybersecurity startups have peaked says Palo Alto Networks founder,https://www.computing.co.uk/news-network/2025/cybersecurity-startups-have-peaked-says-palo-alto-networks-founder,computing.co.uk,English,0.0,gdelt_gkg
PANW,2025-03-28,Why Palo Alto Network founder thinks cybersecurity start - ups have peaked : Analysis,https://www.channelweb.co.uk/news-network/2025/why-palo-alto-networks-founder-thinks-cybersecurity-start-ups-have-peaked,channelweb.co.uk,English,0.0,gdelt_gkg
PANW,2025-03-28,Fortinet vs Palo Alto NGFWs 2025 : Comparison Guide,https://www.esecurityplanet.com/cybersecurity/fortinet-vs-palo-alto-networks/,esecurityplanet.com,English,0.0,gdelt_gkg
PANW,2025-03-28,Why Your Browsers Should Be At The Center Of Your Cybersecurity Strategy,https://www.forbes.com/councils/forbestechcouncil/2025/03/28/why-your-browsers-should-be-at-the-center-of-your-cybersecurity-strategy/,forbes.com,English,0.0,gdelt_gkg
PANW,2025-03-28,Deepfakes and deep trouble,https://www.philstar.com/business/2025/03/29/2431791/deepfakes-and-deep-trouble,philstar.com,English,0.0,gdelt_gkg
PANW,2025-03-28,Cyber inequity : Why collaboration is vital in today threat landscape,https://www.siliconrepublic.com/enterprise/accenture-ireland-cybersecurity-ai-leadership,siliconrepublic.com,English,0.0,gdelt_gkg
PANW,2025-03-29,"79 , 713 Shares in Palo Alto Networks , Inc . ( NASDAQ : PANW ) Bought by Allianz SE",https://www.tickerreport.com/banking-finance/12894516/79713-shares-in-palo-alto-networks-inc-nasdaqpanw-bought-by-allianz-se.html,tickerreport.com,English,0.0,gdelt_gkg
PANW,2025-03-29,Nearly 44 % of security incidents involved a web browser Palo Alto Networks,https://gadgetsmagazine.com.ph/technology/cybersecurity/palo-alto-networks-5,gadgetsmagazine.com.ph,English,0.0,gdelt_gkg
PANW,2025-03-29,"Palo Alto Networks , Inc . ( NASDAQ : PANW ) Shares Bought by Transamerica Financial Advisors Inc . ",https://www.modernreaders.com/news/2025/03/29/palo-alto-networks-inc-nasdaqpanw-shares-bought-by-transamerica-financial-advisors-inc.html,modernreaders.com,English,0.0,gdelt_gkg
PANW,2025-03-29,"Transamerica Financial Advisors Inc . Boosts Stock Position in Palo Alto Networks , Inc . ( NASDAQ : PANW ) ",https://www.themarketsdaily.com/2025/03/29/transamerica-financial-advisors-inc-boosts-stock-position-in-palo-alto-networks-inc-nasdaqpanw.html,themarketsdaily.com,English,0.0,gdelt_gkg
PANW,2025-03-29,"L & S Advisors Inc Buys 31 , 237 Shares of Palo Alto Networks , Inc . ( NASDAQ : PANW ) ",https://www.modernreaders.com/news/2025/03/29/l-s-advisors-inc-buys-31237-shares-of-palo-alto-networks-inc-nasdaqpanw.html,modernreaders.com,English,0.0,gdelt_gkg
PANW,2025-03-29,"79 , 713 Shares in Palo Alto Networks , Inc . ( NASDAQ : PANW ) Acquired by Allianz SE",https://www.dailypolitical.com/2025/03/29/79713-shares-in-palo-alto-networks-inc-nasdaqpanw-acquired-by-allianz-se.html,dailypolitical.com,English,0.0,gdelt_gkg
PANW,2025-03-30,"Palo Alto Networks , Inc . ( NASDAQ : PANW ) Stock Position Increased by Brown Brothers Harriman & Co . ",https://theenterpriseleader.com/2025/03/30/palo-alto-networks-inc-nasdaqpanw-stock-position-increased-by-brown-brothers-harriman-co.html,theenterpriseleader.com,English,0.0,gdelt_gkg
PANW,2025-03-30,Security do - over : How Palo Alto Networks sees the reset,https://siliconangle.com/2025/03/30/security-palo-alto-networks-sees-reset/,siliconangle.com,English,0.0,gdelt_gkg
PANW,2025-03-30,Dave Vellante Breaking Analysis : The complete collection,https://siliconangle.com/2025/03/29/dave-vellantes-breaking-analysis-complete-collection/,siliconangle.com,English,0.0,gdelt_gkg
PANW,2025-03-30,"RWA Wealth Partners LLC Raises Stake in Palo Alto Networks , Inc . ( NASDAQ : PANW ) ",https://www.wkrb13.com/2025/03/30/rwa-wealth-partners-llc-raises-stake-in-palo-alto-networks-inc-nasdaqpanw.html,wkrb13.com,English,0.0,gdelt_gkg
PANW,2025-03-30,"Sanctuary Wealth Management L . L . C . Purchases 171 Shares of Palo Alto Networks , Inc . ( NASDAQ : PANW ) ",https://theenterpriseleader.com/2025/03/30/sanctuary-wealth-management-l-l-c-purchases-171-shares-of-palo-alto-networks-inc-nasdaqpanw.html,theenterpriseleader.com,English,0.0,gdelt_gkg
PANW,2025-03-30,How Visa Uses AI To Fight E - Commerce Fraud And Bolster Cybersecurity,https://www.forbes.com/sites/meganpoinski/2025/03/30/inside-the-ai-arms-race-between-fraudsters-and-visa/,forbes.com,English,0.0,gdelt_gkg
PANW,2025-03-31,"Research Analyst Price Target Changes for March 31st ( ADBE , ADCT , AEM , AHR , ALNY , ALSN , AMZN , AVDX , AYA , BILL ) ",https://www.dailypolitical.com/2025/03/31/research-analysts-price-target-changes-for-march-31st-adbe-adct-aem-ahr-alny-alsn-amzn-avdx-aya-bill.html,dailypolitical.com,English,0.0,gdelt_gkg
PANW,2025-03-31,"Hacker Tactics : Exploiting Edge Devices , Missing Multifactor",https://www.govinfosecurity.com/hacker-tactics-exploiting-edge-devices-missing-multifactor-a-27880,govinfosecurity.com,English,0.0,gdelt_gkg
PANW,2025-03-31,Cybersecurity Stocks To Follow Now – March 31st,https://www.wkrb13.com/2025/03/31/cybersecurity-stocks-to-follow-now-march-31st.html,wkrb13.com,English,0.0,gdelt_gkg
PANW,2025-03-31,"Research Analyst Price Target Changes for March 31st ( ADBE , ADCT , AEM , AHR , ALNY , ALSN , AMZN , AVDX , AYA , BILL ) ",https://www.tickerreport.com/banking-finance/12897251/research-analysts-price-target-changes-for-march-31st-adbe-adct-aem-ahr-alny-alsn-amzn-avdx-aya-bill.html,tickerreport.com,English,0.0,gdelt_gkg
PANW,2025-03-31,Blockchain technology meets AI in enterprise,https://siliconangle.com/2025/03/31/thecube-pod-ai-infrastructure-reshaping-cloud-blockchain-technology-thecubepod/,siliconangle.com,English,0.0,gdelt_gkg
PANW,2025-03-31,"HighPoint Advisor Group LLC Acquires 10 , 870 Shares of Palo Alto Networks , Inc . ( NASDAQ : PANW ) ",https://www.dailypolitical.com/2025/03/31/highpoint-advisor-group-llc-acquires-10870-shares-of-palo-alto-networks-inc-nasdaqpanw.html,dailypolitical.com,English,0.0,gdelt_gkg
PANW,2025-03-31,Telecom Stocks To Consider – March 30th,https://www.themarketsdaily.com/2025/03/31/telecom-stocks-to-consider-march-30th.html,themarketsdaily.com,English,0.0,gdelt_gkg
PANW,2025-03-31,"Seven Mile Advisory Grows Stock Holdings in Palo Alto Networks , Inc . ( NASDAQ : PANW ) ",https://www.themarketsdaily.com/2025/03/31/seven-mile-advisory-grows-stock-holdings-in-palo-alto-networks-inc-nasdaqpanw.html,themarketsdaily.com,English,0.0,gdelt_gkg
PANW,2025-03-31,"B . Metzler seel . Sohn & Co . AG Raises Holdings in Palo Alto Networks , Inc . ( NASDAQ : PANW ) ",https://www.themarketsdaily.com/2025/03/31/b-metzler-seel-sohn-co-ag-raises-holdings-in-palo-alto-networks-inc-nasdaqpanw.html,themarketsdaily.com,English,0.0,gdelt_gkg
PANW,2025-03-31,Telecom Stocks To Consider – March 30th,https://www.modernreaders.com/news/2025/03/31/telecom-stocks-to-consider-march-30th.html,modernreaders.com,English,0.0,gdelt_gkg
PANW,2025-03-31,The Analyst Verdict : Palo Alto Networks In The Eyes Of 22 Experts - Palo Alto Networks ( NASDAQ : PANW ) ,https://www.benzinga.com/insights/analyst-ratings/25/03/44574282/the-analyst-verdict-palo-alto-networks-in-the-eyes-of-22-experts,benzinga.com,English,0.0,gdelt_gkg
PANW,2025-04-01,"OV Management LLC Raises Stake in Palo Alto Networks , Inc . ( NASDAQ : PANW ) ",https://www.tickerreport.com/banking-finance/12898268/ov-management-llc-raises-stake-in-palo-alto-networks-inc-nasdaqpanw.html,tickerreport.com,English,0.0,gdelt_gkg
PANW,2025-04-01,"Palo Alto Networks , Inc . ( NASDAQ : PANW ) Stock Position Boosted by Edmond DE Rothschild Holding S . A . ",https://www.themarketsdaily.com/2025/04/01/palo-alto-networks-inc-nasdaqpanw-stock-position-boosted-by-edmond-de-rothschild-holding-s-a.html,themarketsdaily.com,English,0.0,gdelt_gkg
PANW,2025-04-01,Palo Alto Networks ( NASDAQ : PANW ) Stock Price Down 0 . 3 % After Analyst Downgrade,https://www.tickerreport.com/banking-finance/12898420/palo-alto-networks-nasdaqpanw-stock-price-down-0-3-after-analyst-downgrade.html,tickerreport.com,English,0.0,gdelt_gkg
PANW,2025-04-01,Palo Alto Networks ( NASDAQ : PANW ) Trading Down 0 . 3 % After Analyst Downgrade,https://www.dailypolitical.com/2025/04/01/palo-alto-networks-nasdaqpanw-trading-down-0-3-after-analyst-downgrade.html,dailypolitical.com,English,0.0,gdelt_gkg
PANW,2025-04-01,"Informa TechTarget and Demandbase Announce Strategic Partnership , Empowering B2B Marketers to Deliver More Pipeline and Revenue from Account - Based Marketing with Integrated Intent Data",https://www.techtarget.com/press-release/informa-techtarget-and-demandbase-announce-strategic-partnership-empowering-b2b-marketers-to-deliver-more-pipeline-and-revenue-from-account-based-marketing-with-integrated-intent-data/,techtarget.com,English,0.0,gdelt_gkg
PANW,2025-04-01,"PFC Capital Group Inc . Boosts Stake in Palo Alto Networks , Inc . ( NASDAQ : PANW ) ",https://theenterpriseleader.com/2025/04/01/pfc-capital-group-inc-boosts-stake-in-palo-alto-networks-inc-nasdaqpanw.html,theenterpriseleader.com,English,0.0,gdelt_gkg
PANW,2025-04-01,Jim Cramer :  Palo Alto Networks ( PANW ) CEO Nikesh Arora Is Brilliant ! ,https://finance.yahoo.com/news/jim-cramer-palo-alto-networks-141623184.html,finance.yahoo.com,English,0.0,gdelt_gkg
PANW,2025-04-01,"Nancy Pelosi Pick , Palo Alto Networks Downplays AI Spending Need : Analyst Warns  AI Digestion Phase May Be A Larger Problem  ",https://biztoc.com/x/d8cb5f1db8c2cbbf,biztoc.com,English,0.0,gdelt_gkg
PANW,2025-04-01,"Edmond DE Rothschild Holding S . A . Has $9 . 47 Million Holdings in Palo Alto Networks , Inc . ( NASDAQ : PANW ) ",https://www.modernreaders.com/news/2025/04/01/edmond-de-rothschild-holding-s-a-has-9-47-million-holdings-in-palo-alto-networks-inc-nasdaqpanw.html,modernreaders.com,English,0.0,gdelt_gkg
PANW,2025-04-01,How Cybercriminals Exploit AI for April Fool Day Phishing Scams,https://www.securityinfowatch.com/cybersecurity/article/55278741/how-cybercriminals-exploit-ai-for-april-fools-day-phishing-scams,securityinfowatch.com,English,0.0,gdelt_gkg
PANW,2025-04-01,"OV Management LLC Boosts Stock Position in Palo Alto Networks , Inc . ( NASDAQ : PANW ) ",https://www.dailypolitical.com/2025/04/01/ov-management-llc-boosts-stock-position-in-palo-alto-networks-inc-nasdaqpanw.html,dailypolitical.com,English,0.0,gdelt_gkg
PANW,2025-04-01,Building resilient and innovative security teams in the age of AI,https://www.cio.com/article/3853528/building-resilient-and-innovative-security-teams-in-the-age-of-ai.html,cio.com,English,0.0,gdelt_gkg
PANW,2025-04-01,Should You Buy the Invesco QQQ ETF During the Nasdaq Correction ? History Offers a Clear Answer . ,https://www.fool.com/investing/2025/04/01/buy-invesco-qqq-etf-nasdaq-correction-clear-answer/,fool.com,English,0.0,gdelt_gkg
PANW,2025-04-01,Should You Buy the Invesco QQQ ETF During the Nasdaq Correction ? History Offers a Clear Answer . ,https://www.fool.com/investing/2025/04/01/buy-invesco-qqq-etf-nasdaq-correction-clear-answer/?source=iedfolrf0000001,fool.com,English,0.0,gdelt_gkg
PANW,2025-04-01,UK government introduces new Cyber Security Bill to keep critical infrastructure safe,https://www.techradar.com/pro/uk-government-introduces-new-cyber-security-bill,techradar.com,English,0.0,gdelt_gkg
PANW,2025-04-03,Palo Alto Networks ( NASDAQ : PANW ) Trading Down 5 . 5 % – Should You Sell ? ,https://www.tickerreport.com/banking-finance/12901569/palo-alto-networks-nasdaqpanw-trading-down-5-5-should-you-sell.html,tickerreport.com,English,0.0,gdelt_gkg
PANW,2025-04-03,3 Cybersecurity Stocks You Can Buy and Hold for the Next Decade,https://www.fool.com/investing/2025/04/03/3-cybersecurity-stocks-you-can-buy-and-hold-for-th/?source=iedfolrf0000001,fool.com,English,0.0,gdelt_gkg
PANW,2025-04-03,Palo Alto Network ( PANW )  Buy  Rating Reiterated at Rosenblatt Securities,https://www.dailypolitical.com/2025/04/02/palo-alto-networks-panw-buy-rating-reiterated-at-rosenblatt-securities.html,dailypolitical.com,English,0.0,gdelt_gkg
PANW,2025-04-03,Palo Alto Networks ( NASDAQ : PANW ) Earns  Buy  Rating from Rosenblatt Securities,https://www.tickerreport.com/banking-finance/12900123/palo-alto-networks-nasdaqpanw-earns-buy-rating-from-rosenblatt-securities.html,tickerreport.com,English,0.0,gdelt_gkg
PANW,2025-04-03,TD SYNNEX Corporation ( SNX ): Among the 10 Pro - Life Companies to Invest In Now ? ,https://finance.yahoo.com/news/td-synnex-corporation-snx-among-205001473.html,finance.yahoo.com,English,0.0,gdelt_gkg
PANW,2025-04-03,Jefferies Financial Group Cuts Palo Alto Networks ( NASDAQ : PANW ) Price Target to $215 . 00,https://www.wkrb13.com/2025/04/03/jefferies-financial-group-cuts-palo-alto-networks-nasdaqpanw-price-target-to-215-00.html,wkrb13.com,English,0.0,gdelt_gkg
PANW,2025-04-03,"Cyberhaven $100M Raise Targets Gen AI , DSPM Capabilities",https://www.bankinfosecurity.com/cyberhavens-100m-raise-targets-gen-ai-dspm-capabilities-a-27911,bankinfosecurity.com,English,0.0,gdelt_gkg
PANW,2025-04-03,Cybersecurity Stocks To Follow Now – March 31st,https://www.dailypolitical.com/2025/04/03/cybersecurity-stocks-to-follow-now-march-31st.html,dailypolitical.com,English,0.0,gdelt_gkg
PANW,2025-04-03,Here how Trump tariffs will impact Apple the rest of our tech stocks,https://www.cnbc.com/2025/04/03/heres-how-trumps-tariffs-will-impact-apple-the-rest-of-our-tech-stocks.html,cnbc.com,English,0.0,gdelt_gkg
PANW,2025-04-03,Cloudflare Tom Evans Captures Channel Madness Victory Amid Major Partner Push,https://www.crn.com/events/2025/cloudflare-s-tom-evans-captures-channel-madness-victory-amid-major-partner-push,crn.com,English,0.0,gdelt_gkg
PANW,2025-04-03,2 Artificial Intelligence ( AI ) Cybersecurity Stocks to Buy Hand Over Fist in April,https://finance.yahoo.com/news/2-artificial-intelligence-ai-cybersecurity-081600027.html,finance.yahoo.com,English,0.0,gdelt_gkg
PANW,2025-04-03,"3 , 010 Shares in Palo Alto Networks , Inc . ( NASDAQ : PANW ) Acquired by Uniting Wealth Partners LLC",https://www.dailypolitical.com/2025/04/03/3010-shares-in-palo-alto-networks-inc-nasdaqpanw-acquired-by-uniting-wealth-partners-llc.html,dailypolitical.com,English,0.0,gdelt_gkg
PANW,2025-04-03,Palo Alto Networks ( NASDAQ : PANW ) Stock Price Down 5 . 5 % – Here What Happened,https://www.dailypolitical.com/2025/04/03/palo-alto-networks-nasdaqpanw-stock-price-down-5-5-heres-what-happened.html,dailypolitical.com,English,0.0,gdelt_gkg
PANW,2025-04-04,"AI , cloud security fuel surge in cybersecurity investments",https://www.dailysabah.com/business/tech/ai-cloud-security-fuel-surge-in-cybersecurity-investments,dailysabah.com,English,0.0,gdelt_gkg
PANW,2025-04-04,Cybersecurity Stocks To Watch Today – April 4th,https://theenterpriseleader.com/2025/04/04/cybersecurity-stocks-to-watch-today-april-4th.html,theenterpriseleader.com,English,0.0,gdelt_gkg
PANW,2025-04-04,Assessing Microsoft Performance Against Competitors In Software Industry - Microsoft ( NASDAQ : MSFT ) ,https://www.benzinga.com/insights/news/25/04/44647751/assessing-microsofts-performance-against-competitors-in-software-industry,benzinga.com,English,0.0,gdelt_gkg
PANW,2025-04-04,Nancy Pelosi loses eye - popping millions in just three days thanks to Trump tariffs,https://www.dailymail.co.uk/news/article-14569421/nancy-pelosi-falls-wealthiest-politicians-list-trump.html,dailymail.co.uk,English,0.0,gdelt_gkg
PANW,2025-04-04,"Tariff rollout routs global stocks , Silicon Valley tech shares among hardest hit",https://www.mercurynews.com/2025/04/03/tariffs-hammering-silicon-valley-tech-giants-stock/,mercurynews.com,English,0.0,gdelt_gkg
PANW,2025-04-04,How Consumerization is Transforming the Infrastructure Industry Products and Business Models,https://www.thefastmode.com/expert-opinion/40800-how-consumerization-is-transforming-the-infrastructure-industry-s-products-and-business-models,thefastmode.com,English,0.0,gdelt_gkg
PANW,2025-04-04,"Tariff rollout routs global stocks , Silicon Valley tech shares among hardest hit",https://www.siliconvalley.com/2025/04/03/tariffs-hammering-silicon-valley-tech-giants-stock/,siliconvalley.com,English,0.0,gdelt_gkg
PANW,2025-04-04,עוד הישג משמעותי לחברת הסייבר זירו נטוורקס,https://tech.walla.co.il/item/3739961,tech.walla.co.il,Hebrew,0.0,gdelt_gkg
PANW,2025-04-04,"Tariff rollout routs global stocks , Silicon Valley tech shares among hardest hit",https://www.eastbaytimes.com/2025/04/03/tariffs-hammering-silicon-valley-tech-giants-stock/,eastbaytimes.com,English,0.0,gdelt_gkg
PANW,2025-04-05,Promising Cybersecurity Stocks Worth Watching – April 5th,https://www.themarketsdaily.com/2025/04/05/promising-cybersecurity-stocks-worth-watching-april-5th.html,themarketsdaily.com,English,0.0,gdelt_gkg
PANW,2025-04-05,Which Nasdaq Sell - Off Stock Is Cheaper : Palo Alto Networks or Nvidia ? ,https://www.fool.com/investing/2025/04/05/which-nasdaq-sell-off-stock-is-cheaper-palo-alto-n/?source=iedfolrf0000001,fool.com,English,0.0,gdelt_gkg
PANW,2025-04-05,"Tariff rollout routs global stocks , Silicon Valley tech shares among hardest hit why ? ",https://www.record-bee.com/2025/04/05/tariff-rollout-routs-global-stocks-silicon-valley-tech-shares-among-hardest-hit-why/,record-bee.com,English,0.0,gdelt_gkg
PANW,2025-04-05,Jim Cramer Calls Out Palo Alto Networks ( PANW ) Media Hit :  Totally Taken Out of Context  ,https://www.insidermonkey.com/blog/jim-cramer-calls-out-palo-alto-networks-panw-media-hit-totally-taken-out-of-context-1502216/,insidermonkey.com,English,0.0,gdelt_gkg
PANW,2025-04-05,Jim Cramer Calls Out Palo Alto Networks ( PANW ) Media Hit :  Totally Taken Out of Context  ,https://biztoc.com/x/965cbd3cbc856fe3,biztoc.com,English,0.0,gdelt_gkg
PANW,2025-04-05,Promising Cybersecurity Stocks Worth Watching – April 5th,https://www.modernreaders.com/news/2025/04/05/promising-cybersecurity-stocks-worth-watching-april-5th.html,modernreaders.com,English,0.0,gdelt_gkg
PANW,2025-04-05,Jim Cramer Calls Out Palo Alto Networks ( PANW ) Media Hit :  Totally Taken Out of Context  ,https://finance.yahoo.com/news/jim-cramer-calls-palo-alto-174337920.html,finance.yahoo.com,English,0.0,gdelt_gkg
PANW,2025-04-05,"Cascades Capital Asset Management LLC Has $678 , 000 Stake in Palo Alto Networks , Inc . ( NASDAQ : PANW ) ",https://www.modernreaders.com/news/2025/04/05/cascades-capital-asset-management-llc-has-678000-stake-in-palo-alto-networks-inc-nasdaqpanw.html,modernreaders.com,English,0.0,gdelt_gkg
PANW,2025-04-05,"Sit Investment Associates Inc . Grows Stake in Palo Alto Networks , Inc . ( NASDAQ : PANW ) ",https://theenterpriseleader.com/2025/04/05/sit-investment-associates-inc-grows-stake-in-palo-alto-networks-inc-nasdaqpanw.html,theenterpriseleader.com,English,0.0,gdelt_gkg
PANW,2025-04-05,"Palo Alto Networks , Inc . ( NASDAQ : PANW ) Stake Boosted by ROI Financial Advisors LLC",https://www.dailypolitical.com/2025/04/05/palo-alto-networks-inc-nasdaqpanw-stake-boosted-by-roi-financial-advisors-llc.html,dailypolitical.com,English,0.0,gdelt_gkg
PANW,2025-04-05,"ROI Financial Advisors LLC Purchases 13 , 040 Shares of Palo Alto Networks , Inc . ( NASDAQ : PANW ) ",https://www.tickerreport.com/banking-finance/12904112/roi-financial-advisors-llc-purchases-13040-shares-of-palo-alto-networks-inc-nasdaqpanw.html,tickerreport.com,English,0.0,gdelt_gkg
PANW,2025-04-05,"Mizuho Bank Ltd . Purchases Shares of 480 Palo Alto Networks , Inc . ( NASDAQ : PANW ) ",https://www.dailypolitical.com/2025/04/05/mizuho-bank-ltd-purchases-shares-of-480-palo-alto-networks-inc-nasdaqpanw.html,dailypolitical.com,English,0.0,gdelt_gkg
PANW,2025-04-05,"Cascades Capital Asset Management LLC Has $678 , 000 Stock Holdings in Palo Alto Networks , Inc . ( NASDAQ : PANW ) ",https://www.themarketsdaily.com/2025/04/05/cascades-capital-asset-management-llc-has-678000-stock-holdings-in-palo-alto-networks-inc-nasdaqpanw.html,themarketsdaily.com,English,0.0,gdelt_gkg
PANW,2025-04-05,  Dropsite :  غوغل  تستحوذ على شركة تجسّس إسرائيلية,https://www.almayadeen.net/press/-dropsite----%D8%BA%D9%88%D8%BA%D9%84--%D8%AA%D8%B3%D8%AA%D8%AD%D9%88%D8%B0-%D8%B9%D9%84%D9%89-%D8%B4%D8%B1%D9%83%D8%A9-%D8%AA%D8%AC%D8%B3%D8%B3-%D8%A5%D8%B3%D8%B1%D8%A7%D8%A6%D9%8A%D9%84%D9%8A%D8%A9,almayadeen.net,Arabic,0.0,gdelt_gkg
PANW,2025-04-05,Which Nasdaq Sell - Off Stock Is Cheaper : Palo Alto Networks or Nvidia ? ,https://finance.yahoo.com/news/nasdaq-sell-off-stock-cheaper-143200976.html,finance.yahoo.com,English,0.0,gdelt_gkg
PANW,2025-04-06,"Dynamic Technology Lab Private Ltd Purchases 3 , 007 Shares of Palo Alto Networks , Inc . ( NASDAQ : PANW ) ",https://www.wkrb13.com/2025/04/06/dynamic-technology-lab-private-ltd-purchases-3007-shares-of-palo-alto-networks-inc-nasdaqpanw.html,wkrb13.com,English,0.0,gdelt_gkg
PANW,2025-04-06,Dave Vellante Breaking Analysis : The complete collection,https://siliconangle.com/2025/04/05/dave-vellantes-breaking-analysis-complete-collection/,siliconangle.com,English,0.0,gdelt_gkg
PANW,2025-04-06,Promising Cybersecurity Stocks To Consider – April 6th,https://theenterpriseleader.com/2025/04/06/promising-cybersecurity-stocks-to-consider-april-6th.html,theenterpriseleader.com,English,0.0,gdelt_gkg
PANW,2025-04-07,Where Will SentinelOne Stock Be in 1 Year ? ,https://www.fool.com/investing/2025/04/07/where-will-sentinelone-stock-be-in-1-year/?source=iedfolrf0000001,fool.com,English,0.0,gdelt_gkg
PANW,2025-04-07,Cybersecurity Vendors Expected To Be Resilient Amid Tariffs : Analyst,https://www.crn.com/news/security/2025/cybersecurity-vendors-expected-to-be-resilient-amid-tariffs-analyst,crn.com,English,0.0,gdelt_gkg
PANW,2025-04-07,Promising Telecom Stocks To Watch Today – April 7th,https://www.themarketsdaily.com/2025/04/07/promising-telecom-stocks-to-watch-today-april-7th.html,themarketsdaily.com,English,0.0,gdelt_gkg
PANW,2025-04-07,Stock markets have crashed before . Why is this time different ? ,https://www.bostonglobe.com/2025/04/07/business/stock-market-crash-tariffs/,bostonglobe.com,English,0.0,gdelt_gkg
PANW,2025-04-07,"Exclusive Networks , Palo Alto Networks Launch Managed SOC in Southeast Asia",https://www.thefastmode.com/technology-solutions/40819-exclusive-networks-palo-alto-networks-launch-managed-soc-in-southeast-asia,thefastmode.com,English,0.0,gdelt_gkg
PANW,2025-04-07,"Concentrum Wealth Management Increases Position in Palo Alto Networks , Inc . ( NASDAQ : PANW ) ",https://theenterpriseleader.com/2025/04/07/concentrum-wealth-management-increases-position-in-palo-alto-networks-inc-nasdaqpanw.html,theenterpriseleader.com,English,0.0,gdelt_gkg
PANW,2025-04-07,Palo Alto Networks ( PANW ) – Investment Analyst Recent Ratings Changes,https://www.wkrb13.com/2025/04/07/palo-alto-networks-panw-investment-analysts-recent-ratings-changes.html,wkrb13.com,English,0.0,gdelt_gkg
PANW,2025-04-07,Promising Cybersecurity Stocks To Consider – April 6th,https://www.modernreaders.com/news/2025/04/07/promising-cybersecurity-stocks-to-consider-april-6th.html,modernreaders.com,English,0.0,gdelt_gkg
PANW,2025-04-07,"Nvidia , Apple Top  Names To Own : Cybersecurity Stocks To Outperform , Tech Analyst Dan Ives Says - NVIDIA ( NASDAQ : NVDA ) ",https://www.benzinga.com/analyst-ratings/analyst-color/25/04/44670176/nvidia-apple-top-names-to-own-cybersecurity-stocks-to-outperform-tech-analyst-dan-ives-says,benzinga.com,English,0.0,gdelt_gkg
PANW,2025-04-08,"Advisory Services Network LLC Buys 22 , 824 Shares of Palo Alto Networks , Inc . ( NASDAQ : PANW ) ",https://theenterpriseleader.com/2025/04/08/advisory-services-network-llc-buys-22824-shares-of-palo-alto-networks-inc-nasdaqpanw.html,theenterpriseleader.com,English,0.0,gdelt_gkg
PANW,2025-04-08,Palo Alto Networks ( NASDAQ : PANW ) Trading Up 4 . 5 % – What Next ? ,https://www.dailypolitical.com/2025/04/08/palo-alto-networks-nasdaqpanw-trading-up-4-5-whats-next.html,dailypolitical.com,English,0.0,gdelt_gkg
PANW,2025-04-08,"How to reduce costs , improve security , and support growth for network management",https://www.govinfosecurity.com/whitepapers/how-to-reduce-costs-improve-security-support-growth-for-network-w-14941,govinfosecurity.com,English,0.0,gdelt_gkg
PANW,2025-04-08,"Palo Alto Networks Crosses $1 . 5 Billion In Google Cloud Marketplace Sales , Driven By AI - Palo Alto Networks ( NASDAQ : PANW ) ",https://www.benzinga.com/trading-ideas/movers/25/04/44701074/palo-alto-networks-crosses-15-billion-in-google-cloud-marketplace-sales-driven-by-ai,benzinga.com,English,0.0,gdelt_gkg
PANW,2025-04-08,This Might Be the Ultimate Artificial Intelligence ( AI ) ETF to Buy as Tariffs Take Hold,https://www.fool.com/investing/2025/04/08/ultimate-artificial-intelligence-ai-etf-buy-tariff/,fool.com,English,0.0,gdelt_gkg
PANW,2025-04-08,"Palo Alto Networks Crosses $1 . 5 Billion In Google Cloud Marketplace Sales , Driven By AI",https://biztoc.com/x/10c68f1379535e27,biztoc.com,English,0.0,gdelt_gkg
PANW,2025-04-08,ניר צוק :  צריך לייצר תוכנית לימודים שתתאים לצרכי ההייטק  ,https://www.calcalist.co.il/conferences/article/bkh9humcje,calcalist.co.il,Hebrew,0.0,gdelt_gkg
PANW,2025-04-08,"Aster Capital Management DIFC Ltd Has $143 , 000 Position in Palo Alto Networks , Inc . ( NASDAQ : PANW ) ",https://www.dailypolitical.com/2025/04/08/aster-capital-management-difc-ltd-has-143000-position-in-palo-alto-networks-inc-nasdaqpanw.html,dailypolitical.com,English,0.0,gdelt_gkg
PANW,2025-04-08,"Aster Capital Management DIFC Ltd Acquires 359 Shares of Palo Alto Networks , Inc . ( NASDAQ : PANW ) ",https://www.tickerreport.com/banking-finance/12906834/aster-capital-management-difc-ltd-acquires-359-shares-of-palo-alto-networks-inc-nasdaqpanw.html,tickerreport.com,English,0.0,gdelt_gkg
PANW,2025-04-08,"Palo Alto Networks , Inc . ( NASDAQ : PANW ) Shares Bought by APG Asset Management N . V . ",https://theenterpriseleader.com/2025/04/08/palo-alto-networks-inc-nasdaqpanw-shares-bought-by-apg-asset-management-n-v.html,theenterpriseleader.com,English,0.0,gdelt_gkg
PANW,2025-04-08,Tariff Market Crash : 38 Stocks to Buy to Outperform S & P 500,https://www.businessinsider.com/cheap-stock-picks-bargain-prices-tariffs-market-crash-trump-recession-2025-4,businessinsider.com,English,0.0,gdelt_gkg
PANW,2025-04-08,Promising Telecom Stocks To Watch Today – April 7th,https://www.wkrb13.com/2025/04/08/promising-telecom-stocks-to-watch-today-april-7th.html,wkrb13.com,English,0.0,gdelt_gkg
PANW,2025-04-09,"Microsoft , Netflix , Palo Alto And A Utility Stock On CNBC  Final Trade - Alphabet ( NASDAQ : GOOG ), Dominion Energy ( NYSE : D ) ",https://www.benzinga.com/25/04/44709482/microsoft-netflix-palo-alto-and-a-utility-stock-on-cnbcs-final-trades,benzinga.com,English,0.0,gdelt_gkg
PANW,2025-04-09,Palo Alto Networks Leads Cybersecurity Stocks Higher : What Going On ? - Palo Alto Networks ( NASDAQ : PANW ) ,https://www.benzinga.com/trading-ideas/movers/25/04/44718119/palo-alto-networks-leads-cybersecurity-stocks-higher-whats-going-on,benzinga.com,English,0.0,gdelt_gkg
PANW,2025-04-09,Variety 2025 Legal Impact Report : Hollywood Top Attorneys,https://variety.com/lists/legal-impact-report-2025-hollywood-top-attorneys/,variety.com,English,0.0,gdelt_gkg
PANW,2025-04-09,Want to start buying stocks ? Consider these 3 things before you make a move,https://www.cnbc.com/2025/04/09/want-to-start-buying-stocks-consider-these-3-things-before-you-make-a-move.html,cnbc.com,English,0.0,gdelt_gkg
PANW,2025-04-09,Healthcare Stocks To Research – April 8th,https://www.themarketsdaily.com/2025/04/09/healthcare-stocks-to-research-april-8th.html,themarketsdaily.com,English,0.0,gdelt_gkg
PANW,2025-04-09,4 Ways You Can Navigate the Stock Market Crash,https://finance.yahoo.com/news/4-ways-navigate-stock-market-141938594.html,finance.yahoo.com,English,0.0,gdelt_gkg
PANW,2025-04-09,"APG Asset Management US Inc . Purchases 10 , 830 Shares of Palo Alto Networks , Inc . ( NASDAQ : PANW ) ",https://www.wkrb13.com/2025/04/09/apg-asset-management-us-inc-purchases-10830-shares-of-palo-alto-networks-inc-nasdaqpanw.html,wkrb13.com,English,0.0,gdelt_gkg
PANW,2025-04-09,Why Palo Alto Networks Is Eyeing a $700M Buy of Protect AI,https://www.govinfosecurity.com/blogs/palo-alto-networks-eyeing-700m-buy-protect-ai-p-3852,govinfosecurity.com,English,0.0,gdelt_gkg
PANW,2025-04-09,Top Telecom Stocks To Follow Now – April 8th,https://www.dailypolitical.com/2025/04/09/top-telecom-stocks-to-follow-now-april-8th.html,dailypolitical.com,English,0.0,gdelt_gkg
PANW,2025-04-09,PhysicsWallah goes UPSC shopping ; Tech giants eye GPUs,https://economictimes.indiatimes.com/tech/newsletters/morning-dispatch/physicswallah-goes-upsc-shopping-tech-giants-eye-gpus/articleshow/120110146.cms,economictimes.indiatimes.com,English,0.0,gdelt_gkg
PANW,2025-04-09,Promising Cybersecurity Stocks To Consider – April 6th,https://www.etfdailynews.com/2025/04/09/promising-cybersecurity-stocks-to-consider-april-6th/,etfdailynews.com,English,0.0,gdelt_gkg
PANW,2025-04-09,NRIセキュア 、 パロアルトのSIEM 「 Cortex XSIAM 」 向けに運用支援サービスを提供,https://cloud.watch.impress.co.jp/docs/news/2005047.html,cloud.watch.impress.co.jp,Japanese,0.0,gdelt_gkg
PANW,2025-04-09,ועידת דור העתיד לטכנולוגיה והאקתון הגדול בישראל,https://mekomi.walla.co.il/item/3741282,mekomi.walla.co.il,Hebrew,0.0,gdelt_gkg
PANW,2025-04-09,"Computing India AI future : Tech majors look to chip in , Telecom News , ET Telecom",https://telecom.economictimes.indiatimes.com/news/internet/computing-indias-ai-future-tech-majors-look-to-chip-in/120111737,telecom.economictimes.indiatimes.com,English,0.0,gdelt_gkg
PANW,2025-04-09,Palo Alto Networks mulls buying AI security co for $700m,https://en.globes.co.il/en/article-palo-alto-networks-mulls-buying-ai-security-co-for-700m-1001507476,en.globes.co.il,English,0.0,gdelt_gkg
PANW,2025-04-09,Promising Energy Stocks To Follow Today – April 8th,https://www.wkrb13.com/2025/04/09/promising-energy-stocks-to-follow-today-april-8th.html,wkrb13.com,English,0.0,gdelt_gkg
PANW,2025-04-09,Leidos and Moveworks Bring Agentic AI Capabilities to Government Agencies,https://www.prnewswire.com/news-releases/leidos-and-moveworks-bring-agentic-ai-capabilities-to-government-agencies-302423882.html,prnewswire.com,English,0.0,gdelt_gkg
PANW,2025-04-10,"Scotia Capital Inc . Purchases 68 , 790 Shares of Palo Alto Networks , Inc . ( NASDAQ : PANW ) ",https://theenterpriseleader.com/2025/04/10/scotia-capital-inc-purchases-68790-shares-of-palo-alto-networks-inc-nasdaqpanw.html,theenterpriseleader.com,English,0.0,gdelt_gkg
PANW,2025-04-10,Palo Alto CIO : AI Productivity Requires Secure Foundations,https://www.govinfosecurity.com/interviews/palo-alto-cio-ai-productivity-requires-secure-foundations-i-5473,govinfosecurity.com,English,0.0,gdelt_gkg
PANW,2025-04-10,"Stan Wong Top Picks for April 10 , 2025 – BNN Bloomberg",https://www.bnnbloomberg.ca/investing/2025/04/10/stan-wongs-top-picks-for-april-10-2025/,bnnbloomberg.ca,English,0.0,gdelt_gkg
PANW,2025-04-10,"Covestor Ltd Buys 1 , 531 Shares of Palo Alto Networks , Inc . ( NASDAQ : PANW ) ",https://www.tickerreport.com/banking-finance/12909992/covestor-ltd-buys-1531-shares-of-palo-alto-networks-inc-nasdaqpanw.html,tickerreport.com,English,0.0,gdelt_gkg
PANW,2025-04-10,"Covestor Ltd Acquires 1 , 531 Shares of Palo Alto Networks , Inc . ( NASDAQ : PANW ) ",https://www.dailypolitical.com/2025/04/10/covestor-ltd-acquires-1531-shares-of-palo-alto-networks-inc-nasdaqpanw.html,dailypolitical.com,English,0.0,gdelt_gkg
PANW,2025-04-10,"Treasurer of the State of North Carolina Has $60 . 65 Million Stock Holdings in Palo Alto Networks , Inc . ( NASDAQ : PANW ) ",https://www.dailypolitical.com/2025/04/10/treasurer-of-the-state-of-north-carolina-has-60-65-million-stock-holdings-in-palo-alto-networks-inc-nasdaqpanw.html,dailypolitical.com,English,0.0,gdelt_gkg
PANW,2025-04-10,"FRG Family Wealth Advisors LLC Has $524 , 000 Stock Position in Palo Alto Networks , Inc . ( NASDAQ : PANW ) ",https://www.tickerreport.com/banking-finance/12909895/frg-family-wealth-advisors-llc-has-524000-stock-position-in-palo-alto-networks-inc-nasdaqpanw.html,tickerreport.com,English,0.0,gdelt_gkg
PANW,2025-04-10,パロアルト 、 CNAPP 「 Prisma Cloud 」 の次世代版 「 Cortex Cloud 」 の詳細を説明,https://cloud.watch.impress.co.jp/docs/news/2005581.html,cloud.watch.impress.co.jp,Japanese,0.0,gdelt_gkg
PANW,2025-04-10,"Roblox upgraded , GM downgraded : Wall Street top analyst calls",https://finance.yahoo.com/news/roblox-upgraded-gm-downgraded-wall-133643759.html,finance.yahoo.com,English,0.0,gdelt_gkg
PANW,2025-04-10,Palo Alto Networks ( NASDAQ : PANW ) Shares Down 0 . 6 % – Here Why,https://www.modernreaders.com/news/2025/04/10/palo-alto-networks-nasdaqpanw-shares-down-0-6-heres-why.html,modernreaders.com,English,0.0,gdelt_gkg
PANW,2025-04-10,Why Palo Alto Networks Is Eyeing a $700M Buy of Protect AI,https://www.bankinfosecurity.com/blogs/palo-alto-networks-eyeing-700m-buy-protect-ai-p-3852,bankinfosecurity.com,English,0.0,gdelt_gkg
PANW,2025-04-10,Google unveils Gemini 2 . 5 AI models for enterprises,https://itbrief.co.nz/story/google-unveils-gemini-2-5-ai-models-for-enterprises,itbrief.co.nz,English,0.0,gdelt_gkg
PANW,2025-04-10,"Lee Klarich Sells 120 , 774 Shares of Palo Alto Networks , Inc . ( NASDAQ : PANW ) Stock",https://www.themarketsdaily.com/2025/04/09/lee-klarich-sells-120774-shares-of-palo-alto-networks-inc-nasdaqpanw-stock.html,themarketsdaily.com,English,0.0,gdelt_gkg
PANW,2025-04-10,Matt Kraning Joins Menlo Ventures as Partner to Drive AI Investments,https://www.manilatimes.net/2025/04/10/tmt-newswire/globenewswire/matt-kraning-joins-menlo-ventures-as-partner-to-drive-ai-investments/2089988,manilatimes.net,English,0.0,gdelt_gkg
PANW,2025-04-10,パロアルト 、 CNAPPの次世代版 「 Cortex Cloud 」 を解説 --「 Cortex XSIAM 」 との連携を強化,https://japan.zdnet.com/article/35231598/,japan.zdnet.com,Japanese,0.0,gdelt_gkg
PANW,2025-04-11,Palo Alto Networks ( NASDAQ : PANW ) Trading 2 . 3 % Higher – Here Why,https://theenterpriseleader.com/2025/04/11/palo-alto-networks-nasdaqpanw-trading-2-3-higher-heres-why.html,theenterpriseleader.com,English,0.0,gdelt_gkg
PANW,2025-04-11,Top Technology Executives Recognized at the 2025 SeattleCIO ORBIE Awards,https://www.manilatimes.net/2025/04/12/tmt-newswire/globenewswire/top-technology-executives-recognized-at-the-2025-seattlecio-orbie-awards/2091139,manilatimes.net,English,0.0,gdelt_gkg
PANW,2025-04-11,Palo Alto Networks ( NASDAQ : PANW ) Stock Price Down 3 . 1 % – What Next ? ,https://www.themarketsdaily.com/2025/04/11/palo-alto-networks-nasdaqpanw-stock-price-down-3-1-whats-next.html,themarketsdaily.com,English,0.0,gdelt_gkg
PANW,2025-04-11,"Jaffetilchin Investment Partners LLC Acquires 12 , 461 Shares of Palo Alto Networks , Inc . ( NASDAQ : PANW ) ",https://www.wkrb13.com/2025/04/11/jaffetilchin-investment-partners-llc-acquires-12461-shares-of-palo-alto-networks-inc-nasdaqpanw.html,wkrb13.com,English,0.0,gdelt_gkg
PANW,2025-04-11,"CrowdStrike , Robinhood , Palo Alto Networks And A Health Care Stock On CNBC  Final Trade - Alphabet ( NASDAQ : GOOG ), CrowdStrike Holdings ( NASDAQ : CRWD ) ",https://www.benzinga.com/25/04/44759696/crowdstrike-robinhood-palo-alto-networks-and-a-health-care-stock-on-cnbcs-final-trades,benzinga.com,English,0.0,gdelt_gkg
PANW,2025-04-11,"Bank of Hawaii Has $412 , 000 Stock Position in Palo Alto Networks , Inc . ( NASDAQ : PANW ) ",https://www.themarketsdaily.com/2025/04/11/bank-of-hawaii-has-412000-stock-position-in-palo-alto-networks-inc-nasdaqpanw.html,themarketsdaily.com,English,0.0,gdelt_gkg
PANW,2025-04-11,Palo Alto Networks ( NASDAQ : PANW ) Stock Price Down 2 . 5 % Following Insider Selling,https://www.defenseworld.net/2025/04/11/palo-alto-networks-nasdaqpanw-stock-price-down-2-5-following-insider-selling.html,defenseworld.net,English,0.0,gdelt_gkg
PANW,2025-04-11,Palo Alto CIO : AI Productivity Requires Secure Foundations,https://www.bankinfosecurity.com/interviews/palo-alto-cio-ai-productivity-requires-secure-foundations-i-5473,bankinfosecurity.com,English,0.0,gdelt_gkg
PANW,2025-04-11,North American Morning Briefing : China Raises - 2 - ,https://www.marketscreener.com/quote/stock/MTY-FOOD-GROUP-INC-1410921/news/North-American-Morning-Briefing-China-Raises-2-49596992/,marketscreener.com,English,0.0,gdelt_gkg
PANW,2025-04-11,"Bank of Hawaii Acquires 1 , 132 Shares of Palo Alto Networks , Inc . ( NASDAQ : PANW ) ",https://www.modernreaders.com/news/2025/04/11/bank-of-hawaii-acquires-1132-shares-of-palo-alto-networks-inc-nasdaqpanw.html,modernreaders.com,English,0.0,gdelt_gkg
PANW,2025-04-12,"Palo Alto Networks , Inc . ( NASDAQ : PANW ) Stake Lifted by Nicolet Bankshares Inc . ",https://www.modernreaders.com/news/2025/04/12/palo-alto-networks-inc-nasdaqpanw-stake-lifted-by-nicolet-bankshares-inc.html,modernreaders.com,English,0.0,gdelt_gkg
PANW,2025-04-12,"Next Century Growth Investors LLC Grows Stock Holdings in Palo Alto Networks , Inc . ( NASDAQ : PANW ) ",https://www.modernreaders.com/news/2025/04/12/next-century-growth-investors-llc-grows-stock-holdings-in-palo-alto-networks-inc-nasdaqpanw.html,modernreaders.com,English,0.0,gdelt_gkg
PANW,2025-04-12,Should You Forget Apple and Buy These 2 Tech Stocks Instead ? ,https://www.fool.com/investing/2025/04/12/should-you-forget-apple-and-buy-these-2-tech-stock/?source=iedfolrf0000001,fool.com,English,0.0,gdelt_gkg
PANW,2025-04-12,"Palo Alto CEO sparks debate over reading habits , says he prefers summaries to 500 - page books",https://www.moneycontrol.com/news/trends/palo-alto-ceo-sparks-debate-over-reading-habits-says-he-prefers-summaries-to-500-page-books-12992576.html,moneycontrol.com,English,0.0,gdelt_gkg
PANW,2025-04-12,Jim Cramer explains the best way to pick stocks right now,https://www.cnbc.com/2025/04/11/jim-cramer-explains-the-best-way-to-pick-stocks-right-now.html,cnbc.com,English,0.0,gdelt_gkg
PANW,2025-04-12,"FIL Ltd Acquires 21 , 660 Shares of Palo Alto Networks , Inc . ( NASDAQ : PANW ) ",https://theenterpriseleader.com/2025/04/12/fil-ltd-acquires-21660-shares-of-palo-alto-networks-inc-nasdaqpanw.html,theenterpriseleader.com,English,0.0,gdelt_gkg
PANW,2025-04-12,"Rockefeller Capital Management L . P . Raises Stock Position in Palo Alto Networks , Inc . ( NASDAQ : PANW ) ",https://www.tickerreport.com/banking-finance/12912781/rockefeller-capital-management-l-p-raises-stock-position-in-palo-alto-networks-inc-nasdaqpanw.html,tickerreport.com,English,0.0,gdelt_gkg
PANW,2025-04-12,"NFP Retirement Inc . Increases Holdings in Palo Alto Networks , Inc . ( NASDAQ : PANW ) ",https://www.themarketsdaily.com/2025/04/12/nfp-retirement-inc-increases-holdings-in-palo-alto-networks-inc-nasdaqpanw.html,themarketsdaily.com,English,0.0,gdelt_gkg
PANW,2025-04-12,Jim Cramer explains the best way to pick stocks right now,https://www.nbclosangeles.com/news/business/money-report/jim-cramer-explains-the-best-way-to-pick-stocks-right-now/3677278/,nbclosangeles.com,English,0.0,gdelt_gkg
PANW,2025-04-12,"Nicolet Bankshares Inc . Raises Stock Position in Palo Alto Networks , Inc . ( NASDAQ : PANW ) ",https://www.themarketsdaily.com/2025/04/12/nicolet-bankshares-inc-raises-stock-position-in-palo-alto-networks-inc-nasdaqpanw.html,themarketsdaily.com,English,0.0,gdelt_gkg
PANW,2025-04-12,Jim Cramer explains the best way to pick stocks right now,https://www.nbcphiladelphia.com/news/business/money-report/jim-cramer-explains-the-best-way-to-pick-stocks-right-now/4158986/,nbcphiladelphia.com,English,0.0,gdelt_gkg
PANW,2025-04-12,"CEO who earned Rs 1 , 259 crore struggles with long books , does this instead .  Why would I read 500 pages ? ",https://economictimes.indiatimes.com/magazines/panache/ceo-who-earned-rs-1259-crore-struggles-with-long-books-does-this-instead-why-would-i-read-500-pages/articleshow/120239019.cms,economictimes.indiatimes.com,English,0.0,gdelt_gkg
PANW,2025-04-12,"Palo Alto Networks , Inc . ( NASDAQ : PANW ) Stock Position Lifted by Philadelphia Trust Co . ",https://www.tickerreport.com/banking-finance/12912817/palo-alto-networks-inc-nasdaqpanw-stock-position-lifted-by-philadelphia-trust-co.html,tickerreport.com,English,0.0,gdelt_gkg
PANW,2025-04-12,Jim Cramer explains the best way to pick stocks right now,https://www.nbcsandiego.com/news/business/money-report/jim-cramer-explains-the-best-way-to-pick-stocks-right-now/3802199/,nbcsandiego.com,English,0.0,gdelt_gkg
PANW,2025-04-12,Jim Cramer explains the best way to pick stocks right now,https://www.nbcnewyork.com/news/business/money-report/jim-cramer-explains-the-best-way-to-pick-stocks-right-now/6222703/,nbcnewyork.com,English,0.0,gdelt_gkg
PANW,2025-04-12,Jim Cramer explains the best way to pick stocks right now,https://www.nbcdfw.com/news/business/money-report/jim-cramer-explains-the-best-way-to-pick-stocks-right-now/3815449/,nbcdfw.com,English,0.0,gdelt_gkg
PANW,2025-04-12,Jim Cramer explains the best way to pick stocks right now,https://www.nbcconnecticut.com/news/business/money-report/jim-cramer-explains-the-best-way-to-pick-stocks-right-now/3542336/,nbcconnecticut.com,English,0.0,gdelt_gkg
PANW,2025-04-13,"Palo Alto Networks , Inc . ( NASDAQ : PANW ) Shares Acquired by Menora Mivtachim Holdings LTD . ",https://www.wkrb13.com/2025/04/13/palo-alto-networks-inc-nasdaqpanw-shares-acquired-by-menora-mivtachim-holdings-ltd.html,wkrb13.com,English,0.0,gdelt_gkg
PANW,2025-04-13,"Savvy Advisors Inc . Has $1 . 81 Million Position in Palo Alto Networks , Inc . ( NASDAQ : PANW ) ",https://www.modernreaders.com/news/2025/04/13/savvy-advisors-inc-has-1-81-million-position-in-palo-alto-networks-inc-nasdaqpanw.html,modernreaders.com,English,0.0,gdelt_gkg
PANW,2025-04-13,Telecom Stocks To Consider – April 12th,https://www.wkrb13.com/2025/04/13/telecom-stocks-to-consider-april-12th.html,wkrb13.com,English,0.0,gdelt_gkg
PANW,2025-04-13,Cybersecurity Stocks To Research – April 10th,https://www.etfdailynews.com/2025/04/13/cybersecurity-stocks-to-research-april-10th/,etfdailynews.com,English,0.0,gdelt_gkg
PANW,2025-04-13,Prediction : in 2 years these S & P 500 stocks will be much higher than they are today,https://www.fool.co.uk/2025/04/13/prediction-in-2-years-these-sp-500-stocks-will-be-much-higher-than-they-are-today/,fool.co.uk,English,0.0,gdelt_gkg
PANW,2025-04-13,"Bessemer Group Inc . Sells 871 Shares of Palo Alto Networks , Inc . ( NASDAQ : PANW ) ",https://www.tickerreport.com/banking-finance/12913311/bessemer-group-inc-sells-871-shares-of-palo-alto-networks-inc-nasdaqpanw.html,tickerreport.com,English,0.0,gdelt_gkg
PANW,2025-04-14,Wiz $32B GTM Playbook : Unpacking the Formula ( Part I ) ,https://www.cybersecuritypulse.net/p/wizs-32b-gtm-playbook-unpacking-the,cybersecuritypulse.net,English,0.0,gdelt_gkg
PANW,2025-04-14,"Sagespring Wealth Partners LLC Makes New $970 , 000 Investment in Palo Alto Networks , Inc . ( NASDAQ : PANW ) ",https://www.dailypolitical.com/2025/04/14/sagespring-wealth-partners-llc-makes-new-970000-investment-in-palo-alto-networks-inc-nasdaqpanw.html,dailypolitical.com,English,0.0,gdelt_gkg
PANW,2025-04-14,CyberArk Warns About Cybersecurity Threats To AI Agents And LLM,https://www.forbes.com/sites/gilpress/2025/04/14/cyberark-warns-about-cybersecurity-threats-to-ai-agents-and-llm/,forbes.com,English,0.0,gdelt_gkg
PANW,2025-04-14,"Cahaba Wealth Management Inc . Raises Stake in Palo Alto Networks , Inc . ( NASDAQ : PANW ) ",https://www.tickerreport.com/banking-finance/12914606/cahaba-wealth-management-inc-raises-stake-in-palo-alto-networks-inc-nasdaqpanw.html,tickerreport.com,English,0.0,gdelt_gkg
PANW,2025-04-14,AI infrastructure reshapes cloud strategies,https://siliconangle.com/2025/04/14/thecube-pod-tariffs-tech-volatility-ai-infrastructure-thecubepod/,siliconangle.com,English,0.0,gdelt_gkg
PANW,2025-04-14,"Cahaba Wealth Management Inc . Has $779 , 000 Stake in Palo Alto Networks , Inc . ( NASDAQ : PANW ) ",https://www.dailypolitical.com/2025/04/14/cahaba-wealth-management-inc-has-779000-stake-in-palo-alto-networks-inc-nasdaqpanw.html,dailypolitical.com,English,0.0,gdelt_gkg
PANW,2025-04-14,Jim Cramer explains why these market themes are working right now,https://www.cnbc.com/2025/04/14/jim-cramer-explains-why-these-market-themes-are-working-right-now.html,cnbc.com,English,0.0,gdelt_gkg
PANW,2025-04-14,Top Telecom Stocks Worth Watching – April 13th,https://www.modernreaders.com/news/2025/04/14/top-telecom-stocks-worth-watching-april-13th.html,modernreaders.com,English,0.0,gdelt_gkg
PANW,2025-04-15,"Palo Alto Networks , Inc . ( NASDAQ : PANW ) Shares Purchased by Lafayette Investments Inc . ",https://www.tickerreport.com/banking-finance/12915844/palo-alto-networks-inc-nasdaqpanw-shares-purchased-by-lafayette-investments-inc.html,tickerreport.com,English,0.0,gdelt_gkg
PANW,2025-04-15,Sterile Bioprocess Filtration Market Is Booming So Rapidly,https://www.openpr.com/news/3971510/sterile-bioprocess-filtration-market-is-booming-so-rapidly,openpr.com,English,0.0,gdelt_gkg
PANW,2025-04-15,Palo Alto Networks ( NASDAQ : PANW ) Shares Up 2 . 2 % – Should You Buy ? ,https://theenterpriseleader.com/2025/04/15/palo-alto-networks-nasdaqpanw-shares-up-2-2-should-you-buy.html,theenterpriseleader.com,English,0.0,gdelt_gkg
PANW,2025-04-15,CrowdStrike shares extend their big rally . How we are thinking about the stock now,https://www.cnbc.com/2025/04/15/crowdstrike-shares-extend-their-big-rally-how-we-are-thinking-about-the-stock-now.html,cnbc.com,English,0.0,gdelt_gkg
PANW,2025-04-15,Webinar | Securing Your Critical Infrastructure,https://www.govinfosecurity.com/webinars/webinar-securing-your-critical-infrastructure-w-6240,govinfosecurity.com,English,0.0,gdelt_gkg
PANW,2025-04-15,"Lafayette Investments Inc . Purchases 1 , 550 Shares of Palo Alto Networks , Inc . ( NASDAQ : PANW ) ",https://www.dailypolitical.com/2025/04/15/lafayette-investments-inc-purchases-1550-shares-of-palo-alto-networks-inc-nasdaqpanw.html,dailypolitical.com,English,0.0,gdelt_gkg
PANW,2025-04-15,Jim Cramer explains why these market themes are working right now,https://www.nbcchicago.com/news/business/money-report/jim-cramer-explains-why-these-market-themes-are-working-right-now/3722210/,nbcchicago.com,English,0.0,gdelt_gkg
PANW,2025-04-15,Jim Cramer explains why these market themes are working right now,https://www.nbcconnecticut.com/news/business/money-report/jim-cramer-explains-why-these-market-themes-are-working-right-now/3543794/,nbcconnecticut.com,English,0.0,gdelt_gkg
PANW,2025-04-15,"11 , 980 Shares in Palo Alto Networks , Inc . ( NASDAQ : PANW ) Purchased by Canada Post Corp Registered Pension Plan",https://www.modernreaders.com/news/2025/04/15/11980-shares-in-palo-alto-networks-inc-nasdaqpanw-purchased-by-canada-post-corp-registered-pension-plan.html,modernreaders.com,English,0.0,gdelt_gkg
PANW,2025-04-15,"Kane Investment Management Inc . Acquires Shares of 11 , 248 Palo Alto Networks , Inc . ( NASDAQ : PANW ) ",https://www.dailypolitical.com/2025/04/15/kane-investment-management-inc-acquires-shares-of-11248-palo-alto-networks-inc-nasdaqpanw.html,dailypolitical.com,English,0.0,gdelt_gkg
PANW,2025-04-15,"11 , 248 Shares in Palo Alto Networks , Inc . ( NASDAQ : PANW ) Acquired by Kane Investment Management Inc . ",https://www.tickerreport.com/banking-finance/12915615/11248-shares-in-palo-alto-networks-inc-nasdaqpanw-acquired-by-kane-investment-management-inc.html,tickerreport.com,English,0.0,gdelt_gkg
PANW,2025-04-16,Top Telecom Stocks Worth Watching – April 13th,https://theenterpriseleader.com/2025/04/16/top-telecom-stocks-worth-watching-april-13th.html,theenterpriseleader.com,English,0.0,gdelt_gkg
PANW,2025-04-16,Jim Cramer : Palo Alto Networks ( PANW ) Is  Just Terrific  – Cybersecurity Cant Be Tariffed,https://www.insidermonkey.com/blog/jim-cramer-palo-alto-networks-panw-is-just-terrific-cybersecurity-cant-be-tariffed-1509680/,insidermonkey.com,English,0.0,gdelt_gkg
PANW,2025-04-16,Top Telecom Stocks To Consider – April 15th,https://www.tickerreport.com/banking-finance/12917428/top-telecom-stocks-to-consider-april-15th.html,tickerreport.com,English,0.0,gdelt_gkg
PANW,2025-04-16,Top Telecom Stocks To Consider – April 15th,https://www.dailypolitical.com/2025/04/16/top-telecom-stocks-to-consider-april-15th.html,dailypolitical.com,English,0.0,gdelt_gkg
PANW,2025-04-16,Morgan Stanley Has Lowered Expectations for Palo Alto Networks ( NASDAQ : PANW ) Stock Price,https://www.wkrb13.com/2025/04/16/morgan-stanley-has-lowered-expectations-for-palo-alto-networks-nasdaqpanw-stock-price.html,wkrb13.com,English,0.0,gdelt_gkg
PANW,2025-04-16,"Here a rapid - fire update on all 29 portfolio stocks , including potential buys on weakness",https://www.cnbc.com/2025/04/16/heres-a-rapid-fire-update-on-all-29-portfolio-stocks-including-potential-buys-on-weakness.html,cnbc.com,English,0.0,gdelt_gkg
PANW,2025-04-16,The $32 billion cyber lesson : What Wiz can teach every startup that wants to win,https://www.ynetnews.com/article/rj5o5uar1x,ynetnews.com,English,0.0,gdelt_gkg
PANW,2025-04-16,Jim Cramer : Palo Alto Networks ( PANW ) Is  Just Terrific  – Cybersecurity Cant Be Tariffed,https://finance.yahoo.com/news/jim-cramer-palo-alto-networks-165144903.html,finance.yahoo.com,English,0.0,gdelt_gkg
PANW,2025-04-16,"Insigneo Advisory Services LLC Buys 9 , 007 Shares of Palo Alto Networks , Inc . ( NASDAQ : PANW ) ",https://www.modernreaders.com/news/2025/04/16/insigneo-advisory-services-llc-buys-9007-shares-of-palo-alto-networks-inc-nasdaqpanw.html,modernreaders.com,English,0.0,gdelt_gkg
PANW,2025-04-16,Bow River Capital buys Israeli co CloudShare,https://en.globes.co.il/en/article-bow-river-capital-buys-israeli-co-cloudshare-1001507935,en.globes.co.il,English,0.0,gdelt_gkg
PANW,2025-04-16,"Palo Alto Networks , Inc . ( NASDAQ : PANW ) Holdings Boosted by Evergreen Capital Management LLC",https://www.themarketsdaily.com/2025/04/16/palo-alto-networks-inc-nasdaqpanw-holdings-boosted-by-evergreen-capital-management-llc.html,themarketsdaily.com,English,0.0,gdelt_gkg
PANW,2025-04-16,CrowdStrike Stock : Cybersecurity Stocks Show Resilience Amid Trump Tariffs,https://www.investors.com/news/technology/crowdstrike-stock-cybersecurity-stocks-trump-tariffs/,investors.com,English,0.0,gdelt_gkg
PANW,2025-04-16,Jim Cramer is Bullish on These 10 Stocks,https://www.insidermonkey.com/blog/jim-cramer-is-bullish-on-these-10-stocks-2-1508937/,insidermonkey.com,English,0.0,gdelt_gkg
PANW,2025-04-16,第一三共 、 SASEで常時5000ユーザー以上が利用する業務環境のセキュリティを確保,https://japan.zdnet.com/article/35231878/,japan.zdnet.com,Japanese,0.0,gdelt_gkg
PANW,2025-04-16,"Insigneo Advisory Services LLC Has $3 . 10 Million Stock Position in Palo Alto Networks , Inc . ( NASDAQ : PANW ) ",https://www.themarketsdaily.com/2025/04/16/insigneo-advisory-services-llc-has-3-10-million-stock-position-in-palo-alto-networks-inc-nasdaqpanw.html,themarketsdaily.com,English,0.0,gdelt_gkg
PANW,2025-04-16,"The best ASX tech ETFs to buy with $3 , 000",https://www.fool.com.au/2025/04/16/the-best-asx-tech-etfs-to-buy-with-3000/,fool.com.au,English,0.0,gdelt_gkg
PANW,2025-04-16,Torq Acquires Startup Revrod to Enhance AI SOC Capabilities,https://www.govinfosecurity.com/torq-acquires-startup-revrod-to-enhance-ai-soc-capabilities-a-28015,govinfosecurity.com,English,0.0,gdelt_gkg
PANW,2025-04-17,Exaforce raises $75 million in VC funding,https://infotechlead.com/tech/exaforce-raises-75-million-in-vc-funding-89300,infotechlead.com,English,0.0,gdelt_gkg
PANW,2025-04-17,Startup Exaforce Nabs $75M to Grow AI - Powered SOC Automation,https://www.bankinfosecurity.com/startup-exaforce-nabs-75m-to-grow-ai-powered-soc-automation-a-28022,bankinfosecurity.com,English,0.0,gdelt_gkg
PANW,2025-04-17,"Palo Alto Networks , Inc . ( NASDAQ : PANW ) Position Increased by Resurgent Financial Advisors LLC",https://www.modernreaders.com/news/2025/04/17/palo-alto-networks-inc-nasdaqpanw-position-increased-by-resurgent-financial-advisors-llc.html,modernreaders.com,English,0.0,gdelt_gkg
PANW,2025-04-17,Zeynep Inanoglu Ozdemir on marketing in product - led growth,https://www.mckinsey.com/industries/technology-media-and-telecommunications/our-insights/zeynep-inanoglu-ozdemir-on-marketing-in-product-led-growth,mckinsey.com,English,0.0,gdelt_gkg
PANW,2025-04-17,Startup Exaforce Nabs $75M to Grow AI - Powered SOC Automation,https://www.govinfosecurity.com/startup-exaforce-nabs-75m-to-grow-ai-powered-soc-automation-a-28022,govinfosecurity.com,English,0.0,gdelt_gkg
PANW,2025-04-17,Palo Alto Networks ( NASDAQ : PANW ) Trading Up 2 . 2 % – Still a Buy ? ,https://www.themarketsdaily.com/2025/04/17/palo-alto-networks-nasdaqpanw-trading-up-2-2-still-a-buy.html,themarketsdaily.com,English,0.0,gdelt_gkg
PANW,2025-04-17,"Resurgent Financial Advisors LLC Increases Position in Palo Alto Networks , Inc . ( NASDAQ : PANW ) ",https://www.themarketsdaily.com/2025/04/17/resurgent-financial-advisors-llc-increases-position-in-palo-alto-networks-inc-nasdaqpanw.html,themarketsdaily.com,English,0.0,gdelt_gkg
PANW,2025-04-18,Jim Cramer Doubles Down on Palo Alto Networks ( PANW ):  Too Good to Pass Up That Why I Own It ! ,https://finance.yahoo.com/news/jim-cramer-doubles-down-palo-142406875.html,finance.yahoo.com,English,0.0,gdelt_gkg
PANW,2025-04-18,4 Top Cybersecurity Stocks to Buy in April,https://www.fool.com/investing/2025/04/18/4-top-cybersecurity-stocks-to-buy-in-april/,fool.com,English,0.0,gdelt_gkg
PANW,2025-04-18,Palo Alto Networks : Vulnerabilities in PAN - OS jeopardize firewalls,https://www.heise.de/en/news/Palo-Alto-Networks-Vulnerabilities-in-PAN-OS-jeopardize-firewalls-10348582.html,heise.de,English,0.0,gdelt_gkg
PANW,2025-04-19,"Claret Asset Management Corp Boosts Position in Palo Alto Networks , Inc . ( NASDAQ : PANW ) ",https://www.tickerreport.com/banking-finance/12922027/claret-asset-management-corp-boosts-position-in-palo-alto-networks-inc-nasdaqpanw.html,tickerreport.com,English,0.0,gdelt_gkg
PANW,2025-04-19,"Palo Alto Networks , Inc . ( NASDAQ : PANW ) Shares Purchased by Capital Research Global Investors",https://www.dailypolitical.com/2025/04/19/palo-alto-networks-inc-nasdaqpanw-shares-purchased-by-capital-research-global-investors.html,dailypolitical.com,English,0.0,gdelt_gkg
PANW,2025-04-20,"Mark Zuckerberg , Jamie Dimon are among top sellers ahead of tariff stock rout",https://www.moneycontrol.com/world/mark-zuckerberg-jamie-dimon-are-among-top-sellers-ahead-of-tariff-stock-rout-article-12998963.html,moneycontrol.com,English,0.0,gdelt_gkg
PANW,2025-04-20,5 Monster Stocks -- Such as Coupang -- to Hold for the Next 10 Years,https://www.fool.com/investing/2025/04/20/5-monster-stocks-such-as-coupang-to-hold-for-10/,fool.com,English,0.0,gdelt_gkg
PANW,2025-04-20,The hidden cost of entrepreneurship on parenting,https://www.israel21c.org/the-hidden-cost-of-entrepreneurship-on-parenting/,israel21c.org,English,0.0,gdelt_gkg
PANW,2025-04-20,Telecom Stocks Worth Watching – April 20th,https://www.dailypolitical.com/2025/04/20/telecom-stocks-worth-watching-april-20th.html,dailypolitical.com,English,0.0,gdelt_gkg
PANW,2025-04-20,"Ossiam Acquires 9 , 841 Shares of Palo Alto Networks , Inc . ( NASDAQ : PANW ) ",https://www.dailypolitical.com/2025/04/20/ossiam-acquires-9841-shares-of-palo-alto-networks-inc-nasdaqpanw.html,dailypolitical.com,English,0.0,gdelt_gkg
PANW,2025-04-20,5 Monster Stocks -- Such as Coupang -- to Hold for the Next 10 Years,https://www.fool.com/investing/2025/04/20/5-monster-stocks-such-as-coupang-to-hold-for-10/?source=iedfolrf0000001,fool.com,English,0.0,gdelt_gkg
PANW,2025-04-21,Palo Alto Networks ( NASDAQ : PANW ) Stock Price Down 4 . 2 % – Should You Sell ? ,https://www.themarketsdaily.com/2025/04/21/palo-alto-networks-nasdaqpanw-stock-price-down-4-2-should-you-sell.html,themarketsdaily.com,English,0.0,gdelt_gkg
PANW,2025-04-21,Fund Manager Explains Why She Prefers Palo Alto Networks ( PANW ) Over Crowdstrike,https://www.insidermonkey.com/blog/fund-manager-explains-why-she-prefers-palo-alto-networks-panw-over-crowdstrike-1512806/,insidermonkey.com,English,0.0,gdelt_gkg
PANW,2025-04-21,Dave Vellante Breaking Analysis : The complete collection,https://siliconangle.com/2025/04/20/dave-vellantes-breaking-analysis-complete-collection/,siliconangle.com,English,0.0,gdelt_gkg
PANW,2025-04-21,10 Stocks in Wall Street Watchlist - Insider Monkey,https://www.insidermonkey.com/blog/10-stocks-in-wall-streets-watchlist-1482889/,insidermonkey.com,English,0.0,gdelt_gkg
PANW,2025-04-21,P / E Ratio Insights for Palo Alto Networks,https://biztoc.com/x/a921cd65d37c5ee5,biztoc.com,English,0.0,gdelt_gkg
PANW,2025-04-21,"Meta Mark Zuckerberg , JP Morgan Chase CEO Jamie Dimon and other billionaires sold billions in stock before Trump Tariff announcement",https://timesofindia.indiatimes.com/technology/tech-news/metas-mark-zuckerberg-jp-morgan-chase-ceo-jamie-dimon-and-other-billionaires-sold-billions-in-stock-before-trumps-tariff-announcement/articleshow/120490767.cms,timesofindia.indiatimes.com,English,0.0,gdelt_gkg
PANW,2025-04-21,Future of Software Defined Networking Market : Insights from Industry Experts,https://www.briefingwire.com/pr/future-of-software-defined-networking-market-insights-from-industry-experts,briefingwire.com,English,0.0,gdelt_gkg
PANW,2025-04-21,"Zuckerberg , Dimon among top sellers ahead of US tariff stock rout",https://www.thenews.com.pk/print/1303574-zuckerberg-dimon-among-top-sellers-ahead-of-us-tariff-stock-rout,thenews.com.pk,English,0.0,gdelt_gkg
PANW,2025-04-22,جريدة البلاد | مليارديرات تجنبوا عاصفة  ترامب .. باعوا أسهمهم قبل انهيارات سوق الأسهم,https://www.albiladpress.com/news/2025/6035/finance/912517.html,albiladpress.com,Arabic,0.0,gdelt_gkg
PANW,2025-04-22,Cyber Security Market Size to Garner $500 . 70 Billion by 2030 at CAGR 12 . 9 % ,https://www.finanznachrichten.de/nachrichten-2025-04/65175908-cyber-security-market-size-to-garner-dollar-500-70-billion-by-2030-at-cagr-12-9-grand-view-research-inc-008.htm,finanznachrichten.de,English,0.0,gdelt_gkg
PANW,2025-04-22,"Industrial Cybersecurity Market Analysis and Forecast , ",https://www.globenewswire.com/news-release/2025/04/22/3065699/28124/en/Industrial-Cybersecurity-Market-Analysis-and-Forecast-2025-2035-Regulatory-Mandates-Spur-Advances-in-Cybersecurity-Technologies.html,globenewswire.com,English,0.0,gdelt_gkg
PANW,2025-04-22,Google Cloud Launches Cloud WAN for Business Clients,https://themunicheye.com/google-cloud-launches-cloud-wan-for-business-clients-19021,themunicheye.com,English,0.0,gdelt_gkg
PANW,2025-04-22,SandboxAQ launches AQtive Guard to secure AI agent identities,https://itbrief.co.nz/story/sandboxaq-launches-aqtive-guard-to-secure-ai-agent-identities,itbrief.co.nz,English,0.0,gdelt_gkg
PANW,2025-04-22,Lotus Panda Hits SEA Governments With Malware Tools,https://www.esecurityplanet.com/cybersecurity/lotus-panda-southeast-asia-governmments/,esecurityplanet.com,English,0.0,gdelt_gkg
PANW,2025-04-22,"Alta Advisers Ltd Has $397 , 000 Stock Position in Palo Alto Networks , Inc . ( NASDAQ : PANW ) ",https://www.dailypolitical.com/2025/04/22/alta-advisers-ltd-has-397000-stock-position-in-palo-alto-networks-inc-nasdaqpanw.html,dailypolitical.com,English,0.0,gdelt_gkg
PANW,2025-04-23,"A job applicant can be deepfaked into existence in 70 minutes , cybersecurity firm finds",https://finance.yahoo.com/news/job-applicant-deepfaked-existence-70-154900011.html,finance.yahoo.com,English,0.0,gdelt_gkg
PANW,2025-04-23,"Is Palo Alto Networks , Inc . ( PANW ) the Best Nancy Pelosi Stock To Invest In Now ? ",https://biztoc.com/x/44917d8e487e6eb3,biztoc.com,English,0.0,gdelt_gkg
PANW,2025-04-23,Descope Builds Authentication Framework For AI Agent Integration,https://www.forbes.com/sites/janakirammsv/2025/04/23/descope-builds-authentication-framework-for-ai-agent-integration/,forbes.com,English,0.0,gdelt_gkg
PANW,2025-04-23,Worldcom Exchange Inc .: WEI Recognized for Top - Tier Technical Expertise on CRN 2025 Tech Elite 250 List,https://www.finanznachrichten.de/nachrichten-2025-04/65184327-worldcom-exchange-inc-wei-recognized-for-top-tier-technical-expertise-on-crn-s-2025-tech-elite-250-list-200.htm,finanznachrichten.de,English,0.0,gdelt_gkg
PANW,2025-04-23,Fund Manager Explains Why She Prefers Palo Alto Networks ( PANW ) Over Crowdstrike,https://finance.yahoo.com/news/fund-manager-explains-why-she-205101072.html,finance.yahoo.com,English,0.0,gdelt_gkg
PANW,2025-04-23,"Is Palo Alto Networks , Inc . ( PANW ) the Best Nancy Pelosi Stock To Invest In Now ? ",https://www.insidermonkey.com/blog/is-palo-alto-networks-inc-panw-the-best-nancy-pelosi-stock-to-invest-in-now-1515011/,insidermonkey.com,English,0.0,gdelt_gkg
PANW,2025-04-23,Investors got hosed when Trump tariffs tanked markets . Some of America billionaires managed to sell before the plunge,https://us.cnn.com/2025/04/23/tech/billionaires-stock-sales-tariffs/,us.cnn.com,English,0.0,gdelt_gkg
PANW,2025-04-23,Check Point CEO : Well reinvent cybersecurity for the AI age,https://en.globes.co.il/en/article-check-point-ceo-well-reinvent-cybersecurity-for-the-ai-age-1001508507,en.globes.co.il,English,0.0,gdelt_gkg
PANW,2025-04-23,Investors got hosed when Trump tariffs tanked markets . Some of America billionaires managed to sell before the plunge,https://www.cnn.com/2025/04/23/tech/billionaires-stock-sales-tariffs/,cnn.com,English,0.0,gdelt_gkg
PANW,2025-04-23,"1 Market - Beating Artificial Intelligence ( AI ) ETF That Could Turn $250 , 000 Into $1 Million",https://www.fool.com/investing/2025/04/23/1-market-beating-ai-etf-turn-250000-to-1-million/?source=iedfolrf0000001,fool.com,English,0.0,gdelt_gkg
PANW,2025-04-24,One Billion AI Agents Are Expanding the Attack Surface,https://www.manufacturing.net/cybersecurity/news/22939471/one-billion-ai-agents-are-expanding-the-attack-surface,manufacturing.net,English,0.0,gdelt_gkg
PANW,2025-04-24,ネットワークセキュリティ市場のダイナミクス 2025 - 2032 ： イノベーション 、 破壊的変化 、 戦略的洞察,https://japan.cnet.com/release/31085187/,japan.cnet.com,Japanese,0.0,gdelt_gkg
PANW,2025-04-24,North Korean Hackers Use Russian IP Infrastructure,https://www.govinfosecurity.com/north-korean-hackers-use-russian-ip-infrastructure-a-28082,govinfosecurity.com,English,0.0,gdelt_gkg
PANW,2025-04-24,"1 Market - Beating Artificial Intelligence ( AI ) ETF That Could Turn $250 , 000 Into $1 Million",https://finance.yahoo.com/news/1-market-beating-artificial-intelligence-081600954.html,finance.yahoo.com,English,0.0,gdelt_gkg
PANW,2025-04-25,Palo Alto Networks Stock Scores Relative Strength Rating Upgrade,https://www.investors.com/news/technology/palo-alto-networks-stock-scores-relative-strength-rating-upgrade/,investors.com,English,0.0,gdelt_gkg
PANW,2025-04-25,"WEF launches new DPI initiative focused on emerging tech , including biometrics",https://www.biometricupdate.com/202504/wef-launches-new-dpi-initiative-focused-on-emerging-tech-including-biometrics,biometricupdate.com,English,0.0,gdelt_gkg
PANW,2025-04-25,Top Technology Executives Recognized at the 2025 HoustonCIO ORBIE Awards,https://www.manilatimes.net/2025/04/26/tmt-newswire/globenewswire/top-technology-executives-recognized-at-the-2025-houstoncio-orbie-awards/2099740,manilatimes.net,English,0.0,gdelt_gkg
PANW,2025-04-25,Here How Much You Would Have Made Owning Palo Alto Networks Stock In The Last 10 Years,https://biztoc.com/x/6d790827838bfbd1,biztoc.com,English,0.0,gdelt_gkg
PANW,2025-04-26,Endor Labs Raises $93M to Expand AI Code Protection Platform,https://www.govinfosecurity.com/endor-labs-raises-93m-to-expand-ai-code-protection-platform-a-28094,govinfosecurity.com,English,0.0,gdelt_gkg
PANW,2025-04-26,Dave Vellante Breaking Analysis : The complete collection,https://siliconangle.com/2025/04/25/dave-vellantes-breaking-analysis-complete-collection/,siliconangle.com,English,0.0,gdelt_gkg
PANW,2025-04-26,RSAC highlights security markets in transition,https://siliconangle.com/2025/04/26/rsac-highlights-security-markets-transition/,siliconangle.com,English,0.0,gdelt_gkg
PANW,2025-04-26,3 Cybersecurity Stocks You Can Buy and Hold for the Next Decade,https://www.fool.com/investing/2025/04/26/3-cybersecurity-stocks-you-can-buy-and-hold-for-th/?source=iedfolrf0000001,fool.com,English,0.0,gdelt_gkg
PANW,2025-04-27,Best Cybersecurity Stocks To Add to Your Watchlist – April 26th,https://www.tickerreport.com/banking-finance/12934155/best-cybersecurity-stocks-to-add-to-your-watchlist-april-26th.html,tickerreport.com,English,0.0,gdelt_gkg
PANW,2025-04-28,Cloud security replatforming reshapes defenses,https://siliconangle.com/2025/04/28/cloud-security-rsac-news-marc-benioff-thecubepod/,siliconangle.com,English,0.0,gdelt_gkg
PANW,2025-04-28,"Our first move in overbought market , plus Palo Alto makes a small buy",https://www.cnbc.com/2025/04/28/our-first-move-in-overbought-market-plus-palo-alto-makes-a-small-buy.html,cnbc.com,English,0.0,gdelt_gkg
PANW,2025-04-28,Palo Alto Networks acquiring Protect AI to boost artificial intelligence tools,https://www.nbcphiladelphia.com/news/business/money-report/palo-alto-networks-acquiring-protect-ai-to-boost-artificial-intelligence-tools/4170728/,nbcphiladelphia.com,English,0.0,gdelt_gkg
PANW,2025-04-29,North Korean Hackers Target macOS With New Crypto Malware,https://www.securityinfowatch.com/cybersecurity/article/55286702/north-korean-hackers-target-macos-with-new-crypto-malware,securityinfowatch.com,English,0.0,gdelt_gkg
PANW,2025-04-29,"AT & T , Palo Alto Networks launch AI - powered defense for enterprise security",https://www.fierce-network.com/newswire/att-palo-alto-networks-launch-ai-powered-defense-enterprise-security,fierce-network.com,English,0.0,gdelt_gkg
PANW,2025-04-29,Top Telecom Stocks To Add to Your Watchlist – April 28th,https://www.tickerreport.com/banking-finance/12937167/top-telecom-stocks-to-add-to-your-watchlist-april-28th.html,tickerreport.com,English,0.0,gdelt_gkg
PANW,2025-04-29,75 zero - days exploited in 2024 with focus on enterprise tech,https://www.theregister.com/2025/04/29/enterprise_tech_zeroday_google/,theregister.com,English,0.0,gdelt_gkg
PANW,2025-04-29,Palo Alto Networks enters definitive agreement to acquire Protect AI,https://www.thehindubusinessline.com/info-tech/palo-alto-networks-enters-definitive-agreement-to-acquire-protect-ai/article69505597.ece,thehindubusinessline.com,English,0.0,gdelt_gkg
PANW,2025-04-29,"Palo Alto Networks buys Protect AI for reported $500M+ , debuts new cybersecurity tools",https://siliconangle.com/2025/04/28/palo-alto-networks-buys-protect-ai-reported-500m-debuts-new-cybersecurity-tools/,siliconangle.com,English,0.0,gdelt_gkg
PANW,2025-04-29,Palo Alto Networks to buy Protect AI to extend AI security,https://finance.yahoo.com/news/palo-alto-networks-buy-protect-121905792.html,finance.yahoo.com,English,0.0,gdelt_gkg
PANW,2025-04-30,Palo Alto Networks to acquire Protect AI to boost AI security,https://itbrief.co.nz/story/palo-alto-networks-to-acquire-protect-ai-to-boost-ai-security,itbrief.co.nz,English,0.0,gdelt_gkg
PANW,2025-04-30,"Palo Alto Networks , Inc . ( NASDAQ : PANW ) Shares Purchased by Connors Investor Services Inc . ",https://www.tickerreport.com/banking-finance/12938590/palo-alto-networks-inc-nasdaqpanw-shares-purchased-by-connors-investor-services-inc.html,tickerreport.com,English,0.0,gdelt_gkg
PANW,2025-04-30,10 Cybersecurity Companies Making Big Moves At RSAC 2025,https://www.crn.com/news/security/2025/10-cybersecurity-companies-making-big-moves-at-rsac-2025,crn.com,English,0.0,gdelt_gkg
PANW,2025-04-30,Posture management reshapes cybersecurity strategy,https://siliconangle.com/2025/04/30/etr-data-shows-posture-management-rising-strategic-importance-rsac/,siliconangle.com,English,0.0,gdelt_gkg
PANW,2025-04-30,Operational Technology ( OT ) Security Market worth $50 . 29 billion by 2030 - Exclusive Report by MarketsandMarkets,https://www.finanznachrichten.de/nachrichten-2025-04/65266244-operational-technology-ot-security-market-worth-dollar-50-29-billion-by-2030-exclusive-report-by-marketsandmarkets-008.htm,finanznachrichten.de,English,0.0,gdelt_gkg
PANW,2025-04-30,RSAC 2025 : AI Is Changing Everything For Security Except The Hard Problems,https://www.crn.com/news/security/2025/rsac-2025-ai-is-changing-everything-for-security-except-the-hard-problems,crn.com,English,0.0,gdelt_gkg
PANW,2025-04-30,Cybersecurity M & A Roundup : Palo Alto Networks to Acquire ProtectAI,https://www.infosecurity-magazine.com/news-features/cybersecurity-ma-roundup-paloalto/,infosecurity-magazine.com,English,0.0,gdelt_gkg
PANW,2025-04-30,Telecom Stocks To Add to Your Watchlist – April 29th,https://www.tickerreport.com/banking-finance/12938629/telecom-stocks-to-add-to-your-watchlist-april-29th.html,tickerreport.com,English,0.0,gdelt_gkg
PANW,2025-04-30,"AquaOrange Strengthens Reputation , Delivering Comprehensive",https://www.globenewswire.com/news-release/2025/04/30/3071742/0/en/AquaOrange-Strengthens-Reputation-Delivering-Comprehensive-IT-Support-Services-to-Over-5-000-Clients-in-Thailand-and-Beyond.html,globenewswire.com,English,0.0,gdelt_gkg
PANW,2025-04-30,"AquaOrange Strengthens Reputation , Delivering Comprehensive IT Support Services to Over 5 , 000 Clients in Thailand and Beyond",https://www.manilatimes.net/2025/05/01/tmt-newswire/globenewswire/aquaorange-strengthens-reputation-delivering-comprehensive-it-support-services-to-over-5000-clients-in-thailand-and-beyond/2103200,manilatimes.net,English,0.0,gdelt_gkg
PANW,2025-04-30,Top Tier Target | What It Takes to Defend a Cybersecurity Company from Today Adversaries,https://www.sentinelone.com/labs/top-tier-target-what-it-takes-to-defend-a-cybersecurity-company-from-todays-adversaries/,sentinelone.com,English,0.0,gdelt_gkg
PANW,2025-05-01,Strengthening AI Security With Platform Strategy,https://www.bankinfosecurity.com/strengthening-ai-security-platform-strategy-a-28176,bankinfosecurity.com,English,0.0,gdelt_gkg
PANW,2025-05-01,Healthcare Cybersecurity Market to Hit Valuation of US$,https://www.globenewswire.com/news-release/2025/05/01/3072649/0/en/Healthcare-Cybersecurity-Market-to-Hit-Valuation-of-US-82-90-Billion-By-2033-Astute-Analytica.html,globenewswire.com,English,0.0,gdelt_gkg
PANW,2025-05-01,Breach Roundup : Surge in Edge Device Zero - Day Exploits,https://www.bankinfosecurity.com/breach-roundup-surge-in-edge-device-zero-day-exploits-a-28183,bankinfosecurity.com,English,0.0,gdelt_gkg
PANW,2025-05-01,Top Execs At RSAC 2025 : Embracing AI Is Now  Not Optional  ,https://www.crn.com/news/security/2025/top-execs-at-rsac-2025-embracing-ai-is-now-not-optional,crn.com,English,0.0,gdelt_gkg
PANW,2025-05-01,"Protect AI deal to strengthen Palo Alto Network position , says Jefferies",https://finance.yahoo.com/news/protect-ai-deal-strengthen-palo-195007737.html,finance.yahoo.com,English,0.0,gdelt_gkg
PANW,2025-05-01,Cribl brings XSIAM to secure agentic AI and enterprise data,https://siliconangle.com/2025/05/01/cribli-brings-xsiam-secure-agentic-ai-enterprise-data-rsac/,siliconangle.com,English,0.0,gdelt_gkg
PANW,2025-05-01,"Palo Alto Networks , Inc . ( PANW ): Protect AI Acquisition Pushes Cybersecurity Giant Further Ahead in AI Race",https://www.insidermonkey.com/blog/palo-alto-networks-inc-panw-protect-ai-acquisition-pushes-cybersecurity-giant-further-ahead-in-ai-race-1522060/,insidermonkey.com,English,0.0,gdelt_gkg
PANW,2025-05-01,Breach Roundup : Surge in Edge Device Zero - Day Exploits,https://www.govinfosecurity.com/breach-roundup-surge-in-edge-device-zero-day-exploits-a-28183,govinfosecurity.com,English,0.0,gdelt_gkg
PANW,2025-05-01,"Peterson Wealth Management Grows Position in Palo Alto Networks , Inc . ( NASDAQ : PANW ) ",https://www.themarketsdaily.com/2025/05/01/peterson-wealth-management-grows-position-in-palo-alto-networks-inc-nasdaqpanw.html,themarketsdaily.com,English,0.0,gdelt_gkg
PANW,2025-05-01,Cybersecurity startup Protect AI to be acquired by Palo Alto Network,https://americanbazaaronline.com/2025/05/01/cybersecurity-startup-protect-ai-to-be-acquired-by-palo-alto-network-462352/,americanbazaaronline.com,English,0.0,gdelt_gkg
PANW,2025-05-01,Strengthening AI Security With Platform Strategy,https://www.govinfosecurity.com/strengthening-ai-security-platform-strategy-a-28176,govinfosecurity.com,English,0.0,gdelt_gkg
PANW,2025-05-02,"Caisse DE Depot ET Placement DU Quebec Raises Stake in Palo Alto Networks , Inc . ( NASDAQ : PANW ) ",https://www.dailypolitical.com/2025/05/02/caisse-de-depot-et-placement-du-quebec-raises-stake-in-palo-alto-networks-inc-nasdaqpanw.html,dailypolitical.com,English,0.0,gdelt_gkg
PANW,2025-05-02,iTWire - Enterprise Security in the Crosshairs : Google Reveals Key Zero - Day Exploitation Trends for 2024,https://itwire.com/guest-articles/guest-research/enterprise-security-in-the-crosshairs-google-reveals-key-zero-day-exploitation-trends-for-2024.html,itwire.com,English,0.0,gdelt_gkg
PANW,2025-05-02,"Palo Alto Networks to buy Protect AI , strengthen AI security platform",https://www.reseller.co.nz/article/3975797/palo-alto-networks-to-buy-protect-ai-strengthen-ai-security-platform-3.html,reseller.co.nz,English,0.0,gdelt_gkg
PANW,2025-05-02,"Palo Alto Networks to buy Protect AI , strengthen AI security platform",https://www.arnnet.com.au/article/3975803/palo-alto-networks-to-buy-protect-ai-strengthen-ai-security-platform-4.html,arnnet.com.au,English,0.0,gdelt_gkg
PANW,2025-05-02,"Itau Unibanco Holding S . A . Purchases 654 Shares of Palo Alto Networks , Inc . ( NASDAQ : PANW ) ",https://www.themarketsdaily.com/2025/05/02/itau-unibanco-holding-s-a-purchases-654-shares-of-palo-alto-networks-inc-nasdaqpanw.html,themarketsdaily.com,English,0.0,gdelt_gkg
PANW,2025-05-02,"FAS Wealth Partners Inc . Has $417 , 000 Stock Position in Palo Alto Networks , Inc . ( NASDAQ : PANW ) ",https://www.tickerreport.com/banking-finance/12941659/fas-wealth-partners-inc-has-417000-stock-position-in-palo-alto-networks-inc-nasdaqpanw.html,tickerreport.com,English,0.0,gdelt_gkg
PANW,2025-05-02,NVIDIA : Agentic AI Is Reshaping Cybersecurity Defense,https://www.esecurityplanet.com/cybersecurity/nvidia-agentic-ai-cybersecurity/,esecurityplanet.com,English,0.0,gdelt_gkg
PANW,2025-05-02,Analysis : Palo Alto Networks introduces new security capabilities at RSAC Conference,https://siliconangle.com/2025/05/02/analysis-palo-alto-networks-introduces-new-security-capabilities-rsac-conference/,siliconangle.com,English,0.0,gdelt_gkg
PANW,2025-05-02,Top Technology Executives Recognized at the 2025 Tennessee ORBIE Awards,https://www.manilatimes.net/2025/05/03/tmt-newswire/globenewswire/top-technology-executives-recognized-at-the-2025-tennessee-orbie-awards/2104933,manilatimes.net,English,0.0,gdelt_gkg
PANW,2025-05-02,Platform Vs . Point Solution : Palo Alto Networks Addresses AI Security,https://www.forbes.com/sites/stevemcdowell/2025/05/01/platform-vs-point-solutions-palo-alto-networks-answer-to-ai-security/,forbes.com,English,0.0,gdelt_gkg
PANW,2025-05-02,Stopping Today Threats Requires Easy - To - Use Security Solutions,https://www.forbes.com/councils/forbestechcouncil/2025/05/02/simplify-to-secure-stopping-todays-threats-requires-easy-to-use-security-solutions/,forbes.com,English,0.0,gdelt_gkg
PANW,2025-05-03,RSAC 2025 : Why the AI agent era means more demand for CISOS,https://venturebeat.com/security/rsac-2025-why-the-ai-agent-era-means-more-demand-for-cisos/,venturebeat.com,English,0.0,gdelt_gkg
PANW,2025-05-04,A modernized SOC revolutionizes Asante Health visibility and efficiency,https://www.bankinfosecurity.com/whitepapers/modernized-soc-revolutionizes-asante-healths-visibility-efficiency-w-15065,bankinfosecurity.com,English,0.0,gdelt_gkg
PANW,2025-05-04,Iranian Hackers Maintain 2 - Year Access to Middle East CNI via VPN Flaws and Malware,https://thehackernews.com/2025/05/iranian-hackers-maintain-2-year-access.html,thehackernews.com,English,0.0,gdelt_gkg
PANW,2025-05-05,"  המצב על הפנים , אי אפשר כמעט לגייס כסף לשום דבר  ",https://www.mako.co.il/nexter-news/Article-45193f8ef20a691027.htm,mako.co.il,Hebrew,0.0,gdelt_gkg
PANW,2025-05-05,Our 2 best and 2 worst stocks since Trump  liberation day  tariff announcement,https://www.cnbc.com/2025/05/05/our-2-best-and-2-worst-stocks-since-trumps-liberation-day-tariff-announcement.html,cnbc.com,English,0.0,gdelt_gkg
PANW,2025-05-05,Agentic AI Drives Enterprise Productivity and Innovation,https://www.govinfosecurity.com/unlocking-enterprise-productivity-innovation-through-secure-agentic-ai-a-28264,govinfosecurity.com,English,0.0,gdelt_gkg
PANW,2025-05-05,Weekly Stock Grader Analysis : Upgrades & Downgrades on Top Blue - Chip Stocks,https://investorplace.com/market360/2025/05/20250525-blue-chip-upgrades-downgrades/,investorplace.com,English,0.0,gdelt_gkg
PANW,2025-05-05,בהשקעה של 3 . 5 מיליון שקל : אורבניקה השיקה סניף חדש,https://www.globes.co.il/news/article.aspx?did=1001509491,globes.co.il,Hebrew,0.0,gdelt_gkg
PANW,2025-05-06,This Tech Industry Could Be Heavily Disrupted by Tariffs,https://www.morningstar.com/stocks/this-tech-industry-could-be-heavily-disrupted-by-tariffs,morningstar.com,English,0.0,gdelt_gkg
PANW,2025-05-06,Cybersecurity : Protecting Today Manufacturing Systems - Lane Report | Kentucky Business & Economic News,https://www.lanereport.com/181084/2025/05/cybersecurity-protecting-todays-manufacturing-systems/,lanereport.com,English,0.0,gdelt_gkg
PANW,2025-05-06,Minimus Launches With $51M to Tackle Application Protection,https://www.govinfosecurity.com/minimus-launches-51m-to-tackle-application-protection-a-28318,govinfosecurity.com,English,0.0,gdelt_gkg
PANW,2025-05-06,10x industry growth : could these be the best stocks to buy for the next decade ? ,https://www.fool.co.uk/2025/05/06/10x-industry-growth-could-these-be-the-best-stocks-to-buy-for-the-next-decade/,fool.co.uk,English,0.0,gdelt_gkg
PANW,2025-05-07,CrowdStrike Stock : Cybersecurity Firm To Cut 5 % Of Workforce . CEO Points To AI Productivity Gains . ,https://www.investors.com/news/technology/crowdstrike-stock-job-cuts-artificial-intelligence/,investors.com,English,0.0,gdelt_gkg
PANW,2025-05-07,パロアルトネットワークス 、「 Cortex XSIAM 3 . 0 」 と 「 Prisma Access Browser 2 . 0 」 を発表,https://cloud.watch.impress.co.jp/docs/news/2011813.html,cloud.watch.impress.co.jp,Japanese,0.0,gdelt_gkg
PANW,2025-05-07,"RSA Conference 2025 Highlights , Insights And Companies To Watch",https://www.forbes.com/sites/moorinsights/2025/05/07/rsa-conference-2025-highlights-insights-and-companies-to-watch/,forbes.com,English,0.0,gdelt_gkg
PANW,2025-05-07,How students at Roaring Kitty high school became top stock pickers,https://finance.yahoo.com/news/students-roaring-kitty-high-school-193100397.html,finance.yahoo.com,English,0.0,gdelt_gkg
PANW,2025-05-08,Orange Cyberdefense Earns Palo Alto Networks Cortex XMDR Specialization for Advanced Threat Detection,https://www.thefastmode.com/technology-solutions/41579-orange-cyberdefense-earns-palo-alto-networks-cortex-xmdr-specialization-for-advanced-threat-detection,thefastmode.com,English,0.0,gdelt_gkg
PANW,2025-05-08,Huntress Debuts Managed SIEM to Simplify Cybersecurity,https://www.manufacturing.net/cybersecurity/news/22940723/huntress-debuts-managed-siem-to-simplify-cybersecurity,manufacturing.net,English,0.0,gdelt_gkg
PANW,2025-05-08,SASE and Zero Trust : The Backbone of Integrated Security,https://www.bankinfosecurity.com/sase-zero-trust-backbone-integrated-security-a-28108,bankinfosecurity.com,English,0.0,gdelt_gkg
PANW,2025-05-08,"Palo Alto Networks , Inc . ( NASDAQ : PANW ) Shares Bought by Coastal Bridge Advisors LLC",https://www.dailypolitical.com/2025/05/08/palo-alto-networks-inc-nasdaqpanw-shares-bought-by-coastal-bridge-advisors-llc.html,dailypolitical.com,English,0.0,gdelt_gkg
PANW,2025-05-08,WatchGuard Prakash Panjwani To Exit CEO Role For  Next Chapter  ,https://www.crn.com/news/security/2025/watchguard-s-prakash-panjwani-to-exit-ceo-role-for-next-chapter,crn.com,English,0.0,gdelt_gkg
PANW,2025-05-08,AI Gap Leaves Defenders Struggling Against Cyberattacks,https://www.bankinfosecurity.com/ai-gap-leaves-defenders-struggling-against-cyberattacks-a-28204,bankinfosecurity.com,English,0.0,gdelt_gkg
PANW,2025-05-08,Securing the  Gateway to Identity  With an Enterprise Browser,https://www.bankinfosecurity.com/securing-gateway-to-identity-enterprise-browser-a-28105,bankinfosecurity.com,English,0.0,gdelt_gkg
PANW,2025-05-08,Mid - market APAC firms boost cybersecurity but lag in AI use,https://itbrief.co.nz/story/mid-market-apac-firms-boost-cybersecurity-but-lag-in-ai-use,itbrief.co.nz,English,0.0,gdelt_gkg
PANW,2025-05-08,"Cloudflare Stock : Cloudflare Earnings In - Line , Revenue Tops Estimates As Guidance Underwhelms",https://www.investors.com/news/technology/cloudflare-stock-net-cloudflare-earnings-q12025/,investors.com,English,0.0,gdelt_gkg
PANW,2025-05-08,"Palo Alto Networks , Inc . ( NASDAQ : PANW ) Shares Bought by FORA Capital LLC",https://www.dailypolitical.com/2025/05/08/palo-alto-networks-inc-nasdaqpanw-shares-bought-by-fora-capital-llc.html,dailypolitical.com,English,0.0,gdelt_gkg
PANW,2025-05-09,CrowdStrike Stock Falls Amid Report Of Government Probe Investor Business Daily,https://www.investors.com/news/technology/crowdstrike-stock-falls-government-probe-carahsoft/,investors.com,English,0.0,gdelt_gkg
PANW,2025-05-09,PCNSE Dumps : Your Guide to Mastering Palo Alto Networks Certification,https://speedwaymedia.com/2025/05/09/pcnse-dumps-your-guide-to-mastering-palo-alto-networks-certification/,speedwaymedia.com,English,0.0,gdelt_gkg
PANW,2025-05-10,What are the best cybersecurity shares to add to my portfolio ? ,https://www.dailymail.co.uk/money/investing/article-14688325/What-best-cybersecurity-shares-add-portfolio.html,dailymail.co.uk,English,0.0,gdelt_gkg
PANW,2025-05-10,What are the best cybersecurity shares to add to my portfolio ? ,https://www.thisismoney.co.uk/money/investing/article-14688325/What-best-cybersecurity-shares-add-portfolio.html,thisismoney.co.uk,English,0.0,gdelt_gkg
PANW,2025-05-12,Palo Alto Networks ( NASDAQ : PANW ) Stock Price Up 2 . 7 % – Here Why,https://www.dailypolitical.com/2025/05/12/palo-alto-networks-nasdaqpanw-stock-price-up-2-7-heres-why.html,dailypolitical.com,English,0.0,gdelt_gkg
PANW,2025-05-12,Solving the HEI origination securitization challenge,https://www.housingwire.com/articles/solving-the-hei-origination-securitization-challenge/,housingwire.com,English,0.0,gdelt_gkg
PANW,2025-05-12,S & P 500 surges on tech - led rally as US - China agree trade deal,https://news.az/news/s-p-500-surges-on-tech-led-rally-as-us-china-agree-trade-deal,news.az,English,0.0,gdelt_gkg
PANW,2025-05-12,SecureIQLab Report : Advanced Cloud Firewalls,https://www.bankinfosecurity.com/whitepapers/secureiqlab-report-advanced-cloud-firewalls-w-15082,bankinfosecurity.com,English,0.0,gdelt_gkg
PANW,2025-05-13,30 Notable IT Executive Moves : April 2025,https://www.crn.com/news/ai/2025/30-notable-it-executive-moves-april-2025,crn.com,English,0.0,gdelt_gkg
PANW,2025-05-13,"Obermeyer Wealth Partners Increases Stock Position in Palo Alto Networks , Inc . ( NASDAQ : PANW ) ",https://www.dailypolitical.com/2025/05/13/obermeyer-wealth-partners-increases-stock-position-in-palo-alto-networks-inc-nasdaqpanw.html,dailypolitical.com,English,0.0,gdelt_gkg
PANW,2025-05-13,"Bytes Technology Group reports record £2 . 1bn sales , 7 % profit growth",https://www.directorstalkinterviews.com/bytes-technology-group-reports-record-2-1bn-sales-7-profit-growth/4121196420,directorstalkinterviews.com,English,0.0,gdelt_gkg
PANW,2025-05-13,MoI signs letter of intent with Palo Alto Networks to strengthen cybersecurity competency,https://www.qatar-tribune.com/article/176352/latest-news/moi-signs-letter-of-intent-with-palo-alto-networks-to-strengthen-cybersecurity-competency,qatar-tribune.com,English,0.0,gdelt_gkg
PANW,2025-05-13,"Which ASX ETFs are top buys with $5 , 000 ? ",https://www.fool.com.au/2025/05/14/which-asx-etfs-are-top-buys-with-5000/,fool.com.au,English,0.0,gdelt_gkg
PANW,2025-05-13,"4 Tech Stocks With Huge Earnings Momentum - Microsoft ( NASDAQ : MSFT ), Meta Platforms ( NASDAQ : META ) ",https://www.benzinga.com/25/05/45389449/4-tech-stocks-with-huge-earnings-momentum,benzinga.com,English,0.0,gdelt_gkg
PANW,2025-05-13,"McGowan Group Asset Management Inc . Acquires New Holdings in Palo Alto Networks , Inc . ( NASDAQ : PANW ) ",https://www.tickerreport.com/banking-finance/12958006/mcgowan-group-asset-management-inc-acquires-new-holdings-in-palo-alto-networks-inc-nasdaqpanw.html,tickerreport.com,English,0.0,gdelt_gkg
PANW,2025-05-14,North Korean IT Workers Are Being Exposed on a Massive Scale,https://www.wired.com/story/north-korean-it-worker-scams-exposed/,wired.com,English,0.0,gdelt_gkg
PANW,2025-05-14,Google updates Androids to detect new text scams,https://thehill.com/policy/technology/5299811-google-updating-androids-to-detect-unpaid-toll-text-scams/,thehill.com,English,0.0,gdelt_gkg
PANW,2025-05-14,Why Cloud Security Needs an AI - Powered Firewall,https://www.govinfosecurity.com/cloud-security-needs-ai-powered-firewall-a-28086,govinfosecurity.com,English,0.0,gdelt_gkg
PANW,2025-05-14,Cyberhaven Taps Product Chief Nishant Doshi as Interim CEO,https://www.bankinfosecurity.com/cyberhaven-taps-product-chief-nishant-doshi-as-interim-ceo-a-28390,bankinfosecurity.com,English,0.0,gdelt_gkg
PANW,2025-05-14,$1000 Invested In This Stock 10 Years Ago Would Be Worth This Much Today - Palo Alto Networks ( NASDAQ : PANW ) ,https://www.benzinga.com/insights/news/25/05/45395533/1000-invested-in-this-stock-10-years-ago-would-be-worth-this-much-today,benzinga.com,English,0.0,gdelt_gkg
PANW,2025-05-14,Where Will SentinelOne Stock Be in 1 Year ? ,https://www.fool.com/investing/2025/05/13/where-will-sentinelone-stock-be-in-1-year/?source=iedfolrf0000001,fool.com,English,0.0,gdelt_gkg
PANW,2025-05-14,Why Cloud Security Needs an AI - Powered Firewall,https://www.bankinfosecurity.com/cloud-security-needs-ai-powered-firewall-a-28086,bankinfosecurity.com,English,0.0,gdelt_gkg
PANW,2025-05-15,"What 200 , 000 Leaked Messages Reveal About The Future Of Ransomware",https://www.forbes.com/councils/forbestechcouncil/2025/05/15/what-200000-leaked-messages-reveal-about-the-future-of-ransomware/,forbes.com,English,0.0,gdelt_gkg
PANW,2025-05-15,"iHub Divyasampark , IIT Roorkee , and Intellipaat Celebrate the Completion of 40 Cybersecurity Batches with Record - Breaking Learner Outcomes",https://aninews.in/news/business/ihub-divyasampark-iit-roorkee-and-intellipaat-celebrate-the-completion-of-40-cybersecurity-batches-with-record-breaking-learner-outcomes20250515182940/,aninews.in,English,0.0,gdelt_gkg
PANW,2025-05-15,"T - Mobile , Palo Alto Partner To Enhance 5G Cybersecurity For US Businesses",https://biztoc.com/x/13f648dcbf4d7eaa,biztoc.com,English,0.0,gdelt_gkg
PANW,2025-05-15,CrowdStrike Stock Downgraded Ahead Of First Quarter Earnings Report,https://www.investors.com/news/technology/crowdstrike-stock-crwd-downgraded-ahead-of-first-quarter-earnings-report/,investors.com,English,0.0,gdelt_gkg
PANW,2025-05-15,"Starbucks takes another positive step . Plus , mixed reviews on cyber stocks",https://www.cnbc.com/2025/05/15/starbucks-takes-another-positive-step-plus-mixed-reviews-on-cyber-stocks.html,cnbc.com,English,0.0,gdelt_gkg
PANW,2025-05-15,"Polar Capital Holdings Plc Boosts Holdings in Palo Alto Networks , Inc . ( NASDAQ : PANW ) ",https://www.tickerreport.com/banking-finance/12961154/polar-capital-holdings-plc-boosts-holdings-in-palo-alto-networks-inc-nasdaqpanw.html,tickerreport.com,English,0.0,gdelt_gkg
PANW,2025-05-16,T - Mobile Data Breach Settlement Payments Delayed to May 2025,https://mobileidworld.com/t-mobile-data-breach-settlement-payments-delayed-to-may-2025/,mobileidworld.com,English,0.0,gdelt_gkg
PANW,2025-05-16,Top Technology Executives Recognized at the 2025 ChicagoCIO,https://www.globenewswire.com/news-release/2025/05/16/3083353/0/en/Top-Technology-Executives-Recognized-at-the-2025-ChicagoCIO-ORBIE-Awards.html,globenewswire.com,English,0.0,gdelt_gkg
PANW,2025-05-16,T - Mobile Gets SASE with Palo Alto Networks Prisma Security,https://www.thefastmode.com/services-and-innovations/41788-t-mobile-gets-sase-with-palo-alto-networks-prisma-security,thefastmode.com,English,0.0,gdelt_gkg
PANW,2025-05-16,AI leaders stare down limits as they keep spending big,https://siliconangle.com/2025/05/16/ai-leaders-stare-limits-keep-spending-big/,siliconangle.com,English,0.0,gdelt_gkg
PANW,2025-05-17,Cramer week ahead : Jensen Huang keynote and retail earnings,https://www.nbclosangeles.com/news/business/money-report/cramers-week-ahead-jensen-huang-keynote-and-retail-earnings/3703192/,nbclosangeles.com,English,0.0,gdelt_gkg
PANW,2025-05-17,Cramer week ahead : Jensen Huang keynote and retail earnings,https://www.nbcnewyork.com/news/business/money-report/cramers-week-ahead-jensen-huang-keynote-and-retail-earnings/6268148/,nbcnewyork.com,English,0.0,gdelt_gkg
PANW,2025-05-17,4 Top Cybersecurity Stocks to Buy in May,https://www.fool.com/investing/2025/05/17/4-top-cybersecurity-stocks-to-buy-in-may/?source=iedfolrf0000001,fool.com,English,0.0,gdelt_gkg
PANW,2025-05-17,"Top S & P 500 Index stocks to watch : PANW , HD , TGT , INTU , ADSK",https://invezz.com/news/2025/05/17/top-sp-500-index-stocks-to-watch-panw-hd-tgt-intu-adsk/,invezz.com,English,0.0,gdelt_gkg
PANW,2025-05-18,무역협상 추가 진전 있나 … 감세안 · 소매업체 실적  주목 [ 이번주 美 증시는 ] ,https://news.mt.co.kr/mtview.php?no=2025051718340833645&type=2&sec=politics&pDepth2=Ptotal&MNE_T,news.mt.co.kr,Korean,0.0,gdelt_gkg
PANW,2025-05-18,What To Expect in the Markets This Week,https://www.investopedia.com/what-to-expect-in-the-markets-this-week-11734954,investopedia.com,English,0.0,gdelt_gkg
PANW,2025-05-18,"Wall Street week ahead : Earnings , home sales data , Iran nuclear talks to guide markets",https://www.livemint.com/market/stock-market-news/wall-street-week-ahead-earnings-home-sales-data-iran-nuclear-talks-to-guide-markets-11747584921872.html,livemint.com,English,0.0,gdelt_gkg
PANW,2025-05-19,"Uni , tech company join forces against cyber crime",https://www.odt.co.nz/regions/queenstown/uni-tech-company-join-forces-against-cyber-crime,odt.co.nz,English,0.0,gdelt_gkg
PANW,2025-05-19,"T - Mobile , Palo Alto Networks Introduce Managed SASE Offering to Secure Government Networks , Devices",https://executivebiz.com/2025/05/t-mobile-palo-alto-networks-introduce-managed-sase-offering/,executivebiz.com,English,0.0,gdelt_gkg
PANW,2025-05-19,Otago Strengthens Queenstown Ties With Cyber Deal,https://www.miragenews.com/otago-strengthens-queenstown-ties-with-cyber-1462835/,miragenews.com,English,0.0,gdelt_gkg
PANW,2025-05-19,Trading Day : Dealing with the US downgrade,https://www.marketscreener.com/quote/stock/THE-HOME-DEPOT-INC-4826/news/Trading-Day-Dealing-with-the-US-downgrade-50000356/,marketscreener.com,English,0.0,gdelt_gkg
PANW,2025-05-19,Palo Alto Networks ( PANW ) Reports Earnings Tomorrow : What To Expect,https://markets.financialcontent.com/stocks/article/stockstory-2025-5-19-palo-alto-networks-panw-reports-earnings-tomorrow-what-to-expect,markets.financialcontent.com,English,0.0,gdelt_gkg
PANW,2025-05-19,Wall Street Week Ahead,https://seekingalpha.com/article/4787934-wall-street-week-ahead,seekingalpha.com,English,0.0,gdelt_gkg
PANW,2025-05-19,Tim Cook To Howard Lutnick : Billionaires Who Got Rich Working For Others,https://www.forbes.com/sites/mattdurot/2025/05/19/hired-hand-billionaires-2025-these-48-executives-got-rich-working-for-others/,forbes.com,English,0.0,gdelt_gkg
PANW,2025-05-19,University links with global cybersecurity leader,https://www.odt.co.nz/regions/queenstown/university-links-global-cybersecurity-leader,odt.co.nz,English,0.0,gdelt_gkg
PANW,2025-05-19,Palo Alto Networks ( PANW ) – Investment Analyst Recent Ratings Updates,https://www.tickerreport.com/banking-finance/12966918/palo-alto-networks-panw-investment-analysts-recent-ratings-updates.html,tickerreport.com,English,0.0,gdelt_gkg
PANW,2025-05-20,What Analysts Think of Palo Alto Networks Stock Ahead of Earnings,https://www.investopedia.com/what-analysts-think-of-palo-alto-networks-stock-ahead-of-earnings-q3-fy2025-update-11736246,investopedia.com,English,0.0,gdelt_gkg
PANW,2025-05-20,"Stock Market Live Updates 20 May 2025 : Stock to buy today : Vinati Organics ( ₹1 , 863 . 30 ) – BUY",https://www.thehindubusinessline.com/markets/share-market-nifty-sensex-live-updates-20-may-2025/article69594411.ece,thehindubusinessline.com,English,0.0,gdelt_gkg
PANW,2025-05-20,North American Morning Briefing : Stock Futures Slip Amid Economic Uncertainty,https://www.marketscreener.com/quote/stock/NEWCORE-GOLD-LTD-49478422/news/North-American-Morning-Briefing-Stock-Futures-Slip-Amid-Economic-Uncertainty-50008824/,marketscreener.com,English,0.0,gdelt_gkg
PANW,2025-05-20,"Dow Surges Over 100 Points Despite Moody US Downgrade : Fear Index Remains In  Greed  Zone - Novavax ( NASDAQ : NVAX ), Home Depot ( NYSE : HD ) ",https://www.benzinga.com/25/05/45511478/dow-surges-over-100-points-despite-moodys-us-downgrade-investor-sentiment-decreases-fear-greed-index-remains-in-greed-zone,benzinga.com,English,0.0,gdelt_gkg
PANW,2025-05-20,Marshall University appoints new executive director of Institute for Cyber Security,https://wvmetronews.com/2025/05/19/marshall-university-appoints-new-executive-director-of-institute-for-cyber-security/,wvmetronews.com,English,0.0,gdelt_gkg
PANW,2025-05-20,"Palo Alto Networks beats on earnings and revenue , misses on gross margin",https://www.nbcnewyork.com/news/business/money-report/palo-alto-networks-shares-drop-4-after-company-reports-fiscal-third-quarter-earnings/6272167/,nbcnewyork.com,English,0.0,gdelt_gkg
PANW,2025-05-20,"Palo Alto Stock : Palo Alto Earnings Revenue Edge By Estimates , With Guidance In - Line . ",https://www.investors.com/news/technology/palo-alto-stock-panw-palo-alto-earnings-q12025/,investors.com,English,0.0,gdelt_gkg
PANW,2025-05-20,"Cybersecurity is in a pivotal moment with AI , says Palo Alto Networks CEO",https://www.nbcphiladelphia.com/news/business/money-report/cybersecurity-is-in-a-pivotal-moment-with-ai-says-palo-alto-networks-ceo/4190294/,nbcphiladelphia.com,English,0.0,gdelt_gkg
PANW,2025-05-20,VeloCloud could give Arista an edge in the SD - WAN market,https://www.fierce-network.com/broadband/could-velocloud-give-arista-edge-sd-wan-market,fierce-network.com,English,0.0,gdelt_gkg
PANW,2025-05-20,"Palo Alto Networks , Inc . Q3 Profit Decreases , But Beats Estimates",https://www.finanznachrichten.de/nachrichten-2025-05/65458746-palo-alto-networks-inc-q3-profit-decreases-but-beats-estimates-020.htm,finanznachrichten.de,English,0.0,gdelt_gkg
PANW,2025-05-20,"FTSE 100 Live : Stocks climb to 10 - week high , BT pay offer rejected",https://www.proactiveinvestors.co.uk/companies/news/1071479/ftse-100-live-stocks-climb-to-10-week-high-as-greggs-and-vodafone-report-better-sales-1071479.html,proactiveinvestors.co.uk,English,0.0,gdelt_gkg
PANW,2025-05-20,Wall Street Falls As 30 - Year Treasury Flirts With 5 % Yield : What Driving Markets Tuesday ? - Amer Sports ( NYSE : AS ) ,https://www.benzinga.com/government/regulations/25/05/45525107/wall-street-falls-as-30-year-treasury-flirts-with-5-yield-whats-driving-markets-tuesday,benzinga.com,English,0.0,gdelt_gkg
PANW,2025-05-20,Otago commitment to Queenstown Lakes District advances with cybersecurity partnership,https://www.otago.ac.nz/news/newsroom/otagos-commitment-to-queenstown-lakes-district-advances-with-cybersecurity-partnership,otago.ac.nz,English,0.0,gdelt_gkg
PANW,2025-05-20,Risk sentiment remains stable despite the US ratings downgrade,https://www.fxstreet.com/analysis/risk-sentiment-remains-stable-despite-the-us-ratings-downgrade-202505200942,fxstreet.com,English,0.0,gdelt_gkg
PANW,2025-05-20,"Palo Alto Networks beats on earnings and revenue , misses on gross margin – NBC10 Philadelphia",https://www.nbcphiladelphia.com/news/business/money-report/palo-alto-networks-shares-drop-4-after-company-reports-fiscal-third-quarter-earnings/4190183/,nbcphiladelphia.com,English,0.0,gdelt_gkg
PANW,2025-05-20,Palo Alto Networks Is A Top AI - Driven Cybersecurity Play : Analyst,https://biztoc.com/x/57723bb17decce7f,biztoc.com,English,0.0,gdelt_gkg
PANW,2025-05-20,"This is the perfect ransomware victim , according to cybercriminals",https://www.zdnet.com/article/this-is-the-perfect-ransomware-victim-according-to-cybercriminals/,zdnet.com,English,0.0,gdelt_gkg
PANW,2025-05-20,S & P 500 snaps winning streak as sentiment cools amid policy uncertainty,https://www.proactiveinvestors.com/companies/news/1071532/s-p-500-snaps-winning-streak-as-sentiment-cools-amid-policy-uncertainty-1071532.html,proactiveinvestors.com,English,0.0,gdelt_gkg
PANW,2025-05-20,Palo Alto Networks expected to post strong quarter as platform strategy gains traction,https://www.proactiveinvestors.com/companies/news/1071563/palo-alto-networks-expected-to-post-strong-quarter-as-platform-strategy-gains-traction-1071563.html,proactiveinvestors.com,English,0.0,gdelt_gkg
PANW,2025-05-20,"Palo Alto Networks Reports Q3 Earnings , Raises FY25 Guidance - Palo Alto Networks ( NASDAQ : PANW ) ",https://www.benzinga.com/news/earnings/25/05/45530408/palo-alto-reports-q3-earnings-raises-fy25-guidance-shares-slide,benzinga.com,English,0.0,gdelt_gkg
PANW,2025-05-20,Palo Alto Eyes 15 % Revenue Growth In Q3 Report - Palo Alto Networks ( NASDAQ : PANW ) ,https://www.benzinga.com/trading-ideas/movers/25/05/45521203/palo-alto-eyes-15-revenue-growth-in-q3-report,benzinga.com,English,0.0,gdelt_gkg
PANW,2025-05-20,"S & P 500 win streak may end but , our newest stock gets a double - dose of good news",https://www.cnbc.com/2025/05/20/sp-500s-win-steak-may-end-but-our-newest-stock-gets-a-double-dose-of-good-news.html,cnbc.com,English,0.0,gdelt_gkg
PANW,2025-05-20,"Palo Alto Networks beats on earnings and revenue , misses on gross margin",https://www.nbcchicago.com/news/business/money-report/palo-alto-networks-shares-drop-4-after-company-reports-fiscal-third-quarter-earnings/3750277/,nbcchicago.com,English,0.0,gdelt_gkg
PANW,2025-05-20,Palo Alto Networks ( PANW ) Q3 2025 earnings report,https://www.cnbc.com/2025/05/20/palo-panw-q3-earnings-report-2025.html,cnbc.com,English,0.0,gdelt_gkg
PANW,2025-05-20,Palo Alto Networks Is A Top AI - Driven Cybersecurity Play : Analyst - Palo Alto Networks ( NASDAQ : PANW ) ,https://www.benzinga.com/analyst-ratings/analyst-color/25/05/45526658/palo-alto-networks-is-a-top-ai-driven-cybersecurity-play-analyst,benzinga.com,English,0.0,gdelt_gkg
PANW,2025-05-20,Palo Alto Networks ( NASDAQ : PANW ) Issues Earnings Results,https://www.themarketsdaily.com/2025/05/20/palo-alto-networks-nasdaqpanw-issues-earnings-results.html,themarketsdaily.com,English,0.0,gdelt_gkg
PANW,2025-05-20,"Share Market Highlights 20 May 2025 : Sensex sheds 872 points , Nifty ends below 24 , 700 ; Auto , FMCG stocks hit hard",https://www.thehindubusinessline.com/markets/stock-market-highlights-20-may-2025/article69594411.ece,thehindubusinessline.com,English,0.0,gdelt_gkg
PANW,2025-05-20,Palo Alto Networks ( NASDAQ : PANW ) Surprises With Q1 Sales,https://markets.financialcontent.com/stocks/article/stockstory-2025-5-20-palo-alto-networks-nasdaqpanw-surprises-with-q1-sales,markets.financialcontent.com,English,0.0,gdelt_gkg
PANW,2025-05-21,Wednesday big stock stories : What likely to move the market,https://www.cnbc.com/2025/05/20/wednesdays-big-stock-stories-whats-likely-to-move-the-market.html,cnbc.com,English,0.0,gdelt_gkg
PANW,2025-05-21,Palo Alto : Fiscal Q3 Earnings Snapshot,https://www.chron.com/business/article/palo-alto-fiscal-q3-earnings-snapshot-20337558.php,chron.com,English,0.0,gdelt_gkg
PANW,2025-05-21,Palo Alto Networks CEO Nikesh Arora : SIEM Days Are Numbered,https://www.crn.com/news/security/2025/palo-alto-networks-ceo-nikesh-arora-siem-s-days-are-numbered,crn.com,English,0.0,gdelt_gkg
PANW,2025-05-21,Palo Alto beats on earnings and revenue . Here why the cyber stock is dropping anyways,https://biztoc.com/x/3a0a2cc65a288661,biztoc.com,English,0.0,gdelt_gkg
PANW,2025-05-21,"Cybersecurity is in a pivotal moment with AI , says Palo Alto Networks CEO",https://biztoc.com/x/e0a239fe4ebf886d,biztoc.com,English,0.0,gdelt_gkg
PANW,2025-05-21,"Stocks to Watch : Wolfspeed , Palo Alto Networks , QXO , Take - Two Interactive Software",https://www.marketscreener.com/quote/stock/PALO-ALTO-NETWORKS-INC-11067980/news/Stocks-to-Watch-Wolfspeed-Palo-Alto-Networks-QXO-Take-Two-Interactive-Software-50017482/,marketscreener.com,English,0.0,gdelt_gkg
PANW,2025-05-21,Analysis of Palo Alto Network Protect AI Acquisition,https://www.sramanamitra.com/2025/05/21/analysis-of-palo-alto-networks-protect-ai-acquisition/,sramanamitra.com,English,0.0,gdelt_gkg
PANW,2025-05-21,"Dow Jones Futures Fall , Yields Jump , Palo Alto Skids ; Elon Musk Makes These Tesla Claims",https://biztoc.com/x/e26e2fdfdc786d69,biztoc.com,English,0.0,gdelt_gkg
PANW,2025-05-21,"Target , Lowe And 3 Stocks To Watch Heading Into Wednesday - Lowe Companies ( NYSE : LOW ), Palo Alto Networks ( NASDAQ : PANW ) ",https://www.benzinga.com/25/05/45535402/target-lowes-and-3-stocks-to-watch-heading-into-wednesday,benzinga.com,English,0.0,gdelt_gkg
PANW,2025-05-21,North American Morning Briefing : Stock Futures Fall as Investors Remain Nervous,https://www.marketscreener.com/quote/interest/US-10Y-CASH-146043317/news/North-American-Morning-Briefing-Stock-Futures-Fall-as-Investors-Remain-Nervous-50023539/,marketscreener.com,English,0.0,gdelt_gkg
PANW,2025-05-21,"US Stocks Likely To Open Lower , Expert Says  Tariffs Remain A Headwind , But  Tax Cut  And  Easing Of Tension In Middle East  Could Propel Equities Closer To All - Time High - Amer Sports ( NYSE : AS ), Accenture ( NYSE : ACN ) ",https://www.benzinga.com/25/05/45537307/us-stocks-likely-to-open-lower-expert-says-tariffs-remain-a-headwind-but-tax-cut-and-easing-of-tensions-in-middle-east-could-propel-equities-closer-to-all-time-highs,benzinga.com,English,0.0,gdelt_gkg
PANW,2025-05-21,"Premarket : U . S . stock futures dip , bond yields climb as Trump tax bill standoff unfolds",https://www.theglobeandmail.com/investing/markets/inside-the-market/market-news/article-premarket-global-stocks-subdued-us-dollar-slips-as-trump-tax-cuts/,theglobeandmail.com,English,0.0,gdelt_gkg
PANW,2025-05-21,"Dow Jones Top Company Headlines at 9 PM ET : In Latest EV Pullback , Ford to Share Battery Plant With Nissan | Wolfspeed ... ",https://www.morningstar.com/news/dow-jones/2025052010625/dow-jones-top-company-headlines-at-9-pm-et-in-latest-ev-pullback-ford-to-share-battery-plant-with-nissan-wolfspeed,morningstar.com,English,0.0,gdelt_gkg
PANW,2025-05-21,Cybersecurity is in a pivotal moment with AI : Palo Alto Networks CEO,https://www.cnbc.com/2025/05/20/cybersecurity-is-in-a-pivotal-moment-with-ai-palo-alto-networks-ceo.html,cnbc.com,English,0.0,gdelt_gkg
PANW,2025-05-21,Palo Alto outperforms estimates for fiscal third quarter,https://www.proactiveinvestors.com/companies/news/1071569/palo-alto-outperforms-estimates-for-fiscal-third-quarter-1071569.html,proactiveinvestors.com,English,0.0,gdelt_gkg
PANW,2025-05-21,Dow Jones Top Company Headlines at 1 AM ET : Super Micro to Expand Production Capacity as AI Demand Accelerates | Google ... ,https://www.morningstar.com/news/dow-jones/20250521409/dow-jones-top-company-headlines-at-1-am-et-super-micro-to-expand-production-capacity-as-ai-demand-accelerates-google,morningstar.com,English,0.0,gdelt_gkg
PANW,2025-05-21,Palo Alto beats on earnings and revenue . Here why the cyber stock is dropping anyways,https://www.cnbc.com/2025/05/20/palo-alto-beats-on-earnings-and-revenue-heres-why-the-cyber-stock-is-dropping-anyways.html,cnbc.com,English,0.0,gdelt_gkg
PANW,2025-05-21,Palo Alto Networks Tops Revenue Expectations on Next - Gen Security Growth,https://www.investopedia.com/palo-alto-networks-earnings-q3-fy2025-11737800,investopedia.com,English,0.0,gdelt_gkg
PANW,2025-05-21,These Analysts Revise Their Forecasts On Palo Alto Networks After Q3 Results - Palo Alto Networks ( NASDAQ : PANW ) ,https://www.benzinga.com/25/05/45544827/these-analysts-revise-their-forecasts-on-palo-alto-networks-after-q3-results,benzinga.com,English,0.0,gdelt_gkg
PANW,2025-05-21,Healthcare Stocks Worth Watching – May 20th,https://www.themarketsdaily.com/2025/05/21/healthcare-stocks-worth-watching-may-20th.html,themarketsdaily.com,English,0.0,gdelt_gkg
PANW,2025-05-21,"Palo Alto Networks , Take - Two Interactive Software , VF Corp And Other Big Stocks Moving Lower In Wednesday Pre - Market Session",https://biztoc.com/x/97b5894f468ad54e,biztoc.com,English,0.0,gdelt_gkg
PANW,2025-05-21,Jim Cramer top 10 things to watch in the stock market Wednesday,https://www.cnbc.com/2025/05/21/jim-cramers-top-10-things-to-watch-in-the-stock-market-wednesday.html,cnbc.com,English,0.0,gdelt_gkg
PANW,2025-05-21,"Bootstrapping a High Growth Cyber Security Venture with a Paycheck : Christian Geyer , CEO of ACTFORE ( Part 3 ) ",https://www.sramanamitra.com/2025/05/21/bootstrapping-a-high-growth-cyber-security-venture-with-a-paycheck-christian-geyer-ceo-of-actfore-part-3/,sramanamitra.com,English,0.0,gdelt_gkg
PANW,2025-05-21,Market movers : Stocks seeing action on Wednesday - and why,https://www.theglobeandmail.com/investing/markets/inside-the-market/article-market-movers-stocks-seeing-action-on-wednesday-and-why-127/,theglobeandmail.com,English,0.0,gdelt_gkg
PANW,2025-05-21,These Analysts Revise Their Forecasts On Palo Alto Networks After Q3 Results,https://biztoc.com/x/cc2b3d54814221af,biztoc.com,English,0.0,gdelt_gkg
PANW,2025-05-21,"Palo Alto AI Momentum Make It A Top Cybersecurity Pick , Analyst Says - Palo Alto Networks ( NASDAQ : PANW ) ",https://www.benzinga.com/analyst-ratings/analyst-color/25/05/45551481/palo-altos-ai-momentum-make-it-a-top-cybersecurity-pick-analyst-says,benzinga.com,English,0.0,gdelt_gkg
PANW,2025-05-21,Palo Alto Stock Is Facing Selling Pressure Wednesday : What Going On ? ,https://biztoc.com/x/fd97c89613044cb3,biztoc.com,English,0.0,gdelt_gkg
PANW,2025-05-21,PANW CEO Warns Traditional IT Cant Handle AI Next Phase : ... The Conversation Is Shifting To Agentic AI  ,https://biztoc.com/x/c0820923d5927cf8,biztoc.com,English,0.0,gdelt_gkg
PANW,2025-05-21,US stocks tumble . Yields start to weigh on the equities,https://www.forexlive.com/news/us-stocks-tumble-yields-start-to-weigh-on-the-equities-20250521/,forexlive.com,English,0.0,gdelt_gkg
PANW,2025-05-21,"Palo Alto Platform Strategy Is Working , But It Has A Cost",https://www.forbes.com/sites/rscottraynovich/2025/05/21/palo-altos-platform-strategy-is-working-but-it-has-a-cost/,forbes.com,English,0.0,gdelt_gkg
PANW,2025-05-21,Were upgrading TJ Maxx parent company as the stock falls on earnings,https://www.cnbc.com/2025/05/21/were-upgrading-tj-maxxs-parent-company-as-the-stock-falls-on-earnings.html,cnbc.com,English,0.0,gdelt_gkg
PANW,2025-05-21,"5 stocks Cramer is worried about , plus updates on rest of the portfolio",https://www.cnbc.com/2025/05/21/5-stocks-cramer-is-worried-about-plus-updates-on-rest-of-the-portfolio.html,cnbc.com,English,0.0,gdelt_gkg
PANW,2025-05-21,Palo Alto Networks post - earnings decline : a short - term setback for long - term gains ? ,https://invezz.com/news/2025/05/21/palo-alto-networks-post-earnings-decline-a-short-term-setback-for-long-term-gains/,invezz.com,English,0.0,gdelt_gkg
PANW,2025-05-21,"Stocks making the biggest moves midday : GOOS , UNH , TGT , CRI and more",https://www.cnbc.com/2025/05/21/stocks-making-the-biggest-moves-midday-goos-unh-tgt-cri-and-more.html,cnbc.com,English,0.0,gdelt_gkg
PANW,2025-05-21,Microsoft takes down Lumma Stealer malware network,https://www.cnbc.com/2025/05/21/microsoft-malware-windows.html,cnbc.com,English,0.0,gdelt_gkg
PANW,2025-05-21,Why Palo Alto Networks Dropped After Earnings Beat,https://www.fool.com/investing/2025/05/21/why-palo-alto-networks-dropped-after-earnings-beat/?source=iedfolrf0000001,fool.com,English,0.0,gdelt_gkg
PANW,2025-05-22,US assets sold on tax bill fears and weak bond auction - Newsquawk US Market Wrap,https://www.zerohedge.com/markets/us-assets-sold-tax-bill-fears-and-weak-bond-auction-newsquawk-us-market-wrap,zerohedge.com,English,0.0,gdelt_gkg
PANW,2025-05-22,Rosenblatt Securities Reiterates  Buy  Rating for Palo Alto Networks ( NASDAQ : PANW ) ,https://www.defenseworld.net/2025/05/22/rosenblatt-securities-reiterates-buy-rating-for-palo-alto-networks-nasdaqpanw.html,defenseworld.net,English,0.0,gdelt_gkg
PANW,2025-05-22,"Palo Alto ( PANW ) Gets Price Target Boost , Goldman Sachs Stays Bullish",https://www.insidermonkey.com/blog/palo-alto-panw-gets-price-target-boost-goldman-sachs-stays-bullish-1538824/,insidermonkey.com,English,0.0,gdelt_gkg
PANW,2025-05-22,"dow jones futures rise : U . S . stock market futures – Wall Street rebounds as Dow , S & P 500 , and Nasdaq rise : Top gainers , losers , investor picks , and caution ahead",https://economictimes.indiatimes.com/news/international/us/u-s-stock-market-futures-wall-street-rebounds-as-dow-sp-500-and-nasdaq-rise-top-gainers-losers-investor-picks-and-caution-ahead/articleshow/121340125.cms,economictimes.indiatimes.com,English,0.0,gdelt_gkg
PANW,2025-05-22,Healthcare Stocks Worth Watching – May 20th,https://www.etfdailynews.com/2025/05/22/healthcare-stocks-worth-watching-may-20th/,etfdailynews.com,English,0.0,gdelt_gkg
PANW,2025-05-22,"Palo Alto Networks ( NASDAQ : PANW ) Posts Earnings Results , Beats Expectations By $0 . 03 EPS",https://www.tickerreport.com/banking-finance/12971537/palo-alto-networks-nasdaqpanw-posts-earnings-results-beats-expectations-by-0-03-eps.html,tickerreport.com,English,0.0,gdelt_gkg
PANW,2025-05-22,Palo Alto Networks support Vietnam  s financial security demand,https://vir.com.vn/palo-alto-networks-support-vietnams-financial-security-demand-128917.html,vir.com.vn,English,0.0,gdelt_gkg
PANW,2025-05-22,"Wholesaler is still ripe for gains even after 30 % move , strategist says",https://www.cnbc.com/2025/05/22/a-cybersecurity-stock-can-run-even-as-valuation-soars-strategist-says.html,cnbc.com,English,0.0,gdelt_gkg
PANW,2025-05-23,Morgan Stanley turns bullish on U . S . stocks . Here why it says the market lows have already been made . ,https://finance.yahoo.com/news/morgan-stanley-turns-bullish-u-130900425.html,finance.yahoo.com,English,0.0,gdelt_gkg
PANW,2025-05-23,Unlocking Enterprise Productivity and Innovation Through Secure Agentic AI ( eBook ) ,https://www.govinfosecurity.com/whitepapers/unlocking-enterprise-productivity-innovation-through-secure-agentic-w-15146,govinfosecurity.com,English,0.0,gdelt_gkg
PANW,2025-05-23,Breach Roundup : US Indicts Qakbot Malware Leader,https://www.bankinfosecurity.com/breach-roundup-us-indicts-qakbot-malware-leader-a-28464,bankinfosecurity.com,English,0.0,gdelt_gkg
PANW,2025-05-23,Palo Alto Networks and Quitch launch new cyber training modules,https://itbrief.co.nz/story/palo-alto-networks-and-quitch-launch-new-cyber-training-modules,itbrief.co.nz,English,0.0,gdelt_gkg
PANW,2025-05-23,AI Security Pivot Places Cisco Systems Stock ( CSCO ) in Pole Position,https://finance.yahoo.com/news/ai-security-pivot-places-cisco-180000752.html,finance.yahoo.com,English,0.0,gdelt_gkg
PANW,2025-05-23,iTWire - Dragos Industrial Ransomware Analysis for the First Quarter of 2025,https://itwire.com/business-it-news/security/dragos-industrial-ransomware-analysis-for-the-first-quarter-of-2025.html,itwire.com,English,0.0,gdelt_gkg
PANW,2025-05-23,Unlocking Enterprise Productivity and Innovation Through Secure Agentic AI ( eBook ) ,https://www.bankinfosecurity.com/whitepapers/unlocking-enterprise-productivity-innovation-through-secure-agentic-w-15146,bankinfosecurity.com,English,0.0,gdelt_gkg
PANW,2025-05-23, 【 経営層向け 】 企業のセキュリティ対策 ｢ ポイントソリューション戦略 ｣ の限界値 、 経営幹部1000名に聞いた調査レポートに見る  課題感  と打開策 | 東洋経済Tech×サイバーセキュリティ,https://toyokeizai.net/articles/-/879395,toyokeizai.net,Japanese,0.0,gdelt_gkg
PANW,2025-05-23,"Bernstein Lowers Palo Alto ( PANW ) Price Target , Maintains Outperform Rating",https://finance.yahoo.com/news/bernstein-lowers-palo-alto-panw-202406949.html,finance.yahoo.com,English,0.0,gdelt_gkg
PANW,2025-05-23,"Vega Investment Solutions Invests $9 . 31 Million in Palo Alto Networks , Inc . ( NASDAQ : PANW ) ",https://www.dailypolitical.com/2025/05/23/vega-investment-solutions-invests-9-31-million-in-palo-alto-networks-inc-nasdaqpanw.html,dailypolitical.com,English,0.0,gdelt_gkg
PANW,2025-05-23,7 excellent ASX ETFs to buy and hold until 2035,https://www.fool.com.au/2025/05/24/7-excellent-asx-etfs-to-buy-and-hold-until-2035/,fool.com.au,English,0.0,gdelt_gkg
PANW,2025-05-23,Here A Two - Pronged Options Strategy For Formidable Palo Alto Stock,https://biztoc.com/x/6380f4f9ef18d933,biztoc.com,English,0.0,gdelt_gkg
PANW,2025-05-23,"Barclays Proactively Trimming Palo Alto Networks , Inc . ( PANW ) FY26 Forecast , Keeps $210 Target",https://www.insidermonkey.com/blog/barclays-proactively-trimming-palo-alto-networks-inc-panws-fy26-forecast-keeps-210-target-1539985/,insidermonkey.com,English,0.0,gdelt_gkg
PANW,2025-05-23,Stock - Split Watch : Is IonQ Next ? ,https://finance.yahoo.com/news/stock-split-watch-ionq-next-084300592.html,finance.yahoo.com,English,0.0,gdelt_gkg
PANW,2025-05-23,Watch These Palo Alto Networks Stock Levels After Post - Earnings Slide,https://finance.yahoo.com/news/watch-palo-alto-networks-stock-234702884.html,finance.yahoo.com,English,0.0,gdelt_gkg
PANW,2025-05-23,"Zscaler , Netskope , Palo Alto Networks Lead Gartner SSE Magic Quadrant For 2025",https://www.crn.com/news/security/2025/zscaler-netskope-palo-alto-networks-lead-gartner-s-sse-magic-quadrant-for-2025,crn.com,English,0.0,gdelt_gkg
PANW,2025-05-23,Zimbabwe Cybersecurity Surge : IDSS Celebrates $2M Sales with Sophos,https://www.techzim.co.zw/2025/05/idss-2-million-sophos-cybersecurity-sales-awards-partners/,techzim.co.zw,English,0.0,gdelt_gkg
PANW,2025-05-24,CyCognito report reveals 1 in 3 easily exploitable vulnerabilities found on cloud assets,https://www.securityinfowatch.com/cybersecurity/press-release/55292494/cycognito-cycognito-report-reveals-1-in-3-easily-exploitable-vulnerabilities-found-on-cloud-assets,securityinfowatch.com,English,0.0,gdelt_gkg
PANW,2025-05-24,Scotiabank Reaffirms $225 Target for Palo Alto Networks After Solid Q3 Results,https://finance.yahoo.com/news/scotiabank-reaffirms-225-target-palo-185747974.html,finance.yahoo.com,English,0.0,gdelt_gkg
PANW,2025-05-24,Palo Alto Networks Stock Drops Despite Strong Guidance -- Is This a Buying Opportunity ? ,https://www.fool.com/investing/2025/05/24/palo-alto-networks-stock-drop-strong-guidance/?source=iedfolrf0000001,fool.com,English,0.0,gdelt_gkg
PANW,2025-05-25,"Bootstrapping a High Growth Cyber Security Venture with a Paycheck : Christian Geyer , CEO of ACTFORE ( Part 7 ) ",https://www.sramanamitra.com/2025/05/25/bootstrapping-a-high-growth-cyber-security-venture-with-a-paycheck-christian-geyer-ceo-of-actfore-part-7/,sramanamitra.com,English,0.0,gdelt_gkg
PANW,2025-05-25,"Cypress Asset Management Inc . TX Invests $4 . 31 Million in Palo Alto Networks , Inc . ( NASDAQ : PANW ) ",https://www.tickerreport.com/banking-finance/12976000/cypress-asset-management-inc-tx-invests-4-31-million-in-palo-alto-networks-inc-nasdaqpanw.html,tickerreport.com,English,0.0,gdelt_gkg
PANW,2025-05-25,Top Energy Stocks To Watch Now – May 22nd,https://www.tickerreport.com/banking-finance/12976094/top-energy-stocks-to-watch-now-may-22nd.html,tickerreport.com,English,0.0,gdelt_gkg
PANW,2025-05-25,"Palo Alto Networks , Inc . ( NASDAQ : PANW ) Shares Acquired by Integrated Advisors Network LLC",https://www.themarketsdaily.com/2025/05/25/palo-alto-networks-inc-nasdaqpanw-shares-acquired-by-integrated-advisors-network-llc.html,themarketsdaily.com,English,0.0,gdelt_gkg
PANW,2025-05-25,Top Wall Street analysts favor these stocks for the long haul,https://www.nbcphiladelphia.com/news/business/money-report/top-wall-street-analysts-favor-these-stocks-for-the-long-haul-2/4193674/,nbcphiladelphia.com,English,0.0,gdelt_gkg
PANW,2025-05-25,Top Wall Street analysts favor these stocks for the long haul,https://www.nbcmiami.com/news/business/money-report/top-wall-street-analysts-favor-these-stocks-for-the-long-haul-2/3622304/,nbcmiami.com,English,0.0,gdelt_gkg
PANW,2025-05-25,"Leigh Baldwin & CO . LLC Takes Position in Palo Alto Networks , Inc . ( NASDAQ : PANW ) ",https://www.tickerreport.com/banking-finance/12975914/leigh-baldwin-co-llc-takes-position-in-palo-alto-networks-inc-nasdaqpanw.html,tickerreport.com,English,0.0,gdelt_gkg
PANW,2025-05-25,Top Wall Street analysts favor these stocks for the long haul,https://www.nbcconnecticut.com/news/business/money-report/top-wall-street-analysts-favor-these-stocks-for-the-long-haul-2/3572752/,nbcconnecticut.com,English,0.0,gdelt_gkg
PANW,2025-05-26,Best Telecom Stocks To Add to Your Watchlist – May 26th,https://www.themarketsdaily.com/2025/05/26/best-telecom-stocks-to-add-to-your-watchlist-may-26th.html,themarketsdaily.com,English,0.0,gdelt_gkg
PANW,2025-05-26,1 No - Brainer Artificial Intelligence ( AI ) Stock to Buy With $190 and Hold for the Long Term,https://finance.yahoo.com/news/1-no-brainer-artificial-intelligence-221800087.html,finance.yahoo.com,English,0.0,gdelt_gkg
PANW,2025-05-26,4 ASX ETFs for Aussie investors to buy in June,https://www.fool.com.au/2025/05/26/4-asx-etfs-for-aussie-investors-to-buy-in-june/,fool.com.au,English,0.0,gdelt_gkg
PANW,2025-05-26,"Omnia Family Wealth LLC Buys 904 Shares of Palo Alto Networks , Inc . ( NASDAQ : PANW ) ",https://www.dailypolitical.com/2025/05/26/omnia-family-wealth-llc-buys-904-shares-of-palo-alto-networks-inc-nasdaqpanw.html,dailypolitical.com,English,0.0,gdelt_gkg
PANW,2025-05-26,"WNY Asset Management LLC Purchases 1 , 152 Shares of Palo Alto Networks , Inc . ( NASDAQ : PANW ) ",https://www.tickerreport.com/banking-finance/12977142/wny-asset-management-llc-purchases-1152-shares-of-palo-alto-networks-inc-nasdaqpanw.html,tickerreport.com,English,0.0,gdelt_gkg
PANW,2025-05-26,3 Top Cybersecurity Stocks to Buy in May,https://www.fool.com/investing/2025/05/26/3-top-cybersecurity-stocks-to-buy-in-may/?source=iedfolrf0000001,fool.com,English,0.0,gdelt_gkg
PANW,2025-05-27,"Plotkin Financial Advisors LLC Grows Stock Position in Palo Alto Networks , Inc . ( NASDAQ : PANW ) ",https://www.tickerreport.com/banking-finance/12978427/plotkin-financial-advisors-llc-grows-stock-position-in-palo-alto-networks-inc-nasdaqpanw.html,tickerreport.com,English,0.0,gdelt_gkg
PANW,2025-05-27,authID Announces its 2025 Board of Directors Nominees Ahead of Annual Meeting,https://www.manilatimes.net/2025/05/27/tmt-newswire/globenewswire/authid-announces-its-2025-board-of-directors-nominees-ahead-of-annual-meeting/2121552,manilatimes.net,English,0.0,gdelt_gkg
PANW,2025-05-27,"Top Damage Awards In 2024 : One Toppled , Others Boosted , And One Trimmed",https://www.mondaq.com:443/unitedstates/patent/1629562/top-damage-awards-in-2024-one-toppled-others-boosted-and-one-trimmed,mondaq.com,English,0.0,gdelt_gkg
PANW,2025-05-27,AI Dual Role in Cybersecurity Sparks Urgent Debate,https://www.webpronews.com/ais-dual-role-in-cybersecurity-sparks-urgent-debate/,webpronews.com,English,0.0,gdelt_gkg
PANW,2025-05-27,"הקרב על האמת : ניר צוק צודק לגבי פייסבוק , אבל לא נראה פתרון בקרוב",https://www.themarker.com/news/internal-info/2025-05-27/ty-article/00000197-10d9-d72b-a9f7-57f9f1c60000,themarker.com,Hebrew,0.0,gdelt_gkg
PANW,2025-05-28,"SentinelOne Stock Falls On In - Line Q1 Earnings , Weak Guidance | Investor Business Daily",https://www.investors.com/news/technology/sentinelone-earnings-s-sentinelone-stock-news-q12025/,investors.com,English,0.0,gdelt_gkg
PANW,2025-05-28,Zscaler ( ZS ) Reports Earnings Tomorrow : What To Expect,https://markets.financialcontent.com/stocks/article/stockstory-2025-5-28-zscaler-zs-reports-earnings-tomorrow-what-to-expect,markets.financialcontent.com,English,0.0,gdelt_gkg
PANW,2025-05-28,Endace Secures FIPS 140 - 3 Validation for EndaceProbe Packet Capture and Network Recording Appliances,https://www.finanznachrichten.de/nachrichten-2025-05/65522356-endace-secures-fips-140-3-validation-for-endaceprobe-packet-capture-and-network-recording-appliances-004.htm,finanznachrichten.de,English,0.0,gdelt_gkg
PANW,2025-05-28,Two Paths for Target | The Motley Fool,https://www.fool.com/investing/2025/05/28/two-paths-for-target/?source=iedfolrf0000001,fool.com,English,0.0,gdelt_gkg
PANW,2025-05-28,"ניר צוק : מחאת ההייטקיסטים נכשלה , שיסתמו את הפה . התבהלה הרחיקה משקיעים",https://ch10.co.il/news/985244/,ch10.co.il,Hebrew,0.0,gdelt_gkg
PANW,2025-05-29,"The Rise of AI Agents : Anticipating Cybersecurity Opportunities , Risks , and the Next Frontier",https://www.rstreet.org/research/the-rise-of-ai-agents-anticipating-cybersecurity-opportunities-risks-and-the-next-frontier/,rstreet.org,English,0.0,gdelt_gkg
PANW,2025-05-29,Should You Buy CrowdStrike Stock Before June 3 ? ,https://www.fool.com/investing/2025/05/29/should-you-buy-crowdstrike-stock-before-june-3/?source=iedfolrf0000001,fool.com,English,0.0,gdelt_gkg
PANW,2025-05-29,The Drum Awards for Marketing judges share what CMOs are really thinking in 2025,https://www.thedrum.com/news/2025/05/29/the-drum-awards-marketing-judges-share-what-cmos-are-really-thinking-2025,thedrum.com,English,0.0,gdelt_gkg
PANW,2025-05-29,"Agentic AI defeated DanaBot , exposing key lessons for SOC teams",https://venturebeat.com/security/agentic-ai-defeated-danabot-exposing-key-lessons-for-soc-teams/,venturebeat.com,English,0.0,gdelt_gkg
PANW,2025-05-29,Westcon - Comstor New Zealand Imagine Series 2025 aims to empower the local IT industry to navigate evolving market landscape,https://www.cio.com/article/3996357/westcon-comstor-new-zealands-imagine-series-2025-aims-to-empower-the-local-it-industry-to-navigate-evolving-market-landscape.html,cio.com,English,0.0,gdelt_gkg
PANW,2025-05-29,China hacks show theyre  preparing for war : McMaster,https://www.theregister.com/2025/05/29/china_preparing_war_mcmaster/,theregister.com,English,0.0,gdelt_gkg
PANW,2025-05-29,Anza Capital Expands Board of Directors to Accelerate Investments in African Startups,https://executivebiz.com/2025/05/anza-capital-adds-robert-williams-to-board-of-directors/,executivebiz.com,English,0.0,gdelt_gkg
PANW,2025-05-29,Bengaluru - based Startup Unbound Raises $4 Mn To Secure Enterprise AI Adoption,https://www.businessworld.in/article/bengaluru-based-startup-unbound-raises-4-mn-to-secure-enterprise-ai-adoption-558222,businessworld.in,English,0.0,gdelt_gkg
PANW,2025-05-29,"Zscaler Stock : Zscaler Earnings Revenue , Billings Top Estimates",https://www.investors.com/news/technology/zscaler-stock-zscaler-earnings-news-q12025/,investors.com,English,0.0,gdelt_gkg
PANW,2025-05-29,Agentic AI needs to be bound to human identity ; Anonybit offers a solution,https://www.biometricupdate.com/202505/agentic-ai-needs-to-be-bound-to-human-identity-anonybit-offers-a-solution,biometricupdate.com,English,0.0,gdelt_gkg
PANW,2025-05-29,Medium - sized firms increase cybersecurity investments,https://tribune.net.ph/2025/05/29/medium-sized-firms-increase-cybersecurity-investments,tribune.net.ph,English,0.0,gdelt_gkg
PANW,2025-05-30,Tenable Bolsters AI Controls With Apex Security Acquisition,https://www.govinfosecurity.com/tenable-bolsters-ai-controls-apex-security-acquisition-a-28547,govinfosecurity.com,English,0.0,gdelt_gkg
PANW,2025-05-30,"Palo Alto Networks , Inc . ( PANW ): A Bear Case Theory",https://www.insidermonkey.com/blog/palo-alto-networks-inc-panw-a-bear-case-theory-2-1541108/,insidermonkey.com,English,0.0,gdelt_gkg
PANW,2025-05-30,Tenable Bolsters AI Controls With Apex Security Acquisition,https://www.bankinfosecurity.com/tenable-bolsters-ai-controls-apex-security-acquisition-a-28547,bankinfosecurity.com,English,0.0,gdelt_gkg
PANW,2025-05-30,Top 3 in Cybersecurity sector - 博客,https://blog.wenxuecity.com/myblog/82763/202505/24086.html,blog.wenxuecity.com,English,0.0,gdelt_gkg
PANW,2025-05-30,"Palo Alto Networks , Inc . ( PANW ): If You Dont Raise , Your Stock Gets Hit , Says Jim Cramer",https://finance.yahoo.com/news/palo-alto-networks-inc-panw-200811316.html,finance.yahoo.com,English,0.0,gdelt_gkg
PANW,2025-05-30,"Africa Digital Ascent : 5 Strategic Cybersecurity Bets to Lead , Not Lag",https://www.itnewsafrica.com/2025/05/africas-digital-ascent-5-strategic-cybersecurity-bets-to-lead-not-lag/,itnewsafrica.com,English,0.0,gdelt_gkg
PANW,2025-05-30,1 Magnificent Vanguard ETF to Confidently Buy With $600 During the Stock Market Rebound,https://www.fool.com/investing/2025/05/30/1-vanguard-etf-to-confidently-buy-600-stock-market/,fool.com,English,0.0,gdelt_gkg
PANW,2025-05-30,Zscaler jumps 8 % on strong results fueled by AI growth,https://www.cnbc.com/2025/05/30/zscaler-stock-ai-earnings.html,cnbc.com,English,0.0,gdelt_gkg
PANW,2025-05-30,Sarit Tager,https://www.securityinfowatch.com/cybersecurity/information-security/cloud-security-solutions/contact/55293697/sarit-tager,securityinfowatch.com,English,0.0,gdelt_gkg
PANW,2025-05-30,Should You Buy CrowdStrike Stock Before June 3 ? ,https://finance.yahoo.com/news/buy-crowdstrike-stock-june-3-083000458.html,finance.yahoo.com,English,0.0,gdelt_gkg
PANW,2025-05-30,CrowdStrike Price Target Raised by UBS Amid Bullish Growth Outlook,https://www.insidermonkey.com/blog/crowdstrike-price-target-raised-by-ubs-amid-bullish-growth-outlook-1544069/,insidermonkey.com,English,0.0,gdelt_gkg
PANW,2025-05-30,1 Magnificent Vanguard ETF to Confidently Buy With $600 During the Stock Market Rebound,https://www.fool.com/investing/2025/05/30/1-vanguard-etf-to-confidently-buy-600-stock-market/?source=iedfolrf0000001,fool.com,English,0.0,gdelt_gkg
PANW,2025-05-31,Secure AI : Key to National Defense in Digital Era,https://www.webpronews.com/secure-ai-key-to-national-defense-in-digital-era/,webpronews.com,English,0.0,gdelt_gkg
PANW,2025-05-31,Dave Vellante Breaking Analysis : The complete collection,https://siliconangle.com/2025/05/30/dave-vellantes-breaking-analysis-complete-collection/,siliconangle.com,English,0.0,gdelt_gkg
PANW,2025-05-31,3 top ETFs from the London Stock Exchange to consider in June,https://www.fool.co.uk/2025/05/31/3-top-etfs-from-the-london-stock-exchange-to-consider-in-june/,fool.co.uk,English,0.0,gdelt_gkg
PANW,2025-05-31,3 American Growth Giants to Invest in for the Long Haul,https://www.fool.com/investing/2025/05/30/3-american-growth-giants-to-invest-in-for-the-long/,fool.com,English,0.0,gdelt_gkg
PANW,2025-06-01,"Green Alpha Advisors LLC Decreases Stock Position in Palo Alto Networks , Inc . ( NASDAQ : PANW ) ",https://www.themarketsdaily.com/2025/06/01/green-alpha-advisors-llc-decreases-stock-position-in-palo-alto-networks-inc-nasdaqpanw.html,themarketsdaily.com,English,0.0,gdelt_gkg
PANW,2025-06-01,"Palo Alto Networks , Inc . ( NASDAQ : PANW ) Shares Acquired by Fifth Third Wealth Advisors LLC",https://www.dailypolitical.com/2025/06/01/palo-alto-networks-inc-nasdaqpanw-shares-acquired-by-fifth-third-wealth-advisors-llc.html,dailypolitical.com,English,0.0,gdelt_gkg
PANW,2025-06-01,Telecom Stocks To Watch Now – May 31st,https://www.themarketsdaily.com/2025/06/01/telecom-stocks-to-watch-now-may-31st.html,themarketsdaily.com,English,0.0,gdelt_gkg
PANW,2025-06-01,"Palo Alto Networks , Inc . ( NASDAQ : PANW ) Shares Purchased by Czech National Bank",https://www.themarketsdaily.com/2025/06/01/palo-alto-networks-inc-nasdaqpanw-shares-purchased-by-czech-national-bank.html,themarketsdaily.com,English,0.0,gdelt_gkg
PANW,2025-07-18,The Race to Shut Hackers out of IoT Networks,https://www.networkcomputing.com/network-security/the-race-to-shut-hackers-out-of-iot-networks,networkcomputing.com,English,0.0,gdelt_gkg
PANW,2025-07-18,"Gradient Capital Advisors LLC Has $225 , 000 Stock Holdings in Palo Alto Networks , Inc . ( NASDAQ : PANW ) ",https://www.dailypolitical.com/2025/07/18/gradient-capital-advisors-llc-has-225000-stock-holdings-in-palo-alto-networks-inc-nasdaqpanw.html,dailypolitical.com,English,0.0,gdelt_gkg
PANW,2025-07-19,"Kestra Private Wealth Services LLC Has $13 . 57 Million Stock Holdings in Palo Alto Networks , Inc . ( NASDAQ : PANW ) ",https://www.themarketsdaily.com/2025/07/19/kestra-private-wealth-services-llc-has-13-57-million-stock-holdings-in-palo-alto-networks-inc-nasdaqpanw.html,themarketsdaily.com,English,0.0,gdelt_gkg
PANW,2025-07-19,3 ASX ETFs for beginners ( and experts ) to buy and forget,https://www.fool.com.au/2025/07/19/3-asx-etfs-for-beginners-and-experts-to-buy-and-forget/,fool.com.au,English,0.0,gdelt_gkg
PANW,2025-07-19,Jim Cramer Says He Wants to  Own the Stock of Palo Alto  ,https://finance.yahoo.com/news/jim-cramer-says-wants-own-084142969.html,finance.yahoo.com,English,0.0,gdelt_gkg
PANW,2025-07-20,William Blair Maintains a Buy Rating on Palo Alto Networks ( PANW ) ,https://finance.yahoo.com/news/william-blair-maintains-buy-rating-043522803.html,finance.yahoo.com,English,0.0,gdelt_gkg
PANW,2025-07-20,Dave Vellante Breaking Analysis : The complete collection,https://siliconangle.com/2025/07/19/dave-vellantes-breaking-analysis-complete-collection/,siliconangle.com,English,0.0,gdelt_gkg
PANW,2025-07-21,National - KSYL - AM,https://ksyl.com/national/ea20f241c89c38937cd3513a052d65a5,ksyl.com,English,0.0,gdelt_gkg
PANW,2025-07-21,Sun TV board approves £100 . 5 million acquisition of The Hundred Northern Superchargers,https://economictimes.indiatimes.com/industry/media/entertainment/media/sun-tv-board-approves-100-5-million-acquisition-of-the-hundreds-northern-superchargers/articleshow/122813618.cms,economictimes.indiatimes.com,English,0.0,gdelt_gkg
PANW,2025-07-21,Alaska Airlines resumes operations after IT outage,https://cyprus-mail.com/2025/07/21/alaska-airlines-grounds-all-flights-after-it-outage-disrupts-systems,cyprus-mail.com,English,0.0,gdelt_gkg
PANW,2025-07-21,"Microsoft SharePoint under  active exploitation , Homeland Security CISA says",https://www.yahoo.com/news/microsoft-sharepoint-under-active-exploitation-093300636.html,yahoo.com,English,0.0,gdelt_gkg
PANW,2025-07-21,Alaska Airlines lifts flight groundings after three hours | Honolulu Star - Advertiser,https://www.staradvertiser.com/2025/07/20/breaking-news/alaska-airlines-lifts-flight-groundings-after-three-hours/,staradvertiser.com,English,0.0,gdelt_gkg
PANW,2025-07-21,Alaska Airlines resumes operations after IT outage,https://www.moneycontrol.com/world/alaska-airlines-resumes-operations-after-it-outage-article-13302185.html,moneycontrol.com,English,0.0,gdelt_gkg
PANW,2025-07-21,Alaska Airlines resumes operations after IT outage,https://www.channelnewsasia.com/business/alaska-airlines-resumes-operations-after-it-outage-5249031,channelnewsasia.com,English,0.0,gdelt_gkg
PANW,2025-07-21,What to know about a vulnerability being exploited on Microsoft SharePoint servers,https://www.clickondetroit.com/business/2025/07/21/what-to-know-about-a-vulnerability-being-exploited-on-microsoft-sharepoint-servers/,clickondetroit.com,English,0.0,gdelt_gkg
PANW,2025-07-21,"Microsoft SharePoint under  active exploitation , Homeland Security CISA says",https://abc7chicago.com/post/microsoft-sharepoint-active-exploitation-homeland-securitys-cisa-says/17224482/,abc7chicago.com,English,0.0,gdelt_gkg
PANW,2025-07-21,Alaska Airlines grounds flights after IT outage,https://www.theguardian.com/world/2025/jul/21/alaska-airlines-grounds-flights-after-it-outage,theguardian.com,English,0.0,gdelt_gkg
PANW,2025-07-21,"Microsoft SharePoint under  active exploitation , Homeland Security CISA says",https://midutahradio.com/news/national-news/microsoft-sharepoint-under-active-exploitation-homeland-securitys-cisa-says/,midutahradio.com,English,0.0,gdelt_gkg
PANW,2025-07-21,ABC National - WOND,https://wondradio.com/abc-national/b863d94e7fef0d73e5c3420ce31d54db,wondradio.com,English,0.0,gdelt_gkg
PANW,2025-07-21,"Microsoft SharePoint under  active exploitation , Homeland Security CISA says",https://abc13.com/post/microsoft-sharepoint-active-exploitation-homeland-securitys-cisa-says/17224482/,abc13.com,English,0.0,gdelt_gkg
PANW,2025-07-21,Microsoft Releases Urgent Patch to Counter Server Attacks : What To Know,https://www.newsweek.com/microsoft-patch-server-attack-counter-2101732,newsweek.com,English,0.0,gdelt_gkg
PANW,2025-07-21,"Sargent Investment Group LLC Has $294 , 000 Stock Position in Palo Alto Networks , Inc . ( NASDAQ : PANW ) ",https://www.themarketsdaily.com/2025/07/21/sargent-investment-group-llc-has-294000-stock-position-in-palo-alto-networks-inc-nasdaqpanw.html,themarketsdaily.com,English,0.0,gdelt_gkg
PANW,2025-07-21,未知 ・ 未管理資産が招くインシデントの急増 -- ASM体制構築の重要性が浮き彫りに,https://japan.zdnet.com/article/35235578/,japan.zdnet.com,Japanese,0.0,gdelt_gkg
PANW,2025-07-21,"Microsoft SharePoint under  active exploitation , Homeland Security CISA says",https://www.wsbradio.com/news/national/microsoft-sharepoint-under-active-exploitation-homeland-securitys-cisa-says/G6SHT6RVRMZ4XKJU463DFE5TRA/,wsbradio.com,English,0.0,gdelt_gkg
PANW,2025-07-21,"Microsoft SharePoint under  active exploitation , Homeland Security CISA says",https://abc7.com/post/microsoft-sharepoint-active-exploitation-homeland-securitys-cisa-says/17224482/,abc7.com,English,0.0,gdelt_gkg
PANW,2025-07-21,"Microsoft SharePoint under  active exploitation , Homeland Security CISA says",https://www.wjol.com/syndicated-article/?id=1628821,wjol.com,English,0.0,gdelt_gkg
PANW,2025-07-21,Alaska Airlines grounds all flights after IT outage disrupts systems,https://www.dallasnews.com/business/airlines/2025/07/21/alaska-airlines-grounds-all-flights-after-it-outage-disrupts-systems/,dallasnews.com,English,0.0,gdelt_gkg
PANW,2025-07-21,"Microsoft SharePoint under  active exploitation , Homeland Security CISA says",https://www.woad.com/syndicated-article/?id=1628821,woad.com,English,0.0,gdelt_gkg
PANW,2025-07-21,National - HITS FM,https://hitsfm.net/national/2643cc17295435ccb13bbe938bfcd2b3,hitsfm.net,English,0.0,gdelt_gkg
PANW,2025-07-21,Microsoft confirms SharePoint hack affecting worldwide users,https://tribuneonlineng.com/microsoft-confirms-sharepoint-hack-affecting-worldwide-users/,tribuneonlineng.com,English,0.0,gdelt_gkg
PANW,2025-07-21,What to know about a vulnerability being exploited on Microsoft SharePoint servers,https://journalrecord.com/2025/07/21/microsoft-sharepoint-zero-day/,journalrecord.com,English,0.0,gdelt_gkg
PANW,2025-07-21,"Microsoft SharePoint under  active exploitation , Homeland Security CISA says",https://www.921wrou.com/syndicated-article/?id=1628821,921wrou.com,English,0.0,gdelt_gkg
PANW,2025-07-21,Microsoft releases fix for Sharepoint vulnerability after cyberattacks,https://torontosun.com/news/world/microsoft-releases-urgent-fix-for-sharepoint-vulnerability-being-used-in-global-cyberattacks,torontosun.com,English,0.0,gdelt_gkg
PANW,2025-07-21,"Microsoft SharePoint under  active exploitation , Homeland Security CISA says – Connect FM | Local News Radio",https://www.connectradio.fm/abc-national/microsoft-sharepoint-under-active-exploitation-homeland-securitys-cisa-says,connectradio.fm,English,0.0,gdelt_gkg
PANW,2025-07-21,בדרך לעסקת ענק ? הדיווחים שמקפיצים את מניית סנטינל וואן,https://www.globes.co.il/news/article.aspx?did=1001516656,globes.co.il,Hebrew,0.0,gdelt_gkg
PANW,2025-07-21,Microsoft Alerts Firms to Server Software Attack,https://www.marketscreener.com/news/microsoft-alerts-firms-to-server-software-attack-ce7c5cdfdf8df526,marketscreener.com,English,0.0,gdelt_gkg
PANW,2025-07-21,What to know about a vulnerability being exploited on Microsoft SharePoint servers,https://www.wsls.com/business/2025/07/21/what-to-know-about-a-vulnerability-being-exploited-on-microsoft-sharepoint-servers/,wsls.com,English,0.0,gdelt_gkg
PANW,2025-07-21,AV - Comparatives Publishes World Largest Independent Enterprise Cybersecurity Solution Test,https://www.manilatimes.net/2025/07/22/tmt-newswire/pr-newswire/av-comparatives-publishes-worlds-largest-independent-enterprise-cybersecurity-solution-test/2153338,manilatimes.net,English,0.0,gdelt_gkg
PANW,2025-07-21,What to know about a vulnerability being exploited on Microsoft SharePoint servers – Western Kansas News,https://www.westernkansasnews.com/what-to-know-about-a-vulnerability-being-exploited-on-microsoft-sharepoint-servers/,westernkansasnews.com,English,0.0,gdelt_gkg
PANW,2025-07-21,KUOW - Hackers have exploited a vulnerability of Microsoft SharePoint servers . Here what to know,https://www.kuow.org:443/stories/what-to-know-about-microsoft-sharepoint-servers,kuow.org,English,0.0,gdelt_gkg
PANW,2025-07-21,What to know about a vulnerability being exploited on Microsoft SharePoint servers,https://www.recorderonline.com/news/national_news/what-to-know-about-a-vulnerability-being-exploited-on-microsoft-sharepoint-servers/article_8fc75c13-2cb5-51dd-83fd-d115d41e0004.html,recorderonline.com,English,0.0,gdelt_gkg
PANW,2025-07-21,What to know about a vulnerability being exploited on Microsoft SharePoint servers,https://www.idahostatejournal.com/news/national/what-to-know-about-a-vulnerability-being-exploited-on-microsoft-sharepoint-servers/article_21335920-1815-57f1-9283-f8148f4c1252.html,idahostatejournal.com,English,0.0,gdelt_gkg
PANW,2025-07-21,What to know about a vulnerability exploited on Microsoft servers,https://www.texarkanagazette.com/news/2025/jul/21/what-to-know-about-a-vulnerability-exploited-on/,texarkanagazette.com,English,0.0,gdelt_gkg
PANW,2025-07-21,Microsoft works to patch SharePoint to thwart hackers,https://www.bostonglobe.com/2025/07/21/business/microsoft-sharepoint-cybersecurity-chinese-hackers-gina-raimondo/,bostonglobe.com,English,0.0,gdelt_gkg
PANW,2025-07-21,What to know about a vulnerability being exploited on Microsoft SharePoint servers,https://wcti12.com/news/local/what-to-know-about-a-vulnerability-being-exploited-on-microsoft-sharepoint-servers,wcti12.com,English,0.0,gdelt_gkg
PANW,2025-07-21,"Microsoft SharePoint under  active exploitation , Homeland Security CISA says",https://www.northwestmoinfo.com/syndicated-article/?id=1628821,northwestmoinfo.com,English,0.0,gdelt_gkg
PANW,2025-07-21,Vulnerability being exploited on Microsoft SharePoint servers,https://www.wdsu.com/article/vulnerability-being-exploited-on-microsoft-sharepoint/65465121,wdsu.com,English,0.0,gdelt_gkg
PANW,2025-07-22,Darktrace Buys Network Traffic Visibility Firm Mira Security,https://www.bankinfosecurity.com/darktrace-buys-network-traffic-visibility-firm-mira-security-a-29025,bankinfosecurity.com,English,0.0,gdelt_gkg
PANW,2025-07-22,Microsoft SharePoint flaw puts servers at risk,https://idahobusinessreview.com/2025/07/21/sharepoint-zero-day-vulnerability-exploit/,idahobusinessreview.com,English,0.0,gdelt_gkg
PANW,2025-07-22,Palo Alto Networks Completes Acquisition of Protect AI,https://www.prnewswire.com/news-releases/palo-alto-networks-completes-acquisition-of-protect-ai-302510757.html,prnewswire.com,English,0.0,gdelt_gkg
PANW,2025-07-22,What To Know About A Vulnerability Being Exploited On Microsoft SharePoint Servers - Newstalk 750,https://www.kfqd.com/what-to-know-about-a-vulnerability-being-exploited-on-microsoft-sharepoint-servers/,kfqd.com,English,0.0,gdelt_gkg
PANW,2025-07-22,What to know about a vulnerability being exploited on Microsoft SharePoint servers,https://www.mankatofreepress.com/news/state_national_news/what-to-know-about-a-vulnerability-being-exploited-on-microsoft-sharepoint-servers/article_f942a802-5cc5-5b60-b11a-2ed253ab8f7d.html,mankatofreepress.com,English,0.0,gdelt_gkg
PANW,2025-07-22,What to know about a vulnerability being exploited on Microsoft SharePoint servers,https://www.thehindu.com/sci-tech/technology/what-to-know-about-a-vulnerability-being-exploited-on-microsoft-sharepoint-servers/article69841051.ece,thehindu.com,English,0.0,gdelt_gkg
PANW,2025-07-22,"Webinar | Why Cloud Security Needs an AI - Powered , Cloud - Native Firewall - as - a - Service",https://www.govinfosecurity.com/webinars/webinar-cloud-security-needs-ai-powered-cloud-native-firewall-as-a-w-6388,govinfosecurity.com,English,0.0,gdelt_gkg
PANW,2025-07-22,Microsoft SharePoint Zero - Day : What it means for your business and how to protect yourself,https://www.thehindubusinessline.com/info-tech/explained-how-hackers-are-exploiting-a-flaw-in-microsoft-sharepoint/article69841059.ece,thehindubusinessline.com,English,0.0,gdelt_gkg
PANW,2025-07-22,What To Know About A Vulnerability Being Exploited On Microsoft SharePoint Servers,https://www.kxl.com/what-to-know-about-a-vulnerability-being-exploited-on-microsoft-sharepoint-servers/,kxl.com,English,0.0,gdelt_gkg
PANW,2025-07-22,What To Know About A Vulnerability Being Exploited On Microsoft SharePoint Servers,https://www.wjol.com/what-to-know-about-a-vulnerability-being-exploited-on-microsoft-sharepoint-servers/,wjol.com,English,0.0,gdelt_gkg
PANW,2025-07-22,What to know about a vulnerability being exploited on Microsoft SharePoint servers,https://www.smdailyjournal.com/business/what-to-know-about-a-vulnerability-being-exploited-on-microsoft-sharepoint-servers/article_519bd857-b530-585a-bb93-0d4881ff741b.html,smdailyjournal.com,English,0.0,gdelt_gkg
PANW,2025-07-22,What To Know About A Vulnerability Being Exploited On Microsoft SharePoint Servers,https://www.kmxs.com/what-to-know-about-a-vulnerability-being-exploited-on-microsoft-sharepoint-servers/,kmxs.com,English,0.0,gdelt_gkg
PANW,2025-07-22,Microsoft releases urgent fix for Sharepoint vulnerability being used in global cyberattacks,https://www.durangoherald.com/articles/microsoft-releases-urgent-fix-for-sharepoint-vulnerability-being-used-in-global-cyberattacks/,durangoherald.com,English,0.0,gdelt_gkg
PANW,2025-07-22,Microsoft flaw  opens the door  for hackers . It will be hard to close | Northwest,https://www.yakimaherald.com/news/northwest/microsoft-flaw-opens-the-door-for-hackers-it-will-be-hard-to-close/article_65616dd5-7b2f-5100-8bd5-4b18ce8680ff.html,yakimaherald.com,English,0.0,gdelt_gkg
PANW,2025-07-22,"Microsoft Issues Emergency Fix for SharePoint Exploit Targeting U . S . Agencies , Businesses",https://www.theyeshivaworld.com/news/general/2427595/microsoft-issues-emergency-fix-for-sharepoint-exploit-targeting-u-s-agencies-businesses.html,theyeshivaworld.com,English,0.0,gdelt_gkg
PANW,2025-07-22,Microsoft Rushes to Stop Hackers From Wreaking Global Havoc,https://www.insurancejournal.com/news/national/2025/07/22/832725.htm,insurancejournal.com,English,0.0,gdelt_gkg
PANW,2025-07-22,SentinelOne Valuation Raises Questions About Reported Palo Alto Networks M & A Talks : Analyst,https://www.crn.com/news/security/2025/sentinelone-valuation-raises-questions-about-reported-palo-alto-networks-m-a-talks-analyst,crn.com,English,0.0,gdelt_gkg
PANW,2025-07-22,What to know about a vulnerability being exploited on Microsoft SharePoint servers,https://japantoday.com/category/tech/microsoft-releases-urgent-fix-for-sharepoint-vulnerability-being-used-in-global-cyberattacks,japantoday.com,English,0.0,gdelt_gkg
PANW,2025-07-22,How Google partners are scaling enterprise AI solutions,https://siliconangle.com/2025/07/22/google-partners-scaling-enterprise-ai-solutions-googlecloudpartneraiseries/,siliconangle.com,English,0.0,gdelt_gkg
PANW,2025-07-22,SentinelOne ( S ) Rallies 9 . 8 % on $10 - Billion Potential Buyout,https://www.insidermonkey.com/blog/sentinelone-s-rallies-9-8-on-10-billion-potential-buyout-1572934/,insidermonkey.com,English,0.0,gdelt_gkg
PANW,2025-07-22,What to know about a vulnerability being exploited on Microsoft SharePoint servers,https://www.wgcu.org/science-tech/2025-07-22/what-to-know-about-a-vulnerability-being-exploited-on-microsoft-sharepoint-servers,wgcu.org,English,0.0,gdelt_gkg
PANW,2025-07-22,Microsoft flaw  opens the door  for hackers . It will be hard to close,https://www.spokesman.com/stories/2025/jul/22/microsoft-flaw-opens-the-door-for-hackers-it-will-/,spokesman.com,English,0.0,gdelt_gkg
PANW,2025-07-22,Microsoft Traces On - Premises SharePoint Exploits to China,https://www.govinfosecurity.com/microsoft-traces-on-premises-sharepoint-exploits-to-china-a-29029,govinfosecurity.com,English,0.0,gdelt_gkg
PANW,2025-07-22,"OneAscent Financial Services LLC Increases Stake in Palo Alto Networks , Inc . ( NASDAQ : PANW ) ",https://www.dailypolitical.com/2025/07/22/oneascent-financial-services-llc-increases-stake-in-palo-alto-networks-inc-nasdaqpanw.html,dailypolitical.com,English,0.0,gdelt_gkg
PANW,2025-07-22,"Palo Alto Networks , Inc . ( NASDAQ : PANW ) Holdings Boosted by OneAscent Financial Services LLC",https://www.themarketsdaily.com/2025/07/22/palo-alto-networks-inc-nasdaqpanw-holdings-boosted-by-oneascent-financial-services-llc.html,themarketsdaily.com,English,0.0,gdelt_gkg
PANW,2025-07-22,"OneAscent Financial Services LLC Acquires 753 Shares of Palo Alto Networks , Inc . ( NASDAQ : PANW ) ",https://www.tickerreport.com/banking-finance/13063285/oneascent-financial-services-llc-acquires-753-shares-of-palo-alto-networks-inc-nasdaqpanw.html,tickerreport.com,English,0.0,gdelt_gkg
PANW,2025-07-22,Microsoft SharePoint servers vulnerability : What to know today,https://www.bnnbloomberg.ca/business/technology/2025/07/21/microsoft-releases-urgent-fix-for-sharepoint-vulnerability-being-used-in-global-cyberattacks/,bnnbloomberg.ca,English,0.0,gdelt_gkg
PANW,2025-07-22,"WMG Financial Advisors LLC Makes New Investment in Palo Alto Networks , Inc . ( NASDAQ : PANW ) ",https://www.themarketsdaily.com/2025/07/22/wmg-financial-advisors-llc-makes-new-investment-in-palo-alto-networks-inc-nasdaqpanw.html,themarketsdaily.com,English,0.0,gdelt_gkg
PANW,2025-07-22,What to know about a vulnerability being exploited on Microsoft SharePoint servers,https://abcnews.go.com/Technology/wireStory/vulnerability-exploited-microsoft-sharepoint-servers-123926562,abcnews.go.com,English,0.0,gdelt_gkg
PANW,2025-07-23,Microsoft says Chinese state - backed hackers exploiting flaws in attacks,https://www.straitstimes.com/asia/east-asia/microsoft-says-chinese-state-backed-hackers-exploiting-flaws-in-attacks,straitstimes.com,English,0.0,gdelt_gkg
PANW,2025-07-23,Why SentinelOne Stock Is Skyrocketing Today,https://finance.yahoo.com/news/why-sentinelone-stock-skyrocketing-today-202218044.html,finance.yahoo.com,English,0.0,gdelt_gkg
PANW,2025-07-23,iTWire - Okta and Palo Alto Networks unify AI - driven security to fight identity attacks,https://itwire.com/guest-articles/company-news/okta-and-palo-alto-networks-unify-ai-driven-security-to-fight-identity-attacks.html,itwire.com,English,0.0,gdelt_gkg
PANW,2025-07-23,"Okta , Inc . とパロアルトネットワークスが製品統合によるパートナーシップ拡大 ( 2025年7月23日 ) ",https://www.excite.co.jp/news/article/Scannetsecurity_53263/,excite.co.jp,Japanese,0.0,gdelt_gkg
PANW,2025-07-23,"Chinese hackers exploit Microsoft flaws , US nuclear agency hit",https://www.businesstimes.com.sg/international/chinese-hackers-exploit-microsoft-flaws-us-nuclear-agency-hit,businesstimes.com.sg,English,0.0,gdelt_gkg
PANW,2025-07-23,"Chinese hackers exploit Microsoft flaws , US Nuclear Agency hit",https://www.thehindubusinessline.com/news/world/chinese-hackers-exploit-microsoft-flaws-us-nuclear-agency-hit/article69845173.ece,thehindubusinessline.com,English,0.0,gdelt_gkg
PANW,2025-07-23,Hot AI summer : Three Israeli cybersecurity startups in buyout talks,https://www.ynetnews.com/business/article/hkfimn3iee,ynetnews.com,English,0.0,gdelt_gkg
PANW,2025-07-23,Microsoft flaw  opens the door  for hackers . It will be hard to close,https://www.thestar.com.my/tech/tech-news/2025/07/23/microsoft-flaw-opens-the-door-for-hackers-it-will-be-hard-to-close,thestar.com.my,English,0.0,gdelt_gkg
PANW,2025-07-23,Palo Alto Networks Finalizes Protect AI Acquisition,https://www.govconwire.com/articles/palo-alto-networks-protect-ai-acquisition-2,govconwire.com,English,0.0,gdelt_gkg
PANW,2025-07-23,אנליסטים צופים : אפווינד הישראלית תימכר בשווי של פי 20 מהכנסותיה,https://www.globes.co.il/news/article.aspx?did=1001516832,globes.co.il,Hebrew,0.0,gdelt_gkg
PANW,2025-07-23,Cloud Security Strategies for Small - to - Midsize Organizations,https://www.bankinfosecurity.com/cloud-security-strategies-for-small-and-medium-sized-businesses-a-28951,bankinfosecurity.com,English,0.0,gdelt_gkg
PANW,2025-07-23,Cloud Security Strategies for Small - to - Midsize Organizations,https://www.govinfosecurity.com/cloud-security-strategies-for-small-and-medium-sized-businesses-a-28951,govinfosecurity.com,English,0.0,gdelt_gkg
PANW,2025-07-23,5 fantastic ASX ETFs to buy and hold forever,https://www.fool.com.au/2025/07/24/5-fantastic-asx-etfs-to-buy-and-hold-forever/,fool.com.au,English,0.0,gdelt_gkg
PANW,2025-07-23,Did China - linked hackers access US nuclear secrets through Microsoft ? ,https://www.firstpost.com/explainers/china-hackers-us-nuclear-microsoft-sharepoint-breach-explained-13910812.html,firstpost.com,English,0.0,gdelt_gkg
PANW,2025-07-23,Palo Alto Networks to Buy Protect AI,https://www.govconwire.com/articles/palo-alto-networks-protect-ai-acquisition,govconwire.com,English,0.0,gdelt_gkg
PANW,2025-07-24,Attacks on Microsoft Sharepoint : What admins need to do after patching,https://www.heise.de/en/background/Attacks-on-Microsoft-Sharepoint-What-admins-need-to-do-after-patching-10496515.html,heise.de,English,0.0,gdelt_gkg
PANW,2025-07-24,SentinelOne ( S ) Rallies 9 . 8 % on $10 - Billion Potential Buyout,https://finance.yahoo.com/news/sentinelone-rallies-9-8-10-194236758.html,finance.yahoo.com,English,0.0,gdelt_gkg
PANW,2025-07-24,Jim Cramer top 10 things to watch in the stock market Thursday,https://www.cnbc.com/2025/07/24/jim-cramers-top-10-things-to-watch-in-the-stock-market-thursday.html,cnbc.com,English,0.0,gdelt_gkg
PANW,2025-07-24,IBM chief confident AI isnt eroding other parts of the business,https://www.computerweekly.com/news/366627988/IBM-chief-confident-AI-isnt-eroding-other-parts-of-the-business,computerweekly.com,English,0.0,gdelt_gkg
PANW,2025-07-24,"Palo Alto Networks , Inc . ( NASDAQ : PANW ) Holdings Boosted by SFE Investment Counsel",https://www.dailypolitical.com/2025/07/24/palo-alto-networks-inc-nasdaqpanw-holdings-boosted-by-sfe-investment-counsel.html,dailypolitical.com,English,0.0,gdelt_gkg
PANW,2025-07-25,Unpacking the Latest Options Trading Trends in Palo Alto Networks - Palo Alto Networks ( NASDAQ : PANW ) ,https://www.benzinga.com/insights/options/25/07/46643722/unpacking-the-latest-options-trading-trends-in-palo-alto-networks,benzinga.com,English,0.0,gdelt_gkg
PANW,2025-07-25,"Hackers attack Microsoft SharePoint , targeting organizations like U . S nuclear security",https://www.kiro7.com/news/hackers-attack-microsoft-sharepoint-targeting-organizations-like-us-nuclear-security/KIVHWYCYTRBVLFCDG6NF6VRKL4/,kiro7.com,English,0.0,gdelt_gkg
PANW,2025-07-25,Risk highlighted as Chinese hackers hit Microsoft,https://www.spacedaily.com/afp/250725015514.s5a8a3ly.html,spacedaily.com,English,0.0,gdelt_gkg
PANW,2025-07-25,Risk highlighted as Chinese hackers hit Microsoft,https://www.manilatimes.net/2025/07/25/business/foreign-business/risk-highlighted-as-chinese-hackers-hit-microsoft/2156076,manilatimes.net,English,0.0,gdelt_gkg
PANW,2025-07-25,Risk highlighted as Chinese hackers hit Microsoft,https://www.thehindu.com/sci-tech/technology/risk-highlighted-as-chinese-hackers-hit-microsoft/article69853320.ece,thehindu.com,English,0.0,gdelt_gkg
PANW,2025-07-25,Top 10 MCP vulnerabilities : The hidden risks of AI integrations,https://www.reseller.co.nz/article/4028669/top-10-mcp-vulnerabilities-the-hidden-risks-of-ai-integrations-2.html,reseller.co.nz,English,0.0,gdelt_gkg
PANW,2025-07-25,"Palo Alto Networks , Inc . ( NASDAQ : PANW ) Stock Position Decreased by Atria Investments Inc",https://www.dailypolitical.com/2025/07/25/palo-alto-networks-inc-nasdaqpanw-stock-position-decreased-by-atria-investments-inc.html,dailypolitical.com,English,0.0,gdelt_gkg
PANW,2025-07-26,3 excellent ETFs to consider for a Stocks and Shares ISA,https://www.fool.co.uk/2025/07/26/3-excellent-etfs-to-consider-for-a-stocks-and-shares-isa/,fool.co.uk,English,0.0,gdelt_gkg
PANW,2025-07-26,Top Cybersecurity Stocks To Keep An Eye On – July 23rd,https://www.themarketsdaily.com/2025/07/26/top-cybersecurity-stocks-to-keep-an-eye-on-july-23rd.html,themarketsdaily.com,English,0.0,gdelt_gkg
PANW,2025-07-26,"Pacer Advisors Inc . Has $23 . 13 Million Stock Holdings in Palo Alto Networks , Inc . ( NASDAQ : PANW ) ",https://www.themarketsdaily.com/2025/07/26/pacer-advisors-inc-has-23-13-million-stock-holdings-in-palo-alto-networks-inc-nasdaqpanw.html,themarketsdaily.com,English,0.0,gdelt_gkg
PANW,2025-07-27,Only 34 % of Americans Feel On Track for Retirement . Here Are 3 Stocks to Buy Now and Hold for Decades . ,https://www.fool.com/investing/2025/07/27/only-34-of-americans-feel-on-track-for-retirement/?source=iedfolrf0000001,fool.com,English,0.0,gdelt_gkg
PANW,2025-07-27,Cybersecurity Stocks To Watch Now – July 26th,https://www.themarketsdaily.com/2025/07/27/cybersecurity-stocks-to-watch-now-july-26th.html,themarketsdaily.com,English,0.0,gdelt_gkg
PANW,2025-07-27,"Palo Alto Networks , Inc . ( NASDAQ : PANW ) Shares Acquired by Intellus Advisors LLC",https://www.themarketsdaily.com/2025/07/27/palo-alto-networks-inc-nasdaqpanw-shares-acquired-by-intellus-advisors-llc.html,themarketsdaily.com,English,0.0,gdelt_gkg
PANW,2025-07-27,"Avantax Advisory Services Inc . Boosts Stake in Palo Alto Networks , Inc . ( NASDAQ : PANW ) ",https://www.dailypolitical.com/2025/07/27/avantax-advisory-services-inc-boosts-stake-in-palo-alto-networks-inc-nasdaqpanw.html,dailypolitical.com,English,0.0,gdelt_gkg
PANW,2025-07-27,"Integrated Investment Consultants LLC Has $346 , 000 Stock Position in Palo Alto Networks , Inc . ( NASDAQ : PANW ) ",https://www.themarketsdaily.com/2025/07/27/integrated-investment-consultants-llc-has-346000-stock-position-in-palo-alto-networks-inc-nasdaqpanw.html,themarketsdaily.com,English,0.0,gdelt_gkg
PANW,2025-07-27,"Valley Wealth Managers Inc . Buys 80 Shares of Palo Alto Networks , Inc . ( NASDAQ : PANW ) ",https://www.dailypolitical.com/2025/07/27/valley-wealth-managers-inc-buys-80-shares-of-palo-alto-networks-inc-nasdaqpanw.html,dailypolitical.com,English,0.0,gdelt_gkg
PANW,2025-07-27,"Palo Alto Networks , Inc . ( NASDAQ : PANW ) Shares Bought by Valley Wealth Managers Inc . ",https://www.tickerreport.com/banking-finance/13072166/palo-alto-networks-inc-nasdaqpanw-shares-bought-by-valley-wealth-managers-inc.html,tickerreport.com,English,0.0,gdelt_gkg
PANW,2025-07-27,Officials issue warnings about new  smishing  scam | AFRO American Newspapers,https://afro.com/toll-scam-text-warning/,afro.com,English,0.0,gdelt_gkg
PANW,2025-07-28,Trump  AI Action  plan : the real opportunity is beyond big tech,https://www.fxstreet.com/education/trumps-ai-action-plan-the-real-opportunity-is-beyond-big-tech-202507280809,fxstreet.com,English,0.0,gdelt_gkg
PANW,2025-07-28,"Phishing Scams Hit Aviation Execs , Causing Six - Figure BEC Losses",https://www.webpronews.com/phishing-scams-hit-aviation-execs-causing-six-figure-bec-losses/,webpronews.com,English,0.0,gdelt_gkg
PANW,2025-07-28,מאות חברות ואלפי עובדים : הלהיט של עולם ההייטק הישראלי,https://www.mako.co.il/nexter-news/Article-6e766f021ff4891027.htm,mako.co.il,Hebrew,0.0,gdelt_gkg
PANW,2025-07-28,This Stock Doubled My Money – and Im Buying More,https://finance.yahoo.com/news/stock-doubled-money-m-buying-140233811.html,finance.yahoo.com,English,0.0,gdelt_gkg
PANW,2025-07-28,Cybersecurity Stocks To Consider – July 25th,https://www.dailypolitical.com/2025/07/28/cybersecurity-stocks-to-consider-july-25th.html,dailypolitical.com,English,0.0,gdelt_gkg
PANW,2025-07-28,BlinkOps raises $50 mn to fuel AI - powered security automation surge,https://infotechlead.com/tech/blinkops-raises-50-mn-to-fuel-ai-powered-security-automation-surge-90492,infotechlead.com,English,0.0,gdelt_gkg
PANW,2025-07-28,"Oxler Private Wealth LLC Has $2 . 55 Million Stock Position in Palo Alto Networks , Inc . ( NASDAQ : PANW ) ",https://www.tickerreport.com/banking-finance/13073715/oxler-private-wealth-llc-has-2-55-million-stock-position-in-palo-alto-networks-inc-nasdaqpanw.html,tickerreport.com,English,0.0,gdelt_gkg
PANW,2025-07-28,Dropzone AI Gets $37M to Build Out Cyber AI Agent Ecosystem,https://www.govinfosecurity.com/dropzone-ai-gets-37m-to-build-out-cyber-ai-agent-ecosystem-a-29061,govinfosecurity.com,English,0.0,gdelt_gkg
PANW,2025-07-28,"Inspire Advisors LLC Purchases Shares of 4 , 687 Palo Alto Networks , Inc . ( NASDAQ : PANW ) ",https://www.themarketsdaily.com/2025/07/28/inspire-advisors-llc-purchases-shares-of-4687-palo-alto-networks-inc-nasdaqpanw.html,themarketsdaily.com,English,0.0,gdelt_gkg
PANW,2025-07-28,Dropzone AI Gets $37M to Build Out Cyber AI Agent Ecosystem,https://www.bankinfosecurity.com/dropzone-ai-gets-37m-to-build-out-cyber-ai-agent-ecosystem-a-29061,bankinfosecurity.com,English,0.0,gdelt_gkg
PANW,2025-07-28,"Palo Alto Networks , Inc . ( NASDAQ : PANW ) Shares Acquired by Abbot Financial Management Inc . ",https://www.dailypolitical.com/2025/07/28/palo-alto-networks-inc-nasdaqpanw-shares-acquired-by-abbot-financial-management-inc.html,dailypolitical.com,English,0.0,gdelt_gkg
PANW,2025-07-29,CyberArk stock jumps on report Palo Alto Networks in acquisition talks,https://www.cnbc.com/2025/07/29/cyberark-shares-jump-on-report-of-palo-alto-networks-takeover-talks.html,cnbc.com,English,0.0,gdelt_gkg
PANW,2025-07-29,דיווח : פאלו אלטו תרכוש את סייברארק ב - 20 מיליארד דולר,https://finance.walla.co.il/item/3769149,finance.walla.co.il,Hebrew,0.0,gdelt_gkg
PANW,2025-07-29,CyberArk shares jump as much as 18 % on report of Palo Alto Networks takeover talks,https://biztoc.com/x/34e61d45156351f1,biztoc.com,English,0.0,gdelt_gkg
PANW,2025-07-29,"Palo Alto Networks in talks to buy CyberArk in deal worth over $20 billion , WSJ reports",https://finance.yahoo.com/news/palo-alto-networks-nears-over-162956469.html,finance.yahoo.com,English,0.0,gdelt_gkg
PANW,2025-07-29,CyberArk stock jumps on report Palo Alto Networks in talks to buy company for over $20 billion,https://www.nbcchicago.com/news/business/money-report/cyberark-shares-jump-as-much-as-18-on-report-of-palo-alto-networks-takeover-talks/3800316/,nbcchicago.com,English,0.0,gdelt_gkg
PANW,2025-07-29,Your Busines AI Has A Digital Immune System Here How To Protect It,https://www.forbes.com/councils/forbestechcouncil/2025/07/29/your-business-ai-has-a-digital-immune-system-heres-how-to-protect-it/,forbes.com,English,0.0,gdelt_gkg
PANW,2025-07-29,"Is Palo Alto joining the M & A party ? Plus , the S & P 500 hits a bump",https://www.cnbc.com/2025/07/29/is-palo-alto-joining-the-ma-party-plus-the-sp-500-hits-a-bump-.html,cnbc.com,English,0.0,gdelt_gkg
PANW,2025-07-29,Palo Alto Networks in Talks to Buy CyberArk for Over $20B,https://www.webpronews.com/palo-alto-networks-in-talks-to-buy-cyberark-for-over-20b/,webpronews.com,English,0.0,gdelt_gkg
PANW,2025-07-29,Should You Buy the Dip in This AI Stock ? ,https://www.fool.com/investing/2025/07/29/should-you-buy-the-dip-in-this-ai-stock/?source=iedfolrf0000001,fool.com,English,0.0,gdelt_gkg
PANW,2025-07-29,ISG : Public Sector Ramps Up Cyber Defenses Amid Rising Threats,https://www.securityinfowatch.com/critical-infrastructure/press-release/55306397/isg-isg-public-sector-ramps-up-cyber-defenses-amid-rising-threats,securityinfowatch.com,English,0.0,gdelt_gkg
PANW,2025-07-29,Why SentinelOne Stock Is Sinking Today | The Motley Fool,https://www.fool.com/investing/2025/07/29/why-sentinelone-stock-is-sinking-today/?source=iedfolrf0000001,fool.com,English,0.0,gdelt_gkg
PANW,2025-07-29,פאלו אלטו בדרך לרכוש חברה ישראלית ביותר מ - 20 מליארד דולר,https://www.mako.co.il/nexter-news/Article-532ef6f90875891026.htm,mako.co.il,Hebrew,0.0,gdelt_gkg
PANW,2025-07-29,Palo Alto Stock : CyberArk Acquisition Eyed In $20 Billion Deal,https://www.investors.com/news/technology/palo-alto-eyes-cyberark-in-20-billion-deal-that-would-shake-up-cybersecurity-market/,investors.com,English,0.0,gdelt_gkg
PANW,2025-07-29,"Is SentinelOne Stock a Buy , Sell , or Hold in July 2025 ? ",https://finance.yahoo.com/news/sentinelone-stock-buy-sell-hold-121501274.html,finance.yahoo.com,English,0.0,gdelt_gkg
PANW,2025-07-29,בדרך לעסקת ענק בהייטק הישראלי : פאלו אלטו במו  מ לרכישת סייברארק,https://www.ynet.co.il/economy/article/sjapvf8vxl,ynet.co.il,Hebrew,0.0,gdelt_gkg
PANW,2025-07-29,Why Palo Alto Networks Is Eyeing a $20B+ Buy of CyberArk,https://www.bankinfosecurity.com/blogs/palo-alto-networks-eyeing-20b-buy-cyberark-p-3919,bankinfosecurity.com,English,0.0,gdelt_gkg
PANW,2025-07-29,"Palo Alto Networks in talks to buy CyberArk in deal worth over $20 billion , WSJ reports",https://www.marketscreener.com/news/palo-alto-networks-nears-over-20-billion-deal-for-cyberark-wsj-reports-ce7c5fded881f627,marketscreener.com,English,0.0,gdelt_gkg
PANW,2025-07-29,"Palo Alto Networks Could Buy CyberArk for Over $20B , Report Says",https://www.investopedia.com/palo-alto-networks-could-buy-cyberark-for-over-usd20b-report-says-11781314,investopedia.com,English,0.0,gdelt_gkg
PANW,2025-07-29,"Global cybersecurity spending to hit $213 billion in 2025 , driven by cloud shift and AI threats : Gartner",https://infotechlead.com/security/global-cybersecurity-spending-to-hit-213-billion-in-2025-driven-by-cloud-shift-and-ai-threats-gartner-90514,infotechlead.com,English,0.0,gdelt_gkg
PANW,2025-07-29,Fable Security launches with $31m to tackle human risk in cybersecurity,https://betanews.com/2025/07/29/fable-security-launches-with-31m-to-tackle-human-risk-in-cybersecurity/,betanews.com,English,0.0,gdelt_gkg
PANW,2025-07-29,What Going On With CyberArkk Shares Today ? ,https://biztoc.com/x/ceddf8185a1f1853,biztoc.com,English,0.0,gdelt_gkg
PANW,2025-07-30,Okta Inc . gains amid takeover speculation ( OKTA : NASDAQ ) ,https://biztoc.com/x/09894c07d150f7ed,biztoc.com,English,0.0,gdelt_gkg
PANW,2025-07-30,US stocks hold steady as Fed decision on interest rates looms,https://www.mcall.com/2025/07/30/wall-street-fed-decision-impact/,mcall.com,English,0.0,gdelt_gkg
PANW,2025-07-30,SPX ends 6 - day rally amid mixed US data while Dollar rally extends - Newsquawk US Market Wrap,https://www.zerohedge.com/markets/spx-ends-6-day-rally-amid-mixed-us-data-while-dollar-rally-extends-newsquawk-us-market-wrap,zerohedge.com,English,0.0,gdelt_gkg
PANW,2025-07-30,Report : Palo Alto Networks could acquire CyberArk for $20B+,https://siliconangle.com/2025/07/29/report-palo-alto-networks-acquire-cyberark-20b/,siliconangle.com,English,0.0,gdelt_gkg
PANW,2025-07-30,US stocks hold steady after the Fed makes no move on interest rates,https://www.redbluffdailynews.com/2025/07/30/wall-street-fed-decision-impact/,redbluffdailynews.com,English,0.0,gdelt_gkg
PANW,2025-07-30,"Dow Jones Top Company Headlines at 9 PM ET : Starbucks Abandons Mobile Order , Pickup - Only Stores | Visa ... ",https://www.morningstar.com/news/dow-jones/2025072913538/dow-jones-top-company-headlines-at-9-pm-et-starbucks-abandons-mobile-order-pickup-only-stores-visa,morningstar.com,English,0.0,gdelt_gkg
PANW,2025-07-30,London Spirit : Tech titans strike Nike kit deal in Hundred first,https://www.cityam.com/london-spirit-tech-titans-strike-nike-kit-deal-in-hundred-first/,cityam.com,English,0.0,gdelt_gkg
PANW,2025-07-30,Logicalis targets APAC mid - market with  GSI quality  services,https://www.computerweekly.com/news/366628163/Logicalis-targets-APACs-mid-market-with-GSI-quality-services,computerweekly.com,English,0.0,gdelt_gkg
PANW,2025-07-30,"Palo Alto Networks Announces Agreement to Acquire CyberArk , the Identity Security Leader",https://www.prnewswire.com/news-releases/palo-alto-networks-announces-agreement-to-acquire-cyberark-the-identity-security-leader-302517351.html,prnewswire.com,English,0.0,gdelt_gkg
PANW,2025-07-30,"Information Services Group , Inc .: U . K . Firms Seek Integrated Cybersecurity Approach",https://www.finanznachrichten.de/nachrichten-2025-07/66035938-information-services-group-inc-u-k-firms-seek-integrated-cybersecurity-approach-004.htm,finanznachrichten.de,English,0.0,gdelt_gkg
PANW,2025-07-30,SailPoint ( SAIL ) Jumps 5 . 7 % on Palo Alto - CyberArk $20 - Billion Merger,https://finance.yahoo.com/news/sailpoint-sail-jumps-5-7-110457944.html,finance.yahoo.com,English,0.0,gdelt_gkg
PANW,2025-07-30,"Palo Alto Networks to Announce Fiscal Fourth Quarter and Fiscal Year 2025 Financial Results on Monday , August 18 , 2025",http://www.prnewswire.com/news-releases/palo-alto-networks-to-announce-fiscal-fourth-quarter-and-fiscal-year-2025-financial-results-on-monday-august-18-2025-302517259.html,prnewswire.com,English,0.0,gdelt_gkg
PANW,2025-07-30,"Micro - agents for IAM , cybersecurity draw $50M funding round for startup BlinkOps",https://www.biometricupdate.com/202507/micro-agents-for-iam-cybersecurity-draw-50m-funding-round-for-startup-blinkops,biometricupdate.com,English,0.0,gdelt_gkg
PANW,2025-07-30,Palo Alto Networks in talks to buy CyberArk in deal worth over $20 billion : Report,https://telecom.economictimes.indiatimes.com/news/enterprise-services/palo-alto-networks-in-talks-to-buy-cyberark-in-deal-worth-over-20-billion-report/122986914,telecom.economictimes.indiatimes.com,English,0.0,gdelt_gkg
PANW,2025-07-30,US stocks hold steady after the Fed makes no move on interest rates,https://www.times-standard.com/2025/07/30/wall-street-fed-decision-impact/,times-standard.com,English,0.0,gdelt_gkg
PANW,2025-07-30,US stock market holds steady after the Fed makes no move on interest rates,https://www.idahostatejournal.com/news/national/us-stock-market-holds-steady-after-the-fed-makes-no-move-on-interest-rates/article_69cd798a-6642-588e-8772-da883df4ac4d.html,idahostatejournal.com,English,0.0,gdelt_gkg
PANW,2025-07-30,Palo Alto Networks buying CyberArk in cash - and - stock deal valued at about $25 billion,https://www.springfieldnewssun.com/nation-world/palo-alto-networks-buying-cyberark-in-cash-and-stock-deal-valued-at-about-25-billion/ALTXEHXGDNHORPL36HU5V55IKU/,springfieldnewssun.com,English,0.0,gdelt_gkg
PANW,2025-07-30,Palo Alto to scoop up CyberArk for $25 billion to tackle AI - era threats,https://www.marketscreener.com/news/palo-alto-to-scoop-up-cyberark-for-25-billion-to-tackle-ai-era-threats-ce7c5fdfdd81f223,marketscreener.com,English,0.0,gdelt_gkg
PANW,2025-07-30,"Palo Alto Networks To Acquire CyberArk For $25 Bln In Cash , Stock Deal",https://www.rttnews.com/3559554/palo-alto-networks-to-acquire-cyberark-for-25-bln-in-cash-stock-deal.aspx,rttnews.com,English,0.0,gdelt_gkg
PANW,2025-07-30,"Ramirez Asset Management Inc . Lowers Stake in Palo Alto Networks , Inc . ( NASDAQ : PANW ) ",https://www.themarketsdaily.com/2025/07/30/ramirez-asset-management-inc-lowers-stake-in-palo-alto-networks-inc-nasdaqpanw.html,themarketsdaily.com,English,0.0,gdelt_gkg
PANW,2025-07-30,Jim Cramer top 10 things to watch in the stock market Wednesday,https://www.cnbc.com/2025/07/30/jim-cramers-top-10-things-to-watch-in-the-stock-market-wednesday.html,cnbc.com,English,0.0,gdelt_gkg
PANW,2025-07-30,Palo Alto Networks to Acquire CyberArk in $25 Billion Identity Security Deal,https://paginasiete.bo/palo-alto-networks-to-acquire-cyberark-in-25-billion-identity-security-deal-cyberark/,paginasiete.bo,English,0.0,gdelt_gkg
PANW,2025-07-30,"Palo Alto Networks To Acquire CyberArk For $25 Bln In Cash , Stock Deal",https://www.finanznachrichten.de/nachrichten-2025-07/66039868-palo-alto-networks-to-acquire-cyberark-for-dollar-25-bln-in-cash-stock-deal-020.htm,finanznachrichten.de,English,0.0,gdelt_gkg
PANW,2025-07-30,Palo Alto Networks confirms $25b CyberArk acquisition,https://en.globes.co.il/en/article-palo-alto-networks-confirms-25b-cyberark-acquisition-1001517645,en.globes.co.il,English,0.0,gdelt_gkg
PANW,2025-07-30,CYBR Stock Alert : Halper Sadeh LLC Is Investigating Whether the Sale of CyberArk Software Ltd . Is Fair to Shareholders,https://www.marketscreener.com/news/cybr-stock-alert-halper-sadeh-llc-is-investigating-whether-the-sale-of-cyberark-software-ltd-is-fa-ce7c5fdfdf8bf227,marketscreener.com,English,0.0,gdelt_gkg
PANW,2025-07-30,פאלו אלטו רוכשת את סייברארק הישראלית ב - 25 מיליארד דולר,https://www.gadgety.co.il/348125/palo-alto-cyberark-acquisition/,gadgety.co.il,Hebrew,0.0,gdelt_gkg
PANW,2025-07-30,Palo Alto Stock Falls As Wall Street Ponders $25 Billion CyberArk Acquisition,https://biztoc.com/x/27c5d633f3badebd,biztoc.com,English,0.0,gdelt_gkg
PANW,2025-07-30,Bonds Fall in Fed Run - Up Amid Strong Economic Data : Markets Wrap,https://www.swissinfo.ch/eng/bonds-fall-in-fed-run-up-amid-strong-economic-data:-markets-wrap/89755660,swissinfo.ch,English,0.0,gdelt_gkg
PANW,2025-07-30,"Palo Alto Network - CyberArk Deal A  Strategic Home Run , Says Analyst But PANW Stock Falls Nearly 7 % In Pre - Market",https://biztoc.com/x/8f4475c8e6586a77,biztoc.com,English,0.0,gdelt_gkg
PANW,2025-07-30,Palo Alto Networks Reaches $25 Billion Deal for CyberArk,https://www.insurancejournal.com/news/national/2025/07/30/833774.htm,insurancejournal.com,English,0.0,gdelt_gkg
PANW,2025-07-30,"Your Daily Phil : Remembering Wesley LePatner , Jewish lay leader killed in Manhattan shooting",https://ejewishphilanthropy.com/your-daily-phil-remembering-wesley-lepatner-jewish-lay-leader-killed-in-manhattan-shooting/,ejewishphilanthropy.com,English,0.0,gdelt_gkg
PANW,2025-07-30,Why Does Palo Alto Networks Want To Buy CyberArk ? ,https://www.forbes.com/sites/greatspeculations/2025/07/30/why-does-palo-alto-networks-want-to-buy-cyberark/,forbes.com,English,0.0,gdelt_gkg
PANW,2025-07-30,Palo Alto to scoop up CyberArk for $25 billion to tackle AI - era threats,https://economictimes.indiatimes.com/tech/technology/palo-alto-to-scoop-up-cyberark-for-25-billion-to-tackle-ai-era-threats/articleshow/122999302.cms,economictimes.indiatimes.com,English,0.0,gdelt_gkg
PANW,2025-07-30,עסקת ענק : פאלו אלטו רוכשת את סייברארק - בסכום של 25 מיליארד דולר,https://www.themarker.com/markets/2025-07-30/ty-article/00000198-5a8b-d669-a99d-7ebfa5860000,themarker.com,Hebrew,0.0,gdelt_gkg
PANW,2025-07-30,Palo Alto Networks buying CyberArk in cash - and - stock deal valued at about $25 billion,https://abcnews.go.com/Business/wireStory/palo-alto-networks-buying-cyberark-cash-stock-deal-124207309,abcnews.go.com,English,0.0,gdelt_gkg
PANW,2025-07-30,למה המניות של פאלו אלטו וסייברארק נופלות במסחר ? ,https://www.globes.co.il/news/article.aspx?did=1001517675,globes.co.il,Hebrew,0.0,gdelt_gkg
PANW,2025-07-30,US stocks hold steady after the Fed makes no move on interest rates,https://www.fortmorgantimes.com/2025/07/30/wall-street-fed-decision-impact/,fortmorgantimes.com,English,0.0,gdelt_gkg
PANW,2025-07-30,US stocks hold steady after the Fed makes no move on interest rates,https://www.eptrail.com/2025/07/30/wall-street-fed-decision-impact/,eptrail.com,English,0.0,gdelt_gkg
PANW,2025-07-30,US stocks hold steady as Fed decision on interest rates looms,https://www.thereporteronline.com/2025/07/30/wall-street-fed-decision-impact/,thereporteronline.com,English,0.0,gdelt_gkg
PANW,2025-07-30,US stock market holds steady ahead of a Federal Reserve decision on interest rates,https://www.goskagit.com/news/nation/us-stock-market-holds-steady-ahead-of-a-federal-reserve-decision-on-interest-rates/article_b9e4b9ae-1f02-50c6-97d7-1a64845e96da.html,goskagit.com,English,0.0,gdelt_gkg
PANW,2025-07-30,Palo Alto Networks to Acquire Israel CyberArk in $25B Deal to Secure AI - Era Identities,https://themedialine.org/headlines/palo-alto-networks-to-acquire-israels-cyberark-in-25b-deal-to-secure-ai-era-identities/,themedialine.org,English,0.0,gdelt_gkg
PANW,2025-07-30,Palo Alto Networks acquires Israeli firm CyberArk for $25 billion,https://www.clevelandjewishnews.com/jns/palo-alto-networks-acquires-israeli-firm-cyberark-for-25-billion/article_a7015984-a4b7-56bb-9887-3e5d13facb7a.html,clevelandjewishnews.com,English,0.0,gdelt_gkg
PANW,2025-07-30,US stocks hold steady as Fed decision on interest rates looms,https://www.orlandosentinel.com/2025/07/30/wall-street-fed-decision-impact/,orlandosentinel.com,English,0.0,gdelt_gkg
PANW,2025-07-30,Market Factors : My two biggest investing mistakes ever,https://www.theglobeandmail.com/investing/investment-ideas/article-market-factors-my-two-biggest-investing-mistakes-ever/,theglobeandmail.com,English,0.0,gdelt_gkg
PANW,2025-07-30,Palo Alto Networks Stock Is Falling Today : What Going On ? ,https://biztoc.com/x/cfe491bd98c69ba5,biztoc.com,English,0.0,gdelt_gkg
PANW,2025-07-30,US stocks hold steady as Fed decision on interest rates looms,https://www.akronnewsreporter.com/2025/07/30/wall-street-fed-decision-impact/,akronnewsreporter.com,English,0.0,gdelt_gkg
PANW,2025-07-30,Palo Alto Networks buying CyberArk in cash - and - stock deal valued at about $25 billion,https://www.journal-news.com/nation-world/palo-alto-networks-buying-cyberark-in-cash-and-stock-deal-valued-at-about-25-billion/ALTXEHXGDNHORPL36HU5V55IKU/,journal-news.com,English,0.0,gdelt_gkg
PANW,2025-07-30,US stock market holds steady ahead of a Federal Reserve decision on interest rates,https://www.journal-news.com/nation-world/us-stock-market-holds-steady-ahead-of-a-federal-reserve-decision-on-interest-rates/WX2VSNSWAVARZAU7AFJAR2PBJQ/,journal-news.com,English,0.0,gdelt_gkg
PANW,2025-07-30,Treasuries Fall on Strong Economic Data Before Fed : Markets Wrap,https://www.swissinfo.ch/eng/treasuries-fall-on-strong-economic-data-before-fed:-markets-wrap/89755660,swissinfo.ch,English,0.0,gdelt_gkg
PANW,2025-07-30,US stocks hold steady as Fed decision on interest rates looms,https://www.capitalgazette.com/2025/07/30/wall-street-fed-decision-impact/,capitalgazette.com,English,0.0,gdelt_gkg
PANW,2025-07-30,US stocks hold steady after the Fed makes no move on interest rates,https://www.delcotimes.com/2025/07/30/wall-street-fed-decision-impact/,delcotimes.com,English,0.0,gdelt_gkg
PANW,2025-07-30,US stock market holds steady ahead of a Federal Reserve decision on interest rates,https://www.idahostatejournal.com/news/national/us-stock-market-holds-steady-ahead-of-a-federal-reserve-decision-on-interest-rates/article_69cd798a-6642-588e-8772-da883df4ac4d.html,idahostatejournal.com,English,0.0,gdelt_gkg
PANW,2025-07-30,Palo Alto Networks reaches $25 billion deal for CyberArk,https://www.siliconvalley.com/2025/07/30/palo-alto-networks-reaches-25-billion-deal-for-cyberark/,siliconvalley.com,English,0.0,gdelt_gkg
PANW,2025-07-30,אקזיט מטורף להייטק הישראלי : החברה האמריקנית שמה סכום עתק,https://www.kikar.co.il/technology/t07skj,kikar.co.il,Hebrew,0.0,gdelt_gkg
PANW,2025-07-30,"Tech Report : YouTube uses AI for age detection , tech giants shake up cybersecurity 41NBC News",https://www.41nbc.com/tech-report-youtube-uses-ai-for-age-detection-tech-giants-shake-up-cybersecurity/,41nbc.com,English,0.0,gdelt_gkg
PANW,2025-07-30,Nikesh Arora : Why Palo Alto Is Making a $25B Bet on Identity,https://www.bankinfosecurity.com/nikesh-arora-palo-alto-making-25b-bet-on-identity-a-29090,bankinfosecurity.com,English,0.0,gdelt_gkg
PANW,2025-07-30,Should You Buy the Dip in This AI Stock ? ,https://finance.yahoo.com/news/buy-dip-ai-stock-135300472.html,finance.yahoo.com,English,0.0,gdelt_gkg
PANW,2025-07-30,Stocks Slip After Powell Rate Cut Remarks,https://www.newser.com/story/372748/stocks-slip-after-powells-rate-cut-remarks.html,newser.com,English,0.0,gdelt_gkg
PANW,2025-07-30,US stock market holds steady after the Fed makes no move on interest rates,https://www.bostonglobe.com/2025/07/30/business/stocks-markets-interest-rates/,bostonglobe.com,English,0.0,gdelt_gkg
PANW,2025-07-30,Dollar and yields gain amid GDP beat and hawkish Powell - Newsquawk US Market Wrap,https://www.zerohedge.com/markets/dollar-and-yields-gain-amid-gdp-beat-and-hawkish-powell-newsquawk-us-market-wrap,zerohedge.com,English,0.0,gdelt_gkg
PANW,2025-07-30,Palo Alto Networks buying CyberArk in cash - and - stock deal valued at about $25 billion,https://isp.netscape.com/pf/story/0001/20250730/fa24823831e0575ff611e695980c7714,isp.netscape.com,English,0.0,gdelt_gkg
PANW,2025-07-30,Nikesh Arora : Why Palo Alto Is Making a $25B Bet on Identity,https://www.govinfosecurity.com/nikesh-arora-palo-alto-making-25b-bet-on-identity-a-29090,govinfosecurity.com,English,0.0,gdelt_gkg
PANW,2025-07-30,Palo Alto Networks reaches $25 billion deal for CyberArk,https://www.mercurynews.com/2025/07/30/palo-alto-networks-reaches-25-billion-deal-for-cyberark/,mercurynews.com,English,0.0,gdelt_gkg
PANW,2025-07-30,The Nashville Ledger,http://www.tnledger.com/editorial/Article.aspx?id=192758,tnledger.com,English,0.0,gdelt_gkg
PANW,2025-07-30,US stock market holds steady after the Fed makes no move on interest rates,https://www.smdailyjournal.com/business/us-stock-market-holds-steady-after-the-fed-makes-no-move-on-interest-rates/article_c151b22f-5459-5bad-8a78-d5744585595b.html,smdailyjournal.com,English,0.0,gdelt_gkg
PANW,2025-07-30,Palo Alto Networks agrees to buy CyberArk for $25 billion,https://techcrunch.com/2025/07/30/palo-alto-networks-agrees-to-buy-cyberark-for-25-billion/,techcrunch.com,English,0.0,gdelt_gkg
PANW,2025-07-30,No one is guarding the gates of enterprise AI,https://www.fierce-network.com/cloud/no-one-guarding-gates-enterprise-ai,fierce-network.com,English,0.0,gdelt_gkg
PANW,2025-07-31,"Check Point Software Independent Growth Amid Rising Cybersecurity Demand , ETTelecom",https://telecom.economictimes.indiatimes.com/news/internet/check-point-softwares-independent-growth-amid-rising-cybersecurity-demand/123009151,telecom.economictimes.indiatimes.com,English,0.0,gdelt_gkg
PANW,2025-07-31,Palo Alto Networks To Acquire CyberArk For $25B In Identity Security Push,https://www.crn.com.au/news-network/security/palo-alto-networks-to-acquire-cyberark-for-25b-in-identity,crn.com.au,English,0.0,gdelt_gkg
PANW,2025-07-31,Palo Alto : CORRECTED TRANSCRIPT Palo Alto Networks Inc ( PANW US ) Acquisition of CyberArk by Palo Alto Networks® Call 30 July 2025 9 30 AM ET,https://www.marketscreener.com/news/palo-alto-corrected-transcript-palo-alto-networks-inc-panw-us-acquisition-of-cyberark-by-palo-alt-ce7c5fdcdb80fe26,marketscreener.com,English,0.0,gdelt_gkg
PANW,2025-07-31,AP Technology SummaryBrief at 9 : 00 p . m . EDT,https://www.galvnews.com/news_ap/business/ap-technology-summarybrief-at-9-00-p-m-edt/article_235c1cd0-4b28-57d4-b382-636f76cdc05b.html,galvnews.com,English,0.0,gdelt_gkg
PANW,2025-07-31,Palo Alto Networks to Acquire CyberArk in $25B Deal to Lead Identity Security for AI,https://www.thefastmode.com/technology-solutions/43662-palo-alto-networks-to-acquire-cyberark-in-25b-deal-to-lead-identity-security-for-ai,thefastmode.com,English,0.0,gdelt_gkg
PANW,2025-07-31,"Chamath Palihapitiya Laid Out A Short Case Against Meta , Alphabet In 2020 Both Have Since Rallied Over 160 % - Alphabet ( NASDAQ : GOOG ), Alphabet ( NASDAQ : GOOGL ) ",https://www.benzinga.com/markets/tech/25/07/46750637/chamath-palihapitiya-laid-out-a-short-case-against-meta-alphabet-in-2020-both-have-since-rallied-ove,benzinga.com,English,0.0,gdelt_gkg
PANW,2025-07-31,Why Palo Alto Networks Stock Is Sinking Today,https://finance.yahoo.com/news/why-palo-alto-networks-stock-183732772.html,finance.yahoo.com,English,0.0,gdelt_gkg
PANW,2025-07-31,Why SentinelOne Stock Is Sinking Today,https://finance.yahoo.com/news/why-sentinelone-stock-sinking-today-194900540.html,finance.yahoo.com,English,0.0,gdelt_gkg
PANW,2025-07-31,פתיחה חיובית באירופה ; החוזים העתידיים על וול סטריט קופצים,https://www.globes.co.il/news/article.aspx?did=1001517714,globes.co.il,Hebrew,0.0,gdelt_gkg
PANW,2025-07-31,Best Telecom Stocks To Research – July 29th,https://www.etfdailynews.com/2025/07/31/best-telecom-stocks-to-research-july-29th/,etfdailynews.com,English,0.0,gdelt_gkg
PANW,2025-07-31,موقع بكرا - صفقة تاريخية تلوح في الأفق : بالو ألتو الأمريكية في مفاوضات للاستحواذ على سايبرآرك الإسرائيلية بـ20 مليار دولار,https://bokra.net/Article-1574518,bokra.net,Arabic,0.0,gdelt_gkg
PANW,2025-07-31,"Palo Alto Networks Could Buy CyberArk for Over $20B , Report Says",https://finance.yahoo.com/news/palo-alto-networks-could-buy-203153667.html,finance.yahoo.com,English,0.0,gdelt_gkg
PANW,2025-07-31,"מייסד סייברארק :  יכולנו לחצות אוקיינוס בסירה , העדפנו להגיע בנושאת מטוסים  ",https://www.ynet.co.il/economy/article/r1esndupxl,ynet.co.il,Hebrew,0.0,gdelt_gkg
PANW,2025-07-31,Palo Alto Networks to acquire CyberArk in $25bn deal,https://biztoc.com/x/4fec75964efd5caa,biztoc.com,English,0.0,gdelt_gkg
PANW,2025-07-31,"In rare big bet , Indian VC backs local cybersecurity firm $70 mn fundraise",https://www.livemint.com/companies/news/in-rare-big-bet-indian-vc-backs-local-cybersecurity-firms-70-million-fundraise-avataar-11753946342806.html,livemint.com,English,0.0,gdelt_gkg
PANW,2025-07-31,שלמה קרמר תוקף את פאלו אלטו :  מתקרבת לגורלה של IBM  ,https://www.globes.co.il/news/article.aspx?did=1001517749,globes.co.il,Hebrew,0.0,gdelt_gkg
PANW,2025-07-31,Reach Security Raises $10M from Microsoft M12 for AI Cyber Defense,https://www.webpronews.com/reach-security-raises-10m-from-microsofts-m12-for-ai-cyber-defense/,webpronews.com,English,0.0,gdelt_gkg
PANW,2025-07-31,How Google Cloud Is Tackling AI Biggest Data Unlock,https://www.forbes.com/sites/cio/2025/07/31/how-google-cloud-is-tackling-ais-biggest-data-unlock/,forbes.com,English,0.0,gdelt_gkg
PANW,2025-07-31,Palo Alto Networks swallows CyberArk,https://www.fudzilla.com/news/61452-palo-alto-networks-swallows-cyberark,fudzilla.com,English,0.0,gdelt_gkg
PANW,2025-07-31,"Were trimming 1 stock and adding to another plus , 2 more remain on our buy list",https://www.cnbc.com/2025/07/31/were-trimming-1-stock-and-adding-to-another-plus-2-more-remain-on-our-buy-list.html,cnbc.com,English,0.0,gdelt_gkg
PANW,2025-07-31,Palo Alto Networks to Acquire Identity Security Titan CyberArk,https://www.securityinfowatch.com/industry-news/news/55306916/palo-alto-networks-to-acquire-identity-security-titan-cyberark,securityinfowatch.com,English,0.0,gdelt_gkg
PANW,2025-07-31,"Palo Alto Networks acquires CyberArk , identity security to become new core platform",https://www.biometricupdate.com/202507/palo-alto-networks-acquires-cyberark-identity-security-to-become-new-core-platform,biometricupdate.com,English,0.0,gdelt_gkg
PANW,2025-07-31,SHAREHOLDER INVESTIGATION : Halper Sadeh LLC Investigates,https://www.globenewswire.com/news-release/2025/07/31/3125522/0/en/SHAREHOLDER-INVESTIGATION-Halper-Sadeh-LLC-Investigates-CYBR-GTLS-CCRD-on-Behalf-of-Shareholders.html,globenewswire.com,English,0.0,gdelt_gkg
PANW,2025-07-31,"Invest $10 , 000 in these fantastic ASX ETFs",https://www.fool.com.au/2025/08/01/invest-10000-in-these-fantastic-asx-etfs/,fool.com.au,English,0.0,gdelt_gkg
PANW,2025-07-31,Okta : Forging the Future of Digital Identity,https://markets.financialcontent.com/stocks/article/marketminute-2025-7-31-okta-forging-the-future-of-digital-identity,markets.financialcontent.com,English,0.0,gdelt_gkg
PANW,2025-07-31,How the CyberArk Deal Is Different From Past Palo Alto M & A,https://www.bankinfosecurity.com/how-cyberark-deal-different-from-past-palo-alto-ma-a-29096,bankinfosecurity.com,English,0.0,gdelt_gkg
PANW,2025-08-01,Stocks Settle Mixed on Hawkish Fed Chair Powell,https://finance.yahoo.com/news/stocks-settle-mixed-hawkish-fed-203355637.html,finance.yahoo.com,English,0.0,gdelt_gkg
PANW,2025-08-01,Securing agentic identities focus of Palo Alto CyberArk buy,https://www.computerweekly.com/news/366628304/Securing-agentic-identities-focus-of-Palo-Altos-CyberArk-buy,computerweekly.com,English,0.0,gdelt_gkg
PANW,2025-08-01,Here the list of 76 new employers who want to hire military spouses,https://www.navytimes.com/news/your-military/2022/10/30/heres-the-list-of-76-new-employers-who-want-to-hire-military-spouses/,navytimes.com,English,0.0,gdelt_gkg
PANW,2025-08-01,Palo Alto Networks agrees to buy CyberArk for $25 billion,https://finance.yahoo.com/news/palo-alto-networks-agrees-buy-183829606.html,finance.yahoo.com,English,0.0,gdelt_gkg
PANW,2025-08-01,"Vendor notebook : Midyear mergers , AI and mobile rollouts flood healthcare",https://www.healthcareitnews.com/news/vendor-notebook-midyear-mergers-ai-and-mobile-rollouts-flood-healthcare,healthcareitnews.com,English,0.0,gdelt_gkg
PANW,2025-08-01,How the CyberArk Deal Is Different From Past Palo Alto M & A,https://www.govinfosecurity.com/how-cyberark-deal-different-from-past-palo-alto-ma-a-29096,govinfosecurity.com,English,0.0,gdelt_gkg
PANW,2025-08-01,Palo Alto Networks Broadens Cybersecurity Consolidation With $25B Deal,https://finance.yahoo.com/news/palo-alto-networks-broadens-cybersecurity-103000877.html,finance.yahoo.com,English,0.0,gdelt_gkg
PANW,2025-08-01,Safe Raises $70M Series C to Scale Cyber Risk Management,https://www.govinfosecurity.com/safe-raises-70m-series-c-to-scale-cyber-risk-management-a-29109,govinfosecurity.com,English,0.0,gdelt_gkg
PANW,2025-08-01,2 wonderful ASX growth shares Id buy in August,https://www.fool.com.au/2025/08/02/2-wonderful-asx-growth-shares-id-buy-in-august/,fool.com.au,English,0.0,gdelt_gkg
PANW,2025-08-01,"Stock Market Week Ahead : Caterpillar , Palantir And Black Hat Week",https://www.investors.com:443/stock-market-week-ahead-caterpillar-palantir-and-black-hat-week/,investors.com,English,0.0,gdelt_gkg
PANW,2025-08-01,"Stock Market Week Ahead : Caterpillar , Palantir And Black Hat Week",https://www.investors.com:443/research/investing-action-plan/stock-market-week-ahead-caterpillar-palantir-and-black-hat-week/,investors.com,English,0.0,gdelt_gkg
PANW,2025-08-17,Mark Zuckerberg Tops CEO Security Spending as Tech Leaders Face Rising Threats,https://techstory.in/mark-zuckerberg-tops-ceo-security-spending-as-tech-leaders-face-rising-threats/,techstory.in,English,0.0,gdelt_gkg
PANW,2025-08-17,"What To Expect in Markets This Week : Fed Chair Remarks , Home Sales , Walmart and Home Depot Earnings",https://www.investopedia.com/what-to-expect-in-markets-this-week-fed-chair-remarks-home-sales-walmart-and-home-depot-earnings-11791337,investopedia.com,English,0.0,gdelt_gkg
PANW,2025-08-17,11 Most Profitable Large Cap Stocks to Buy According to Analysts,https://www.insidermonkey.com/blog/11-most-profitable-large-cap-stocks-to-buy-according-to-analysts-1592289/,insidermonkey.com,English,0.0,gdelt_gkg
PANW,2025-08-17,השוק בטוח : לבנק ישראל יש החלטה קלה . ומי המניה שחוזרת בפער חיובי,https://www.globes.co.il/news/article.aspx?did=1001519057,globes.co.il,Hebrew,0.0,gdelt_gkg
PANW,2025-08-17,What To Expect From Palo Alto Networks ( PANW ) Q2 Earnings,https://markets.financialcontent.com/stocks/article/stockstory-2025-8-17-what-to-expect-from-palo-alto-networkss-panw-q2-earnings,markets.financialcontent.com,English,0.0,gdelt_gkg
PANW,2025-08-17,"Accenture to acquire CyberCX , strengthening Asia Pacific security",https://channellife.com.au/story/accenture-to-acquire-cybercx-strengthening-asia-pacific-security,channellife.com.au,English,0.0,gdelt_gkg
PANW,2025-08-17,Amber Kanwar Weekly Setup : Canadian inflation and big box retail earnings,https://www.theglobeandmail.com/investing/markets/inside-the-market/article-amber-kanwars-weekly-setup-canadian-inflation-big-box-retail-earnings/,theglobeandmail.com,English,0.0,gdelt_gkg
PANW,2025-08-17,اجتماع « جاكسون هول » وجهة المستثمرين لمراقبة قرارات « الفيدرالي » ,https://www.alkhabarkw.com/saudi/206176.html,alkhabarkw.com,Arabic,0.0,gdelt_gkg
PANW,2025-08-17,أنظار البنوك المركزية على « جاكسون هول » ومحضر الفيدرالي,https://www.albayan.ae/economy/business/world-economy/366518,albayan.ae,Arabic,0.0,gdelt_gkg
PANW,2025-08-17,Evercore Maintains Bullish Stance on Palo Alto ( PANW ) as Investors Look Past CyberArk Deal,https://finance.yahoo.com/news/evercore-maintains-bullish-stance-palo-211705687.html,finance.yahoo.com,English,0.0,gdelt_gkg
PANW,2025-08-18,"Meta shares fall on AI restructuring report , while Lilly shrugs off Novo Ozempic price move",https://www.cnbc.com/2025/08/18/meta-shares-fall-on-ai-restructuring-report-while-lilly-shrugs-off-novos-ozempic-price-move.html,cnbc.com,English,0.0,gdelt_gkg
PANW,2025-08-18,"Accenture to acquire CyberCX , strengthening Asia Pacific security",https://itbrief.co.nz/story/accenture-to-acquire-cybercx-strengthening-asia-pacific-security,itbrief.co.nz,English,0.0,gdelt_gkg
PANW,2025-08-18,אחרי שני עשורים : ניר צוק פורש מפאלו אלטו,https://www.globes.co.il/news/article.aspx?did=1001519305,globes.co.il,Hebrew,0.0,gdelt_gkg
PANW,2025-08-18,Stock Market Today : All quiet on the Wyoming front,https://biztoc.com/x/67790e0010fd30da,biztoc.com,English,0.0,gdelt_gkg
PANW,2025-08-18,Baystreet . ca - Housing Figures Head Economic Data,http://baystreet.ca/the_week_ahead/620/Housing-Figures-Head-Economic-Data,baystreet.ca,English,0.0,gdelt_gkg
PANW,2025-08-18,"4 Stocks to Watch on Monday : PANW , NIO , WULF , HAS",https://sherepricetarget.com/4-stocks-to-watch-on-monday-panw-nio-wulf-has/,sherepricetarget.com,English,0.0,gdelt_gkg
PANW,2025-08-18,Telecom Stocks To Watch Today – August 15th,https://www.themarketsdaily.com/2025/08/18/telecom-stocks-to-watch-today-august-15th.html,themarketsdaily.com,English,0.0,gdelt_gkg
PANW,2025-08-18,Weekly Stock Grader Analysis : Upgrades & Downgrades on Top Blue - Chip Stocks,https://investorplace.com/market360/2025/08/20250818-blue-chip-upgrades-downgrades/,investorplace.com,English,0.0,gdelt_gkg
PANW,2025-08-18,"Evercore is negative on CrowdStrike , and Palo Alto earnings preview",https://www.cnbc.com/2025/08/18/evercore-is-negative-on-crowdstrike-and-palo-alto-earnings-preview.html,cnbc.com,English,0.0,gdelt_gkg
PANW,2025-08-18,"Earnings Scheduled For August 18 , 2025 - Agora ( NASDAQ : API ), Adecoagro ( NYSE : AGRO ) ",https://www.benzinga.com/insights/earnings/25/08/47178029/earnings-scheduled-for-august-18-2025,benzinga.com,English,0.0,gdelt_gkg
PANW,2025-08-18,"Stock market today : Dow , S & P 500 , Nasdaq futures stall with Trump - Zelenskiy talks , Fed policy in focus",https://finance.yahoo.com/news/live/stock-market-today-dow-sp-500-nasdaq-futures-stall-with-trump-zelenskiy-talks-fed-policy-in-focus-105112822.html,finance.yahoo.com,English,0.0,gdelt_gkg
PANW,2025-08-18,What Deutsche Bank Upgrade Means for Palo Alto Networks ( PANW ) Investors,https://finance.yahoo.com/news/deutsche-bank-upgrade-means-palo-105722550.html,finance.yahoo.com,English,0.0,gdelt_gkg
PANW,2025-08-18,"Accenture to acquire CyberCX , strengthening Asia Pacific security",https://channellife.co.nz/story/accenture-to-acquire-cybercx-strengthening-asia-pacific-security,channellife.co.nz,English,0.0,gdelt_gkg
PANW,2025-08-18,"Stock market today : Dow , S & P 500 slip as Wall Street seeks clarity on Fed rate - cut path , Ukraine talks",https://finance.yahoo.com/news/live/stock-market-today-dow-sp-500-slip-as-wall-street-seeks-clarity-on-fed-rate-cut-path-ukraine-talks-200117403.html,finance.yahoo.com,English,0.0,gdelt_gkg
PANW,2025-08-18,Evercore Maintains Bullish Stance on Palo Alto ( PANW ) as Investors Look Past CyberArk Deal,https://www.insidermonkey.com/blog/evercore-maintains-bullish-stance-on-palo-alto-panw-as-investors-look-past-cyberark-deal-1592341/,insidermonkey.com,English,0.0,gdelt_gkg
PANW,2025-08-18,"Buy Palo Alto if it sees a post - earnings sell - off , according to CIO Landsberg",https://www.cnbc.com/2025/08/18/buy-palo-alto-if-it-sees-a-post-earnings-sell-off-according-to-cio-landsberg.html,cnbc.com,English,0.0,gdelt_gkg
PANW,2025-08-18,"Palo Alto Networks , Inc . Q4 Profit Decreases , But Beats Estimates",https://www.rttnews.com/3567025/palo-alto-networks-inc-q4-profit-decreases-but-beats-estimates.aspx,rttnews.com,English,0.0,gdelt_gkg
PANW,2025-08-18,"Palo Alto forecasts signal AI boost for cybersecurity tools , shares rise",https://www.marketscreener.com/news/palo-alto-s-forecasts-signals-ai-boost-for-cybersecurity-tools-ce7c51dcdd89f420,marketscreener.com,English,0.0,gdelt_gkg
PANW,2025-08-18,CyberArk Stock Is Rising After Hours : Here Why,https://biztoc.com/x/d4817338cbcb7c47,biztoc.com,English,0.0,gdelt_gkg
PANW,2025-08-18,Palo Alto Networks faces massive $25B deal amid pressure,https://rollingout.com/2025/08/18/palo-alto-networks-faces-massive-25b/,rollingout.com,English,0.0,gdelt_gkg
PANW,2025-08-18,CyberArk Stock Is Rising After Hours : Here Why - CyberArk Software ( NASDAQ : CYBR ) ,https://www.benzinga.com/trading-ideas/movers/25/08/47197673/cyberark-stock-is-rising-after-hours-heres-why,benzinga.com,English,0.0,gdelt_gkg
PANW,2025-08-18,טלטלה בענקית הסייבר  פאלו אלטו : המייסד ניר צוק פורש,https://www.maariv.co.il/economy/international/article-1225236,maariv.co.il,Hebrew,0.0,gdelt_gkg
PANW,2025-08-18,Palo Alto Networks Targets More Revenue Growth In Year Ahead,https://www.marketscreener.com/news/palo-alto-networks-targets-more-revenue-growth-in-year-ahead-ce7c51dcda80f322,marketscreener.com,English,0.0,gdelt_gkg
PANW,2025-08-18,"Palo Alto Networks Announces Retirement of Nir Zuk , Founder and CTO",https://www.itnewsonline.com/PRNewswire/Palo-Alto-Networks-Announces-Retirement-of-Nir-Zuk-Founder-and-CTO/1075781,itnewsonline.com,English,0.0,gdelt_gkg
PANW,2025-08-18,Palo Alto Networks Reports Fiscal Fourth Quarter and Fiscal Year 2025 Financial Results,https://www.prnewswire.com/news-releases/palo-alto-networks-reports-fiscal-fourth-quarter-and-fiscal-year-2025-financial-results-302532556.html,prnewswire.com,English,0.0,gdelt_gkg
PANW,2025-08-18,"Palo Alto Networks pops as results , guidance top estimates ; founder steps down ( PANW : NASDAQ ) ",https://seekingalpha.com/news/4486574-palo-alto-networks-pops-as-results-guidance-top-estimates-founder-steps-down,seekingalpha.com,English,0.0,gdelt_gkg
PANW,2025-08-19,Palo Alto Is a Cybersecurity Behemoth With Many Security Arrows in Its Quiver,https://www.morningstar.com/company-reports/1322212-palo-alto-is-a-cybersecurity-behemoth-with-many-security-arrows-in-its-quiver,morningstar.com,English,0.0,gdelt_gkg
PANW,2025-08-19,"Stock market today : Dow , S & P 500 , Nasdaq futures in holding pattern rush of retail earnings rush in view",https://finance.yahoo.com/news/live/stock-market-today-dow-sp-500-nasdaq-futures-in-holding-pattern-rush-of-retail-earnings-rush-in-view-231504767.html,finance.yahoo.com,English,0.0,gdelt_gkg
PANW,2025-08-19,North American Morning Briefing : Stock Futures Fall With Retail Earnings in Focus,https://www.marketscreener.com/news/north-american-morning-briefing-stock-futures-fall-with-retail-earnings-in-focus-ce7c51ddd98ef327,marketscreener.com,English,0.0,gdelt_gkg
PANW,2025-08-19,Palo Alto Networks Boosts Revenue with AI Cybersecurity Platforms and Major Enterprise Client Wins,https://infotechlead.com/security/palo-alto-networks-boosts-revenue-with-ai-cybersecurity-platforms-and-major-enterprise-client-wins-90744,infotechlead.com,English,0.0,gdelt_gkg
PANW,2025-08-19,אחרי שני עשורים : ניר צוק פורש מפאלו אלטו,https://www.mako.co.il/nexter-news/Article-c1c6b5dd4ceb891026.htm,mako.co.il,Hebrew,0.0,gdelt_gkg
PANW,2025-08-19,10 Best AI Software Stocks to Buy Now - Insider Monkey,https://www.insidermonkey.com/blog/10-best-ai-software-stocks-to-buy-now-1593128/,insidermonkey.com,English,0.0,gdelt_gkg
PANW,2025-08-19,Palo Alto Networks founder Nir Zuk steps down after more than 20 years,https://www.ynetnews.com/business/article/bj07wdbtel,ynetnews.com,English,0.0,gdelt_gkg
PANW,2025-08-19,"Palo Alto Networks Reports Strong AI - Powered Cybersecurity Growth , Shares Surge 5 %, ETTelecom",https://telecom.economictimes.indiatimes.com/news/internet/palo-alto-networks-reports-strong-ai-powered-cybersecurity-growth-shares-surge-5/123375762,telecom.economictimes.indiatimes.com,English,0.0,gdelt_gkg
PANW,2025-08-19,Nir Zuk leaves Palo Alto Networks after two decades,https://en.globes.co.il/en/article-nir-zuk-leaves-palo-alto-networks-after-two-decades-1001519307,en.globes.co.il,English,0.0,gdelt_gkg
PANW,2025-08-19,Palo Alto Networks Sales Rise 16 Percent,https://www.fool.com/data-news/2025/08/18/palo-alto-networks-sales-rise-16-percent/?source=iedfolrf0000001,fool.com,English,0.0,gdelt_gkg
PANW,2025-08-19,Nir Zuk retires as head of cybersecurity Palo Alto,http://www.jpost.com/business-and-innovation/article-864624,jpost.com,English,0.0,gdelt_gkg
PANW,2025-08-19,"Dow Jones Futures : Meta , Palantir Are Big Losers ; Palo Alto Jumps On Earnings",https://www.investors.com:443/market-trend/stock-market-today/dow-jones-sp500-nasdaq-meta-stock-palantir-palo-alto-panw/,investors.com,English,0.0,gdelt_gkg
PANW,2025-08-19,Tariffs Are Now  Immaterial  For Palo Alto Networks Following Its US Manufacturing Shift The  Only Pure - Play Cybersecurity Firm  To Do So - Palo Alto Networks ( NASDAQ : PANW ) ,https://www.benzinga.com/markets/earnings/25/08/47202633/tariffs-are-now-immaterial-for-palo-alto-networks-following-its-us-manufacturing-shift-the-only-pure-play-cybersecurity-firm-to-do-so,benzinga.com,English,0.0,gdelt_gkg
PANW,2025-08-19,Palo Alto Networks founder Nir Zuk retires following strong fourth quarter,https://siliconangle.com/2025/08/18/palo-alto-networks-founder-nir-zuk-retires-following-strong-fourth-quarter/,siliconangle.com,English,0.0,gdelt_gkg
PANW,2025-08-19,"Palo Alto forecasts signal AI boost for cybersecurity tools , shares rise",https://finance.yahoo.com/news/palo-altos-forecasts-signals-ai-211637282.html,finance.yahoo.com,English,0.0,gdelt_gkg
PANW,2025-08-19,Palo Alto beat and raise proves CyberArk deal was announced from strength,https://www.cnbc.com/2025/08/18/palo-alto-beat-and-raise-proves-cyberark-deal-was-announced-from-strength.html,cnbc.com,English,0.0,gdelt_gkg
PANW,2025-08-19,"Palo Alto forecasts signal AI boost for cybersecurity tools , shares rise",https://www.thestar.com.my/tech/tech-news/2025/08/19/palo-alto039s-forecasts-signals-ai-boost-for-cybersecurity-tools,thestar.com.my,English,0.0,gdelt_gkg
PANW,2025-08-19,"Morning Bid : Caution on Ukraine , eyes on Jackson Hole",https://finance.yahoo.com/news/morning-bid-caution-ukraine-eyes-103823582.html,finance.yahoo.com,English,0.0,gdelt_gkg
PANW,2025-08-19,"Stocks Moving Premarket : VKTX , FLXS , PPCB , SNGX And Other Gainers & Losers",https://www.rttnews.com/story.aspx?Id=3567285,rttnews.com,English,0.0,gdelt_gkg
PANW,2025-08-19,Why Palo Alto Shares Are Trading Higher By Around 7 %; Here Are 20 Stocks Moving Premarket,https://biztoc.com/x/6ac99f257b327f20,biztoc.com,English,0.0,gdelt_gkg
PANW,2025-08-19,The global leader in cybersecurity at a crossroads,https://www.marketscreener.com/news/the-global-leader-in-cybersecurity-at-a-crossroads-ce7c51dddb8af622,marketscreener.com,English,0.0,gdelt_gkg
PANW,2025-08-19,Wall Street hovers near records as markets take in earnings ahead of Powell speech Friday,https://www.news-gazette.com/news/nation-world/wall-street-hovers-near-records-as-markets-take-in-earnings-ahead-of-powell-speech-friday/article_c0361cf7-3732-5bcd-b6fa-1d17509ca07d.html,news-gazette.com,English,0.0,gdelt_gkg
PANW,2025-08-19,Wall Street hovers near records ahead of Powell speech Friday,https://www.reporterherald.com/2025/08/19/stock-market-earnings-powell-impact/,reporterherald.com,English,0.0,gdelt_gkg
PANW,2025-08-19,"Gold has crushed stocks , bonds and even bitcoin in 2025 . This banking giant just got more bullish . ",https://www.morningstar.com/news/marketwatch/2025081931/gold-has-crushed-stocks-bonds-and-even-bitcoin-in-2025-this-banking-giant-just-got-more-bullish,morningstar.com,English,0.0,gdelt_gkg
PANW,2025-08-19,Markets today : Wall Street remains stuck in a summer lull,https://www.cp24.com/news/money/2025/08/19/stocks-hold-steady-on-wall-street-close-to-records/,cp24.com,English,0.0,gdelt_gkg
PANW,2025-08-19,"Earnings live : Palo Alto Networks stock pops , with retail bellwethers Walmart , Target on deck",https://finance.yahoo.com/news/live/earnings-live-palo-alto-networks-stock-pops-with-retail-bellwethers-walmart-target-on-deck-203137429.html,finance.yahoo.com,English,0.0,gdelt_gkg
PANW,2025-08-19,"Palantir , Nvidia and other AI stars dim as Wall Street falls further from its records",https://www.wgauradio.com/news/palantir-nvidia/PU3PNGPN4VAEDFOS7TW4PRFYUY/,wgauradio.com,English,0.0,gdelt_gkg
PANW,2025-08-19,"Palantir , Nvidia and other AI stars dim as Wall Street falls further from its records",https://www.nvdaily.com/associated_press_national/palantir-nvidia-and-other-ai-stars-dim-as-wall-street-falls-further-from-its-records/article_74209921-bada-5698-b882-dd23e3c2a4c8.html,nvdaily.com,English,0.0,gdelt_gkg
PANW,2025-08-19,Palo Alto Networks Stock Is Trading Higher Tuesday : What Fueling The Momentum ? ,https://biztoc.com/x/651e422efc79458f,biztoc.com,English,0.0,gdelt_gkg
PANW,2025-08-19,Home Depot climbs as most of Wall Street remains stuck in a summer lull,https://www.journal-news.com/news/nation-world/home-depot-climbs-as-most-of-wall-street-remains-stuck-in-a-summer-lull/QBT5U2UXHVIJRDBUFVCQRA4YRI/,journal-news.com,English,0.0,gdelt_gkg
PANW,2025-08-19,"Palantir , Nvidia and other AI stars dim as Wall Street pulls further from its records",https://www.journal-news.com/news/nation-world/palantir-nvidia-and-other-ai-stars-dim-as-wall-street-pulls-further-from-its-records/LX47GFL7DJOA3P7ERXXWZ7MYUY/,journal-news.com,English,0.0,gdelt_gkg
PANW,2025-08-19,Home Depot leads Dow higher as Wall Street holds steady in summer lull,https://fortune.com/2025/08/19/home-depot-stocks-markets-dow-sp-nasdaq/,fortune.com,English,0.0,gdelt_gkg
PANW,2025-08-19,"Palantir , Nvidia and other AI stars dim as Wall Street pulls further from its records",https://www.rockymounttelegram.com/news/national/palantir-nvidia-and-other-ai-stars-dim-as-wall-street-pulls-further-from-its-records/article_af53b2b5-874c-5287-b18e-fa16d52c5ba9.html,rockymounttelegram.com,English,0.0,gdelt_gkg
PANW,2025-08-19,Nvidia - Led Tech Slide Cracks Summer Calm in Stocks : Markets Wrap,https://www.swissinfo.ch/eng/nvidia-led-tech-slide-cracks-summer-calm-in-stocks:-markets-wrap/89856141,swissinfo.ch,English,0.0,gdelt_gkg
PANW,2025-08-19,"Wall Street falls further from its records as Nvidia , Palantir and other AI stars dim",https://www.2news.com/news/national/wall-street-falls-further-from-its-records-as-nvidia-palantir-and-other-ai-stars-dim/article_914be5cd-010e-5030-9a1a-148ce9c240dc.html,2news.com,English,0.0,gdelt_gkg
PANW,2025-08-19,"Tech Stocks Drop , Palantir Plunges 8 %: Markets Today - Palantir Technologies ( NASDAQ : PLTR ) ",https://www.benzinga.com/markets/equities/25/08/47217053/markets-today-wall-street-tuesday-palantir-tech-stocks-bitcoin-ethereum-intel-viking-therapeutics-palo-alto,benzinga.com,English,0.0,gdelt_gkg
PANW,2025-08-19,Nasdaq tumbles as Jackson Hole jitters hit tech stocks,https://www.nbcnews.com/business/markets/nasdaq-tumbles-jackson-hole-jitters-hit-tech-stocks-rcna225890,nbcnews.com,English,0.0,gdelt_gkg
PANW,2025-08-19,Palo Alto Networks Soars on Strong Earnings and Optimistic Outlook,https://markets.financialcontent.com/stocks/article/marketminute-2025-8-19-palo-alto-networks-soars-on-strong-earnings-and-optimistic-outlook,markets.financialcontent.com,English,0.0,gdelt_gkg
PANW,2025-08-19,"Stocks making the biggest moves midday : HD , INTC , VKTX , NVDA",https://www.cnbc.com/2025/08/19/stocks-making-the-biggest-moves-midday-hd-intc-vktx-nvda.html,cnbc.com,English,0.0,gdelt_gkg
PANW,2025-08-19,"Palantir , Nvidia and other AI stars dim on Wall Street",https://www.trentonian.com/2025/08/19/stock-market-earnings-powell-impact/,trentonian.com,English,0.0,gdelt_gkg
PANW,2025-08-19,Apple Stock Is Trending Tuesday : What Going On ? - Apple ( NASDAQ : AAPL ) ,https://www.benzinga.com/trading-ideas/movers/25/08/47215329/apple-stock-is-trending-tuesday-whats-going-on,benzinga.com,English,0.0,gdelt_gkg
PANW,2025-08-19,Stocks hold steady on Wall Street close to records,https://www.journal-news.com/news/nation-world/stocks-hold-steady-on-wall-street-close-to-records/GRRJ32I2KVMWHE7S4AIEQGDJPA/,journal-news.com,English,0.0,gdelt_gkg
PANW,2025-08-19,Nasdaq tumbles as Jackson Hole jitters hit tech stocks,https://www.livemint.com/market/stock-market-news/nasdaq-tumbles-as-jackson-hole-jitters-hit-tech-stocks-11755636376796.html,livemint.com,English,0.0,gdelt_gkg
PANW,2025-08-19,"Wall Street falls further from its records as Nvidia , Palantir and other AI stars dim",https://www.idahostatejournal.com/news/national/wall-street-falls-further-from-its-records-as-nvidia-palantir-and-other-ai-stars-dim/article_66da2399-820a-50f1-928b-5b1eadd2753f.html,idahostatejournal.com,English,0.0,gdelt_gkg
PANW,2025-08-19,What Going On With Palo Alto Networks Stock Tuesday ? - Palo Alto Networks ( NASDAQ : PANW ) ,https://www.benzinga.com/analyst-stock-ratings/reiteration/25/08/47219340/palo-alto-stock-pops-as-analysts-say-strong-growth-cyberark-deal-could-power-next-leg-higher,benzinga.com,English,0.0,gdelt_gkg
PANW,2025-08-19,Why Palo Alto Networks Stock Is Soaring Today,https://www.fool.com/investing/2025/08/19/why-palo-alto-networks-stock-is-soaring-today/?source=iedfolrf0000001,fool.com,English,0.0,gdelt_gkg
PANW,2025-08-19,"Palantir , Nvidia and other AI stars dim on Wall Street",https://www.mcall.com/2025/08/19/stock-market-earnings-powell-impact/,mcall.com,English,0.0,gdelt_gkg
PANW,2025-08-19,"Wall Street falls further from its records as Nvidia , Palantir and other AI stars dim",https://www.latimes.com/business/story/2025-08-19/wall-street-falls-further-from-its-records-as-nvidia-palantir-and-other-ai-stars-dim,latimes.com,English,0.0,gdelt_gkg
PANW,2025-08-19,Wall Street hovers near records ahead of Powell speech Friday,https://www.readingeagle.com/2025/08/19/stock-market-earnings-powell-impact/,readingeagle.com,English,0.0,gdelt_gkg
PANW,2025-08-19,Tech Down on Flight From AI Niche -- Tech Roundup,https://www.marketscreener.com/news/tech-down-on-flight-from-ai-niche-tech-roundup-ce7c51ddde8df024,marketscreener.com,English,0.0,gdelt_gkg
PANW,2025-08-19,"Tech stocks drag Nasdaq , S & P lower ahead of Fed meeting | Honolulu Star - Advertiser",https://www.staradvertiser.com/2025/08/19/breaking-news/tech-stocks-drag-nasdaq-sp-lower-ahead-of-feds-meeting/,staradvertiser.com,English,0.0,gdelt_gkg
PANW,2025-08-19,"Palantir , Nvidia and other AI stars dim as Wall Street falls further from its records",https://www.goskagit.com/news/nation/palantir-nvidia-and-other-ai-stars-dim-as-wall-street-falls-further-from-its-records/article_9fe67b62-597d-5411-816c-a480454738b8.html,goskagit.com,English,0.0,gdelt_gkg
PANW,2025-08-19,Palo Alto Networks ( NASDAQ : PANW ) Rating Increased to Buy at Bank of America,https://www.themarketsdaily.com/2025/08/19/palo-alto-networks-nasdaqpanw-rating-increased-to-buy-at-bank-of-america.html,themarketsdaily.com,English,0.0,gdelt_gkg
PANW,2025-08-19,"Wall Street falls further from its records as Nvidia , Palantir and other AI stars dim",https://www.fitzhugh.ca/national-business/wall-street-falls-further-from-its-records-as-nvidia-palantir-and-other-ai-stars-dim-11095016,fitzhugh.ca,English,0.0,gdelt_gkg
PANW,2025-08-20,"Wall Street falls further from its records as Nvidia , Palantir and other AI stars dim",https://www.springfieldnewssun.com/news/nation-world/wall-street-falls-further-from-its-records-as-nvidia-palantir-and-other-ai-stars-dim/ODIJ735ACRI2HIX2PQTVAKCCVI/,springfieldnewssun.com,English,0.0,gdelt_gkg
PANW,2025-08-20,"Meta spent $27 million protecting Mark Zuckerberg last year , more than any other CEO",https://finance.yahoo.com/news/meta-spent-27-million-protecting-193740984.html,finance.yahoo.com,English,0.0,gdelt_gkg
PANW,2025-08-20,"Wall Street retreats from its records | News , Sports , Jobs",https://www.ironmountaindailynews.com/news/business/2025/08/wall-street-retreats-from-its-records/,ironmountaindailynews.com,English,0.0,gdelt_gkg
PANW,2025-08-20,"Wall Street falls further from its records as Nvidia , Palantir and other AI stars dim | News , Sports , Jobs",https://www.nujournal.com/news/national-news-apwire/2025/08/20/wall-street-falls-further-from-its-records-as-nvidia-palantir-and-other-ai-stars-dim/,nujournal.com,English,0.0,gdelt_gkg
PANW,2025-08-20,"Muted Monday , eyes on Trump summitry",https://finance.yahoo.com/news/trading-day-muted-monday-eyes-210213290.html,finance.yahoo.com,English,0.0,gdelt_gkg
PANW,2025-08-20,ViewQwest Powers Next Stage of Enterprise Growth with Appointment of Chief Growth Officer,https://portal.sina.com.hk/finance/finance-prnewswire/prnasia/2025/08/20/1273648/viewqwest-powers-next-stage-of-enterprise-growth-with-appointment-of-chief-growth-officer/,portal.sina.com.hk,English,0.0,gdelt_gkg
PANW,2025-08-20,Nasdaq tumbles as Jackson Hole jitters hit tech stocks,https://www.thestar.com.my/business/2025/08/20/nasdaq-tumbles-as-jackson-hole-jitters-hit-tech-stocks,thestar.com.my,English,0.0,gdelt_gkg
PANW,2025-08-20,Stocks hit and bonds bid in risk - off trade - Newsquawk US Market Wrap,https://www.zerohedge.com/markets/stocks-hit-and-bonds-bid-risk-trade-newsquawk-us-market-wrap,zerohedge.com,English,0.0,gdelt_gkg
PANW,2025-08-20,Wall Street dips as AI stocks stumble | New Orleans CityBusiness,https://neworleanscitybusiness.com/blog/2025/08/19/wall-street-ai-stocks-nvidia-palantir-drop/,neworleanscitybusiness.com,English,0.0,gdelt_gkg
PANW,2025-08-20,"Wall Street falls further from its records as Nvidia , Palantir and several other AI stars dim | News , Sports , Jobs",https://www.timesleaderonline.com/news/business/2025/08/wall-street-falls-further-from-its-records-as-nvidia-palantir-and-several-other-ai-stars-dim/,timesleaderonline.com,English,0.0,gdelt_gkg
PANW,2025-08-20,ViewQwest Powers Next Stage of Enterprise Growth with Appointment of Chief Growth Officer,http://www.bangladeshsun.com/news/278521397/viewqwest-powers-next-stage-of-enterprise-growth-with-appointment-of-chief-growth-officer,bangladeshsun.com,English,0.0,gdelt_gkg
PANW,2025-08-20,ViewQwest Powers Next Stage of Enterprise Growth with Appointment of Chief Growth Officer,http://www.asiabulletin.com/news/278521447/viewqwest-powers-next-stage-of-enterprise-growth-with-appointment-of-chief-growth-officer,asiabulletin.com,English,0.0,gdelt_gkg
PANW,2025-08-20,Cloud Security Market to Grow at a CAGR of 18 . 6 % from 2025 to 2032 | SkyQuest Technology Consulting,https://www.prnewswire.com/news-releases/cloud-security-market-to-grow-at-a-cagr-of-18-6-from-2025-to-2032--skyquest-technology-consulting-302534334.html,prnewswire.com,English,0.0,gdelt_gkg
PANW,2025-08-20,Student Loans Company slammed for public contract with IDF - linked firm,https://www.thenational.scot/news/25402673.student-loans-company-slammed-public-contract-idf-linked-firm/,thenational.scot,English,0.0,gdelt_gkg
PANW,2025-08-20,ViewQwest Powers Next Stage of Enterprise Growth with Appointment of Chief Growth Officer,http://www.malaysiasun.com/news/278521447/viewqwest-powers-next-stage-of-enterprise-growth-with-appointment-of-chief-growth-officer,malaysiasun.com,English,0.0,gdelt_gkg
PANW,2025-08-20,"Wall Street fades as Nvidia , Palantir , other AI stars dim | Jefferson City News Tribune",https://www.newstribune.com/news/2025/aug/20/wall-street-fades-as-nvidia-palantir-other-ai/,newstribune.com,English,0.0,gdelt_gkg
PANW,2025-08-20,ViewQwest Powers Next Stage of Enterprise Growth with Appointment of Chief Growth Officer,http://www.cambodiantimes.com/news/278521397/viewqwest-powers-next-stage-of-enterprise-growth-with-appointment-of-chief-growth-officer,cambodiantimes.com,English,0.0,gdelt_gkg
PANW,2025-08-20,"Wall Street falls further from its records as Nvidia , Palantir and other AI stars dim",https://www.decaturdaily.com/business/wall-street-falls-further-from-its-records-as-nvidia-palantir-and-other-ai-stars-dim/article_3e3f14e9-a0fd-45ad-b8fc-9f4d5210bb36.html,decaturdaily.com,English,0.0,gdelt_gkg
PANW,2025-08-20,ViewQwest Powers Next Stage of Enterprise Growth with Appointment of Chief Growth Officer,https://www.manilatimes.net/2025/08/20/tmt-newswire/pr-newswire/viewqwest-powers-next-stage-of-enterprise-growth-with-appointment-of-chief-growth-officer/2170783,manilatimes.net,English,0.0,gdelt_gkg
PANW,2025-08-20,"Wall Street falls further from its records as Nvidia , Palantir and other AI stars dim",https://www.springfieldnewssun.com/news/nation-world/wall-street-falls-further-from-its-records-as-nvidia-palantir-and-other-ai-stars-dim/5JZJZRW44NJ4ZEPJJEHXCW7ZPM/,springfieldnewssun.com,English,0.0,gdelt_gkg
PANW,2025-08-20,ViewQwest Powers Next Stage of Enterprise Growth with Appointment of Chief Growth Officer,http://www.heraldglobe.com/news/278521397/viewqwest-powers-next-stage-of-enterprise-growth-with-appointment-of-chief-growth-officer,heraldglobe.com,English,0.0,gdelt_gkg
PANW,2025-08-20,ViewQwest Powers Next Stage of Enterprise Growth with Appointment of Chief Growth Officer,http://www.laosnews.net/news/278521397/viewqwest-powers-next-stage-of-enterprise-growth-with-appointment-of-chief-growth-officer,laosnews.net,English,0.0,gdelt_gkg
PANW,2025-08-20,"Dow Gains 10 , Nasdaq Falls 315 , S & P 500 Loses 38",https://tvnewscheck.com/business/article/dow-gains-10-nasdaq-falls-315-sp-500-loses-38/,tvnewscheck.com,English,0.0,gdelt_gkg
PANW,2025-08-20,"Palantir , Nvidia and other AI stars dim on Wall Street",https://www.dailylocal.com/2025/08/19/stock-market-earnings-powell-impact/,dailylocal.com,English,0.0,gdelt_gkg
PANW,2025-08-20,Cybersecurity Stocks To Consider – August 19th,https://www.tickerreport.com/banking-finance/13113031/cybersecurity-stocks-to-consider-august-19th.html,tickerreport.com,English,0.0,gdelt_gkg
PANW,2025-08-20,Cybersecurity Stocks To Consider – August 19th,https://www.dailypolitical.com/2025/08/20/cybersecurity-stocks-to-consider-august-19th.html,dailypolitical.com,English,0.0,gdelt_gkg
PANW,2025-08-20,"Candriam S . C . A . Has $135 . 78 Million Stock Position in Palo Alto Networks , Inc . $PANW",https://www.dailypolitical.com/2025/08/20/candriam-s-c-a-has-135-78-million-stock-position-in-palo-alto-networks-inc-panw.html,dailypolitical.com,English,0.0,gdelt_gkg
PANW,2025-08-20,"Market rotation winners and losers plus , quantum computing news from one of our industrials",https://www.cnbc.com/2025/08/20/market-rotation-winners-and-losers-plus-quantum-computing-news-from-one-of-our-industrials.html,cnbc.com,English,0.0,gdelt_gkg
PANW,2025-08-20,Healthcare Stocks To Follow Today – August 19th,https://www.tickerreport.com/banking-finance/13112920/healthcare-stocks-to-follow-today-august-19th.html,tickerreport.com,English,0.0,gdelt_gkg
PANW,2025-08-20,"Wall Street falls further from its records as Nvidia , Palantir and other AI stars dim",https://www.journal-news.com/news/nation-world/wall-street-falls-further-from-its-records-as-nvidia-palantir-and-other-ai-stars-dim/ODIJ735ACRI2HIX2PQTVAKCCVI/,journal-news.com,English,0.0,gdelt_gkg
PANW,2025-08-20,Cloud Security Market to Grow at a CAGR of 18 . 6 % from 2025 to 2032 | SkyQuest Technology Consulting,https://www.finanznachrichten.de/nachrichten-2025-08/66228291-cloud-security-market-to-grow-at-a-cagr-of-18-6-from-2025-to-2032-skyquest-technology-consulting-008.htm,finanznachrichten.de,English,0.0,gdelt_gkg
PANW,2025-08-20,Why the NFL drafted Microsoft gen AI for the league next big play,https://fortune.com/2025/08/20/why-the-nfl-drafted-microsofts-gen-ai-for-the-leagues-next-big-play/,fortune.com,English,0.0,gdelt_gkg
PANW,2025-08-20,Wall Street falls further from its records as AI stars dim,https://www.messenger-inquirer.com/news/wall-street-falls-further-from-its-records-as-ai-stars-dim/article_83cd4a56-4c71-5b14-9a90-e0ad26f30cce.html,messenger-inquirer.com,English,0.0,gdelt_gkg
PANW,2025-08-20,Best Telecom Stocks To Consider – August 19th,https://www.themarketsdaily.com/2025/08/20/best-telecom-stocks-to-consider-august-19th.html,themarketsdaily.com,English,0.0,gdelt_gkg
PANW,2025-08-20,Nasdaq tumbles as Jackson Hole jitters hit tech stocks,https://en.apa.az/bourse/nasdaq-tumbles-as-jackson-hole-jitters-hit-tech-stocks-475495,en.apa.az,English,0.0,gdelt_gkg
PANW,2025-08-20,Palo Alto Networks ( PANW ) Rating Reaffirmed : Cantor Fitzgerald Sees $223 Target Ahead of Earnings,https://finance.yahoo.com/news/palo-alto-networks-panw-rating-165306544.html,finance.yahoo.com,English,0.0,gdelt_gkg
PANW,2025-08-20,"Palo Alto upgraded , Li Auto downgraded : Wall Street top analyst calls",https://finance.yahoo.com/news/palo-alto-upgraded-li-auto-133255280.html,finance.yahoo.com,English,0.0,gdelt_gkg
PANW,2025-08-20,Stocks Pressured by Weakness in Tech,https://finance.yahoo.com/news/stocks-pressured-weakness-tech-151803928.html,finance.yahoo.com,English,0.0,gdelt_gkg
PANW,2025-08-20,"Stock Index Futures Muted as Focus Turns to Retail Earnings , U . S . Housing Data Awaited",https://finance.yahoo.com/news/stock-index-futures-muted-focus-101027089.html,finance.yahoo.com,English,0.0,gdelt_gkg
PANW,2025-08-20,Dealmaker Digest : A Top 10 Bulletin - August 2025 | Ropes & Gray LLP,https://www.jdsupra.com/legalnews/dealmaker-s-digest-a-top-10-bulletin-3718782/,jdsupra.com,English,0.0,gdelt_gkg
PANW,2025-08-20,ネットワークセキュリティ市場インテリジェンスレポート 2025～2032,https://japan.cnet.com/release/31109101/,japan.cnet.com,Japanese,0.0,gdelt_gkg
PANW,2025-08-20,"Tech selloff drags Nasdaq , S & P 500 lower as investors await Powell Jackson Hole speech - Market News",https://www.financialexpress.com/market/tech-selloff-drags-nasdaq-sampp-500-lower-as-investors-await-powells-jackson-hole-speech-3951747/,financialexpress.com,English,0.0,gdelt_gkg
PANW,2025-08-20,"Indian stock market : 10 key things that changed for market overnight - Gift Nifty , China LPR to India - China ties",https://www.livemint.com/market/stock-market-news/indian-stock-market-10-key-things-that-changed-for-market-overnight-gift-nifty-china-lpr-to-india-china-ties-11755622836425.html,livemint.com,English,0.0,gdelt_gkg
PANW,2025-08-20,S & P 500 Gains and Losses Today : Palantir Stock Plunges ; Intel Rallies on Softbank Support,https://www.investopedia.com/s-and-p-500-gains-and-losses-today-palantir-stock-plunges-intel-rallies-on-softbank-support-11793799,investopedia.com,English,0.0,gdelt_gkg
PANW,2025-08-20,"Palantir , Nvidia and other AI stars dim on Wall Street",https://www.canoncitydailyrecord.com/2025/08/19/stock-market-earnings-powell-impact/,canoncitydailyrecord.com,English,0.0,gdelt_gkg
PANW,2025-08-21,Abstract Security Launches PAINT Program to Accelerate Channel Growth Through Strategic Partnerships,https://www.prnewswire.com/news-releases/abstract-security-launches-paint-program-to-accelerate-channel-growth-through-strategic-partnerships-302535402.html,prnewswire.com,English,0.0,gdelt_gkg
PANW,2025-08-21,"Connor Clark & Lunn Investment Management Ltd . Buys New Shares in Palo Alto Networks , Inc . $PANW",https://www.etfdailynews.com/2025/08/21/connor-clark-lunn-investment-management-ltd-buys-new-shares-in-palo-alto-networks-inc-panw/,etfdailynews.com,English,0.0,gdelt_gkg
PANW,2025-08-21,Proof Not Promises : Cloud NGFW is the Leader,https://www.bankinfosecurity.com/whitepapers/proof-promises-cloud-ngfw-leader-w-15248,bankinfosecurity.com,English,0.0,gdelt_gkg
PANW,2025-08-21,Cantor Fitzgerald Reiterates a Buy Rating on Palo Alto Networks ( PANW ) With a $223 PT,https://www.insidermonkey.com/blog/cantor-fitzgerald-reiterates-a-buy-rating-on-palo-alto-networks-panw-with-a-223-pt-1594172/,insidermonkey.com,English,0.0,gdelt_gkg
PANW,2025-08-21,"Earnings live : Walmart stock under pressure after earnings miss , Target slides",https://finance.yahoo.com/news/live/earnings-live-walmart-stock-under-pressure-after-earnings-miss-target-slides-120535601.html,finance.yahoo.com,English,0.0,gdelt_gkg
PANW,2025-08-21,"CW Advisors LLC Has $20 . 03 Million Stock Position in Palo Alto Networks , Inc . $PANW",https://www.dailypolitical.com/2025/08/21/cw-advisors-llc-has-20-03-million-stock-position-in-palo-alto-networks-inc-panw.html,dailypolitical.com,English,0.0,gdelt_gkg
PANW,2025-08-21,14 Best IT Stocks to Buy for the Long Term,https://www.insidermonkey.com/blog/14-best-it-stocks-to-buy-for-the-long-term-1594922/,insidermonkey.com,English,0.0,gdelt_gkg
PANW,2025-08-21,2 Artificial Intelligence ( AI ) Powered Cybersecurity Stocks to Buy Now and 1 to Sell,https://www.fool.com/investing/2025/08/21/2-artificial-intelligence-ai-powered-cybersecurity/?source=iedfolrf0000001,fool.com,English,0.0,gdelt_gkg
PANW,2025-08-21,Stocks Mostly Lower as Chip Makers and Megacap Tech Companies Retreat,https://finance.yahoo.com/news/stocks-mostly-lower-chip-makers-203513647.html,finance.yahoo.com,English,0.0,gdelt_gkg
PANW,2025-08-22,"3 Technology Stocks To Consider Buying On The Dip - Advanced Micro Devices ( NASDAQ : AMD ), Amazon . com ( NASDAQ : AMZN ) ",https://www.benzinga.com/trading-ideas/movers/25/08/47289979/3-technology-stocks-to-consider-buying-on-the-dip,benzinga.com,English,0.0,gdelt_gkg
PANW,2025-08-22,"בדרבי המנעולנים בין יריב לוין לאוצר – המפסידים הגדולים הם קרעי , רגב וקיש",https://www.ynet.co.il/economy/article/skokxi4kex,ynet.co.il,Hebrew,0.0,gdelt_gkg
PANW,2025-08-22,Who will be the next trillion - dollar giant ? ( part 2 ) ,https://www.marketscreener.com/news/who-will-be-the-next-trillion-dollar-giant-part-2-ce7c50dadf80f521,marketscreener.com,English,0.0,gdelt_gkg
PANW,2025-08-22,Weekly market update : The moment of truth for Nvidia,https://www.marketscreener.com/news/weekly-market-update-the-moment-of-truth-for-nvidia-ce7c50dbdb8bf421,marketscreener.com,English,0.0,gdelt_gkg
PANW,2025-08-22,Runtime Application Self - Protection Market to Reach USD,https://www.globenewswire.com/news-release/2025/08/22/3137884/0/en/Runtime-Application-Self-Protection-Market-to-Reach-USD-13-96-Billion-by-2032-Driven-by-Cloud-ML-and-Healthcare-Adoption-Report-by-SNS-Insider.html,globenewswire.com,English,0.0,gdelt_gkg
PANW,2025-08-22,"Cohesity Catalyst 1 to Bring Together Cyber Resilience Experts , Celebrity Guest Appearance by Andre Agassi",https://www.itnewsonline.com/PRNewswire/Cohesity-Catalyst-1-to-Bring-Together-Cyber-Resilience-Experts-Celebrity-Guest-Appearance-by-Andre-Agassi/1076750,itnewsonline.com,English,0.0,gdelt_gkg
PANW,2025-08-22,Weekly market update : The moment of truth for Nvidia,https://www.marketscreener.com/news/weekly-market-update-the-moment-of-truth-for-nvidia-ce7c50dbdb8bf320,marketscreener.com,English,0.0,gdelt_gkg
PANW,2025-08-22,Palo Alto Networks to Present at Upcoming Investor Event,https://www.marketscreener.com/news/palo-alto-networks-to-present-at-upcoming-investor-event-ce7c50dad18ff622,marketscreener.com,English,0.0,gdelt_gkg
PANW,2025-08-22,"Netskope IPO Filing Reveals Surging Sales , Improved Losses",https://www.bankinfosecurity.com/netskopes-ipo-filing-reveals-surging-sales-improved-losses-a-29278,bankinfosecurity.com,English,0.0,gdelt_gkg
PANW,2025-08-23,Dave Vellante Breaking Analysis : The complete collection,https://siliconangle.com/2025/08/22/dave-vellantes-breaking-analysis-complete-collection/,siliconangle.com,English,0.0,gdelt_gkg
PANW,2025-08-24,הדור החדש של הסייבר הישראלי,https://www.globes.co.il/news/article.aspx?did=1001519686,globes.co.il,Hebrew,0.0,gdelt_gkg
PANW,2025-08-24,"Truist Securities Raises PT on Palo Alto Networks , Inc . ( PANW ) Following Strong Fiscal Q4 2025 Results",https://finance.yahoo.com/news/truist-securities-raises-pt-palo-073146136.html,finance.yahoo.com,English,0.0,gdelt_gkg
PANW,2025-08-24,"Enterprise Financial Services Corp Acquires 115 Shares of Palo Alto Networks , Inc . $PANW",https://www.tickerreport.com/banking-finance/13119022/enterprise-financial-services-corp-acquires-115-shares-of-palo-alto-networks-inc-panw.html,tickerreport.com,English,0.0,gdelt_gkg
PANW,2025-08-24,Here are the 3 big things were watching in the stock market in the week ahead,https://www.cnbc.com/2025/08/24/here-are-the-3-big-things-were-watching-in-the-stock-market-in-the-week-ahead.html,cnbc.com,English,0.0,gdelt_gkg
PANW,2025-08-24,Best Energy Stocks To Consider – August 23rd,https://www.dailypolitical.com/2025/08/24/best-energy-stocks-to-consider-august-23rd.html,dailypolitical.com,English,0.0,gdelt_gkg
PANW,2025-08-24,Jim Cramer Monday playbook after the stock market Fed - driven rip higher,https://www.cnbc.com/2025/08/24/jim-cramer-monday-playbook-after-the-stock-market-fed-driven-rip-higher.html,cnbc.com,English,0.0,gdelt_gkg
PANW,2025-08-24,Cybersecurity Stocks To Keep An Eye On – August 23rd,https://www.dailypolitical.com/2025/08/24/cybersecurity-stocks-to-keep-an-eye-on-august-23rd.html,dailypolitical.com,English,0.0,gdelt_gkg
PANW,2025-08-25,UW - Stout : Top 25 in the US : cybersecurity program listedamong nation best,https://www.wispolitics.com/2025/uw-stout-top-25-in-the-us-cybersecurity-program-listedamong-nations-best/,wispolitics.com,English,0.0,gdelt_gkg
PANW,2025-08-25,"Cramer says Big Tech move Friday was all wrong , and this cyber stock is a buy",https://www.cnbc.com/2025/08/25/cramer-says-big-techs-move-friday-was-all-wrong-and-this-cyber-stock-is-a-buy.html,cnbc.com,English,0.0,gdelt_gkg
PANW,2025-08-25,"Palo Alto Networks , Inc . $PANW Shares Acquired by NCM Capital Management LLC",https://www.dailypolitical.com/2025/08/25/palo-alto-networks-inc-panw-shares-acquired-by-ncm-capital-management-llc.html,dailypolitical.com,English,0.0,gdelt_gkg
PANW,2025-08-25,The 5 Most Interesting Analyst Questions From Palo Alto Networks Q2 Earnings Call,https://markets.financialcontent.com/stocks/article/stockstory-2025-8-25-the-5-most-interesting-analyst-questions-from-palo-alto-networkss-q2-earnings-call,markets.financialcontent.com,English,0.0,gdelt_gkg
PANW,2025-08-25,"Multi - Cloud Is a Security Problem , Not Just a Strategy",https://www.informationweek.com:443/it-infrastructure/multi-cloud-is-a-security-problem-not-just-a-strategy,informationweek.com,English,0.0,gdelt_gkg
PANW,2025-08-25,Were buying more of this falling tech stock fresh off its strong quarter,https://www.cnbc.com/2025/08/25/were-buying-more-of-this-falling-tech-stock-fresh-off-its-strong-quarter.html,cnbc.com,English,0.0,gdelt_gkg
PANW,2025-08-25,"Cybersecurity Stocks : CrowdStrike Stock Price Target Cut , Verint Acquired",https://www.investors.com/news/technology/crowdstrike-stock-price-target-cut-verint-acquired-netskope-ipo/,investors.com,English,0.0,gdelt_gkg
PANW,2025-08-25,5 trades I just made in my ISA and SIPP,https://www.fool.co.uk/2025/08/25/5-trades-i-just-made-in-my-isa-and-sipp/,fool.co.uk,English,0.0,gdelt_gkg
PANW,2025-08-26,CrowdStrike Q2 Earnings Ahead : Will Investors Like Nancy Pelosi And Marjorie Taylor Greene Tune In ? - CrowdStrike Holdings ( NASDAQ : CRWD ) ,https://www.benzinga.com/trading-ideas/previews/25/08/47337054/crowdstrike-q2-earnings-ahead-will-investors-like-nancy-pelosi-and-marjorie-taylor-greene-tune-in,benzinga.com,English,0.0,gdelt_gkg
PANW,2025-08-26,"190 , 500 ETH Bought in One Week : Inside BitMine Shocking Ethereum Strategy",https://www.coinspeaker.com/190500-eth-bought-in-one-week-inside-bitmines-shocking-ethereum-strategy/,coinspeaker.com,English,0.0,gdelt_gkg
PANW,2025-08-26,Microsoft : Why Its Security Business Rivals CrowdStrike and Palo Alto,https://www.investing.com/analysis/microsoft-why-its-security-business-rivals-crowdstrike-and-palo-alto-200665840,investing.com,English,0.0,gdelt_gkg
PANW,2025-08-26,India must secure its digital backbone - The Hindu BusinessLine,https://www.thehindubusinessline.com/opinion/india-must-secure-its-digital-backbone/article69976215.ece,thehindubusinessline.com,English,0.0,gdelt_gkg
PANW,2025-08-26,"Black Book Research : Europe Hospital IT Leaders in Germany , France , and Italy Warn : EHDS Push Outpaces Cyber Defenses",https://www.finanznachrichten.de/nachrichten-2025-08/66275337-black-book-research-europe-s-hospital-it-leaders-in-germany-france-and-italy-warn-ehds-push-outpaces-cyber-defenses-200.htm,finanznachrichten.de,English,0.0,gdelt_gkg
PANW,2025-08-26,"Carahsoft Sponsors 16th Annual Billington Cybersecurity Summit in Washington , D . C . September 9 - 12 , 2025",https://www.manilatimes.net/2025/08/27/tmt-newswire/globenewswire/carahsoft-sponsors-16th-annual-billington-cybersecurity-summit-in-washington-dc-september-9-12-2025/2174098,manilatimes.net,English,0.0,gdelt_gkg
PANW,2025-08-26,From Human to Cyborg : Cybersecurity Visionary Len Noe,https://www.globenewswire.com/news-release/2025/08/26/3139409/0/en/From-Human-to-Cyborg-Cybersecurity-Visionary-Len-Noe-Unveils-Explosive-Documentary-I-Am-Machine-at-Hacker-Halted.html,globenewswire.com,English,0.0,gdelt_gkg
PANW,2025-08-26,"Europe Hospital IT Leaders in Germany , France , and Italy Warn : EHDS Push Outpaces Cyber Defenses",http://www.jamaicantimes.com/news/278534182/europe-hospital-it-leaders-in-germany-france-and-italy-warn-ehds-push-outpaces-cyber-defenses,jamaicantimes.com,English,0.0,gdelt_gkg
PANW,2025-08-27,ViewQwest Powers Next Stage of Enterprise Growth with Appointment of Chief Growth Officer,https://en.antaranews.com/news/375869/viewqwest-powers-next-stage-of-enterprise-growth-with-appointment-of-chief-growth-officer,en.antaranews.com,English,0.0,gdelt_gkg
PANW,2025-08-27,Wall Street edges higher and pushes S & P 500 to another record,https://www.dailyadvance.com/news/national/wall-street-edges-higher-and-pushes-s-p-500-to-another-record/article_e9b40a73-d357-5586-9cd2-be8f2f9bbe50.html,dailyadvance.com,English,0.0,gdelt_gkg
PANW,2025-08-27,Wall Street edges higher and pushes S & P 500 to another record,https://www.nvdaily.com/associated_press_national/wall-street-edges-higher-and-pushes-s-p-500-to-another-record/article_5db01fa2-d67b-5598-82b2-5277780b1003.html,nvdaily.com,English,0.0,gdelt_gkg
PANW,2025-08-27,Wall Street edges higher and pushes S & P 500 to another record,https://www.springfieldnewssun.com/news/nation-world/wall-street-edges-higher-and-pushes-sp-500-to-another-record/K44BHLWELBPVNGL2NMVZJE57IU/,springfieldnewssun.com,English,0.0,gdelt_gkg
PANW,2025-08-27,Securing the Federal Cloud : Adapting to Evolving Threats,https://www.defenseone.com/assets/securing-federal-cloud-adapting-evolving-threats/portal/,defenseone.com,English,0.0,gdelt_gkg
PANW,2025-08-27,FINQ Bets on AI to Disrupt the ETF Market with Two New Large Cap Funds,https://newsblaze.com/business/finance/finq-bets-on-ai-to-disrupt-the-etf-market-with-two-new-large-cap-funds_207710/,newsblaze.com,English,0.0,gdelt_gkg
PANW,2025-08-27,Combining Microsegmentation With Layer 7 to Stop Threats,https://www.bankinfosecurity.com/combining-microsegmentation-layer-7-to-stop-threats-a-29195,bankinfosecurity.com,English,0.0,gdelt_gkg
PANW,2025-08-27,FINQ Files Preliminary Prospectus for Two AI - Managed U . S . Large Cap ETFs,http://www.tennesseedaily.com/news/278536418/finq-files-preliminary-prospectus-for-two-ai-managed-us-large-cap-etfs,tennesseedaily.com,English,0.0,gdelt_gkg
PANW,2025-08-27,Wall Street edges higher and pushes S & P 500 to another record,https://jcpost.com/posts/2040139b-be61-4b14-aa21-bc8ad27c827c,jcpost.com,English,0.0,gdelt_gkg
PANW,2025-08-27,Extended Detection and Response ( XDR ) Market worth $30 . 86 billion by 2030,https://www.prnewswire.com/news-releases/extended-detection-and-response-xdr-market-worth-30-86-billion-by-2030-marketsandmarkets-302538672.html,prnewswire.com,English,0.0,gdelt_gkg
PANW,2025-08-27,Chinese Telecom Hackers Strike Worldwide,https://www.bankinfosecurity.com/chinese-telecom-hackers-strike-worldwide-a-29308,bankinfosecurity.com,English,0.0,gdelt_gkg
PANW,2025-08-27,FINQ Files Preliminary Prospectus for Two AI - Managed U . S . Large Cap ETFs,http://www.newjerseytelegraph.com/news/278536416/finq-files-preliminary-prospectus-for-two-ai-managed-us-large-cap-etfs,newjerseytelegraph.com,English,0.0,gdelt_gkg
PANW,2025-08-27,Okta to acquire Israeli startup Axiom Security,https://www.biometricupdate.com/202508/okta-to-acquire-israeli-startup-axiom-security,biometricupdate.com,English,0.0,gdelt_gkg
PANW,2025-08-27,FINQ Files Preliminary Prospectus for Two AI - Managed U . S . Large Cap ETFs,https://www.finanznachrichten.de/nachrichten-2025-08/66286469-finq-files-preliminary-prospectus-for-two-ai-managed-u-s-large-cap-etfs-200.htm,finanznachrichten.de,English,0.0,gdelt_gkg
PANW,2025-08-27,1 Small - Cap Growth Stock Down 49 % to Buy on the Dip,https://www.fool.com/investing/2025/08/27/1-small-cap-growth-stock-down-49-to-buy-on-the-dip/,fool.com,English,0.0,gdelt_gkg
PANW,2025-08-27,"Truvestments Capital LLC Has $1 . 24 Million Stake in Palo Alto Networks , Inc . $PANW",https://www.themarketsdaily.com/2025/08/27/truvestments-capital-llc-has-1-24-million-stake-in-palo-alto-networks-inc-panw.html,themarketsdaily.com,English,0.0,gdelt_gkg
PANW,2025-08-27,FINQ Files Preliminary Prospectus for Two AI - Managed U . S . Large Cap ETFs,http://www.hawaiitelegraph.com/news/278536418/finq-files-preliminary-prospectus-for-two-ai-managed-us-large-cap-etfs,hawaiitelegraph.com,English,0.0,gdelt_gkg
PANW,2025-08-27,Cracker Barrel Jumps 8 % After Ditching New Logo,https://www.newser.com/story/374236/cracker-barrel-jumps-8-after-ditching-new-logo.html,newser.com,English,0.0,gdelt_gkg
PANW,2025-08-27,FINQ Files Preliminary Prospectus for Two AI - Managed U . S . Large Cap ETFs,http://www.californiatelegraph.com/news/278536416/finq-files-preliminary-prospectus-for-two-ai-managed-us-large-cap-etfs,californiatelegraph.com,English,0.0,gdelt_gkg
PANW,2025-08-27,PDS confirms  strategic restructuring  with series of interim senior leadership hires,https://www.computerweekly.com/news/366630076/PDS-confirms-strategic-restructuring-with-series-of-interim-senior-leadership-hires,computerweekly.com,English,0.0,gdelt_gkg
PANW,2025-08-27,FINQ Files Preliminary Prospectus for Two AI - Managed U . S . Large Cap ETFs,http://www.californiatelegraph.com/news/278536418/finq-files-preliminary-prospectus-for-two-ai-managed-us-large-cap-etfs,californiatelegraph.com,English,0.0,gdelt_gkg
PANW,2025-08-27,Wall Street edges higher and pushes S & P 500 to another record,https://www.postregister.com/businessreport/business/wall-street-edges-higher-and-pushes-s-p-500-to-another-record/article_32381956-1f01-5e80-9f70-fd29a393e97b.html,postregister.com,English,0.0,gdelt_gkg
PANW,2025-08-27,Wall Street edges higher and pushes S & P 500 to another record,https://www.mykxlg.com/news/national/wall-street-edges-higher-and-pushes-s-p-500-to-another-record/article_e4cb3d3e-b8ea-5f0a-89ab-28c2db8b0048.html,mykxlg.com,English,0.0,gdelt_gkg
PANW,2025-08-27,FINQ Files Preliminary Prospectus for Two AI - Managed U . S . Large Cap ETFs,http://www.hawaiitelegraph.com/news/278536416/finq-files-preliminary-prospectus-for-two-ai-managed-us-large-cap-etfs,hawaiitelegraph.com,English,0.0,gdelt_gkg
PANW,2025-08-27,Wall Street edges higher and pushes S & P 500 to another record,https://www.latimes.com/business/story/2025-08-27/wall-street-edges-higher-and-pushes-s-p-500-to-another-record,latimes.com,English,0.0,gdelt_gkg
PANW,2025-08-27,"Dow Climbs 147 , Nasdaq Gains 46 , S & P 500 Adds 15",https://tvnewscheck.com/business/article/dow-climbs-147-nasdaq-gains-46-sp-500-adds-15/,tvnewscheck.com,English,0.0,gdelt_gkg
PANW,2025-08-27,Wall Street edges higher and pushes S & P 500 to another record,https://www.springfieldnewssun.com/news/nation-world/wall-street-edges-higher-and-pushes-sp-500-to-another-record/7QOBYDCQJZJPJB5RL347XOTSF4/,springfieldnewssun.com,English,0.0,gdelt_gkg
PANW,2025-08-27,"India Emerges as Key Market for AI and Cybersecurity Solutions , Says Check Point , ETTelecom",https://telecom.economictimes.indiatimes.com/news/enterprise-services/india-emerges-as-key-market-for-ai-and-cybersecurity-solutions-says-check-point/123536704,telecom.economictimes.indiatimes.com,English,0.0,gdelt_gkg
PANW,2025-08-27,Wall Street edges higher and pushes S & P 500 to another record,https://thebusinessjournal.com/wall-street-edges-higher-and-pushes-sp-500-to-another-record/,thebusinessjournal.com,English,0.0,gdelt_gkg
PANW,2025-08-27,Wall Street edges higher and pushes S & P 500 to another record,https://www.journal-news.com/news/nation-world/wall-street-edges-higher-and-pushes-sp-500-to-another-record/K44BHLWELBPVNGL2NMVZJE57IU/,journal-news.com,English,0.0,gdelt_gkg
PANW,2025-08-27,Wall Street edges higher and pushes S & P 500 to another record,https://www.goskagit.com/news/nation/wall-street-edges-higher-and-pushes-s-p-500-to-another-record/article_853bc4a8-4cde-5cf0-8646-850b4cb759b5.html,goskagit.com,English,0.0,gdelt_gkg
PANW,2025-08-27,Chinese Telecom Hackers Strike Worldwide,https://www.govinfosecurity.com/chinese-telecom-hackers-strike-worldwide-a-29308,govinfosecurity.com,English,0.0,gdelt_gkg
PANW,2025-08-27,CrowdStrike Stock Retreats On Weak Revenue Outlook Amid IT Outage Fallout,https://www.investors.com/news/technology/crowdstrike-stock-crwd-crowdstrike-earnings-q22025/,investors.com,English,0.0,gdelt_gkg
PANW,2025-08-27,FINQ Files Preliminary Prospectus for Two AI - Managed U . S . Large Cap ETFs,http://www.tennesseedaily.com/news/278536416/finq-files-preliminary-prospectus-for-two-ai-managed-us-large-cap-etfs,tennesseedaily.com,English,0.0,gdelt_gkg
PANW,2025-08-27,FINQ Files Preliminary Prospectus for Two AI - Managed U . S . Large Cap ETFs,http://www.newjerseytelegraph.com/news/278536418/finq-files-preliminary-prospectus-for-two-ai-managed-us-large-cap-etfs,newjerseytelegraph.com,English,0.0,gdelt_gkg
PANW,2025-08-28,S & P 500 hits all - time high ahead of Nvidia update | The Arkansas Democrat - Gazette,https://www.arkansasonline.com/news/2025/aug/28/sp-500-hits-all-time-high-ahead-of-nvidia-update/,arkansasonline.com,English,0.0,gdelt_gkg
PANW,2025-08-28,"Wall Street edges higher and pushes S & P 500 to another record | News , Sports , Jobs",https://www.timesleaderonline.com/news/business/2025/08/wall-street-edges-higher-and-pushes-sp-500-to-another-record/,timesleaderonline.com,English,0.0,gdelt_gkg
PANW,2025-08-28,Wall Street edges higher and pushes S & P 500 to another record,https://santamariatimes.com/ap/business/wall-street-edges-higher-and-pushes-s-p-500-to-another-record/article_2c75d599-247b-42a1-aec3-cf0aca375de6.html,santamariatimes.com,English,0.0,gdelt_gkg
PANW,2025-08-28,سرقة البيانات تهدد القطاع الصحي,https://www.alwatan.com.sa/article/1169181,alwatan.com.sa,Arabic,0.0,gdelt_gkg
PANW,2025-08-28,Wall Street edges higher and pushes S & P 500 to another record | Chattanooga Times Free Press,https://www.timesfreepress.com/news/2025/aug/27/wall-street-edges-higher-and-pushes-sp-500-to/,timesfreepress.com,English,0.0,gdelt_gkg
PANW,2025-08-28,Cybersecurity Industry Company Evaluation Report 2025,https://www.globenewswire.com/news-release/2025/08/28/3140967/28124/en/Cybersecurity-Industry-Company-Evaluation-Report-2025-Palo-Alto-Networks-Cisco-and-FortinetLead-with-AI-Integrated-Solutions-and-Global-Enterprise-Protection.html,globenewswire.com,English,0.0,gdelt_gkg
PANW,2025-08-28,Threat Intelligence Market worth $22 . 97 billion by 2030,https://www.finanznachrichten.de/nachrichten-2025-08/66297670-threat-intelligence-market-worth-dollar-22-97-billion-by-2030-marketsandmarkets-008.htm,finanznachrichten.de,English,0.0,gdelt_gkg
PANW,2025-08-28,Wall Street edges higher and pushes S & P 500 to another record,https://www.mankatofreepress.com/news/business/wall-street-edges-higher-and-pushes-s-p-500-to-another-record/article_f60c3b75-64a5-5987-af6c-d0a665055dad.html,mankatofreepress.com,English,0.0,gdelt_gkg
PANW,2025-08-28,Wall Street pushes S & P 500 to another record,https://www.messenger-inquirer.com/news/wall-street-pushes-s-p-500-to-another-record/article_17eb57e5-e08e-55c2-b3da-c2459ba124f5.html,messenger-inquirer.com,English,0.0,gdelt_gkg
PANW,2025-08-28,Wall Street edges higher and pushes S & P 500 to another record,https://cdapress.com/news/2025/aug/27/wall-street-edges-higher-and-pushes-sp-500-to-another-record/,cdapress.com,English,0.0,gdelt_gkg
PANW,2025-08-28,Wall Street edges higher and pushes S & P 500 to another record,https://www.journal-news.com/news/nation-world/wall-street-edges-higher-and-pushes-sp-500-to-another-record/7QOBYDCQJZJPJB5RL347XOTSF4/,journal-news.com,English,0.0,gdelt_gkg
PANW,2025-08-28,How Do Investors Really Feel About Palo Alto Networks ? - Palo Alto Networks ( NASDAQ : PANW ) ,https://www.benzinga.com/insights/short-sellers/25/08/47395706/how-do-investors-really-feel-about-palo-alto-networks,benzinga.com,English,0.0,gdelt_gkg
PANW,2025-08-28,Wall Street edges higher and pushes S & P 500 to another record,http://virginiabusiness.com/wall-street-edges-higher-and-pushes-sp-500-to-another-record/,virginiabusiness.com,English,0.0,gdelt_gkg
PANW,2025-08-28,Were upgrading CrowdStrike despite a post - earnings stock drop,https://www.cnbc.com/2025/08/27/were-upgrading-crowdstrike-despite-a-post-earnings-stock-drop.html,cnbc.com,English,0.0,gdelt_gkg
PANW,2025-08-29,ISMG Editors : Whistleblower Social Security Data Bombshell,https://www.bankinfosecurity.com/ismg-editors-whistleblowers-social-security-data-bombshell-a-29333,bankinfosecurity.com,English,0.0,gdelt_gkg
PANW,2025-08-29,ISMG Editors : Whistleblower Social Security Data Bombshell,https://www.govinfosecurity.com/ismg-editors-whistleblowers-social-security-data-bombshell-a-29333,govinfosecurity.com,English,0.0,gdelt_gkg
PANW,2025-08-29,SentinelOne Earnings Point to Strong AI - Driven Cybersecurity Demand,https://www.investopedia.com/sentinelone-earnings-point-to-strong-ai-driven-cybersecurity-demand-11800628,investopedia.com,English,0.0,gdelt_gkg
PANW,2025-08-29,Zero Trust Network Access ( ZTNA ) Market worth $4 . 18 billion by 2030,https://www.finanznachrichten.de/nachrichten-2025-08/66309899-zero-trust-network-access-ztna-market-worth-dollar-4-18-billion-by-2030-marketsandmarkets-008.htm,finanznachrichten.de,English,0.0,gdelt_gkg
PANW,2025-08-29,"Palo Alto , Fortinet , Check Point Control Firewall Gartner MQ",https://www.bankinfosecurity.com/palo-alto-fortinet-check-point-control-firewall-gartner-mq-a-29336,bankinfosecurity.com,English,0.0,gdelt_gkg
PANW,2025-08-29,"Palo Alto Networks , Inc . $PANW Shares Purchased by Siren L . L . C . ",https://www.themarketsdaily.com/2025/08/29/palo-alto-networks-inc-panw-shares-purchased-by-siren-l-l-c.html,themarketsdaily.com,English,0.0,gdelt_gkg
PANW,2025-08-30,"Palo Alto , Fortinet , Check Point Control Firewall Gartner MQ",https://www.govinfosecurity.com/palo-alto-fortinet-check-point-control-firewall-gartner-mq-a-29336,govinfosecurity.com,English,0.0,gdelt_gkg
PANW,2025-08-30,Telecom Stocks To Research – August 29th,https://www.themarketsdaily.com/2025/08/30/telecom-stocks-to-research-august-29th.html,themarketsdaily.com,English,0.0,gdelt_gkg
PANW,2025-08-30,"This Super Software Stock Is Up 1 , 100 % Since Its 2019 IPO , but Its Momentum Is Stalling . What Should Investors Do From Here ? ",https://www.fool.com/investing/2025/08/30/this-stock-up-1100-ipo-stalling-what-investors-do/?source=iedfolrf0000001,fool.com,English,0.0,gdelt_gkg
PANW,2025-08-30,"Palo Alto Networks highlights AI security challenges in PH , intros Nacario as country chief",https://newsbytes.ph/2025/08/30/palo-alto-networks-highlights-ai-security-challenges-in-ph-intros-nacario-as-country-chief/,newsbytes.ph,English,0.0,gdelt_gkg
PANW,2025-08-31,"Palo Alto Networks , Inc . ( PANW )  Great Too , Says Jim Cramer",https://biztoc.com/x/04410a2b64332a51,biztoc.com,English,0.0,gdelt_gkg
PANW,2025-08-31,"Palo Alto Networks , Inc . ( PANW )  Great Too , Says Jim Cramer",https://finance.yahoo.com/news/palo-alto-networks-inc-panw-173349344.html,finance.yahoo.com,English,0.0,gdelt_gkg
PANW,2025-08-31,"Palo Alto Networks , Inc . ( PANW )  Great Too , Says Jim Cramer",https://www.insidermonkey.com/blog/palo-alto-networks-inc-panws-great-too-says-jim-cramer-1600975/,insidermonkey.com,English,0.0,gdelt_gkg
PANW,2025-08-31,Top Wall Street analysts recommend these 3 stocks for long - term investors,https://www.cnbc.com/2025/08/31/top-wall-street-analysts-recommend-these-3-stocks-for-long-term-investors.html,cnbc.com,English,0.0,gdelt_gkg
PANW,2025-08-31,"Where to invest $20 , 000 in ASX ETFs in September",https://www.fool.com.au/2025/08/31/where-to-invest-20000-in-asx-etfs-in-september/,fool.com.au,English,0.0,gdelt_gkg
PANW,2025-08-31,"The Market Is Wrong For Punishing Palo Alto Networks , Inc . ( PANW ), Says Jim Cramer",https://finance.yahoo.com/news/market-wrong-punishing-palo-alto-205543394.html,finance.yahoo.com,English,0.0,gdelt_gkg
PANW,2025-09-01,Zscaler ( ZS ) To Report Earnings Tomorrow : Here Is What To Expect,https://markets.financialcontent.com/stocks/article/stockstory-2025-9-1-zscaler-zs-to-report-earnings-tomorrow-here-is-what-to-expect,markets.financialcontent.com,English,0.0,gdelt_gkg
PANW,2025-09-01,"Ankura CTIX FLASH Update - August 29 , 2025",https://www.mondaq.com:443/unitedstates/new-technology/1672424/ankura-ctix-flash-update-august-29-2025,mondaq.com,English,0.0,gdelt_gkg
PANW,2025-09-01,"1248 Management LLC Cuts Holdings in Palo Alto Networks , Inc . $PANW",https://www.dailypolitical.com/2025/09/01/1248-management-llc-cuts-holdings-in-palo-alto-networks-inc-panw.html,dailypolitical.com,English,0.0,gdelt_gkg
PANW,2025-09-01,AI Transforms Software Dev Amid Adversarial Cyber Risks,https://www.webpronews.com/ai-transforms-software-dev-amid-adversarial-cyber-risks/,webpronews.com,English,0.0,gdelt_gkg
PANW,2025-09-01,Criminal IP Expands into European Cybersecurity Market through Partnership with DotForce,https://www.nextbigfuture.com/2025/09/criminal-ip-expands-into-european-cybersecurity-market-through-partnership-with-dotforce.html,nextbigfuture.com,English,0.0,gdelt_gkg
PANW,2025-09-01,Prediction : These Could Be the Next Tech Multibagger Stocks,https://finance.yahoo.com/news/prediction-could-next-tech-multibagger-120000680.html,finance.yahoo.com,English,0.0,gdelt_gkg
PANW,2025-09-01,"ירידות בבורסת ת  א ; מדד הביטוח יורד ב - 2 %, קווליטאו מזנקת ב - 6 % ",https://www.globes.co.il/news/article.aspx?did=1001520345,globes.co.il,Hebrew,0.0,gdelt_gkg
PANW,2025-09-01,How this AI company collapsed amid Silicon Valley biggest boom | Technology News,https://indianexpress.com/article/technology/artificial-intelligence/how-this-ai-company-collapsed-amid-silicon-valleys-biggest-boom-10223200/,indianexpress.com,English,0.0,gdelt_gkg
PANW,2025-09-02,"Zscaler latest victim of Salesloft Drift attacks , customer data exposed",https://biztoc.com/x/5582833bdc0a63ec,biztoc.com,English,0.0,gdelt_gkg
PANW,2025-09-02,ירידות באירופה ; נעילה מעורבת באסיה,https://www.globes.co.il/news/article.aspx?did=1001520435,globes.co.il,Hebrew,0.0,gdelt_gkg
PANW,2025-09-02,Prediction : These Could Be the Next Tech Multibagger Stocks,https://www.fool.com/investing/2025/08/31/prediction-these-could-be-the-next-tech-multibag/,fool.com,English,0.0,gdelt_gkg
PANW,2025-09-02,Jim Cramer top 10 things to watch in the stock market Tuesday,https://www.cnbc.com/2025/09/02/jim-cramers-top-10-things-to-watch-in-the-stock-market-tuesday.html,cnbc.com,English,0.0,gdelt_gkg
PANW,2025-09-02,Palo Alto Investigates Data Theft After Hackers Exploit Stolen OAuth Tokens - Palo Alto Networks ( NASDAQ : PANW ) ,https://www.benzinga.com/markets/tech/25/09/47457901/palo-alto-investigates-data-theft-after-hackers-exploit-stolen-oauth-tokens,benzinga.com,English,0.0,gdelt_gkg
PANW,2025-09-02,"1 No - Brainer Artificial Intelligence ( AI ) Stock Down 75 % to Buy on the Dip , According to Wall Street",https://www.fool.com/investing/2025/09/02/1-no-brainer-ai-stock-down-75-buy-dip-wall-street/?source=iedfolrf0000001,fool.com,English,0.0,gdelt_gkg
PANW,2025-09-02,"ירידות בת  א ; מדד הביטוח יורד ב - 2 . 7 %, ארית עולה ב - 5 % ",https://www.globes.co.il/news/article.aspx?did=1001520412,globes.co.il,Hebrew,0.0,gdelt_gkg
PANW,2025-09-02,The best ASX ETFs for Australian investors to buy in September,https://www.fool.com.au/2025/09/02/the-best-asx-etfs-for-australian-investors-to-buy-in-september/,fool.com.au,English,0.0,gdelt_gkg
PANW,2025-09-02,Analyzing CrowdStrike ( NASDAQ : CRWD ) and Palo Alto Networks ( NASDAQ : PANW ) ,https://www.dailypolitical.com/2025/09/01/analyzing-crowdstrike-nasdaqcrwd-and-palo-alto-networks-nasdaqpanw.html,dailypolitical.com,English,0.0,gdelt_gkg
PANW,2025-09-03,Jim Cramer top 10 things to watch in the stock market Wednesday,https://www.cnbc.com/2025/09/03/jim-cramers-top-10-things-to-watch-in-the-stock-market-wednesday.html,cnbc.com,English,0.0,gdelt_gkg
PANW,2025-09-03,Cloudflare Joins List of Salesloft Drift Breach Victims,https://www.govinfosecurity.com/cloudflare-joins-list-salesloft-drift-breach-victims-a-29353,govinfosecurity.com,English,0.0,gdelt_gkg
PANW,2025-09-04,"Palantir , Nvidia , Meta and Microsoft among AI stocks to watch into year - end",https://www.proactiveinvestors.com/companies/news/1077854/palantir-nvidia-meta-and-microsoft-among-ai-stocks-to-watch-into-year-end-1077854.html,proactiveinvestors.com,English,0.0,gdelt_gkg
PANW,2025-09-04,"Morgan Stanley Names Palo Alto Networks ( PANW ) a Top Pick , Raises PT to $216",https://www.insidermonkey.com/blog/morgan-stanley-names-palo-alto-networks-panw-a-top-pick-raises-pt-to-216-1602930/,insidermonkey.com,English,0.0,gdelt_gkg
PANW,2025-09-04,Palo Alto Networks CEO says the enterprise may not welcome agentic AI browsers,https://www.cnbc.com/2025/09/04/palo-alto-networks-ceo-says-the-enterprise-may-not-welcome-agentic-ai-browsers.html,cnbc.com,English,0.0,gdelt_gkg
PANW,2025-09-04,Is Palo Alto Networks Stock Underperforming the Nasdaq ? ,https://finance.yahoo.com/news/palo-alto-networks-stock-underperforming-150534091.html,finance.yahoo.com,English,0.0,gdelt_gkg
PANW,2025-09-04,"Palantir , Nvidia , Meta and Microsoft among AI stocks to watch into year - end",https://www.proactiveinvestors.co.uk/companies/news/1077854/palantir-nvidia-meta-and-microsoft-among-ai-stocks-to-watch-into-year-end-1077854.html,proactiveinvestors.co.uk,English,0.0,gdelt_gkg
PANW,2025-09-04,אנתרופיק שוברת שיאים : גייסה סכום של 13 מיליארד דולר לפי שווי דמיוני,https://www.globes.co.il/news/article.aspx?did=1001520744,globes.co.il,Hebrew,0.0,gdelt_gkg
PANW,2025-09-04,Cloudflare sets new standard in cyberattack response & resilience,https://channellife.co.nz/story/cloudflare-sets-new-standard-in-cyberattack-response-resilience,channellife.co.nz,English,0.0,gdelt_gkg
PANW,2025-09-04,"Global Markets Brace for Geopolitical Storm : Trump Tariffs Ignite Trade Wars , Conflicts Fan Inflationary Fears",https://markets.financialcontent.com/stocks/article/marketminute-2025-9-4-global-markets-brace-for-geopolitical-storm-trumps-tariffs-ignite-trade-wars-conflicts-fan-inflationary-fears,markets.financialcontent.com,English,0.0,gdelt_gkg
PANW,2025-09-04,Trump and Modi Need The Art of the Deal | The American Spectator,https://spectator.org/trump-and-modi-need-the-art-of-the-deal/,spectator.org,English,0.0,gdelt_gkg
PANW,2025-09-05,Palo Alto Networks CEO Says Enterprises Cautious About Agentic AI,https://biztoc.com/x/bf3ef01c031de5ad,biztoc.com,English,0.0,gdelt_gkg
PANW,2025-09-05,"Palo Alto Networks , Inc . ( PANW ): A Bull Case Theory",https://biztoc.com/x/07efa7fa6b974c00,biztoc.com,English,0.0,gdelt_gkg
PANW,2025-09-05,Palo Alto Networks CEO Says Enterprises Cautious on Agentic AI,https://www.pymnts.com/artificial-intelligence-2/2025/palo-alto-networks-ceo-says-enterprises-cautious-about-agentic-ai/,pymnts.com,English,0.0,gdelt_gkg
PANW,2025-09-05,"Palo Alto Networks , Inc . $PANW Shares Bought by MIRAE ASSET GLOBAL ETFS HOLDINGS Ltd . ",https://www.dailypolitical.com/2025/09/05/palo-alto-networks-inc-panw-shares-bought-by-mirae-asset-global-etfs-holdings-ltd.html,dailypolitical.com,English,0.0,gdelt_gkg
PANW,2025-09-05,"1 Growth Stock Down 25 % to Buy Hand Over Fist , According to Wall Street",https://www.fool.com/investing/2025/09/05/1-growth-stock-down-25-buy-hand-fist-wall-street/,fool.com,English,0.0,gdelt_gkg
PANW,2025-09-05,"Middle East and Africa Cybersecurity Market Size to Reach USD 81 , 051 . 4 Million by 2033 : ",https://www.briefingwire.com/pr/middle-east-and-africa-cybersecurity-market-size-to-reach-usd-810514-million-by-2033,briefingwire.com,English,0.0,gdelt_gkg
PANW,2025-09-05,  It Scary  – Crypto Workers Under Siege From North Korean Hackers,https://www.insurancejournal.com/news/international/2025/09/05/837989.htm,insurancejournal.com,English,0.0,gdelt_gkg
PANW,2025-09-05,"1 Growth Stock Down 25 % to Buy Hand Over Fist , According to Wall Street",https://www.fool.com/investing/2025/09/05/1-growth-stock-down-25-buy-hand-fist-wall-street/?source=iedfolrf0000001,fool.com,English,0.0,gdelt_gkg
PANW,2025-09-05,"Palo Alto Networks , Inc . ( PANW ): A Bull Case Theory",https://www.insidermonkey.com/blog/palo-alto-networks-inc-panw-a-bull-case-theory-3-1602003/,insidermonkey.com,English,0.0,gdelt_gkg
PANW,2025-09-06,Zscaler Stock Falls Despite Strong Outlook . Is It Time to Jump Into the Stock ? ,https://finance.yahoo.com/news/zscaler-stock-falls-despite-strong-143000630.html,finance.yahoo.com,English,0.0,gdelt_gkg
PANW,2025-09-06,ICE Has Spyware Now,https://www.wired.com/story/ice-has-spyware-now/,wired.com,English,0.0,gdelt_gkg
PANW,2025-09-06,"Morgan Stanley Names Palo Alto Networks ( PANW ) a Top Pick , Raises PT to $216",https://finance.yahoo.com/news/morgan-stanley-names-palo-alto-230959591.html,finance.yahoo.com,English,0.0,gdelt_gkg
PANW,2025-09-06,"News , Politics , Business , Tech and the Arts on Arabian Post",https://thearabianpost.com/du-unveils-envision-2025-to-propel-ai-first-future/,thearabianpost.com,English,0.0,gdelt_gkg
PANW,2025-09-06,Baystreet . ca - The U . S . Must be Prepared for the Fast - Approaching Quantum Security Risk,http://baystreet.ca/articles/stockstowatch/114440/The-US-Must-be-Prepared-for-the-Fast-Approaching-Quantum-Security-Risk,baystreet.ca,English,0.0,gdelt_gkg
PANW,2025-09-07,עוד לפני הבנק הדיגיטלי : ניר צוק רוצה למכור את התוכנה למתחרים,https://www.globes.co.il/news/article.aspx?did=1001520974,globes.co.il,Hebrew,0.0,gdelt_gkg
PANW,2025-09-07,"Palo Alto Networks , Inc . ( PANW )  Had A Mighty Nice Upside Surprise , Says Jim Cramer",https://www.insidermonkey.com/blog/palo-alto-networks-inc-panw-had-a-mighty-nice-upside-surprise-says-jim-cramer-1604615/,insidermonkey.com,English,0.0,gdelt_gkg
PANW,2025-09-07,DataGlobal Hub GDAI 2025 Showcases the World Brightest Minds in Data and AI,https://www.manilatimes.net/2025/09/08/tmt-newswire/globenewswire/dataglobal-hubs-gdai-2025-showcases-the-worlds-brightest-minds-in-data-and-ai/2180381,manilatimes.net,English,0.0,gdelt_gkg
PANW,2025-09-08,Top Telecom Stocks To Research – September 7th,https://www.dailypolitical.com/2025/09/08/top-telecom-stocks-to-research-september-7th.html,dailypolitical.com,English,0.0,gdelt_gkg
PANW,2025-09-08,2 strong ASX ETFs to buy and hold forever,https://www.fool.com.au/2025/09/08/2-strong-asx-etfs-to-buy-and-hold-forever/,fool.com.au,English,0.0,gdelt_gkg
PANW,2025-09-08,DataGlobal Hub GDAI 2025 Showcases the World Brightest Minds in Data and AI,https://www.itnewsonline.com/GlobeNewswire/DataGlobal-Hubs-GDAI-2025-Showcases-the-Worlds-Brightest-Minds-in-Data-and-AI/105879,itnewsonline.com,English,0.0,gdelt_gkg
PANW,2025-09-08,Promising Cybersecurity Stocks To Watch Now – September 8th,https://www.themarketsdaily.com/2025/09/08/promising-cybersecurity-stocks-to-watch-now-september-8th.html,themarketsdaily.com,English,0.0,gdelt_gkg
PANW,2025-09-08,Jim Cramer Says Palo Alto Networks  Can Keep Climbing  ,https://finance.yahoo.com/news/jim-cramer-says-palo-alto-155853244.html,finance.yahoo.com,English,0.0,gdelt_gkg
PANW,2025-09-08,Palo Alto Networks Strengthens Cybersecurity with Prisma Browser & AI - driven SASE Solution,https://www.thefastmode.com/technology-solutions/44459-palo-alto-networks-strengthens-cybersecurity-with-prisma-browser-ai-driven-sase-solution,thefastmode.com,English,0.0,gdelt_gkg
PANW,2025-09-08,Salesloft says Drift customer data thefts linked to March GitHub account hack,https://techcrunch.com/2025/09/08/salesloft-says-drift-customer-data-thefts-linked-to-march-github-account-hack/,techcrunch.com,English,0.0,gdelt_gkg
PANW,2025-09-08,Drift attackers gained entry via a Salesloft GitHub account,https://www.theregister.com/2025/09/08/drift_breach_entry_salesloft_github/,theregister.com,English,0.0,gdelt_gkg
PANW,2025-09-08,With AI Advances Cybersecurity Is Even More Important For Edge Devices,https://www.forbes.com/councils/forbestechcouncil/2025/09/08/ai-on-the-edge-is-a-hackers-delight-heres-what-that-means-for-your-data-security/,forbes.com,English,0.0,gdelt_gkg
PANW,2025-09-08,"Salesloft Drift Hack Claims New Victims in Tenable , Qualys",https://www.bankinfosecurity.com/salesloft-drift-hack-claims-new-victims-in-tenable-qualys-a-29391,bankinfosecurity.com,English,0.0,gdelt_gkg
PANW,2025-09-08,Stocks : Cybersecurity Netskope eyes up to US$6 . 5 billion IPO valuation,https://www.bnnbloomberg.ca/business/2025/09/08/cybersecurity-firm-netskope-eyes-up-to-us65-billion-valuation-in-us-ipo/,bnnbloomberg.ca,English,0.0,gdelt_gkg
PANW,2025-09-09,"AI Ready SASE Branch Architectures Push 2Q 2025 Revenue Up 22 Percent to $2 . 7 B , According to DellOro Group",http://www.prnewswire.com/news-releases/ai-ready-sase-branch-architectures-push-2q-2025-revenue-up-22-percent-to-2-7-b-according-to-delloro-group-302549923.html,prnewswire.com,English,0.0,gdelt_gkg
PANW,2025-09-09,"Jim Cramer Calls Fortinet The  Weakest  Cybersecurity Stock , Favors These 2 Instead - CrowdStrike Holdings ( NASDAQ : CRWD ), Dell Technologies ( NYSE : DELL ) ",https://www.benzinga.com/trading-ideas/long-ideas/25/09/47567365/jim-cramer-calls-fortinet-the-weakest-cybersecurity-stock-favors-these-2-instead,benzinga.com,English,0.0,gdelt_gkg
PANW,2025-09-09,Cramer Lightning Round : Dell over Super Micro Computer,https://www.cnbc.com/2025/09/08/cramers-lightning-round-dell-over-super-micro-computer.html,cnbc.com,English,0.0,gdelt_gkg
PANW,2025-09-09,"Netskope follows Rubrik as a rare cybersecurity IPO , both backed by Lightspeed",https://techcrunch.com/2025/09/08/netskope-follows-rubrik-as-a-rare-cybersecurity-ipo-both-backed-lightspeed/,techcrunch.com,English,0.0,gdelt_gkg
PANW,2025-09-09,"Salesloft hacked via GitHub and AWS in March , Mandiant finds",https://www.itnews.com.au/news/salesloft-hacked-via-github-and-aws-in-march-mandiant-finds-620150,itnews.com.au,English,0.0,gdelt_gkg
PANW,2025-09-09,"Information Services Group , Inc .: AI , Compliance Worries Shape French Cybersecurity Market",https://www.finanznachrichten.de/nachrichten-2025-09/66387269-information-services-group-inc-ai-compliance-worries-shape-french-cybersecurity-market-004.htm,finanznachrichten.de,English,0.0,gdelt_gkg
PANW,2025-09-09,Salesloft : GitHub Account Breach Was Ground Zero in Drift Campaign,https://www.infosecurity-magazine.com/news/salesloft-github-breach-drift/,infosecurity-magazine.com,English,0.0,gdelt_gkg
PANW,2025-09-09,EndaceProbes Achieve Common Criteria and NIAP Certification,https://www.finanznachrichten.de/nachrichten-2025-09/66389631-endaceprobes-achieve-common-criteria-and-niap-certification-004.htm,finanznachrichten.de,English,0.0,gdelt_gkg
PANW,2025-09-09,Top 19 Companies Leading the Middle East Cybersecurity,https://www.globenewswire.com/news-release/2025/09/09/3147218/28124/en/Top-19-Companies-Leading-the-Middle-East-Cybersecurity-Market-in-2025-and-Beyond-Middle-East-CyberSecurity-Company-Evaluation-Report-2025.html,globenewswire.com,English,0.0,gdelt_gkg
PANW,2025-09-09,Game - Changers : India Top Businesses Making a Difference in India 2025,http://www.cambodiantimes.com/news/278562635/game-changers-india-top-businesses-making-a-difference-in-india-2025,cambodiantimes.com,English,0.0,gdelt_gkg
PANW,2025-09-09,Game - Changers : India Top Businesses Making a Difference in India 2025,http://www.laosnews.net/news/278562635/game-changers-india-top-businesses-making-a-difference-in-india-2025,laosnews.net,English,0.0,gdelt_gkg
PANW,2025-09-09,"Jim Cramer Shares Key Role Palo Alto Networks , Inc . ( PANW ) Can Play In Defending AI",https://finance.yahoo.com/news/jim-cramer-shares-key-role-133420214.html,finance.yahoo.com,English,0.0,gdelt_gkg
PANW,2025-09-09,Game - Changers : India Top Businesses Making a Difference in India 2025,http://www.heraldglobe.com/news/278562635/game-changers-india-top-businesses-making-a-difference-in-india-2025,heraldglobe.com,English,0.0,gdelt_gkg
PANW,2025-09-09,Telecom Stocks To Watch Now – September 6th,https://www.dailypolitical.com/2025/09/09/telecom-stocks-to-watch-now-september-6th.html,dailypolitical.com,English,0.0,gdelt_gkg
PANW,2025-09-09,Netskope Files for $813M IPO at $6 . 5B Valuation Amid Revenue Surge,https://www.webpronews.com/netskope-files-for-813m-ipo-at-6-5b-valuation-amid-revenue-surge/,webpronews.com,English,0.0,gdelt_gkg
PANW,2025-09-09,Game - Changers : India Top Businesses Making a Difference in India 2025,http://www.bangladeshsun.com/news/278562635/game-changers-india-top-businesses-making-a-difference-in-india-2025,bangladeshsun.com,English,0.0,gdelt_gkg
PANW,2025-09-09,"Post - Quantum Cryptography ( PQC ) Market Rise from $299 Million in 2024 to $2009 Million by 2030 , Growing at a 48 % CAGR : MarkNtel Advisors",https://www.finanznachrichten.de/nachrichten-2025-09/66392249-post-quantum-cryptography-pqc-market-rise-from-dollar-299-million-in-2024-to-dollar-2009-million-by-2030-growing-at-a-48-cagr-markntel-advisors-008.htm,finanznachrichten.de,English,0.0,gdelt_gkg
PANW,2025-09-10,Unveils Browser - Based Security Solution as Recurring Revenue Grows 35 % ,https://biztoc.com/x/491116308b683298,biztoc.com,English,0.0,gdelt_gkg
PANW,2025-09-10,Enterprise Leaders Issue Industry Manifesto to Mandate Mplify SASE Certification Amid Rising AI - Driven Cyber Threats,https://www.manilatimes.net/2025/09/10/tmt-newswire/globenewswire/enterprise-leaders-issue-industry-manifesto-to-mandate-mplify-sase-certification-amid-rising-ai-driven-cyber-threats/2182287,manilatimes.net,English,0.0,gdelt_gkg
PANW,2025-09-10,"Meet Jared Kushner New AI Startup , Brain Co",https://www.forbes.com/sites/giacomotognini/2025/09/10/jared-kushners-new-startup-helps-businesses-figure-out-how-to-use-ai/,forbes.com,English,0.0,gdelt_gkg
PANW,2025-09-10,"If You Invested $100 In Palo Alto Networks Stock 10 Years Ago , You Would Have This Much Today - Palo Alto Networks ( NASDAQ : PANW ) ",https://www.benzinga.com/insights/news/25/09/47610330/if-you-invested-100-in-palo-alto-networks-stock-10-years-ago-you-would-have-this-much-today,benzinga.com,English,0.0,gdelt_gkg
PANW,2025-09-10,"Middle East Security Market Size to Reach USD 20 , 556 Million by 2033 : Key Trends & Forecast",https://www.briefingwire.com/pr/middle-east-security-market-size-to-reach-usd-20556-million-by-2033-key-trends-forecast,briefingwire.com,English,0.0,gdelt_gkg
PANW,2025-09-10,Salesloft data breach exposes 700 firm details via OAuth attack,https://securitybrief.news/story/salesloft-data-breach-exposes-700-firms-details-via-oauth-attack,securitybrief.news,English,0.0,gdelt_gkg
PANW,2025-09-10,イオンペット 、 JBCCの運用支援サービスで全国約200店舗のセキュリティ運用体制を強化,https://japan.zdnet.com/article/35237790/,japan.zdnet.com,Japanese,0.0,gdelt_gkg
PANW,2025-09-10,SASE market booms as AI - ready branches fuel demand,https://www.fudzilla.com/news/61687-sase-market-booms-as-ai-ready-branches-fuel-demand,fudzilla.com,English,0.0,gdelt_gkg
PANW,2025-09-11,Dataminr adds Agentic AI capabilities to key cybersecurity platforms,https://channelbuzz.ca/2025/09/dataminr-adds-agentic-ai-capabilities-to-key-cybersecurity-platforms-44342/,channelbuzz.ca,English,0.0,gdelt_gkg
PANW,2025-09-11,"Palo Alto Networks , Inc . $PANW Shares Acquired by Siren L . L . C . ",https://www.tickerreport.com/banking-finance/13146236/palo-alto-networks-inc-panw-shares-acquired-by-siren-l-l-c.html,tickerreport.com,English,0.0,gdelt_gkg
PANW,2025-09-11,Sola Security brings AI revolution to cybersecurity with Series A round,https://channelbuzz.ca/2025/09/sola-security-brings-ai-revolution-to-cybersecurity-with-series-a-round-44282/,channelbuzz.ca,English,0.0,gdelt_gkg
PANW,2025-09-11,The Unseen Revolution : Navigating Shadow AI Perilous Rise in the Enterprise,https://markets.financialcontent.com/stocks/article/marketminute-2025-9-11-the-unseen-revolution-navigating-shadow-ais-perilous-rise-in-the-enterprise,markets.financialcontent.com,English,0.0,gdelt_gkg
PANW,2025-09-12,The Geopolitical Risk Premium : How Global Tensions Are Shaping Market Valuations,https://markets.financialcontent.com/stocks/article/marketminute-2025-9-12-the-geopolitical-risk-premium-how-global-tensions-are-shaping-market-valuations,markets.financialcontent.com,English,0.0,gdelt_gkg
PANW,2025-09-12,"Palo Alto Networks , Inc . ( PANW ) CEO Is A Great Example Of How To Convince Investors , Says Jim Cramer",https://www.insidermonkey.com/blog/palo-alto-networks-inc-panw-ceo-is-a-great-example-of-how-to-convince-investors-says-jim-cramer-1608182/,insidermonkey.com,English,0.0,gdelt_gkg
PANW,2025-09-12,Jim Cramer on Fortinet :  That Actually the Weakest of the Cybersecurities  ,https://www.insidermonkey.com/blog/jim-cramer-on-fortinet-thats-actually-the-weakest-of-the-cybersecurities-1607760/,insidermonkey.com,English,0.0,gdelt_gkg
PANW,2025-09-12,Amitabh Kant Joins PGTI Governing Body with Kapil Dev,https://www.newkerala.com/news/o/pgti-announces-appointment-amitabh-kant-governing-body-member-872,newkerala.com,English,0.0,gdelt_gkg
PANW,2025-09-12,Palo Alto Networks Redefines Application Security with the Industry Most Comprehensive Prevention - First ASPM – The Mindanao Examiner Regional Newspaper,https://mindanaoexaminer.com/palo-alto-networks-redefines-application-security-with-the-industrys-most-comprehensive-prevention-first-aspm/,mindanaoexaminer.com,English,0.0,gdelt_gkg
PANW,2025-09-12,NEC XON Cyber wins Palo Alto Networks award,https://it-online.co.za/2025/09/12/nec-xon-cyber-wins-palo-alto-networks-award/,it-online.co.za,English,0.0,gdelt_gkg
PANW,2025-09-12,"United States Electric Enclosure Market Latest Developments , ",https://www.openpr.com/news/4181166/united-states-electric-enclosure-market-latest-developments,openpr.com,English,0.0,gdelt_gkg
PANW,2025-09-13,2025 Cloud - Native Security : Runtime Visibility Drives CNAPP Strategies,https://www.webpronews.com/2025-cloud-native-security-runtime-visibility-drives-cnapp-strategies/,webpronews.com,English,0.0,gdelt_gkg
PANW,2025-09-13,Palo Alto Networks Inc . ( PANW ) Targets $15B in Recurring Revenue,https://biztoc.com/x/2519d3511029e513,biztoc.com,English,0.0,gdelt_gkg
PANW,2025-09-13,"Jacobs & Co . CA Has $6 . 35 Million Stock Holdings in Palo Alto Networks , Inc . $PANW",https://www.dailypolitical.com/2025/09/13/jacobs-co-ca-has-6-35-million-stock-holdings-in-palo-alto-networks-inc-panw.html,dailypolitical.com,English,0.0,gdelt_gkg
PANW,2025-09-13,"Palo Alto Networks , Inc . $PANW Stock Holdings Raised by LVM Capital Management Ltd . MI",https://www.dailypolitical.com/2025/09/13/palo-alto-networks-inc-panw-stock-holdings-raised-by-lvm-capital-management-ltd-mi.html,dailypolitical.com,English,0.0,gdelt_gkg
PANW,2025-09-13,Palo Alto Networks Inc . ( PANW ) Targets $15B in Recurring Revenue,https://finance.yahoo.com/news/palo-alto-networks-inc-panw-135328221.html,finance.yahoo.com,English,0.0,gdelt_gkg
PANW,2025-09-13,Jim Cramer on Fortinet :  That Actually the Weakest of the Cybersecurities  ,https://finance.yahoo.com/news/jim-cramer-fortinet-actually-weakest-045520188.html,finance.yahoo.com,English,0.0,gdelt_gkg
PANW,2025-09-13,From product to platform : How CrowdStrike navigates to durable growth,https://siliconangle.com/2025/09/13/product-platform-crowdstrike-navigates-durable-growth/,siliconangle.com,English,0.0,gdelt_gkg
PANW,2025-09-13,CrowdStrike Acquires Onum for $290M to Boost AI Cybersecurity,https://www.webpronews.com/crowdstrike-acquires-onum-for-290m-to-boost-ai-cybersecurity-2/,webpronews.com,English,0.0,gdelt_gkg
PANW,2025-09-14,3 Top Cybersecurity Stocks to Buy in September,https://www.fool.com/investing/2025/09/14/3-top-cybersecurity-stocks-to-buy-in-september/,fool.com,English,0.0,gdelt_gkg
PANW,2025-09-14,"OMNI 360 Wealth Inc . Increases Holdings in Palo Alto Networks , Inc . $PANW",https://www.dailypolitical.com/2025/09/14/omni-360-wealth-inc-increases-holdings-in-palo-alto-networks-inc-panw.html,dailypolitical.com,English,0.0,gdelt_gkg
PANW,2025-09-14,3 Top Cybersecurity Stocks to Buy in September,https://www.fool.com/investing/2025/09/14/3-top-cybersecurity-stocks-to-buy-in-september/?source=iedfolrf0000001,fool.com,English,0.0,gdelt_gkg
PANW,2025-09-15,3 Top Cybersecurity Stocks to Buy in September,https://finance.yahoo.com/news/3-top-cybersecurity-stocks-buy-114500357.html,finance.yahoo.com,English,0.0,gdelt_gkg
PANW,2025-09-15,"Notorious Cyber Gang Vanishes , Leaves Behind Chilling Trail",https://www.esecurityplanet.com/threats/notorious-cyber-gang-vanishes-leaves-behind-chilling-trail/,esecurityplanet.com,English,0.0,gdelt_gkg
PANW,2025-09-15,Israeli digital bank Esh launches with no fees,https://en.globes.co.il/en/article-israeli-digital-bank-esh-launches-operations-1001521719,en.globes.co.il,English,0.0,gdelt_gkg
PANW,2025-09-15,Palo Alto Networks Just Made Its Boldest Move Yet Analyst Thinks It Could Pay Off - Palo Alto Networks ( NASDAQ : PANW ) ,https://www.benzinga.com/analyst-stock-ratings/reiteration/25/09/47670141/palo-alto-networks-just-made-its-boldest-move-yet-analyst-thinks-it-could-pay-off,benzinga.com,English,0.0,gdelt_gkg
PANW,2025-09-15,"Parisi Gray Wealth Management Raises Stock Position in Palo Alto Networks , Inc . $PANW",https://www.tickerreport.com/banking-finance/13152135/parisi-gray-wealth-management-raises-stock-position-in-palo-alto-networks-inc-panw.html,tickerreport.com,English,0.0,gdelt_gkg
PANW,2025-09-15,Ericsson claims first enterprise 5G agentic AI agent,https://www.computerweekly.com/news/366630873/Ericsson-claims-first-enterprise-5G-Agentic-AI-agent,computerweekly.com,English,0.0,gdelt_gkg
PANW,2025-09-15,"Meet Deedy Das , Venture Capital New AI Startup Whisperer",https://www.businessinsider.com/meet-deedy-das-venture-capitalist-ai-startup-whisperer-menlo-partner-2025-9,businessinsider.com,English,0.0,gdelt_gkg
PANW,2025-09-15,116 healthcare cybersecurity companies to know | 2025 - Becker Hospital Review,https://www.beckershospitalreview.com/healthcare-information-technology/cybersecurity/116-healthcare-cybersecurity-companies-to-know-2025/,beckershospitalreview.com,English,0.0,gdelt_gkg
PANW,2025-09-15,Salesforce platforms are being cracked open for data theft - FBI warns of UNC6040 and UNC6395 IOCs,https://www.techradar.com/pro/security/salesforce-platforms-are-being-cracked-open-for-data-theft-fbi-warns-of-unc6040-and-unc6395-iocs,techradar.com,English,0.0,gdelt_gkg
PANW,2025-09-15,"The acquisition at the heart of China Nvidia probe , and Palo Alto joins a  best idea list",https://www.cnbc.com/2025/09/15/the-acquisition-at-the-heart-of-chinas-nvidia-probe-and-palo-alto-joins-a-best-ideas-list.html,cnbc.com,English,0.0,gdelt_gkg
PANW,2025-09-16,Palo Alto Networks added to Wedbush Best Ideas List on platformization strategy and AI tailwinds,https://www.proactiveinvestors.com/companies/news/1078481/palo-alto-networks-added-to-wedbush-s-best-ideas-list-on-platformization-strategy-and-ai-tailwinds-1078481.html,proactiveinvestors.com,English,0.0,gdelt_gkg
PANW,2025-09-16,Wedbush Just Added These Two Tech Stocks to Its  Best Idea List,https://www.investopedia.com/wedbush-analysts-just-added-these-two-tech-companies-to-its-best-ideas-list-11810383,investopedia.com,English,0.0,gdelt_gkg
PANW,2025-09-16,"New England Research & Management Inc . Increases Position in Palo Alto Networks , Inc . $PANW",https://www.dailypolitical.com/2025/09/16/new-england-research-management-inc-increases-position-in-palo-alto-networks-inc-panw.html,dailypolitical.com,English,0.0,gdelt_gkg
PANW,2025-09-16,"FTI Consulting , Inc . Announces Appointment of André Reichow - Prehn as Senior Managing Director",https://www.marketscreener.com/news/fti-consulting-inc-announces-appointment-of-andre-reichow-prehn-as-senior-managing-director-ce7d58dbd988f726,marketscreener.com,English,0.0,gdelt_gkg
PANW,2025-09-16,A Stock to Buy Today | InvestorPlace,https://investorplace.com/2025/09/a-stock-to-buy-today/,investorplace.com,English,0.0,gdelt_gkg
PANW,2025-09-16,Big changes to the  Best of BMO  list of top analyst stock picks,https://www.theglobeandmail.com/investing/markets/inside-the-market/article-big-changes-to-the-best-of-bmo-list-of-top-analyst-stock-picks/,theglobeandmail.com,English,0.0,gdelt_gkg
PANW,2025-09-17,Inside the Salesloft Drift Breach : Critical Lessons for SaaS Security and Governance | EDRM - Electronic Discovery Reference Model,https://www.jdsupra.com/legalnews/inside-the-salesloft-drift-breach-6041340/,jdsupra.com,English,0.0,gdelt_gkg
PANW,2025-09-17,דוח חדש : גיוסי קרנות ההון - סיכון בישראל צנחו ב - 80 % בשנת 2024,https://www.globes.co.il/news/article.aspx?did=1001521990,globes.co.il,Hebrew,0.0,gdelt_gkg
PANW,2025-09-17,הנפקת הסייבר הגדולה השנה מגיעה לוול סטריט . ואיפה הישראליות ? ,https://www.globes.co.il/news/article.aspx?did=1001521930,globes.co.il,Hebrew,0.0,gdelt_gkg
PANW,2025-09-17,"At CrowdStrike Fal . con , CEO George Kurtz says AI can help it become the top cybersecurity platform",https://siliconangle.com/2025/09/16/crowdstrike-fal-con-ceo-george-kurtz-says-ai-can-help-become-top-cybersecurity-platform/,siliconangle.com,English,0.0,gdelt_gkg
PANW,2025-09-17,Fabrix Security emerges from stealth with $8M to launch AI - driven identity management,https://www.ynetnews.com/tech-and-digital/article/bymdmydogg,ynetnews.com,English,0.0,gdelt_gkg
PANW,2025-09-17,Israel Glilot Capital raises $500 million for new AI and cybersecurity investments,https://finance.yahoo.com/news/israels-glilot-capital-raises-500-130445268.html,finance.yahoo.com,English,0.0,gdelt_gkg
PANW,2025-09-17,הקרן הוותיקה מגייסת חצי מיליארד ד  להשקעה בחברות ישראליות,https://www.globes.co.il/news/article.aspx?did=1001522045,globes.co.il,Hebrew,0.0,gdelt_gkg
PANW,2025-09-17,"Ashay Mohile Honored for Transformative Impact in Cybersecurity , AI Innovation , and Infrastructure Security Leadership",http://www.srilankasource.com/news/278582050/ashay-mohile-honored-for-transformative-impact-in-cybersecurity-ai-innovation-and-infrastructure-security-leadership,srilankasource.com,English,0.0,gdelt_gkg
PANW,2025-09-17,WhatsApp  guest chat feature : UAE experts warn of dangers of talking to strangers,https://www.khaleejtimes.com/business/tech/whatsapp-guest-chats-feature-cybersecurity-risk,khaleejtimes.com,English,0.0,gdelt_gkg
PANW,2025-09-17,"Intelligence Driven Advisers LLC Buys New Position in Palo Alto Networks , Inc . $PANW",https://www.dailypolitical.com/2025/09/17/intelligence-driven-advisers-llc-buys-new-position-in-palo-alto-networks-inc-panw.html,dailypolitical.com,English,0.0,gdelt_gkg
PANW,2025-09-18,"Tounjian Advisory Partners LLC Sells 62 Shares of Palo Alto Networks , Inc . $PANW",https://www.themarketsdaily.com/2025/09/18/tounjian-advisory-partners-llc-sells-62-shares-of-palo-alto-networks-inc-panw.html,themarketsdaily.com,English,0.0,gdelt_gkg
PANW,2025-09-18,Cybersecurity firm Netskope notches $8 . 8 billion valuation as shares jump in Nasdaq debut,https://www.marketscreener.com/news/cybersecurity-firm-netskope-fetches-8-8-billion-valuation-as-shares-jump-in-nasdaq-debut-ce7d58d9dc80ff2d,marketscreener.com,English,0.0,gdelt_gkg
PANW,2025-09-18,Baystreet . ca - Quantum Computing : The Threats Every One Needs to be Well Aware Of,http://baystreet.ca/stockstowatch/21672/Quantum-Computing-The-Threats-Every-One-Needs-to-be-Well-Aware-Of,baystreet.ca,English,0.0,gdelt_gkg
PANW,2025-09-18,CrowdStrike Stock Jumps After Cybersecurity Giant Guides Key Growth Metric Above Views,https://www.investors.com/news/technology/crowdstrike-stock-crwd-cybersecurity-fiscal-2027-arr-guidance/,investors.com,English,0.0,gdelt_gkg
PANW,2025-09-18,"Mn Services Vermogensbeheer B . V . Grows Stock Holdings in Palo Alto Networks , Inc . $PANW",https://www.tickerreport.com/banking-finance/13156719/mn-services-vermogensbeheer-b-v-grows-stock-holdings-in-palo-alto-networks-inc-panw.html,tickerreport.com,English,0.0,gdelt_gkg
PANW,2025-09-18,Telecom Stocks To Follow Now – September 15th,https://www.themarketsdaily.com/2025/09/18/telecom-stocks-to-follow-now-september-15th.html,themarketsdaily.com,English,0.0,gdelt_gkg
PANW,2025-09-18,Former Facebook Engineer Quickly Becomes VC Partner After Building $250M Revenue Engine At AI Startup Glean - Palo Alto Networks ( NASDAQ : PANW ) ,https://www.benzinga.com/news/topics/25/09/47753718/former-facebook-engineer-quickly-becomes-vc-partner-after-building-250m-revenue-engine-at-ai-startup-glean,benzinga.com,English,0.0,gdelt_gkg
PANW,2025-09-18,"Palo Alto Networks Unveils AI - Generated Ad Campaign , Showcasing Secure Innovation in Action",http://www.prnewswire.com/news-releases/palo-alto-networks-unveils-ai-generated-ad-campaign-showcasing-secure-innovation-in-action-302560256.html,prnewswire.com,English,0.0,gdelt_gkg
PANW,2025-09-18,Upscale AI gets $100M for a new kind of AI networking infrastructure built on open standards,https://siliconangle.com/2025/09/17/upscale-ai-gets-100m-new-kind-ai-networking-infrastructure-built-open-standards/,siliconangle.com,English,0.0,gdelt_gkg
PANW,2025-09-18,CrowdStrike recovery and AI cybersecurity dedication,https://siliconangle.com/2025/09/17/crowdstrike-recovery-cybersecurity-thecube-1-keynote-crowdstrikefalcon/,siliconangle.com,English,0.0,gdelt_gkg
PANW,2025-09-18,"Okta CEO on the quarterly reports debate : Less obsession with numbers , more conversation with investors",https://finance.yahoo.com/news/okta-ceo-on-the-quarterly-reports-debate-less-obsession-with-numbers-more-conversation-with-investors-162401460.html,finance.yahoo.com,English,0.0,gdelt_gkg
PANW,2025-09-18,SentinelOne Continues to Sharpen Its AI Edge,https://www.fool.com/investing/2025/09/18/sentinelone-continues-to-sharpen-its-ai-edge/?source=iedfolrf0000001,fool.com,English,0.0,gdelt_gkg
PANW,2025-09-18,Jim Cramer rapid fire update on all 31 Investing Club stocks,https://www.cnbc.com/2025/09/18/jim-cramers-rapid-fire-update-on-all-31-investing-club-stocks.html,cnbc.com,English,0.0,gdelt_gkg
PANW,2025-09-18,Labour minister takes free California trip from firm with NHS contracts,https://www.thenational.scot/news/25475672.firm-nhs-contracts-pays-labour-ministers-california-trip/,thenational.scot,English,0.0,gdelt_gkg
PANW,2025-09-19,"CyberCX , Westcon , NTT Data recognised among Palo Alto Network top APJ partners – ARN",https://www.arnnet.com.au/article/4059730/cybercx-westcon-ntt-data-recognised-among-palo-alto-networks-top-apj-partners.html,arnnet.com.au,English,0.0,gdelt_gkg
PANW,2025-09-19,15 stocks to cash in on an expected 300 % boost in cloud AI spending through 2028,https://finance.yahoo.com/news/15-stocks-cash-expected-300-141800568.html,finance.yahoo.com,English,0.0,gdelt_gkg
PANW,2025-09-19,5 ways to spot software supply chain attacks and stop worms - before it too late,https://www.zdnet.com/article/5-ways-to-spot-software-supply-chain-attacks-and-stop-worms-before-its-too-late/,zdnet.com,English,0.0,gdelt_gkg
PANW,2025-09-20,"CrowdStrike Talked a Big Game at Its Investor Day , and Investors Love It",https://www.fool.com/investing/2025/09/20/crowdstrike-talked-a-big-game-at-its-investor-day/?source=iedfolrf0000001,fool.com,English,0.0,gdelt_gkg
PANW,2025-09-20,ShinyHunters Claims 1 . 5B Record Theft in Salesloft GitHub Attack,https://www.webpronews.com/shinyhunters-claims-1-5b-record-theft-in-salesloft-github-attack/,webpronews.com,English,0.0,gdelt_gkg
PANW,2025-09-20,Tufin upgrades Tufin Partner Program for network management and cloud security automation,https://channelbuzz.ca/2025/09/tufin-upgrades-tufin-partner-program-for-network-management-and-cloud-security-automation-44557/,channelbuzz.ca,English,0.0,gdelt_gkg
PANW,2025-09-20,"Weatherly Asset Management L . P . Lowers Stock Position in Palo Alto Networks , Inc . $PANW",https://www.tickerreport.com/banking-finance/13159798/weatherly-asset-management-l-p-lowers-stock-position-in-palo-alto-networks-inc-panw.html,tickerreport.com,English,0.0,gdelt_gkg
PANW,2025-09-20,SentinelOne Continues to Sharpen Its AI Edge,https://finance.yahoo.com/news/sentinelone-continues-sharpen-ai-edge-203306363.html,finance.yahoo.com,English,0.0,gdelt_gkg
PANW,2025-09-20,"Palo Alto Networks , Inc . $PANW Shares Sold by Harbour Capital Advisors LLC",https://www.tickerreport.com/banking-finance/13159841/palo-alto-networks-inc-panw-shares-sold-by-harbour-capital-advisors-llc.html,tickerreport.com,English,0.0,gdelt_gkg
PANW,2025-09-21,"Global X Japan Co . Ltd . Sells 92 , 392 Shares of Palo Alto Networks , Inc . $PANW",https://www.themarketsdaily.com/2025/09/21/global-x-japan-co-ltd-sells-92392-shares-of-palo-alto-networks-inc-panw.html,themarketsdaily.com,English,0.0,gdelt_gkg
PANW,2025-09-21,"Rep . Val T . Hoyle Sells Palo Alto Networks , Inc . ( NASDAQ : PANW ) Stock",https://www.themarketsdaily.com/2025/09/21/rep-val-t-hoyle-sells-palo-alto-networks-inc-nasdaqpanw-stock.html,themarketsdaily.com,English,0.0,gdelt_gkg
PANW,2025-09-21,"Palo Alto Networks , Inc . $PANW Shares Sold by Whitener Capital Management Inc . ",https://www.themarketsdaily.com/2025/09/21/palo-alto-networks-inc-panw-shares-sold-by-whitener-capital-management-inc.html,themarketsdaily.com,English,0.0,gdelt_gkg
PANW,2025-09-21,Exclusive : Cohesity explains why cyber resilience beats prevention,https://channellife.co.nz/story/exclusive-cohesity-explains-why-cyber-resilience-beats-prevention,channellife.co.nz,English,0.0,gdelt_gkg
PANW,2025-09-21,Exclusive : Cohesity explains why cyber resilience beats prevention,https://channellife.com.au/story/exclusive-cohesity-explains-why-cyber-resilience-beats-prevention,channellife.com.au,English,0.0,gdelt_gkg
PANW,2025-09-21,Exclusive : Garland Technology on safeguarding critical infrastructure,https://channellife.com.au/story/exclusive-garland-technology-on-safeguarding-critical-infrastructure,channellife.com.au,English,0.0,gdelt_gkg
PANW,2025-09-22,AI factories reshape chips and global clouds,https://siliconangle.com/2025/09/22/nvidia-bets-intel-ai-factories-reshape-data-centers-thecubepod/,siliconangle.com,English,0.0,gdelt_gkg
PANW,2025-09-22,"CrowdStrike Talked a Big Game at Its Investor Day , and Investors Love It",https://finance.yahoo.com/news/crowdstrike-talked-big-game-investor-163000809.html,finance.yahoo.com,English,0.0,gdelt_gkg
PANW,2025-09-23,Mplify Unveils Finalists for 2025 NaaS Excellence Awards,https://www.itnewsonline.com/GlobeNewswire/Mplify-Unveils-Finalists-for-2025-NaaS-Excellence-Awards/106928,itnewsonline.com,English,0.0,gdelt_gkg
PANW,2025-09-23,France President addresses the UN General assembly | Morning News Bulletin 23 September 2025,https://www.sbs.com.au/news/podcast-episode/frances-president-addresses-the-un-general-assembly-morning-news-bulletin-23-september-2025/q24bjzn2k,sbs.com.au,English,0.0,gdelt_gkg
PANW,2025-09-23,"The New Deepfake Nemesis : Universal Detector Boasts 98 % Accuracy , Reshaping the Fight Against Digital Deception",https://markets.financialcontent.com/stocks/article/marketminute-2025-9-23-the-new-deepfake-nemesis-universal-detector-boasts-98-accuracy-reshaping-the-fight-against-digital-deception,markets.financialcontent.com,English,0.0,gdelt_gkg
PANW,2025-09-23,Top Cybersecurity Stocks Worth Watching – September 23rd,https://www.themarketsdaily.com/2025/09/23/top-cybersecurity-stocks-worth-watching-september-23rd.html,themarketsdaily.com,English,0.0,gdelt_gkg
PANW,2025-09-23,Webinar | From Complexity to Simplicity : AI - Driven SD - WAN for a Zero Trust Branch,https://www.bankinfosecurity.com/webinars/webinar-from-complexity-to-simplicity-ai-driven-sd-wan-for-zero-trust-w-6491,bankinfosecurity.com,English,0.0,gdelt_gkg
PANW,2025-09-23,"CoreWeave upgraded , Lululemon downgraded : Wall Street top analyst calls",https://finance.yahoo.com/news/coreweave-upgraded-lululemon-downgraded-wall-134046337.html,finance.yahoo.com,English,0.0,gdelt_gkg
PANW,2025-09-23,"Canaccord Genuity analyst surveys industrial REITs , reiterates top picks",https://www.theglobeandmail.com/investing/markets/inside-the-market/article-canaccord-genuity-analyst-surveys-industrial-reits-reiterates-top/,theglobeandmail.com,English,0.0,gdelt_gkg
PANW,2025-09-23,Telecom Stocks To Follow Today – September 23rd,https://www.tickerreport.com/banking-finance/13164378/telecom-stocks-to-follow-today-september-23rd.html,tickerreport.com,English,0.0,gdelt_gkg
PANW,2025-09-24,Oktane 2025 : Okta takes aim at agentic AI governance gap,https://www.computerweekly.com/news/366631993/Oktane-2025-Okta-takes-aim-at-agentic-AI-governance-gap,computerweekly.com,English,0.0,gdelt_gkg
PANW,2025-09-24,Zelenskyy Urgent AI Warning : A Looming Arms Race and the Market Reckoning,https://markets.financialcontent.com/stocks/article/marketminute-2025-9-24-zelenskyys-urgent-ai-warning-a-looming-arms-race-and-the-markets-reckoning,markets.financialcontent.com,English,0.0,gdelt_gkg
PANW,2025-09-24,Palo Alto Networks ( PANW ) Seen as Market Leader in Expanding Cybersecurity Market,https://www.insidermonkey.com/blog/palo-alto-networks-panw-seen-as-market-leader-in-expanding-cybersecurity-market-1615617/,insidermonkey.com,English,0.0,gdelt_gkg
PANW,2025-09-24,"Wedbush Adds Palo Alto Networks ( PANW ) to Best Ideas List , Reaffirms Outperform Rating",https://biztoc.com/x/2b12d7e0a82ab27d,biztoc.com,English,0.0,gdelt_gkg
PANW,2025-09-24,MarketNewsUpdates : Global AI In Cybersecurity Market Size Projected to Reach $93 Billion By 2030 Due To Frequent High - Profile Cyberattacks,https://www.finanznachrichten.de/nachrichten-2025-09/66522958-marketnewsupdates-global-ai-in-cybersecurity-market-size-projected-to-reach-dollar-93-billion-by-2030-due-to-frequent-high-profile-cyberattacks-008.htm,finanznachrichten.de,English,0.0,gdelt_gkg
PANW,2025-09-24,"Healthcare Cybersecurity Market Advancements Highlighted by Innovations , Technology Growth and Research",https://whatech.com/og/markets-research/it/989721-healthcare-cybersecurity-market-innovations-technology-growth-and-research-2028.html,whatech.com,English,0.0,gdelt_gkg
PANW,2025-09-25,"Wedbush Adds Palo Alto Networks ( PANW ) to Best Ideas List , Reaffirms Outperform Rating",https://finance.yahoo.com/news/wedbush-adds-palo-alto-networks-124539429.html,finance.yahoo.com,English,0.0,gdelt_gkg
PANW,2025-09-25,"Quantum - Resistant Secure Router Market Growth Driven by Key Trends , Projected at 26 . 5 % CAGR to 2029",https://whatech.com/og/markets-research/it/990096-quantum-resistant-secure-router-market-growth-driven-by-key-trends-projected-at-26-5-cagr-to-2029.html,whatech.com,English,0.0,gdelt_gkg
PANW,2025-09-25,"Wealth Effects LLC Makes New $221 , 000 Investment in Palo Alto Networks , Inc . $PANW",https://www.tickerreport.com/banking-finance/13167333/wealth-effects-llc-makes-new-221000-investment-in-palo-alto-networks-inc-panw.html,tickerreport.com,English,0.0,gdelt_gkg
PANW,2025-09-25,HashiCorp Previews the Future of Agentic Infrastructure Automation with Project infragraph,https://newsroom.ibm.com/2025-09-25-hashicorp-previews-the-future-of-agentic-infrastructure-automation-with-project-infragraph,newsroom.ibm.com,English,0.0,gdelt_gkg
PANW,2025-09-25,A Compromised Chatbot Integration Leads to Widespread Data Theft,https://www.lexology.com/library/detail.aspx?g=088b812d-5e71-4a85-bbeb-b5b6e820add9,lexology.com,English,0.0,gdelt_gkg
PANW,2025-09-25,HashiCorp Previews the Future of Agentic Infrastructure Automation with Project infragraph,https://www.manilatimes.net/2025/09/26/tmt-newswire/pr-newswire/hashicorp-previews-the-future-of-agentic-infrastructure-automation-with-project-infragraph/2190706,manilatimes.net,English,0.0,gdelt_gkg
PANW,2025-09-25,"Sola Security launches agentic workflows and vibe canvases , defining the future of AI in cybersecurity",https://channelbuzz.ca/2025/09/sola-security-launches-agentic-workflows-and-vibe-canvases-defining-the-future-of-ai-in-cybersecurity-44624/,channelbuzz.ca,English,0.0,gdelt_gkg
PANW,2025-09-25,HashiCorp Previews the Future of Agentic Infrastructure Automation with Project infragraph,https://www.thailand-business-news.com/pr-news/hashicorp-previews-the-future-of-agentic-infrastructure-automation-with-project-infragraph,thailand-business-news.com,English,0.0,gdelt_gkg
PANW,2025-09-25,"Dakota Wealth Management Purchases 5 , 953 Shares of Palo Alto Networks , Inc . $PANW",https://www.themarketsdaily.com/2025/09/25/dakota-wealth-management-purchases-5953-shares-of-palo-alto-networks-inc-panw.html,themarketsdaily.com,English,0.0,gdelt_gkg
PANW,2025-09-25,US officials issue  emergency  cybersecurity order after hackers breach at least one government agency,https://us.cnn.com/2025/09/25/politics/hackers-breach-us-government,us.cnn.com,English,0.0,gdelt_gkg
PANW,2025-09-26,US issues  emergency  cybersecurity order after hacker breach,https://www.ksbw.com/article/us-officials-issue-emergency-cybersecurity-order-after-hackers-breach-one-government-agency/68078077,ksbw.com,English,0.0,gdelt_gkg
PANW,2025-09-26,"Pitch Deck : AI Startup Requesty Raises $3M , Helps Devs Build on LLMs",https://www.businessinsider.com/pitch-deck-ai-startup-requesty-seed-2025-9,businessinsider.com,English,0.0,gdelt_gkg
PANW,2025-09-26,US issues  emergency  cybersecurity order after hacker breach,https://www.wbaltv.com/article/us-officials-issue-emergency-cybersecurity-order-after-hackers-breach-one-government-agency/68078077,wbaltv.com,English,0.0,gdelt_gkg
PANW,2025-09-26,US issues  emergency  cybersecurity order after hacker breach,https://www.wisn.com/article/us-officials-issue-emergency-cybersecurity-order-after-hackers-breach-one-government-agency/68078077,wisn.com,English,0.0,gdelt_gkg
PANW,2025-09-26,US issues  emergency  cybersecurity order after hacker breach,https://www.ketv.com/article/us-officials-issue-emergency-cybersecurity-order-after-hackers-breach-one-government-agency/68078077,ketv.com,English,0.0,gdelt_gkg
PANW,2025-09-26,US issues  emergency  cybersecurity order after hacker breach,https://www.wdsu.com/article/us-officials-issue-emergency-cybersecurity-order-after-hackers-breach-one-government-agency/68078077,wdsu.com,English,0.0,gdelt_gkg
PANW,2025-09-26,CISA issues emergency patching directive for Cisco devices on federal networks,https://www.nextgov.com/cybersecurity/2025/09/cisa-issues-emergency-patching-directive-cisco-devices-federal-networks/408384/,nextgov.com,English,0.0,gdelt_gkg
PANW,2025-09-26,CyberArk ( CYBR ) Stock Downgraded Amid Pending Palo Alto Networks Acquisition,https://www.insidermonkey.com/blog/cyberark-cybr-stock-downgraded-amid-pending-palo-alto-networks-acquisition-1616058/,insidermonkey.com,English,0.0,gdelt_gkg
PANW,2025-09-26,New Chinese Espionage Hacking Group Uncovered,https://www.govinfosecurity.com/new-chinese-espionage-hacking-group-uncovered-a-29569,govinfosecurity.com,English,0.0,gdelt_gkg
PANW,2025-09-26,US issues  emergency  cybersecurity order after hacker breach,https://www.4029tv.com/article/us-officials-issue-emergency-cybersecurity-order-after-hackers-breach-one-government-agency/68078077,4029tv.com,English,0.0,gdelt_gkg
PANW,2025-09-26,US officials issue  emergency  cybersecurity order after hackers breach at least one government agency,https://ktvz.com/politics/cnn-us-politics/2025/09/25/us-officials-issue-emergency-cybersecurity-order-after-hackers-breach-at-least-one-government-agency/,ktvz.com,English,0.0,gdelt_gkg
PANW,2025-09-26,Agentic AI at the Inflection Point : Opportunity and Governance,https://www.pymnts.com/artificial-intelligence-2/2025/agentic-ai-enterprises-saas-artificial-intelligence/,pymnts.com,English,0.0,gdelt_gkg
PANW,2025-09-27,SHAREHOLDER INVESTIGATION : Halper Sadeh LLC Investigates,https://www.globenewswire.com/news-release/2025/09/27/3157330/0/en/SHAREHOLDER-INVESTIGATION-Halper-Sadeh-LLC-Investigates-STAA-and-CYBR-on-Behalf-of-Shareholders.html,globenewswire.com,English,0.0,gdelt_gkg
PANW,2025-09-27,"Beijing RedNovember hacked critical US , global orgs",https://www.theregister.com/2025/09/27/rednovember_chinese_espionage/,theregister.com,English,0.0,gdelt_gkg
PANW,2025-09-27,Palo Alto Networks Stock Has Surged Since August . Can This Momentum Continue ? ,https://www.fool.com/investing/2025/09/27/palo-alto-networks-stock-has-surged-since-august-c/?source=iedfolrf0000001,fool.com,English,0.0,gdelt_gkg
PANW,2025-09-28,"Willow Creek Wealth Management Inc . Purchases New Position in Palo Alto Networks , Inc . $PANW",https://www.tickerreport.com/banking-finance/13171852/willow-creek-wealth-management-inc-purchases-new-position-in-palo-alto-networks-inc-panw.html,tickerreport.com,English,0.0,gdelt_gkg
PANW,2025-09-28,"BayBridge Capital Group LLC Increases Holdings in Palo Alto Networks , Inc . $PANW",https://www.tickerreport.com/banking-finance/13171907/baybridge-capital-group-llc-increases-holdings-in-palo-alto-networks-inc-panw.html,tickerreport.com,English,0.0,gdelt_gkg
PANW,2025-09-28,"Worth Financial Advisory Group LLC Has $1 . 02 Million Stock Position in Palo Alto Networks , Inc . $PANW",https://www.dailypolitical.com/2025/09/28/worth-financial-advisory-group-llc-has-1-02-million-stock-position-in-palo-alto-networks-inc-panw.html,dailypolitical.com,English,0.0,gdelt_gkg
PANW,2025-09-28,"Willow Creek Wealth Management Inc . Purchases Shares of 1 , 067 Palo Alto Networks , Inc . $PANW",https://www.dailypolitical.com/2025/09/28/willow-creek-wealth-management-inc-purchases-shares-of-1067-palo-alto-networks-inc-panw.html,dailypolitical.com,English,0.0,gdelt_gkg
PANW,2025-09-28,"Coastline Trust Co Boosts Holdings in Palo Alto Networks , Inc . $PANW",https://www.dailypolitical.com/2025/09/28/coastline-trust-co-boosts-holdings-in-palo-alto-networks-inc-panw.html,dailypolitical.com,English,0.0,gdelt_gkg
PANW,2025-09-28,Tariff war : Lutnick says India and Brazil need to be  fixed  ,https://timesofindia.indiatimes.com/business/india-business/tariff-war-lutnick-says-india-and-brazil-need-to-be-fixed/articleshow/124196222.cms,timesofindia.indiatimes.com,English,0.0,gdelt_gkg
PANW,2025-09-28,Wiz chief technologist Ami Luttwak on how AI is transforming cyberattacks,https://techcrunch.com/2025/09/28/wiz-chief-technologist-ami-luttwak-on-how-ai-is-transforming-cyberattacks/,techcrunch.com,English,0.0,gdelt_gkg
PANW,2025-09-28,"KG & L Capital Management LLC Boosts Stock Position in Palo Alto Networks , Inc . $PANW",https://www.dailypolitical.com/2025/09/28/kgl-capital-management-llc-boosts-stock-position-in-palo-alto-networks-inc-panw.html,dailypolitical.com,English,0.0,gdelt_gkg
PANW,2025-09-29,Dealmakers defy stubborn M & A market with rare $1 trillion haul,https://fortune.com/2025/09/29/dealmakers-1-trillion-third-quarter-wall-street-bankers-mergers-acquisitions/,fortune.com,English,0.0,gdelt_gkg
PANW,2025-09-29,"Visa uncertainty a bigger threat for Silicon Valley talent : Okta CEO , ETTelecom",https://telecom.economictimes.indiatimes.com/news/enterprise-services/visa-uncertaintys-a-bigger-threat-for-silicon-valley-talent-okta-ceo/124203079,telecom.economictimes.indiatimes.com,English,0.0,gdelt_gkg
PANW,2025-09-29,Hackers Hit Hundreds of Cisco Firewalls in US Government,https://www.claimsjournal.com/news/national/2025/09/29/333209.htm,claimsjournal.com,English,0.0,gdelt_gkg
PANW,2025-09-29,Architecting cyber resilience for an era of disruption,https://www.cio.com/article/4043043/architecting-cyber-resilience-for-an-era-of-disruption.html,cio.com,English,0.0,gdelt_gkg
PANW,2025-09-29,Harness Strengthens Its Application Security Business with Acquisition of Qwiet AI,http://www.prnewswire.com/news-releases/harness-strengthens-its-application-security-business-with-acquisition-of-qwiet-ai-302569086.html,prnewswire.com,English,0.0,gdelt_gkg
PANW,2025-09-29,Index  25 - the World First AI - Search Conference,http://www.hawaiitelegraph.com/news/278607781/index25-the-world-first-ai-search-conference,hawaiitelegraph.com,English,0.0,gdelt_gkg
PANW,2025-09-29,IT News Online - Index  25 - the World First AI - Search Conference,https://www.itnewsonline.com/news/Index25---the-Worlds-First-AI-Search-Conference/32069,itnewsonline.com,English,0.0,gdelt_gkg
PANW,2025-09-29,"The AI Arms Race : How Intelligent Systems Are Redefining Cybersecurity , With CrowdStrike Leading the Charge",https://markets.financialcontent.com/stocks/article/marketminute-2025-9-29-the-ai-arms-race-how-intelligent-systems-are-redefining-cybersecurity-with-crowdstrike-leading-the-charge,markets.financialcontent.com,English,0.0,gdelt_gkg
PANW,2025-09-29,"Invesco LLC Raises Stock Position in Palo Alto Networks , Inc . $PANW",https://www.themarketsdaily.com/2025/09/29/invesco-llc-raises-stock-position-in-palo-alto-networks-inc-panw.html,themarketsdaily.com,English,0.0,gdelt_gkg
PANW,2025-09-29,AI Startup Black Forest Labs Shoots for $4 Billion Valuation,https://www.pymnts.com/artificial-intelligence-2/2025/ai-startup-black-forest-labs-shoots-for-4-billion-valuation/,pymnts.com,English,0.0,gdelt_gkg
PANW,2025-09-30,What the Options Market Tells Us About Palo Alto Networks - Palo Alto Networks ( NASDAQ : PANW ) ,https://www.benzinga.com/insights/options/25/09/47953212/what-the-options-market-tells-us-about-palo-alto-networks,benzinga.com,English,0.0,gdelt_gkg
PANW,2025-09-30,5 top ASX ETFs to buy in October,https://www.fool.com.au/2025/09/30/5-top-asx-etfs-to-buy-in-october-2025/,fool.com.au,English,0.0,gdelt_gkg
PANW,2025-09-30,ارتفاع تمويل قطاع التكنولوجيا الفائقة وصفقات الاستحواذ بإسرائيل رغم حرب غزة,https://www.alquds.co.uk/%D8%A7%D8%B1%D8%AA%D9%81%D8%A7%D8%B9-%D8%AA%D9%85%D9%88%D9%8A%D9%84-%D9%82%D8%B7%D8%A7%D8%B9-%D8%A7%D9%84%D8%AA%D9%83%D9%86%D9%88%D9%84%D9%88%D8%AC%D9%8A%D8%A7-%D8%A7%D9%84%D9%81%D8%A7%D8%A6%D9%82/,alquds.co.uk,Arabic,0.0,gdelt_gkg
PANW,2025-09-30,"Palo Alto Networks , Inc . $PANW Holdings Decreased by Robbins Farley",https://www.tickerreport.com/banking-finance/13174727/palo-alto-networks-inc-panw-holdings-decreased-by-robbins-farley.html,tickerreport.com,English,0.0,gdelt_gkg
PANW,2025-09-30,Databricks unveils Data Intelligence for Cybersecurity to build AI agents securely,https://www.thehindu.com/sci-tech/technology/databricks-unveils-data-intelligence-for-cybersecurity-to-build-ai-agents-securely/article70112452.ece,thehindu.com,English,0.0,gdelt_gkg
PANW,2025-09-30,"לצד גל האקזיטים ההיסטורי בהייטק הישראלי , ההאטה בגיוסי הון נמשכת",https://www.globes.co.il/news/article.aspx?did=1001522841,globes.co.il,Hebrew,0.0,gdelt_gkg
PANW,2025-09-30,Phantom Taurus : New China - Linked Hacker Group Hits Governments With Stealth Malware,https://thehackernews.com/2025/09/phantom-taurus-new-china-linked-hacker.html,thehackernews.com,English,0.0,gdelt_gkg
PANW,2025-09-30,Elastic Security scores 99 . 3 % in 2025 AV - Comparatives EPR test,https://channellife.com.au/story/elastic-security-scores-99-3-in-2025-av-comparatives-epr-test,channellife.com.au,English,0.0,gdelt_gkg
PANW,2025-09-30,"Bluesphere Advisors LLC Trims Stock Holdings in Palo Alto Networks , Inc . $PANW",https://www.dailypolitical.com/2025/09/30/bluesphere-advisors-llc-trims-stock-holdings-in-palo-alto-networks-inc-panw.html,dailypolitical.com,English,0.0,gdelt_gkg
PANW,2025-09-30,DNP 、 セキュリティ監視運用サービスにCortex XSIAMを追加した 「 統合監視運用サービス 」 を提供,https://cloud.watch.impress.co.jp/docs/news/2050812.html,cloud.watch.impress.co.jp,Japanese,0.0,gdelt_gkg
PANW,2025-09-30,"Palo Alto Networks , Inc . $PANW Shares Sold by Greenleaf Trust",https://www.themarketsdaily.com/2025/09/30/palo-alto-networks-inc-panw-shares-sold-by-greenleaf-trust.html,themarketsdaily.com,English,0.0,gdelt_gkg
PANW,2025-09-30,Upscale AI hires Racepoint Global as first US PR AOR,https://www.prweek.com/article/1934123/upscale-ai-hires-racepoint-global-first-us-pr-aor,prweek.com,English,0.0,gdelt_gkg
PANW,2025-09-30,"Inside the cybersecurity boom , strong team , and bold gamble that helped Wiz CEO Assaf Rappaport win a $32 billion deal with Google",https://fortune.com/article/wiz-cloud-security-ceo-assaf-rappaport-google-sundar-pichai/,fortune.com,English,0.0,gdelt_gkg
PANW,2025-09-30,Chinese Hackers Breached Foreign Minister Email Servers,https://www.insurancejournal.com/news/international/2025/09/30/841090.htm,insurancejournal.com,English,0.0,gdelt_gkg
PANW,2025-10-01,"For global M & A , Q3 was one of the best – and worst – in recent history",https://www.dealstreetasia.com/stories/global-ma-in-q3-458152,dealstreetasia.com,English,0.0,gdelt_gkg
PANW,2025-10-01,"Hurun Rich List 2025 : From Satya Nadella to Sundar Pichai , check richest Indian professional managers",https://economictimes.indiatimes.com/news/company/corporate-trends/hurun-rich-list-2025-from-satya-nadella-to-sundar-pichai-check-richest-indian-professional-managers/articleshow/124251989.cms,economictimes.indiatimes.com,English,0.0,gdelt_gkg
PANW,2025-10-01,Pepper Content Unveils Index  25 : The World First AI - Search Conference,http://www.laosnews.net/news/278611531/pepper-content-unveils-index25-the-world-first-ai-search-conference,laosnews.net,English,0.0,gdelt_gkg
PANW,2025-10-01,CrowdStrike has been on a tear this year and still has room to run,https://www.cnbc.com/2025/10/01/crowdstrike-has-been-on-a-tear-this-year-and-still-has-room-to-run.html,cnbc.com,English,0.0,gdelt_gkg
PANW,2025-11-09,"Midwest Trust Co Purchases Shares of 81 , 285 Palo Alto Networks , Inc . $PANW",https://www.dailypolitical.com/2025/11/09/midwest-trust-co-purchases-shares-of-81285-palo-alto-networks-inc-panw.html,dailypolitical.com,English,0.0,gdelt_gkg
PANW,2025-11-09,Hackers Used WhatsApp Images To Spy On Samsung Galaxy Users For Months,https://www.techworm.net/2025/11/hackers-used-whatsapp-images-spy-samsung-galaxy-users.html,techworm.net,English,0.0,gdelt_gkg
PANW,2025-11-09,"Midwest Trust Co Acquires New Position in Palo Alto Networks , Inc . $PANW",https://www.tickerreport.com/banking-finance/13238056/midwest-trust-co-acquires-new-position-in-palo-alto-networks-inc-panw.html,tickerreport.com,English,0.0,gdelt_gkg
PANW,2025-11-09,Cybersecurity Consolidation Moment : Lessons From Pentera Acquisitions,https://www.forbes.com/sites/alexanderpuutio/2025/11/09/cybersecuritys-consolidation-moment-lessons-from-penteras-acquisitions/,forbes.com,English,0.0,gdelt_gkg
PANW,2025-11-10,Palo Alto Networks Options Frenzy : What You Need to Know - Palo Alto Networks ( NASDAQ : PANW ) ,https://www.benzinga.com/insights/options/25/11/48762446/palo-alto-networkss-options-frenzy-what-you-need-to-know,benzinga.com,English,0.0,gdelt_gkg
PANW,2025-11-10,"ProShare Advisors LLC Boosts Stock Holdings in Palo Alto Networks , Inc . $PANW",https://www.tickerreport.com/banking-finance/13239505/proshare-advisors-llc-boosts-stock-holdings-in-palo-alto-networks-inc-panw.html,tickerreport.com,English,0.0,gdelt_gkg
PANW,2025-11-10,Top Cybersecurity Stocks To Follow Now – November 10th,https://www.tickerreport.com/banking-finance/13239630/top-cybersecurity-stocks-to-follow-now-november-10th.html,tickerreport.com,English,0.0,gdelt_gkg
PANW,2025-11-11,Spoofed AI Agents : The Hidden Threat Lurking in Your Website Traffic,https://www.webpronews.com/spoofed-ai-agents-the-hidden-threat-lurking-in-your-websites-traffic/,webpronews.com,English,0.0,gdelt_gkg
PANW,2025-11-11,CISA Adds Zero - Day Bug Used in Spyware Attacks to KEV - Infosecurity Magazine,https://www.infosecurity-magazine.com/news/cisa-zeroday-bugspyware-attacks-kev/,infosecurity-magazine.com,English,0.0,gdelt_gkg
PANW,2025-11-12,Palo Alto analysts boost target price ahead of Q1 results,https://www.proactiveinvestors.com/companies/news/1082364/palo-alto-analysts-boost-target-price-ahead-of-q1-results-1082364.html,proactiveinvestors.com,English,0.0,gdelt_gkg
PANW,2025-11-12,The speed of innovation : Leading in a brave new era of AI - powered creation,https://www.cio.com/article/4087570/the-speed-of-innovation-leading-in-a-brave-new-era-of-ai-powered-creation.html,cio.com,English,0.0,gdelt_gkg
PANW,2025-11-12,TREND 2nd Annual AI Dialogue to Discuss Tech Diplomacy in the Middle East and North Africa on November 13 - Technology - Emirates24,https://www.emirates247.com/technology/trends-2nd-annual-ai-dialogue-to-discuss-tech-diplomacy-in-the-middle-east-and-north-africa-on-november-13-2025-11-12-1.742558,emirates247.com,English,0.0,gdelt_gkg
PANW,2025-11-12,"Kelleher Financial Advisors Buys 341 Shares of Palo Alto Networks , Inc . $PANW",https://www.dailypolitical.com/2025/11/12/kelleher-financial-advisors-buys-341-shares-of-palo-alto-networks-inc-panw.html,dailypolitical.com,English,0.0,gdelt_gkg
PANW,2025-11-12,"CENTRAL TRUST Co Has $4 . 19 Million Stake in Palo Alto Networks , Inc . $PANW",https://www.themarketsdaily.com/2025/11/12/central-trust-co-has-4-19-million-stake-in-palo-alto-networks-inc-panw.html,themarketsdaily.com,English,0.0,gdelt_gkg
PANW,2025-11-12,Enterprise network security blighted by legacy and unpatched systems,https://www.csoonline.com/article/4085429/enterprise-network-security-blighted-by-legacy-and-unpatched-systems.html,csoonline.com,English,0.0,gdelt_gkg
PANW,2025-11-12,"Renasant Bank Has $1 . 21 Million Stock Position in Palo Alto Networks , Inc . $PANW",https://www.dailypolitical.com/2025/11/12/renasant-bank-has-1-21-million-stock-position-in-palo-alto-networks-inc-panw.html,dailypolitical.com,English,0.0,gdelt_gkg
PANW,2025-11-12,Palo Alto Networks analysts boost target price ahead of Q1 results,https://www.proactiveinvestors.com/companies/news/1082364/palo-alto-networks-analysts-boost-target-price-ahead-of-q1-results-1082364.html,proactiveinvestors.com,English,0.0,gdelt_gkg
PANW,2025-11-13,GSMA MWC26 Barcelona countdown begins with thought leaders cleared for take - off from SpaceX and Starlink,https://www.prnewswire.com/news-releases/gsma-mwc26-barcelona-countdown-begins-with-thought-leaders-cleared-for-take-off-from-spacex-and-starlink-302614359.html,prnewswire.com,English,0.0,gdelt_gkg
PANW,2025-11-13,Why CMO - CIO Alignment Is The Future Of Resilient AI Workplaces,https://www.bandt.com.au/why-cmo-cio-alignment-is-the-future-of-resilient-ai-workplaces/,bandt.com.au,English,0.0,gdelt_gkg
PANW,2025-11-13,GSMA MWC26 Barcelona countdown begins with thought leaders cleared for take - off from SpaceX and Starlink,https://portal.sina.com.hk/finance/finance-prnewswire/prnasia/2025/11/13/1377396/gsma-mwc26-barcelona-countdown-begins-with-thought-leaders-cleared-for-take-off-from-spacex-and-starlink/,portal.sina.com.hk,English,0.0,gdelt_gkg
PANW,2025-11-13,GSMA MWC26 Barcelona countdown begins with thought leaders cleared for take - off from SpaceX and Starlink,https://www.prnewswire.com/news-releases/gsma-mwc26-barcelona-countdown-begins-with-thought-leaders-cleared-for-take-off-from-spacex-and-starlink-302614354.html,prnewswire.com,English,0.0,gdelt_gkg
PANW,2025-11-13,Mplify Names Winners of the 2025 NaaS Excellence Awards,https://www.globenewswire.com/news-release/2025/11/12/3186934/0/en/Mplify-Names-Winners-of-the-2025-NaaS-Excellence-Awards.html,globenewswire.com,English,0.0,gdelt_gkg
PANW,2025-11-13,Why AI advisory is the growth engine partners cant ignore – ARN,https://www.arnnet.com.au/article/4089017/why-ai-advisory-is-the-growth-engine-partners-cant-ignore.html,arnnet.com.au,English,0.0,gdelt_gkg
PANW,2025-11-13,GSMA MWC26 Barcelona countdown begins with thought leaders cleared for take - off from SpaceX and Starlink,https://www.finanznachrichten.de/nachrichten-2025-11/66968959-gsma-mwc26-barcelona-countdown-begins-with-thought-leaders-cleared-for-take-off-from-spacex-and-starlink-008.htm,finanznachrichten.de,English,0.0,gdelt_gkg
PANW,2025-11-13,Mplify Names Winners of the 2025 NaaS Excellence Awards,https://www.itnewsonline.com/GlobeNewswire/Mplify-Names-Winners-of-the-2025-NaaS-Excellence-Awards/110674,itnewsonline.com,English,0.0,gdelt_gkg
PANW,2025-11-14,TELUS Launches Quantum - Safe VPN Service Designed to Future - Proof Customer Security Against Emerging Cyber Threats,https://www.cantechletter.com/newswires/telus-launches-quantum-safe-vpn-service-designed-to-future-proof-customer-security-against-emerging-cyber-threats/,cantechletter.com,English,0.0,gdelt_gkg
PANW,2025-11-14,"Amazingly , AI companies are still short of data centers - but not money to build them",https://siliconangle.com/2025/11/14/amazingly-ai-companies-still-short-data-centers-not-money-build/,siliconangle.com,English,0.0,gdelt_gkg
PANW,2025-11-14,"Reading into insider buying at Starbucks plus , what driving the market rebound",https://www.cnbc.com/2025/11/14/reading-into-insider-buying-at-starbucks-plus-whats-driving-the-market-rebound.html,cnbc.com,English,0.0,gdelt_gkg
PANW,2025-11-14,Were looking to further trim this drug stock and exit this entertainment giant,https://www.cnbc.com/2025/11/14/were-looking-to-further-trim-this-drug-stock-and-exit-this-entertainment-giant.html,cnbc.com,English,0.0,gdelt_gkg
PANW,2025-11-14,Calendar : What investors need to know for the week ahead,https://www.theglobeandmail.com/investing/markets/inside-the-market/article-calendar-what-investors-need-to-know-for-the-week-ahead-116/,theglobeandmail.com,English,0.0,gdelt_gkg
PANW,2025-11-14,Here How Much You Would Have Made Owning Palo Alto Networks Stock In The Last 10 Years - Palo Alto Networks ( NASDAQ : PANW ) ,https://www.benzinga.com/insights/news/25/11/48877951/heres-how-much-you-would-have-made-owning-palo-alto-networks-stock-in-the-last-10-years,benzinga.com,English,0.0,gdelt_gkg
PANW,2025-11-14,Here How Much You Would Have Made Owning Palo Alto Networks Stock In The Last 10 Years,https://biztoc.com/x/f032f404be774ece,biztoc.com,English,0.0,gdelt_gkg
PANW,2025-11-14,U . S . Cybersecurity Sector Report - Q3 2025 | Ropes & Gray LLP,https://www.jdsupra.com/legalnews/u-s-cybersecurity-sector-report-q3-2025-2500469/,jdsupra.com,English,0.0,gdelt_gkg
PANW,2025-11-14,"Stock market next week : Outlook for Nov . 17 - 21 , 2025",https://www.cnbc.com/2025/11/14/stock-market-next-week-outlook-for-nov-17-21-2025.html,cnbc.com,English,0.0,gdelt_gkg
PANW,2025-11-14,Top Technology Executives Recognized at the 2025 NewYorkCIO ORBIE Awards,https://www.manilatimes.net/2025/11/15/tmt-newswire/globenewswire/top-technology-executives-recognized-at-the-2025-newyorkcio-orbie-awards/2224520,manilatimes.net,English,0.0,gdelt_gkg
PANW,2025-11-15,"Palo Alto Networks ( NASDAQ : PANW ) Stock Price Expected to Rise , TD Cowen Analyst Says",https://www.dailypolitical.com/2025/11/15/palo-alto-networks-nasdaqpanw-stock-price-expected-to-rise-td-cowen-analyst-says.html,dailypolitical.com,English,0.0,gdelt_gkg
PANW,2025-11-15,Morgan Stanley Issues Positive Forecast for Palo Alto Networks ( NASDAQ : PANW ) Stock Price,https://www.themarketsdaily.com/2025/11/15/morgan-stanley-issues-positive-forecast-for-palo-alto-networks-nasdaqpanw-stock-price.html,themarketsdaily.com,English,0.0,gdelt_gkg
PANW,2025-11-15,"LGT Capital Partners LTD . Purchases New Shares in Palo Alto Networks , Inc . $PANW",https://www.tickerreport.com/banking-finance/13249281/lgt-capital-partners-ltd-purchases-new-shares-in-palo-alto-networks-inc-panw.html,tickerreport.com,English,0.0,gdelt_gkg
PANW,2025-11-15,Palo Alto Networks : A Strong Contender in Cybersecurity Investment,https://www.fool.com/investing/2025/11/14/palo-alto-networks-a-strong-contender-in-cybersecu/?source=iedfolrf0000001,fool.com,English,0.0,gdelt_gkg
PANW,2025-11-15,"Palo Alto Networks ( NASDAQ : PANW ) Stock Price Expected to Rise , UBS Group Analyst Says",https://www.themarketsdaily.com/2025/11/15/palo-alto-networks-nasdaqpanw-stock-price-expected-to-rise-ubs-group-analyst-says.html,themarketsdaily.com,English,0.0,gdelt_gkg
PANW,2025-11-15,Former Fed governor stock trades violated the central bank ethics rules,https://mynorthwest.com/national/former-fed-governors-stock-trades-violated-the-central-banks-ethics-rules/4158264,mynorthwest.com,English,0.0,gdelt_gkg
PANW,2025-11-15,"Former Fed official Adriana Kugler violated trading rules , disclosure report shows",https://us.cnn.com/2025/11/15/business/federal-reserve-kugler-trading,us.cnn.com,English,0.0,gdelt_gkg
PANW,2025-11-15,Former Fed governor stock trades violated the central bank ethics rules,https://www.local10.com/business/2025/11/15/former-fed-governors-stock-trades-violated-the-central-banks-ethics-rules/,local10.com,English,0.0,gdelt_gkg
PANW,2025-11-15,Former Fed governor stock trades violated the central bank ethics rules,https://www.wsls.com/business/2025/11/15/former-fed-governors-stock-trades-violated-the-central-banks-ethics-rules/,wsls.com,English,0.0,gdelt_gkg
PANW,2025-11-15,Former Fed governor stock trades violated the central bank ethics rules,https://mymotherlode.com/news/national/10190884/former-fed-governors-stock-trades-violated-the-central-banks-ethics-rules.html,mymotherlode.com,English,0.0,gdelt_gkg
PANW,2025-11-15,"Banco Bilbao Vizcaya Argentaria S . A . Cuts Position in Palo Alto Networks , Inc . $PANW",https://www.defenseworld.net/2025/11/15/banco-bilbao-vizcaya-argentaria-s-a-cuts-position-in-palo-alto-networks-inc-panw.html,defenseworld.net,English,0.0,gdelt_gkg
PANW,2025-11-16,Former Fed governor stock trades violated the central bank ethics rules,https://wtop.com/national/2025/11/former-fed-governors-stock-trades-violated-the-central-banks-ethics-rules/,wtop.com,English,0.0,gdelt_gkg
PANW,2025-11-16,Ethics scandal : Ex - Fed governor Adriana Kugler broke trading rules ; disclosures show repeated policy violations,https://timesofindia.indiatimes.com/business/international-business/ethics-scandal-ex-fed-governor-adriana-kugler-broke-trading-rules-disclosures-show-repeated-policy-violations/articleshow/125358814.cms,timesofindia.indiatimes.com,English,0.0,gdelt_gkg
PANW,2025-11-16,"अमेरिका AI को बना रहा सबसे बड़ा हथियार , र‍िपोर्ट में खुलासा - साइबर युद्ध जीतने के ल‍िए तैयार कर रहा एआई एजेंट्स",https://navbharattimes.indiatimes.com/tech/ai-news/america-making-ai-agents-to-fight-cyber-war-investing-millions-of-dollar-claims-a-report/articleshow/125359987.cms,navbharattimes.indiatimes.com,Hindi,0.0,gdelt_gkg
PANW,2025-11-16,Former Fed governor stock trades violated the central bank ethics rules,https://www.nvdaily.com/associated_press_national/former-fed-governors-stock-trades-violated-the-central-banks-ethics-rules/article_ee54e48c-a727-50b8-8985-b1e796fcce89.html,nvdaily.com,English,0.0,gdelt_gkg
PANW,2025-11-16,"Wall Street Week Ahead : Spotlight on earnings from Nvidia & Walmart , jobs report , Fed minutes",https://www.livemint.com/market/stock-market-news/wall-street-week-ahead-spotlight-on-earnings-from-nvidia-walmart-jobs-report-fed-minutes-11763305394978.html,livemint.com,English,0.0,gdelt_gkg
PANW,2025-11-16,"What to Expect in Markets This Week : Earnings From Nvidia , Walmart , Target , Home Depot and More",https://www.investopedia.com/what-to-expect-in-markets-this-week-earnings-from-nvidia-walmart-target-home-depot-and-more-11848831,investopedia.com,English,0.0,gdelt_gkg
PANW,2025-11-16,China Cyber Shadows Exposed : Inside the KnownSec Leak,https://www.webpronews.com/chinas-cyber-shadows-exposed-inside-the-knownsec-leak/,webpronews.com,English,0.0,gdelt_gkg
PANW,2025-11-16,Former Fed governor stock trades violated the central bank ethics rules,https://www.kob.com/ap-top-news/former-fed-governors-stock-trades-violated-the-central-banks-ethics-rules/,kob.com,English,0.0,gdelt_gkg
PANW,2025-11-16,פתיחה שלילית בתל אביב ; המניות הדואליות מובילות את הירידות,https://www.globes.co.il/news/article.aspx?did=1001526433,globes.co.il,Hebrew,0.0,gdelt_gkg
PANW,2025-11-16,"This week in business : Earnings from Metro , NVIDIA",https://www.bnnbloomberg.ca/business/2025/11/14/the-week-ahead-earnings-from-metro-nvidia/,bnnbloomberg.ca,English,0.0,gdelt_gkg
PANW,2025-11-16,Former Fed governor stock trades violated the central bank ethics rules,https://www.gjsentinel.com/news/us/former-fed-governors-stock-trades-violated-the-central-banks-ethics-rules/article_910906db-a735-57e6-94c9-75893f95fed2.html,gjsentinel.com,English,0.0,gdelt_gkg
PANW,2025-11-16,Former Fed governor stock trades violated the central bank ethics rules,https://www.seattletimes.com/business/former-fed-governors-stock-trades-violated-the-central-banks-ethics-rules/,seattletimes.com,English,0.0,gdelt_gkg
PANW,2025-11-16,Former Fed governor stock trades violated the central bank ethics rules – Chicago Tribune,https://www.chicagotribune.com/2025/11/15/former-fed-governors-stock-trades/,chicagotribune.com,English,0.0,gdelt_gkg
PANW,2025-11-16,Former Fed governor stock trades violated the central bank ethics rules,https://www.wral.com/news/ap/2c7ba-former-fed-governors-stock-trades-violated-the-central-banks-ethics-rules/,wral.com,English,0.0,gdelt_gkg
PANW,2025-11-16,Former Fed governor stock trades violated the central bank ethics rules,https://www.clickorlando.com/business/2025/11/15/former-fed-governors-stock-trades-violated-the-central-banks-ethics-rules/,clickorlando.com,English,0.0,gdelt_gkg
PANW,2025-11-16,Here are the 3 big things were watching in the stock market this week,https://www.cnbc.com/2025/11/16/here-are-the-3-big-things-were-watching-in-the-stock-market-this-week.html,cnbc.com,English,0.0,gdelt_gkg
PANW,2025-11-16,Former Fed governor stock trades violated the central bank ethics rules,https://www.springfieldnewssun.com/news/nation-world/former-fed-governors-stock-trades-violated-the-central-banks-ethics-rules/DDADURF2CROB5GCOYJPVIPWXGU/,springfieldnewssun.com,English,0.0,gdelt_gkg
PANW,2025-11-16,Former Fed governor stock trades violated the central bank ethics rules,https://www.clickondetroit.com/business/2025/11/15/former-fed-governors-stock-trades-violated-the-central-banks-ethics-rules/,clickondetroit.com,English,0.0,gdelt_gkg
PANW,2025-11-16,Former Fed governor stock trades violated the central bank ethics rules,https://www.bozemandailychronicle.com/ap_news/business/former-fed-governors-stock-trades-violated-the-central-banks-ethics-rules/article_bf9ed81d-7a76-5ca1-beee-db347e6a9568.html,bozemandailychronicle.com,English,0.0,gdelt_gkg
PANW,2025-11-16,Former Fed governor stock trades violated the central bank ethics rules,https://www.ksat.com/business/2025/11/15/former-fed-governors-stock-trades-violated-the-central-banks-ethics-rules/,ksat.com,English,0.0,gdelt_gkg
PANW,2025-11-16,Former Fed governor stock trades violated the central bank ethics rules,https://ktar.com/national-news/former-fed-governors-stock-trades-violated-the-central-banks-ethics-rules/5777003/,ktar.com,English,0.0,gdelt_gkg
PANW,2025-11-16,"NVDA Earnings , FOMC and Other Key Things to Watch this Week",https://finance.yahoo.com/news/nvda-earnings-fomc-other-key-180002440.html,finance.yahoo.com,English,0.0,gdelt_gkg
PANW,2025-11-16,Former Fed governor stock trades violated the central bank ethics rules,https://www.journal-news.com/news/nation-world/former-fed-governors-stock-trades-violated-the-central-banks-ethics-rules/DDADURF2CROB5GCOYJPVIPWXGU/,journal-news.com,English,0.0,gdelt_gkg
PANW,2025-11-16,Arista and Palo Alto Collaborate to Enhance Data Center Security,https://themunicheye.com/arista-palo-alto-data-center-security-collaboration-29285,themunicheye.com,English,0.0,gdelt_gkg
PANW,2025-11-16,Former Fed governor stock trades violated the central bank ethics rules,https://www.dailygazette.com/hv360/ap/business/former-fed-governors-stock-trades-violated-the-central-banks-ethics-rules/article_eb6f2259-5b2f-5417-a016-70347b744567.html,dailygazette.com,English,0.0,gdelt_gkg
PANW,2025-11-16,Former Fed governor stock trades violated the central bank ethics rules,https://www.dailygazette.com/the_recorder/ap/business/former-fed-governors-stock-trades-violated-the-central-banks-ethics-rules/article_eb6f2259-5b2f-5417-a016-70347b744567.html,dailygazette.com,English,0.0,gdelt_gkg
PANW,2025-11-17,US Equity Futures Fade Overnight Gains As Global Selloff Deepens,https://www.zerohedge.com/markets/us-equity-futures-fade-overnight-gains-global-selloff-deepens,zerohedge.com,English,0.0,gdelt_gkg
PANW,2025-11-17,"Palo Alto Networks , Inc . $PANW Shares Bought by Dorsey & Whitney Trust CO LLC",https://www.dailypolitical.com/2025/11/17/palo-alto-networks-inc-panw-shares-bought-by-dorsey-whitney-trust-co-llc.html,dailypolitical.com,English,0.0,gdelt_gkg
PANW,2025-11-17,Wall Street Brunch : Nvidia Week ( undefined : NVDA ) ,https://seekingalpha.com/article/4844383-wall-street-brunch-nvidia-week,seekingalpha.com,English,0.0,gdelt_gkg
PANW,2025-11-17,"Ken Griffin Citadel Advisors Bumps Stake by Over 12 , 000 % in Meta Platforms , Visa , Norfolk Southern in Q3",https://www.ibtimes.com/ken-griffins-citadel-advisors-bumps-stake-over-12000-meta-platforms-visa-norfolk-southern-q3-3790483,ibtimes.com,English,0.0,gdelt_gkg
PANW,2025-11-17,"Former Fed governor stock trades violated the central bank ethics rules | News , Sports , Jobs",http://www.timesrepublican.com/wire/?category=5181&ID=375399,timesrepublican.com,English,0.0,gdelt_gkg
PANW,2025-11-17,"Former Fed governor stock trades violated the central bank ethics rules | News , Sports , Jobs",https://www.lahainanews.com/wire/?category=5035&ID=375399,lahainanews.com,English,0.0,gdelt_gkg
PANW,2025-11-17,"Where to invest $2 , 500 in ASX ETFs this month",https://www.fool.com.au/2025/11/17/where-to-invest-2500-in-asx-etfs-this-month-2/,fool.com.au,English,0.0,gdelt_gkg
PANW,2025-11-17,Wall Street Week Ahead,https://seekingalpha.com/article/4844360-wall-street-week-ahead,seekingalpha.com,English,0.0,gdelt_gkg
PANW,2025-11-17,In an interview with Gautam Girish Chawla : Cybersecurity at the Frontline,https://www.dnaindia.com/insights/report-in-an-interview-with-gautam-girish-chawla-cybersecurity-at-the-frontline-3189163,dnaindia.com,English,0.0,gdelt_gkg
PANW,2025-11-17,"Palo Alto Networks , Inc . $PANW Shares Sold by Westwood Holdings Group Inc . ",https://www.themarketsdaily.com/2025/11/17/palo-alto-networks-inc-panw-shares-sold-by-westwood-holdings-group-inc.html,themarketsdaily.com,English,0.0,gdelt_gkg
PANW,2025-11-17,"Former Fed governor stock trades violated the central bank ethics rules | News , Sports , Jobs",http://www.vindy.com/wire/?category=5&ID=375399,vindy.com,English,0.0,gdelt_gkg
PANW,2025-11-17,South China Sea Tensions Threaten Global Markets : A Looming Economic Storm,https://markets.financialcontent.com/stocks/article/marketminute-2025-11-17-south-china-sea-tensions-threaten-global-markets-a-looming-economic-storm,markets.financialcontent.com,English,0.0,gdelt_gkg
PANW,2025-11-17,American Council on Germany Honors Nikesh Arora with the John J . McCloy Award in New York,https://www.marketscreener.com/news/american-council-on-germany-honors-nikesh-arora-with-the-john-j-mccloy-award-in-new-york-ce7d5edadc81ff21,marketscreener.com,English,0.0,gdelt_gkg
PANW,2025-11-17,Baystreet . ca - Housing Figures Dominate Canadian Markets Next Week,http://baystreet.ca/the_week_ahead/633/Housing-Figures-Dominate-Canadian-Markets-Next-Week,baystreet.ca,English,0.0,gdelt_gkg
PANW,2025-11-17,BMO Capital Markets Increases Palo Alto Networks ( NASDAQ : PANW ) Price Target to $230 . 00,https://www.dailypolitical.com/2025/11/17/bmo-capital-markets-increases-palo-alto-networks-nasdaqpanw-price-target-to-230-00.html,dailypolitical.com,English,0.0,gdelt_gkg
PANW,2025-11-17,Why Enterprises Must Apply Zero Trust To Open Source Software,https://www.forbes.com/councils/forbestechcouncil/2025/11/17/why-enterprises-must-apply-zero-trust-to-open-source-software/,forbes.com,English,0.0,gdelt_gkg
PANW,2025-11-17,4 Surprising AI Stocks to Buy,https://www.morningstar.com/stocks/4-surprising-ai-stocks-buy-2,morningstar.com,English,0.0,gdelt_gkg
PANW,2025-11-17,Market Factors : Timely GARP ideas among Citi top investing themes for 2026,https://www.theglobeandmail.com/investing/investment-ideas/article-market-factors-timely-garp-ideas-among-citis-top-investing-themes-for/,theglobeandmail.com,English,0.0,gdelt_gkg
PANW,2025-11-17,"10 cybersecurity terms investors should know , and 2 industry - leading stocks to buy",https://www.cnbc.com/2025/11/17/10-cybersecurity-terms-investors-should-know-and-2-industry-leading-stocks-to-buy.html,cnbc.com,English,0.0,gdelt_gkg
PANW,2025-11-17,Best Cybersecurity Stocks To Watch Now – November 17th,https://www.themarketsdaily.com/2025/11/17/best-cybersecurity-stocks-to-watch-now-november-17th.html,themarketsdaily.com,English,0.0,gdelt_gkg
PANW,2025-11-17,Securonix launches Data Pipeline Manager ( DPM ) Flex to redefine data ingestion and control costs,https://channelbuzz.ca/2025/11/securonix-launches-data-pipeline-manager-dpm-flex-to-redefine-data-ingestion-and-control-costs-45331/,channelbuzz.ca,English,0.0,gdelt_gkg
PANW,2025-11-17,"Aerkomm : Quarterly Report for Quarter Ending June 30 , 2025 ( Form 10 - Q ) ",https://www.marketscreener.com/news/aerkomm-quarterly-report-for-quarter-ending-june-30-2025-form-10-q-ce7d5edad980f62d,marketscreener.com,English,0.0,gdelt_gkg
PANW,2025-11-18,"Palo Alto Networks Announces New Prisma AIRS Integrations With Factory , Glean , IBM and ServiceNow to Secure the AI Agent Boom",https://www.prnewswire.com/news-releases/palo-alto-networks-announces-new-prisma-airs-integrations-with-factory-glean-ibm-and-servicenow-to-secure-the-ai-agent-boom-302618266.html,prnewswire.com,English,0.0,gdelt_gkg
PANW,2025-11-18,"Palo Alto Networks , Inc . $PANW Shares Acquired by Westover Capital Advisors LLC",https://www.tickerreport.com/banking-finance/13254310/palo-alto-networks-inc-panw-shares-acquired-by-westover-capital-advisors-llc.html,tickerreport.com,English,0.0,gdelt_gkg
PANW,2025-11-18,5 ASX ETFs to buy to supercharge your portfolio in 2026,https://www.fool.com.au/2025/11/18/5-asx-etfs-to-buy-to-supercharge-your-portfolio-in-2026/,fool.com.au,English,0.0,gdelt_gkg
PANW,2025-11-18,TD Cowen Stays Bullish on PANW Ahead of Q1 Results,https://www.insidermonkey.com/blog/td-cowen-stays-bullish-on-panw-ahead-of-q1-results-1646996/,insidermonkey.com,English,0.0,gdelt_gkg
PANW,2025-11-18,Jim Cramer on Palo Alto :  I Think There Plenty of Business for These Guys  ,https://www.insidermonkey.com/blog/jim-cramer-on-palo-alto-i-think-theres-plenty-of-business-for-these-guys-1646933/,insidermonkey.com,English,0.0,gdelt_gkg
PANW,2025-11-18,Earnings To Watch : Palo Alto Networks ( PANW ) Reports Q3 Results Tomorrow,https://markets.financialcontent.com/stocks/article/stockstory-2025-11-18-earnings-to-watch-palo-alto-networks-panw-reports-q3-results-tomorrow,markets.financialcontent.com,English,0.0,gdelt_gkg
PANW,2025-11-18,Forbes CIO Next 2025 List - Chief Information Officer & Other Tech Leaders,https://www.forbes.com/sites/richardnieva/2025/11/18/the-forbes-cio-next-list-2025/,forbes.com,English,0.0,gdelt_gkg
PANW,2025-11-18,Dealmaker revenge : M & A is back from the dead,https://www.marketscreener.com/news/dealmakers-revenge-m-a-is-back-from-the-dead-ce7d5edbdf8df52c,marketscreener.com,English,0.0,gdelt_gkg
PANW,2025-11-18,"Bedell Frazier Investment Counselling LLC Raises Position in Palo Alto Networks , Inc . $PANW",https://www.defenseworld.net/2025/11/18/bedell-frazier-investment-counselling-llc-raises-position-in-palo-alto-networks-inc-panw.html,defenseworld.net,English,0.0,gdelt_gkg
PANW,2025-11-18,"First American Trust FSB Sells 248 Shares of Palo Alto Networks , Inc . $PANW",https://www.tickerreport.com/banking-finance/13253640/first-american-trust-fsb-sells-248-shares-of-palo-alto-networks-inc-panw.html,tickerreport.com,English,0.0,gdelt_gkg
PANW,2025-11-18,What Are 2 Great Tech Stocks to Buy Right Now ? ,https://www.fool.com/investing/2025/11/18/what-are-2-great-tech-stocks-to-buy-right-now/?source=iedfolrf0000001,fool.com,English,0.0,gdelt_gkg
PANW,2025-11-19,Cybersecurity Reimagined for Modern Infrastructure,https://www.bankinfosecurity.com/cybersecurity-reimagined-for-modern-infrastructure-a-29879,bankinfosecurity.com,English,0.0,gdelt_gkg
PANW,2025-11-19,"Tech rout pauses for Nvidia , Japan jarred",https://www.marketscreener.com/news/tech-rout-pauses-for-nvidia-japan-jarred-ce7d5ed8d18cf521,marketscreener.com,English,0.0,gdelt_gkg
PANW,2025-11-19,"Cyber Security Market Size , Share & Trends 2025 - 2034",https://www.briefingwire.com/pr/cyber-security-market-size-share-trends-2025-2034,briefingwire.com,English,0.0,gdelt_gkg
PANW,2025-11-19,Palo Alto faces investor scrutiny ahead of Q1 earnings,https://www.proactiveinvestors.com/companies/news/1082822/palo-alto-faces-investor-scrutiny-ahead-of-q1-earnings-1082822.html,proactiveinvestors.com,English,0.0,gdelt_gkg
PANW,2025-11-19,Palo Alto shares fall despite Q1 earnings beat,https://www.proactiveinvestors.co.uk/companies/news/1082832/palo-alto-shares-fall-despite-q1-earnings-beat-1082832.html,proactiveinvestors.co.uk,English,0.0,gdelt_gkg
PANW,2025-11-19,What Are 2 Great Tech Stocks to Buy Right Now ? ,https://finance.yahoo.com/news/2-great-tech-stocks-buy-145300777.html,finance.yahoo.com,English,0.0,gdelt_gkg
PANW,2025-11-19,"Everybody waits for Nvidia , buy Costco dip , and get ready for the delayed jobs data",https://www.cnbc.com/2025/11/19/everybody-waits-for-nvidia-buy-costcos-dip-and-get-ready-for-the-delayed-jobs-data.html,cnbc.com,English,0.0,gdelt_gkg
PANW,2025-11-19,Wednesday big stock stories : What likely to move the market in the next trading session,https://www.cnbc.com/2025/11/18/wednesdays-big-stock-stories-whats-likely-to-move-the-market-in-the-next-trading-session.html,cnbc.com,English,0.0,gdelt_gkg
PANW,2025-11-19,"Former Fed governor stock trades violated the central bank ethics rules | News , Sports , Jobs",https://www.timesrepublican.com/wire/?category=5181&ID=375399,timesrepublican.com,English,0.0,gdelt_gkg
PANW,2025-11-19,Palo Alto Networks Appoints Mark Goodburn to Board of Directors ; Announces Retirement of Director Mary Pat McCarthy,https://www.marketscreener.com/news/palo-alto-networks-appoints-mark-goodburn-to-board-of-directors-announces-retirement-of-director-ma-ce7d5ed9da8ff624,marketscreener.com,English,0.0,gdelt_gkg
PANW,2025-11-19,"Palo Alto Networks , Inc . Q1 Profit Decreases , But Beats Estimates",https://www.finanzen.ch/nachrichten/aktien/palo-alto-networks-inc-q1-profit-decreases-but-beats-estimates-1035579316,finanzen.ch,English,0.0,gdelt_gkg
PANW,2025-11-19,Cybersecurity Stocks Worth Watching – November 19th,https://www.themarketsdaily.com/2025/11/19/cybersecurity-stocks-worth-watching-november-19th.html,themarketsdaily.com,English,0.0,gdelt_gkg
PANW,2025-11-19,Strata Identity Introduces AI Identity Gateway and Validation Sandbox to Provide Runtime Security and Policy Enforcement for AI Agents,https://www.manilatimes.net/2025/11/19/tmt-newswire/globenewswire/strata-identity-introduces-ai-identity-gateway-and-validation-sandbox-to-provide-runtime-security-and-policy-enforcement-for-ai-agents/2227505,manilatimes.net,English,0.0,gdelt_gkg
PANW,2025-11-19,"Palo Alto Networks to Acquire Chronosphere , Next - Gen Observability Leader , for the AI Era",https://www.marketscreener.com/news/palo-alto-networks-to-acquire-chronosphere-next-gen-observability-leader-for-the-ai-era-ce7d5ed9da8ff52d,marketscreener.com,English,0.0,gdelt_gkg
PANW,2025-11-19,Global Tides and the American Market : Navigating a Volatile 2025,https://markets.financialcontent.com/stocks/article/marketminute-2025-11-19-global-tides-and-the-american-market-navigating-a-volatile-2025,markets.financialcontent.com,English,0.0,gdelt_gkg
PANW,2025-11-19,"Earnings live : Nvidia Q3 results beat , CEO Jensen Huang says Blackwell chip demand is  off the charts  ",https://finance.yahoo.com/news/live/earnings-live-nvidia-q3-results-beat-ceo-jensen-huang-says-blackwell-chip-demand-is-off-the-charts-213245875.html,finance.yahoo.com,English,0.0,gdelt_gkg
PANW,2025-11-19,Palo Alto Networks to Buy Chronosphere for $3 . 35 Billion,https://www.marketscreener.com/news/palo-alto-networks-to-buy-chronosphere-for-3-35-billion-ce7d5ed9da80f424,marketscreener.com,English,0.0,gdelt_gkg
PANW,2025-11-19,"Palo Alto Networks slides following Q1 results , acquisition of Chronosphere ( PANW : NASDAQ ) ",https://seekingalpha.com/news/4524084-palo-alto-networks-slides-following-q1-results-acquisition-of-chronosphere,seekingalpha.com,English,0.0,gdelt_gkg
PANW,2025-11-19,"Federal Shutdown Leaves October Jobs Report Unreleased , Markets  Flying Blind  ",https://markets.financialcontent.com/stocks/article/marketminute-2025-11-19-federal-shutdown-leaves-october-jobs-report-unreleased-markets-flying-blind,markets.financialcontent.com,English,0.0,gdelt_gkg
PANW,2025-11-19,Palo Alto Stock Is Drawing Investor Focus : What Going On ? ,https://biztoc.com/x/34ffd0e4521bb0c0,biztoc.com,English,0.0,gdelt_gkg
PANW,2025-11-19,"Stocks making the biggest moves after hours : NVDA , PANW , ODD , AMD",https://www.cnbc.com/2025/11/19/stocks-making-the-biggest-moves-after-hours-nvda-panw-odd-amd.html,cnbc.com,English,0.0,gdelt_gkg
PANW,2025-11-20,"פאלו אלטו הציגה ירידה ברווח הנקי , וחשפה רכישה במעל 3 מיליארד ד  ",https://www.globes.co.il/news/article.aspx?did=1001526997,globes.co.il,Hebrew,0.0,gdelt_gkg
PANW,2025-11-20,"Palo Alto , Vizsla Silver , NetEase And Other Big Stocks Moving Lower In Thursday Pre - Market Session - Albemarle ( NYSE : ALB ), FinVolution Group ( NYSE : FINV ) ",https://www.benzinga.com/trading-ideas/movers/25/11/48972900/palo-alto-vizsla-silver-netease-and-other-big-stocks-moving-lower-in-thursdays-pre-market-session,benzinga.com,English,0.0,gdelt_gkg
PANW,2025-11-20,"Palo Alto Networks , Inc . $PANW Stock Holdings Lifted by Quilter Plc",https://www.dailypolitical.com/2025/11/20/palo-alto-networks-inc-panw-stock-holdings-lifted-by-quilter-plc.html,dailypolitical.com,English,0.0,gdelt_gkg
PANW,2025-11-20,Palo Alto AI Gambit : Q1 Earnings Beat Fuels Cybersecurity Empire Expansion,https://www.webpronews.com/palo-altos-ai-gambit-q1-earnings-beat-fuels-cybersecurity-empire-expansion/,webpronews.com,English,0.0,gdelt_gkg
PANW,2025-11-20,"North American Morning Briefing : AI Bubble Worries Ease , Focus Turns to Jobs Report",https://www.morningstar.com/news/dow-jones/202511203909/north-american-morning-briefing-ai-bubble-worries-ease-focus-turns-to-jobs-report,morningstar.com,English,0.0,gdelt_gkg
PANW,2025-11-20,U . S . Cybersecurity Sector Report - Q3 2025,https://www.mondaq.com:443/unitedstates/security/1707796/us-cybersecurity-sector-report-q3-2025,mondaq.com,English,0.0,gdelt_gkg
PANW,2025-11-20,Palo Alto Networks Remains a Leader in Security With Offerings Across Multiple End - Markets,https://www.morningstar.com/company-reports/1364427-palo-alto-networks-remains-a-leader-in-security-with-offerings-across-multiple-end-markets,morningstar.com,English,0.0,gdelt_gkg
PANW,2025-11-20,Palo Alto Networks buys Chronosphere for $3 . 35B to deepen AI - era observability push,https://www.ynetnews.com/business/article/rk2lvknxbg,ynetnews.com,English,0.0,gdelt_gkg
PANW,2025-11-20,Palo Alto CEO tips nation - states to weaponize quantum computing by 2029,https://biztoc.com/x/d1168789657acc06,biztoc.com,English,0.0,gdelt_gkg
PANW,2025-11-20,"Palo Alto Networks Acquires Chronosphere for $3 . 35 Billion to Enhance AI and Cloud Management Capabilities , ETTelecom",https://telecom.economictimes.indiatimes.com/news/enterprise-services/palo-alto-networks-acquires-chronosphere-for-335-billion-to-enhance-ai-and-cloud-management-capabilities/125452066,telecom.economictimes.indiatimes.com,English,0.0,gdelt_gkg
PANW,2025-11-20,Thursday big stock stories : What likely to move the market in the next trading session,https://www.cnbc.com/2025/11/19/thursdays-big-stock-stories-whats-likely-to-move-the-market-in-the-next-trading-session.html,cnbc.com,English,0.0,gdelt_gkg
PANW,2025-11-20,パロアルトネットワークス 、 CDRとCNAPPを統合したクラウドセキュリティの新バージョン 「 Cortex Cloud 2 . 0 」 を発表,https://cloud.watch.impress.co.jp/docs/news/2064301.html,cloud.watch.impress.co.jp,Japanese,0.0,gdelt_gkg
PANW,2025-11-20,"Palo Alto Networks to buy Chronosphere for $3 . 35 billion , raises annual forecasts",https://www.thehindu.com/sci-tech/technology/palo-alto-networks-to-buy-chronosphere-for-335-billion-raises-annual-forecasts/article70301695.ece,thehindu.com,English,0.0,gdelt_gkg
PANW,2025-11-20,"North American Morning Briefing : AI Bubble Worries Ease , Focus Turns to Jobs Report",https://www.marketscreener.com/news/north-american-morning-briefing-ai-bubble-worries-ease-focus-turns-to-jobs-report-ce7d5eded980f027,marketscreener.com,English,0.0,gdelt_gkg
PANW,2025-11-20,What Going On With Palo Alto Networks Stock Thursday ? ,https://biztoc.com/x/f826410c51b0bba9,biztoc.com,English,0.0,gdelt_gkg
PANW,2025-11-20,"Wealthspire Advisors LLC Grows Stock Holdings in Palo Alto Networks , Inc . $PANW",https://www.dailypolitical.com/2025/11/20/wealthspire-advisors-llc-grows-stock-holdings-in-palo-alto-networks-inc-panw.html,dailypolitical.com,English,0.0,gdelt_gkg
PANW,2025-11-20,Jim Cramer top 10 things to watch in the stock market Thursday,https://www.cnbc.com/2025/11/20/jim-cramers-top-10-things-to-watch-in-the-stock-market-thursday.html,cnbc.com,English,0.0,gdelt_gkg
PANW,2025-11-20,"Palo Alto Networks Called A  Buy  On The Dip , Analysts Bet On Its AI Security Lead - Palo Alto Networks ( NASDAQ : PANW ) ",https://www.benzinga.com/analyst-stock-ratings/reiteration/25/11/48983482/palo-alto-networks-called-a-buy-on-the-dip-analysts-bet-on-its-ai-security-lead,benzinga.com,English,0.0,gdelt_gkg
PANW,2025-11-20,Here are all the winners from The Drum Awards for B2B 2025,https://www.thedrum.com/news/here-are-all-the-winners-from-the-drum-awards-for-b2b-2025,thedrum.com,English,0.0,gdelt_gkg
PANW,2025-11-20,"Palo Alto Networks Called A  Buy  On The Dip , Analysts Bet On Its AI Security Lead",https://biztoc.com/x/b2428ca30a9b2636,biztoc.com,English,0.0,gdelt_gkg
PANW,2025-11-20,Oppenheimer Reiterates  Outperform  Rating for Palo Alto Networks ( NASDAQ : PANW ) ,https://www.themarketsdaily.com/2025/11/20/oppenheimer-reiterates-outperform-rating-for-palo-alto-networks-nasdaqpanw.html,themarketsdaily.com,English,0.0,gdelt_gkg
PANW,2025-11-20,US stocks rally as Nvidia earnings ease AI bubble worries,https://www.eastbaytimes.com/2025/11/20/us-stocks-rally-as-nvidia-earnings-ease-ai-bubble-worries/,eastbaytimes.com,English,0.0,gdelt_gkg
PANW,2025-11-20,Federal Circuit Review | October 2025 | Knobbe Martens,https://www.jdsupra.com/legalnews/federal-circuit-review-october-2025-4793008/,jdsupra.com,English,0.0,gdelt_gkg
PANW,2025-11-20,Wall Street Rocked by Economic Data : AI Jitters and Rate - Cut Doubts Fuel Sharp Stock Falls,https://markets.financialcontent.com/stocks/article/marketminute-2025-11-20-wall-street-rocked-by-economic-data-ai-jitters-and-rate-cut-doubts-fuel-sharp-stock-falls,markets.financialcontent.com,English,0.0,gdelt_gkg
PANW,2025-11-20,"Why Eaton CFO change isnt a red flag plus , Palo Alto buzzy new deal",https://www.cnbc.com/2025/11/20/why-eatons-cfo-change-isnt-a-red-flag-plus-palo-altos-buzzy-new-deal-.html,cnbc.com,English,0.0,gdelt_gkg
PANW,2025-11-20,"FUKOKU MUTUAL LIFE INSURANCE Co Raises Position in Palo Alto Networks , Inc . $PANW",https://www.dailypolitical.com/2025/11/20/fukoku-mutual-life-insurance-co-raises-position-in-palo-alto-networks-inc-panw.html,dailypolitical.com,English,0.0,gdelt_gkg
PANW,2025-11-20,"Palo Alto Networks , Inc . $PANW Shares Sold by Terra Nova Asset Management LLC",https://www.dailypolitical.com/2025/11/20/palo-alto-networks-inc-panw-shares-sold-by-terra-nova-asset-management-llc.html,dailypolitical.com,English,0.0,gdelt_gkg
PANW,2025-11-20,Palo Alto Networks ( NASDAQ : PANW ) Price Target Raised to $210 . 00 at Sanford C . Bernstein,https://www.themarketsdaily.com/2025/11/20/palo-alto-networks-nasdaqpanw-price-target-raised-to-210-00-at-sanford-c-bernstein.html,themarketsdaily.com,English,0.0,gdelt_gkg
PANW,2025-11-20,"Palo Alto Networks ( NASDAQ : PANW ) Posts Earnings Results , Beats Expectations By $0 . 04 EPS",https://www.themarketsdaily.com/2025/11/20/palo-alto-networks-nasdaqpanw-posts-earnings-results-beats-expectations-by-0-04-eps.html,themarketsdaily.com,English,0.0,gdelt_gkg
PANW,2025-11-20,"PANW Q3 Deep Dive : AI Security , Platform Expansion , and New Market Entry",https://markets.financialcontent.com/stocks/article/stockstory-2025-11-20-panw-q3-deep-dive-ai-security-platform-expansion-and-new-market-entry,markets.financialcontent.com,English,0.0,gdelt_gkg
PANW,2025-11-21,Concentrix Expands Partnership with Palo Alto Networks to Deliver AI - Powered Managed Security Services in India,http://www.bruneinews.net/news/278707222/concentrix-expands-partnership-with-palo-alto-networks-to-deliver-ai-powered-managed-security-services-in-india,bruneinews.net,English,0.0,gdelt_gkg
PANW,2025-11-21,A . I . Boom Meets Market Reality As Nvidia Rally Turns Into A $2 . 7,https://www.riotimesonline.com/a-i-boom-meets-market-reality-as-nvidias-rally-turns-into-a-2-7-trillion-rout/,riotimesonline.com,English,0.0,gdelt_gkg
PANW,2025-11-21,Concentrix Expands Partnership with Palo Alto Networks to Deliver AI - Powered Managed Security Services in India,http://www.laosnews.net/news/278707222/concentrix-expands-partnership-with-palo-alto-networks-to-deliver-ai-powered-managed-security-services-in-india,laosnews.net,English,0.0,gdelt_gkg
PANW,2025-11-21,Jim Cramer top 10 things to watch in the stock market Friday,https://www.cnbc.com/2025/11/21/jim-cramers-top-10-things-to-watch-in-the-stock-market-friday.html,cnbc.com,English,0.0,gdelt_gkg
PANW,2025-11-21,"Analyst recommendations : Block , Palo Alto Networks , Biogen , Moderna , Netflix … ",https://www.marketscreener.com/news/analyst-recommendations-block-palo-alto-networks-biogen-moderna-netflixa--ce7d5edfdb89f522,marketscreener.com,English,0.0,gdelt_gkg
PANW,2025-11-21,Palo Alto $3 . 35 Billion Chronosphere Grab : Betting Big on AI - Driven Observability,https://www.webpronews.com/palo-altos-3-35-billion-chronosphere-grab-betting-big-on-ai-driven-observability/,webpronews.com,English,0.0,gdelt_gkg
PANW,2025-11-21,"Palo Alto share weakness post - earnings a buying opportunity , Wedbush says",https://www.proactiveinvestors.com/companies/news/1082921/palo-alto-share-weakness-post-earnings-a-buying-opportunity-wedbush-says-1082921.html,proactiveinvestors.com,English,0.0,gdelt_gkg
PANW,2025-11-21,The Great Swings of 2025 : Unpacking the US Stock Market Wild Ride,https://markets.financialcontent.com/stocks/article/marketminute-2025-11-21-the-great-swings-of-2025-unpacking-the-us-stock-markets-wild-ride,markets.financialcontent.com,English,0.0,gdelt_gkg
PANW,2025-11-21,Concentrix Expands Partnership with Palo Alto Networks to Deliver AI - Powered Managed Security Services in India,https://aninews.in/news/business/concentrix-expands-partnership-with-palo-alto-networks-to-deliver-ai-powered-managed-security-services-in-india20251121165550/,aninews.in,English,0.0,gdelt_gkg
PANW,2025-11-21,Concentrix Expands Partnership with Palo Alto Networks to Deliver AI - Powered Managed Security Services in India,http://www.asiabulletin.com/news/278707314/concentrix-expands-partnership-with-palo-alto-networks-to-deliver-ai-powered-managed-security-services-in-india,asiabulletin.com,English,0.0,gdelt_gkg
PANW,2025-11-21,Recursion Incoming CEO Needs To Prove That AI Drug Development Can Pay Off . Plus : Stop Hiding Your Wins,https://www.forbes.com/sites/maggiemcgrath/2025/11/21/recursions-incoming-ceo-needs-to-prove-that-ai-drug-development-can-pay-off-plus-stop-hiding-your-wins/,forbes.com,English,0.0,gdelt_gkg
PANW,2025-11-21,"AI wars : Microsoft pitches the agent superstore , Google models ace tests and OpenAI looks over its shoulder",https://siliconangle.com/2025/11/21/ai-wars-microsoft-pitches-agent-superstore-google-models-ace-tests-openai-looks-shoulder/,siliconangle.com,English,0.0,gdelt_gkg
PANW,2025-11-21,"Street bad call on Palo Alto – plus , two Club stocks reach new highs",https://www.cnbc.com/2025/11/21/streets-bad-call-on-palo-alto-plus-two-club-stocks-reach-new-highs.html,cnbc.com,English,0.0,gdelt_gkg
PANW,2025-11-21,SonicWall Discloses Critical Buffer Overflow in SonicOS SSLVPN ( CVE - 2025 - 40601 ) ,https://www.webpronews.com/sonicwall-discloses-critical-buffer-overflow-in-sonicos-sslvpn-cve-2025-40601/,webpronews.com,English,0.0,gdelt_gkg
PANW,2025-11-21,"Here Are Friday Top Wall Street Analysts Research Calls : Advanced Micro Devices , Block , Broadcom , Exact Sciences , Hologic , Palo Alto Networks and More",https://biztoc.com/x/bb623267e024c8ff,biztoc.com,English,0.0,gdelt_gkg
PANW,2025-11-21,"Stocks Reverse Course as Nvidia Earnings Rally Fades , VIX Spikes",https://finance.yahoo.com/news/stocks-reverse-course-nvidia-earnings-161254492.html,finance.yahoo.com,English,0.0,gdelt_gkg
PANW,2025-11-21,US Government Shutdown Casts Long Shadow Over Global Markets,https://markets.financialcontent.com/stocks/article/marketminute-2025-11-21-us-government-shutdown-casts-long-shadow-over-global-markets,markets.financialcontent.com,English,0.0,gdelt_gkg
PANW,2025-11-21,Top Technology Executives Recognized at the 2025 GeorgiaCIO ORBIE Awards,https://www.manilatimes.net/2025/11/22/tmt-newswire/globenewswire/top-technology-executives-recognized-at-the-2025-georgiacio-orbie-awards/2229545,manilatimes.net,English,0.0,gdelt_gkg
PANW,2025-11-21,Stocks close higher but not Nvidia . It was a tough week for the market bellweather,https://investinglive.com:443/stock-market-update/stocks-close-higher-but-not-nvidia-it-was-a-tough-week-for-the-market-bellweather-20251121/,investinglive.com,English,0.0,gdelt_gkg
PANW,2025-11-21,US stocks rally as Nvidia earnings ease AI bubble worries,https://www.mercurynews.com/2025/11/20/us-stocks-rally-as-nvidia-earnings-ease-ai-bubble-worries/,mercurynews.com,English,0.0,gdelt_gkg
PANW,2025-11-22,"Evelyn Partners Investment Management Services Ltd Increases Stock Holdings in Palo Alto Networks , Inc . $PANW",https://www.themarketsdaily.com/2025/11/22/evelyn-partners-investment-management-services-ltd-increases-stock-holdings-in-palo-alto-networks-inc-panw.html,themarketsdaily.com,English,0.0,gdelt_gkg
PANW,2025-11-22,Stocks Reverse Sharply Lower as Tech Stocks Get Crushed,https://finance.yahoo.com/news/stocks-reverse-sharply-lower-tech-213847762.html,finance.yahoo.com,English,0.0,gdelt_gkg
PANW,2025-11-22,Cybersecurity Stocks To Watch Today – November 22nd,https://www.dailypolitical.com/2025/11/22/cybersecurity-stocks-to-watch-today-november-22nd.html,dailypolitical.com,English,0.0,gdelt_gkg
PANW,2025-11-22,Palo Alto Networks ( NASDAQ : PANW ) Shares Down 7 . 4 % After Analyst Downgrade,https://www.dailypolitical.com/2025/11/22/palo-alto-networks-nasdaqpanw-shares-down-7-4-after-analyst-downgrade.html,dailypolitical.com,English,0.0,gdelt_gkg
PANW,2025-11-22,"Palo Alto Networks , Inc . $PANW Shares Sold by Rhumbline Advisers",https://www.themarketsdaily.com/2025/11/22/palo-alto-networks-inc-panw-shares-sold-by-rhumbline-advisers.html,themarketsdaily.com,English,0.0,gdelt_gkg
PANW,2025-11-22,These are the most oversold stocks that are ripe for a near - term bounce,https://www.cnbc.com/2025/11/22/these-are-the-most-oversold-stocks-that-are-ripe-for-a-near-term-bounce.html,cnbc.com,English,0.0,gdelt_gkg
PANW,2025-11-22,"Stevens Capital Management LP Raises Stock Position in Palo Alto Networks , Inc . $PANW",https://www.tickerreport.com/banking-finance/13261769/stevens-capital-management-lp-raises-stock-position-in-palo-alto-networks-inc-panw.html,tickerreport.com,English,0.0,gdelt_gkg
PANW,2025-11-22,"What caused the market volatile week – plus , 7 stocks we traded",https://www.cnbc.com/2025/11/22/what-caused-the-markets-volatile-week-plus-7-stocks-we-traded.html,cnbc.com,English,0.0,gdelt_gkg
PANW,2025-11-23,Where Do Experts Think Tech Stocks Are Headed in 2026 ? ,https://finance.yahoo.com/news/where-experts-think-tech-stocks-155504449.html,finance.yahoo.com,English,0.0,gdelt_gkg
PANW,2025-11-23,Palo Alto Stock Sinks Despite Solid Revenue Growth . Should Investors Buy the Dip ? ,https://finance.yahoo.com/news/palo-altos-stock-sinks-despite-224400916.html,finance.yahoo.com,English,0.0,gdelt_gkg
PANW,2025-11-23,Stocks Rally as Chip Makers Rebound,https://finance.yahoo.com/news/stocks-rally-chip-makers-rebound-213724660.html,finance.yahoo.com,English,0.0,gdelt_gkg
PANW,2025-11-23,"3 ASX ETFs for smart investors to buy with $2 , 500",https://www.fool.com.au/2025/11/23/3-asx-etfs-for-smart-investors-to-buy-with-2500/,fool.com.au,English,0.0,gdelt_gkg
PANW,2025-11-24,Palo Alto Stock Sinks Despite Solid Revenue Growth . Should Investors Buy the Dip ? ,https://www.fool.com/investing/2025/11/23/palo-alto-stock-sinks-despite-solid-revenue-growth/?source=iedfolrf0000001,fool.com,English,0.0,gdelt_gkg
PANW,2025-11-24,North American Morning Briefing : Stock Futures Rise with Fed Rate - Cut Hopes - 2 - ,https://www.marketscreener.com/news/north-american-morning-briefing-stock-futures-rise-with-fed-rate-cut-hopes-2-ce7d5edcdf89f421,marketscreener.com,English,0.0,gdelt_gkg
PANW,2025-11-24,6 Stocks to Sell Before the End of the Year,https://www.morningstar.com/stocks/6-stocks-sell-before-end-year-2,morningstar.com,English,0.0,gdelt_gkg
PANW,2025-11-24,Were buying more shares of this cybersecurity giant after a tough post - earnings stretch,https://www.cnbc.com/2025/11/24/were-buying-more-shares-of-this-cybersecurity-giant-after-a-tough-post-earnings-stretch.html,cnbc.com,English,0.0,gdelt_gkg
PANW,2025-11-24,Unpacking the Latest Options Trading Trends in Palo Alto Networks - Palo Alto Networks ( NASDAQ : PANW ) ,https://www.benzinga.com/insights/options/25/11/49036634/unpacking-the-latest-options-trading-trends-in-palo-alto-networks,benzinga.com,English,0.0,gdelt_gkg
PANW,2025-11-24,Zscaler ( ZS ) Q3 Earnings : What To Expect | FinancialContent,https://markets.financialcontent.com/stocks/article/stockstory-2025-11-24-zscaler-zs-q3-earnings-what-to-expect,markets.financialcontent.com,English,0.0,gdelt_gkg
PANW,2025-11-24,Zscaler ( ZS ) Q3 Earnings : What To Expect,https://finance.yahoo.com/news/zscaler-zs-q3-earnings-expect-030250358.html,finance.yahoo.com,English,0.0,gdelt_gkg
PANW,2025-11-25,Cybersecurity - Payment Week,https://paymentweek.com/tag/cybersecurity/,paymentweek.com,English,0.0,gdelt_gkg
PANW,2025-11-25,Analysts Bullish on PANW as AI - Driven Cybersecurity Demand Accelerates,https://biztoc.com/x/0fffa3641466a5c6,biztoc.com,English,0.0,gdelt_gkg
PANW,2025-11-25,Aussies sell data observation platform Chronosphere for $5 . 2 billion,https://www.smartcompany.com.au/information-technology/aussie-founders-sell-data-observation-platform-chronosphere-5-2-billion/,smartcompany.com.au,English,0.0,gdelt_gkg
PANW,2025-11-25,Analysts Bullish on PANW as AI - Driven Cybersecurity Demand Accelerates,https://finance.yahoo.com/news/analysts-bullish-panw-ai-driven-102535897.html,finance.yahoo.com,English,0.0,gdelt_gkg
PANW,2025-11-25,Chronosphere - Payment Week,https://paymentweek.com/tag/chronosphere/,paymentweek.com,English,0.0,gdelt_gkg
PANW,2025-11-25,Cloudflare Outage - Payment Week,https://paymentweek.com/tag/cloudflare-outage/,paymentweek.com,English,0.0,gdelt_gkg
PANW,2025-11-25,Palo Alto Networks - Payment Week,https://paymentweek.com/tag/palo-alto-networks/,paymentweek.com,English,0.0,gdelt_gkg
PANW,2025-11-25,Brokers Issue Forecasts for PANW Q1 Earnings,https://www.dailypolitical.com/2025/11/24/brokers-issue-forecasts-for-panw-q1-earnings.html,dailypolitical.com,English,0.0,gdelt_gkg
PANW,2025-11-25,AI Monitoring - Payment Week,https://paymentweek.com/tag/ai-monitoring/,paymentweek.com,English,0.0,gdelt_gkg
PANW,2025-11-25,Clover Security Launches with $36M to Redefine Product Security for the AI Era,http://www.californiatelegraph.com/news/278722488/clover-security-launches-with-36m-to-redefine-product-security-for-the-ai-era,californiatelegraph.com,English,0.0,gdelt_gkg
PANW,2025-11-25,Clover Security Launches with $36M to Redefine Product Security for the AI Era,http://www.tennesseedaily.com/news/278722488/clover-security-launches-with-36m-to-redefine-product-security-for-the-ai-era,tennesseedaily.com,English,0.0,gdelt_gkg
PANW,2025-11-25,Observability Platforms - Payment Week,https://paymentweek.com/tag/observability-platforms/,paymentweek.com,English,0.0,gdelt_gkg
PANW,2025-11-25,"Microsoft , Nvidia and Apple among top tech picks heading into year - end : Wedbush",https://www.proactiveinvestors.co.uk/companies/news/1083196/microsoft-nvidia-and-apple-among-top-tech-picks-heading-into-year-end-wedbush-1083196.html,proactiveinvestors.co.uk,English,0.0,gdelt_gkg
PANW,2025-11-25,3 ASX thematic ETFs that could boom over the next decade,https://www.fool.com.au/2025/11/25/3-asx-thematic-etfs-that-could-boom-over-the-next-decade/,fool.com.au,English,0.0,gdelt_gkg
PANW,2025-11-25,Clover Security Launches with $36M to Redefine Product Security for the AI Era,http://www.theusnews.com/news/278722488/clover-security-launches-with-36m-to-redefine-product-security-for-the-ai-era,theusnews.com,English,0.0,gdelt_gkg
PANW,2025-11-25,Clover Security Launches with $36M to Redefine Product Security for the AI Era,http://www.phoenixherald.com/news/278722488/clover-security-launches-with-36m-to-redefine-product-security-for-the-ai-era,phoenixherald.com,English,0.0,gdelt_gkg
PANW,2025-11-25,Clover Security Launches with $36M to Redefine Product Security for the AI Era,http://www.clevelandstar.com/news/278722488/clover-security-launches-with-36m-to-redefine-product-security-for-the-ai-era,clevelandstar.com,English,0.0,gdelt_gkg
PANW,2025-11-25,Clover Security Launches with $36M to Redefine Product Security for the AI Era,http://www.newjerseytelegraph.com/news/278722488/clover-security-launches-with-36m-to-redefine-product-security-for-the-ai-era,newjerseytelegraph.com,English,0.0,gdelt_gkg
PANW,2025-11-26,Lifetime access to WormGPT 4 costs just $220,https://www.theregister.com/2025/11/25/wormgpt_4_evil_ai_lifetime_cost_220_dollars/,theregister.com,English,0.0,gdelt_gkg
PANW,2025-11-26,Zscaler tops quarterly estimates on strong cybersecurity demand,https://telecom.economictimes.indiatimes.com/news/enterprise-services/zscaler-tops-quarterly-estimates-on-strong-cybersecurity-demand/125577966,telecom.economictimes.indiatimes.com,English,0.0,gdelt_gkg
PANW,2025-11-26,Cyber threats surge pushing Palo Alto to  combat AI with AI : CIO,https://economictimes.indiatimes.com/tech/technology/cyber-threats-surge-pushing-palo-alto-to-combat-ai-with-ai-cio/articleshow/125571062.cms,economictimes.indiatimes.com,English,0.0,gdelt_gkg
PANW,2025-11-26,Analysts Offer Predictions for PANW Q1 Earnings,https://www.tickerreport.com/banking-finance/13266957/analysts-offer-predictions-for-panw-q1-earnings.html,tickerreport.com,English,0.0,gdelt_gkg
PANW,2025-11-26,Qcomm dials up gig - workers ; Spiritual apps go offline,https://economictimes.indiatimes.com/tech/newsletters/morning-dispatch/qcomm-dials-up-gig-workers-spiritual-apps-go-offline/articleshow/125577220.cms,economictimes.indiatimes.com,English,0.0,gdelt_gkg
PANW,2025-11-26,Cyber threats surge pushing Palo Alto to  combat AI with AI : CIO,https://telecom.economictimes.indiatimes.com/news/enterprise-services/cyber-threats-surge-pushing-palo-alto-to-combat-ai-with-ai-cio/125577761,telecom.economictimes.indiatimes.com,English,0.0,gdelt_gkg
PANW,2025-11-26,Palo Alto Network Stock Has Tanked But Its FCF is Strong - Price Target is 15 % Higher,https://finance.yahoo.com/news/palo-alto-networks-stock-tanked-165111301.html,finance.yahoo.com,English,0.0,gdelt_gkg
PANW,2025-11-26,The Infinite Attack Surface : How Generative AI Is Forcing a Radical Reconstruction of the Cyber Insurance Market,https://www.webpronews.com/the-infinite-attack-surface-how-generative-ai-is-forcing-a-radical-reconstruction-of-the-cyber-insurance-market/,webpronews.com,English,0.0,gdelt_gkg
PANW,2025-11-26,top AI stocks to buy now : Will AI stocks crash or surge ? Dan Ives reveals top 10 picks as only 3 % of US companies have adopted AI,https://economictimes.indiatimes.com/news/international/us/will-ai-stocks-crash-or-surge-dan-ives-reveals-top-10-picks-as-only-3-of-us-companies-have-adopted-ai/articleshow/125598926.cms,economictimes.indiatimes.com,English,0.0,gdelt_gkg
PANW,2025-11-26,"Wambolt & Associates LLC Has $4 . 17 Million Stock Position in Palo Alto Networks , Inc . $PANW",https://www.themarketsdaily.com/2025/11/26/wambolt-associates-llc-has-4-17-million-stock-position-in-palo-alto-networks-inc-panw.html,themarketsdaily.com,English,0.0,gdelt_gkg
PANW,2025-11-27,Popular JavaScript library can be hacked to allow attackers into user accounts,https://www.techradar.com/pro/security/popular-javascript-library-can-be-hacked-to-allow-attackers-into-user-accounts,techradar.com,English,0.0,gdelt_gkg
PANW,2025-11-27,Dan Ives AI stocks surge forecast 2026 outlook : AI bubble or boom ? Dan Ives says the AI party just began the real surge starts now as he reveals 10 powerhouse stocks,https://economictimes.indiatimes.com/news/international/us/ai-bubble-or-boom-dan-ives-says-the-ai-party-just-began-the-real-surge-starts-now-as-he-reveals-10-powerhouse-stocks/articleshow/125612780.cms,economictimes.indiatimes.com,English,0.0,gdelt_gkg
PANW,2025-11-28,Why One Firm Exited $11 Million CyberArk Stake as Stock Rallied 44 % Over the Past Year,https://www.fool.com/coverage/filings/2025/11/28/why-one-firm-exited-usd11-million-cyberark-stake-as-stock-rallied-44-over-the-past-year/?source=iedfolrf0000001,fool.com,English,0.0,gdelt_gkg
PANW,2025-11-28,CyberArk / Palo Alto Networks deal spread narrows amid Austrian filing ( CYBR : NASDAQ ) ,https://seekingalpha.com/news/4526552-cyberark-palo-alto-networks-deal-spread-narrows-amid-austrian-filing,seekingalpha.com,English,0.0,gdelt_gkg
PANW,2025-11-28,AI - First Cybersecurity : A Biotech CISO Measured Approach,https://www.bankinfosecurity.com/ai-first-cybersecurity-biotech-cisos-measured-approach-a-30122,bankinfosecurity.com,English,0.0,gdelt_gkg
PANW,2025-11-28,Uniting small nations through AI : Sassoon Grigorian vision for Armenia future – Public Radio of Armenia,https://en.armradio.am/2025/11/28/uniting-small-nations-through-ai-sassoon-grigorians-vision-for-armenias-future/,en.armradio.am,English,0.0,gdelt_gkg
PANW,2025-11-29,"Palo Alto Networks , Inc . $PANW Shares Sold by Level Four Advisory Services LLC",https://www.tickerreport.com/banking-finance/13273841/palo-alto-networks-inc-panw-shares-sold-by-level-four-advisory-services-llc.html,tickerreport.com,English,0.0,gdelt_gkg
PANW,2025-11-29,"Stablepoint Partners LLC Reduces Holdings in Palo Alto Networks , Inc . $PANW",https://www.dailypolitical.com/2025/11/29/stablepoint-partners-llc-reduces-holdings-in-palo-alto-networks-inc-panw.html,dailypolitical.com,English,0.0,gdelt_gkg
PANW,2025-11-29,New frontiers : the future of cybersecurity and how to invest,https://moneyweek.com/investments/tech-stocks/new-frontiers-the-future-of-cybersecurity-and-how-to-invest,moneyweek.com,English,0.0,gdelt_gkg
PANW,2025-11-29,16 software stocks for investors sifting through the bargain bin,https://www.morningstar.com/news/marketwatch/20251129170/16-software-stocks-for-investors-sifting-through-the-bargain-bin,morningstar.com,English,0.0,gdelt_gkg
PANW,2025-11-29,"Meet man , world 2nd highest - paid CEO , who once faced 400 rejections , now leads Rs 116000000000000 firm , his name is ..., he is from ... ",https://www.dnaindia.com/business/report-meet-man-world-s-2nd-highest-paid-ceo-who-once-faced-400-rejections-now-leads-rs-116000000000000-firm-his-name-is-nikesh-arora-he-is-from-ghaziabad-uttar-pradesh-3191039,dnaindia.com,English,0.0,gdelt_gkg
PANW,2025-11-29,Cybersecurity Stocks Worth Watching – November 29th,https://www.tickerreport.com/banking-finance/13274065/cybersecurity-stocks-worth-watching-november-29th.html,tickerreport.com,English,0.0,gdelt_gkg
PANW,2025-11-29,"Palo Alto Networks , Inc . $PANW Shares Sold by Level Four Advisory Services LLC",https://www.dailypolitical.com/2025/11/29/palo-alto-networks-inc-panw-shares-sold-by-level-four-advisory-services-llc.html,dailypolitical.com,English,0.0,gdelt_gkg
PANW,2025-11-29,Cybersecurity Stocks Worth Watching – November 29th,https://www.dailypolitical.com/2025/11/29/cybersecurity-stocks-worth-watching-november-29th.html,dailypolitical.com,English,0.0,gdelt_gkg
PANW,2025-11-30,1 No - Brainer Artificial Intelligence ( AI ) Stock to Buy With $200 in December and Hold for the Long Term,https://www.fool.com/investing/2025/11/28/1-no-brainer-ai-stock-buy-200-december-long-term/,fool.com,English,0.0,gdelt_gkg
PANW,2025-11-30,"Cyber Budgets Slow , AI Surges : What the Data Says About 2026",https://www.govtech.com/blogs/lohrmann-on-cybersecurity/cyber-budgets-slow-ai-surges-what-the-data-says-about-2026,govtech.com,English,0.0,gdelt_gkg
PANW,2025-11-30,"Icon Advisers Inc . Co . Has $3 . 07 Million Holdings in Palo Alto Networks , Inc . $PANW",https://www.tickerreport.com/banking-finance/13275216/icon-advisers-inc-co-has-3-07-million-holdings-in-palo-alto-networks-inc-panw.html,tickerreport.com,English,0.0,gdelt_gkg
PANW,2025-12-01,$1000 Invested In Palo Alto Networks 10 Years Ago Would Be Worth This Much Today,https://biztoc.com/x/4f6a8b7547338a5d,biztoc.com,English,0.0,gdelt_gkg
PANW,2025-12-01,"Federal Circuit Upholds PTAB Recusal , Remands To Consider Copying Evidence",https://www.mondaq.com:443/unitedstates/patent/1711560/federal-circuit-upholds-ptab-recusal-remands-to-consider-copying-evidence,mondaq.com,English,0.0,gdelt_gkg
PANW,2025-12-01,Cyber M & A Roundup : Cyber Giants Strengthen AI Security Offerings,https://www.infosecurity-magazine.com/news/cyber-deals-november-2025/,infosecurity-magazine.com,English,0.0,gdelt_gkg
PANW,2025-12-01,"Value , mid - caps and global stocks move into focus for 2026 positioning",https://www.bnnbloomberg.ca/investing/market-outlook/2025/12/01/market-outlook-strong-earnings-and-sector-rotation-set-the-tone-for-2026-investing/,bnnbloomberg.ca,English,0.0,gdelt_gkg
PANW,2025-12-01,The Best Oil and Gas Software Solutions for 2026,https://www.china-briefing.com/news/the-best-oil-and-gas-software-solutions-for-2026/,china-briefing.com,English,0.0,gdelt_gkg
PANW,2025-12-01,Promising Cybersecurity Stocks To Follow Now – December 1st,https://www.themarketsdaily.com/2025/12/01/promising-cybersecurity-stocks-to-follow-now-december-1st.html,themarketsdaily.com,English,0.0,gdelt_gkg
PANW,2025-12-01,"SASE , SD - WAN evolve as enterprises prioritise unified network security",https://www.computerweekly.com/news/366635495/SASE-SD-WAN-evolve-as-enterprises-prioritise-unified-network-security,computerweekly.com,English,0.0,gdelt_gkg
PANW,2025-12-01,The Fast Mode Awards 2025 Reveals Industry - Leading Solution Providers Driving Next - Gen Connectivity,https://www.thefastmode.com/technology-solutions/46153-the-fast-mode-awards-2025-reveals-industry-leading-solution-providers-driving-next-gen-connectivity,thefastmode.com,English,0.0,gdelt_gkg
PANW,2025-12-01,"PR News | Fiserve Finds Pritchard for IR Post - Mon ., Dec . 1 , 2025",https://www.odwyerpr.com/story/public/23966/2025-12-01/fiserve-finds-pritchard-for-ir-post.html,odwyerpr.com,English,0.0,gdelt_gkg
PANW,2025-12-01,"Fiserv Appoints Walter Pritchard As Senior Vice President , Head Of Investor Relations",https://mondovisione.com/media-and-resources/news/fiserv-appoints-walter-pritchard-as-senior-vice-president-head-of-investor-rela-2025121/,mondovisione.com,English,0.0,gdelt_gkg
PANW,2025-12-02,Veeam steps up ransomware defence – Gadget,https://gadget.co.za/veeamdefence38w/,gadget.co.za,English,0.0,gdelt_gkg
PANW,2025-12-02,"PR News | Fiserv Finds Pritchard for IR Post - Mon ., Dec . 1 , 2025",https://www.odwyerpr.com/story/public/23966/2025-12-01/fiserv-finds-pritchard-for-ir-post.html,odwyerpr.com,English,0.0,gdelt_gkg
PANW,2025-12-02,iTWire - New agentic capabilities in AWS Transform enable rapid modernisation of any code or application,https://itwire.com/business-it-news/data/new-agentic-capabilities-in-aws-transform-enable-rapid-modernisation-of-any-code-or-application-202512020121.html,itwire.com,English,0.0,gdelt_gkg
PANW,2025-12-02,The Retail Reckoning : Crypto Sell - Off Undermines Stock Market Support,https://markets.financialcontent.com/stocks/article/marketminute-2025-12-2-the-retail-reckoning-crypto-sell-off-undermines-stock-market-support,markets.financialcontent.com,English,0.0,gdelt_gkg
PANW,2025-12-02,Israeli cybersecurity startup raises $60 million to fight AI threats,https://www.cnbc.com/2025/12/02/cybersecurity-israel-tehran-starup-raise.html,cnbc.com,English,0.0,gdelt_gkg
PANW,2025-12-02,"Palo Alto Networks ( NASDAQ : PANW ) CAO Sells $132 , 573 . 00 in Stock",https://www.tickerreport.com/banking-finance/13278508/palo-alto-networks-nasdaqpanw-cao-sells-132573-00-in-stock.html,tickerreport.com,English,0.0,gdelt_gkg
PANW,2025-12-03,Were raising our CrowdStrike price target following a beat and raise quarter,https://www.cnbc.com/2025/12/02/were-raising-our-crowdstrike-price-target-following-a-beat-and-raise-quarter.html,cnbc.com,English,0.0,gdelt_gkg
PANW,2025-12-03,Palo Alto Networks ( NASDAQ : PANW ) Trading Up 1 . 1 % – Still a Buy ? ,https://www.tickerreport.com/banking-finance/13278526/palo-alto-networks-nasdaqpanw-trading-up-1-1-still-a-buy.html,tickerreport.com,English,0.0,gdelt_gkg
PANW,2025-12-03,Palo Alto Networks ( NASDAQ : PANW ) CAO Josh Paul Sells 700 Shares,https://www.themarketsdaily.com/2025/12/03/palo-alto-networks-nasdaqpanw-cao-josh-paul-sells-700-shares.html,themarketsdaily.com,English,0.0,gdelt_gkg
PANW,2025-12-03,Spectrum Networks recognized as a finalist of 2025 Microsoft Training Services Partner of the Year Award,https://aninews.in/news/business/spectrum-networks-recognized-as-a-finalist-of-2025-microsoft-training-services-partner-of-the-year-award20251203181117/,aninews.in,English,0.0,gdelt_gkg
PANW,2025-12-03,CrowdStrike reports solid ARR growth and boosts full - year outlook,https://www.bnnbloomberg.ca/investing/investor-outlook/2025/12/03/investor-outlook-crowdstrike-revenue-climbs-on-expanding-cybersecurity-demand/,bnnbloomberg.ca,English,0.0,gdelt_gkg
PANW,2025-12-03,Should you sell your Crowdstrike stock ? ,https://www.cantechletter.com/2025/12/should-you-sell-your-crowdstrike-stock/,cantechletter.com,English,0.0,gdelt_gkg
PANW,2025-12-03,Spectrum Networks recognized as a finalist of 2025 Microsoft Training Services Partner of the Year Award,https://news.webindia123.com/news/Articles/Business/20251203/4390510.html,news.webindia123.com,English,0.0,gdelt_gkg
PANW,2025-12-03,How two Baton Rouge business leaders found support through the Partnership,https://www.businessreport.com/business/how-two-baton-rouge-business-leaders-found-support-through-the-partnership,businessreport.com,English,0.0,gdelt_gkg
PANW,2025-12-03,AI - native observability sets the pace for enterprise systems,https://siliconangle.com/2025/12/03/ai-native-observability-sets-pace-enterprise-systems-awsreninvent/,siliconangle.com,English,0.0,gdelt_gkg
PANW,2025-12-04,Spectrum Networks recognized as a finalist of 2025 Microsoft Training Services Partner of the Year Award,https://www.thehindubusinessline.com/brandhub/spectrum-networks-recognized-as-a-finalist-of-2025-microsoft-training-services-partner-of-the-year-award/article70357264.ece,thehindubusinessline.com,English,0.0,gdelt_gkg
PANW,2025-12-04,"Palo Alto Networks , Inc . $PANW Shares Bought by First Trust Advisors LP",https://www.dailypolitical.com/2025/12/04/palo-alto-networks-inc-panw-shares-bought-by-first-trust-advisors-lp.html,dailypolitical.com,English,0.0,gdelt_gkg
PANW,2025-12-04,Rubrik : Q3 2026 Earnings Presentation,https://www.marketscreener.com/news/rubrik-q3-2026-earnings-presentation-ce7d51dfd08df022,marketscreener.com,English,0.0,gdelt_gkg
PANW,2025-12-04,"Unauthenticated RSC Bugs in React , Next . js Enable Remote Code Execution",https://www.el-balad.com/6784350,el-balad.com,English,0.0,gdelt_gkg
PANW,2025-12-05,Great Place To Work™ Greater China Celebrates the Best Workplaces™ in Greater China 2025,https://www.thailand-business-news.com/pr-news/great-place-to-work-greater-china-celebrates-the-best-workplaces-in-greater-china-2025,thailand-business-news.com,English,0.0,gdelt_gkg
PANW,2025-12-05,Next - Generation Firewall Market to Reach USD 13 . 4 Billion,https://www.openpr.com/news/4302498/next-generation-firewall-market-to-reach-usd-13-4-billion,openpr.com,English,0.0,gdelt_gkg
PANW,2025-12-05,CrowdStrike Earnings To Strengthen Bull Case ? ,https://www.forbes.com/sites/greatspeculations/2025/12/05/crowdstrike-earnings-to-strengthen-bull-case/,forbes.com,English,0.0,gdelt_gkg
PANW,2025-12-05,"Israel sees surge in startup exits , topping $70 billion",https://www.clevelandjewishnews.com/jns/israel-sees-surge-in-startup-exits-topping-70-billion/article_cf818f59-d70b-575b-a280-7458e061cc9a.html,clevelandjewishnews.com,English,0.0,gdelt_gkg
PANW,2025-12-05,Prediction : 3 Beginner Stocks That Could Turn Small Bets Into Big Fortunes,https://finance.yahoo.com/news/prediction-3-beginner-stocks-could-142000777.html,finance.yahoo.com,English,0.0,gdelt_gkg
PANW,2025-12-05,Great Place To Work™ Greater China Celebrates the Best Workplaces™ in Greater China 2025,https://www.manilatimes.net/2025/12/05/tmt-newswire/pr-newswire/great-place-to-work-greater-china-celebrates-the-best-workplaces-in-greater-china-2025/2237589,manilatimes.net,English,0.0,gdelt_gkg
PANW,2025-12-07,Cybersecurity Stocks To Follow Today – December 6th,https://www.tickerreport.com/banking-finance/13283718/cybersecurity-stocks-to-follow-today-december-6th.html,tickerreport.com,English,0.0,gdelt_gkg
PANW,2025-12-07,"Federated Hermes Inc . Grows Position in Palo Alto Networks , Inc . $PANW",https://www.dailypolitical.com/2025/12/07/federated-hermes-inc-grows-position-in-palo-alto-networks-inc-panw.html,dailypolitical.com,English,0.0,gdelt_gkg
PANW,2025-12-07,"Federated Hermes Inc . Acquires 103 , 134 Shares of Palo Alto Networks , Inc . $PANW",https://www.tickerreport.com/banking-finance/13283723/federated-hermes-inc-acquires-103134-shares-of-palo-alto-networks-inc-panw.html,tickerreport.com,English,0.0,gdelt_gkg
PANW,2025-12-08,Cybersecurity Stocks And The Growing Demand For Secure Identity Infrastructure,https://www.benzinga.com/Opinion/25/12/49265747/cybersecurity-stocks-and-the-growing-demand-for-secure-identity-infrastructure,benzinga.com,English,0.0,gdelt_gkg
PANW,2025-12-08,You cant secure what you cant see : the data challenge – Computerworld,https://www.computerworld.com/article/4100212/you-cant-secure-what-you-cant-see-the-data-challenge.html,computerworld.com,English,0.0,gdelt_gkg
PANW,2025-12-08,"Up 200 % in 5 Years , Should You Buy This Unstoppable Artificial Intelligence ( AI ) Stock Heading Into 2026 ? The Answer Might Surprise You . ",https://www.fool.com/investing/2025/12/08/up-200-in-5-years-buy-this-ai-stock-heading-2026/?source=iedfolrf0000001,fool.com,English,0.0,gdelt_gkg
PANW,2025-12-08,Palo Alto Networks ( NASDAQ : PANW ) Stock Price Down 1 . 8 % – What Next ? ,https://www.tickerreport.com/banking-finance/13284745/palo-alto-networks-nasdaqpanw-stock-price-down-1-8-whats-next.html,tickerreport.com,English,0.0,gdelt_gkg
PANW,2025-12-09,"APIs Demand Dynamic Security , Not Static Controls",https://www.govinfosecurity.com/apis-demand-dynamic-security-static-controls-a-30216,govinfosecurity.com,English,0.0,gdelt_gkg
PANW,2025-12-09,"Global IT Sector Roars Ahead : A Trillion - Dollar Surge Driven by AI , Cloud , and Cybersecurity",https://markets.financialcontent.com/stocks/article/marketminute-2025-12-9-global-it-sector-roars-ahead-a-trillion-dollar-surge-driven-by-ai-cloud-and-cybersecurity,markets.financialcontent.com,English,0.0,gdelt_gkg
PANW,2025-12-09,Best Cybersecurity Stocks To Watch Now – December 9th,https://www.themarketsdaily.com/2025/12/09/best-cybersecurity-stocks-to-watch-now-december-9th.html,themarketsdaily.com,English,0.0,gdelt_gkg
PANW,2025-12-09,State - linked groups target critical vulnerability in React Server Components,https://www.techcentral.ie/state-linked-groups-target-critical-vulnerability-in-react-server-components/,techcentral.ie,English,0.0,gdelt_gkg
PANW,2025-12-09,Baystreet . ca - This May Help Solve the Massive Quantum Problem Faced by Digital Currencies,http://baystreet.ca/stockstowatch/22257/This-May-Help-Solve-the-Massive-Quantum-Problem-Faced-by-Digital-Currencies,baystreet.ca,English,0.0,gdelt_gkg
PANW,2025-12-09,"Investors Towarzystwo Funduszy Inwestycyjnych Spolka Akcyjna Acquires Shares of 5 , 564 Palo Alto Networks , Inc . $PANW",https://www.tickerreport.com/banking-finance/13285608/investors-towarzystwo-funduszy-inwestycyjnych-spolka-akcyjna-acquires-shares-of-5564-palo-alto-networks-inc-panw.html,tickerreport.com,English,0.0,gdelt_gkg
PANW,2025-12-09,Record $4 . 4B flows into Israeli cybersecurity as global VCs outpace locals in 2025 bo,https://www.ynetnews.com/business/article/rjggjusz11g,ynetnews.com,English,0.0,gdelt_gkg
PANW,2025-12-09,"Tech Sector Resilient Surge : Beyond the AI Titans , A Broader Market Rally Takes Hold",https://markets.financialcontent.com/stocks/article/marketminute-2025-12-9-tech-sectors-resilient-surge-beyond-the-ai-titans-a-broader-market-rally-takes-hold,markets.financialcontent.com,English,0.0,gdelt_gkg
PANW,2025-12-10,Artificial Intelligence and Cloud M & A : Three Young Companies Acquired by Established Players | Mogin Law LLP,https://www.jdsupra.com/legalnews/artificial-intelligence-and-cloud-m-a-8542149/,jdsupra.com,English,0.0,gdelt_gkg
PANW,2025-12-10,Luminance scales in United States on back of massive growth,https://www.businessweekly.co.uk/posts/luminance-scales-in-united-states-on-back-of-massive-growth,businessweekly.co.uk,English,0.0,gdelt_gkg
PANW,2025-12-10,Hazeltree Finds Consumer Shorts Hit New Highs ; Software & Services Back in the Crosshairs,https://www.finanznachrichten.de/nachrichten-2025-12/67197684-hazeltree-finds-consumer-shorts-hit-new-highs-software-services-back-in-the-crosshairs-004.htm,finanznachrichten.de,English,0.0,gdelt_gkg
PANW,2025-12-10,Xcaliber International General Counsel Eric Estes Named a 2026 Legends in Law Honoree,https://www.ktbs.com/online_features/press_releases/xcaliber-international-general-counsel-eric-estes-named-a-2026-legends-in-law-honoree/article_76be3167-7dfa-5193-be2b-db8c90918d81.html,ktbs.com,English,0.0,gdelt_gkg
PANW,2025-12-10,Cohesity honours global & APAC partners for cyber resilience,https://channellife.com.au/story/cohesity-honours-global-apac-partners-for-cyber-resilience,channellife.com.au,English,0.0,gdelt_gkg
PANW,2025-12-10,Cohesity honours global & APAC partners for cyber resilience,https://itbrief.co.nz/story/cohesity-honours-global-apac-partners-for-cyber-resilience,itbrief.co.nz,English,0.0,gdelt_gkg
PANW,2025-12-11,The Ever - Present Shadow : How Geopolitical Tensions Could Reshape Markets in Late 2025,https://markets.financialcontent.com/stocks/article/marketminute-2025-12-11-the-ever-present-shadow-how-geopolitical-tensions-could-reshape-markets-in-late-2025,markets.financialcontent.com,English,0.0,gdelt_gkg
PANW,2025-12-11,Hamas - linked group expands cyber espionage campaign,https://www.israelnationalnews.com/news/419163,israelnationalnews.com,English,0.0,gdelt_gkg
PANW,2025-12-11,"Zero Trust Architecture Market Driving Factors , Industry Growth , Key Vendors And Forecasts To 2028",https://whatech.com/og/markets-research/industrial/1007352-zero-trust-architecture-market-driving-factors-industry-growth-key-vendors-and-forecasts-to-2028.html,whatech.com,English,0.0,gdelt_gkg
PANW,2025-12-11,Here What Drove Mairs & Power Growth Fund to Pick Cognex Corporation ( CGNX ) ,https://finance.yahoo.com/news/drove-mairs-power-growth-fund-132429359.html,finance.yahoo.com,English,0.0,gdelt_gkg
PANW,2025-12-11,"James Goetz Sells 12 , 500 Shares of Palo Alto Networks ( NASDAQ : PANW ) Stock",https://www.dailypolitical.com/2025/12/10/james-goetz-sells-12500-shares-of-palo-alto-networks-nasdaqpanw-stock.html,dailypolitical.com,English,0.0,gdelt_gkg
PANW,2025-12-11,Hamas - linked group expands cyber espionage campaign,https://www.israelnationalnews.com/flashes/672165,israelnationalnews.com,English,0.0,gdelt_gkg
PANW,2025-12-11,Here What Drove Mairs & Power Growth Fund to Pick Cognex Corporation ( CGNX ) ,https://www.insidermonkey.com/blog/heres-what-drove-mairs-power-growth-fund-to-pick-cognex-corporation-cgnx-1658459/,insidermonkey.com,English,0.0,gdelt_gkg
PANW,2025-12-11,Palo Alto Networks ( PANW ) Plays a Role in Safeguarding the Modern Digital Economy . Here How,https://finance.yahoo.com/news/palo-alto-networks-panw-plays-132615372.html,finance.yahoo.com,English,0.0,gdelt_gkg
PANW,2025-12-12,Four practical steps to help make government systems  Secure by Design  ,https://www.civilserviceworld.com/news/article/four-practical-steps-to-help-make-government-systems-secure-by-design,civilserviceworld.com,English,0.0,gdelt_gkg
PANW,2025-12-12,AI drives record - breaking tech M & A in 2025,https://www.itweb.co.za/article/ai-drives-record-breaking-tech-ma-in-2025/KzQenvjy3J6qZd2r,itweb.co.za,English,0.0,gdelt_gkg
PANW,2025-12-12,Netskope Landing Major New Customers Post - IPO : CEO Sanjay Beri,https://www.crn.com/news/security/2025/netskope-landing-major-new-customers-post-ipo-ceo-sanjay-beri,crn.com,English,0.0,gdelt_gkg
PANW,2025-12-12,Why Netskope Stock Is Plunging Today | The Motley Fool,https://www.fool.com/investing/2025/12/12/why-netskope-stock-is-plunging-today/?source=iedfolrf0000001,fool.com,English,0.0,gdelt_gkg
PANW,2025-12-12,Three AI stocks this $6 - billion money manager likes right now,https://www.theglobeandmail.com/investing/globe-advisor/advisor-funds/article-three-ai-stocks-this-6-billion-money-manager-likes-right-now/,theglobeandmail.com,English,0.0,gdelt_gkg
PANW,2025-12-12,Key takeaways | AI Governance and Security Assessment Workshop | McDermott Will & Schulte,https://www.jdsupra.com/legalnews/key-takeaways-ai-governance-and-1460540/,jdsupra.com,English,0.0,gdelt_gkg
PANW,2025-12-12,Palo Alto Networks buys site of big South Bay office development,https://www.siliconvalley.com/2025/12/12/santa-clara-tech-build-property-palo-alto-networks-economy-jobs-office/,siliconvalley.com,English,0.0,gdelt_gkg
PANW,2025-12-12,Palo Alto Networks buys site of big South Bay office development,https://www.eastbaytimes.com/2025/12/12/santa-clara-tech-build-property-palo-alto-networks-economy-jobs-office/,eastbaytimes.com,English,0.0,gdelt_gkg
PANW,2025-12-12,The AI Frontier : Beyond NVIDIA – Identifying the Next Wave of Winners and Losers,https://markets.financialcontent.com/stocks/article/marketminute-2025-12-12-the-ai-frontier-beyond-nvidia-identifying-the-next-wave-of-winners-and-losers,markets.financialcontent.com,English,0.0,gdelt_gkg
PANW,2025-12-12,Breach Roundup : DPRK - Linked EtherRAT Targets React2Shell,https://www.govinfosecurity.com/breach-roundup-dprk-linked-etherrat-targets-react2shell-a-30262,govinfosecurity.com,English,0.0,gdelt_gkg
PANW,2025-12-12,"Prelude Capital Bets Heavily on CyberArk Software ( CYBR ) With a 29 , 406 Share Purchase",https://www.fool.com/coverage/filings/2025/12/12/prelude-capital-bets-heavily-on-cyberark-software-cybr-with-a-29-000-share-purchase/?source=iedfolrf0000001,fool.com,English,0.0,gdelt_gkg
PANW,2025-12-12,"Here an update on all 34 portfolio stocks , including 7 buys",https://www.cnbc.com/2025/12/12/heres-an-update-on-all-34-portfolio-stocks-including-7-buys.html,cnbc.com,English,0.0,gdelt_gkg
PANW,2025-12-13,Top 3 Winter Stocks With Solid Growth Opportunities,https://finance.yahoo.com/news/top-3-winter-stocks-solid-172100584.html,finance.yahoo.com,English,0.0,gdelt_gkg
PANW,2025-12-13,"Greenvale Capital Exits $75 Million Stake in Cyberark Software , According to Recent Filing",https://finance.yahoo.com/news/greenvale-capital-exits-75-million-181347555.html,finance.yahoo.com,English,0.0,gdelt_gkg
PANW,2025-12-13,Palo Alto Networks ( NASDAQ : PANW ) Shares Down 1 % After Insider Selling,https://www.dailypolitical.com/2025/12/12/palo-alto-networks-nasdaqpanw-shares-down-1-after-insider-selling.html,dailypolitical.com,English,0.0,gdelt_gkg
PANW,2025-12-13,Critical React Server Components Vulnerability Exploited : December 12 Update,https://www.el-balad.com/6793529,el-balad.com,English,0.0,gdelt_gkg
PANW,2025-12-13,Palo Alto Networks ( NASDAQ : PANW ) Stock Price Down 1 % After Insider Selling,https://www.tickerreport.com/banking-finance/13289875/palo-alto-networks-nasdaqpanw-stock-price-down-1-after-insider-selling.html,tickerreport.com,English,0.0,gdelt_gkg
PANW,2025-12-13,"EP Wealth Advisors LLC Has $25 . 39 Million Holdings in Palo Alto Networks , Inc . $PANW",https://www.tickerreport.com/banking-finance/13290551/ep-wealth-advisors-llc-has-25-39-million-holdings-in-palo-alto-networks-inc-panw.html,tickerreport.com,English,0.0,gdelt_gkg
PANW,2025-12-13,"EP Wealth Advisors LLC Buys 3 , 835 Shares of Palo Alto Networks , Inc . $PANW",https://www.dailypolitical.com/2025/12/13/ep-wealth-advisors-llc-buys-3835-shares-of-palo-alto-networks-inc-panw.html,dailypolitical.com,English,0.0,gdelt_gkg
PANW,2025-12-14,Best Cybersecurity Stocks To Watch Today – December 14th,https://www.themarketsdaily.com/2025/12/14/best-cybersecurity-stocks-to-watch-today-december-14th.html,themarketsdaily.com,English,0.0,gdelt_gkg
PANW,2025-12-14,Grading our 2025 enterprise technology predictions,https://siliconangle.com/2025/12/14/grading-2025-enterprise-technology-predictions/,siliconangle.com,English,0.0,gdelt_gkg
PANW,2025-12-14,"Kentucky Retirement Systems Trims Position in Palo Alto Networks , Inc . $PANW",https://www.themarketsdaily.com/2025/12/14/kentucky-retirement-systems-trims-position-in-palo-alto-networks-inc-panw.html,themarketsdaily.com,English,0.0,gdelt_gkg
PANW,2025-12-14,Ad Agency Stocks Seen Turning AI Disruption to Their Advantage,https://www.livemint.com/companies/news/ad-agency-stocks-seen-turning-ai-disruption-to-their-advantage-11765703613263.html,livemint.com,English,0.0,gdelt_gkg
PANW,2025-12-15,"What up with … Orange , ZTE , SASE sales , Access Evolution",https://www.telecomtv.com/content/access-evolution/what-s-up-with-orange-zte-sase-sales-54524/,telecomtv.com,English,0.0,gdelt_gkg
PANW,2025-12-15,"ServiceNow in advanced talks to acquire cybersecurity startup Armis for upto $7 billion , says report",https://www.livemint.com/companies/news/servicenow-advance-talks-acquire-buy-armis-deal-value-7-billion-cybersecurity-startup-israel-veteran-tech-company-report-11765759279322.html,livemint.com,English,0.0,gdelt_gkg
PANW,2025-12-15,人工知能を活用したインシデント分類市場は2029年に向けて急拡大へ,https://japan.cnet.com/release/31134997/,japan.cnet.com,Japanese,0.0,gdelt_gkg
PANW,2025-12-15,تحليل أمريكي : قراصنة مرتبطون بـ  حماس  يشنون هجمات على المغرب,https://www.hespress.com/%D8%AA%D8%AD%D9%84%D9%8A%D9%84-%D8%A3%D9%85%D8%B1%D9%8A%D9%83%D9%8A-%D9%82%D8%B1%D8%A7%D8%B5%D9%86%D8%A9-%D9%85%D8%B1%D8%AA%D8%A8%D8%B7%D9%88%D9%86-%D8%A8%D9%80%D8%AD%D9%85%D8%A7%D8%B3-%D9%8A-1671051.html,hespress.com,Arabic,0.0,gdelt_gkg
PANW,2025-12-15,"Lumen ( LUMN ) Stock Trades Down , Here Is Why | FinancialContent",https://markets.financialcontent.com/stocks/article/stockstory-2025-12-15-lumen-lumn-stock-trades-down-here-is-why,markets.financialcontent.com,English,0.0,gdelt_gkg
PANW,2025-12-15,מנכ  ל פאלו אלטו לגלובס :  אין חשש לפגיעה בתגמול עובדי סייברארק  ,https://www.globes.co.il/news/article.aspx?did=1001529270,globes.co.il,Hebrew,0.0,gdelt_gkg
PANW,2025-12-15,Freshworks to Deepen its IT Service and Operations Portfolio with Acquisition of FireHydrant AI - Native Incident Management and Reliability Platform,http://koreabizwire.com/freshworks-to-deepen-its-it-service-and-operations-portfolio-with-acquisition-of-firehydrants-ai-native-incident-management-and-reliability-platform/340182,koreabizwire.com,English,0.0,gdelt_gkg
PANW,2025-12-15,ServiceNow Stock Plunges to Lead S & P 500 Decliners on Monday . Here Why . ,https://www.investopedia.com/servicenow-stock-plunges-to-lead-s-and-p-500-decliners-on-monday-here-is-why-11868924,investopedia.com,English,0.0,gdelt_gkg
PANW,2025-12-16,Wolfe Research Boosts Palo Alto Networks ( NASDAQ : PANW ) Price Target to $250 . 00,https://www.themarketsdaily.com/2025/12/16/wolfe-research-boosts-palo-alto-networks-nasdaqpanw-price-target-to-250-00.html,themarketsdaily.com,English,0.0,gdelt_gkg
PANW,2025-12-16,"Tech promises  multi - year  M & A boom , says Morgan Stanley Cheng – The Mercury News",https://www.mercurynews.com/2025/12/16/tech-promises-multi-year-ms-cheng/,mercurynews.com,English,0.0,gdelt_gkg
PANW,2025-12-16,"ברקע החשש מהאקזיט , מנכ  ל פאלו אלטו נפגש עם עובדי סייברארק",https://www.globes.co.il/news/article.aspx?did=1001529333,globes.co.il,Hebrew,0.0,gdelt_gkg
PANW,2025-12-16,Meet the ASX ETF that has returned 17 . 8 % for 9 years,https://www.fool.com.au/2025/12/16/meet-the-asx-etf-that-has-returned-17-8-for-9-years/,fool.com.au,English,0.0,gdelt_gkg
PANW,2025-12-16,Russia - linked hackers breach critical infrastructure organizations via edge devices,https://www.utilitydive.com/news/russia-linked-hackers-breach-critical-infrastructure-organizations-via-edge/808034/,utilitydive.com,English,0.0,gdelt_gkg
PANW,2025-12-16,Palo Alto Networks Report Reveals AI Is Driving a Massive Cloud Attack Surface Expansion,https://www.marketscreener.com/news/palo-alto-networks-report-reveals-ai-is-driving-a-massive-cloud-attack-surface-expansion-ce7d50deda89f125,marketscreener.com,English,0.0,gdelt_gkg
PANW,2025-12-16,Wolfe Research Issues Positive Forecast for Palo Alto Networks ( NASDAQ : PANW ) Stock Price,https://www.dailypolitical.com/2025/12/16/wolfe-research-issues-positive-forecast-for-palo-alto-networks-nasdaqpanw-stock-price.html,dailypolitical.com,English,0.0,gdelt_gkg
PANW,2025-12-16,"Texas Permanent School Fund Corp Lowers Position in Palo Alto Networks , Inc . $PANW",https://www.themarketsdaily.com/2025/12/16/texas-permanent-school-fund-corp-lowers-position-in-palo-alto-networks-inc-panw.html,themarketsdaily.com,English,0.0,gdelt_gkg
PANW,2025-12-16,Cybersecurity Stocks To Follow Now – December 16th,https://www.dailypolitical.com/2025/12/16/cybersecurity-stocks-to-follow-now-december-16th.html,dailypolitical.com,English,0.0,gdelt_gkg
PANW,2025-12-16,Palo Alto Networks hopes property deal bolsters South Bay HQ expansion,https://www.mercurynews.com/2025/12/16/santa-clara-tech-economy-build-property-palo-alto-networks-jobs-office/,mercurynews.com,English,0.0,gdelt_gkg
PANW,2025-12-16,"Tech promises  multi - year  M & A boom , says Morgan Stanley Cheng – East Bay Times",https://www.eastbaytimes.com/2025/12/16/tech-promises-multi-year-ms-cheng/,eastbaytimes.com,English,0.0,gdelt_gkg
PANW,2025-12-16,Freshworks acquires FireHydrant to strengthen AI - driven incident and IT operations management,https://www.adgully.com/post/10230/freshworks-acquires-firehydrant-to-strengthen-ai-driven-incident-and-it-operations-management,adgully.com,English,0.0,gdelt_gkg
PANW,2025-12-17,"Thurston Springer Miller Herd & Titak Inc . Has $171 , 000 Stake in Palo Alto Networks , Inc . $PANW",https://www.tickerreport.com/banking-finance/13294465/thurston-springer-miller-herd-titak-inc-has-171000-stake-in-palo-alto-networks-inc-panw.html,tickerreport.com,English,0.0,gdelt_gkg
PANW,2025-12-17,10 Contrarian Stock Picks for 2026,https://www.investing.com/analysis/10-contrarian-stock-picks-for-2026-200671955,investing.com,English,0.0,gdelt_gkg
PANW,2025-12-17,Jim Cramer top 10 things to watch in the stock market Wednesday,https://www.cnbc.com/2025/12/17/jim-cramers-top-10-things-to-watch-in-the-stock-market-wednesday.html,cnbc.com,English,0.0,gdelt_gkg
PANW,2025-12-17,Palo Alto Networks hopes property deal bolsters South Bay HQ expansion,https://www.record-bee.com/2025/12/17/palo-alto-networks-hopes-property-deal-bolsters-south-bay-hq-expansion/,record-bee.com,English,0.0,gdelt_gkg
PANW,2025-12-17,Tech Sell - Off Deepens : Nasdaq Tumbles Below Critical Support as AI Concerns Mount,https://markets.financialcontent.com/stocks/article/marketminute-2025-12-17-tech-sell-off-deepens-nasdaq-tumbles-below-critical-support-as-ai-concerns-mount,markets.financialcontent.com,English,0.0,gdelt_gkg
PANW,2025-12-17,Apple Invests $1 . 1B in California Offices for 2025 Expansion,https://www.webpronews.com/apple-invests-1-1b-in-california-offices-for-2025-expansion/,webpronews.com,English,0.0,gdelt_gkg
PANW,2025-12-17,Tech Sector Meltdown : A Deepening Selloff Pressures Nasdaq Amidst AI Bubble Fears,https://markets.financialcontent.com/stocks/article/marketminute-2025-12-17-tech-sector-meltdown-a-deepening-selloff-pressures-nasdaq-amidst-ai-bubble-fears,markets.financialcontent.com,English,0.0,gdelt_gkg
PANW,2025-12-17,CrowdStrike Launches Falcon AIDR for AI Threat Detection and Security,https://www.webpronews.com/crowdstrike-launches-falcon-aidr-for-ai-threat-detection-and-security/,webpronews.com,English,0.0,gdelt_gkg
PANW,2025-12-17,"Spotify initiated , Airbnb upgraded : Wall Street top analyst calls",https://finance.yahoo.com/news/spotify-initiated-airbnb-upgraded-wall-143304445.html,finance.yahoo.com,English,0.0,gdelt_gkg
PANW,2025-12-17,Ctrl + Alt + Delusion :  The Net  30 years later,https://www.cio.com/article/4107231/ctrl-alt-delusion-the-net-30-years-later.html,cio.com,English,0.0,gdelt_gkg
PANW,2025-12-18,Exposing the Hidden Geometry of Palo Alto ( PANW ) Stock Most Investors Will Miss,https://biztoc.com/x/e81a2fa63f54b077,biztoc.com,English,0.0,gdelt_gkg
PANW,2025-12-18,Gartner crowns leaders in key artificial intelligence races,https://itbrief.co.nz/story/gartner-crowns-leaders-in-key-artificial-intelligence-races,itbrief.co.nz,English,0.0,gdelt_gkg
PANW,2025-12-18,The 10 Biggest Tech M & A Deals Of 2025,https://www.crn.com/news/channel-news/2025/the-10-biggest-tech-m-a-deals-of-2025,crn.com,English,0.0,gdelt_gkg
PANW,2025-12-18,"Forget AI Hype , JPMorgan Says Cybersecurity  Will Shine In 2026 Palo Alto , Zscaler Are Top Picks - Palo Alto Networks ( NASDAQ : PANW ), Zscaler ( NASDAQ : ZS ) ",https://www.benzinga.com/analyst-stock-ratings/analyst-color/25/12/49482331/forget-ai-hype-jpmorgan-says-cybersecurity-will-shine-in-2026-palo-alto-zscaler-are-top-picks,benzinga.com,English,0.0,gdelt_gkg
PANW,2025-12-18,These are the companies to beat in the AI vendor race,https://it-online.co.za/2025/12/18/these-are-the-companies-to-beat-in-the-ai-vendor-race/,it-online.co.za,English,0.0,gdelt_gkg
PANW,2025-12-18,JLR cyberattack pushes TCS to standardize security for top clients,https://www.livemint.com/companies/news/tcs-cybersecurity-pilots-jlr-breach-client-risk-11766023664527.html,livemint.com,English,0.0,gdelt_gkg
PANW,2025-12-18,Why Cyera Is Eyeing a $400M Funding Round at a $9B Valuation,https://www.bankinfosecurity.com/blogs/cyera-eyeing-400m-funding-round-at-9b-valuation-p-4003,bankinfosecurity.com,English,0.0,gdelt_gkg
PANW,2025-12-18,Gartner crowns leaders in key artificial intelligence races,https://channellife.co.nz/story/gartner-crowns-leaders-in-key-artificial-intelligence-races,channellife.co.nz,English,0.0,gdelt_gkg
PANW,2025-12-18,"AWS Transform Drives Microsoft Windows , VMware Migrations Faster With New Innovation",https://www.crn.com/news/cloud/2025/aws-transform-drives-microsoft-windows-vmware-migrations-faster-with-new-innovation,crn.com,English,0.0,gdelt_gkg
PANW,2025-12-18,Why Cyera Is Eyeing a $400M Funding Round at a $9B Valuation,https://www.govinfosecurity.com/blogs/cyera-eyeing-400m-funding-round-at-9b-valuation-p-4003,govinfosecurity.com,English,0.0,gdelt_gkg
PANW,2025-12-19,Stocks gain as tech leads upside while Yen is sold post BoJ - Newsquawk Early US Market Wrap,https://www.zerohedge.com/markets/stocks-gain-tech-leads-upside-while-yen-sold-post-boj-newsquawk-early-us-market-wrap,zerohedge.com,English,0.0,gdelt_gkg
PANW,2025-12-19,Criminal IP and Palo Alto Networks Cortex XSOAR integrate to bring AI - driven exposure intelligence to automated incident response,https://www.manilatimes.net/2025/12/19/tmt-newswire/globenewswire/criminal-ip-and-palo-alto-networks-cortex-xsoar-integrate-to-bring-ai-driven-exposure-intelligence-to-automated-incident-response/2247087,manilatimes.net,English,0.0,gdelt_gkg
PANW,2025-12-19,"Wall Street saves a weekly win , and Palo Alto Networks gets closer with Google",https://www.cnbc.com/2025/12/19/wall-street-saves-a-weekly-win-and-palo-alto-networks-gets-closer-with-google.html,cnbc.com,English,0.0,gdelt_gkg
PANW,2025-12-19,Webinar | Driving Business Value with Machine - Led Security,https://www.bankinfosecurity.com/webinars/webinar-driving-business-value-machine-led-security-w-6710,bankinfosecurity.com,English,0.0,gdelt_gkg
PANW,2025-12-19,Webinar | Driving Business Value with Machine - Led Security,https://www.govinfosecurity.com/webinars/webinar-driving-business-value-machine-led-security-w-6710,govinfosecurity.com,English,0.0,gdelt_gkg
PANW,2025-12-19,Palo Alto Networks and Google Cloud Expand Partnership to Help Customers Build and Secure AI with Confidence,https://infotechlead.com/security/palo-alto-networks-and-google-cloud-expand-partnership-to-help-customers-build-and-secure-ai-with-confidence-92759,infotechlead.com,English,0.0,gdelt_gkg
PANW,2025-12-19,"Palo Alto Networks , Google Cloud to Expand Partnership in Multibillion - Dollar Deal",https://www.marketscreener.com/news/palo-alto-networks-google-cloud-to-expand-partnership-in-multibillion-dollar-deal-ce7d50ddde8ef221,marketscreener.com,English,0.0,gdelt_gkg
PANW,2025-12-19,New research reveals AI is fueling an  unprecedented surge in cloud security risks  ,https://www.techradar.com/pro/security/new-research-reveals-ai-is-fueling-an-unprecedented-surge-in-cloud-security-risks,techradar.com,English,0.0,gdelt_gkg
PANW,2025-12-19,"Google Cloud lands deal with Palo Alto Networks  approaching $10 billion , per source",https://www.thestar.com.my/tech/tech-news/2025/12/19/google-cloud-lands-deal-with-palo-alto-networks-039approaching-10-billion039-per-source,thestar.com.my,English,0.0,gdelt_gkg
PANW,2025-12-19,"If You Invested $100 In Palo Alto Networks Stock 10 Years Ago , You Would Have This Much Today - Palo Alto Networks ( NASDAQ : PANW ) ",https://www.benzinga.com/insights/news/25/12/49496251/if-you-invested-100-in-palo-alto-networks-stock-10-years-ago-you-would-have-this-much-today,benzinga.com,English,0.0,gdelt_gkg
PANW,2025-12-19,"Palo Alto Networks , Google Cloud in multibillion - dollar pact",https://www.upi.com/Top_News/US/2025/12/19/Palo-Alto-Networks-Google-Cloud-deal/5511766157606/,upi.com,English,0.0,gdelt_gkg
PANW,2025-12-19,"Palo Alto Networks , Google Cloud in multibillion - dollar pact",https://www.marketscreener.com/news/palo-alto-networks-google-cloud-in-multibillion-dollar-pact-ce7d50ddde8af122,marketscreener.com,English,0.0,gdelt_gkg
PANW,2025-12-20,JPMorgan Reinstates Palo Alto Networks ( PANW ) With Overweight Rating,https://finance.yahoo.com/news/bofa-adjusts-elevance-health-elv-221151681.html,finance.yahoo.com,English,0.0,gdelt_gkg
PANW,2025-12-20,"LVM Capital Management Ltd . MI Has $10 . 90 Million Stock Position in Palo Alto Networks , Inc . $PANW",https://www.dailypolitical.com/2025/12/20/lvm-capital-management-ltd-mi-has-10-90-million-stock-position-in-palo-alto-networks-inc-panw.html,dailypolitical.com,English,0.0,gdelt_gkg
PANW,2025-12-20,Palo Alto Networks Fuels Google Cloud Pact to Guard AI Stack,https://www.bankinfosecurity.com/palo-alto-networks-fuels-google-cloud-pact-to-guard-ai-stack-a-30359,bankinfosecurity.com,English,0.0,gdelt_gkg
PANW,2025-12-20,Google Cloud announces deal with Palo Alto Networks approaching $10 billion,https://americanbazaaronline.com/2025/12/19/google-cloud-announces-deal-with-palo-alto-networks-approaching-10-billion-471933/,americanbazaaronline.com,English,0.0,gdelt_gkg
PANW,2025-12-20,"LVM Capital Management Ltd . MI Acquires 6 , 017 Shares of Palo Alto Networks , Inc . $PANW",https://www.tickerreport.com/banking-finance/13297370/lvm-capital-management-ltd-mi-acquires-6017-shares-of-palo-alto-networks-inc-panw.html,tickerreport.com,English,0.0,gdelt_gkg
PANW,2025-12-20,Tech Stocks Are Surging Friday . Is the AI Trade Making a Comeback ? ,https://www.investopedia.com/tech-stocks-surge-friday-is-the-ai-trade-making-a-comeback-orcl-nvda-googl-panw-11873111,investopedia.com,English,0.0,gdelt_gkg
PANW,2025-12-20,"Zevenbergen Capital Investments LLC Reduces Stock Holdings in Palo Alto Networks , Inc . $PANW",https://www.dailypolitical.com/2025/12/20/zevenbergen-capital-investments-llc-reduces-stock-holdings-in-palo-alto-networks-inc-panw.html,dailypolitical.com,English,0.0,gdelt_gkg
PANW,2025-12-20,Palo Alto Networks ( NASDAQ : PANW ) Trading 1 . 3 % Higher – What Next ? ,https://www.dailypolitical.com/2025/12/20/palo-alto-networks-nasdaqpanw-trading-1-3-higher-whats-next.html,dailypolitical.com,English,0.0,gdelt_gkg
PANW,2025-12-20,"Google Cloud lands deal with Palo Alto Networks  approaching $10 billion , per source",https://finance.yahoo.com/news/google-cloud-lands-deal-palo-130205661.html,finance.yahoo.com,English,0.0,gdelt_gkg
PANW,2025-12-20,"Billions Of Passwords Have Leaked Hack Attacks Are Ongoing , Act Now",https://www.forbes.com/sites/daveywinder/2025/12/20/16-billion-passwords-leaked---hack-attacks-are-ongoing-act-now/,forbes.com,English,0.0,gdelt_gkg
PANW,2025-12-21,"  Wolf of Wall Street : GOP lawmaker targets Nancy Pelosi over  insider trading  claim and 17 , 000 % returns",https://www.moneycontrol.com/world/wolf-of-wall-street-gop-lawmaker-targets-nancy-pelosi-over-insider-trading-claim-and-17-000-returns-article-13735708.html,moneycontrol.com,English,0.0,gdelt_gkg
PANW,2025-12-21,The 3 Deep Learning Stocks That Could Be Worth 50 % More by 2027,https://www.fool.com/investing/2025/12/21/the-x-deep-learning-stocks-that-could-be-worth-x-m/,fool.com,English,0.0,gdelt_gkg
PANW,2025-12-21,"Palo Alto Networks , Inc . $PANW Shares Sold by Flputnam Investment Management Co . ",https://www.dailypolitical.com/2025/12/21/palo-alto-networks-inc-panw-shares-sold-by-flputnam-investment-management-co.html,dailypolitical.com,English,0.0,gdelt_gkg
PANW,2025-12-21,Latest Press Releases Unveiled,https://www.el-balad.com/6801021,el-balad.com,English,0.0,gdelt_gkg
PANW,2025-12-21,Tech Stocks Are Surging Friday . Is the AI Trade Making a Comeback ? ,https://finance.yahoo.com/news/tech-stocks-surging-friday-ai-185051703.html,finance.yahoo.com,English,0.0,gdelt_gkg
PANW,2025-12-21,HubSpot CEO avoids the Sunday scaries simply by working on the weekend,https://fortune.com/article/hubspot-ceo-avoids-sunday-scaries-by-working-on-weekend/,fortune.com,English,0.0,gdelt_gkg
PANW,2025-12-21,Cybersecurity Stocks To Watch Now – December 21st,https://www.tickerreport.com/banking-finance/13298223/cybersecurity-stocks-to-watch-now-december-21st.html,tickerreport.com,English,0.0,gdelt_gkg
PANW,2025-12-21,The 3 Deep Learning Stocks That Could Be Worth 50 % More by 2027,https://www.fool.com/investing/2025/12/21/the-x-deep-learning-stocks-that-could-be-worth-x-m/?source=iedfolrf0000001,fool.com,English,0.0,gdelt_gkg
PANW,2025-12-21,Iranian Infy APT Resurfaces with New Malware Activity After Years of Silence,https://thehackernews.com/2025/12/iranian-infy-apt-resurfaces-with-new.html,thehackernews.com,English,0.0,gdelt_gkg
PANW,2025-12-21,The 3 Deep Learning Stocks That Could Be Worth 50 % More by 2027,https://finance.yahoo.com/news/3-deep-learning-stocks-could-161000910.html,finance.yahoo.com,English,0.0,gdelt_gkg
PANW,2025-12-22,HPE OneView CVE - 2025 - 37164 : Critical Flaw Enables Remote Code Execution,https://www.webpronews.com/hpe-oneview-cve-2025-37164-critical-flaw-enables-remote-code-execution/,webpronews.com,English,0.0,gdelt_gkg
PANW,2025-12-22,"Palo Alto Networks , Google Cloud Expand Partnership to Secure AI Workloads",https://www.thefastmode.com/technology-solutions/46508-palo-alto-networks-google-cloud-expand-partnership-to-secure-ai-workloads,thefastmode.com,English,0.0,gdelt_gkg
PANW,2025-12-22,"Weekly Tech News : Cloud Deals , AI Growth , and Platform Challenges",https://techstory.in/weekly-tech-news-cloud-deals-ai-growth-and-platform-challenges/,techstory.in,English,0.0,gdelt_gkg
PANW,2025-12-22,Get the popcorn out : why 2026 could be the inflexion point for the AI revolution,https://www.proactiveinvestors.com/companies/news/1084815/get-the-popcorn-out-why-2026-could-be-the-inflexion-point-for-the-ai-revolution-1084815.html,proactiveinvestors.com,English,0.0,gdelt_gkg
PANW,2025-12-23,Jim Cramer on SentinelOne :  You Got to Stick With the High - Quality Ones  ,https://finance.yahoo.com/news/jim-cramer-sentinelone-got-stick-152629299.html,finance.yahoo.com,English,0.0,gdelt_gkg
PANW,2025-12-23,AI Security Gaps Risk Billions Amid Skill Shortages in Firms,https://www.webpronews.com/ai-security-gaps-risk-billions-amid-skill-shortages-in-firms/,webpronews.com,English,0.0,gdelt_gkg
PANW,2025-12-23,"Yousif Capital Management LLC Has $15 . 20 Million Holdings in Palo Alto Networks , Inc . $PANW",https://www.dailypolitical.com/2025/12/23/yousif-capital-management-llc-has-15-20-million-holdings-in-palo-alto-networks-inc-panw.html,dailypolitical.com,English,0.0,gdelt_gkg
PANW,2025-12-23,From 350 sqft flat in India to $25 million pay package : HubSpot CEO credits mother for success,https://www.moneycontrol.com/news/trends/from-350-sqft-flat-in-india-to-25-million-pay-package-hubspot-ceo-yamini-rangan-s-unusual-path-to-success-13739608.html,moneycontrol.com,English,0.0,gdelt_gkg
PANW,2025-12-23,Cantor Sees Long - Term Upside for Palo Alto Networks ( PANW ) on AI - Era Security,https://www.insidermonkey.com/blog/cantor-sees-long-term-upside-for-palo-alto-networks-panw-on-ai-era-security-1664079/,insidermonkey.com,English,0.0,gdelt_gkg
PANW,2025-12-23,Cantor Sees Long - Term Upside for Palo Alto Networks ( PANW ) on AI - Era Security,https://finance.yahoo.com/news/cantor-sees-long-term-upside-075950924.html,finance.yahoo.com,English,0.0,gdelt_gkg
PANW,2025-12-23,Palo Alto new Google Cloud deal boosts AI integration,https://www.theregister.com/2025/12/22/palo_alto_google_cloud_ai_integration/,theregister.com,English,0.0,gdelt_gkg
PANW,2025-12-23,Data governance key to AI security,https://www.omanobserver.om/article/1181583/oman/data-governance-key-to-ai-security,omanobserver.om,English,0.0,gdelt_gkg
PANW,2025-12-23,Santa Clara - based ServiceNow to buy cyber startup Armis for $7 . 75 billion,https://www.siliconvalley.com/2025/12/23/santa-clara-servicenow-to-buy-cyber-startup-armis-for-7-75-billion/,siliconvalley.com,English,0.0,gdelt_gkg
PANW,2025-12-23,"Welch Group LLC Takes $7 . 92 Million Position in Palo Alto Networks , Inc . $PANW",https://www.dailypolitical.com/2025/12/23/welch-group-llc-takes-7-92-million-position-in-palo-alto-networks-inc-panw.html,dailypolitical.com,English,0.0,gdelt_gkg
PANW,2025-12-23,FinancialContent - ServiceNow $7 . 75 Billion Bet on Armis : Why the Market is Skeptical of the Software Giant Pivot to Cybersecurity,https://markets.financialcontent.com/stocks/article/marketminute-2025-12-23-servicenows-775-billion-bet-on-armis-why-the-market-is-skeptical-of-the-software-giants-pivot-to-cybersecurity,markets.financialcontent.com,English,0.0,gdelt_gkg
PANW,2025-12-23,Cybersecurity Stocks Worth Watching – December 23rd,https://www.dailypolitical.com/2025/12/23/cybersecurity-stocks-worth-watching-december-23rd.html,dailypolitical.com,English,0.0,gdelt_gkg
PANW,2025-12-24,Bank of N T Butterfield & Son : Butterfield International Balanced Fund ( USD Class ) - 2025 Financials,https://www.marketscreener.com/news/bank-of-n-t-butterfield-son-butterfield-international-balanced-fund-usd-class-2025-financial-ce7e59dadd89f32c,marketscreener.com,English,0.0,gdelt_gkg
PANW,2025-12-24,"Executive shuffle : Fiserv , DailyPay and MoneyGram",https://finance.yahoo.com/news/executive-shuffle-fiserv-dailypay-moneygram-102500101.html,finance.yahoo.com,English,0.0,gdelt_gkg
PANW,2025-12-24,Google Cloud Revamps Partner Program for AI - Driven Success in 2026,https://www.webpronews.com/google-cloud-revamps-partner-program-for-ai-driven-success-in-2026/,webpronews.com,English,0.0,gdelt_gkg
PANW,2025-12-24,"Exchange Traded Concepts LLC Raises Holdings in Palo Alto Networks , Inc . $PANW",https://www.defenseworld.net/2025/12/24/exchange-traded-concepts-llc-raises-holdings-in-palo-alto-networks-inc-panw.html,defenseworld.net,English,0.0,gdelt_gkg
PANW,2025-12-24,"DAVENPORT & Co LLC Purchases 5 , 386 Shares of Palo Alto Networks , Inc . $PANW",https://www.defenseworld.net/2025/12/24/davenport-co-llc-purchases-5386-shares-of-palo-alto-networks-inc-panw.html,defenseworld.net,English,0.0,gdelt_gkg
PANW,2025-12-24,Promising Cybersecurity Stocks To Consider – December 24th,https://www.dailypolitical.com/2025/12/24/promising-cybersecurity-stocks-to-consider-december-24th.html,dailypolitical.com,English,0.0,gdelt_gkg
PANW,2025-12-24,Santa Clara - based ServiceNow to buy cyber startup Armis for $7 . 75 billion,https://www.mercurynews.com/2025/12/23/santa-clara-servicenow-to-buy-cyber-startup-armis-for-7-75-billion/,mercurynews.com,English,0.0,gdelt_gkg
PANW,2025-12-24,The smartest ASX ETFs to build wealth in the new year,https://www.fool.com.au/2025/12/24/the-smartest-asx-etfs-to-build-wealth-in-the-new-year/,fool.com.au,English,0.0,gdelt_gkg
PANW,2025-12-24,OnDemand | Reimagining Security Operations in the Age of AI,https://www.govinfosecurity.com/webinars/ondemand-reimagining-security-operations-in-age-ai-w-6614,govinfosecurity.com,English,0.0,gdelt_gkg
PANW,2025-12-24,Santa Clara - based ServiceNow to buy cyber startup Armis for $7 . 75 billion,https://www.eastbaytimes.com/2025/12/23/santa-clara-servicenow-to-buy-cyber-startup-armis-for-7-75-billion/,eastbaytimes.com,English,0.0,gdelt_gkg
PANW,2025-12-24,SaaS attacks surge as boards turn to AI for defence,https://securitybrief.news/story/saas-attacks-surge-as-boards-turn-to-ai-for-defence,securitybrief.news,English,0.0,gdelt_gkg
PANW,2025-12-24,Palo Alto Networks Stock Is Down But Not Out - Worth Buying PANW Here ? ,https://finance.yahoo.com/news/palo-alto-networks-stock-down-183803167.html,finance.yahoo.com,English,0.0,gdelt_gkg
PANW,2025-12-24,"Is Palo Alto Networks Stock a Buy , Sell , or Hold Following Its Major Multibillion - Dollar Google Deal ? ",https://finance.yahoo.com/news/palo-alto-networks-stock-buy-161802896.html,finance.yahoo.com,English,0.0,gdelt_gkg
PANW,2025-12-25,2 Extraordinary Artificial Intelligence ( AI ) Stocks Down 30 % and 73 % to Buy Before They Turn Around in 2026,https://www.fool.com/investing/2025/12/25/2-extraordinary-artificial-intelligence-ai-stocks/?source=iedfolrf0000001,fool.com,English,0.0,gdelt_gkg
PANW,2025-12-25,セールスフォースのデータ流出に関与の犯罪集団 、 活動を加速 -- パロアルト警告,https://japan.zdnet.com/article/35242045/,japan.zdnet.com,Japanese,0.0,gdelt_gkg
PANW,2025-12-25,Coupang says culprit behind data leak affecting 33 million users identified,https://www.marketscreener.com/news/coupang-says-culprit-behind-data-leak-affecting-33-million-users-identified-ce7e59dadf8df325,marketscreener.com,English,0.0,gdelt_gkg
PANW,2025-12-25,"Coupang data breach : Culprit identified , all customer leaked data deleted",https://www.thenews.com.pk/latest/1386108-coupang-data-breach-culprit-identified-all-customers-leaked-data-deleted,thenews.com.pk,English,0.0,gdelt_gkg
PANW,2025-12-25,Alphabet Pullback After a Big Year Is This the Dip to Buy ? ,https://finance.yahoo.com/news/alphabet-pullback-big-dip-buy-121300246.html,finance.yahoo.com,English,0.0,gdelt_gkg
PANW,2025-12-25,2 Extraordinary Artificial Intelligence ( AI ) Stocks Down 30 % and 73 % to Buy Before They Turn Around in 2026,https://finance.yahoo.com/news/2-extraordinary-artificial-intelligence-ai-150500174.html,finance.yahoo.com,English,0.0,gdelt_gkg
PANW,2025-12-25,Ray Dalio Top Holdings Revealed : Two ETFs and Two Tech Titans,https://finance.yahoo.com/news/ray-dalio-top-holdings-revealed-155202390.html,finance.yahoo.com,English,0.0,gdelt_gkg
PANW,2025-12-25,The Biggest Cybersecurity Mergers and Acquisitions of 2025,https://www.infosecurity-magazine.com/news-features/biggest-cybersecurity-mergers/,infosecurity-magazine.com,English,0.0,gdelt_gkg
PANW,2025-12-26,"עסקת הענק , ​הפגישה הדרמטית והמניה שטסה : השנה של שוק ההון",https://www.globes.co.il/news/article.aspx?did=1001530340,globes.co.il,Hebrew,0.0,gdelt_gkg
PANW,2025-12-26,FinancialContent - Coupang ( CPNG ) Stock Surges Over 10 % as Data Breach Fears Dissipate,https://markets.financialcontent.com/stocks/article/marketminute-2025-12-26-coupang-cpng-stock-surges-over-10-as-data-breach-fears-dissipate,markets.financialcontent.com,English,0.0,gdelt_gkg
PANW,2025-12-26,Tabletop exercises look a little different this year,https://www.theregister.com/2025/12/26/end_of_year_tabletop_exercises/,theregister.com,English,0.0,gdelt_gkg
PANW,2025-12-27,Webinar | The Secure AI Roadmap : Why SASE Consolidation is the Key to 2026 Innovation,https://www.bankinfosecurity.com/webinars/webinar-secure-ai-roadmap-sase-consolidation-key-to-2026-innovation-w-6723,bankinfosecurity.com,English,0.0,gdelt_gkg
PANW,2025-12-27,3 ASX ETFs Im buying in January 2026,https://www.fool.com.au/2025/12/28/3-asx-etfs-im-buying-in-january-2026/,fool.com.au,English,0.0,gdelt_gkg
PANW,2025-12-27,Best Cybersecurity Stocks Worth Watching – December 27th,https://www.themarketsdaily.com/2025/12/27/best-cybersecurity-stocks-worth-watching-december-27th.html,themarketsdaily.com,English,0.0,gdelt_gkg
PANW,2025-12-27,Webinar | The Secure AI Roadmap : Why SASE Consolidation is the Key to 2026 Innovation,https://www.govinfosecurity.com/webinars/webinar-secure-ai-roadmap-sase-consolidation-key-to-2026-innovation-w-6723,govinfosecurity.com,English,0.0,gdelt_gkg
PANW,2025-12-27,9 AI Cybersecurity Startups Debut at TechCrunch Disrupt Battlefield,https://www.webpronews.com/9-ai-cybersecurity-startups-debut-at-techcrunch-disrupt-battlefield/,webpronews.com,English,0.0,gdelt_gkg
PANW,2025-12-28,"Options Trades to Watch : Top Analyst Bets on Palo Alto , TJX , and SoFi",https://wallstreetpit.com/128073-options-trades-to-watch-top-analyst-bets-on-palo-alto-tjx-and-sofi/,wallstreetpit.com,English,0.0,gdelt_gkg
PANW,2025-12-28,Prediction : This Unstoppable Vanguard ETF Will Crush the S & P 500 Again in 2026,https://www.fool.com/investing/2025/12/28/prediction-vanguard-etf-crush-sp-500-again-2026/?source=iedfolrf0000001,fool.com,English,0.0,gdelt_gkg
PANW,2025-12-28,"Week in review : The S & P 500 kept hitting records , and an AI giant went back into the Bullpen",https://www.cnbc.com/2025/12/28/week-in-review-the-sp-500-kept-hitting-records-and-an-ai-giant-went-back-into-the-bullpen.html,cnbc.com,English,0.0,gdelt_gkg
PANW,2025-12-28,Jim Cramer Considers CrowdStrike One of the  Best of Breed  in Cybersecurity,https://finance.yahoo.com/news/jim-cramer-considers-crowdstrike-one-161602139.html,finance.yahoo.com,English,0.0,gdelt_gkg
PANW,2025-12-28,$92 Million Bet : Why This Fund Made CyberArk a 12 % Portfolio Position Amid a Booming Stock Rally,https://finance.yahoo.com/news/92-million-bet-why-fund-184008791.html,finance.yahoo.com,English,0.0,gdelt_gkg
PANW,2025-12-28,$92 Million Bet : Why This Fund Made CyberArk a 12 % Portfolio Position Amid a Booming Stock Rally,https://www.fool.com/coverage/filings/2025/12/28/usd92-million-bet-why-this-fund-made-cyberark-a-12-portfolio-position-amid-a-booming-stock-rally/?source=iedfolrf0000001,fool.com,English,0.0,gdelt_gkg
PANW,2025-12-29,Accused data thief dumped laptop in river to evade justice,https://www.theregister.com/2025/12/29/coupang_perpetrator_theft_details/,theregister.com,English,0.0,gdelt_gkg
PANW,2025-12-29,Armis CEO : IPO is not a goal in itself,https://en.globes.co.il/en/article-armis-ceo-ipo-is-not-a-goal-in-itself-1001530179,en.globes.co.il,English,0.0,gdelt_gkg
PANW,2025-12-29,JPMorgan : not all sectors will shine in 2026 here where to focus,https://www.proactiveinvestors.com/companies/news/1084956/jpmorgan-not-all-sectors-will-shine-in-2026-here-s-where-to-focus-1084956.html,proactiveinvestors.com,English,0.0,gdelt_gkg
PANW,2025-12-29,"Dipak Golechha Sells 5 , 000 Shares of Palo Alto Networks ( NASDAQ : PANW ) Stock",https://www.dailypolitical.com/2025/12/29/dipak-golechha-sells-5000-shares-of-palo-alto-networks-nasdaqpanw-stock.html,dailypolitical.com,English,0.0,gdelt_gkg
PANW,2025-12-30,Press Release,https://www.mining.com/press-release?id=69530d2018e86fe8dc0445ae,mining.com,English,0.0,gdelt_gkg
PANW,2025-12-30,Top Cybersecurity Stocks To Consider – December 30th,https://www.tickerreport.com/banking-finance/13304653/top-cybersecurity-stocks-to-consider-december-30th.html,tickerreport.com,English,0.0,gdelt_gkg
PANW,2025-12-30,Top Cybersecurity Stocks To Consider – December 30th,https://www.dailypolitical.com/2025/12/30/top-cybersecurity-stocks-to-consider-december-30th.html,dailypolitical.com,English,0.0,gdelt_gkg
PANW,2025-12-30,"Ankura CTIX FLASH Update – December 23 , 2025",https://www.mondaq.com:443/unitedstates/security/1725214/ankura-ctix-flash-update-december-23-2025,mondaq.com,English,0.0,gdelt_gkg
PANW,2025-12-30,"Mandeville Ventures Announces Entry into Letter Agreement for Qualifying Transaction with Quantropi , Inc . ",https://www.cantechletter.com/newswires/mandeville-ventures-announces-entry-into-letter-agreement-for-qualifying-transaction-with-quantropi-inc/,cantechletter.com,English,0.0,gdelt_gkg
PANW,2025-12-30,"Government rebuts Coupang , says data breach far broader than claimed",https://www.koreaherald.com/article/10646113,koreaherald.com,English,0.0,gdelt_gkg
PANW,2025-12-31,Here How Much You Would Have Made Owning Palo Alto Networks Stock In The Last 10 Years - Palo Alto Networks ( NASDAQ : PANW ) ,https://www.benzinga.com/insights/news/25/12/49656861/heres-how-much-you-would-have-made-owning-palo-alto-networks-stock-in-the-last-10-years,benzinga.com,English,0.0,gdelt_gkg
PANW,2025-12-31,Promising Cybersecurity Stocks To Keep An Eye On – December 28th,https://www.themarketsdaily.com/2025/12/31/promising-cybersecurity-stocks-to-keep-an-eye-on-december-28th.html,themarketsdaily.com,English,0.0,gdelt_gkg
PANW,2025-12-31,Tecnotree Included as a Representative Provider in Gartner Innovation Insight : AI SOC Agents Accelerate CSP SecOps Transformation,https://www.finanznachrichten.de/nachrichten-2025-12/67335623-tecnotree-included-as-a-representative-provider-in-gartner-innovation-insight-ai-soc-agents-accelerate-csp-secops-transformation-004.htm,finanznachrichten.de,English,0.0,gdelt_gkg
PANW,2025-12-31,Tecnotree Included as a Representative Provider in Gartner® Innovation Insight : AI SOC Agents Accelerate CSP SecOps Transformation,https://www.itnewsonline.com/BusinessWire/Tecnotree-Included-as-a-Representative-Provider-in-Gartner-Innovation-Insight-AI-SOC-Agents-Accelerate-CSP-SecOps-Transformation/36766,itnewsonline.com,English,0.0,gdelt_gkg
PANW,2025-12-31,The Top AI Cloud Investment Stories Of 2025,https://www.forbes.com/sites/rscottraynovich/2025/12/31/the-top-ai-cloud-investment-stories-of-2025/,forbes.com,English,0.0,gdelt_gkg
PANW,2025-12-31,FinancialContent - The Great AI Consolidation : How 2026 is Redefining Tech M & A Amidst Shifting Interest Rates,https://markets.financialcontent.com/stocks/article/marketminute-2025-12-31-the-great-ai-consolidation-how-2026-is-redefining-tech-m-and-a-amidst-shifting-interest-rates,markets.financialcontent.com,English,0.0,gdelt_gkg
PANW,2026-01-01,The Evolving Cybersecurity Challenge for Critical Infrastructure,https://www.infosecurity-magazine.com/news-features/cybersecurity-for-critical/,infosecurity-magazine.com,English,0.0,gdelt_gkg
PANW,2026-01-01,Infosecurity Top 10 Cybersecurity Stories of 2025 - Infosecurity Magazine,https://www.infosecurity-magazine.com/news/infosecurity-top-10-stories-2025/,infosecurity-magazine.com,English,0.0,gdelt_gkg
PANW,2026-01-01,3 Top Cybersecurity Stocks to Buy in January,https://www.fool.com/investing/2026/01/01/3-top-cybersecurity-stocks-to-buy-in-january/,fool.com,English,0.0,gdelt_gkg
PANW,2026-01-01,FinancialContent - The Resilient Giant : CrowdStrike Navigates the  Agentic AI  Frontier Amid a High - Stakes 2026 Market,https://markets.financialcontent.com/stocks/article/marketminute-2026-1-1-the-resilient-giant-crowdstrike-navigates-the-agentic-ai-frontier-amid-a-high-stakes-2026-market,markets.financialcontent.com,English,0.0,gdelt_gkg
PANW,2026-01-01,FinancialContent - The Great Rebound : US M & A Poised for Record - Breaking 2026 as Interest Rates Stabilize,https://markets.financialcontent.com/stocks/article/marketminute-2026-1-1-the-great-rebound-us-m-and-a-poised-for-record-breaking-2026-as-interest-rates-stabilize,markets.financialcontent.com,English,0.0,gdelt_gkg
PANW,2026-01-01,3 Top Cybersecurity Stocks to Buy in January,https://www.fool.com/investing/2026/01/01/3-top-cybersecurity-stocks-to-buy-in-january/?source=iedfolrf0000001,fool.com,English,0.0,gdelt_gkg
