ticker,date,title,url,domain,language,tone,source
NOW,2018-02-01,"ServiceNow ( NOW ) Q4 Earnings Match Estimates , Revenues Beat",https://www.nasdaq.com/article/servicenow-now-q4-earnings-match-estimates-revenues-beat-cm914718,nasdaq.com,English,0.0,gdelt_gkg
NOW,2018-02-01,Roundtable Recap : February 1 - A View into Pre - Seed Funding with Gaurav Jain of Afore Capital,http://www.sramanamitra.com/2018/02/01/roundtable-recap-february-1-a-view-into-pre-seed-funding-with-gaurav-jain-of-afore-capital/,sramanamitra.com,English,0.0,gdelt_gkg
NOW,2018-02-01,"Melillo Consulting Celebrates Its 30th Anniversary , Founder Mark Melillo Is Still Pushing Technology Envelope - Page : 1",http://www.crn.com/news/cloud/300098751/melillo-consulting-celebrates-its-30th-anniversary-founder-mark-melillo-is-still-pushing-technology-envelope.htm,crn.com,English,0.0,gdelt_gkg
NOW,2018-02-01,"Noteworthy Thursday Option Activity : XOM , NOW , ICPT",https://www.nasdaq.com/article/noteworthy-thursday-option-activity-xom-now-icpt-cm914904,nasdaq.com,English,0.0,gdelt_gkg
NOW,2018-02-02,"Top Analyst Reports for Pfizer , PayPal & Raytheon",https://www.nasdaq.com/article/top-analyst-reports-for-pfizer-paypal-raytheon-cm915009,nasdaq.com,English,0.0,gdelt_gkg
NOW,2018-02-02,Cramer Remix : How you should approach Alphabet earnings,https://www.cnbc.com/2018/02/01/cramer-remix-how-you-should-approach-alphabets-earnings.html,cnbc.com,English,0.0,gdelt_gkg
NOW,2018-02-02,Global Cloud Systems Management Software Market to Grow at a CAGR of +30 % During Forecast Period 2017 - 2021,http://www.ssuchronicle.com/2018/02/02/global-cloud-systems-management-software-market-to-grow-at-a-cagr-of-30-during-forecast-period-2017-2021/,ssuchronicle.com,English,0.0,gdelt_gkg
NOW,2018-02-02,Trusted Key Announces Appointment of Amit Jasuja as CEO,http://www.prweb.com/releases/2018/02/prweb15153494.htm,prweb.com,English,0.0,gdelt_gkg
NOW,2018-02-02,UBS Group Reaffirms  Buy  Rating for ServiceNow ( NOW ) ,https://www.themarketsdaily.com/2018/02/02/ubs-group-reaffirms-buy-rating-for-servicenow-now.html,themarketsdaily.com,English,0.0,gdelt_gkg
NOW,2018-02-02,Seatown Holdings Has Trimmed Monsanto Co New ( MON ) Position ; Garmin Limited Switzerland ( GRMN ) Sellers Increased By 1 . 98 % Their Shorts,https://www.whatsonthorold.com/2018/02/02/seatown-holdings-has-trimmed-monsanto-co-new-mon-position-garmin-limited-switzerland-grmn-sellers-increased-by-1-98-their-shorts/,whatsonthorold.com,English,0.0,gdelt_gkg
NOW,2018-02-02,20 of the Best Stocks You Probably Havent Heard Of,https://www.nasdaq.com/article/20-of-the-best-stocks-you-probably-havent-heard-of-cm915699,nasdaq.com,English,0.0,gdelt_gkg
NOW,2018-02-03, ( JPM ) General Counsel Stacey Friedman Sells 17729 Shares,http://newburghgazette.com/2018/02/03/jpm-general-counsel-stacey-friedman-sells-17729-shares/,newburghgazette.com,English,0.0,gdelt_gkg
NOW,2018-02-03,Evercore ISI Reiterates a Buy Rating on ServiceNow,http://www.analystratings.com/articles/evercore-isi-reiterates-a-buy-rating-on-servicenow/,analystratings.com,English,0.0,gdelt_gkg
NOW,2018-02-03,Coca - Cola Amatil ( CCLAY ) Downgraded to  Hold  at ValuEngine,http://newburghgazette.com/2018/02/03/coca-cola-amatil-cclay-downgraded-to-hold-at-valuengine/,newburghgazette.com,English,0.0,gdelt_gkg
NOW,2018-02-04,Keeping pace with security automation | Networks Asia,https://www.networksasia.net/article/keeping-pace-security-automation.1517777139,networksasia.net,English,0.0,gdelt_gkg
NOW,2018-02-04,Эксперты : Приложения для оптимизации опасны для смартфонов » Интересные новости OAnews,http://oane.ws/2018/02/04/eksperty-prilozheniya-dlya-optimizacii-opasny-dlya-smartfonov.html,oane.ws,Russian,0.0,gdelt_gkg
NOW,2018-02-04,ServiceNow ( NOW ) Given In - Line Rating at Credit Suisse Group,https://www.dailypolitical.com/2018/02/04/servicenow-now-given-in-line-rating-at-credit-suisse-group.html,dailypolitical.com,English,0.0,gdelt_gkg
NOW,2018-02-04, ( JPM ) is Bedrijfstakpensioenfonds Voor DE Media PNO 4th Largest Position,http://gkmen.com/2018/02/04/jpm-is-bedrijfstakpensioenfonds-voor-de-media-pnos-4th/,gkmen.com,English,0.0,gdelt_gkg
NOW,2018-02-04,"40 Jobs Around Sandy Springs : Health Care , Restaurants , Software",https://patch.com/georgia/sandysprings/40-jobs-around-sandy-springs-health-care-restaurants-software,patch.com,English,0.0,gdelt_gkg
NOW,2018-02-05,"BlueJeans Lures Industry Veterans from Polycom , IBM , WebEx and RingCentral to Accelerate its Next Phase of Market Leadership and Growth",http://www.tmcnet.com/usubmit/2018/02/05/8694316.htm,tmcnet.com,English,0.0,gdelt_gkg
NOW,2018-02-05,Fujifilm snaps up Xerox,https://www.itweb.co.za/content/Pero37Zg8lZMQb6m,itweb.co.za,English,0.0,gdelt_gkg
NOW,2018-02-05,ServiceNow ( NOW ) Earns  Buy  Rating from UBS Group,https://www.dailypolitical.com/2018/02/05/servicenow-now-earns-buy-rating-from-ubs-group.html,dailypolitical.com,English,0.0,gdelt_gkg
NOW,2018-02-05,"28 , 420 Shares in ServiceNow Inc ( NOW ) Acquired by Kornitzer Capital Management Inc . KS",https://www.dailypolitical.com/2018/02/05/28420-shares-in-servicenow-inc-now-acquired-by-kornitzer-capital-management-inc-ks.html,dailypolitical.com,English,0.0,gdelt_gkg
NOW,2018-02-05,"Salesforce , Workday , SaaS Names Withstand Market Crush",https://www.barrons.com/articles/salesforce-workday-saas-names-withstand-market-crush-1517863685,barrons.com,English,0.0,gdelt_gkg
NOW,2018-02-05,Datawatch Corporation : Free Research Report as Datawatchs Quarterly Revenue Jumped 16 % and Net Loss Narrowed,http://www.4-traders.com/DATAWATCH-CORPORATION-9108/news/Datawatch-Corporation-Free-Research-Report-as-Datawatch-s-Quarterly-Revenue-Jumped-16-and-Net-Los-25932118/,4-traders.com,English,0.0,gdelt_gkg
NOW,2018-02-05,Voyance By Nyansa Receives Application Certification From ServiceNow,https://www.prnewswire.com/news-releases/voyance-by-nyansa-receives-application-certification-from-servicenow-300593040.html,prnewswire.com,English,0.0,gdelt_gkg
NOW,2018-02-05,Equity Versus Debt : A Showdown,https://seekingalpha.com/article/4143240-equity-versus-debt-showdown,seekingalpha.com,English,0.0,gdelt_gkg
NOW,2018-02-05,"CSRA to Gain From Solid Backlog , Deal Wins in Q3 Earnings",https://finance.yahoo.com/news/csra-gain-solid-backlog-deal-140002578.html,finance.yahoo.com,English,0.0,gdelt_gkg
NOW,2018-02-05,"CSRA to Gain From Solid Backlog , Deal Wins in Q3 Earnings",https://www.nasdaq.com/article/csra-to-gain-from-solid-backlog-deal-wins-in-q3-earnings-cm916076,nasdaq.com,English,0.0,gdelt_gkg
NOW,2018-02-05,"BlueJeans Lures Industry Veterans from Polycom , IBM , WebEx and RingCentral to Accelerate its Next Phase of Market Leadership and Growth",http://www.4-traders.com/news/BlueJeans-Lures-Industry-Veterans-from-Polycom-IBM-WebEx-and-RingCentral-to-Accelerate-its-Next-Ph--25933164/,4-traders.com,English,0.0,gdelt_gkg
NOW,2018-02-06,Logicalis US : The Government is Offering Free Money to Advance Digital Learning in K12 Schools,https://www.prnewswire.com/news-releases/logicalis-us-the-government-is-offering-free-money-to-advance-digital-learning-in-k12-schools-300591624.html,prnewswire.com,English,0.0,gdelt_gkg
NOW,2018-02-06,Making technology more human,https://www.cio.com/article/3251841/digital-transformation/making-technology-more-human.html,cio.com,English,0.0,gdelt_gkg
NOW,2018-02-06,Machine Learning is No Longer a Lab Project Looking for a Use Case,https://www.cio.com/article/3252851/leadership-management/machine-learning-is-no-longer-a-lab-project-looking-for-a-use-case.html,cio.com,English,0.0,gdelt_gkg
NOW,2018-02-06,Web Applications for the Apple iPhone 3G,http://wearables.sys-con.com/node/643366,wearables.sys-con.com,English,0.0,gdelt_gkg
NOW,2018-02-06,IT Can Withstand a Market Sell - Off : Morgan Stanley,https://www.investopedia.com/news/one-segment-tech-could-withstand-larger-market-selloff/,investopedia.com,English,0.0,gdelt_gkg
NOW,2018-02-06,Are Options Traders Betting on a Big Move in ServiceNow ( NOW ) Stock ? ,https://www.nasdaq.com/article/are-options-traders-betting-on-a-big-move-in-servicenow-now-stock-cm916784,nasdaq.com,English,0.0,gdelt_gkg
NOW,2018-02-06,Performance Analytics Market Predicted to Witness Highest Revenues from North America,https://www.openpr.com/news/932999/Performance-Analytics-Market-Predicted-to-Witness-Highest-Revenues-from-North-America.html,openpr.com,English,0.0,gdelt_gkg
NOW,2018-02-06,Logicalis US : The Government is Offering Free Money to Advance Digital Learning in K12 Schools,http://www.tmcnet.com/usubmit/2018/02/06/8695309.htm,tmcnet.com,English,0.0,gdelt_gkg
NOW,2018-02-06,Logicalis US : The Government is Offering Free Money to Advance Digital Learning in K12 Schools,https://www.marketwatch.com/story/logicalis-us-the-government-is-offering-free-money-to-advance-digital-learning-in-k12-schools-2018-02-06,marketwatch.com,English,0.0,gdelt_gkg
NOW,2018-02-07,"Senior / Lead Designer job , Cape Town",http://www.bizcommunity.com/Job/196/13/335292.html,bizcommunity.com,English,0.0,gdelt_gkg
NOW,2018-02-07,UPDATE -- Check Point Software Announces CloudGuard : Complete Gen V Cyber Protection for the Cloud Nasdaq : CHKP,http://menafn.com/1096441818/UPDATECheck-Point-Software-Announces-CloudGuard-Complete-Gen-V-Cyber-Protection-for-Cloud-NasdaqCHKP,menafn.com,English,0.0,gdelt_gkg
NOW,2018-02-07,Bell Techlogix Launches New Relationship with Indianapolis Public Schools,http://forimmediaterelease.net/bell-techlogix-launches-new-relationship-with-indianapolis-public-schools-116507/,forimmediaterelease.net,English,0.0,gdelt_gkg
NOW,2018-02-07,IT News Online - PR Newswire,http://www.itnewsonline.com/prnewswire/Bell-Techlogix-Launches-New-Relationship-with-Indianapolis-Public-Schools/577889,itnewsonline.com,English,0.0,gdelt_gkg
NOW,2018-02-07,Bell Techlogix Launches New Relationship with Indianapolis Public Schools,http://www.tmcnet.com/usubmit/2018/02/07/8696394.htm,tmcnet.com,English,0.0,gdelt_gkg
NOW,2018-02-07,Bell Techlogix Launches New Relationship with Indianapolis Public Schools,https://www.marketwatch.com/story/bell-techlogix-launches-new-relationship-with-indianapolis-public-schools-2018-02-07,marketwatch.com,English,0.0,gdelt_gkg
NOW,2018-02-07,Bell Techlogix Launches New Relationship with Indianapolis Public Schools,https://www.prnewswire.com/news-releases/bell-techlogix-launches-new-relationship-with-indianapolis-public-schools-300595270.html,prnewswire.com,English,0.0,gdelt_gkg
NOW,2018-02-07,Windward Achieves Bronze Services Partner Designation from ServiceNow,http://next-generation-communications.tmcnet.com/news/2018/02/07/8695995.htm,next-generation-communications.tmcnet.com,English,0.0,gdelt_gkg
NOW,2018-02-07,Newswire & Press Release / Check Point Software Announces CloudGuard - Complete Gen V Cyber Protection for the Cloud - IT Security / Anti - Spam - Check Point Software Technologies Ltd,https://www.newswiretoday.com/news/166152/,newswiretoday.com,English,0.0,gdelt_gkg
NOW,2018-02-07,Newswire & Press Release / Check Point Software Announces CloudGuard - Complete Gen V Cyber Protection for the Cloud - IT Security / Anti - Spam - Check Point Software Technologies Ltd,https://www.newswiretoday.com/news/166152/Check-Point-Software-Announces-CloudGuard-Complete-Gen-V-Cyber-Protection-for-the-Cloud/,newswiretoday.com,English,0.0,gdelt_gkg
NOW,2018-02-07,"Senior / Lead Designer job , Cape Town",http://www.bizcommunity.com/Job/196/13/335290.html,bizcommunity.com,English,0.0,gdelt_gkg
NOW,2018-02-07,Check Point Software Announces CloudGuard : Complete Gen V Cyber Protection for the Cloud,https://forextv.com/top-news/check-point-software-announces-cloudguard-complete-gen-v-cyber-protection-for-the-cloud/,forextv.com,English,0.0,gdelt_gkg
NOW,2018-02-07,"Senior Graphic Designer job , Cape Town",http://www.bizcommunity.com/Job/196/13/335289.html,bizcommunity.com,English,0.0,gdelt_gkg
NOW,2018-02-07,Why The Right Resource Management Software May Be The Best Investment You Make This Year,https://www.openpr.com/news/935471/Why-The-Right-Resource-Management-Software-May-Be-The-Best-Investment-You-Make-This-Year.html,openpr.com,English,0.0,gdelt_gkg
NOW,2018-02-07,Jak pomoci sladění IT s business,http://computerworld.cz/software/jak-pomoci-sladeni-it-s-business-54313,computerworld.cz,Czech,0.0,gdelt_gkg
NOW,2018-02-07,"Global Application Development and Deployment Software Market anticipated to Reach US$346 , 434 . 0 MN by 2022",https://www.openpr.com/news/935463/Global-Application-Development-and-Deployment-Software-Market-anticipated-to-Reach-US-346-434-0-MN-by-2022.html,openpr.com,English,0.0,gdelt_gkg
NOW,2018-02-07,Robeco Institutional Asset Management B . V . Grows Holdings in ServiceNow Inc ( NOW ) ,https://www.dailypolitical.com/2018/02/07/robeco-institutional-asset-management-b-v-grows-holdings-in-servicenow-inc-now.html,dailypolitical.com,English,0.0,gdelt_gkg
NOW,2018-02-07,Check Point Software Announces CloudGuard : Complete Gen V Cyber Protection for the Cloud,http://www.tmcnet.com/usubmit/2018/02/07/8696111.htm,tmcnet.com,English,0.0,gdelt_gkg
NOW,2018-02-07,Time to Make Big Cloud Acquisitions for Microsoft ? ,http://www.sramanamitra.com/2018/02/07/time-to-make-big-cloud-acquisitions-for-microsoft/,sramanamitra.com,English,0.0,gdelt_gkg
NOW,2018-02-08,Enterprise hits and misses,https://diginomica.com/2018/02/07/enterprise-hits-and-misses-voice-forces-transformation-and-blockchain-gets-practical/,diginomica.com,English,0.0,gdelt_gkg
NOW,2018-02-08,"CSRA Q3 Earnings & Revenues Top Estimates , Updates  18 View",https://finance.yahoo.com/news/csra-q3-earnings-revenues-top-130001950.html,finance.yahoo.com,English,0.0,gdelt_gkg
NOW,2018-02-08,Cenovus Energy ( NYSE : CVE ) Earns  Hold  Rating from Desjardins,http://newburghgazette.com/2018/02/08/cenovus-energy-nyse-cve-earns-hold-rating-from-desjardins/,newburghgazette.com,English,0.0,gdelt_gkg
NOW,2018-02-09,Roundtable Recap : February 8 - Niche is Beautiful Says Veteran Seed Investor Nitin Rai,http://www.sramanamitra.com/2018/02/08/roundtable-recap-february-8-niche-is-beautiful-says-veteran-seed-investor-nitin-rai/,sramanamitra.com,English,0.0,gdelt_gkg
NOW,2018-02-09,Workflow Orchestration Market Worth 50 . 82 Billion USD by 2022,http://www.prnewswire.co.uk/news-releases/workflow-orchestration-market-worth-5082-billion-usd-by-2022-673573383.html,prnewswire.co.uk,English,0.0,gdelt_gkg
NOW,2018-02-09,Workflow Orchestration Market Worth 50 . 82 Billion USD by 2022 / PR Newswire India / ,http://www.prnewswire.co.in/news-releases/workflow-orchestration-market-worth-5082-billion-usd-by-2022-673573383.html,prnewswire.co.in,English,0.0,gdelt_gkg
NOW,2018-02-09,Workflow Orchestration Market Worth 50 . 82 Billion USD by 2022,https://www.prnewswire.com/news-releases/workflow-orchestration-market-worth-5082-billion-usd-by-2022-673573403.html,prnewswire.com,English,0.0,gdelt_gkg
NOW,2018-02-09,Stock Market Correction : Why Stocks Fell And What Investors Should Do Now,https://www.investors.com/news/stock-market-correction-what-to-do/,investors.com,English,0.0,gdelt_gkg
NOW,2018-02-09,"Application Development and Deployment Software Market : Key Players , Applications , Recent Developments , and Market Analysis 2022",https://www.openpr.com/news/938632/Application-Development-and-Deployment-Software-Market-Key-Players-Applications-Recent-Developments-and-Market-Analysis-2022.html,openpr.com,English,0.0,gdelt_gkg
NOW,2018-02-09,"Jobs Around Peters : Account Exec , Marketing Specialist , & More",https://patch.com/pennsylvania/peters/jobs-around-peters-account-exec-marketing-specialist-more-0,patch.com,English,0.0,gdelt_gkg
NOW,2018-02-09,2016 - 2024 Forecast and Analysis on Global IT Operations and Service Management ( ITOSM ) Market by MarketResearchReports . biz,https://www.openpr.com/news/938426/2016-2024-Forecast-and-Analysis-on-Global-IT-Operations-and-Service-Management-ITOSM-Market-by-MarketResearchReports-biz.html,openpr.com,English,0.0,gdelt_gkg
NOW,2018-02-09,Articles by IT Central Station,https://www.infoworld.com/author/IT-Central-Station/,infoworld.com,English,0.0,gdelt_gkg
NOW,2018-02-10,Portland General Electric ( POR ) Shares Bought by Congress Asset Management Co . MA,http://10thousandcouples.com/2018/02/portland-general-electric-por-shares-bought-by-congress/,10thousandcouples.com,English,0.0,gdelt_gkg
NOW,2018-02-10,Zacks : Analysts Expect ServiceNow Inc ( NOW ) Will Post Earnings of $0 . 36 Per Share,https://www.dailypolitical.com/2018/02/09/zacks-analysts-expect-servicenow-inc-now-will-post-earnings-of-0-36-per-share.html,dailypolitical.com,English,0.0,gdelt_gkg
NOW,2018-02-10,Brokerages Anticipate ServiceNow Inc ( NOW ) Will Post Quarterly Sales of $573 . 48 Million,https://www.dailypolitical.com/2018/02/09/brokerages-anticipate-servicenow-inc-now-will-post-quarterly-sales-of-573-48-million.html,dailypolitical.com,English,0.0,gdelt_gkg
NOW,2018-02-10,Eagles fans receive one free beer during Eagles Parade in Pennsylvania,http://nismagazine.com/2018/02/10/eagles-fans-receive-one-free-beer-during-eagles-parade-in.html,nismagazine.com,English,0.0,gdelt_gkg
NOW,2018-02-11,Winnebago Industries ( WGO ) Downgraded by Northcoast Research to Neutral,http://theinsidercarnews.com/2018/02/10/winnebago-industries-wgo-downgraded-by-northcoast-research/,theinsidercarnews.com,English,0.0,gdelt_gkg
NOW,2018-02-11,ALLIANZ TECHNOLOGY TRUST : Price has reduced stake in Apple,http://www.thisismoney.co.uk/money/investing/article-5375837/ALLIANZ-TECHNOLOGY-TRUST-Price-reduced-stake-Apple.html,thisismoney.co.uk,English,0.0,gdelt_gkg
NOW,2018-02-11,Credit Suisse Believes ServiceNow ( NYSE : NOW ) Still Has Room to Grow,http://www.analystratings.com/articles/credit-suisse-believes-servicenow-nyse-now-still-has-room-to-grow/,analystratings.com,English,0.0,gdelt_gkg
NOW,2018-02-11,ALLIANZ TECHNOLOGY TRUST : Price has reduced stake in Apple,http://www.dailymail.co.uk/money/investing/article-5375837/ALLIANZ-TECHNOLOGY-TRUST-Price-reduced-stake-Apple.html,dailymail.co.uk,English,0.0,gdelt_gkg
NOW,2018-02-12,Billion Dollar Unicorns : Should Xiaomi List at a $50B+ IPO Valuation ? ,http://www.sramanamitra.com/2018/02/12/billion-dollar-unicorns-should-xiaomi-list-at-a-50b-ipo-valuation/,sramanamitra.com,English,0.0,gdelt_gkg
NOW,2018-02-12,SiliconANGLE,https://siliconangle.com/blog/author/kristennicole/,siliconangle.com,English,0.0,gdelt_gkg
NOW,2018-02-12,Winter Olympics : What to Watch / Stream Day 1,http://currenthollywood.com/2018/02/winter-olympics-what-to-watch-stream-day-1/,currenthollywood.com,English,0.0,gdelt_gkg
NOW,2018-02-12,"Worldwide Telecom and IT News Updates , Reviews , Trends , Analysis , PR",http://www.techrecur.com/renata-randi-appointed-logicalis-chief-marketing-alliances-officer/,techrecur.com,English,0.0,gdelt_gkg
NOW,2018-02-12,Systems Administrator ( ServiceNow ) - Jobs,https://www.goodgearguide.com.au/jobs/view/35604/systems-administrator-servicenow/,goodgearguide.com.au,English,0.0,gdelt_gkg
NOW,2018-02-12,ServiceNow to Present at Three Investor Conferences in February,https://www.businesswire.com/news/home/20180212005108/en/ServiceNow-Present-Investor-Conferences-February,businesswire.com,English,0.0,gdelt_gkg
NOW,2018-02-12,Renata Randi appointed Logicalis Chief Marketing & Alliances Officer,https://www.realwire.com/releases/Renata-Randi-appointed-Logicalis-Chief-Marketing-Alliances-Officer,realwire.com,English,0.0,gdelt_gkg
NOW,2018-02-12,"Valeant Pharmaceuticals International , Inc",http://theinsidercarnews.com/2018/02/12/valeant-pharmaceuticals-international-inc/,theinsidercarnews.com,English,0.0,gdelt_gkg
NOW,2018-02-12,SiliconANGLE,https://siliconangle.com/blog/author/betsy/,siliconangle.com,English,0.0,gdelt_gkg
NOW,2018-02-13,itsu cooks up a replacement service desk with ServiceNow and TeamUltra,https://www.realwire.com/releases/itsu-cooks-up-a-replacement-service-desk-with-ServiceNow-and-TeamUltra,realwire.com,English,0.0,gdelt_gkg
NOW,2018-02-13,itsu cooks up a replacement service desk with ServiceNow and TeamUltra,https://www.so-co-it.com/post/572079/itsu-cooks-up-a-replacement-service-desk-with-servicenow-and-teamultra.html,so-co-it.com,English,0.0,gdelt_gkg
NOW,2018-02-13,"Top Analyst Upgrades and Downgrades : ADT , CBOE , Celgene , JPMorgan , 3M , NetApp , Total , Tyson Foods , Weatherford and More",https://247wallst.com/investing/2018/02/13/top-analyst-upgrades-and-downgrades-adt-cboe-celgene-jpmorgan-3m-netapp-total-tyson-foods-weatherford-and-more/,247wallst.com,English,0.0,gdelt_gkg
NOW,2018-02-13,What in Store for CyberArk ( CYBR ) This Earnings Season ? ,https://finance.yahoo.com/news/apos-store-cyberark-cybr-earnings-151103490.html,finance.yahoo.com,English,0.0,gdelt_gkg
NOW,2018-02-13,Stefanini Achieves Bronze Services Partner Designation from ServiceNow,http://globenewswire.com/news-release/2018/02/13/1340127/0/en/Stefanini-Achieves-Bronze-Services-Partner-Designation-from-ServiceNow.html,globenewswire.com,English,0.0,gdelt_gkg
NOW,2018-02-13,CompNow overhauls Macquarie University device management infrastructure,https://www.arnnet.com.au/article/633328/compnow-overhauls-macquarie-university-device-management-systems/,arnnet.com.au,English,0.0,gdelt_gkg
NOW,2018-02-13,Stefanini Achieves Bronze Services Partner Designation from ServiceNow,http://www.4-traders.com/news/Stefanini-Achieves-Bronze-Services-Partner-Designation-from-ServiceNow--25986648/,4-traders.com,English,0.0,gdelt_gkg
NOW,2018-02-14,Equinix : to Acquire the Infomart Dallas in $800 Million Deal,http://www.4-traders.com/EQUINIX-INC-20565916/news/Equinix-to-Acquire-the-Infomart-Dallas-in-800-Million-Deal-25994769/,4-traders.com,English,0.0,gdelt_gkg
NOW,2018-02-14,"InterVision Hires Tom Holt as Vice President , Sales West Region",http://www.prweb.com/releases/2018/02/prweb15173973.htm,prweb.com,English,0.0,gdelt_gkg
NOW,2018-02-14,Taiwan pedestrian crossing men get  girlfriend in time for Valentine Day,http://topactu.net/2018/02/taiwans-pedestrian-crossing-men-get-girlfriends-in-time-for/,topactu.net,English,0.0,gdelt_gkg
NOW,2018-02-14,A Security Selection Method That Beats The Market,http://www.valuewalk.com/2018/02/security-selection-method-beats-market/,valuewalk.com,English,0.0,gdelt_gkg
NOW,2018-02-14,"Feb 14 , 2018 - Chase Coleman Buys Facebook Inc , Autodesk Inc , Alphabet Inc , Sells The Priceline Group Inc , Amazon . com Inc , TransDigm Group Inc",https://www.gurufocus.com/news/641401/chase-coleman-buys-facebook-inc-autodesk-inc-alphabet-inc-sells-the-priceline-group-inc-amazoncom-inc-transdigm-group-inc,gurufocus.com,English,0.0,gdelt_gkg
NOW,2018-02-14,Channel EMEA,http://www.channelemea.com/spip.php?article40249,channelemea.com,English,0.0,gdelt_gkg
NOW,2018-02-14,Billion Dollar Unicorns : What is Marketo Roll - up Strategy ? ,http://www.sramanamitra.com/2018/02/14/billion-dollar-unicorns-what-is-marketos-roll-up-strategy/,sramanamitra.com,English,0.0,gdelt_gkg
NOW,2018-02-14,"IT Asset Management Software Market - Opportunities , Challenges , Strategies & Forecasts 2027",https://www.openpr.com/news/943531/IT-Asset-Management-Software-Market-Opportunities-Challenges-Strategies-Forecasts-2027.html,openpr.com,English,0.0,gdelt_gkg
NOW,2018-02-14,"BRIEF - Tiger Global Management Cuts Share Stake In Alibaba Group Holding , Comcast",https://www.reuters.com/article/brief-tiger-global-management-cuts-share/brief-tiger-global-management-cuts-share-stake-in-alibaba-group-holding-comcast-idUSFWN1Q41K2,reuters.com,English,0.0,gdelt_gkg
NOW,2018-02-14,How to Use Regex for SEO & Website Data Extraction,https://www.searchenginejournal.com/regex-seo-website-data-extraction/234999/,searchenginejournal.com,English,0.0,gdelt_gkg
NOW,2018-02-15,Latest Study on Global IT Service Management ( ITSM ) Software Market 2025,https://www.openpr.com/news/945470/Latest-Study-on-Global-IT-Service-Management-ITSM-Software-Market-2025.html,openpr.com,English,0.0,gdelt_gkg
NOW,2018-02-15,"Susan L . Bostrom Sells 19 , 673 Shares of ServiceNow Inc ( NOW ) Stock",https://www.dailypolitical.com/2018/02/15/susan-l-bostrom-sells-19673-shares-of-servicenow-inc-now-stock.html,dailypolitical.com,English,0.0,gdelt_gkg
NOW,2018-02-15,ServiceNow ( NOW ) PT Raised to $170 . 00,https://www.dailypolitical.com/2018/02/15/servicenow-now-pt-raised-to-170-00.html,dailypolitical.com,English,0.0,gdelt_gkg
NOW,2018-02-15,Cisco And Microsoft Rival LogMeIn Enters Buy Zone With Q4 Earnings Due,https://www.investors.com/research/ibd-stock-analysis/cisco-and-microsoft-rival-logmein-enters-buy-zone-with-q4-earnings-due/,investors.com,English,0.0,gdelt_gkg
NOW,2018-02-15,Roundtable Recap : February 14 - GMV and Revenue Need Clear Distinction in Marketplaces,http://www.sramanamitra.com/2018/02/14/roundtable-recap-february-14-gmv-and-revenue-need-clear-distinction-in-marketplaces/,sramanamitra.com,English,0.0,gdelt_gkg
NOW,2018-02-15,Taiwan Semiconductor ( TSM ) Position Has Increased by Veritas Investment Management united kingdom Ltd,http://hbucollegian.com/2018/02/taiwan-semiconductor-tsm-position-has-increased-by-veritas/,hbucollegian.com,English,0.0,gdelt_gkg
NOW,2018-02-15,BCD Travel Partners with Rocketrip to Change the Way Employees Think About Spending Money on,https://www.prnewswire.com/news-releases/bcd-travel-partners-with-rocketrip-to-change-the-way-employees-think-about-spending-money-on-business-travel-300596304.html,prnewswire.com,English,0.0,gdelt_gkg
NOW,2018-02-15,Dialpad and SHI Partner to Deliver Modern Business Communications to Companies Across North America,https://www.prnewswire.com/news-releases/dialpad-and-shi-partner-to-deliver-modern-business-communications-to-companies-across-north-america-300599209.html,prnewswire.com,English,0.0,gdelt_gkg
NOW,2018-02-15,"ServiceNow Audacious Moonshot :  Were A Strategic Cloud Platform , Says CEO John Donahoe",https://www.forbes.com/sites/bobevans1/2018/02/15/servicenows-audacious-moonshot-were-a-strategic-cloud-platform-says-ceo-john-donahoe/,forbes.com,English,0.0,gdelt_gkg
NOW,2018-02-15,"Secure now , secure strong to combat Gen V threats says Check Point",http://www.itwebafrica.com/security/513-africa/242885-secure-now-secure-strong-to-combat-gen-v-threats-says-check-point,itwebafrica.com,English,0.0,gdelt_gkg
NOW,2018-02-16,SELECT INCOME REIT : Management Discussion and Analysis of Financial Condition and Results of Operations ( form 10 - K ) ,http://www.4-traders.com/SELECT-INCOME-REIT-28859041/news/SELECT-INCOME-REIT-Management-s-Discussion-and-Analysis-of-Financial-Condition-and-Results-of-Oper-26009985/,4-traders.com,English,0.0,gdelt_gkg
NOW,2018-02-16,"CyberArk ( CYBR ) Q4 Earnings and Revenues Beat , Stock Up",https://www.nasdaq.com/article/cyberark-cybr-q4-earnings-and-revenues-beat-stock-up-cm922804,nasdaq.com,English,0.0,gdelt_gkg
NOW,2018-02-17,"Amazon , Google , Netflix and other FANGS : where next for super - profits ? ",http://www.telegraph.co.uk/investing/shares/amazon-google-netflix-fangs-next-super-profits/,telegraph.co.uk,English,0.0,gdelt_gkg
NOW,2018-02-17,Seatown Holdings Lowered Berry Global Group ( BERY ) Stake By $14 . 38 Million ; Qvt Financial LP Has Lowered Makemytrip Limited Mauritius ( MMYT ) Stake By $5 . 37 Million,https://huronreport.com/seatown-holdings-lowered-berry-global-group-bery-stake-by-14-38-million-qvt-financial-lp-has-lowered-makemytrip-limited-mauritius-mmyt-stake-by-5-37-million/,huronreport.com,English,0.0,gdelt_gkg
NOW,2018-02-18,"CyberArk ( CYBR ) Q4 Earnings and Revenues Beat , Stock Up",https://finance.yahoo.com/news/cyberark-cybr-q4-earnings-revenues-140602543.html,finance.yahoo.com,English,0.0,gdelt_gkg
NOW,2018-02-18,Angular 5 : Unit тесты / Хабрахабр,https://habrahabr.ru/post/349380/,habrahabr.ru,Russian,0.0,gdelt_gkg
NOW,2018-02-19,ManageEngine Enhances SIEM Solution to Address Australia Notifiable Data Breaches Scheme - Media Releases,https://www.computerworld.co.nz/mediareleases/31105/manageengine-enhances-siem-solution-to-address/,computerworld.co.nz,English,0.0,gdelt_gkg
NOW,2018-02-19,"Workflow Orchestration Market 2018 - Global Forecast to 2022 : Cloud Orchestration , Data Center Orchestration , Business Process Orchestration , and Security Orchestration",http://www.4-traders.com/news/Workflow-Orchestration-Market-2018-Global-Forecast-to-2022-Cloud-Orchestration-Data-Center-Orche--26016797/,4-traders.com,English,0.0,gdelt_gkg
NOW,2018-02-19,ManageEngine Enhances SIEM Solution to Address Australia Notifiable Data Breaches Scheme - Media Releases,https://www.computerworld.com.au/mediareleases/31105/manageengine-enhances-siem-solution-to-address/,computerworld.com.au,English,0.0,gdelt_gkg
NOW,2018-02-19,Automate Security Incident Response with Okta,https://www.scmagazine.com/resource-library/resource/okta/whitepaper/5a8355dfed344a107c1d7688/,scmagazine.com,English,0.0,gdelt_gkg
NOW,2018-02-20,Target Corporation ( NYSE : TGT ) – Active Stock Evaluation – Nasdaq Journal,http://nasdaqjournal.com/index.php/2018/02/20/target-corporation-nysetgt-active-stock-evaluation-2/,nasdaqjournal.com,English,0.0,gdelt_gkg
NOW,2018-02-20,ManageEngine Enhances SIEM Solution to Address Australia Notifiable Data Breaches Scheme - Media Releases - CSO,https://www.cso.com.au/mediareleases/31105/manageengine-enhances-siem-solution-to-address/,cso.com.au,English,0.0,gdelt_gkg
NOW,2018-02-20,Numerify Achieves Record Revenue Growth and Doubling of Fortune 500 Customer Base,http://sip-trunking.tmcnet.com/news/2018/02/20/8703065.htm,sip-trunking.tmcnet.com,English,0.0,gdelt_gkg
NOW,2018-02-20,"Equities Research Analyst Price Target Changes for February , 20th ( 1COV , ACN , AMC , AOSL , ARL , ARNA , BBVA , BDT , CF , CLD ) ",https://www.dailypolitical.com/2018/02/20/equities-research-analysts-price-target-changes-for-february-20th-1cov-acn-amc-aosl-arl-arna-bbva-bdt-cf-cld.html,dailypolitical.com,English,0.0,gdelt_gkg
NOW,2018-02-20,Architect - Jobs,https://www.pcworld.idg.com.au/jobs/view/36054/architect/,pcworld.idg.com.au,English,0.0,gdelt_gkg
NOW,2018-02-20,Logicalis US : Laying a Strong Foundation for Digital Transformation Prepares Healthcare Organizations to Embrace Emerging Technologies,https://www.marketwatch.com/story/logicalis-us-laying-a-strong-foundation-for-digital-transformation-prepares-healthcare-organizations-to-embrace-emerging-technologies-2018-02-20,marketwatch.com,English,0.0,gdelt_gkg
NOW,2018-02-20,xMatters snares $40 million Series D led by Goldman Sachs Private Capital Investing,https://techcrunch.com/2018/02/20/xmatters-snares-40-million-series-d-led-by-goldman-sachs-private-capital-investing/,techcrunch.com,English,0.0,gdelt_gkg
NOW,2018-02-20,Logicalis US : Laying a Strong Foundation for Digital Transformation Prepares Healthcare,https://www.prnewswire.com/news-releases/logicalis-us-laying-a-strong-foundation-for-digital-transformation-prepares-healthcare-organizations-to-embrace-emerging-technologies-300598798.html,prnewswire.com,English,0.0,gdelt_gkg
NOW,2018-02-20,Analysts Offer Insights on Technology Companies : Salesforce . com ( NYSE : CRM ) and ServiceNow ( NYSE : NOW ) ,http://www.analystratings.com/articles/analysts-offer-insights-on-technology-companies-salesforce-com-nyse-crm-and-servicenow-nyse-now/,analystratings.com,English,0.0,gdelt_gkg
NOW,2018-02-20,Numerify Achieves Record Revenue Growth and Doubling of Fortune 500 Customer Base,https://www.prnewswire.com/news-releases/numerify-achieves-record-revenue-growth-and-doubling-of-fortune-500-customer-base-300599915.html,prnewswire.com,English,0.0,gdelt_gkg
NOW,2018-02-20,Architect - Jobs,https://www.goodgearguide.com.au/jobs/view/36054/architect/,goodgearguide.com.au,English,0.0,gdelt_gkg
NOW,2018-02-21,"VXF , TSLA , LVS , NOW : ETF Outflow Alert",http://www.nasdaq.com/article/vxf-tsla-lvs-now-etf-outflow-alert-cm924518,nasdaq.com,English,0.0,gdelt_gkg
NOW,2018-02-21,  Low - Code Development Platform Market,http://www.live-pr.com/en/low-code-development-platform-market-r1050719592.htm,live-pr.com,English,0.0,gdelt_gkg
NOW,2018-02-21,Candriam Luxembourg S . C . A . Grows Holdings in ServiceNow Inc ( NOW ) ,https://www.equitiesfocus.com/2018/02/21/candriam-luxembourg-s-c-a-grows-holdings-in-servicenow-inc-now.html,equitiesfocus.com,English,0.0,gdelt_gkg
NOW,2018-02-21,Ato ( AEXAF ) CEO Thierry Breton on Q4 2017 Results - Earnings Call Transcript,https://seekingalpha.com/article/4148806-atos-aexaf-ceo-thierry-breton-q4-2017-results-earnings-call-transcript,seekingalpha.com,English,0.0,gdelt_gkg
NOW,2018-02-21,"VXF , TSLA , LVS , NOW : ETF Outflow Alert",https://www.nasdaq.com/article/vxf-tsla-lvs-now-etf-outflow-alert-cm924518,nasdaq.com,English,0.0,gdelt_gkg
NOW,2018-02-21,"Cisco Systems , Inc . Validates Two Year Worth of Reinvention",https://www.nasdaq.com/article/cisco-systems-inc-validates-two-years-worth-of-reinvention-cm924095,nasdaq.com,English,0.0,gdelt_gkg
NOW,2018-02-21,Investors Sell ServiceNow ( NOW ) on Strength ( NOW ) ,https://www.tickerreport.com/banking-finance/3210456/investors-sell-servicenow-now-on-strength-now.html,tickerreport.com,English,0.0,gdelt_gkg
NOW,2018-02-21,"Microsoft , SAP And Oracle Join Cloud - Industry Obsession Over New Performance Metric",https://www.forbes.com/sites/bobevans1/2018/02/21/microsoft-sap-and-oracle-join-cloud-industry-obsession-over-new-performance-metric/,forbes.com,English,0.0,gdelt_gkg
NOW,2018-02-21,Global IT Asset Management Software Market Forecast To 2025 Published By Research Firm,http://www.briefingwire.com/pr/global-it-asset-management-software-market-forecast-to-2025-published-by-research-firm,briefingwire.com,English,0.0,gdelt_gkg
NOW,2018-02-21,"Opinion : Ensuring that automation delivers on its huge potential requires foundations - Comment , Technology , Middle East",http://www.arabianbusiness.com/comment/388418-opinion-ensuring-that-automation-delivers-on-its-huge-potential-requires-foundations,arabianbusiness.com,English,0.0,gdelt_gkg
NOW,2018-02-22,Hearsay Hurdle : Proving Nonpatent Literature Is Prior Art,https://www.jdsupra.com/legalnews/hearsay-hurdle-proving-nonpatent-74560/,jdsupra.com,English,0.0,gdelt_gkg
NOW,2018-02-22,"Lewan and Virteva Select LogicMonitor for Unified Monitoring , Improved Visibility , and to Monetize Monitoring",http://www.4-traders.com/news/Lewan-and-Virteva-Select-LogicMonitor-for-Unified-Monitoring-Improved-Visibility-and-to-Monetize-M--26038739/,4-traders.com,English,0.0,gdelt_gkg
NOW,2018-02-22,"Lewan and Virteva Select LogicMonitor for Unified Monitoring , Improved Visibility , and to Monetize Monitoring",https://www.businesswire.com/news/home/20180222005516/en/Lewan-Virteva-Select-LogicMonitor-Unified-Monitoring-Improved/,businesswire.com,English,0.0,gdelt_gkg
NOW,2018-02-22,Vendor Risk Management Market to Grow at 14 . 6 % CAGR to 2022,http://forimmediaterelease.net/vendor-risk-management-market-to-grow-at-14-6-cagr-to-2022-144635/,forimmediaterelease.net,English,0.0,gdelt_gkg
NOW,2018-02-22,Vendor Risk Management Market to Grow at 14 . 6 % CAGR to 2022 / PR Newswire India / ,http://www.prnewswire.co.in/news-releases/vendor-risk-management-market-to-grow-at-146-cagr-to-2022-674846943.html,prnewswire.co.in,English,0.0,gdelt_gkg
NOW,2018-02-22,Astound for Slack Reinvents the Enterprise Help Desk,http://www.tmcnet.com/usubmit/2018/02/22/8705481.htm,tmcnet.com,English,0.0,gdelt_gkg
NOW,2018-02-22,Vendor Risk Management Market to Grow at 14 . 6 % CAGR to 2022,https://insurancenewsnet.com/oarticle/vendor-risk-management-market-to-grow-at-14-6-cagr-to-2022,insurancenewsnet.com,English,0.0,gdelt_gkg
NOW,2018-02-22,Meet ServiceNow Agent Intelligence : Machine Learning for Everyday Work,https://www.cio.com/article/3257685/leadership-management/meet-servicenow-agent-intelligence-machine-learning-for-everyday-work.html,cio.com,English,0.0,gdelt_gkg
NOW,2018-02-22,Vendor Risk Management Market to Grow at 14 . 6 % CAGR to 2022,https://www.prnewswire.com/news-releases/vendor-risk-management-market-to-grow-at-146-cagr-to-2022-674847063.html,prnewswire.com,English,0.0,gdelt_gkg
NOW,2018-02-22,Astound for Slack Reinvents the Enterprise Help Desk,http://forimmediaterelease.net/astound-for-slack-reinvents-the-enterprise-help-desk-144536/,forimmediaterelease.net,English,0.0,gdelt_gkg
NOW,2018-02-22,Nuvolo and Healthcare IT Leaders Create Strategic Partnership to Accelerate Clinical EAM Adoption,http://www.4-traders.com/news/Nuvolo-and-Healthcare-IT-Leaders-Create-Strategic-Partnership-to-Accelerate-Clinical-EAM-Adoption--26036393/,4-traders.com,English,0.0,gdelt_gkg
NOW,2018-02-22,R2i Achieves Select Status As Acquia Preferred Partner,https://www.prnewswire.com/news-releases/r2i-achieves-select-status-as-acquia-preferred-partner-300602521.html,prnewswire.com,English,0.0,gdelt_gkg
NOW,2018-02-22,ServiceNow - Platform Designer - Jobs,https://www.goodgearguide.com.au/jobs/view/36053/servicenow-platform-designer/,goodgearguide.com.au,English,0.0,gdelt_gkg
NOW,2018-02-22,Crown Castle International ( NYSE : CCI ) Receives  Buy  Rating from Deutsche Bank,http://newburghgazette.com/2018/02/21/crown-castle-international-nyse-cci-receives-buy-rating/,newburghgazette.com,English,0.0,gdelt_gkg
NOW,2018-02-22,"Global Online Project Management Software Market , Scope , Status , Research Report , Industry Growth , and Forecast 2017 - 2025",https://www.openpr.com/news/953099/Global-Online-Project-Management-Software-Market-Scope-Status-Research-Report-Industry-Growth-and-Forecast-2017-2025.html,openpr.com,English,0.0,gdelt_gkg
NOW,2018-02-22,R2i Achieves Select Status As Acquia Preferred Partner,https://www.marketwatch.com/story/r2i-achieves-select-status-as-acquia-preferred-partner-2018-02-22,marketwatch.com,English,0.0,gdelt_gkg
NOW,2018-02-22,Pharmacy Automation Market is Forecasted to Grow at a CAGR Of 6 . 50 % During 2018 - 2022,https://www.openpr.com/news/953625/Pharmacy-Automation-Market-is-Forecasted-to-Grow-at-a-CAGR-Of-6-50-During-2018-2022.html,openpr.com,English,0.0,gdelt_gkg
NOW,2018-02-22,"Index - based Agricultural Insurance 2018 Global Market Key Players â PICC , Zurich , Chubb , American Financial Group , Prudential â Analysis and Forecast to 2025",https://www.openpr.com/news/953677/Index-based-Agricultural-Insurance-2018-Global-Market-Key-Players-PICC-Zurich-Chubb-American-Financial-Group-Prudential-Analysis-and-Forecast-to-2025.html,openpr.com,English,0.0,gdelt_gkg
NOW,2018-02-22,R2i Achieves Select Status As Acquia Preferred Partner,http://forimmediaterelease.net/r2i-achieves-select-status-as-acquia-preferred-partner-144002/,forimmediaterelease.net,English,0.0,gdelt_gkg
NOW,2018-02-22,"IT Asset Management Software 2018 Global Market Key Players â Hewlett Packard , Microsoft , IBM Software , Symantec , ServiceNow â Analysis and Forecast to 2025",https://www.openpr.com/news/953595/IT-Asset-Management-Software-2018-Global-Market-Key-Players-Hewlett-Packard-Microsoft-IBM-Software-Symantec-ServiceNow-Analysis-and-Forecast-to-2025.html,openpr.com,English,0.0,gdelt_gkg
NOW,2018-02-23,ServiceNow will hire 150 in Chicago for engineering center - John Pletz Technology Blog,http://www.chicagobusiness.com/article/20180223/BLOGS11/180229935/servicenow-will-hire-150-in-chicago-for-engineering-center,chicagobusiness.com,English,0.0,gdelt_gkg
NOW,2018-02-23,Architect - ServiceNow - Jobs,https://www.pcworld.idg.com.au/jobs/view/36303/architect-servicenow/,pcworld.idg.com.au,English,0.0,gdelt_gkg
NOW,2018-02-23,"First Trust Joins the Artificial Intelligence , Robotics ETF Fray",http://www.foxbusiness.com/markets/first-trust-joins-the-artificial-intelligence-robotics-etf-fray,foxbusiness.com,English,0.0,gdelt_gkg
NOW,2018-02-23,"First Trust Joins the Artificial Intelligence , Robotics ETF Fray",https://www.foxbusiness.com/markets/first-trust-joins-the-artificial-intelligence-robotics-etf-fray,foxbusiness.com,English,0.0,gdelt_gkg
NOW,2018-02-23,"First Trust Joins the Artificial Intelligence , Robotics ETF Fray",https://www.etftrends.com/2018/02/first-trust-joins-the-artificial-intelligence-robotics-etf-fray/,etftrends.com,English,0.0,gdelt_gkg
NOW,2018-02-23,Monitoring Applications in the Cloud,http://opensource.sys-con.com/node/870088,opensource.sys-con.com,English,0.0,gdelt_gkg
NOW,2018-02-23,ServiceNow - Platform Designer - Jobs,https://www.pcworld.idg.com.au/jobs/view/36302/servicenow-platform-designer/,pcworld.idg.com.au,English,0.0,gdelt_gkg
NOW,2018-02-23,Architect - ServiceNow - Jobs,https://www.goodgearguide.com.au/jobs/view/36303/architect-servicenow/,goodgearguide.com.au,English,0.0,gdelt_gkg
NOW,2018-02-23,"Helpdesk Automation Market 2018 Key Players : BMC Software , Inc , CA Technologies , Hewlett Packard Enterprise Company , Landesk Software and ServiceNow , Inc",https://www.openpr.com/news/955410/Helpdesk-Automation-Market-2018-Key-Players-BMC-Software-Inc-CA-Technologies-Hewlett-Packard-Enterprise-Company-Landesk-Software-and-ServiceNow-Inc.html,openpr.com,English,0.0,gdelt_gkg
NOW,2018-02-23,"ServiceNow Inc ( NOW ) Insider Chirantan Jitendra Desai Sells 19 , 742 Shares",https://www.dailypolitical.com/2018/02/23/servicenow-inc-now-insider-chirantan-jitendra-desai-sells-19742-shares.html,dailypolitical.com,English,0.0,gdelt_gkg
NOW,2018-02-23,Recent Research Analyst Ratings Changes for ServiceNow ( NOW ) ,https://www.dailypolitical.com/2018/02/23/recent-research-analysts-ratings-changes-for-servicenow-now.html,dailypolitical.com,English,0.0,gdelt_gkg
NOW,2018-02-23,Hearsay Hurdle : Proving Nonpatent Literature Is Prior Art - Intellectual Property,http://mondaq.com/unitedstates/x/676090/Patent/Hearsay+Hurdle+Proving+Nonpatent+Literature+Is+Prior+Art,mondaq.com,English,0.0,gdelt_gkg
NOW,2018-02-23,"Appian : Good Quarter , But Unexciting Valuation - Appian Corp . ( NASDAQ : APPN ) ",https://seekingalpha.com/article/4149900-appian-good-quarter-unexciting-valuation,seekingalpha.com,English,0.0,gdelt_gkg
NOW,2018-02-23,ServiceNow - Platform Designer - Jobs,https://www.goodgearguide.com.au/jobs/view/36302/servicenow-platform-designer/,goodgearguide.com.au,English,0.0,gdelt_gkg
NOW,2018-02-24,Mayor Emanuel and ServiceNow Announce New Technology Development Center in Chicago Fulton Market,https://www.enewspf.com/latest-news/latest-local-news/mayor-emanuel-and-servicenow-announce-new-technology-development-center-in-chicagos-fulton-market/,enewspf.com,English,0.0,gdelt_gkg
NOW,2018-02-24,University of Illinois engineering grads like Amazon - and Chicago - In Other News,http://www.chicagobusiness.com/article/20180223/ISSUE01/180229955/university-of-illinois-engineering-grads-like-amazon-and-chicago,chicagobusiness.com,English,0.0,gdelt_gkg
NOW,2018-02-24,"First Trust Joins the Artificial Intelligence , Robotics ETF Fray",https://www.etftrends.com/robotics-ai-channel/first-trust-joins-the-artificial-intelligence-robotics-etf-fray/,etftrends.com,English,0.0,gdelt_gkg
NOW,2018-02-24,Mayor Emanuel and ServiceNow Announce New Technology Development Center in Chicago Fulton Market,https://www.enewspf.com/national-news/latest-national-news/mayor-emanuel-and-servicenow-announce-new-technology-development-center-in-chicagos-fulton-market/,enewspf.com,English,0.0,gdelt_gkg
NOW,2018-02-24,Onboarding Specialist / Service Design - ITIL,https://www.goodgearguide.com.au/jobs/view/36298/onboarding-specialist-service-design-itil-servicenow/,goodgearguide.com.au,English,0.0,gdelt_gkg
NOW,2018-02-24, - Daily Political,https://www.dailypolitical.com/2018/02/24/1785589.html,dailypolitical.com,English,0.0,gdelt_gkg
NOW,2018-02-24,Is ServiceNow IT Operations the IT Uber ? – MeriTalk,https://www.meritalk.com/articles/is-servicenow-it-operations-the-it-uber/,meritalk.com,English,0.0,gdelt_gkg
NOW,2018-02-25,Outsourcing ve víru softwarově definovaných technologií,https://computerworld.cz/software/outsourcing-ve-viru-softwarove-definovanych-technologii-54507,computerworld.cz,Czech,0.0,gdelt_gkg
NOW,2018-02-25,Application Release Automation : автоматизация управления релизами « уходит в облако » / Блог компании ИТ Гильдия / Хабрахабр,https://habrahabr.ru/company/it-guild/blog/349862/,habrahabr.ru,Russian,0.0,gdelt_gkg
NOW,2018-02-25,Tracking Stephen Mandel Lone Pine Capital Portfolio - Q4 2017 Update,https://seekingalpha.com/article/4150481-tracking-stephen-mandels-lone-pine-capital-portfolio-q4-2017-update,seekingalpha.com,English,0.0,gdelt_gkg
NOW,2018-02-25,University of Illinois engineering grads like Amazon - and Chicago - In Other News,http://www.chicagobusiness.com/article/20180223/issue01/180229955/amazons-hq2-in-chicago-these-students-would-be-so-psyched,chicagobusiness.com,English,0.0,gdelt_gkg
NOW,2018-02-26,Appian ( APPN ) Q4 2017 Earnings Conference Call Transcript,https://www.foxbusiness.com/markets/appian-appn-q4-2017-earnings-conference-call-transcript,foxbusiness.com,English,0.0,gdelt_gkg
NOW,2018-02-26,Appian ( APPN ) Q4 2017 Earnings Conference Call Transcript,https://www.fool.com/earnings/call-transcripts/2018/02/26/appian-appn-q4-2017-earnings-conference-call-trans.aspx?source=iedfolrf0000001,fool.com,English,0.0,gdelt_gkg
NOW,2018-02-26,ASD gives Dimension Data protected - level cloud certification,http://www.zdnet.com/article/asd-gives-dimension-data-protected-level-cloud-certification/,zdnet.com,English,0.0,gdelt_gkg
NOW,2018-02-26,Dimension Data gets Govt  protected  cloud services certification,https://www.arnnet.com.au/article/633872/dimension-data-gets-govt-protected-cloud-services-certification/,arnnet.com.au,English,0.0,gdelt_gkg
NOW,2018-02-26,ServiceNow Cloud Automation Platform Handles 25 Billion Queries per Hour Powered by MariaDB,http://www.tmcnet.com/usubmit/2018/02/26/8707061.htm,tmcnet.com,English,0.0,gdelt_gkg
NOW,2018-02-26,FE Investegate |The Stevie Awards Announcements,https://www.investegate.co.uk/the-stevie-awards/gnw/winners-announced-in-12th-annual-stevie--174--a---/20180226140016H1422/,investegate.co.uk,English,0.0,gdelt_gkg
NOW,2018-02-26,Middleware Archives,https://www.silicon.de/kategorie/software/middleware/,silicon.de,German,0.0,gdelt_gkg
NOW,2018-02-26,"GSA , ServiceNow Sign Governmentwide Software Agreement ; Emily Murphy Comments",http://blog.executivebiz.com/2018/02/gsa-servicenow-sign-governmentwide-software-agreement-emily-murphy-comments/,blog.executivebiz.com,English,0.0,gdelt_gkg
NOW,2018-02-26,MariaDB Welcomes Innovators and Change Agents at M|18 User Conference,http://cad.digitalmedianet.com/articles/viewarticle.jsp?type=news&id=5306777,cad.digitalmedianet.com,English,0.0,gdelt_gkg
NOW,2018-02-26,ServiceNow inks new enterprise deal with GSA,https://washingtontechnology.com/blogs/editors-notebook/2018/02/servicenow-gsa-deal.aspx,washingtontechnology.com,English,0.0,gdelt_gkg
NOW,2018-02-27,3 Surprising Facts About Salesforce You Need to Know,https://www.fool.com/investing/2018/02/27/3-surprising-facts-about-salesforce-you-need-to-kn.aspx?source=iedfolrf0000001,fool.com,English,0.0,gdelt_gkg
NOW,2018-02-27,3 Surprising Facts About Salesforce You Need to Know,http://www.nasdaq.com/article/3-surprising-facts-about-salesforce-you-need-to-know-cm927617,nasdaq.com,English,0.0,gdelt_gkg
NOW,2018-02-27,ServiceNow opens R & D centre,https://www.thehindubusinessline.com/companies/servicenow-opens-rd-centre/article22870550.ece,thehindubusinessline.com,English,0.0,gdelt_gkg
NOW,2018-02-27,Digital Transformation : Fun Time to be a CIO,https://resources.csoonline.com/ccd/assets/148801/detail,resources.csoonline.com,English,0.0,gdelt_gkg
NOW,2018-02-27,Customer Success ? Pull The Other Leg,https://www.forbes.com/sites/jasonbloomberg/2018/02/27/customer-success-pull-the-other-leg/,forbes.com,English,0.0,gdelt_gkg
NOW,2018-02-27,ServiceNow opens R & D centre in city,https://www.nyoooz.com/news/hyderabad/1044482/servicenow-opens-rd-centre-in-city/,nyoooz.com,English,0.0,gdelt_gkg
NOW,2018-02-27,Charting a bullish market backdrop as February volatility spike fades,https://www.marketwatch.com/story/charting-a-bullish-market-backdrop-as-february-volatility-spike-fades-2018-02-27-12103459,marketwatch.com,English,0.0,gdelt_gkg
NOW,2018-02-27,OpsRamp Intros Lightweight IT Operations Platform For The Modern MSP - Page : 1,https://www.crn.com/news/cloud/300099841/opsramp-intros-lightweight-it-operations-platform-for-the-modern-msp.htm,crn.com,English,0.0,gdelt_gkg
NOW,2018-02-27,Scout Revolutionizes Supplier Performance Management with Newest Solution,https://www.prnewswire.com/news-releases/scout-revolutionizes-supplier-performance-management-with-newest-solution-300604573.html,prnewswire.com,English,0.0,gdelt_gkg
NOW,2018-02-27,Onboarding Specialist ( ServiceNow ) - Telecommunications - Jobs,https://www.goodgearguide.com.au/jobs/view/36483/onboarding-specialist-servicenow-telecommunications/,goodgearguide.com.au,English,0.0,gdelt_gkg
NOW,2018-02-27,ServiceNow opens R & D centre in city,http://www.thehindu.com/news/cities/Hyderabad/servicenow-opens-rd-centre-in-city/article22871874.ece,thehindu.com,English,0.0,gdelt_gkg
NOW,2018-02-28,Candriam Luxembourg S . C . A . Boosts Holdings in ServiceNow Inc ( NOW ) ,https://registrarjournal.com/2018/02/28/candriam-luxembourg-s-c-a-purchases-1507-shares-of-servicenow-inc-now.html,registrarjournal.com,English,0.0,gdelt_gkg
NOW,2018-02-28,How AI Makes Your Work Life Better,https://www.cio.com/article/3259448/leadership-management/how-ai-makes-your-work-life-better.html,cio.com,English,0.0,gdelt_gkg
NOW,2018-02-28,"Unicorn : Anaplan Takes A Bite Out Of SAP , Oracle With Enterprise Connected Planning Platform",https://www.forbes.com/sites/jeanbaptiste/2018/02/28/unicorn-anaplan-takes-a-bite-out-of-sap-oracle-with-enterprise-connected-planning-platform/,forbes.com,English,0.0,gdelt_gkg
NOW,2018-02-28,Dragoneer Increases its Stake in PointClickCare Becoming the Largest Institutional Shareholder,https://www.businesswire.com/news/home/20180228005132/en/Dragoneer-Increases-Stake-PointClickCare-Largest-Institutional-Shareholder/,businesswire.com,English,0.0,gdelt_gkg
NOW,2018-02-28,Fortinet adds 11 new vendor partners to Fabric - Ready program in embrace of co - opetition strategy,http://www.channelbuzz.ca/2018/02/fortinet-adds-11-new-vendor-partners-to-fabric-ready-program-in-embrace-of-co-opetition-strategy-24840/,channelbuzz.ca,English,0.0,gdelt_gkg
NOW,2018-02-28,Cherwell Software named Gold Medalist in the 2018 Info - Tech Research Group IT Service Management Data Quadrant,http://www.4-traders.com/news/Cherwell-Software-named-Gold-Medalist-in-the-2018-Info-Tech-Research-Group-IT-Service-Management-Dat--26078256/,4-traders.com,English,0.0,gdelt_gkg
NOW,2018-02-28,The workflow orchestration market is projected to grow from USD 13 . 81 billion in 2017 to USD 50 . 82,https://www.prnewswire.com/news-releases/the-workflow-orchestration-market-is-projected-to-grow-from-usd-1381-billion-in-2017-to-usd-5082-billion-by-2022-at-a-cagr-of-298-300605928.html,prnewswire.com,English,0.0,gdelt_gkg
NOW,2018-02-28,"The workflow orchestration market is projected to grow from USD 13 . 81 billion in 2017 to USD 50 . 82 billion by 2022 , at a CAGR of 29 . 8 % ",https://www.marketwatch.com/story/the-workflow-orchestration-market-is-projected-to-grow-from-usd-1381-billion-in-2017-to-usd-5082-billion-by-2022-at-a-cagr-of-298-2018-02-28,marketwatch.com,English,0.0,gdelt_gkg
NOW,2018-02-28,Cherwell Software named Gold Medalist in the 2018 Info - Tech Research Group IT Service Management Data Quadrant,http://globenewswire.com/news-release/2018/02/28/1401531/0/en/Cherwell-Software-named-Gold-Medalist-in-the-2018-Info-Tech-Research-Group-IT-Service-Management-Data-Quadrant.html,globenewswire.com,English,0.0,gdelt_gkg
NOW,2018-02-28,"A look at how ServiceNow is managing 85 , 000 databases with 25 billion queries per hour",https://diginomica.com/2018/02/28/look-servicenow-managing-85000-databases-25-billion-queries-per-hour/,diginomica.com,English,0.0,gdelt_gkg
NOW,2018-02-28,FreeAgent CRM Raises $5 . 6M to Help Small Businesses Grow Sales Big,http://www.prweb.com/releases/2018/03/prweb15261804.htm,prweb.com,English,0.0,gdelt_gkg
NOW,2018-02-28,Netskope Achieves ISO / IEC 27001 : 2013 and ISO / IEC 27018 : 2014 Certifications,https://www.prnewswire.com/news-releases/netskope-achieves-isoiec-270012013-and-isoiec-270182014-certifications-300605328.html,prnewswire.com,English,0.0,gdelt_gkg
NOW,2018-02-28,3 Surprising Facts About Salesforce You Need to Know,http://www.foxbusiness.com/markets/3-surprising-facts-about-salesforce-you-need-to-know,foxbusiness.com,English,0.0,gdelt_gkg
NOW,2018-02-28,What is ServiceNow 2018 Acquisition Strategy ? ,http://www.sramanamitra.com/2018/02/28/what-is-servicenows-2018-acquisition-strategy/,sramanamitra.com,English,0.0,gdelt_gkg
NOW,2018-02-28,Tenable and ServiceNow Form Strategic Security Alliance to Reduce Cyber Risk,https://www.prnewswire.com/news-releases/tenable-and-servicenow-form-strategic-security-alliance-to-reduce-cyber-risk-300605663.html,prnewswire.com,English,0.0,gdelt_gkg
NOW,2018-02-28,"Application Development Market Global Size , Segments , Growth and Trends by Forecast to 2023",https://www.openpr.com/news/961028/Application-Development-Market-Global-Size-Segments-Growth-and-Trends-by-Forecast-to-2023.html,openpr.com,English,0.0,gdelt_gkg
NOW,2018-02-28,Salesforce Earnings : What to Watch,https://www.wsj.com/articles/salesforce-earnings-what-to-watch-1519813801,wsj.com,English,0.0,gdelt_gkg
NOW,2018-02-28,How ServiceNow deploys MariaDB to handle 25 billion queries per hour | Cloud Computing,https://www.computerworlduk.com/cloud-computing/how-servicenow-deploys-mariadb-handle-25-billion-queries-per-hour-3672819/,computerworlduk.com,English,0.0,gdelt_gkg
NOW,2018-02-28,Dragoneer Increases its Stake in PointClickCare Becoming the Largest Institutional Shareholder,https://www.businesswire.com/news/home/20180228005132/en/Dragoneer-Increases-Stake-PointClickCare-Largest-Institutional-Shareholder,businesswire.com,English,0.0,gdelt_gkg
NOW,2018-02-28,Network World - Networking Nuggets and Security Snippets - Why Splunk Acquired Phantom - CSO,https://www.cso.com.au/vendor_blog/9/network-world-networking-nuggets-and-security-snippets/19119/why-splunk-acquired-phantom/,cso.com.au,English,0.0,gdelt_gkg
NOW,2018-02-28,CISOs facing growing challenges in digital transformation,https://www.channelnomics.com/channelnomics-us/news/3027516/cisos-tackling-growing-challenges-in-digital-transformation-fortinet,channelnomics.com,English,0.0,gdelt_gkg
NOW,2018-02-28,DXC Technology Unveils DXC Open Health Connect Platform Globally to Create a Connected Ecosystem for Better Healthcare Outcomes,https://www.marketwatch.com/story/dxc-technology-unveils-dxc-open-health-connect-platform-globally-to-create-a-connected-ecosystem-for-better-healthcare-outcomes-2018-02-28-10159148,marketwatch.com,English,0.0,gdelt_gkg
NOW,2018-02-28,Worksoft unveils modern automation platform for enterprise applications,https://sdtimes.com/test/worksoft-modern-automation-platform/,sdtimes.com,English,0.0,gdelt_gkg
NOW,2018-02-28,ServiceNow launches new R & D centre in India,http://www.computerworld.in/media-releases/servicenow-launches-new-rd-centre-india,computerworld.in,English,0.0,gdelt_gkg
NOW,2018-03-01,Tenable - ServiceNow Team Offers Integrated Cyber Risk Mgmt Platform,http://blog.executivebiz.com/2018/03/tenable-servicenow-team-offers-integrated-cyber-risk-mgmt-platform/,blog.executivebiz.com,English,0.0,gdelt_gkg
NOW,2018-03-01,ServiceNow : Uptrend Means NOW the Time for New Price Targets,https://realmoney.thestreet.com/articles/03/01/2018/servicenow-uptrend-means-nows-time-new-price-targets,realmoney.thestreet.com,English,0.0,gdelt_gkg
NOW,2018-03-01,Roundtable Recap : March 1 - One Size Does Not Fit All,http://www.sramanamitra.com/2018/03/01/roundtable-recap-march-1-one-size-does-not-fit-all/,sramanamitra.com,English,0.0,gdelt_gkg
NOW,2018-03-01,ServiceNow 2018 Acquisition Strategy ? - ServiceNow ( NYSE : NOW ) ,https://seekingalpha.com/article/4152556-servicenows-2018-acquisition-strategy,seekingalpha.com,English,0.0,gdelt_gkg
NOW,2018-03-01,Tech Tidbits From Across New Hampshire - New Hampshire Business Review,http://www.nhbr.com/March-16-2018/Tech-Tidbits-From-Across-New-Hampshire/,nhbr.com,English,0.0,gdelt_gkg
NOW,2018-03-01,ServiceNow appoints Australia Mitch Young to lead APJ business,https://www.arnnet.com.au/article/634080/servicenow-appoints-australia-mitch-young-lead-apj-business/,arnnet.com.au,English,0.0,gdelt_gkg
NOW,2018-03-01,How to get the most out of Slack,https://www.techworld.com.au/article/634107/how-get-most-slack/,techworld.com.au,English,0.0,gdelt_gkg
NOW,2018-03-01,GLOBAL IT SERVICES LEADER DXC TECHNOLOGY NAMED ENTITLEMENT SPONSOR FOR TEXAS MOTOR SPEEDWAY MARQUEE INDYCAR RACE,http://www.texasmotorspeedway.com/news/news-releases/posts/2018/february/dxc-technology-named-entitlement-sponsor-for-marquee-indycar-race/,texasmotorspeedway.com,English,0.0,gdelt_gkg
NOW,2018-03-01,"Global Cloud Orchestration Market Key Trends , Size , Growth , Shares and Forecast Research Report 2022",http://www.ssuchronicle.com/2018/03/01/global-cloud-orchestration-market-key-trends-size-growth-shares-and-forecast-research-report-2022/,ssuchronicle.com,English,0.0,gdelt_gkg
NOW,2018-03-01,"Feb 28 , 2018 - ServiceNow Inc ( NOW ) Files 10 - K for the Fiscal Year Ended on December 31 , 2017",https://www.gurufocus.com/news/647511/servicenow-inc-now-files-10k-for-the-fiscal-year-ended-on-december-31-2017,gurufocus.com,English,0.0,gdelt_gkg
NOW,2018-03-01,How ServiceNow deploys MariaDB to handle 25 billion queries per hour,http://www.computerworld.in/news/how-servicenow-deploys-mariadb-handle-25-billion-queries-hour,computerworld.in,English,0.0,gdelt_gkg
NOW,2018-03-01,How to get the most out of Slack,https://www.cio.co.nz/article/634107/how-get-most-slack/,cio.co.nz,English,0.0,gdelt_gkg
NOW,2018-03-01,Tenable and ServiceNow form Strategic Security Alliance to reduce cyber risk - IoT Now,https://www.iot-now.com/2018/03/01/77966-tenable-servicenow-form-strategic-security-alliance-reduce-cyber-risk/,iot-now.com,English,0.0,gdelt_gkg
NOW,2018-03-01,How to get the most out of Slack,https://www.computerworld.com/article/3257934/collaboration/how-to-get-the-most-out-of-slack.html,computerworld.com,English,0.0,gdelt_gkg
NOW,2018-03-01,How to get the most out of Slack,https://www.itworld.com/article/3257934/collaboration/how-to-get-the-most-out-of-slack.html,itworld.com,English,0.0,gdelt_gkg
NOW,2018-03-08,Tenable Debuts Lumin Cyber - Exposure Benchmarking Platform,http://www.eweek.com/security/tenable-launches-lumin-cyber-exposure-benchmarking-platform,eweek.com,English,0.0,gdelt_gkg
NOW,2018-03-08,Tenable Benchmarks Security Exposure,http://www.lightreading.com/enterprise-cloud/security-and-compliance/tenable-benchmarks-security-exposure-/d/d-id/741258,lightreading.com,English,0.0,gdelt_gkg
NOW,2018-03-09,13 Ways To Boost Facebook Content Engagement Post - Algorithm Shift,https://www.forbes.com/sites/forbescommunicationscouncil/2018/03/09/13-ways-to-boost-facebook-content-engagement-post-algorithm-shift/,forbes.com,English,0.0,gdelt_gkg
NOW,2018-03-09,Latvian mobile operator invites cyber attackers to have a go | IDG Connect,http://www.idgconnect.com/abstract/29786/latvian-mobile-operator-invites-cyber-attackers,idgconnect.com,English,0.0,gdelt_gkg
NOW,2018-03-09,Service Now Developer / Administrator - Jobs,https://www.goodgearguide.com.au/jobs/view/37143/service-now-developeradministrator/,goodgearguide.com.au,English,0.0,gdelt_gkg
NOW,2018-03-09,Billion Dollar Unicorns : What is Anaplan Product Strategy ? ,http://www.sramanamitra.com/2018/03/09/billion-dollar-unicorns-what-is-anaplans-product-strategy/,sramanamitra.com,English,0.0,gdelt_gkg
NOW,2018-03-09,Junior - Mid Level ServiceNow Architect - Jobs,https://www.pcworld.idg.com.au/jobs/view/37114/junior-mid-level-servicenow-architect/,pcworld.idg.com.au,English,0.0,gdelt_gkg
NOW,2018-03-09,Service Now Developer / Administrator - Jobs,https://www.pcworld.idg.com.au/jobs/view/37143/service-now-developeradministrator/,pcworld.idg.com.au,English,0.0,gdelt_gkg
NOW,2018-03-09,Roundtable Recap : March 8 - Perspectives from Investors in Under - Served Geographies,http://www.sramanamitra.com/2018/03/08/roundtable-recap-march-8-perspectives-from-investors-in-under-served-geographies/,sramanamitra.com,English,0.0,gdelt_gkg
NOW,2018-03-09,Logicalis Announces Kevin Siow as New Country Manager for Malaysia Operations,http://markets.businessinsider.com/news/stocks/logicalis-announces-kevin-siow-as-new-country-manager-for-malaysia-operations-1018475534,markets.businessinsider.com,English,0.0,gdelt_gkg
NOW,2018-03-09,Logicalis Announces Kevin Siow as New Country Manager for Malaysia Operations,https://finance.yahoo.com/news/logicalis-announces-kevin-siow-country-010000178.html,finance.yahoo.com,English,0.0,gdelt_gkg
NOW,2018-03-09,Logicalis Announces Kevin Siow as New Country Manager for Malaysia Operations,http://www.tmcnet.com/usubmit/2018/03/08/8714787.htm,tmcnet.com,English,0.0,gdelt_gkg
NOW,2018-03-09,"Application Development Market Global Key Players : International Business Machines Corporation , Salesforce . com , Inc , Microsoft Corp , Hewlett Packard Enterprise Company , Fujitsu Ltd",https://www.openpr.com/news/971911/Application-Development-Market-Global-Key-Players-International-Business-Machines-Corporation-Salesforce-com-Inc-Microsoft-Corp-Hewlett-Packard-Enterprise-Company-Fujitsu-Ltd.html,openpr.com,English,0.0,gdelt_gkg
NOW,2018-03-09,"Logicalis Announces Kevin Siow as New Country Manager for Malaysia Operations , Business News",http://www.asiaone.com/business/logicalis-announces-kevin-siow-as-new-country-manager-for-malaysia-operations,asiaone.com,English,0.0,gdelt_gkg
NOW,2018-03-10,Junior - Mid Level ServiceNow Architect - Jobs,https://www.cio.co.nz/jobs/view/37114/junior-mid-level-servicenow-architect/,cio.co.nz,English,0.0,gdelt_gkg
NOW,2018-03-10,Project Manager - Service Management - Jobs,https://www.pcworld.idg.com.au/jobs/view/37019/project-manager-service-management/,pcworld.idg.com.au,English,0.0,gdelt_gkg
NOW,2018-03-10,"New Report on Cloud Project Portfolio Management Market Increasing at CAGR of +14 % by 2022 : Challenges , Standardization , Competitive Market Share and Operator Case Studies",https://www.openpr.com/news/973087/New-Report-on-Cloud-Project-Portfolio-Management-Market-Increasing-at-CAGR-of-14-by-2022-Challenges-Standardization-Competitive-Market-Share-and-Operator-Case-Studies.html,openpr.com,English,0.0,gdelt_gkg
NOW,2018-03-11,5 reasons why iPad Pro wont make you ask  What a computer ? | IDG Connect,http://www.idgconnect.com/abstract/29613/reasons-ipad-pro-won-what,idgconnect.com,English,0.0,gdelt_gkg
NOW,2018-03-11,The Renaissance of Compliance | IDG Connect,http://www.idgconnect.com/blog-abstract/2922/the-renaissance-compliance,idgconnect.com,English,0.0,gdelt_gkg
NOW,2018-03-11,From AI to zero day : Our global highlights from 2017 | IDG Connect,http://www.idgconnect.com/blog-abstract/28970/from-ai-zero-day-our-global-highlights-2017,idgconnect.com,English,0.0,gdelt_gkg
NOW,2018-03-11,Service Portal : как работает единый интерфейс для взаимодействия с IaaS - провайдером / Блог компании ИТ - Г АД / Хабрахабр,https://habrahabr.ru/company/it-grad/blog/350888/,habrahabr.ru,Russian,0.0,gdelt_gkg
NOW,2018-03-11,How to become an Apple Certified Macintosh Technician | IDG Connect,http://www.idgconnect.com/abstract/2536/how-apple-certified-macintosh-technician,idgconnect.com,English,0.0,gdelt_gkg
NOW,2018-03-11,Get Sony WH - 1000xM2 noise - cancelling headphones for $52 off | IDG Connect,http://www.idgconnect.com/abstract/29729/get-sony-wh-1000xm2-noise-cancelling-headphones-usd52,idgconnect.com,English,0.0,gdelt_gkg
NOW,2018-03-11,"eFinancialCareers jobs : Sr . CyberSecurity Engineer in Moody , New York , NY , united states ",https://www.efinancialcareers.com/jobs-USA-NY-New_York-SrCyberSecurity_Engineer.id02964533,efinancialcareers.com,English,0.0,gdelt_gkg
NOW,2018-03-11,"Crowdsourcing Innovation : Andrew  Bunnie  Huang , Hacker at Sutajio Ko - Usagi | IDG Connect",http://www.idgconnect.com/abstract/7702/crowdsourcing-innovation-andrew-bunnie-huang-hacker-sutajio-ko-usagi,idgconnect.com,English,0.0,gdelt_gkg
NOW,2018-03-11,What do you do when the HR department is the problem ? ,https://ameinfo.com/it-2/enterprise-service-experience/,ameinfo.com,English,0.0,gdelt_gkg
NOW,2018-03-11,Zambia deports South Africa star panty - less dancer,http://alironbilbao.com/2018/03/zambia-deports-south-africas-star-panty-less-dancer/,alironbilbao.com,English,0.0,gdelt_gkg
NOW,2018-03-11,92 - year - old woman smothered by roommate : NYPD source,http://alironbilbao.com/2018/03/92-year-old-woman-smothered-by-roommate-nypd-source/,alironbilbao.com,English,0.0,gdelt_gkg
NOW,2018-03-11,Bamco Inc . NY Decreases Position in ServiceNow Inc ( NOW ) ,https://www.dailypolitical.com/2018/03/11/bamco-inc-ny-decreases-position-in-servicenow-inc-now.html,dailypolitical.com,English,0.0,gdelt_gkg
NOW,2018-03-11,Atlas Brown Inc . Acquires 2712 Shares of The Coca - Cola Co ( KO ) ,http://parlonschasse.com/2018/03/atlas-brown-inc-acquires-2712-shares-of-the-coca-cola-co-ko/,parlonschasse.com,English,0.0,gdelt_gkg
NOW,2018-03-12,"Micron , Tesla , Broadcom Lead Nasdaq ; Boeing , Caterpillar Weigh On Dow",https://www.investors.com/market-trend/stock-market-today/micron-tesla-broadcom-lead-nasdaq-boeing-weighs-on-dow/,investors.com,English,0.0,gdelt_gkg
NOW,2018-03-12,Интеграция между мониторингом и ITSM / Блог компании ICL Services / Хабрахабр,https://habrahabr.ru/company/icl_services/blog/350960/,habrahabr.ru,Russian,0.0,gdelt_gkg
NOW,2018-03-12,Google Chrome 66 to Flag Untrusted Symantec Digital Certificates,http://www.eweek.com/security/google-chrome-to-flag-untrusted-symantec-certificates-as-unsafe,eweek.com,English,0.0,gdelt_gkg
NOW,2018-03-12,Billion Dollar Unicorns : Will Apttus Take the Plunge ? ,http://www.sramanamitra.com/2018/03/12/billion-dollar-unicorns-will-apttus-take-the-plunge/,sramanamitra.com,English,0.0,gdelt_gkg
NOW,2018-03-12,Tenable introduces new tool for quantifying cyber risk,https://www.rcrwireless.com/20180312/tenable-introduces-new-tool-for-quantifying-cyber-risk-tag27,rcrwireless.com,English,0.0,gdelt_gkg
NOW,2018-03-12,Talkdesk : Launches the Enterprise Contact Center Platform,http://www.4-traders.com/KEYSIGHT-TECHNOLOGIES-INC-18426374/news/Talkdesk-Launches-the-Enterprise-Contact-Center-Platform-26150848/,4-traders.com,English,0.0,gdelt_gkg
NOW,2018-03-12,"Red Hat Downgraded , Price Targets Hiked On Salesforce , ServiceNow",https://www.investors.com/news/technology/red-hat-downgraded-price-targets-hiked-on-salesforce-servicenow/,investors.com,English,0.0,gdelt_gkg
NOW,2018-03-12,"IT Services Stock Research Reports Released on Qudian , Sabre , ServiceNow , and Syntel",https://www.prnewswire.com/news-releases/it-services-stocks-research-reports-released-on-qudian-sabre-servicenow-and-syntel-300612158.html,prnewswire.com,English,0.0,gdelt_gkg
NOW,2018-03-12,"IT Services Stock Research Reports Released on Qudian , Sabre , ServiceNow , and Syntel",http://www.4-traders.com/news/IT-Services-Stocks-Research-Reports-Released-on-Qudian-Sabre-ServiceNow-and-Syntel--26150237/,4-traders.com,English,0.0,gdelt_gkg
NOW,2018-03-12,"IT Services Stock Research Reports Released on Qudian , Sabre , ServiceNow , and Syntel",https://www.marketwatch.com/story/it-services-stocks-research-reports-released-on-qudian-sabre-servicenow-and-syntel-2018-03-12,marketwatch.com,English,0.0,gdelt_gkg
NOW,2018-03-12,Q & A : Could  mind reading  apps take on the enterprise ? | IDG Connect,http://www.idgconnect.com/abstract/29732/q-a-could-mind-reading-apps-enterprise,idgconnect.com,English,0.0,gdelt_gkg
NOW,2018-03-12,A CIO guide : How to get the most out of your data analytics investment | IDG Connect,http://www.idgconnect.com/abstract/29731/a-cio-guide-how-analytics-investment,idgconnect.com,English,0.0,gdelt_gkg
NOW,2018-03-12,Telstra CIO John Romano exits,https://www.cio.com.au/article/634558/telstra-cio-john-romano-exits/,cio.com.au,English,0.0,gdelt_gkg
NOW,2018-03-12,"IT Services Stock Research Reports Released on Qudian , Sabre , ServiceNow , and Syntel",http://forimmediaterelease.net/it-services-stocks-research-reports-released-on-qudian-sabre-servicenow-and-syntel-175814/,forimmediaterelease.net,English,0.0,gdelt_gkg
NOW,2018-03-13,"Charting the market recovery , Nasdaq takes flight as Dow industrials diverge",https://www.marketwatch.com/story/charting-the-market-recovery-nasdaq-takes-flight-as-dow-industrials-diverge-2018-03-13-121034026,marketwatch.com,English,0.0,gdelt_gkg
NOW,2018-03-13,8x8 to Launch Its Own Unified Communication Platform,http://www.eweek.com/networking/8x8-to-launch-its-own-unified-communication-platform,eweek.com,English,0.0,gdelt_gkg
NOW,2018-03-13,BBC urges United Nations to stop Iran from harassing its employees,http://newburghgazette.com/2018/03/13/bbc-urges-united-nations-to-stop-iran-from-harassing-its/,newburghgazette.com,English,0.0,gdelt_gkg
NOW,2018-03-13,How AI can stop cybercrime,https://www.cio.com/article/3262708/leadership-management/how-ai-can-stop-cybercrime.html,cio.com,English,0.0,gdelt_gkg
NOW,2018-03-13,"Need for Streamlined and Centralized Operations to Spur Demand for IT Asset Management ( ITAM ) Software , reports TMR",https://www.openpr.com/news/976902/Need-for-Streamlined-and-Centralized-Operations-to-Spur-Demand-for-IT-Asset-Management-ITAM-Software-reports-TMR.html,openpr.com,English,0.0,gdelt_gkg
NOW,2018-03-13,Channel Opportunity Emerging To Bring Amazon Alexa Voice Interface Into The Enterprise - Page : 1,https://www.crn.com/news/cloud/300100586/channel-opportunity-emerging-to-bring-amazons-alexa-voice-interface-into-the-enterprise.htm,crn.com,English,0.0,gdelt_gkg
NOW,2018-03-13,3CLogic CTO Vikas Nehru to Present at ServiceNow CreatorCon 2018,http://globenewswire.com/news-release/2018/03/13/1421028/0/en/3CLogic-CTO-Vikas-Nehru-to-Present-at-ServiceNow-s-CreatorCon-2018.html,globenewswire.com,English,0.0,gdelt_gkg
NOW,2018-03-13,"Cramer introduces the  cloud kings , tech hottest new stock group",https://www.cnbc.com/2018/03/12/cramer-introduces-the-cloud-kings-techs-hottest-new-stock-group.html,cnbc.com,English,0.0,gdelt_gkg
NOW,2018-03-13,Cramer Remix : Kudlow is a good choice for arguing with Trump,https://www.cnbc.com/2018/03/12/cramer-remix-kudlow-is-a-good-choice-for-arguing-with-trump.html,cnbc.com,English,0.0,gdelt_gkg
NOW,2018-03-13,Equinix Enhances Its Global Platform with New Cloud Security Service to Manage Encryption Keys,http://www.tmcnet.com/usubmit/2018/03/13/8716590.htm,tmcnet.com,English,0.0,gdelt_gkg
NOW,2018-03-13,Intel Will Not Buy Broadcom - Cramer Mad Money ( 3 / 12 / 18 ) ,https://seekingalpha.com/article/4155829-intel-will-buy-broadcom-cramers-mad-money-3-12-18,seekingalpha.com,English,0.0,gdelt_gkg
NOW,2018-03-14,Amazon CTO : Here are 3 things you need to make voice tech work in the office,https://www.techrepublic.com/article/amazon-cto-here-are-3-things-you-need-to-make-voice-tech-work-in-the-office/,techrepublic.com,English,0.0,gdelt_gkg
NOW,2018-03-14,CyberArk Buys Vaultive to Enrich Cloud Security Solutions,https://www.nasdaq.com/article/cyberark-buys-vaultive-to-enrich-cloud-security-solutions-cm934389,nasdaq.com,English,0.0,gdelt_gkg
NOW,2018-03-14,"VXF , TSLA , LVS , NOW : ETF Inflow Alert",https://www.nasdaq.com/article/vxf-tsla-lvs-now-etf-inflow-alert1-cm934698,nasdaq.com,English,0.0,gdelt_gkg
NOW,2018-03-14,Billion Dollar Unicorns : Does New Relic Plan to Consolidate the APM Market ? ,http://www.sramanamitra.com/2018/03/14/billion-dollar-unicorns-does-new-relic-plan-to-consolidate-the-apm-market/,sramanamitra.com,English,0.0,gdelt_gkg
NOW,2018-03-14,Ness Digital Engineering acquires Linium,http://www.deccanherald.com/content/664629/ness-digital-engineering-acquires-linium.html,deccanherald.com,English,0.0,gdelt_gkg
NOW,2018-03-14,"Top - Performing China Fund Manager Says Alibaba , JD , Look Cheap",https://www.bloomberg.com/news/articles/2018-03-14/top-performing-china-fund-manager-says-alibaba-yy-look-cheap,bloomberg.com,English,0.0,gdelt_gkg
NOW,2018-03-14,Ensuring Application Performance at ServiceNow : CIO Case Study,https://resources.cio.com/ccd/assets/149640/detail,resources.cio.com,English,0.0,gdelt_gkg
NOW,2018-03-14,"Top Global Fund Manager Says China Alibaba , JD Look Cheap",http://www.theedgemarkets.com/article/top-global-fund-manager-says-chinas-alibaba-jd-look-cheap,theedgemarkets.com,English,0.0,gdelt_gkg
NOW,2018-03-14,Equinix Enhances Its Global Platform with New Cloud Security Service to Manage Encryption Keys,http://myhostnews.com/2018/03/equinix-enhances-its-global-platform-with-new-cloud-security-service-to-manage-encryption-keys/,myhostnews.com,English,0.0,gdelt_gkg
NOW,2018-03-14,Zenoss as a Service Selected by NoaNet,https://www.marketwatch.com/story/zenoss-as-a-service-selected-by-noanet-2018-03-14,marketwatch.com,English,0.0,gdelt_gkg
NOW,2018-03-14,Zenoss as a Service Selected by NoaNet,https://www.prnewswire.com/news-releases/zenoss-as-a-service-selected-by-noanet-300613080.html,prnewswire.com,English,0.0,gdelt_gkg
NOW,2018-03-14,Carahsoft signs partner agreements to expand IT modernization efforts,https://washingtontechnology.com/blogs/editors-notebook/2018/03/carahsoft-partnering-deals.aspx,washingtontechnology.com,English,0.0,gdelt_gkg
NOW,2018-03-14,Ness Digital Engineering to Acquire Linium,http://globenewswire.com/news-release/2018/03/14/1422441/0/en/Ness-Digital-Engineering-to-Acquire-Linium.html,globenewswire.com,English,0.0,gdelt_gkg
NOW,2018-03-14,"Riverbed Launches Digital Performance Platform and New Brand Identity , Delivering Greater Customer Value and Growth Opportunities in $30B+ Market",https://www.businesswire.com/news/home/20180314005337/en/Riverbed-Launches-Digital-Performance-Platform-New-Brand,businesswire.com,English,0.0,gdelt_gkg
NOW,2018-03-14,Skedulo Launches Independent Platform to Simplify the Complexity of Today Modern Workforce and,https://www.prnewswire.com/news-releases/skedulo-launches-independent-platform-to-simplify-the-complexity-of-todays-modern-workforce-and-transform-the-customer-experience-300613598.html,prnewswire.com,English,0.0,gdelt_gkg
NOW,2018-03-14,"Riverbed Launches Digital Performance Platform and New Brand Identity , Delivering Greater Customer Value and Growth Opportunities in $30B+ Market",http://www.tmcnet.com/usubmit/2018/03/14/8717801.htm,tmcnet.com,English,0.0,gdelt_gkg
NOW,2018-03-14,New Start - Up Rundeck Removes IT Operational Challenges With Modern Approach to Ops Management,http://www.4-traders.com/news/New-Start-Up-Rundeck-Removes-IT-Operational-Challenges-With-Modern-Approach-to-Ops-Management--26163107/,4-traders.com,English,0.0,gdelt_gkg
NOW,2018-03-14,Five steps for re - tooling your organization with Machine Learning - Business Intelligence Middle East - bi - me . com,http://www.bi-me.com/main.php?id=75042&t=1,bi-me.com,English,0.0,gdelt_gkg
NOW,2018-03-14,Ness Digital Engineering to Acquire Linium,http://www.tmcnet.com/usubmit/2018/03/14/8717731.htm,tmcnet.com,English,0.0,gdelt_gkg
NOW,2018-03-15,itSMF united states and TechnoLava Form Strategic Alliance for Recruiting of ITSM and DevOps Experts,http://www.prweb.com/releases/2018/03/prweb15326277.htm,prweb.com,English,0.0,gdelt_gkg
NOW,2018-03-15,Ness Digital Engineering to acquire Linium,https://www.aninews.in/news/ness-digital-engineering-to-acquire-linium201803151923430002/,aninews.in,English,0.0,gdelt_gkg
NOW,2018-03-15,"Hunter Muller Predicts : Tech Stocks May Dive in the Short Term , But Theyre Still Great Investments",https://www.prnewswire.com/news-releases/hunter-muller-predicts-tech-stocks-may-dive-in-the-short-term-but-theyre-still-great-investments-in-the-long-term-300614809.html,prnewswire.com,English,0.0,gdelt_gkg
NOW,2018-03-15,Mizuho Securities Believes ServiceNow ( NYSE : NOW ) Still Has Room to Grow,http://www.analystratings.com/articles/mizuho-securities-believes-servicenow-nyse-now-still-has-room-to-grow/,analystratings.com,English,0.0,gdelt_gkg
NOW,2018-03-15,Ness Digital Engineering to acquire Linium,https://www.aninews.in/news/business/business/ness-digital-engineering-to-acquire-linium201803151923430002/,aninews.in,English,0.0,gdelt_gkg
NOW,2018-03-15,Ness Digital Engineering to Acquire Linium Company deepening its end - to - end digital enablement capabilities,http://indiaeducationdiary.in/ness-digital-engineering-acquire-linium-company-deepening-end-end-digital-enablement-capabilities/,indiaeducationdiary.in,English,0.0,gdelt_gkg
NOW,2018-03-15,"Longfin Acquisition Of Ziddu . Com Added Over $2 Billion To Its Current Valuation , But We Found It To Have Little Value - LongFin Corp ( NASDAQ : LFIN ) ",https://seekingalpha.com/article/4156649-longfins-acquisition-ziddu-com-added-2-billion-current-valuation-found-little-value,seekingalpha.com,English,0.0,gdelt_gkg
NOW,2018-03-15,Service Now Developer / Administrator - Jobs,https://www.goodgearguide.com.au/jobs/view/37466/service-now-developeradministrator/,goodgearguide.com.au,English,0.0,gdelt_gkg
NOW,2018-03-15,"Hunter Muller Predicts : Tech Stocks May Dive in the Short Term , But Theyre Still Great Investments in the Long Term",https://www.marketwatch.com/story/hunter-muller-predicts-tech-stocks-may-dive-in-the-short-term-but-theyre-still-great-investments-in-the-long-term-2018-03-15,marketwatch.com,English,0.0,gdelt_gkg
NOW,2018-03-15,IT Trainer - System Release - Jobs,https://www.goodgearguide.com.au/jobs/view/37536/it-trainer-system-release/,goodgearguide.com.au,English,0.0,gdelt_gkg
NOW,2018-03-15,Roundtable Recap : March 14 - Learn to Bootstrap Effectively to Navigate Early Chicken and Egg Stage,http://www.sramanamitra.com/2018/03/14/roundtable-recap-march-14-learn-to-bootstrap-effectively-to-navigate-early-chicken-and-egg-stage/,sramanamitra.com,English,0.0,gdelt_gkg
NOW,2018-03-15,"Hunter Muller Predicts : Tech Stocks May Dive in the Short Term , But Theyre Still Great Investments in the Long Term",http://www.4-traders.com/news/Hunter-Muller-Predicts-Tech-Stocks-May-Dive-in-the-Short-Term-But-They-re-Still-Great-Investments--26172529/,4-traders.com,English,0.0,gdelt_gkg
NOW,2018-03-15,Why Cloud Company Stocks Are Soaring,https://www.fool.com/investing/2018/03/14/why-cloud-company-stocks-are-soaring.aspx?source=iedfolrf0000001,fool.com,English,0.0,gdelt_gkg
NOW,2018-03-15,"Hunter Muller Predicts : Tech Stocks May Dive in the Short Term , But Theyre Still Great Investments in the Long Term",http://www.tmcnet.com/usubmit/2018/03/15/8718835.htm,tmcnet.com,English,0.0,gdelt_gkg
NOW,2018-03-15,Service Now Developer / Administrator - Jobs,https://www.pcworld.idg.com.au/jobs/view/37466/service-now-developeradministrator/,pcworld.idg.com.au,English,0.0,gdelt_gkg
NOW,2018-03-15,IT Service Management Tools Market Pegged for Robust Expansion During 2017 - 2025 – MilTech,https://www.military-technologies.net/2018/03/15/it-service-management-tools-market-pegged-for-robust-expansion-during-2017-2025/,military-technologies.net,English,0.0,gdelt_gkg
NOW,2018-03-15,Why Cloud Company Stocks Are Soaring,https://www.nasdaq.com/article/why-cloud-company-stocks-are-soaring-cm935043,nasdaq.com,English,0.0,gdelt_gkg
NOW,2018-03-15,Skedulo Launches Own Mobile Workforce Management App,http://www.eweek.com/cloud/skedulo-launches-own-mobile-workforce-management-app,eweek.com,English,0.0,gdelt_gkg
NOW,2018-03-15,Skedulo Launches Own Mobile Workforce Management App,http://www.eweek.com/mobile/skedulo-launches-own-mobile-workforce-management-app,eweek.com,English,0.0,gdelt_gkg
NOW,2018-03-15,Chetu announces partnership with ServiceNow,https://www.whatech.com/software/press-release/449655-chetu-announces-partnership-with-servicenow,whatech.com,English,0.0,gdelt_gkg
NOW,2018-03-15,Riverbed launches digital performance platform delivering greater customer value,http://www.cio.in/media-releases/riverbed-launches-digital-performance-platform-delivering-greater-customer-value,cio.in,English,0.0,gdelt_gkg
NOW,2018-03-15,ORock Technologies Adds TechTrend to Channel Partner Program,https://www.prnewswire.com/news-releases/orock-technologies-adds-techtrend-to-channel-partner-program-300613446.html,prnewswire.com,English,0.0,gdelt_gkg
NOW,2018-03-15,Why Cloud Company Stocks Are Soaring,https://www.msn.com/en-us/finance/technologyinvesting/why-cloud-company-stocks-are-soaring/ar-BBKebEj,msn.com,English,0.0,gdelt_gkg
NOW,2018-03-16,Software Asset Management Market Worth 2 . 32 Billion USD by 2022 / PR Newswire India / ,http://www.prnewswire.co.in/news-releases/software-asset-management-market-worth-232-billion-usd-by-2022-677087043.html,prnewswire.co.in,English,0.0,gdelt_gkg
NOW,2018-03-16,IT News Online - PR Newswire,http://www.itnewsonline.com/prnewswire/Software-Asset-Management-Market-Worth-2.32-Billion-USD-by-2022/584631,itnewsonline.com,English,0.0,gdelt_gkg
NOW,2018-03-16,"Q1 Earnings : Who Joins Netflix , Twitter On List Of Stocks Expecting 50 %- Plus Growth ? ",https://www.investors.com/research/ibd-stock-analysis/q1-earnings-preview-netflix-twitter-salesforce-baidu/,investors.com,English,0.0,gdelt_gkg
NOW,2018-03-16,Software Asset Management Market Worth 2 . 32 Billion USD by 2022,http://www.prnewswire.co.uk/news-releases/software-asset-management-market-worth-232-billion-usd-by-2022-677087043.html,prnewswire.co.uk,English,0.0,gdelt_gkg
NOW,2018-03-16,Billion Dollar Unicorns : What is Coupa Next Acquisition ? ,http://www.sramanamitra.com/2018/03/16/billion-dollar-unicorns-what-is-coupas-next-acquisition/,sramanamitra.com,English,0.0,gdelt_gkg
NOW,2018-03-16,Software Asset Management Market Worth 2 . 32 Billion USD by 2022,https://www.prnewswire.com/news-releases/software-asset-management-market-worth-232-billion-usd-by-2022-677086993.html,prnewswire.com,English,0.0,gdelt_gkg
NOW,2018-03-16,Candriam Luxembourg S . C . A . Grows Holdings in ServiceNow Inc ( NOW ) ,https://registrarjournal.com/2018/03/15/candriam-luxembourg-s-c-a-purchases-1507-shares-of-servicenow-inc-now.html,registrarjournal.com,English,0.0,gdelt_gkg
NOW,2018-03-16,ServiceNow : Service Central,http://www.4-traders.com/SERVICENOW-INC-10912979/news/ServiceNow-Service-Central-26177961/,4-traders.com,English,0.0,gdelt_gkg
NOW,2018-03-16,Ness Digital Engineering to acquire Linium,https://www.siasat.com/news/ness-digital-engineering-acquire-linium-1330490/,siasat.com,English,0.0,gdelt_gkg
NOW,2018-03-16,IT Trainer - System Release - Jobs,https://www.pcworld.idg.com.au/jobs/view/37536/it-trainer-system-release/,pcworld.idg.com.au,English,0.0,gdelt_gkg
NOW,2018-03-16,"Global Application Development and Deployment Software Industry Projected to Touch US$346 , 434 . 0 MN by 2022",https://www.openpr.com/news/982198/Global-Application-Development-and-Deployment-Software-Industry-Projected-to-Touch-US-346-434-0-MN-by-2022.html,openpr.com,English,0.0,gdelt_gkg
NOW,2018-03-16,Software Asset Management Market Worth 2 . 32 Billion USD by 2022,http://www.finanznachrichten.de/nachrichten-2018-03/43286232-software-asset-management-market-worth-2-32-billion-usd-by-2022-008.htm,finanznachrichten.de,English,0.0,gdelt_gkg
NOW,2018-03-17,ServiceNow ( NOW )  Buy  Rating Reaffirmed at Mizuho,https://www.dailypolitical.com/2018/03/17/servicenows-now-buy-rating-reaffirmed-at-mizuho.html,dailypolitical.com,English,0.0,gdelt_gkg
NOW,2018-03-17,Google Cloud boss eyeing  major acquisition  to get ahead | Money,http://www.themalaymailonline.com/money/article/google-cloud-boss-eyeing-major-acquisition-to-get-ahead,themalaymailonline.com,English,0.0,gdelt_gkg
NOW,2018-03-17,Jim Cramer  Mad Money  Recap : Where Are the Market Winners ? Right Here,https://www.thestreet.com/story/13192743/1/jim-cramers-mad-money-recap-where-are-the-market-winners-right-here.html,thestreet.com,English,0.0,gdelt_gkg
NOW,2018-03-17,"As American Wtr Wks Co INC New ( AWK ) Share Value Rose , Pictet Asset Management LTD Trimmed Holding",https://friscofastball.com/as-american-wtr-wks-co-inc-new-awk-share-value-rose-pictet-asset-management-ltd-trimmed-holding/,friscofastball.com,English,0.0,gdelt_gkg
NOW,2018-03-17,Google Cloud boss eyeing  major acquisition  to get ahead | Money | Mobile,http://m.themalaymailonline.com/money/article/google-cloud-boss-eyeing-major-acquisition-to-get-ahead,m.themalaymailonline.com,English,0.0,gdelt_gkg
NOW,2018-03-17,Google cloud boss eyeing  major acquisition  to get ahead,http://gulfnews.com/business/companies/google-s-cloud-boss-eyeing-major-acquisition-to-get-ahead-1.2189549,gulfnews.com,English,0.0,gdelt_gkg
NOW,2018-03-17,Google s Cloud boss eyeing ‘ major acquisition to get ahead,http://www.freemalaysiatoday.com/category/business/2018/03/17/googles-cloud-boss-eyeing-major-acquisition-to-get-ahead/,freemalaysiatoday.com,English,0.0,gdelt_gkg
NOW,2018-03-17,Robert W . Baird Believes ServiceNow ( NYSE : NOW ) Still Has Room to Grow,http://www.analystratings.com/articles/robert-w-baird-believes-servicenow-nyse-now-still-has-room-to-grow/,analystratings.com,English,0.0,gdelt_gkg
NOW,2018-03-17,Google cloud boss eyeing  major acquisition  to get ahead,http://www.scmp.com/tech/enterprises/article/2137612/googles-cloud-boss-eyeing-major-acquisition-get-ahead,scmp.com,English,0.0,gdelt_gkg
NOW,2018-03-17,Google Cloud Boss Eyeing  Major Acquisition  to Get Ahead,https://www.msn.com/en-us/money/other/googles-cloud-boss-eyeing-major-acquisition-to-get-ahead/ar-BBKjRdg,msn.com,English,0.0,gdelt_gkg
NOW,2018-03-17,Quantitative Investment Management LLC Has $2 . 92 Million Position in ServiceNow Inc ( NOW ) ,https://www.wkrb13.com/2018/03/17/quantitative-investment-management-llc-has-2-92-million-position-in-servicenow-inc-now.html,wkrb13.com,English,0.0,gdelt_gkg
NOW,2018-03-18,"Avalon Global Asset Management Boosted Its Holding in Athenahealth ( ATHN ) by $716 , 720 ; Johnson & Johnson ( JNJ ) Holding Maintained by North American Management Corp",https://wolcottdaily.com/avalon-global-asset-management-boosted-its-holding-in-athenahealth-athn-by-716720-johnson-johnson-jnj-holding-maintained-by-north-american-management-corp/,wolcottdaily.com,English,0.0,gdelt_gkg
NOW,2018-03-18,Adobe Hits New Highs : Wall Street Debates If It Time To Buy Or Sell ( NASDAQ : ADBE ) ,https://www.benzinga.com/analyst-ratings/analyst-color/18/03/11375878/adobe-hits-new-highs-wall-street-debates-if-its-time-to,benzinga.com,English,0.0,gdelt_gkg
NOW,2018-03-18,Ness Digital Engineering to Acquire Linium,https://globenewswire.com/news-release/2018/03/14/1422441/0/en/Ness-Digital-Engineering-to-Acquire-Linium.html,globenewswire.com,English,0.0,gdelt_gkg
NOW,2018-03-18,Adobe Hits New Highs : Wall Street Debates If It Time To Buy Or Sell,https://www.msn.com/en-us/finance/news/adobe-hits-new-highs-wall-street-debates-if-its-time-to-buy-or-sell/ar-BBKo1hv,msn.com,English,0.0,gdelt_gkg
NOW,2018-03-18,Google Cloud Boss Eyeing  Major Acquisition  ,http://businessweekme.com/2018/03/18/googles-cloud-boss-eyeing-major-acquisition/,businessweekme.com,English,0.0,gdelt_gkg
NOW,2018-03-19,3 Cloud King Stocks to Buy Now and Hold Forever,https://investorplace.com/2018/03/3-cloud-king-stocks-to-buy-now-and-hold-forever/,investorplace.com,English,0.0,gdelt_gkg
NOW,2018-03-19,Adobe Hits New Highs : Wall Street Debates If It Time To Buy Or Sell,http://www.stockhouse.com/news/press-releases/2018/03/18/adobe-hits-new-highs-wall-street-debates-if-it-s-time-to-buy-or-sell,stockhouse.com,English,0.0,gdelt_gkg
NOW,2018-03-19,Head to Head Survey : ServiceNow ( NOW ) vs . Ellie Mae ( ELLI ) ,https://www.wkrb13.com/2018/03/19/head-to-head-survey-servicenow-now-vs-ellie-mae-elli.html,wkrb13.com,English,0.0,gdelt_gkg
NOW,2018-03-19,Steve Cundy,https://www.biztimes.com/bubbler/steve-cundy/,biztimes.com,English,0.0,gdelt_gkg
NOW,2018-03-19,Google Cloud Boss Eyeing  Major Acquisition  to Get Ahead,https://www.newsmax.com/finance/streettalk/google-diane-greene-cloud-acquisition/2018/03/19/id/849513/,newsmax.com,English,0.0,gdelt_gkg
NOW,2018-03-19,Google Cloud Boss Eyeing  Major Acquisition  to Get Ahead,http://www.itprotoday.com/google/googles-cloud-boss-eyeing-major-acquisition-get-ahead,itprotoday.com,English,0.0,gdelt_gkg
NOW,2018-03-19,ServiceNow ( NOW ) Given  Buy  Rating at KeyCorp,https://www.wkrb13.com/2018/03/19/servicenow-now-given-buy-rating-at-keycorp.html,wkrb13.com,English,0.0,gdelt_gkg
NOW,2018-03-19,Google Cloud Boss Eyeing  Major Acquisition  to Get Ahead,http://www.datacenterknowledge.com/google-alphabet/googles-cloud-boss-eyeing-major-acquisition-get-ahead,datacenterknowledge.com,English,0.0,gdelt_gkg
NOW,2018-03-19,"How to write a cover letter , resume : LinkedIn boss shares tips",http://www.news.com.au/finance/work/careers/former-linkedin-hr-boss-shares-her-job-application-secrets/news-story/0b55ff340a459da7ef0d5616d5655c98,news.com.au,English,0.0,gdelt_gkg
NOW,2018-03-19,"Multi - cloud is here , and youre probably already doing it",https://www.cio.com/article/3263797/hybrid-cloud/multi-cloud-is-here-and-you-re-probably-already-doing-it.html,cio.com,English,0.0,gdelt_gkg
NOW,2018-03-19,Google Cloud boss eyeing  major acquisition  to get ahead - Tech News,https://www.thestar.com.my/tech/tech-news/2018/03/19/googles-cloud-boss-eyeing-major-acquisition-to-get-ahead/,thestar.com.my,English,0.0,gdelt_gkg
NOW,2018-03-19,"Riverbed launches digital performance platform and new brand identity , delivering greater customer value and growth Opportunities in $30B+ Market",http://www.itwebafrica.com/companynews/882-riverbed-technology/243488-riverbed-launches-digital-performance-platform-and-new-brand-identity-delivering-greater-customer-value-and-growth-opportunities-in-30b-market,itwebafrica.com,English,0.0,gdelt_gkg
NOW,2018-03-19,KeyBanc Believes ServiceNow ( NYSE : NOW ) Won t Stop Here,http://www.analystratings.com/articles/keybanc-believes-servicenow-nyse-now-wont-stop-here/,analystratings.com,English,0.0,gdelt_gkg
NOW,2018-03-19,Report : Red Hat could be a Google takeover target - a deal wouldnt be cheap,https://www.wraltechwire.com/2018/03/19/report-red-hat-could-be-a-google-takeover-target-a-deal-wouldnt-be-cheap/,wraltechwire.com,English,0.0,gdelt_gkg
NOW,2018-03-19,Interset Security Analytics Optimizes Fragmented Security Systems with Open Data Ecosystem,http://www.tmcnet.com/usubmit/2018/03/19/8720015.htm,tmcnet.com,English,0.0,gdelt_gkg
NOW,2018-03-20,"How to write a cover letter , resume : LinkedIn boss shares tips",http://www.heraldsun.com.au/business/work/former-linkedin-hr-boss-shares-her-job-application-secrets/news-story/0b55ff340a459da7ef0d5616d5655c98?nk=1842a0077df6d3b45c94a1ade9292517-1521560010,heraldsun.com.au,English,0.0,gdelt_gkg
NOW,2018-03-20,"How to write a cover letter , resume : LinkedIn boss shares tips",https://www.dailytelegraph.com.au/business/work/former-linkedin-hr-boss-shares-her-job-application-secrets/news-story/0b55ff340a459da7ef0d5616d5655c98?nk=6e204ff1a9b406c2bbc6f1bfe8e07537-1521564558,dailytelegraph.com.au,English,0.0,gdelt_gkg
NOW,2018-03-20,"Charting technical cross currents , market bears resurface ahead of the Fed",https://www.marketwatch.com/story/charting-technical-cross-currents-market-bears-resurface-ahead-of-the-fed-2018-03-20-121033558,marketwatch.com,English,0.0,gdelt_gkg
NOW,2018-03-20,Untitled,https://diginomica.com/2018/03/20/770409/,diginomica.com,English,0.0,gdelt_gkg
NOW,2018-03-20,"Oracle stock heads for worst day since 2013 , analysts run for shelter after cloud bursts",https://www.marketwatch.com/story/oracle-stock-heads-for-worst-day-since-2013-analysts-run-for-shelter-after-cloud-bursts-2018-03-20,marketwatch.com,English,0.0,gdelt_gkg
NOW,2018-03-20,"Tech Today : A Micron Blowout ? Defending Facebook , Dumping Oracle",https://www.nasdaq.com/article/tech-today-a-micron-blowout-defending-facebook-dumping-oracle-cm937116,nasdaq.com,English,0.0,gdelt_gkg
NOW,2018-03-20,"Cramer : Trump , the Fed and the cloud can get this market back on track",https://www.cnbc.com/2018/03/20/cramer-trump-the-fed-and-the-cloud-can-get-this-market-back-on-track.html,cnbc.com,English,0.0,gdelt_gkg
NOW,2018-03-20,Today channel rundown,https://www.channelnomics.com/channelnomics-us/news/3028840/todays-channel-rundown-20-march-2018,channelnomics.com,English,0.0,gdelt_gkg
NOW,2018-03-20,"How to write a cover letter , resume : LinkedIn boss shares tips",http://www.heraldsun.com.au/business/work/former-linkedin-hr-boss-shares-her-job-application-secrets/news-story/0b55ff340a459da7ef0d5616d5655c98?nk=46eb9142be1748a099e2acd924a47df1-1521541984,heraldsun.com.au,English,0.0,gdelt_gkg
NOW,2018-03-20,Logicalis Recognized for Excellence in Managed IT Services,https://www.prnewswire.com/news-releases/logicalis-recognized-for-excellence-in-managed-it-services-300616696.html,prnewswire.com,English,0.0,gdelt_gkg
NOW,2018-03-20,"How to write a cover letter , resume : LinkedIn boss shares tips",https://www.dailytelegraph.com.au/business/work/former-linkedin-hr-boss-shares-her-job-application-secrets/news-story/0b55ff340a459da7ef0d5616d5655c98?nk=28f63ad0515e27bf8d137da7de4d1107-1521572564,dailytelegraph.com.au,English,0.0,gdelt_gkg
NOW,2018-03-20,"Tech Today : A Micron Blowout ? Defending Facebook , Dumping Oracle",https://www.barrons.com/articles/tech-today-a-micron-blowout-defending-facebook-dumping-oracle-1521555990,barrons.com,English,0.0,gdelt_gkg
NOW,2018-03-20,Logicalis Recognized for Excellence in Managed IT Services,http://www.tmcnet.com/usubmit/2018/03/20/8721147.htm,tmcnet.com,English,0.0,gdelt_gkg
NOW,2018-03-20,"How to write a cover letter , resume : LinkedIn boss shares tips",http://www.heraldsun.com.au/business/work/former-linkedin-hr-boss-shares-her-job-application-secrets/news-story/0b55ff340a459da7ef0d5616d5655c98?nk=281b08b8379a24d549fbe978e22ab555-1521541087,heraldsun.com.au,English,0.0,gdelt_gkg
NOW,2018-03-20,"How to write a cover letter , resume : LinkedIn boss shares tips",https://www.dailytelegraph.com.au/business/work/former-linkedin-hr-boss-shares-her-job-application-secrets/news-story/0b55ff340a459da7ef0d5616d5655c98?nk=655114f7233f6cdb06f8391888315af1-1521514026,dailytelegraph.com.au,English,0.0,gdelt_gkg
NOW,2018-03-20,"How to write a cover letter , resume : LinkedIn boss shares tips",https://www.dailytelegraph.com.au/business/work/former-linkedin-hr-boss-shares-her-job-application-secrets/news-story/0b55ff340a459da7ef0d5616d5655c98?nk=28896e8033996c1c13a4f9493280a9ab-1521537468,dailytelegraph.com.au,English,0.0,gdelt_gkg
NOW,2018-03-20,"How to write a cover letter , resume : LinkedIn boss shares tips",https://www.dailytelegraph.com.au/business/work/former-linkedin-hr-boss-shares-her-job-application-secrets/news-story/0b55ff340a459da7ef0d5616d5655c98?nk=cabd501d47fff7bb8964ee663a844bba-1521507725,dailytelegraph.com.au,English,0.0,gdelt_gkg
NOW,2018-03-20,Former LinkedIn HR boss shares her job application secrets,http://www.nzherald.co.nz/business/news/article.cfm?c_id=3&objectid=12016473,nzherald.co.nz,English,0.0,gdelt_gkg
NOW,2018-03-20,Data # 3 teams up with Tenable as security practice expands,https://www.arnnet.com.au/article/634967/data-3-teams-up-tenable-security-practice-expands/,arnnet.com.au,English,0.0,gdelt_gkg
NOW,2018-03-20,"How to write a cover letter , resume : LinkedIn boss shares tips",http://www.themercury.com.au/business/work/former-linkedin-hr-boss-shares-her-job-application-secrets/news-story/0b55ff340a459da7ef0d5616d5655c98?nk=18b34f2af42e79f32e53babfb8d84eec-1521514972,themercury.com.au,English,0.0,gdelt_gkg
NOW,2018-03-20,Linkedin recruiter shares secret to job interview success,http://www.dailymail.co.uk/news/article-5520797/Linkedin-recruiter-shares-secret-job-interview-success.html,dailymail.co.uk,English,0.0,gdelt_gkg
NOW,2018-03-20,"How to write a cover letter , resume : LinkedIn boss shares tips",https://www.dailytelegraph.com.au/business/work/former-linkedin-hr-boss-shares-her-job-application-secrets/news-story/0b55ff340a459da7ef0d5616d5655c98?nk=9fe295b82353f6ce76ae3fd38033cb17-1521525755,dailytelegraph.com.au,English,0.0,gdelt_gkg
NOW,2018-03-20,3 Cloud King Stocks to Buy Now and Hold Forever,https://www.nasdaq.com/article/3-cloud-king-stocks-to-buy-now-and-hold-forever-cm936897,nasdaq.com,English,0.0,gdelt_gkg
NOW,2018-03-20,"How to write a cover letter , resume : LinkedIn boss shares tips",https://www.dailytelegraph.com.au/business/work/former-linkedin-hr-boss-shares-her-job-application-secrets/news-story/0b55ff340a459da7ef0d5616d5655c98?nk=9aa53d533fa1816d3d244449e684b8ae-1521527514,dailytelegraph.com.au,English,0.0,gdelt_gkg
NOW,2018-03-20,ServiceNow ( NOW ) Given Buy Rating at Robert W . Baird,https://www.dailypolitical.com/2018/03/19/servicenow-now-given-buy-rating-at-robert-w-baird.html,dailypolitical.com,English,0.0,gdelt_gkg
NOW,2018-03-20,"How to write a cover letter , resume : LinkedIn boss shares tips",https://www.dailytelegraph.com.au/business/work/former-linkedin-hr-boss-shares-her-job-application-secrets/news-story/0b55ff340a459da7ef0d5616d5655c98?nk=c0b81b8c7407951716fe18a2908d6fdf-1521515802,dailytelegraph.com.au,English,0.0,gdelt_gkg
NOW,2018-03-20,"How to write a cover letter , resume : LinkedIn boss shares tips",https://www.dailytelegraph.com.au/business/work/former-linkedin-hr-boss-shares-her-job-application-secrets/news-story/0b55ff340a459da7ef0d5616d5655c98?nk=7be78d379ebb219a6059e6e42cca56b1-1521538401,dailytelegraph.com.au,English,0.0,gdelt_gkg
NOW,2018-03-20,"How to write a cover letter , resume : LinkedIn boss shares tips",http://www.geelongadvertiser.com.au/business/work/former-linkedin-hr-boss-shares-her-job-application-secrets/news-story/0b55ff340a459da7ef0d5616d5655c98?nk=0bef5b9adb01c706bee6e3a9449ededc-1521519421,geelongadvertiser.com.au,English,0.0,gdelt_gkg
NOW,2018-03-20,"How to write a cover letter , resume : LinkedIn boss shares tips",http://www.geelongadvertiser.com.au/business/work/former-linkedin-hr-boss-shares-her-job-application-secrets/news-story/0b55ff340a459da7ef0d5616d5655c98?nk=8afd370f6c96417ca936c5364bb62972-1521519442,geelongadvertiser.com.au,English,0.0,gdelt_gkg
NOW,2018-03-21,Investors Sell Shares of ServiceNow ( NOW ) on Strength ( NOW ) ,https://www.tickerreport.com/banking-finance/3286089/investors-sell-shares-of-servicenow-now-on-strength-now.html,tickerreport.com,English,0.0,gdelt_gkg
NOW,2018-03-21,Bob Bailkoski appointed Logicalis Chief Operating Officer,http://menafn.com/1096630126/Bob-Bailkoski-appointed-Logicalis-Chief-Operating-Officer,menafn.com,English,0.0,gdelt_gkg
NOW,2018-03-21,Accruent,http://www.4-traders.com/news/Accruent-Acquires-Connectiv-Expands-Healthcare-Technology-Management-Leadership--26202945/,4-traders.com,English,0.0,gdelt_gkg
NOW,2018-03-21,"Riverbed launches Digital Performance Platform and new brand identity , delivering greater customer value and growth opportunities in US$30 billion+ market - Business Intelligence Middle East - bi - me . com",http://www.bi-me.com/main.php?id=75123&t=1,bi-me.com,English,0.0,gdelt_gkg
NOW,2018-03-21,"CSRA & General Dynamics Revise Merger Deal , Ups Offer Price",https://www.nasdaq.com/article/csra-general-dynamics-revise-merger-deal-ups-offer-price-cm937597,nasdaq.com,English,0.0,gdelt_gkg
NOW,2018-03-21,Back On Track : IT Operations And The Analytics Advantage,https://www.forbes.com/sites/forbestechcouncil/2018/03/21/back-on-track-it-operations-and-the-analytics-advantage/,forbes.com,English,0.0,gdelt_gkg
NOW,2018-03-21,Slack and Workday team up to bring HR tools into the Slack platform,http://www.zdnet.com/article/slack-and-workday-team-up-to-bring-hr-tools-into-the-slack-platform/,zdnet.com,English,0.0,gdelt_gkg
NOW,2018-03-21,"Meet SAMI , a chatbot for the business",https://www.cbronline.com/feature/meet-sami-chatbot-business,cbronline.com,English,0.0,gdelt_gkg
NOW,2018-03-21,Careworx raises $17 million to help senior care centres track health records,https://betakit.com/careworx-raises-17-million-to-provide-help-senior-care-centres-track-health-records/,betakit.com,English,0.0,gdelt_gkg
NOW,2018-03-21,Cramer : These 7 things must happen for the market to get back on track,http://www.msn.com/en-us/money/markets/cramer-these-7-things-must-happen-for-the-market-to-get-back-on-track/ar-BBKu8Qo,msn.com,English,0.0,gdelt_gkg
NOW,2018-03-21,"ServiceNow Inc ( NOW ) Director Frederic B . Luddy Sells 32 , 500 Shares",https://stocknewstimes.com/2018/03/20/insider-selling-servicenow-inc-now-director-sells-32500-shares-of-stock.html,stocknewstimes.com,English,0.0,gdelt_gkg
NOW,2018-03-21,Bob Bailkoski appointed Logicalis Chief Operating Officer,https://www.realwire.com/releases/Bob-Bailkoski-appointed-Logicalis-Chief-Operating-Officer,realwire.com,English,0.0,gdelt_gkg
NOW,2018-03-21,CareWorx Raises $17M in Private Equity Financing,http://www.finsmes.com/2018/03/careworx-raises-17m-in-private-equity-financing.html,finsmes.com,English,0.0,gdelt_gkg
NOW,2018-03-21,ServiceNow Inc ( NOW ) Expected to Announce Earnings of $0 . 36 Per Share,https://weekherald.com/2018/03/21/servicenow-inc-now-expected-to-announce-earnings-of-0-36-per-share.html,weekherald.com,English,0.0,gdelt_gkg
NOW,2018-03-21,"ServiceNow ( NOW ) Receiving Somewhat Favorable Media Coverage , Analysis Shows",https://www.dailypolitical.com/2018/03/20/servicenow-now-receiving-somewhat-favorable-media-coverage-analysis-shows.html,dailypolitical.com,English,0.0,gdelt_gkg
NOW,2018-03-21,Logicalis Recognized for Excellence in Managed IT Services,http://menafn.com/1096627902/Logicalis-Recognized-for-Excellence-in-Managed-IT-Services,menafn.com,English,0.0,gdelt_gkg
NOW,2018-03-21,"Pennsylvania Trust Co Increases Position in Amazon . com , Inc",http://iphonefresh.com/2018/03/20/pennsylvania-trust-co-increases-position-in-amazon-com-inc.html,iphonefresh.com,English,0.0,gdelt_gkg
NOW,2018-03-21,"TechRecur : Latest Telecom Media & Technology News , Trends , Analysis , Press Releases",http://www.techrecur.com/bob-bailkoski-appointed-logicalis-chief-operating-officer/,techrecur.com,English,0.0,gdelt_gkg
NOW,2018-03-21,Geschäftsjahr 2017 : Devoteam übertrifft die Erwartungen,http://www.echo-online.de/wirtschaft/wirtschaft-suedhessen/geschaeftsjahr-2017-devoteam-uebertrifft-die-erwartungen_18606395.htm,echo-online.de,German,0.0,gdelt_gkg
NOW,2018-03-22,Vanguard Extended Market ETF Experiences Big Outflow,https://www.nasdaq.com/article/vanguard-extended-market-etf-experiences-big-outflow-cm938346,nasdaq.com,English,0.0,gdelt_gkg
NOW,2018-03-22,Has Dropbox Already Peaked ? Or Does This Unicorn Have More to Run ? ,https://www.barrons.com/articles/has-dropbox-already-peaked-or-does-this-unicorn-have-more-to-run-1521748989,barrons.com,English,0.0,gdelt_gkg
NOW,2018-03-22,Software Asset Management Market to Set Phenomenal Growth from 2018 to 2022,http://menafn.com/1096631061/Software-Asset-Management-Market-to-Set-Phenomenal-Growth-from-2018-to-2022,menafn.com,English,0.0,gdelt_gkg
NOW,2018-03-22,IT News Online - PR Newswire,http://www.itnewsonline.com/prnewswire/Software-asset-management-market-is-expected-to-grow-at-a-CAGR-of-14.8Percent/585768,itnewsonline.com,English,0.0,gdelt_gkg
NOW,2018-03-22,Software asset management market is expected to grow at a CAGR of 14 . 8 % ,http://www.tmcnet.com/usubmit/2018/03/22/8722717.htm,tmcnet.com,English,0.0,gdelt_gkg
NOW,2018-03-22,Software asset management market is expected to grow at a CAGR of 14 . 8 % ,https://www.marketwatch.com/story/software-asset-management-market-is-expected-to-grow-at-a-cagr-of-148-2018-03-22,marketwatch.com,English,0.0,gdelt_gkg
NOW,2018-03-22,Software asset management market is expected to grow at a CAGR of 14 . 8 % ,https://www.prnewswire.com/news-releases/software-asset-management-market-is-expected-to-grow-at-a-cagr-of-148-300618299.html,prnewswire.com,English,0.0,gdelt_gkg
NOW,2018-03-22,Hazleton Area game postponed ; PIAA shifts championships,http://wisdomsave.com/2018/03/21/hazleton-area-game-postponed-piaa-shifts-championships.html,wisdomsave.com,English,0.0,gdelt_gkg
NOW,2018-03-22,IT News Online,http://www.itnewsonline.com/news/VMware-Announces-New-Innovations-to-its-Workspace-ONE-Platform/7/10/3,itnewsonline.com,English,0.0,gdelt_gkg
NOW,2018-03-22,DWP looks for help from supplier digital teams for its Children Platform,http://central-government.governmentcomputing.com/news/dwp-looks-for-help-from-suppliers-digital-teams-for-its-childrens-platform-6091833,central-government.governmentcomputing.com,English,0.0,gdelt_gkg
NOW,2018-03-23,IT Operations and Service Management ( ITOSM ) Market Size and Share 2016 - 2024 : Valuation to Reach over US $30 . 96 Bn by the End of 2024,http://www.ssuchronicle.com/2018/03/23/it-operations-and-service-management-itosm-market-size-and-share-2016-2024-valuation-to-reach-over-us-30-96-bn-by-the-end-of-2024/,ssuchronicle.com,English,0.0,gdelt_gkg
NOW,2018-03-23,Unlocking Enterprise systems using voice,http://www.itnewsafrica.com/2018/03/unlocking-enterprise-systems-using-voice/,itnewsafrica.com,English,0.0,gdelt_gkg
NOW,2018-03-23,Fortinet Expands its Fabric - Ready Partners to Advance Security Visibility |,http://technuter.com/security/fortinet-expands-its-fabric-ready-partners-to-advance-security-visibility.html,technuter.com,English,0.0,gdelt_gkg
NOW,2018-03-23,Gadget ; Voice changes the game,http://www.gadget.co.za/voice-changes-the-game/,gadget.co.za,English,0.0,gdelt_gkg
NOW,2018-03-23,"Symantec Sheila Jordan :  You have to detect , discover and respond fast  ",https://www.siliconrepublic.com/enterprise/symantec-sheila-jordan-cio,siliconrepublic.com,English,0.0,gdelt_gkg
NOW,2018-03-23,Billion Dollar Unicorns : Will Medallia Help Consolidate ? ,http://www.sramanamitra.com/2018/03/23/billion-dollar-unicorns-will-medallia-help-consolidate/,sramanamitra.com,English,0.0,gdelt_gkg
NOW,2018-03-23,"Year Biggest IPO iQiyi , Adobe , Red Hat , Lululemon : Investing Action Plan",https://www.investors.com/research/investing-action-plan/biggest-ipo-iqiyi-adobe-redhat-lululemon-report-earnings/,investors.com,English,0.0,gdelt_gkg
NOW,2018-03-23,Pinarayi opens city first mall Latest News - NewsNow . in,http://www.newsnow.in/news/pinarayi-opens-city-s-first-mall,newsnow.in,English,0.0,gdelt_gkg
NOW,2018-03-23,DropBox Inc . Soars on Its IPO Debut,https://www.nasdaq.com/article/dropbox-inc-soars-on-its-ipo-debut-cm939257,nasdaq.com,English,0.0,gdelt_gkg
NOW,2018-03-23,North America Workflow Orchestration Market Analysis 2017 - 2023,http://www.4-traders.com/news/North-America-Workflow-Orchestration-Market-Analysis-2017-2023-ResearchAndMarkets-com--26218056/,4-traders.com,English,0.0,gdelt_gkg
NOW,2018-03-24,Cloud Software Stocks Rise on M & A Hopes,https://www.barrons.com/articles/cloud-software-stocks-rise-on-m-a-hopes-1521852153,barrons.com,English,0.0,gdelt_gkg
NOW,2018-03-24,Cloud Software Stocks Rise on M & A Hopes,https://www.msn.com/en-us/finance/savingandinvesting/cloud-software-stocks-rise-on-m-26a-hopes/ar-BBKCVXQ,msn.com,English,0.0,gdelt_gkg
NOW,2018-03-24,India putting regional peace at stake : Pakistani President,http://alironbilbao.com/2018/03/india-putting-regional-peace-at-stake-pakistani-president/,alironbilbao.com,English,0.0,gdelt_gkg
NOW,2018-03-25,Albanian Becomes the Second Official Language in Macedonia,http://clicklancashire.com/2018/03/25/albanian-becomes-the-second-official-language-in-macedonia.html,clicklancashire.com,English,0.0,gdelt_gkg
NOW,2018-03-25,"Globalstar ( GSAT ) Shareholder Steelhead Partners Boosted Its Stake ; As Sohu Com ( SOHU ) Stock Price Rose , Shareholder Fosun International LTD Has Decreased Position",https://kgazette.com/globalstar-gsat-shareholder-steelhead-partners-boosted-its-stake-as-sohu-com-sohu-stock-price-rose-shareholder-fosun-international-ltd-has-decreased-position/,kgazette.com,English,0.0,gdelt_gkg
NOW,2018-03-25,ServiceNow ( NOW ) Given Daily News Sentiment Score of 0 . 19,https://www.tickerreport.com/banking-finance/3297548/servicenow-now-given-daily-news-sentiment-score-of-0-19.html,tickerreport.com,English,0.0,gdelt_gkg
NOW,2018-03-25,Somewhat Favorable News Coverage Somewhat Unlikely to Affect ServiceNow ( NOW ) Stock Price,https://www.dailypolitical.com/2018/03/24/somewhat-favorable-news-coverage-somewhat-unlikely-to-affect-servicenow-now-stock-price.html,dailypolitical.com,English,0.0,gdelt_gkg
NOW,2018-03-26,"Fears Of A Trade War With China , FaceBook Troubles , Derail The Bulls On Wall Street ; Cloud Software Stocks Rise On M & A Hopes",https://fortunascorner.com/2018/03/25/fears-trade-war-china-facebooks-troubles-derail-bulls-wall-street-cloud-software-stocks-rise-ma-hopes/,fortunascorner.com,English,0.0,gdelt_gkg
NOW,2018-03-26,The NOW Paradox : Analysts Bullish But Forecast - 2 . 03 % Fall,https://www.nasdaq.com/article/the-now-paradox-analysts-bullish-but-forecast-203-fall-cm939651,nasdaq.com,English,0.0,gdelt_gkg
NOW,2018-03-26,Can Google Take On Microsoft and Amazon in This High - Growth Business ? ,https://www.fool.com/investing/2018/03/26/can-google-take-on-microsoft-and-amazon-in-this-hi.aspx,fool.com,English,0.0,gdelt_gkg
NOW,2018-03-27,Sure announce Eirteic as solutions partner to enable their transformation and deliver customer and service focus,https://www.totaltele.com/499726/Sure-announce-Eirteic-as-solutions-partner-to-enable-their-transformation-and-deliver-customer-and-service-focus,totaltele.com,English,0.0,gdelt_gkg
NOW,2018-03-27,"CIO100 2018 # 31 - 100 : Richard Kay , New Zealand Trade and Enterprise - leadership , strategy , connectivity , government CIO , nzte , global cio , CIO100 , Richard Kay - CIO 100",https://www.cio.co.nz/article/635068/cio100-2018-31-100-richard-kay-new-zealand-trade-enterprise/,cio.co.nz,English,0.0,gdelt_gkg
NOW,2018-03-27,Barbara Corcoran to Deliver Opening Keynote at Customer Contact Week,http://forimmediaterelease.net/barbara-corcoran-to-deliver-opening-keynote-at-customer-contact-week-198078/,forimmediaterelease.net,English,0.0,gdelt_gkg
NOW,2018-03-27,Kloudless Raises $6M in Series A Funding,http://www.finsmes.com/2018/03/kloudless-raises-6m-in-series-a-funding.html,finsmes.com,English,0.0,gdelt_gkg
NOW,2018-03-27,Global Workflow Orchestration Market Analysis 2017 - 2023 : Market is Expected to Surpass $50 Billion,http://www.4-traders.com/news/Global-Workflow-Orchestration-Market-Analysis-2017-2023-Market-is-Expected-to-Surpass-50-Billion--26237239/,4-traders.com,English,0.0,gdelt_gkg
NOW,2018-03-27,ServiceNow Receives a Rating Update from a Top Analyst,http://www.analystratings.com/articles/servicenow-receives-a-rating-update-from-a-top-analyst/,analystratings.com,English,0.0,gdelt_gkg
NOW,2018-03-27,"Tech Stocks Have Gotten Pricier , But It Okay , Says Bernstein",https://www.barrons.com/articles/tech-stocks-have-gotten-pricier-but-its-okay-says-bernstein-1522103352,barrons.com,English,0.0,gdelt_gkg
NOW,2018-03-27,"Global Datacenter Automation Software Market to grow from $3 . 16 billion in 2014 to $7 . 53 billion by 2019 , at a Compound Annual Growth Rate ( CAGR ) of 18 . 9 – MilTech",https://www.military-technologies.net/2018/03/27/global-datacenter-automation-software-market-to-grow-from-3-16-billion-in-2014-to-7-53-billion-by-2019-at-a-compound-annual-growth-rate-cagr-of-18-9/,military-technologies.net,English,0.0,gdelt_gkg
NOW,2018-03-27,"Mar 26 , 2018 - Tiger Global Management LLC Buys Facebook Inc , Autodesk Inc , Alphabet Inc , Sells Booking Holdings Inc , Amazon . com Inc , TransDigm Group Inc",https://www.gurufocus.com/news/656514/tiger-global-management-llc-buys-facebook-inc-autodesk-inc-alphabet-inc-sells-booking-holdings-inc-amazoncom-inc-transdigm-group-inc,gurufocus.com,English,0.0,gdelt_gkg
NOW,2018-03-27,MariaDB Bolsters Analytics Capabilities Through MammothDB Acquisition,http://www.tmcnet.com/usubmit/-mariadb-bolsters-analytics-capabilities-through-mammothdb-acquisition-/2018/03/27/8724590.htm,tmcnet.com,English,0.0,gdelt_gkg
NOW,2018-03-27,Preparing and surviving the inevitable security breach |,https://www.enterpriseinnovation.net/article/preparing-and-surviving-inevitable-security-breach-244998199,enterpriseinnovation.net,English,0.0,gdelt_gkg
NOW,2018-03-28,Amazon ready to handle the government classified data,https://www.computerworld.com.au/article/635486/amazon-ready-handle-government-classified-data/,computerworld.com.au,English,0.0,gdelt_gkg
NOW,2018-03-28,Ensuring Application Performance at ServiceNow : CSO Case Study,https://resources.csoonline.com/ccd/assets/150353/detail,resources.csoonline.com,English,0.0,gdelt_gkg
NOW,2018-03-28,8 Work Coordination Platforms That Should Be On Your Radar,https://www.cmswire.com/digital-workplace/8-work-coordination-platforms-you-need-to-know/,cmswire.com,English,0.0,gdelt_gkg
NOW,2018-03-28,"Praca Experienced Lead Supporter , Gdansk - oferty pracy Gdańsk","http://www.praca.egospodarka.pl/oferty-pracy/gdansk/experienced-lead-supporter-gdansk,65449343.html",praca.egospodarka.pl,English,0.0,gdelt_gkg
NOW,2018-03-28,Rewiring Security for the New Connected Era |,https://www.enterpriseinnovation.net/article/rewiring-security-new-connected-era-143700836,enterpriseinnovation.net,English,0.0,gdelt_gkg
NOW,2018-03-28,MariaDB Bolsters Analytics Capabilities Through MammothDB Acquisition,https://www.cnbc.com/2018/03/27/globe-newswire-mariadb-bolsters-analytics-capabilities-through-mammothdb-acquisition.html,cnbc.com,English,0.0,gdelt_gkg
NOW,2018-03-29,"If the FAANGs have got you down , it time to win with the WNSSS stocks",https://www.marketwatch.com/story/if-the-faangs-have-got-you-down-its-time-to-win-with-the-wnsss-stocks-2018-03-29,marketwatch.com,English,0.0,gdelt_gkg
NOW,2018-03-29,4th Source Announces Accelerated Expansion in IT Centers of Excellence to Meet Industry Demand in Healthcare,http://www.prweb.com/releases/2018/03/prweb15371740.htm,prweb.com,English,0.0,gdelt_gkg
NOW,2018-03-29,От 5 до 13 лет с конфискацией . Прокурор запросил сроки для гомельских таможенников,http://belaruspartisan.by/life/420298/,belaruspartisan.by,Russian,0.0,gdelt_gkg
NOW,2018-03-29,"  The correction has likely run its course , says Wall Street veteran",https://www.marketwatch.com/story/the-correction-has-likely-run-its-course-says-wall-street-veteran-2018-03-29-910308,marketwatch.com,English,0.0,gdelt_gkg
NOW,2018-03-29,"Europe Workflow Orchestration ( Data Center Orchestration , Cloud Orchestration , Network Management , Business Process Orchestration ) Market Analysis 2017 - 2023",http://www.4-traders.com/news/Europe-Workflow-Orchestration-Data-Center-Orchestration-Cloud-Orchestration-Network-Management-B--26253148/,4-traders.com,English,0.0,gdelt_gkg
NOW,2018-03-29,AstraZeneca IT exec steps down,http://www.computerweekly.com/news/252437830/AstraZeneca-IT-exec-steps-down,computerweekly.com,English,0.0,gdelt_gkg
NOW,2018-03-29,Chat Apps Are Only One Part of the Bigger Collaboration Picture,https://www.cmswire.com/digital-workplace/chat-apps-are-only-one-part-of-the-bigger-collaboration-picture/,cmswire.com,English,0.0,gdelt_gkg
NOW,2018-03-29,Roundtable Recap : March 29 - Hairy Issues for Women in Technology,http://www.sramanamitra.com/2018/03/29/roundtable-recap-march-29-hairy-issues-for-women-in-technology/,sramanamitra.com,English,0.0,gdelt_gkg
NOW,2018-03-29,5 Stock Picks to Outperform FAANGs,https://www.investopedia.com/news/5-stock-picks-outperform-faangs/,investopedia.com,English,0.0,gdelt_gkg
NOW,2018-03-30,Spoke Takes Internal Ticketing Systems to New Level Using AI,http://www.eweek.com/enterprise-apps/spoke-takes-internal-ticketing-systems-to-new-level-using-ai,eweek.com,English,0.0,gdelt_gkg
NOW,2018-03-30,Spoke Takes Internal Ticketing Systems to New Level Using AI,http://www.eweek.com/big-data-and-analytics/spoke-takes-internal-ticketing-systems-to-new-level-using-ai,eweek.com,English,0.0,gdelt_gkg
NOW,2018-03-30,Spoke Takes Internal Ticketing Systems to New Level Using AI,http://www.eweek.com/cloud/spoke-takes-internal-ticketing-systems-to-new-level-using-ai,eweek.com,English,0.0,gdelt_gkg
NOW,2018-03-30,Spoke Takes Internal Ticketing Systems to New Level Using AI,http://www.eweek.com/innovation/spoke-takes-internal-ticketing-systems-to-new-level-using-ai,eweek.com,English,0.0,gdelt_gkg
NOW,2018-03-31,"Millennium Management LLC Sells 425 , 481 Shares of ServiceNow Inc ( NOW ) ",https://www.dailypolitical.com/2018/03/31/millennium-management-llc-sells-425481-shares-of-servicenow-inc-now.html,dailypolitical.com,English,0.0,gdelt_gkg
NOW,2018-04-01,"ServiceNow , Inc . ( NOW ) Analysts See $ - 0 . 07 EPS ; DSV A / S ORDINARY SHARES DENMARK ( DSDVF ) Shorts Lowered By 6 . 06 % ",https://flintdaily.com/servicenow-inc-now-analysts-see-0-07-eps-dsv-as-ordinary-shares-denmark-dsdvf-shorts-lowered-by-6-06/,flintdaily.com,English,0.0,gdelt_gkg
NOW,2018-07-06,What Next For These 6 Top Performing Tech Stocks ? ,https://www.forbes.com/sites/moneyshow/2018/07/06/whats-next-for-these-6-top-performing-tech-stocks/,forbes.com,English,0.0,gdelt_gkg
NOW,2018-07-06,"Online Project Management Software Market Expected to Reach US$ 6 . 68 Bn by 2026 , oBSERVES tmr",https://www.openpr.com/news/1114532/Online-Project-Management-Software-Market-Expected-to-Reach-US-6-68-Bn-by-2026-oBSERVES-tmr.html,openpr.com,English,0.0,gdelt_gkg
NOW,2018-07-07,ManageEngine : Product Overview and Insight,http://www.eweek.com/networking/manageengine-product-overview-and-insight,eweek.com,English,0.0,gdelt_gkg
NOW,2018-07-07,ManageEngine : Product Overview and Insight,http://www.eweek.com/big-data-and-analytics/manageengine-product-overview-and-insight,eweek.com,English,0.0,gdelt_gkg
NOW,2018-07-07,ManageEngine : Product Overview and Insight,http://www.eweek.com/it-management/manageengine-product-overview-and-insight,eweek.com,English,0.0,gdelt_gkg
NOW,2018-07-09,"A former Facebook moderator says she had to review 8 , 000 posts a day , and it made her numb to child porn",https://www.middletownpress.com/technology/businessinsider/article/A-former-Facebook-moderator-says-she-had-to-13059191.php,middletownpress.com,English,0.0,gdelt_gkg
NOW,2018-07-09,"A former Facebook moderator says she had to review 8 , 000 posts a day , and it made her numb to child porn",https://www.greenwichtime.com/technology/businessinsider/article/A-former-Facebook-moderator-says-she-had-to-13059191.php,greenwichtime.com,English,0.0,gdelt_gkg
NOW,2018-07-09,Billion Dollar Unicorns : Nutanix Focuses on Software,https://www.sramanamitra.com/2018/07/09/billion-dollar-unicorns-nutanix-focuses-on-software/,sramanamitra.com,English,0.0,gdelt_gkg
NOW,2018-07-09,Tiled Raises $1 . 5 Million to Launch Sales and Marketing Efforts for Their Content Experience Platform,https://www.prnewswire.com/news-releases/tiled-raises-1-5-million-to-launch-sales-and-marketing-efforts-for-their-content-experience-platform-300677855.html,prnewswire.com,English,0.0,gdelt_gkg
NOW,2018-07-09,Tiled Raises $1 . 5 Million to Launch Sales and Marketing Efforts for Their Content Experience Platform,https://www.marketwatch.com/story/tiled-raises-15-million-to-launch-sales-and-marketing-efforts-for-their-content-experience-platform-2018-07-09,marketwatch.com,English,0.0,gdelt_gkg
NOW,2018-07-09,Carahsoft to Distribute Qualys Gov Platform and Its Integrated Security and Compliance Offerings to Federal Agencies,https://www.tmcnet.com/usubmit/2018/07/09/8783303.htm,tmcnet.com,English,0.0,gdelt_gkg
NOW,2018-07-09,"A former Facebook moderator says she had to review 8 , 000 posts a day , and it made her numb to child porn",https://www.businessinsider.in/A-former-Facebook-moderator-says-she-had-to-review-8000-posts-a-day-and-it-made-her-numb-to-child-porn/articleshow/64915612.cms,businessinsider.in,English,0.0,gdelt_gkg
NOW,2018-07-09,Carahsoft to Distribute Qualys Gov Platform and Its Integrated Security and Compliance Offerings to Federal Agencies,https://www.marketwatch.com/story/carahsoft-to-distribute-qualys-gov-platform-and-its-integrated-security-and-compliance-offerings-to-federal-agencies-2018-07-09,marketwatch.com,English,0.0,gdelt_gkg
NOW,2018-07-09,"A former Facebook moderator says she had to review 8 , 000 posts a day , and it made her numb to child porn",https://www.registercitizen.com/technology/businessinsider/article/A-former-Facebook-moderator-says-she-had-to-13059191.php,registercitizen.com,English,0.0,gdelt_gkg
NOW,2018-07-09,"A former Facebook moderator says she had to review 8 , 000 posts a day , and it made her numb to child porn",https://www.businessinsider.com.au/sarah-katz-what-like-to-work-as-a-facebook-moderator-2018-7,businessinsider.com.au,English,0.0,gdelt_gkg
NOW,2018-07-09,Carahsoft to Distribute Qualys Gov Platform and Its Integrated Security and Compliance Offerings to Federal Agencies,https://www.prnewswire.com/news-releases/carahsoft-to-distribute-qualys-gov-platform-and-its-integrated-security-and-compliance-offerings-to-federal-agencies-300676221.html,prnewswire.com,English,0.0,gdelt_gkg
NOW,2018-07-09,"A former Facebook moderator says she had to review 8 , 000 posts a day , and it made her numb to child porn",https://www.stamfordadvocate.com/technology/businessinsider/article/A-former-Facebook-moderator-says-she-had-to-13059191.php,stamfordadvocate.com,English,0.0,gdelt_gkg
NOW,2018-07-09,"A former Facebook moderator says she had to review 8 , 000 posts a day , and it made her numb to child porn",https://www.nhregister.com/technology/businessinsider/article/A-former-Facebook-moderator-says-she-had-to-13059191.php,nhregister.com,English,0.0,gdelt_gkg
NOW,2018-07-09,Enhance efficiency by automating IT services,https://www.computerweekly.com/news/252444382/Enhance-efficiency-by-automating-IT-services,computerweekly.com,English,0.0,gdelt_gkg
NOW,2018-07-09,Sarah Katz : What it like to work as a Facebook moderator,http://www.businessinsider.com/sarah-katz-what-like-to-work-as-a-facebook-moderator-2018-7,businessinsider.com,English,0.0,gdelt_gkg
NOW,2018-07-09,Microsoft slows Dynamics 365 update cadence • The Register,http://www.theregister.co.uk/2018/07/09/microsoft_slows_dynamics_365_update_cadence/,theregister.co.uk,English,0.0,gdelt_gkg
NOW,2018-07-09,Microsoft slows Dynamics 365 update cadence • The Register,https://www.theregister.co.uk/2018/07/09/microsoft_slows_dynamics_365_update_cadence/,theregister.co.uk,English,0.0,gdelt_gkg
NOW,2018-07-09,"A former Facebook moderator says she had to review 8 , 000 posts a day , and it made her numb to child porn",https://www.newstimes.com/technology/businessinsider/article/A-former-Facebook-moderator-says-she-had-to-13059191.php,newstimes.com,English,0.0,gdelt_gkg
NOW,2018-07-09,Logicalis united kingdom Publishes Independent Report On Wales PSN Consortium,http://websphere.sys-con.com/node/2359838,websphere.sys-con.com,English,0.0,gdelt_gkg
NOW,2018-07-10,ServiceChannel Facilities Management App Now Certified in the ServiceNow Store,https://www.prnewswire.com/news-releases/servicechannel-facilities-management-app-now-certified-in-the-servicenow-store-300678127.html,prnewswire.com,English,0.0,gdelt_gkg
NOW,2018-07-10,"Charting a bullish Q3 start , S & P 500 challenges major resistance",https://www.marketwatch.com/story/charting-a-bullish-q3-start-sp-500-challenges-major-resistance-2018-07-10,marketwatch.com,English,0.0,gdelt_gkg
NOW,2018-07-10,2013 Dallas CIO Executive Leadership Summit : Faster Markets and New Technologies Put Pressure on IT to Deliver Value to the Business,http://bigdata.sys-con.com/node/2608772,bigdata.sys-con.com,English,0.0,gdelt_gkg
NOW,2018-07-10,Carahsoft Named Channel Reseller of the Year by DocuSign,https://www.tmcnet.com/usubmit/2018/07/10/8784276.htm,tmcnet.com,English,0.0,gdelt_gkg
NOW,2018-07-10,Carahsoft Named Channel Reseller of the Year by DocuSign,http://www.financialbuzz.com/carahsoft-named-channel-reseller-of-the-year-by-docusign-1137889,financialbuzz.com,English,0.0,gdelt_gkg
NOW,2018-07-10,CIOs or line of business leaders - Who leads digital transformation ? - Business Intelligence Middle East - bi - me . com,http://www.bi-me.com/main.php?id=75804&t=1,bi-me.com,English,0.0,gdelt_gkg
NOW,2018-07-10,ServiceNow Cloud Service Provider for Enterprises Integrates SignNow s award - winning e - signature Solution,https://www.ssuchronicle.com/2018/07/10/servicenow-cloud-service-provider-for-enterprises-integrates-signnows-award-winning-e-signature-solution/,ssuchronicle.com,English,0.0,gdelt_gkg
NOW,2018-07-10,ServiceNow Cloud Service Provider for Enterprises Integrates SignNow award - winning e - signature Solution,http://www.prweb.com/releases/2018/07/prweb15613201.htm,prweb.com,English,0.0,gdelt_gkg
NOW,2018-07-10,Flex strengthens supply chain with IAM,https://www.cio.com/article/3286805/identity-management/flex-strengthens-supply-chain-with-iam.html,cio.com,English,0.0,gdelt_gkg
NOW,2018-07-10,"Human Resource Management ( HRM ) Market Size , Share & Trend Analysis Report By Software , By Service , By Deployment ( Hosted , On - premise ), By Enterprise Size By End Use , And Segment Forecasts , 2018 - 2023",https://www.openpr.com/news/1117394/Human-Resource-Management-HRM-Market-Size-Share-Trend-Analysis-Report-By-Software-By-Service-By-Deployment-Hosted-On-premise-By-Enterprise-Size-By-End-Use-And-Segment-Forecasts-2018-2023.html,openpr.com,English,0.0,gdelt_gkg
NOW,2018-07-10,3 Big Credit Card Trends and How to Make the Most of Them,https://finance.yahoo.com/news/3-big-credit-card-trends-144706989.html,finance.yahoo.com,English,0.0,gdelt_gkg
NOW,2018-07-10,3 Big Credit Card Trends and How to Make the Most of Them,https://www.fool.com/investing/2018/07/10/3-big-credit-card-trends-and-how-to-make-the-most.aspx?source=iedfolrf0000001,fool.com,English,0.0,gdelt_gkg
NOW,2018-07-11,Global Field Service Management Market to grow at a CAGR of +13 % during forecast period 2017 - 2021,https://www.openpr.com/news/1121246/Global-Field-Service-Management-Market-to-grow-at-a-CAGR-of-13-during-forecast-period-2017-2021.html,openpr.com,English,0.0,gdelt_gkg
NOW,2018-07-11,"Infosec defender supply chain is inferior to black hats , says Carbon Black CEO • The Register",https://www.theregister.co.uk/2018/07/11/carbon_black_ceo_patrick_morley_interview/,theregister.co.uk,English,0.0,gdelt_gkg
NOW,2018-07-11,IT Service Management ( ITSM ) Software Market 2018 - 2023 Huge Growth Opportunities with Latest Trends and Emerging Technology by Industry Expert,https://www.openpr.com/news/1119090/IT-Service-Management-ITSM-Software-Market-2018-2023-Huge-Growth-Opportunities-with-Latest-Trends-and-Emerging-Technology-by-Industry-Expert.html,openpr.com,English,0.0,gdelt_gkg
NOW,2018-07-11,Logicalis Ranks in Top 10 Among Top Managed Services Providers in the World,https://www.marketwatch.com/press-release/logicalis-ranks-in-top-10-among-top-managed-services-providers-in-the-world-2018-07-11,marketwatch.com,English,0.0,gdelt_gkg
NOW,2018-07-11,Logicalis,http://www.4-traders.com/news/Logicalis-Ranks-in-Top-10-Among-Top-Managed-Services-Providers-in-the-World--26911178/,4-traders.com,English,0.0,gdelt_gkg
NOW,2018-07-11,Logicalis Ranks in Top 10 Among Top Managed Services Providers in the World,https://www.tmcnet.com/usubmit/2018/07/11/8785224.htm,tmcnet.com,English,0.0,gdelt_gkg
NOW,2018-07-11,IT Operations Is the Most Predictable DevOps Differentiator Says Damon Edwards at DOES18 London,https://www.infoq.com/news/2018/07/devops-differentiator-edwards,infoq.com,English,0.0,gdelt_gkg
NOW,2018-07-11,Nutanix : Should Be Valued As A Software - Only Model - Nutanix ( NASDAQ : NTNX ) ,https://seekingalpha.com/article/4186643-nutanix-valued-software-model,seekingalpha.com,English,0.0,gdelt_gkg
NOW,2018-07-11,"Performance Analytics Market 2022 Outlook , Global Vendor Analysis - Xactly Corporation , Optymyze , ServiceNow , Callidus Software , Nice Systems , Quantros , Tidemark Systems , Prophix Software , Tagetik Software SRL",https://www.openpr.com/news/1119097/Performance-Analytics-Market-2022-Outlook-Global-Vendor-Analysis-Xactly-Corporation-Optymyze-ServiceNow-Callidus-Software-Nice-Systems-Quantros-Tidemark-Systems-Prophix-Software-Tagetik-Software-SRL.html,openpr.com,English,0.0,gdelt_gkg
NOW,2018-07-11,"Coffee Market 2018 Overview , Industry Update , Global Outlook to 2025 - Lavassa , Maxwell House , Melitta",https://www.openpr.com/news/1119099/Coffee-Market-2018-Overview-Industry-Update-Global-Outlook-to-2025-Lavassa-Maxwell-House-Melitta.html,openpr.com,English,0.0,gdelt_gkg
NOW,2018-07-11,"Peer - to - Peer Lending Market 2018 Overview , Industry Update , Global Outlook to 2025 - Funding Circle , Pave , SoFi",https://www.openpr.com/news/1119094/Peer-to-Peer-Lending-Market-2018-Overview-Industry-Update-Global-Outlook-to-2025-Funding-Circle-Pave-SoFi.html,openpr.com,English,0.0,gdelt_gkg
NOW,2018-07-11,"  Employees dont want feedback , they want attention  ",https://www.hrmonline.co.nz/news/employees-dont-want-feedback-they-want-attention-252273.aspx,hrmonline.co.nz,English,0.0,gdelt_gkg
NOW,2018-07-11,Billion Dollar Unicorns : Okta Delivering Decisive Growth Post IPO,https://www.sramanamitra.com/2018/07/11/billion-dollar-unicorns-okta-delivering-decisive-growth-post-ipo/,sramanamitra.com,English,0.0,gdelt_gkg
NOW,2018-07-11,Logicalis Ranks in Top 10 Among Top Managed Services Providers in the World,https://www.prnewswire.com/news-releases/logicalis-ranks-in-top-10-among-top-managed-services-providers-in-the-world-300679285.html,prnewswire.com,English,0.0,gdelt_gkg
NOW,2018-07-11,ServiceNow Inc ( NOW ) Receives Consensus Rating of  Buy  from Analysts,https://www.wkrb13.com/2018/07/11/servicenow-inc-now-receives-consensus-rating-of-buy-from-analysts.html,wkrb13.com,English,0.0,gdelt_gkg
NOW,2018-07-11,"Venture Capital Investment Market 2018 Overview , Industry Update , Global Outlook to 2025 - Sequoia Capital , Union Square Ventures , Baseline , Ventures Breyer Capital",https://www.openpr.com/news/1119096/Venture-Capital-Investment-Market-2018-Overview-Industry-Update-Global-Outlook-to-2025-Sequoia-Capital-Union-Square-Ventures-Baseline-Ventures-Breyer-Capital.html,openpr.com,English,0.0,gdelt_gkg
NOW,2018-07-12,"Jul 12 , 2018 - Covenant Asset Management , LLC Buys Ligand Pharmaceuticals Inc , Proto Labs Inc , Intuitive Surgical Inc , Sells Huntington Ingalls Industries Inc , Regions Financial Corp , Honeywell International Inc",https://www.gurufocus.com/news/707276/covenant-asset-management-llc-buys-ligand-pharmaceuticals-inc-proto-labs-inc-intuitive-surgical-inc-sells-huntington-ingalls-industries-inc-regions-financial-corp-honeywell-international-inc,gurufocus.com,English,0.0,gdelt_gkg
NOW,2018-07-12,FAANG Stocks Jam ; This Top Growth Stock Flashes Bullish Breakout,https://www.investors.com/market-trend/stock-market-today/techs-faang-stocks-jam-top-growth-stock-bullish-breakout/,investors.com,English,0.0,gdelt_gkg
NOW,2018-07-12,How BCLC is delivering exceptional entertainment with top procurement standards,https://www.supplychaindigital.com/company/how-bclc-delivering-exceptional-entertainment-top-procurement-standards,supplychaindigital.com,English,0.0,gdelt_gkg
NOW,2018-07-12,Inside - IT : Tamedia wechselt von SAP auf Workday,https://www.inside-it.ch/articles/51669,inside-it.ch,German,0.0,gdelt_gkg
NOW,2018-07-12,"CIO interview : Gideon Kay , European CIO , Dentsu Aegis Network",https://www.computerweekly.com/news/252444652/CIO-interview-Gideon-Kay-European-CIO-Dentsu-Aegis-Network,computerweekly.com,English,0.0,gdelt_gkg
NOW,2018-07-12,"Executive interview : Bill Ruh , CDO of GE",https://www.computerweekly.com/news/252444565/Executive-interview-Bill-Ruh-CDO-of-GE,computerweekly.com,English,0.0,gdelt_gkg
NOW,2018-07-12,5 RBC Top Pick Stocks to Buy for the Rest of 2018,https://247wallst.com/investing/2018/07/12/5-rbc-top-pick-stocks-to-buy-for-the-rest-of-2018/,247wallst.com,English,0.0,gdelt_gkg
NOW,2018-07-12,"ServiceNow , Inc . ( NOW ) Reaches $192 . 08 52 - Week High ; VALMET OYJ ORDINARY SHARES FINLAND ( VOYJF ) Sellers Increased By 34 . 93 % Their Shorts",https://flecha123.com/2018/07/12/servicenow-inc-now-reaches-192-08-52-week-high-valmet-oyj-ordinary-shares-finland-voyjf-sellers-increased-by-34-93-their-shorts/,flecha123.com,English,0.0,gdelt_gkg
NOW,2018-07-12,Cask is One of Inc . Magazine Best Workplaces 2018,https://www.openpr.com/news/1121299/Cask-is-One-of-Inc-Magazine-s-Best-Workplaces-2018.html,openpr.com,English,0.0,gdelt_gkg
NOW,2018-07-12,Fusion13 Highlights Cloud ITSM,http://virtualization.sys-con.com/node/2852221,virtualization.sys-con.com,English,0.0,gdelt_gkg
NOW,2018-07-12,Fusion13 Highlights Cloud ITSM,http://cloudcomputing.sys-con.com/node/2852221,cloudcomputing.sys-con.com,English,0.0,gdelt_gkg
NOW,2018-07-12,Inside - IT : Digitale Stadtpläne und Wlan,https://www.inside-it.ch/articles/51670,inside-it.ch,German,0.0,gdelt_gkg
NOW,2018-07-12,Saratoga Research & Investment Management Decreased Its Accenture LTD New ( ACN ) Stake ; Loews ( L ) Sentiment Is 0 . 85,https://flecha123.com/2018/07/12/saratoga-research-loews-ls-sentiment-is-0-85/,flecha123.com,English,0.0,gdelt_gkg
NOW,2018-07-12,"  Employees dont want feedback , they want attention  ",https://www.hcamag.com/hr-news/employees-dont-want-feedback-they-want-attention-252294.aspx,hcamag.com,English,0.0,gdelt_gkg
NOW,2018-07-13,"Sugar Based Excipients Market : Rising Need For Business Agility in 2018 With Top Competitors Like Roquette Group , DFE Pharma , BASF SE , Ashland Inc ., Archer Daniels Midland Company , MEGGLE AG And Others - Forecast 2024",https://www.openpr.com/news/1125784/Sugar-Based-Excipients-Market-Rising-Need-For-Business-Agility-in-2018-With-Top-Competitors-Like-Roquette-Group-DFE-Pharma-BASF-SE-Ashland-Inc-Archer-Daniels-Midland-Company-MEGGLE-AG-And-Others-Forecast-2024.html,openpr.com,English,0.0,gdelt_gkg
NOW,2018-07-13,"Cloud Microservices Market Sprouting at CAGR 19 . 8 % with Top Prominent Players as AWS , CA Technologies , IBM , Microsoft , Salesforce , NGINX , Oracle , Pivotal Software and More by 2026",https://www.openpr.com/news/1125764/Cloud-Microservices-Market-Sprouting-at-CAGR-19-8-with-Top-Prominent-Players-as-AWS-CA-Technologies-IBM-Microsoft-Salesforce-NGINX-Oracle-Pivotal-Software-and-More-by-2026.html,openpr.com,English,0.0,gdelt_gkg
NOW,2018-07-13,"Platelet Aggregation Devices Market : Rising Need For Business Agility In 2018 With Top Competitors Like F . Hoffman - La Roche Ltd ., Sysmex , Siemens AG , Haemonetics Corporation , Accriva Diagnostics And Others - Forecast 2024",https://www.openpr.com/news/1125779/Platelet-Aggregation-Devices-Market-Rising-Need-For-Business-Agility-In-2018-With-Top-Competitors-Like-F-Hoffman-La-Roche-Ltd-Sysmex-Siemens-AG-Haemonetics-Corporation-Accriva-Diagnostics-And-Others-Forecast-2024.html,openpr.com,English,0.0,gdelt_gkg
NOW,2018-07-13,FinTech Blockchain Market 2026 Threshold,https://www.openpr.com/news/1125760/FinTech-Blockchain-Market-2026-Threshold-is-at-74-2-CAGR-by-Microsoft-Chain-Oracle-Auxesis-Group-Recordskeeper-Earthport-Factom-Bitfury-Guardtime-Applied-Blockchain-Key-Players.html,openpr.com,English,0.0,gdelt_gkg
NOW,2018-07-13,"Global Vertical Farming Market Analysis by Top Vendors like Bloomberg L . P ., AeroFarms , Sky Greens , Illumitex , Inc ., EVERLIGHT , Green Sense Farms",https://www.openpr.com/news/1125787/Global-Vertical-Farming-Market-Analysis-by-Top-Vendors-like-Bloomberg-L-P-AeroFarms-Sky-Greens-Illumitex-Inc-EVERLIGHT-Green-Sense-Farms.html,openpr.com,English,0.0,gdelt_gkg
NOW,2018-07-13,"Global Railway Management System Market Top Vendors Are ALSTOM , Cisco Systems , Inc ., GENERAL ELECTRIC , ABB , IBM Corporation , Hitachi , Ltd ., Bombardier",https://www.openpr.com/news/1125790/Global-Railway-Management-System-Market-Top-Vendors-Are-ALSTOM-Cisco-Systems-Inc-GENERAL-ELECTRIC-ABB-IBM-Corporation-Hitachi-Ltd-Bombardier.html,openpr.com,English,0.0,gdelt_gkg
NOW,2018-07-13,"Performance Analytics Market : Global Key Players like IBM , SAP , SAS Institute , Oracle , Siemens , Adaptive Insights , Xactly , Optymyze , ServiceNow , Callidus Software",https://www.openpr.com/news/1125795/Performance-Analytics-Market-Global-Key-Players-like-IBM-SAP-SAS-Institute-Oracle-Siemens-Adaptive-Insights-Xactly-Optymyze-ServiceNow-Callidus-Software.html,openpr.com,English,0.0,gdelt_gkg
NOW,2018-07-13,Blockchain identity Management Market 2018 Rising at 80 . 1 % CAGR,https://www.openpr.com/news/1125768/Blockchain-identity-Management-Market-2018-Rising-at-80-1-CAGR-Global-Industry-Analysis-By-Factom-UniqID-Netki-IBM-AWS-BTL-Group-KYC-Chain-Oracle-Peer-Ledger-Civic-Technologies-and-Others.html,openpr.com,English,0.0,gdelt_gkg
NOW,2018-07-13,"Nanorobots Market : Rising Need For Business Agility in 2018 With Top Competitors Like Agilent Technologies , Bruker , electrovac , EV Group , FEI Company , JEOL Ltd , Park Systems Corporation And Others - Forecast 2025",https://www.openpr.com/news/1125800/Nanorobots-Market-Rising-Need-For-Business-Agility-in-2018-With-Top-Competitors-Like-Agilent-Technologies-Bruker-electrovac-EV-Group-FEI-Company-JEOL-Ltd-Park-Systems-Corporation-And-Others-Forecast-2025.html,openpr.com,English,0.0,gdelt_gkg
NOW,2018-07-13,Edible oils and fats Market Prognostication Up To 2026,https://www.openpr.com/news/1125762/Edible-oils-and-fats-Market-Prognostication-Up-To-2026-along-with-Keskinoglu-Yildiz-Holding-Aves-A-S-Anadolu-Grubu-Altunkaya-Group-of-Companies-OIL-Mills-Etc-Players.html,openpr.com,English,0.0,gdelt_gkg
NOW,2018-07-13,Roundtable Recap : July 12 - Laser Sharp Competitive Positioning is Compulsory in Crowded Markets,https://www.sramanamitra.com/2018/07/12/roundtable-recap-july-12-laser-sharp-competitive-positioning-is-compulsory-in-crowded-markets/,sramanamitra.com,English,0.0,gdelt_gkg
NOW,2018-07-13,Billion Dollar Unicorns : Is Palantir Losing Valuation ? ,https://www.sramanamitra.com/2018/07/13/billion-dollar-unicorns-is-palantir-losing-valuation/,sramanamitra.com,English,0.0,gdelt_gkg
NOW,2018-07-13,Inside - IT : Crealogix bringt VZ Depotbank auf das Smartphone,https://www.inside-it.ch/articles/51673,inside-it.ch,German,0.0,gdelt_gkg
NOW,2018-07-13,"Know How Cloud Field Service Management Market is Thriving Worldwide ? Key Players Involved in the study : Salesforce . Com , SAP SE , Oracle Corporation",https://www.openpr.com/news/1124635/Know-How-Cloud-Field-Service-Management-Market-is-Thriving-Worldwide-Key-Players-Involved-in-the-study-Salesforce-Com-SAP-SE-Oracle-Corporation.html,openpr.com,English,0.0,gdelt_gkg
NOW,2018-07-13,ServiceNow Inc ( NOW ) Shares Sold by Brown Advisory Inc . ,https://www.wkrb13.com/2018/07/13/servicenow-inc-now-shares-sold-by-brown-advisory-inc.html,wkrb13.com,English,0.0,gdelt_gkg
NOW,2018-07-13,"Cloud discovery Market 2018 To 2026 ; Booming CAGR of 18 . 8 % with Foremost Key Players | AlienVault , Servicenow , BMC Software , Certero , CipherCloud , Cisco Systems , ConnectWise , iQuate",https://www.openpr.com/news/1125766/Cloud-discovery-Market-2018-To-2026-Booming-CAGR-of-18-8-with-Foremost-Key-Players-AlienVault-Servicenow-BMC-Software-Certero-CipherCloud-Cisco-Systems-ConnectWise-iQuate-Porters-five-force-analysis.html,openpr.com,English,0.0,gdelt_gkg
NOW,2018-07-13,ServiceNow ( NOW ) Reaches New 12 - Month High After Analyst Upgrade,https://www.wkrb13.com/2018/07/13/servicenow-now-reaches-new-12-month-high-after-analyst-upgrade.html,wkrb13.com,English,0.0,gdelt_gkg
NOW,2018-07-13,Global Cloud - Based ITSM Market to grow at a CAGR of +13 % during forecast period 2018 - 2023,https://www.openpr.com/news/1125621/Global-Cloud-Based-ITSM-Market-to-grow-at-a-CAGR-of-13-during-forecast-period-2018-2023.html,openpr.com,English,0.0,gdelt_gkg
NOW,2018-07-14,"Allen Investment Management Has Raised Transdigm Group ( TDG ) Position ; 0 Analysts Covering AeroVironment , Inc . ( AVAV ) ",https://tokoyuri.com/2018/07/14/allen-investment-management-has-raised-transdigm-group-tdg-position-0-analysts-covering-aerovironment-inc-avav/,tokoyuri.com,English,0.0,gdelt_gkg
NOW,2018-07-14,Winslow Capital Management Has Raised Alibaba Group Holding LTD Sp A ( BABA ) Stake ; 4 Analysts Are Bullish Kosmos Energy Ltd . ( KOS ) Last Week,https://tokoyuri.com/2018/07/14/winslow-capital-management-has-raised-alibaba-group-holding-ltd-sp-a-baba-stake-4-analysts-are-bullish-kosmos-energy-ltd-kos-last-week/,tokoyuri.com,English,0.0,gdelt_gkg
NOW,2018-07-14,"3 Cloud - Based Software Stocks Near Buy Points , With Big Q2 Outlooks",https://www.investors.com/research/ibd-industry-themes/software-stocks-buy-points/,investors.com,English,0.0,gdelt_gkg
NOW,2018-07-14,CA Inc Receives a Hold from Evercore ISI,http://www.analystratings.com/articles/ca-inc-receives-a-hold-from-evercore-isi/,analystratings.com,English,0.0,gdelt_gkg
NOW,2018-07-15,LPL Financial LLC Boosts Holdings in ServiceNow Inc ( NOW ) ,https://www.dailypolitical.com/2018/07/14/lpl-financial-llc-boosts-holdings-in-servicenow-inc-now.html,dailypolitical.com,English,0.0,gdelt_gkg
NOW,2018-07-15,ServiceNow ( NOW ) Price Target Raised to $195 . 00,https://www.dailypolitical.com/2018/07/15/servicenow-now-price-target-raised-to-195-00.html,dailypolitical.com,English,0.0,gdelt_gkg
NOW,2018-07-16,Notes / Domino is alive ! Second beta of version 10 is imminent,https://www.theregister.co.uk/2018/07/16/domino_10_beta_2/,theregister.co.uk,English,0.0,gdelt_gkg
NOW,2018-07-16,"From Top to Bottom : Liberty Latin America Ltd ., ( NASDAQ : LILAK ), ServiceNow , Inc ., ( NYSE : NOW ) ",http://www.nysetradingnews.com/2018/07/16/from-top-to-bottom-liberty-latin-america-ltd-nasdaq-lilak-servicenow-inc-nyse-now/,nysetradingnews.com,English,0.0,gdelt_gkg
NOW,2018-07-16,Notes / Domino is alive ! Second beta of version 10 is imminent,http://www.theregister.co.uk/2018/07/16/domino_10_beta_2/,theregister.co.uk,English,0.0,gdelt_gkg
NOW,2018-07-16,Q2 Earnings : Netflix And These 11 Stocks Expect 50 %- Plus Growth,https://www.investors.com/research/q2-earnings-preview/,investors.com,English,0.0,gdelt_gkg
NOW,2018-07-17,"Guggenheim Capital LLC Sells 4 , 464 Shares of ServiceNow Inc ( NOW ) ",https://www.dailypolitical.com/2018/07/17/guggenheim-capital-llc-sells-4464-shares-of-servicenow-inc-now.html,dailypolitical.com,English,0.0,gdelt_gkg
NOW,2018-07-17,SentinelOne Accelerates Channel Partner Program with 350 Percent Year - Over - Year Global Revenue Growth,https://www.businesswire.com/news/home/20180717005032/en/SentinelOne-Accelerates-Channel-Partner-Program-350-Percent,businesswire.com,English,0.0,gdelt_gkg
NOW,2018-07-17,Security Sales Propel Thrive Networks but Dont Define Its Potential,http://www.channelfutures.com/msp-501/msp-501-profile-security-sales-propel-thrive-networks-don-t-define-its-potential,channelfutures.com,English,0.0,gdelt_gkg
NOW,2018-07-17,Appian Still Has Some Way To Go,https://seekingalpha.com/article/4187794-appian-still-way-go,seekingalpha.com,English,0.0,gdelt_gkg
NOW,2018-07-17,Salesforce . com Buys Datorama As Acquisition Pace Picks Up Again,https://www.investors.com/news/technology/salesforce-datorama-acquisition-marketing-cloud/,investors.com,English,0.0,gdelt_gkg
NOW,2018-07-17,Raymond James Believes Microsoft ( NASDAQ : MSFT ) Still Has Room to Grow,http://www.analystratings.com/articles/raymond-james-believes-microsoft-nasdaq-msft-still-has-room-to-grow/,analystratings.com,English,0.0,gdelt_gkg
NOW,2018-07-17,"S & P 500 ventures atop major resistance , slow - motion breakout attempt underway",https://www.marketwatch.com/story/sp-500-ventures-atop-major-resistance-slow-motion-breakout-attempt-underway-2018-07-17-121032639,marketwatch.com,English,0.0,gdelt_gkg
NOW,2018-07-17,Cornerstone Upgraded As Ultimate Software Buy Targets ServiceNow,https://www.investors.com/news/technology/cornerstone-upgrade-ultimate-acquisition/,investors.com,English,0.0,gdelt_gkg
NOW,2018-07-18,IT Brief NZ - Interconnection abound : Equinix to launch its ECX Fabric to APAC,https://itbrief.co.nz/story/interconnection-abound-equinix-launch-its-ecx-fabric-apac/,itbrief.co.nz,English,0.0,gdelt_gkg
NOW,2018-07-18,ServiceNow Named a Leader in Gartner Magic Quadrant for Integrated Risk Management,https://www.marketwatch.com/press-release/servicenow-named-a-leader-in-gartner-magic-quadrant-for-integrated-risk-management-2018-07-18,marketwatch.com,English,0.0,gdelt_gkg
NOW,2018-07-18,Customer Engagement Solutions Market Worth 23 . 19 Billion USD by 2023,https://www.prnewswire.com/news-releases/customer-engagement-solutions-market-worth-23-19-billion-usd-by-2023-837624572.html,prnewswire.com,English,0.0,gdelt_gkg
NOW,2018-07-18,"Global Cloud Systems Management Software Market 2018 - 2024 | VMware , IBM Corporation , HP Development Company , BMC Software , Oracle , Red Hat , Inc ., CA , ServiceNow , Amazon Web Services",https://www.openpr.com/news/1133876/Global-Cloud-Systems-Management-Software-Market-2018-2024-VMware-IBM-Corporation-HP-Development-Company-BMC-Software-Oracle-Red-Hat-Inc-CA-ServiceNow-Amazon-Web-Services.html,openpr.com,English,0.0,gdelt_gkg
NOW,2018-07-18,ServiceNow Named a Leader in Gartner Magic Quadrant for Integrated Risk Management,https://www.businesswire.com/news/home/20180718005762/en/ServiceNow-Named-Leader-Gartner-Magic-Quadrant-Integrated,businesswire.com,English,0.0,gdelt_gkg
NOW,2018-07-18,ServiceNow : Named a Leader in Gartner Magic Quadrant for Integrated Risk Management,http://www.4-traders.com/SERVICENOW-INC-10912979/news/ServiceNow-Named-a-Leader-in-Gartner-Magic-Quadrant-for-Integrated-Risk-Management-26952317/,4-traders.com,English,0.0,gdelt_gkg
NOW,2018-07-18,Personalization at scale : What the tech again ? ,https://www.zdnet.com/article/personalization-at-scale-whats-the-tech-again/,zdnet.com,English,0.0,gdelt_gkg
NOW,2018-07-18,ServiceNow Named a Leader in Gartner Magic Quadrant for Integrated Risk Management,https://www.finanzen.net/nachricht/aktien/servicenow-named-a-leader-in-gartner-magic-quadrant-for-integrated-risk-management-6402731,finanzen.net,English,0.0,gdelt_gkg
NOW,2018-07-18,Customer Engagement Solutions Market Worth 23 . 19 Billion USD by 2023 / PR Newswire India / ,http://www.prnewswire.co.in/news-releases/customer-engagement-solutions-market-worth-2319-billion-usd-by-2023-688508801.html,prnewswire.co.in,English,0.0,gdelt_gkg
NOW,2018-07-18,Next - Generation Technologies Drive Widespread Adoption of Modern IT Service Delivery Solutions,https://www.tmcnet.com/usubmit/2018/07/18/8788483.htm,tmcnet.com,English,0.0,gdelt_gkg
NOW,2018-07-18,Servicenow veut faire monter lIA  tous les tages de lentreprise,https://www.journaldunet.com/solutions/dsi/1210691-servicenow-veut-propulser-l-ia-a-tous-les-etages-de-l-entreprise/,journaldunet.com,French,0.0,gdelt_gkg
NOW,2018-07-18,Customer Engagement Solutions Market Worth 23 . 19 Billion USD by 2023,https://www.prnewswire.com/news-releases/customer-engagement-solutions-market-worth-23-19-billion-usd-by-2023-851800156.html,prnewswire.com,English,0.0,gdelt_gkg
NOW,2018-07-18,Customer Engagement Solutions Market Worth 23 . 19 Billion USD by 2023,https://www.tmcnet.com/usubmit/2018/07/18/8788504.htm,tmcnet.com,English,0.0,gdelt_gkg
NOW,2018-07-18,"Global Cloud System Management Software Market Size , Status and Forecast 2023",https://www.openpr.com/news/1132432/Global-Cloud-System-Management-Software-Market-Size-Status-and-Forecast-2023.html,openpr.com,English,0.0,gdelt_gkg
NOW,2018-07-18,Next - Generation Technologies Drive Widespread Adoption of Modern IT Service Delivery Solutions,https://www.businesswire.com/news/home/20180718005266/en/Next-Generation-Technologies-Drive-Widespread-Adoption-Modern-Service,businesswire.com,English,0.0,gdelt_gkg
NOW,2018-07-18,Customer Engagement Solutions Market Worth 23 . 19 Billion USD by 2023,https://www.finanznachrichten.de/nachrichten-2018-07/44314338-customer-engagement-solutions-market-worth-23-19-billion-usd-by-2023-008.htm,finanznachrichten.de,English,0.0,gdelt_gkg
NOW,2018-07-18,Next - Generation Technologies Drive Widespread Adoption of Modern IT Service Delivery Solutions,http://www.4-traders.com/news/Next-Generation-Technologies-Drive-Widespread-Adoption-of-Modern-IT-Service-Delivery-Solutions--26950958/,4-traders.com,English,0.0,gdelt_gkg
NOW,2018-07-18,Customer Engagement Solutions Market Worth 23 . 19 Billion USD by 2023,https://www.marketwatch.com/press-release/customer-engagement-solutions-market-worth-2319-billion-usd-by-2023-2018-07-18,marketwatch.com,English,0.0,gdelt_gkg
NOW,2018-07-19,Im Still on Cloud 9 With These  Cloud Kings : Market Recon,https://realmoney.thestreet.com/articles/07/19/2018/im-still-cloud-9-these-cloud-kings-market-recon,realmoney.thestreet.com,English,0.0,gdelt_gkg
NOW,2018-07-19,Netflix : 7 series que han sido clave en el enorme xito de la plataforma - Noticias BBC,http://www.24horas.cl/noticiasbbc/netflix-7-series-que-han-sido-clave-en-el-enorme-exito-de-la-plataforma-2768723,24horas.cl,Spanish,0.0,gdelt_gkg
NOW,2018-07-19,CHRO study highlights the changing role of aspiring HR leaders in the digital era,https://diginomica.com/2018/07/19/chro-study-highlights-the-changing-role-of-aspiring-hr-leaders-in-the-digital-era/,diginomica.com,English,0.0,gdelt_gkg
NOW,2018-07-19,"Jul 19 , 2018 - Fred Alger Management Inc Buys Broadcom Inc , UnitedHealth Group Inc , PayPal Holdings Inc , Sells Bank of America Corporation , AbbVie Inc , ServiceNow Inc",https://www.gurufocus.com/news/709913/fred-alger-management-inc-buys-broadcom-inc-unitedhealth-group-inc-paypal-holdings-inc-sells-bank-of-america-corporation-abbvie-inc-servicenow-inc,gurufocus.com,English,0.0,gdelt_gkg
NOW,2018-07-19,Atlassian : Teamwork Makes The Dream Work,https://seekingalpha.com/article/4188323-atlassian-teamwork-makes-dream-work,seekingalpha.com,English,0.0,gdelt_gkg
NOW,2018-07-19,Communications hubs emerge as a bridge to hybrid IT,https://www.networkworld.com/article/3291318/hybrid-cloud/communications-hubs-emerge-as-a-bridge-to-hybrid-it.html,networkworld.com,English,0.0,gdelt_gkg
NOW,2018-07-19,Daily Insider Ratings Round Up 7 / 17 / 18,https://seekingalpha.com/article/4188283-daily-insider-ratings-round-7-17-18,seekingalpha.com,English,0.0,gdelt_gkg
NOW,2018-07-19,"The process orchestration market size is expected to grow from USD 3 . 79 billion in 2018 to USD 8 . 50 billion by 2023 , at a Compound Annual Growth Rate ( CAGR ) of 17 . 5 % ",https://www.prnewswire.com/news-releases/the-process-orchestration-market-size-is-expected-to-grow-from-usd-3-79-billion-in-2018-to-usd-8-50-billion-by-2023--at-a-compound-annual-growth-rate-cagr-of-17-5-300683943.html,prnewswire.com,English,0.0,gdelt_gkg
NOW,2018-07-19,ALTR and CAI Team Up to Offer Enterprise - Ready Blockchain - based Data - Security Platform as a Managed Service,https://www.prweb.com/releases/2018/07/prweb15634863.htm,prweb.com,English,0.0,gdelt_gkg
NOW,2018-07-19,Carahsoft and Feature Labs Partner to Bring Advanced Machine Learning and Artificial Intelligence to the Public Sector,https://www.businesswire.com/news/home/20180719005038/en/Carahsoft-Feature-Labs-Partner-Bring-Advanced-Machine/,businesswire.com,English,0.0,gdelt_gkg
NOW,2018-07-19,"The process orchestration market size is expected to grow from USD 3 . 79 billion in 2018 to USD 8 . 50 billion by 2023 , at a Compound Annual Growth Rate ( CAGR ) of 17 . 5 % ",https://www.marketwatch.com/press-release/the-process-orchestration-market-size-is-expected-to-grow-from-usd-379-billion-in-2018-to-usd-850-billion-by-2023-at-a-compound-annual-growth-rate-cagr-of-175-2018-07-19,marketwatch.com,English,0.0,gdelt_gkg
NOW,2018-07-20,Carahsoft Ranked on 2018 Bloomberg Government 200 List of Federal Industry Leaders,https://www.tmcnet.com/usubmit/2018/07/20/8789675.htm,tmcnet.com,English,0.0,gdelt_gkg
NOW,2018-07-20,"Jul 20 , 2018 - Rnc Capital Management Llc Buys Sempra Energy , Citigroup Inc , Walgreens Boots Alliance Inc , Sells Pfizer Inc , SunTrust Banks Inc , Johnson Controls International PLC",https://www.gurufocus.com/news/710652/rnc-capital-management-llc-buys-sempra-energy-citigroup-inc-walgreens-boots-alliance-inc-sells-pfizer-inc-suntrust-banks-inc-johnson-controls-international-plc,gurufocus.com,English,0.0,gdelt_gkg
NOW,2018-07-20,These Computer And Software Growth Stocks Expect Robust Earnings In Q2,https://www.investors.com/stock-lists/stock-spotlight/computer-software-growth-stocks-robust-earnings-q2/,investors.com,English,0.0,gdelt_gkg
NOW,2018-07-20,Carahsoft Ranked on 2018 Bloomberg Government 200 List of Federal Industry Leaders,http://www.financialbuzz.com/carahsoft-ranked-on-bloomberg-government-list-of-federal-industry-leaders-1147579,financialbuzz.com,English,0.0,gdelt_gkg
NOW,2018-07-20,ArcelorMittal promises to present improved plan for Italy Ilva,https://finance.yahoo.com/news/arcelormittal-promises-present-improved-plan-174554875.html,finance.yahoo.com,English,0.0,gdelt_gkg
NOW,2018-07-20,Amazon Announces New Fulfillment Center in Spokane,https://finance.yahoo.com/news/amazon-announces-fulfillment-center-spokane-171000071.html,finance.yahoo.com,English,0.0,gdelt_gkg
NOW,2018-07-20,"A . M . Best Affirms Credit Ratings of Sompo Seguros Mexico , S . A . de C . V . ",https://finance.yahoo.com/news/m-best-affirms-credit-ratings-171200786.html,finance.yahoo.com,English,0.0,gdelt_gkg
NOW,2018-07-20,PagerDuty continues to build out go - to - market model with AWS Marketplace availability,http://www.channelbuzz.ca/2018/07/pagerduty-continues-to-build-out-go-to-market-model-with-aws-marketplace-availability-26781/,channelbuzz.ca,English,0.0,gdelt_gkg
NOW,2018-07-20,"RNC Capital Management LLC Invests $345 , 000 in ServiceNow Inc ( NOW ) Stock",https://www.dailypolitical.com/2018/07/20/rnc-capital-management-llc-invests-345000-in-servicenow-inc-now-stock.html,dailypolitical.com,English,0.0,gdelt_gkg
NOW,2018-07-20,"Low - Code Development Platform Market to See Strong Growth including key players Caspio , K2 , MatsSoft Limited , Mendix",https://www.openpr.com/news/1138038/Low-Code-Development-Platform-Market-to-See-Strong-Growth-including-key-players-Caspio-K2-MatsSoft-Limited-Mendix.html,openpr.com,English,0.0,gdelt_gkg
NOW,2018-07-20,"Analysts Offer Insights on Technology Companies : Facebook ( NASDAQ : FB ), ServiceNow ( NYSE : NOW ) and First Data Corp ( NYSE : FDC ) ",http://www.markets.co/analysts-offer-insights-on-technology-companies-facebook-nasdaq-fb-servicenow-nyse-now-and-first-data-corp-nyse-fdc/166044/,markets.co,English,0.0,gdelt_gkg
NOW,2018-07-20,"Performance Analytics Market 2018 Latest Technology Trends with Top Key Players - IBM , SAP , SAS Institute , Oracle , Siemens , Adaptive Insights , Xactly , Optymyze , Servicenow , Callidus Software",https://www.openpr.com/news/1137826/Performance-Analytics-Market-2018-Latest-Technology-Trends-with-Top-Key-Players-IBM-SAP-SAS-Institute-Oracle-Siemens-Adaptive-Insights-Xactly-Optymyze-Servicenow-Callidus-Software.html,openpr.com,English,0.0,gdelt_gkg
NOW,2018-07-20,"Configuration Management Software Market Analysis by Latest Developments 2018 Industry Update , Global Outlook to 2025 Evolving Technology , Future Opportunities – IBM , Microsoft , ServiceNow , BMC",https://empowerednews.net/configuration-management-software-market-analysis-by-latest-developments-2018-industry-update-global-outlook-to-2025-evolving-technology-future-opportunities-ibm-microsoft-servicenow-bmc/181244828/,empowerednews.net,English,0.0,gdelt_gkg
NOW,2018-07-20,Equinix to roll out ECX Fabric in APAC,https://www.telecomasia.net/content/equinix-roll-out-ecx-fabric-apac,telecomasia.net,English,0.0,gdelt_gkg
NOW,2018-07-20,"Top 10 Cloud Technology Market at a CAGR of 17 . 7 % by Top Vendors Analysis ( IBM , Google , SAP , Oracle , WorkDay , ServiceNow , VMWare , RackSapce , GoDaddy , DigitalOcean , RedHat",https://www.ssuchronicle.com/2018/07/20/top-10-cloud-technology-market-at-a-cagr-of-17-7-by-top-vendors-analysis-ibm-google-sap-oracle-workday-servicenow-vmware-racksapce-godaddy-digitalocean-redhat/,ssuchronicle.com,English,0.0,gdelt_gkg
NOW,2018-07-20,Equinix Cloud Exchange Fabric to roll out in Asia - Pacific | Networks Asia,https://www.networksasia.net/article/equinix-cloud-exchange-fabric-roll-out-asia-pacific.1532038803,networksasia.net,English,0.0,gdelt_gkg
NOW,2018-07-20,Carahsoft Ranked on 2018 Bloomberg Government 200 List of Federal Industry Leaders,http://www.4-traders.com/news/Carahsoft-Ranked-on-2018-Bloomberg-Government-200-List-of-Federal-Industry-Leaders--26965247/,4-traders.com,English,0.0,gdelt_gkg
NOW,2018-07-20,Carahsoft Ranked on 2018 Bloomberg Government 200 List of Federal Industry Leaders,http://globenewswire.com/news-release/2018/07/20/1540170/0/en/Carahsoft-Ranked-on-2018-Bloomberg-Government-200-List-of-Federal-Industry-Leaders.html,globenewswire.com,English,0.0,gdelt_gkg
NOW,2018-07-21,JetBlue Layoffs 2018 : Employees Brace for Job Cuts,https://finance.yahoo.com/news/jetblue-layoffs-2018-employees-brace-204813323.html,finance.yahoo.com,English,0.0,gdelt_gkg
NOW,2018-07-21,Global cloud - based ITSM market insights shared in detailed report,https://www.whatech.com/market-research/it/495538-global-cloud-based-itsm-market-insights-shared-in-detailed-report,whatech.com,English,0.0,gdelt_gkg
NOW,2018-07-21,"Bessemer Group Has Decreased Dr Horton ( DHI ) Stake By $309 , 400 ; Loudon Investment Management Has Raised Its Taiwan Semiconductor Mfg LTD ( TSM ) Stake",https://flecha123.com/2018/07/21/bessemer-group-has-decreased-dr-horton-dhi-stake-by-309400-loudon-investment-management-has-raised-its-taiwan-semiconductor-mfg-ltd-tsm-stake/,flecha123.com,English,0.0,gdelt_gkg
NOW,2018-07-21,ServiceNow ( NOW ) Receives  Overweight  Rating from Piper Jaffray Companies,https://www.dailypolitical.com/2018/07/21/servicenow-now-receives-overweight-rating-from-piper-jaffray-companies.html,dailypolitical.com,English,0.0,gdelt_gkg
NOW,2018-07-23,Avolution cited in Gartner s Market Guide for Technologies Supporting a Digital Twin of an Organization,https://www.openpr.com/news/1140246/Avolution-cited-in-Gartner-s-Market-Guide-for-Technologies-Supporting-a-Digital-Twin-of-an-Organization.html,openpr.com,English,0.0,gdelt_gkg
NOW,2018-07-23,Zenoss Announces Unlock Program for Cisco UCS Performance Manager,https://www.prnewswire.com/news-releases/zenoss-announces-unlock-program-for-cisco-ucs-performance-manager-300684597.html,prnewswire.com,English,0.0,gdelt_gkg
NOW,2018-07-23,Fred Alger Management Boosted By $2 . 85 Million Its Credicorp LTD ( BAP ) Holding ; Shorts at HUDSONS BAY CO COMMON SHARES CANADA ( HBAYF ) Raised By 5 . 45 % ,https://flecha123.com/2018/07/23/fred-alger-management-boosted-by-2-85-million-its-credicorp-ltd-bap-holding-shorts-at-hudsons-bay-co-common-shares-canada-hbayf-raised-by-5-45/,flecha123.com,English,0.0,gdelt_gkg
NOW,2018-07-23,"Stock Futures : Nasdaq Slips As Tesla , Micron Fade ; Toymakers Rally",https://www.investors.com/market-trend/stock-market-today/stock-futures-automakers-blue-chips/,investors.com,English,0.0,gdelt_gkg
NOW,2018-07-23,Zendesk and Freshworks Growing Steadily,https://www.sramanamitra.com/2018/07/23/zendesk-and-freshworks-growing-steadily/,sramanamitra.com,English,0.0,gdelt_gkg
NOW,2018-07-24,RFPIO Secures $25 Million from K1 Investment Management to Revolutionize Proposal Management Industry,https://www.prnewswire.com/news-releases/rfpio-secures-25-million-from-k1-investment-management-to-revolutionize-proposal-management-industry-300685261.html,prnewswire.com,English,0.0,gdelt_gkg
NOW,2018-07-24,AMI Celebrates 15 Years of Customer Success | 24 . 07 . 18,https://www.finanzen.ch/nachrichten/aktien/AMI-Celebrates-15-Years-of-Customer-Success-1027394758,finanzen.ch,English,0.0,gdelt_gkg
NOW,2018-07-24,"Jul 23 , 2018 - DSAM Partners LLP Buys Twenty - First Century Fox Inc , Varonis Systems Inc , Momo Inc , Sells Morgan Stanley , XPO Logistics Inc , Goldman Sachs Group Inc",https://www.gurufocus.com/news/711303/dsam-partners-llp-buys-twentyfirst-century-fox-inc-varonis-systems-inc-momo-inc-sells-morgan-stanley-xpo-logistics-inc-goldman-sachs-group-inc,gurufocus.com,English,0.0,gdelt_gkg
NOW,2018-07-24,ServiceNow Inc ( NOW ) Shares Sold by Columbus Circle Investors,https://www.dailypolitical.com/2018/07/24/servicenow-inc-now-shares-sold-by-columbus-circle-investors.html,dailypolitical.com,English,0.0,gdelt_gkg
NOW,2018-07-24,AMI Celebrates 15 Years of Customer Success,https://www.prnewswire.com/news-releases/ami-celebrates-15-years-of-customer-success-300685395.html,prnewswire.com,English,0.0,gdelt_gkg
NOW,2018-07-24,RFPIO Secures $25 Million from K1 Investment Management to Revolutionize Proposal Management Industry,https://www.prnewswire.com:443/news-releases/rfpio-secures-25-million-from-k1-investment-management-to-revolutionize-proposal-management-industry-300685261.html,prnewswire.com,English,0.0,gdelt_gkg
NOW,2018-07-24,Malaysia Chronicle,http://www.malaysia-chronicle.com/?p=124287,malaysia-chronicle.com,English,0.0,gdelt_gkg
NOW,2018-07-24,"Cloud Orchestration Market : NextGen Technological Advancements , Professional Survey and Future Industry Trends by 2025",https://empowerednews.net/cloud-orchestration-market-nextgen-technological-advancements-professional-survey-and-future-industry-trends-by-2025/181247298/,empowerednews.net,English,0.0,gdelt_gkg
NOW,2018-07-24,AMI Celebrates 15 Years of Customer Success,https://www.tmcnet.com/usubmit/2018/07/24/8790995.htm,tmcnet.com,English,0.0,gdelt_gkg
NOW,2018-07-24,AMI Celebrates 15 Years of Customer Success,https://www.marketwatch.com/press-release/ami-celebrates-15-years-of-customer-success-2018-07-24,marketwatch.com,English,0.0,gdelt_gkg
NOW,2018-07-24,"Bull trend strengthens : S & P 500 , Nasdaq extend July technical breakouts",https://www.marketwatch.com/story/bull-trend-strengthens-sp-500-nasdaq-extend-july-technical-breakouts-2018-07-24-121033442,marketwatch.com,English,0.0,gdelt_gkg
NOW,2018-07-24,AMI Celebrates 15 Years of Customer Success,https://www.prnewswire.com:443/news-releases/ami-celebrates-15-years-of-customer-success-300685395.html,prnewswire.com,English,0.0,gdelt_gkg
NOW,2018-07-24,"Global Asset Reliability Software Market : Regional Segment Analysis ( North America , Europe , China , Japan , Southeast Asia & India ) ",http://www.emailwire.com/release/807142-Global-Asset-Reliability-Software-Market-Regional-Segment-Analysis-North-America-Europe-China-Japan-Southeast-Asia-India.html,emailwire.com,English,0.0,gdelt_gkg
NOW,2018-07-24,Sr ITS Analyst - Governance - The Woodlands,https://www.rigzone.com/oil/jobs/postings/980319_sr_its_analyst_governance/,rigzone.com,English,0.0,gdelt_gkg
NOW,2018-07-24,Request for Proposal Response Software RFPIO Secures $25M in Funding,http://www.finsmes.com/2018/07/request-for-proposal-response-software-rfpio-secures-25m-in-funding.html,finsmes.com,English,0.0,gdelt_gkg
NOW,2018-07-24,memoryBlue Announces 2018 Alumni of the Year Award Winner,https://www.prweb.com/releases/memoryblue_announces_2018_alumni_of_the_year_award_winner/prweb15642636.htm,prweb.com,English,0.0,gdelt_gkg
NOW,2018-07-24,RFP response automation software startup RFPIO raises $25M,https://www.geekwire.com/2018/rfp-response-automation-software-startup-rfpio-raises-25m/,geekwire.com,English,0.0,gdelt_gkg
NOW,2018-07-24,"Run Consultants Merges with The Crevalle Group , Expanding Salesforce Staffing Services to Clients Across the U . S . ",https://www.finanznachrichten.de/nachrichten-2018-07/44355495-run-consultants-merges-with-the-crevalle-group-expanding-salesforce-staffing-services-to-clients-across-the-u-s-200.htm,finanznachrichten.de,English,0.0,gdelt_gkg
NOW,2018-07-24,Israeli Channel Powerhouse AllCloud Moving Into The U . S . Cloud Market Its New CEO Helped Pioneer,https://www.crn.com/news/cloud/300106926/israeli-channel-powerhouse-allcloud-moving-into-the-u-s-cloud-market-its-new-ceo-helped-pioneer.htm,crn.com,English,0.0,gdelt_gkg
NOW,2018-07-25,ServiceNow Outperforms Second Quarter and Raises Top Line Guidance for Full - Year 2018,https://www.marketwatch.com/press-release/servicenow-outperforms-second-quarter-and-raises-top-line-guidance-for-full-year-2018-2018-07-25,marketwatch.com,English,0.0,gdelt_gkg
NOW,2018-07-25,IT News Online > PR . com - Avolution Cited in Gartner Market Guide for Technologies Supporting a Digital Twin of an Organization,http://www.itnewsonline.com/pr.com/Avolution-Cited-in-Gartners-Market-Guide-for-Technologies-Supporting-a-Digital-Twin-of-an-Organization/15167,itnewsonline.com,English,0.0,gdelt_gkg
NOW,2018-07-25,"Customer Support + Customer Success : Working Together to Increase Customer Satisfaction , Retention , and Growth",https://www.business2community.com/customer-experience/customer-support-customer-success-working-together-to-increase-customer-satisfaction-retention-and-growth-02095567,business2community.com,English,0.0,gdelt_gkg
NOW,2018-07-25,"ServiceNow Inc : ServiceNow , Inc . to Host Earnings Call",http://www.4-traders.com/SERVICENOW-INC-10912979/news/ServiceNow-Inc-ServiceNow-Inc-to-Host-Earnings-Call-26993271/,4-traders.com,English,0.0,gdelt_gkg
NOW,2018-07-25,ServiceNow Q2 solid as company lands bigger deals,https://www.zdnet.com/article/servicenow-q2-solid-as-company-lands-bigger-deals/,zdnet.com,English,0.0,gdelt_gkg
NOW,2018-07-25,"ServiceNow Stock Wobbles As Earnings , Sales Beat But Guidance Light",https://www.investors.com/news/technology/servicenow-stock-earnings-estimates/,investors.com,English,0.0,gdelt_gkg
NOW,2018-07-25,Does your organisation need a CISO ? ,https://www.idgconnect.com/abstract/31081/does-organisation-ciso,idgconnect.com,English,0.0,gdelt_gkg
NOW,2018-07-25,Is Youth the Key Attribute of a Successful Tech Entrepreneur ? ,https://www.fool.com/investing/2018/07/25/is-youth-the-key-attribute-of-a-successful-tech-en.aspx?source=iedfolrf0000001,fool.com,English,0.0,gdelt_gkg
NOW,2018-07-25,"ServiceNow Stock Wobbles As Earnings , Sales Beat But Guidance Light",https://www.investors.com/stock-lists/stock-spotlight/servicenow-stock-earnings-estimates/,investors.com,English,0.0,gdelt_gkg
NOW,2018-07-26,"The customer engagement solutions market is projected to grow from USD 14 . 08 billion in 2018 to USD 23 . 19 billion by 2023 , at a CAGR of 10 . 5 % ",https://www.marketwatch.com/press-release/the-customer-engagement-solutions-market-is-projected-to-grow-from-usd-1408-billion-in-2018-to-usd-2319-billion-by-2023-at-a-cagr-of-105-2018-07-26,marketwatch.com,English,0.0,gdelt_gkg
NOW,2018-07-26,ServiceNow ( NOW ) PT Raised to $215 . 00 at Credit Suisse Group,https://www.wkrb13.com/2018/07/26/servicenow-now-pt-raised-to-215-00-at-credit-suisse-group.html,wkrb13.com,English,0.0,gdelt_gkg
NOW,2018-07-26,ServiceNow ( NOW ) Announces Earnings Results,https://www.tickerreport.com/banking-finance/3663064/servicenow-now-announces-earnings-results.html,tickerreport.com,English,0.0,gdelt_gkg
NOW,2018-07-26,Customer Engagement Solutions Market - Global Forecast to 2023,https://www.prnewswire.com/news-releases/customer-engagement-solutions-market---global-forecast-to-2023-300686293.html,prnewswire.com,English,0.0,gdelt_gkg
NOW,2018-07-26,RBC Capital Believes ServiceNow ( NYSE : NOW ) Wont Stop Here,http://www.analystratings.com/articles/rbc-capital-believes-servicenow-nyse-now-wont-stop-here/,analystratings.com,English,0.0,gdelt_gkg
NOW,2018-07-26,"Facebook Stock Slammed ; IPOs Pinduoduo , Tenable Soar In Debuts",https://www.investors.com/market-trend/stock-market-today/facebook-stock-slammed-ipos-pinduoduo-tenable-soar/,investors.com,English,0.0,gdelt_gkg
NOW,2018-07-26,vendor quarterly earnings round - up,https://www.channelweb.co.uk/crn-uk/news/3036619/vendor-quarterly-earnings-round-up,channelweb.co.uk,English,0.0,gdelt_gkg
NOW,2018-07-26,Service visibility : A road map for IT Operations and managing your EHR system - White Papers,https://healthitsecurity.com/resources/white-papers/service-visibility-a-road-map-for-it-operations-and-managing-your-ehr-system,healthitsecurity.com,English,0.0,gdelt_gkg
NOW,2018-07-26,"Stock Analyst Updated EPS Estimates for July , 26th ( ALXN , AMD , AMZN , ANTM , ATTU , BSX , CHKP , DRQ , EEFT , ELF ) ",https://www.dailypolitical.com/2018/07/26/stock-analysts-updated-eps-estimates-for-july-26th-alxn-amd-amzn-antm-attu-bsx-chkp-drq-eeft-elf.html,dailypolitical.com,English,0.0,gdelt_gkg
NOW,2018-07-26,JMP Securities Raises ServiceNow ( NOW ) Price Target to $220 . 00,https://www.dailypolitical.com/2018/07/26/jmp-securities-raises-servicenow-now-price-target-to-220-00.html,dailypolitical.com,English,0.0,gdelt_gkg
NOW,2018-07-26,ServiceNow sees business growth opportunity in SA,https://www.itweb.co.za/content/G98YdqLxmo2qX2PD,itweb.co.za,English,0.0,gdelt_gkg
NOW,2018-07-26,"Analysts Are Bullish on Top Technology Stocks : Facebook ( FB ), ServiceNow ( NOW ) ",http://www.analystratings.com/articles/analysts-are-bullish-on-top-technology-stocks-facebook-fb-servicenow-now/,analystratings.com,English,0.0,gdelt_gkg
NOW,2018-07-26,CIOs want to run IT as a business and that suits ServiceNow CEO John Donahoe nicely,https://diginomica.com/2018/07/26/cios-want-to-run-it-as-a-business-and-that-suits-servicenow-ceo-john-donahoe-nicely/,diginomica.com,English,0.0,gdelt_gkg
NOW,2018-07-26,"ServiceNow : Same Old Beat , Same High Price",https://seekingalpha.com/article/4190335-servicenow-old-beat-high-price,seekingalpha.com,English,0.0,gdelt_gkg
NOW,2018-07-26,ServiceNow Admin,http://www.mobypicture.com/user/kiranmaibabu/view/20333527,mobypicture.com,English,0.0,gdelt_gkg
NOW,2018-07-26,ServiceNow Outperforms Second Quarter and Raises Top Line Guidance for Full - Year 2018,https://www.tmcnet.com/usubmit/2018/07/25/8792037.htm,tmcnet.com,English,0.0,gdelt_gkg
NOW,2018-07-26,Service visibility : A road map for IT Operations and managing your EHR system - White Papers,https://healthitanalytics.com/resources/white-papers/service-visibility-a-road-map-for-it-operations-and-managing-your-ehr-system,healthitanalytics.com,English,0.0,gdelt_gkg
NOW,2018-07-27,Brokerages Anticipate ServiceNow Inc ( NOW ) Will Post Earnings of $0 . 63 Per Share,https://www.wkrb13.com/2018/07/27/brokerages-anticipate-servicenow-inc-now-will-post-earnings-of-0-63-per-share.html,wkrb13.com,English,0.0,gdelt_gkg
NOW,2018-07-27,Business Analyst | IT - Online,https://it-online.co.za/2018/07/26/business-analyst-34/,it-online.co.za,English,0.0,gdelt_gkg
NOW,2018-07-27,"Cloud Project Portfolio Management Market to witness Astonishing Growth | Key Vendors - ServiceNow , MAVENLINK , INC ., Clarizen , Changepoint Corporation , Hewlett Packard Enterprise Development LP , CA , Upland Software",https://www.openpr.com/news/1150657/Cloud-Project-Portfolio-Management-Market-to-witness-Astonishing-Growth-Key-Vendors-ServiceNow-MAVENLINK-INC-Clarizen-Changepoint-Corporation-Hewlett-Packard-Enterprise-Development-LP-CA-Upland-Software.html,openpr.com,English,0.0,gdelt_gkg
NOW,2018-07-27,"Techs Slam Nasdaq , Intel Thumped But This Dow Jones Stock Breaks Out",https://www.investors.com/market-trend/stock-market-today/techs-nasdaq-intel-dow-jones-stock-breaks-out/,investors.com,English,0.0,gdelt_gkg
NOW,2018-07-27,"Facebook , Google , Amazon , Intel , Twitter Headline Huge Earnings Week : Weekly Review",https://www.investors.com/news/facebook-google-amazon-headline-huge-week-for-earnings-weekly-review/,investors.com,English,0.0,gdelt_gkg
NOW,2018-07-27,"It All About Social Media Contagion , Not FAANGs : Taking Stock",https://www.bloomberg.com/news/articles/2018-07-27/it-s-all-about-social-media-contagion-not-faangs-taking-stock,bloomberg.com,English,0.0,gdelt_gkg
NOW,2018-07-27,Lesson From FAANG Stock Facebook : Stay Alert For Growth Deceleration,https://www.investors.com/stock-lists/ibd-50/lesson-facebook-earnings-growth-deceleration/,investors.com,English,0.0,gdelt_gkg
NOW,2018-07-28,ServiceNow ( NOW ) PT Raised to $210 . 00,https://www.wkrb13.com/2018/07/28/servicenow-now-pt-raised-to-210-00.html,wkrb13.com,English,0.0,gdelt_gkg
NOW,2018-07-28,ServiceNow ( NOW ) PT Raised to $180 . 00,https://www.wkrb13.com/2018/07/28/servicenow-now-pt-raised-to-180-00.html,wkrb13.com,English,0.0,gdelt_gkg
NOW,2018-07-28,Keeping ahead of healthcare cyber threats,https://www.cso.com.au/article/644433/keeping-ahead-healthcare-cyber-threats/,cso.com.au,English,0.0,gdelt_gkg
NOW,2018-07-29,ServiceNow ( NOW ) Price Target Raised to $215 . 00,https://www.dailypolitical.com/2018/07/29/servicenow-now-price-target-raised-to-215-00.html,dailypolitical.com,English,0.0,gdelt_gkg
NOW,2018-07-29,Cullen Frost Bankers Inc . Has $16 . 91 Million Holdings in ServiceNow Inc ( NOW ) ,https://www.wkrb13.com/2018/07/29/cullen-frost-bankers-inc-has-16-91-million-holdings-in-servicenow-inc-now.html,wkrb13.com,English,0.0,gdelt_gkg
NOW,2018-07-29,ServiceNow ( NOW ) Price Target Raised to $205 . 00,https://www.wkrb13.com/2018/07/29/servicenow-now-price-target-raised-to-205-00.html,wkrb13.com,English,0.0,gdelt_gkg
NOW,2018-07-29,Royal Bank of Canada Reaffirms  Buy  Rating for ServiceNow ( NOW ) ,https://www.wkrb13.com/2018/07/29/royal-bank-of-canada-reaffirms-buy-rating-for-servicenow-now.html,wkrb13.com,English,0.0,gdelt_gkg
NOW,2018-07-29,ServiceNow Inc ( NOW ) Shares Sold by Mathes Company Inc . ,https://www.wkrb13.com/2018/07/29/servicenow-inc-now-shares-sold-by-mathes-company-inc.html,wkrb13.com,English,0.0,gdelt_gkg
NOW,2018-07-30,Pension Pulse : Canada Pensions in Great Shape ? ,http://pensionpulse.blogspot.com/2018/07/canadas-pensions-in-great-shape.html,pensionpulse.blogspot.com,English,0.0,gdelt_gkg
NOW,2018-07-30,CRN Exclusive : ForeScout Promotes Jonathan Corini To Global Channel Chief,https://www.crn.com/news/security/300107221/crn-exclusive-forescout-promotes-jonathan-corini-to-global-channel-chief.htm,crn.com,English,0.0,gdelt_gkg
NOW,2018-07-30,Low - Code / No - Code ? HPaPaaS ? Here What Everybody Is Missing,https://www.forbes.com/sites/jasonbloomberg/2018/07/30/low-codeno-code-hpapaas-heres-what-everybody-is-missing/,forbes.com,English,0.0,gdelt_gkg
NOW,2018-07-30,ServiceNow ( NOW ) Earns  Buy  Rating from Barclays,https://www.themarketsdaily.com/2018/07/30/servicenow-now-earns-buy-rating-from-barclays.html,themarketsdaily.com,English,0.0,gdelt_gkg
NOW,2018-07-30,"Carahsoft Partner Pavilion Features More Than 40 Technology Vendors at 2018 DoDIIS Worldwide Conference in Omaha , NE , Aug . 12 - 15",http://www.4-traders.com/news/Carahsoft-Partner-Pavilion-Features-More-Than-40-Technology-Vendors-at-2018-DoDIIS-Worldwide-Confere--27021014/,4-traders.com,English,0.0,gdelt_gkg
NOW,2018-07-30,Qualcomm to scrap $44bn deal,https://www.itweb.co.za/content/VgZeyqJAxodMdjX9,itweb.co.za,English,0.0,gdelt_gkg
NOW,2018-07-30,"Poor patching , lack of guidance leaving Australian healthcare data exposed",https://www.cso.com.au/article/644497/poor-patching-lack-guidance-leaving-australian-healthcare-data-exposed/,cso.com.au,English,0.0,gdelt_gkg
NOW,2018-07-30,Worksoft Cited As One of the Few Superior Choices Exclusively Addressing Packaged Application Testing by Independent Research Firm,http://www.4-traders.com/news/Worksoft-Cited-As-One-of-the-Few-Superior-Choices-Exclusively-Addressing-Packaged-Application-Testin--27019330/,4-traders.com,English,0.0,gdelt_gkg
NOW,2018-07-30,BML Munjal University Bridges the Gap Between BTech & Industry with  Practice School  ,http://indiaeducationdiary.in/bml-munjal-university-bridges-gap-btech-industry-practice-school/,indiaeducationdiary.in,English,0.0,gdelt_gkg
NOW,2018-07-31,Silver Services Partner Designation from ServiceNow,http://www.4-traders.com/news/Silver-Services-Partner-Designation-from-ServiceNow--27030032/,4-traders.com,English,0.0,gdelt_gkg
NOW,2018-07-31,Espressive Raises $23M To Bring Exceptional Employee Experiences to Enterprise Service Management,https://www.prnewswire.com/news-releases/espressive-raises-23m-to-bring-exceptional-employee-experiences-to-enterprise-service-management-300689098.html,prnewswire.com,English,0.0,gdelt_gkg
NOW,2018-07-31,Software maker Freshworks raises $100 million ; valuation at $1 . 5 billion,https://uk.reuters.com/article/us-cloud-freshworks-fundraising/software-maker-freshworks-raises-100-million-valuation-at-1-5-billion-idUKKBN1KL1OK,uk.reuters.com,English,0.0,gdelt_gkg
NOW,2018-07-31,Silver Services Partner Designation from ServiceNow,https://markets.businessinsider.com/news/stocks/silver-services-partner-designation-from-servicenow-1027418203,markets.businessinsider.com,English,0.0,gdelt_gkg
NOW,2018-07-31,Silver Services Partner Designation from ServiceNow,http://globenewswire.com/news-release/2018/07/31/1544918/0/en/Silver-Services-Partner-Designation-from-ServiceNow.html,globenewswire.com,English,0.0,gdelt_gkg
NOW,2018-07-31,Agencies must prepare the steady wave of connected devices,https://federalnewsradio.com/federal-insights/2018/07/agencies-must-prepare-the-steady-wave-of-connected-devices/,federalnewsradio.com,English,0.0,gdelt_gkg
NOW,2018-07-31,BMC Software : Product Overview and Analysis,http://www.eweek.com/cloud/bmc-software-product-overview-and-analysis,eweek.com,English,0.0,gdelt_gkg
NOW,2018-07-31,Introducing the New Wordsmith Extensions for Tableau by Automated Insights,https://www.prweb.com/releases/introducing_the_new_wordsmith_extensions_for_tableau_by_automated_insights/prweb15657176.htm,prweb.com,English,0.0,gdelt_gkg
NOW,2018-07-31,Software maker Freshworks raises $100 million ; valuation at $1 . 5 billion,https://www.reuters.com/article/us-cloud-freshworks-fundraising/software-maker-freshworks-raises-100-million-valuation-at-1-5-billion-idUSKBN1KL1OK,reuters.com,English,0.0,gdelt_gkg
NOW,2018-07-31,"India Freshworks raises $100 million from Accel , Sequoia and CapitalG",https://www.businessinsider.com/india-freshworks-raises-100-million-accel-sequoia-capitalg-2018-7,businessinsider.com,English,0.0,gdelt_gkg
NOW,2018-07-31,BMC Software : Product Overview and Analysis,http://www.eweek.com/it-management/bmc-software-product-overview-and-analysis,eweek.com,English,0.0,gdelt_gkg
NOW,2018-07-31,BMC Software : Product Overview and Analysis,http://www.eweek.com/big-data-and-analytics/bmc-software-product-overview-and-analysis,eweek.com,English,0.0,gdelt_gkg
NOW,2018-07-31,"Technology Stocks , Software Leaders Hit Hard By Institutional Selling",https://www.investors.com/research/ibd-industry-themes/technology-stocks-software-stocks-underperform/,investors.com,English,0.0,gdelt_gkg
NOW,2018-08-01,The Future of Financial Decision - Making Lies With AI,https://internationalbanker.com/technology/the-future-of-financial-decision-making-lies-with-ai/,internationalbanker.com,English,0.0,gdelt_gkg
NOW,2018-08-01,Carahsoft Expands Continuous Diagnostics and Mitigation Tools SIN on GSA with Dell EMC Data Protection Suite,https://www.tmcnet.com/usubmit/2018/08/01/8795562.htm,tmcnet.com,English,0.0,gdelt_gkg
NOW,2018-08-01,Stadium ballot measures : Who spending what - The San Diego Union - Tribune,http://www.sandiegouniontribune.com/business/growth-development/sd-fi-stadium-campaign-funds-20180801-story.html,sandiegouniontribune.com,English,0.0,gdelt_gkg
NOW,2018-08-01,"Global Change Management Software Market – Industry Analysis , Size , Share , Growth , Trends , and Forecast 2018 – 2026",https://www.openpr.com/news/1156772/Global-Change-Management-Software-Market-Industry-Analysis-Size-Share-Growth-Trends-and-Forecast-2018-2026.html,openpr.com,English,0.0,gdelt_gkg
NOW,2018-08-01,Zendesk : The Streak Wont Last Forever,https://seekingalpha.com/article/4192924-zendesk-streak-last-forever,seekingalpha.com,English,0.0,gdelt_gkg
NOW,2018-08-01,ThoughtSpot Names Sudheesh Nair New CEO,https://www.tmcnet.com/usubmit/2018/08/01/8795333.htm,tmcnet.com,English,0.0,gdelt_gkg
NOW,2018-08-01,Carahsoft Expands Continuous Diagnostics and Mitigation Tools SIN on GSA with Dell EMC Data Protection Suite,http://globenewswire.com/news-release/2018/08/01/1545587/0/en/Carahsoft-Expands-Continuous-Diagnostics-and-Mitigation-Tools-SIN-on-GSA-with-Dell-EMC-Data-Protection-Suite.html,globenewswire.com,English,0.0,gdelt_gkg
NOW,2018-08-01,ThoughtSpot Names Sudheesh Nair New CEO,https://www.businesswire.com/news/home/20180801005290/en/ThoughtSpot-Names-Sudheesh-Nair-New-CEO,businesswire.com,English,0.0,gdelt_gkg
NOW,2018-08-01,ThoughtSpot : Names Sudheesh Nair New CEO,http://www.4-traders.com/news/ThoughtSpot-Names-Sudheesh-Nair-New-CEO--27035773/,4-traders.com,English,0.0,gdelt_gkg
NOW,2018-08-01,Carahsoft Expands Continuous Diagnostics and Mitigation Tools SIN on GSA with Dell EMC Data Protection Suite,http://www.4-traders.com/news/Carahsoft-Expands-Continuous-Diagnostics-and-Mitigation-Tools-SIN-on-GSA-with-Dell-EMC-Data-Protecti--27036992/,4-traders.com,English,0.0,gdelt_gkg
NOW,2018-10-16,$694 . 4 Million Work Order Management Systems Market - Global Forecast to 2023 | 16 . 10 . 18,https://www.finanzen.at/nachrichten/aktien/$694-4-million-work-order-management-systems-market-global-forecast-to-2023-1027622774,finanzen.at,English,0.0,gdelt_gkg
NOW,2018-10-16,SAP® IT to Present on Agile Testing at SAP® TechEd® Barcelona Conference,http://globenewswire.com/news-release/2018/10/16/1622251/0/en/SAP-IT-to-Present-on-Agile-Testing-at-SAP-TechEd-Barcelona-Conference.html,globenewswire.com,English,0.0,gdelt_gkg
NOW,2018-10-16,3 strategies for driving customer service innovation,https://bitpipe.computerweekly.com/detail/RES/1539267592_228.html,bitpipe.computerweekly.com,English,0.0,gdelt_gkg
NOW,2018-10-16,Worksoft : SAP IT to Present on Agile Testing at SAP TechEd Barcelona Conference,https://www.finanznachrichten.de/nachrichten-2018-10/45024905-worksoft-sap-it-to-present-on-agile-testing-at-sap-teched-barcelona-conference-399.htm,finanznachrichten.de,English,0.0,gdelt_gkg
NOW,2018-10-16,$694 . 4 Million Work Order Management Systems Market - Global Forecast to 2023,https://www.tmcnet.com/usubmit/2018/10/16/8835325.htm,tmcnet.com,English,0.0,gdelt_gkg
NOW,2018-10-16,FE Investegate |Worksoft Announcements | Worksoft : SAP® IT to Present on Agile Testing at SAP ... ,https://www.investegate.co.uk/worksoft/gnw/sap--174--it-to-present-on-agile-testing-at-sap---/20181016204002H3487/,investegate.co.uk,English,0.0,gdelt_gkg
NOW,2018-10-16,"The global work order management systems market size is expected to grow from USD 414 . 1 million in 2018 to USD 694 . 6 million by 2023 , at a Compound Annual Growth Rate ( CAGR ) of 10 . 9 % ",https://www.marketwatch.com/press-release/the-global-work-order-management-systems-market-size-is-expected-to-grow-from-usd-4141-million-in-2018-to-usd-6946-million-by-2023-at-a-compound-annual-growth-rate-cagr-of-109-2018-10-16,marketwatch.com,English,0.0,gdelt_gkg
NOW,2018-10-16,"The global work order management systems market size is expected to grow from USD 414 . 1 million in 2018 to USD 694 . 6 million by 2023 , at a Compound Annual Growth Rate ( CAGR ) of 10 . 9 % ",https://www.prnewswire.com:443/news-releases/the-global-work-order-management-systems-market-size-is-expected-to-grow-from-usd-414-1-million-in-2018-to-usd-694-6-million-by-2023--at-a-compound-annual-growth-rate-cagr-of-10-9-300731947.html,prnewswire.com,English,0.0,gdelt_gkg
NOW,2018-10-16,"The global work order management systems market size is expected to grow from USD 414 . 1 million in 2018 to USD 694 . 6 million by 2023 , at a Compound Annual Growth Rate ( CAGR ) of 10 . 9 % ",https://www.tmcnet.com/usubmit/2018/10/16/8835396.htm,tmcnet.com,English,0.0,gdelt_gkg
NOW,2018-10-16,SAP® IT to Present on Agile Testing at SAP® TechEd® Barcelona Conference,https://www.euroinvestor.com/news/2018/10/16/sap-it-to-present-on-agile-testing-at-sap-teched-barcelona-conference/13911491,euroinvestor.com,English,0.0,gdelt_gkg
NOW,2018-10-16,LogMeIn Announces New Employee Support Solutions,http://it.tmcnet.com/topics/it/articles/2018/10/16/439894-logme-announces-new-employee-support-solutions.htm,it.tmcnet.com,English,0.0,gdelt_gkg
NOW,2018-10-17,ServiceNow Invests for Growth in Japan,https://finance.yahoo.com/news/servicenow-invests-growth-japan-160000390.html,finance.yahoo.com,English,0.0,gdelt_gkg
NOW,2018-10-17,Configuration Management Software Market Report 2018 - press releases,https://www.openpr.com/news/archive/204176/Configuration-Management-Software-Market-Report-2018.html,openpr.com,English,0.0,gdelt_gkg
NOW,2018-10-17,Are you ready for the data - driven management revolution ? ,https://www.cio.com/article/3314556/analytics/are-you-ready-for-the-data-driven-management-revolution.html,cio.com,English,0.0,gdelt_gkg
NOW,2018-10-17,"No job threat , AI to redefine roles",https://www.khaleejtimes.com/no-job-threat-ai--to-redefine-roles,khaleejtimes.com,English,0.0,gdelt_gkg
NOW,2018-10-17,New academic home for clinical and health informatics,https://www.med.wisc.edu/news-and-events/2018/october/clinical-health-informatics-institute/,med.wisc.edu,English,0.0,gdelt_gkg
NOW,2018-10-17,ServiceNow Invests for Growth in Japan,https://www.businesswire.com/news/home/20181017005242/en/ServiceNow-Invests-Growth-Japan/,businesswire.com,English,0.0,gdelt_gkg
NOW,2018-10-17,ServiceNow Invests for Growth in Japan,https://www.apnews.com/037cc3d53d6645aea46f25d0338cb975,apnews.com,English,0.0,gdelt_gkg
NOW,2018-10-17,ServiceNow Invests for Growth in Japan,http://www.oleantimesherald.com/business/servicenow-invests-for-growth-in-japan/article_5002c72f-2708-5dce-9b57-f74560381112.html,oleantimesherald.com,English,0.0,gdelt_gkg
NOW,2018-10-17,ServiceNow Invests for Growth in Japan,https://www.businesswire.com/news/home/20181017005242/en/ServiceNow-Invests-Growth-Japan,businesswire.com,English,0.0,gdelt_gkg
NOW,2018-10-17,ServiceNow Invests for Growth in Japan,https://www.tmcnet.com/usubmit/2018/10/17/8836040.htm,tmcnet.com,English,0.0,gdelt_gkg
NOW,2018-10-17,ServiceNow Invests for Growth in Japan | Markets Insider,https://markets.businessinsider.com/news/stocks/servicenow-invests-for-growth-in-japan-1027626454,markets.businessinsider.com,English,0.0,gdelt_gkg
NOW,2018-10-17,"ITOM Specialist , Aspire Systems Sponsoring ServiceNow Now Summit in Amsterdam",https://www.einpresswire.com/article/465332298/itom-specialist-aspire-systems-sponsoring-servicenow-now-summit-in-amsterdam,einpresswire.com,English,0.0,gdelt_gkg
NOW,2018-10-17,Survey report : Challenges & strategies for customer service managers,https://bitpipe.computerweekly.com/detail/RES/1484911140_668.html,bitpipe.computerweekly.com,English,0.0,gdelt_gkg
NOW,2018-10-17,Brokerages Set ServiceNow Inc ( NOW ) Price Target at $203 . 04,https://www.wkrb13.com/2018/10/17/brokerages-set-servicenow-inc-now-price-target-at-203-04.html,wkrb13.com,English,0.0,gdelt_gkg
NOW,2018-10-17,IT Suport Analyst Senior - Extra bonus | IT & Telecoms,https://prague.tv/en/s156/Jobs/c1369-IT-Telecoms/i39736-IT-Suport-Analyst-Senior-Extra-bonus,prague.tv,English,0.0,gdelt_gkg
NOW,2018-10-17,International Business Machines Corporation ( IBM ) Q3 2018 Results - Earnings Call Transcript,https://seekingalpha.com/article/4212031-international-business-machines-corporation-ibm-q3-2018-results-earnings-call-transcript,seekingalpha.com,English,0.0,gdelt_gkg
NOW,2018-10-17,Analyzing Avalara ( AVLR ) and ServiceNow ( NOW ) ,https://www.dailypolitical.com/2018/10/17/analyzing-avalara-avlr-and-servicenow-now.html,dailypolitical.com,English,0.0,gdelt_gkg
NOW,2018-10-17,How to keep ITSM afloat in a changing business current,https://bitpipe.computerweekly.com/detail/RES/1539267592_563.html,bitpipe.computerweekly.com,English,0.0,gdelt_gkg
NOW,2018-10-18,Accenture and ServiceNow Announce Greater Collaboration To Drive Innovation In Europe,https://www.apnews.com/ce2aa26ffec244f68e253ab9c7a9add4,apnews.com,English,0.0,gdelt_gkg
NOW,2018-10-18,Channel EMEA,http://www.channelemea.com/spip.php?article41052,channelemea.com,English,0.0,gdelt_gkg
NOW,2018-10-18,"Now Platform enabled with Backup as a Service automation using Veritas NetBackup | TechRecur : Latest Telecom Media & Technology News , Trends , Analysis , Press Releases",http://www.techrecur.com/now-platform-enabled-with-backup-as-a-service-automation-using-veritas-netbackup/,techrecur.com,English,0.0,gdelt_gkg
NOW,2018-10-18,AXP - AppBus eXperience Platform® Now Available on Carahsoft SEWP Contract,https://www.euroinvestor.com/news/2018/10/18/axp-appbus-experience-platform-now-available-on-carahsoft-sewp-contract/13912889,euroinvestor.com,English,0.0,gdelt_gkg
NOW,2018-10-18,AXP - AppBus eXperience Platform® Now Available on Carahsoft SEWP Contract,https://www.tmcnet.com/usubmit/2018/10/18/8836590.htm,tmcnet.com,English,0.0,gdelt_gkg
NOW,2018-10-18,Accenture and ServiceNow Announce Greater Collaboration To Drive Innovation In Europe,https://www.businesswire.com/news/home/20181018005254/en/Accenture-ServiceNow-Announce-Greater-Collaboration-Drive-Innovation/,businesswire.com,English,0.0,gdelt_gkg
NOW,2018-10-18,Accenture and ServiceNow Announce Greater Collaboration To Drive Innovation In Europe,https://www.tmcnet.com/usubmit/2018/10/18/8836359.htm,tmcnet.com,English,0.0,gdelt_gkg
NOW,2018-10-18,Conquering the five deadly data sins | Networks Asia,https://www.networksasia.net/article/conquering-five-deadly-data-sins.1539842333,networksasia.net,English,0.0,gdelt_gkg
NOW,2018-10-18,Accenture and ServiceNow Announce Greater Collaboration To Drive Innovation In Europe,https://www.wlns.com/ap-top-news/accenture-and-servicenow-announce-greater-collaboration-to-drive-innovation-in-europe/1532734485,wlns.com,English,0.0,gdelt_gkg
NOW,2018-10-18,"After struggling with their own drug addictions , these founders just raised $6M for a recovery app",https://www.geekwire.com/2018/struggling-drug-addictions-founders-just-raised-6m-recovery-app/,geekwire.com,English,0.0,gdelt_gkg
NOW,2018-10-18,ServiceNow Inc ( NOW ) Shares Bought by Raymond James Trust N . A . ,https://www.wkrb13.com/2018/10/18/servicenow-inc-now-shares-bought-by-raymond-james-trust-n-a.html,wkrb13.com,English,0.0,gdelt_gkg
NOW,2018-10-18,How Epicor increased ROI 104 % by improving customer service,https://bitpipe.computerweekly.com/detail/RES/1539267592_841.html,bitpipe.computerweekly.com,English,0.0,gdelt_gkg
NOW,2018-10-18,WEconnect Closes $6 . 05M in Series A Funding Round,http://www.finsmes.com/2018/10/weconnect-closes-6-05m-in-series-a-funding-round.html,finsmes.com,English,0.0,gdelt_gkg
NOW,2018-10-18,software technology,http://www.benzinga.com/topic/software-technology,benzinga.com,English,0.0,gdelt_gkg
NOW,2018-10-18,Acquisitions can be chaotic : Find out how ITSM can help,https://bitpipe.computerweekly.com/detail/RES/1539267592_880.html,bitpipe.computerweekly.com,English,0.0,gdelt_gkg
NOW,2018-10-18,Deloitte NZ launches Dell Boomi integration partnership,https://www.reseller.co.nz/article/648462/deloitte-nz-launches-dell-boomi-integration-partnership/,reseller.co.nz,English,0.0,gdelt_gkg
NOW,2018-10-18,Deloitte New Zealand announces partnership with Dell Boomi,http://www.scoop.co.nz/stories/BU1810/S00567/deloitte-new-zealand-announces-partnership-with-dell-boomi.htm,scoop.co.nz,English,0.0,gdelt_gkg
NOW,2018-10-18,"Software firm moves , for now , to New York BizLab | The Daily Gazette",https://dailygazette.com/article/2018/10/18/software-firm-moves-for-now-to-new-york-bizlab,dailygazette.com,English,0.0,gdelt_gkg
NOW,2018-10-18,ChannelLife New Zealand - Deloitte New Zealand announces partnership with Dell Boomi,http://channellife.co.nz/story/deloitte-new-zealand-announces-partnership-with-dell-boomi,channellife.co.nz,English,0.0,gdelt_gkg
NOW,2018-10-18,Accenture and ServiceNow Announce Greater Collaboration To Drive Innovation In Europe,https://www.benzinga.com/pressreleases/18/10/b12525463/accenture-and-servicenow-announce-greater-collaboration-to-drive-innov,benzinga.com,English,0.0,gdelt_gkg
NOW,2018-10-18,Accenture and ServiceNow Announce Greater Collaboration To Drive Innovation In Europe,https://www.marketwatch.com/press-release/accenture-and-servicenow-announce-greater-collaboration-to-drive-innovation-in-europe-2018-10-18,marketwatch.com,English,0.0,gdelt_gkg
NOW,2018-10-18,Virtual Instruments Takes On IBM In $20B Market,https://www.forbes.com/sites/petercohan/2018/10/18/virtual-instruments-takes-on-ibm-in-20b-market/,forbes.com,English,0.0,gdelt_gkg
NOW,2018-10-18,Accenture and ServiceNow Announce Greater Collaboration To Drive Innovation In Europe,https://www.businesswire.com/news/home/20181018005254/en/Accenture-ServiceNow-Announce-Greater-Collaboration-Drive-Innovation,businesswire.com,English,0.0,gdelt_gkg
NOW,2018-10-18,The global intelligent apps market size to grow at a CAGR of 32 . 9 % ,https://www.prnewswire.com/news-releases/the-global-intelligent-apps-market-size-to-grow-at-a-cagr-of-32-9-300733181.html,prnewswire.com,English,0.0,gdelt_gkg
NOW,2018-10-18,The global intelligent apps market size to grow at a CAGR of 32 . 9 % ,https://www.marketwatch.com/press-release/the-global-intelligent-apps-market-size-to-grow-at-a-cagr-of-329-2018-10-17,marketwatch.com,English,0.0,gdelt_gkg
NOW,2018-10-18,The global intelligent apps market size to grow at a CAGR of 32 . 9 % ,https://www.prnewswire.com:443/news-releases/the-global-intelligent-apps-market-size-to-grow-at-a-cagr-of-32-9-300733181.html,prnewswire.com,English,0.0,gdelt_gkg
NOW,2018-10-18,The global intelligent apps market size to grow at a CAGR of 32 . 9 % ,https://www.tmcnet.com/usubmit/2018/10/17/8836283.htm,tmcnet.com,English,0.0,gdelt_gkg
NOW,2018-10-18,Accenture and ServiceNow Announce Greater Collaboration To Drive Innovation In Europe,https://www.finanznachrichten.de/nachrichten-2018-10/45040167-accenture-and-servicenow-announce-greater-collaboration-to-drive-innovation-in-europe-004.htm,finanznachrichten.de,English,0.0,gdelt_gkg
NOW,2018-10-18,IT News Online - RealWire - Now Platform enabled with Backup as a Service automation using Veritas NetBackup,http://www.itnewsonline.com/realwire/Now-Platform-enabled-with-Backup-as-a-Service-automation-using-Veritas-NetBackup/22143,itnewsonline.com,English,0.0,gdelt_gkg
NOW,2018-10-18,CA adds autonomous AI for operations,https://it-online.co.za/2018/10/18/ca-adds-autonomous-ai-for-operations/,it-online.co.za,English,0.0,gdelt_gkg
NOW,2018-10-18,Now Platform enabled with Backup as a Service automation using Veritas NetBackup,https://www.realwire.com/releases/Now-Platform-enabled-with-Backup-as-a-Service-automation,realwire.com,English,0.0,gdelt_gkg
NOW,2018-10-18,CA Technologies unveils latest autonomous artificial intelligence for IT operations capabilities,https://www.itweb.co.za/content/RgeVDvPo938qKJN3,itweb.co.za,English,0.0,gdelt_gkg
NOW,2018-10-18,Alteryx ( AYX ) and ServiceNow ( NOW ) Head to Head Analysis,https://www.dailypolitical.com/2018/10/17/alteryx-ayx-and-servicenow-now-head-to-head-analysis.html,dailypolitical.com,English,0.0,gdelt_gkg
NOW,2018-10-19,Work Order Management Systems Market Expected to Reach $694 . 6 Million by 2023,https://www.ssuchronicle.com/2018/10/19/work-order-management-systems-market-expected-to-reach-694-6-million-by-2023/,ssuchronicle.com,English,0.0,gdelt_gkg
NOW,2018-10-19,Recode Daily : Uber is building tools to Uber - ize all kinds of work,https://www.recode.net/2018/10/19/17996882/uber-works-saudi-arabia-khashoggi-softbank-mnuchin-apple-palantir-fortune-benioff-brandless-tipping,recode.net,English,0.0,gdelt_gkg
NOW,2018-10-19,"Cloud Project Portfolio Managements Market 2018 Global Share , Trend , Segmentation and Forecast to 2025 – Business Strategies",https://businessstrategies24.com/cloud-project-portfolio-managements-market-2018-global-sharetrendsegmentation-and-forecast-to-2025/,businessstrategies24.com,English,0.0,gdelt_gkg
NOW,2018-10-19,HR And The Next Wave Of Digitally Driven Employee Experiences,https://www.forbes.com/sites/servicenow/2018/10/19/hr-and-the-next-wave-of-digitally-driven-employee-experiences/,forbes.com,English,0.0,gdelt_gkg
NOW,2018-10-19,The Speed of Cloud Management Acquisitions Tells Us 3 Things About the Cloud Market,https://www.business2community.com/cloud-computing/the-speed-of-cloud-management-acquisitions-tells-us-3-things-about-the-cloud-market-02131901,business2community.com,English,0.0,gdelt_gkg
NOW,2018-10-19,"Performance Analytics Market Size , Share , Sales Trends and Revenue Insights to 2022",https://www.ssuchronicle.com/2018/10/19/performance-analytics-market-size-share-sales-trends-and-revenue-insights-to-2022/,ssuchronicle.com,English,0.0,gdelt_gkg
NOW,2018-10-19,Cypress Asset Management Inc . TX Acquires 980 Shares of ServiceNow Inc ( NOW ) ,https://www.wkrb13.com/2018/10/19/cypress-asset-management-inc-tx-acquires-980-shares-of-servicenow-inc-now.html,wkrb13.com,English,0.0,gdelt_gkg
NOW,2018-10-19,Zen & the Art of OSS / BSS Transformation,https://www.lightreading.com/automation/zen-and-the-art-of-oss-bss-transformation/a/d-id/746944,lightreading.com,English,0.0,gdelt_gkg
NOW,2018-10-19,"Cloud System Management Software Market Top Technology 2018 : Cisco Systems , IBM Corp , Red Hat , Dell , HP , Etc",https://www.ssuchronicle.com/2018/10/19/cloud-system-management-software-market-top-technology-2018-cisco-systems-ibm-corp-red-hat-dell-hp-etc/,ssuchronicle.com,English,0.0,gdelt_gkg
NOW,2018-10-19,"Atlassian Falls , Software Stocks Correction Continues | Investor Business Daily",https://www.investors.com/news/technology/software-stocks-correction-valuation-growth/,investors.com,English,0.0,gdelt_gkg
NOW,2018-10-19,ServiceNow becomes a  strategic platform  for National Grid as it expands across the business,https://diginomica.com/2018/10/19/servicenow-becomes-a-strategic-platform-for-national-grid-as-it-expands-across-the-business/,diginomica.com,English,0.0,gdelt_gkg
NOW,2018-10-19,WEconnect substance abuse recovery app raises $6 . 05M,https://www.mobihealthnews.com/content/weconnects-substance-abuse-recovery-app-raises-605m,mobihealthnews.com,English,0.0,gdelt_gkg
NOW,2018-10-19,"Naver , Celltrion , Samsung Bio named Fortune  Future 50  companies",http://english.donga.com/Home/3/all/26/1509772/1,english.donga.com,English,0.0,gdelt_gkg
NOW,2018-10-19,Logic Monitor propose une surveillance multisources des infrastructures et applications,https://www.distributique.com/actualites/lire-logic-monitor-propose-une-surveillance-multisources-des-infrastructures-et-applications-28221.html,distributique.com,French,0.0,gdelt_gkg
NOW,2018-10-19,ServiceNow ( NOW ) versus SINA ( SINA ) Head to Head Review,https://www.wkrb13.com/2018/10/19/servicenow-now-versus-sina-sina-head-to-head-review.html,wkrb13.com,English,0.0,gdelt_gkg
NOW,2018-10-19,Cap sur le monitoring multisources avec LogicMonitor - Le Monde Informatique,https://www.lemondeinformatique.fr/actualites/lire-cap-sur-le-monitoring-multisources-avec-logicmonitor-73181.html,lemondeinformatique.fr,French,0.0,gdelt_gkg
NOW,2018-10-19,"Korea Naver , Celltrion , Samsung BioLogics on Fortune  Future 50  list",http://nwww.koreaherald.com/view.php?ud=20181019000397,nwww.koreaherald.com,English,0.0,gdelt_gkg
NOW,2018-10-19,Atlassian Corp PLC ( TEAM ) Q1 2019 Earnings Conference Call Transcript -- The Motley Fool,https://www.fool.com/earnings/call-transcripts/2018/10/18/atlassian-corp-plc-team-q1-2019-earnings-conferenc.aspx?source=iedfolrf0000001,fool.com,English,0.0,gdelt_gkg
NOW,2018-10-19,"Korea Naver , Celltrion , Samsung BioLogics on Fortune  Future 50  list",http://www.koreaherald.com/view.php?ud=20181019000397,koreaherald.com,English,0.0,gdelt_gkg
NOW,2018-10-19,Atlassian Corporation Plc ( TEAM ) Q1 2019 Results - Earnings Call Transcript,https://seekingalpha.com/article/4212633-atlassian-corporation-plc-team-q1-2019-results-earnings-call-transcript,seekingalpha.com,English,0.0,gdelt_gkg
NOW,2018-10-19,"DowDuPont Charge , China Growth , Currency Manipulation : CEO Daily for October 19 , 2018",http://fortune.com/2018/10/19/dowdupont-china-growth-currency-ceo-daily-for-october-19-2018/,fortune.com,English,0.0,gdelt_gkg
NOW,2018-10-20,How Belgium transformed their government ITSM,https://bitpipe.computerweekly.com/detail/RES/1539267592_168.html,bitpipe.computerweekly.com,English,0.0,gdelt_gkg
NOW,2018-10-20,Customer service management services to achieve business goals,https://bitpipe.computerweekly.com/detail/RES/1539267592_350.html,bitpipe.computerweekly.com,English,0.0,gdelt_gkg
NOW,2018-10-21,Gay Games 2022 : how the man behind Hong Kong winning bid made his dream come true,https://www.scmp.com/lifestyle/health-wellness/article/2169254/gay-games-2022-how-man-behind-hong-kongs-winning-bid-made,scmp.com,English,0.0,gdelt_gkg
NOW,2018-10-21,rurushopping . com Website Analysis and Social Media report impact : Rurushopping . com,https://www.coolsocial.net/sites/www/rurushopping.com.html,coolsocial.net,English,0.0,gdelt_gkg
NOW,2018-10-21,Zen & the Art of OSS / BSS Transformation,https://www.lightreading.com/automation/zen-and-the-art-of-oss-bss-transformation/a/d-id/746944?piddl_msgid=291627,lightreading.com,English,0.0,gdelt_gkg
NOW,2018-10-21,Zen & the Art of OSS / BSS Transformation,https://www.lightreading.com/automation/zen-and-the-art-of-oss-bss-transformation/a/d-id/746944?piddl_msgid=291626,lightreading.com,English,0.0,gdelt_gkg
NOW,2018-10-21,Movers and shakers : Rob McDonnell is new NZ Post CIO,https://www.cio.co.nz/article/648502/movers-shakers-rob-mcdonnell-new-nz-post-cio/,cio.co.nz,English,0.0,gdelt_gkg
NOW,2018-10-21,ChIPs Global Summit Report 1 : Politics and Technology - When D . C . met Silicon Valley,http://ipkitten.blogspot.com/2018/10/chips-global-summit-report-1-politics.html,ipkitten.blogspot.com,English,0.0,gdelt_gkg
NOW,2018-10-21,Technical Manager - oferta pracy,https://praca.wnp.pl/oferta_pracy/24_3116375.html,praca.wnp.pl,English,0.0,gdelt_gkg
NOW,2018-10-21,iTWire - McAfee takes a big step into the cloud with MVision,https://www.itwire.com/security/84982-mcafee-takes-a-big-step-into-the-cloud-with-mvision.html,itwire.com,English,0.0,gdelt_gkg
NOW,2018-10-21,Technical Manager - praca w handlu i przemyśle spożywczym,"http://www.portalspozywczy.pl/praca/oferty_pracy/technical-manager,24_3116375.html",portalspozywczy.pl,English,0.0,gdelt_gkg
NOW,2018-10-22,Rocketrip Announces Partnership with Fox World Travel To Help Clients Strengthen Traveler Engagement,https://www.morganton.com/entertainment/ap/rocketrip-announces-partnership-with-fox-world-travel-to-help-clients/article_0a1775e1-f117-5962-8d6b-eb1f4b153ff9.html,morganton.com,English,0.0,gdelt_gkg
NOW,2018-10-22,Virgin Trains tackles delay compensation fraud using ServiceNow | Cloud Computing,https://www.computerworlduk.com/cloud-computing/virgin-trains-tackles-delays-compensation-fraud-using-servicenow-3685459/,computerworlduk.com,English,0.0,gdelt_gkg
NOW,2018-10-22,S & P 500 : Not Every 7 % Correction Is The Same,https://seekingalpha.com/article/4213031-s-and-p-500-every-7-percent-correction,seekingalpha.com,English,0.0,gdelt_gkg
NOW,2018-10-22,"Marketing , recursos humanos e innovación en Retina LTD | Tendencias",https://retina.elpais.com/retina/2018/10/22/tendencias/1540219823_631129.html,retina.elpais.com,Spanish,0.0,gdelt_gkg
NOW,2018-10-22,Rocketrip Announces Partnership with Fox World Travel To Help Clients Strengthen Traveler Engagement,https://www.businesswire.com/news/home/20181022005180/en/Rocketrip-Announces-Partnership-Fox-World-Travel-Clients/,businesswire.com,English,0.0,gdelt_gkg
NOW,2018-10-22,Cloud Field Service Management Market Report 2018 - press releases,https://www.openpr.com/news/archive/204670/Cloud-Field-Service-Management-Market-Report-2018.html,openpr.com,English,0.0,gdelt_gkg
NOW,2018-10-22,"Nasdaq Leads Mixed Session ; Alibaba , Other China Names Jump | Investor Business Daily",https://www.investors.com/market-trend/stock-market-today/nasdaq-leads-stock-market-china-stocks-rise/,investors.com,English,0.0,gdelt_gkg
NOW,2018-10-22,3 Korean firms on Fortune  Future 50  list,http://www.nationmultimedia.com/detail/asean-plus/30356965,nationmultimedia.com,English,0.0,gdelt_gkg
NOW,2018-10-22,"Zoom CEO on the new wave of collaboration - customers want best - of - breed , with no weak links",https://diginomica.com/2018/10/22/zoom-ceo-on-the-new-wave-of-collaboration-customers-want-best-of-breed-with-no-weak-links/,diginomica.com,English,0.0,gdelt_gkg
NOW,2018-10-22,Nasdaq Up ; Will 3 Sectors Lead A Market Turnaround ? | Investor Business Daily,https://www.investors.com/market-trend/stock-market-today/nasdaq-up-will-these-3-sectors-lead-a-market-turnaround/,investors.com,English,0.0,gdelt_gkg
NOW,2018-10-22,Work Order Management Systems Market worth $694 . 6 million by 2023 according to market forecasts,https://www.whatech.com/market-research/industrial/519063-work-order-management-systems-market-worth-694-6-million-by-2023-according-to-market-forecasts,whatech.com,English,0.0,gdelt_gkg
NOW,2018-10-22,"Growth Opportunities in Global Cloud Field Service Management Market Analysis & Outlook 2025 : Salesforce . Com , Inc ., SAP SE , Oracle Corporation",https://www.ssuchronicle.com/2018/10/22/growth-opportunities-in-global-cloud-field-service-management-market-analysis-outlook-2025-salesforce-com-inc-sap-se-oracle-corporation/,ssuchronicle.com,English,0.0,gdelt_gkg
NOW,2018-10-22,Rocketrip Announces Partnership with Fox World HAPPEN TO BE Help Clients Traveler Engagement Strengthen | World News,https://forimmediaterelease.net/rocketrip-announces-partnership-with-fox-world-happen-to-be-help-clients-traveler-engagement-strengthen-608688/,forimmediaterelease.net,English,0.0,gdelt_gkg
NOW,2018-10-23,1901 Group Achieves Managed Services Provider and Sales Partner Designations from ServiceNow,https://www.marketwatch.com/press-release/1901-group-achieves-managed-services-provider-and-sales-partner-designations-from-servicenow-2018-10-23,marketwatch.com,English,0.0,gdelt_gkg
NOW,2018-10-23,1901 Group Achieves Managed Services Provider and Sales Partner Designations from ServiceNow,https://www.prnewswire.com:443/news-releases/1901-group-achieves-managed-services-provider-and-sales-partner-designations-from-servicenow-300735557.html,prnewswire.com,English,0.0,gdelt_gkg
NOW,2018-10-23,Billion Dollar Unicorns : Atlassian Prepares to Take on ServiceNow,https://www.sramanamitra.com/2018/10/23/billion-dollar-unicorns-atlassian-prepares-to-take-on-servicenow/,sramanamitra.com,English,0.0,gdelt_gkg
NOW,2018-10-23,Region News,https://www.mobihealthnews.com/region/176212/news,mobihealthnews.com,English,0.0,gdelt_gkg
NOW,2018-10-23,Dave Muoio | MobiHealthNews,https://www.mobihealthnews.com/content/dave-muoio,mobihealthnews.com,English,0.0,gdelt_gkg
NOW,2018-10-23,FixStream Expands Artificial Intelligence for IT Operations ( AIOps ) Integration into Oracle Applications,https://www.prnewswire.com/news-releases/fixstream-expands-artificial-intelligence-for-it-operations-aiops-integration-into-oracle-applications-300736107.html,prnewswire.com,English,0.0,gdelt_gkg
NOW,2018-10-23,"Oct 23 , 2018 - Chevy Chase Trust Holdings , Inc . Buys Royal Caribbean Cruises , United Continental Holdings Inc , Arista Networks Inc , Sells Foundation Medicine Inc , JD . com Inc , XL Group",https://www.gurufocus.com/news/757696/chevy-chase-trust-holdings-inc-buys-royal-caribbean-cruises-united-continental-holdings-inc-arista-networks-inc-sells-foundation-medicine-inc-jdcom-inc-xl-group,gurufocus.com,English,0.0,gdelt_gkg
NOW,2018-10-23,ServiceNow Set To Move Higher After Third Quarter Earnings Report,https://seekingalpha.com/article/4213482-servicenow-set-move-higher-third-quarter-earnings-report,seekingalpha.com,English,0.0,gdelt_gkg
NOW,2018-10-23,Advancing Amazon Connect Implementation Success in United Kingdom,https://www.benzinga.com/pressreleases/18/10/p12546492/advancing-amazon-connect-implementation-success-in-united-kingdom,benzinga.com,English,0.0,gdelt_gkg
NOW,2018-10-23,Advancing Amazon Connect Implementation Success in United Kingdom,http://directorsclub.news/2018/10/23/advancing-amazon-connect-implementation-success-in-united-kingdom/,directorsclub.news,English,0.0,gdelt_gkg
NOW,2018-10-23,Stock News Today : McDonald Leads Dow Jones ; Tesla Jumps Ahead Of Earnings,https://www.investors.com/market-trend/stock-market-today/stock-news-today-mcdonalds-verizon-earnings/,investors.com,English,0.0,gdelt_gkg
NOW,2018-10-23,Atlassian : Is This The Right Time And The Right Place For Investors To Take A Look ? ,https://seekingalpha.com/article/4213586-atlassian-right-time-right-place-investors-take-look,seekingalpha.com,English,0.0,gdelt_gkg
NOW,2018-10-23,10 Oversold Tech Stocks Ready to Rebound,https://www.investopedia.com/news/10-oversold-tech-stocks-ready-rebound/,investopedia.com,English,0.0,gdelt_gkg
NOW,2018-10-23,Advancing Amazon Connect Implementation Success in United Kingdom,http://virtual-strategy.com/2018/10/23/advancing-amazon-connect-implementation-success-in-united-kingdom/,virtual-strategy.com,English,0.0,gdelt_gkg
NOW,2018-10-23,FixStream Expands Artificial Intelligence for IT Operations ( AIOps ) Integration into Oracle Applications,https://www.prnewswire.com:443/news-releases/fixstream-expands-artificial-intelligence-for-it-operations-aiops-integration-into-oracle-applications-300736107.html,prnewswire.com,English,0.0,gdelt_gkg
NOW,2018-10-23,Obscure announces distribution agreement with Okta,https://www.itweb.co.za/content/mYZRX79PYmevOgA8,itweb.co.za,English,0.0,gdelt_gkg
NOW,2018-10-23,Advancing Amazon Connect Implementation Success in United Kingdom,https://www.ssuchronicle.com/2018/10/23/advancing-amazon-connect-implementation-success-in-united-kingdom/,ssuchronicle.com,English,0.0,gdelt_gkg
NOW,2018-10-23,Advancing Amazon Connect Implementation Success in United Kingdom,https://www.prweb.com/releases/advancing_amazon_connect_implementation_success_in_united_kingdom/prweb15842581.htm,prweb.com,English,0.0,gdelt_gkg
NOW,2018-10-23,Briefs : CITIC Telecom opens cloud centers in London and Moscow,https://www.telecomasia.net/content/briefs-citic-telecom-opens-cloud-centers-london-and-moscow,telecomasia.net,English,0.0,gdelt_gkg
NOW,2018-10-23,Advancing Amazon Connect Implementation Success in United Kingdom,http://www.prweb.com/releases/advancing_amazon_connect_implementation_success_in_united_kingdom/prweb15842581.htm,prweb.com,English,0.0,gdelt_gkg
NOW,2018-10-24,NNT Unveils the Future of Intelligent System Integrity Monitoring : Gen7R2,https://www.tmcnet.com/usubmit/2018/10/24/8840092.htm,tmcnet.com,English,0.0,gdelt_gkg
NOW,2018-10-24,NNT Unveils the Future of Intelligent System Integrity Monitoring : Gen7R2,https://www.prnewswire.com:443/news-releases/nnt-unveils-the-future-of-intelligent-system-integrity-monitoring-gen7r2-300737168.html,prnewswire.com,English,0.0,gdelt_gkg
NOW,2018-10-24,Check Point Software Technologies ( CHKP ) Q3 2018 Results - Earnings Call Transcript,https://seekingalpha.com/article/4213919-check-point-software-technologies-chkp-q3-2018-results-earnings-call-transcript,seekingalpha.com,English,0.0,gdelt_gkg
NOW,2018-10-24,Dow Jones Falls ; Will This Index Signal Future Bear Market ? | Investor Business Daily,https://www.investors.com/market-trend/stock-market-today/dow-jones-outperforms-future-bear-market/,investors.com,English,0.0,gdelt_gkg
NOW,2018-10-24,Check Point Software Technologies Ltd ( CHKP ) Q3 2018 Earnings Conference Call Transcript -- The Motley Fool,https://www.fool.com/earnings/call-transcripts/2018/10/24/check-point-software-technologies-ltd-chkp-q3-2018.aspx?source=iedfolrf0000001,fool.com,English,0.0,gdelt_gkg
NOW,2018-10-24,ServiceNow : 3Q Earnings Snapshot,http://www.oleantimesherald.com/business/servicenow-q-earnings-snapshot/article_d415bec8-01b2-5355-801d-70fae8738564.html,oleantimesherald.com,English,0.0,gdelt_gkg
NOW,2018-10-24,Before the Bell : What every Canadian investor needs to know today,https://www.theglobeandmail.com/investing/markets/inside-the-market/article-before-the-bell-what-every-canadian-investor-needs-to-know-today-26/,theglobeandmail.com,English,0.0,gdelt_gkg
NOW,2018-10-24,ServiceNow : 3Q Earnings Snapshot,https://www.starherald.com/news/nation_world/servicenow-q-earnings-snapshot/article_2c84ae2e-7162-55fe-89fb-1e212621432b.html,starherald.com,English,0.0,gdelt_gkg
NOW,2018-10-24,"Citrix , ServiceNow beat Q3 expectations",https://www.zdnet.com/article/citrix-servicenow-beat-q3-expectations/,zdnet.com,English,0.0,gdelt_gkg
NOW,2018-10-24,"Dow Jones Futures : Tesla , Microsoft , AMD Stocks Are Big Earnings Movers",https://www.investors.com/market-trend/stock-market-today/dow-jones-futures-tesla-stock-microsoft-visa-amd-earnings/,investors.com,English,0.0,gdelt_gkg
NOW,2018-10-24,"ServiceNow Stock Up As Earnings Beat , Billings Outlook Light | Investor Business Daily",https://www.investors.com/news/technology/servicenow-stock-now-ticker-earnings/,investors.com,English,0.0,gdelt_gkg
NOW,2018-10-24,ServiceNow Reports Strong Third Quarter 2018 Financial Results,https://www.businesswire.com/news/home/20181024005840/en/ServiceNow-Reports-Strong-Quarter-2018-Financial-Results,businesswire.com,English,0.0,gdelt_gkg
NOW,2018-10-24,ServiceNow opens cloud services DCs in Japan | Networks Asia,https://www.networksasia.net/article/servicenow-opens-cloud-services-dcs-japan.1540362277,networksasia.net,English,0.0,gdelt_gkg
NOW,2018-10-24,"Ignore The Doomsayers : Reasons To Watch ServiceNow , Inc . ( NOW ), Government Properties Income Trust ( GOV ) ",https://www.gvtimes.com/2018/10/24/ignore-the-doomsayers-reasons-to-watch-servicenow-inc-now-government-properties-income-trust-gov/,gvtimes.com,English,0.0,gdelt_gkg
NOW,2018-10-24,"Oct 23 , 2018 - Geneva Partners , LLC Buys Invesco Senior Loan , Dollar General Corp , Autodesk Inc , Sells iShares Core MSCI Emerging Markets , Alibaba Group Holding , Vanguard FTSE All World Ex US",https://www.gurufocus.com/news/758074/geneva-partners-llc-buys-invesco-senior-loan-dollar-general-corp-autodesk-inc-sells-ishares-core-msci-emerging-markets-alibaba-group-holding-vanguard-ftse-all-world-ex-us,gurufocus.com,English,0.0,gdelt_gkg
NOW,2018-10-24,Cloud service management tech drops cost per ticket by 15 . 5 % at Rogers Behavioral Health,https://www.healthcareitnews.com/news/cloud-service-management-tech-drops-cost-ticket-155-rogers-behavioral-health,healthcareitnews.com,English,0.0,gdelt_gkg
NOW,2018-10-24,Billion - Dollar Unicorns : Atlassian Prepares To Take On ServiceNow,https://seekingalpha.com/article/4213625-billion-dollar-unicorns-atlassian-prepares-take-servicenow,seekingalpha.com,English,0.0,gdelt_gkg
NOW,2018-10-25,2018 Deloitte Top 200 Business Awards Finalists,http://www.scoop.co.nz/stories/BU1810/S00744/2018-deloitte-top-200-business-awards-finalists.htm,scoop.co.nz,English,0.0,gdelt_gkg
NOW,2018-10-25,"ServiceNow : With Revenue Slowing Down , Its Best Days Are Behind It",https://seekingalpha.com/article/4214557-servicenow-revenue-slowing-best-days-behind,seekingalpha.com,English,0.0,gdelt_gkg
NOW,2018-10-25,ServiceNow ( NOW ) Announces Earnings Results,https://www.wkrb13.com/2018/10/25/servicenow-now-announces-earnings-results.html,wkrb13.com,English,0.0,gdelt_gkg
NOW,2018-10-25,"ServiceNow , Inc . ( NOW ) is at $170 . 21 per share and Dana Incorporated ( DAN ) is listed at $15 . 41 – Stocks Gallery",http://www.stocksgallery.com/2018/10/25/servicenow-inc-now-is-at-170-21-per-share-and-dana-incorporated-dan-is-listed-at-15-41/,stocksgallery.com,English,0.0,gdelt_gkg
NOW,2018-10-25,Revealed : Deloitte Top 200 Award finalists,https://www.nzherald.co.nz/business/news/article.cfm?c_id=3&objectid=12148756,nzherald.co.nz,English,0.0,gdelt_gkg
NOW,2018-10-25,BiZZdesign named a Leader in 2018 Gartner Magic Quadrant for Enterprise Architecture Tools,https://www.prweb.com/releases/bizzdesign_named_a_leader_in_2018_gartner_magic_quadrant_for_enterprise_architecture_tools/prweb15862273.htm,prweb.com,English,0.0,gdelt_gkg
NOW,2018-10-25,SaaS Myths (# 1 ) -- Great SaaS Companies Dont Have Professional Services,https://www.forbes.com/sites/bryanstolle/2018/10/25/saas-myths-1-great-saas-companies-dont-have-professional-services/,forbes.com,English,0.0,gdelt_gkg
NOW,2018-10-25,Five9 Aims To Unlock Insight From Contact Center With Artificial Intelligence,https://www.forbes.com/sites/maribellopez/2018/10/25/five9-aims-to-unlock-insight-from-contact-center-with-artificial-intelligence/,forbes.com,English,0.0,gdelt_gkg
NOW,2018-10-25,Carahsoft and LinkedIn Expand Partnership to Provide LinkedIn Learning to the Public Sector,https://www.tmcnet.com/usubmit/2018/10/25/8840818.htm,tmcnet.com,English,0.0,gdelt_gkg
NOW,2018-10-25,Government opens up for ServiceNow as customer growth continues to swell,https://diginomica.com/2018/10/25/government-opens-up-for-servicenow-as-customer-growth-continues-to-swell/,diginomica.com,English,0.0,gdelt_gkg
NOW,2018-10-25,ServiceNow pitches platform play to enable government digital transformation,https://government.diginomica.com/2018/10/25/servicenow-pitches-platform-play-to-enable-government-digital-transformation/,government.diginomica.com,English,0.0,gdelt_gkg
NOW,2018-10-25,ServiceNow ( NOW ) Q3 2018 Results - Earnings Call Transcript,https://seekingalpha.com/article/4214118-servicenow-now-q3-2018-results-earnings-call-transcript,seekingalpha.com,English,0.0,gdelt_gkg
NOW,2018-10-25,ServiceNow ( NOW ) Receives a Hold from Oppenheimer,http://www.analystratings.com/articles/servicenow-now-receives-a-hold-from-oppenheimer/,analystratings.com,English,0.0,gdelt_gkg
NOW,2018-10-25,ServiceNow : 3Q Earnings Snapshot,https://www.sfgate.com/business/article/ServiceNow-3Q-Earnings-Snapshot-13333627.php,sfgate.com,English,0.0,gdelt_gkg
NOW,2018-10-25,Citrix Systems Inc ( CTXS ) Q3 2018 Earnings Conference Call Transcript -- The Motley Fool,https://www.fool.com/earnings/call-transcripts/2018/10/24/citrix-systems-inc-ctxs-q3-2018-earnings-conferenc.aspx?source=iedfolrf0000001,fool.com,English,0.0,gdelt_gkg
NOW,2018-10-25,ServiceNow to open new cloud data centers in Japan,https://www.telecomasia.net/content/servicenow-open-new-cloud-data-centers-japan,telecomasia.net,English,0.0,gdelt_gkg
NOW,2018-10-26,ServiceNow Counting on AI and Natural Language for Growth,https://www.sramanamitra.com/2018/10/26/servicenow-counting-on-ai-and-natural-language-for-growth/,sramanamitra.com,English,0.0,gdelt_gkg
NOW,2018-10-26,IT Asset Management Software market forecast to 2023 just published,https://www.whatech.com/market-research/it/523479-it-asset-management-software-market-forecast-to-2023-just-published,whatech.com,English,0.0,gdelt_gkg
NOW,2018-10-26,AIOps Supplier FixStream Announces New Oracle Application Integrations,http://it.tmcnet.com/topics/it/articles/2018/10/26/440033-aiops-supplier-fixstream-announces-new-oracle-application-integrations.htm,it.tmcnet.com,English,0.0,gdelt_gkg
NOW,2018-10-26,"Stock Market Rout As Amazon , Google , Microsoft , Tesla , Boeing Headline Earnings : Weekly Review",https://www.investors.com/news/stocks-market-rout-amazon-google-microsoft-tesla-boeing-earnings/,investors.com,English,0.0,gdelt_gkg
NOW,2018-10-26,Leading IT Provider Champion Solutions Group Acquires systemiC,https://www.prweb.com/releases/leading_it_provider_champion_solutions_group_acquires_systemic/prweb15870549.htm,prweb.com,English,0.0,gdelt_gkg
NOW,2018-10-26,"ServiceNow ( NOW ) Releases Earnings Results , Beats Estimates By $0 . 61 EPS",https://www.themarketsdaily.com/2018/10/26/servicenow-now-releases-earnings-results-beats-estimates-by-0-61-eps.html,themarketsdaily.com,English,0.0,gdelt_gkg
NOW,2018-10-26,Владимир Путин предложил доработать стратегию национального развития России,https://www.nakanune.ru/news/2018/10/26/22523158/,nakanune.ru,Russian,0.0,gdelt_gkg
NOW,2018-10-26,CIO Summit : The CIO Role in Enabling Speed to Market and Competitive Differentiation Will Power the Discussion at HMG Strategy Upcoming San Diego Technology Executive Conference,https://www.prnewswire.com:443/news-releases/cio-summit-the-cios-role-in-enabling-speed-to-market-and-competitive-differentiation-will-power-the-discussion-at-hmg-strategys-upcoming-san-diego-technology-executive-conference-300738831.html,prnewswire.com,English,0.0,gdelt_gkg
NOW,2018-10-26,CIO Summit : The CIO Role in Enabling Speed to Market and Competitive Differentiation Will Power the Discussion at HMG Strategy Upcoming San Diego Technology Executive Conference,https://www.tmcnet.com/usubmit/2018/10/26/8841577.htm,tmcnet.com,English,0.0,gdelt_gkg
NOW,2018-10-26,Top Stock HealthEquity Weathers The Stock Market Storm | Investor Business Daily,https://www.investors.com/stock-lists/sector-leaders/top-stock-healthequity-stock/,investors.com,English,0.0,gdelt_gkg
NOW,2018-10-26,CIO Summit : The CIO Role in Enabling Speed to Market and Competitive Differentiation Will Power the Discussion at HMG Strategy Upcoming San Diego Technology Executive Conference,https://markets.businessinsider.com/news/stocks/cio-summit-the-cio-s-role-in-enabling-speed-to-market-and-competitive-differentiation-will-power-the-discussion-at-hmg-strategy-s-upcoming-san-diego-technology-executive-conference-1027660549,markets.businessinsider.com,English,0.0,gdelt_gkg
NOW,2018-10-26,  It Will Rock The ServiceNow World : Champion Solutions Group Acquires systemiC,https://www.crn.com/news/managed-services/-it-will-rock-the-servicenow-world-champion-solutions-group-acquires-systemic,crn.com,English,0.0,gdelt_gkg
NOW,2018-10-26,CIO Summit : The CIO Role in Enabling Speed to Market and Competitive Differentiation Will Power the Discussion at HMG Strategy Upcoming San Diego Technology Executive Conference,https://www.prnewswire.com/news-releases/cio-summit-the-cios-role-in-enabling-speed-to-market-and-competitive-differentiation-will-power-the-discussion-at-hmg-strategys-upcoming-san-diego-technology-executive-conference-300738831.html,prnewswire.com,English,0.0,gdelt_gkg
NOW,2018-10-26,Сделать выход на американский рынок : опыт компании FriendlyData,https://rb.ru/opinion/friendly-market/,rb.ru,Russian,0.0,gdelt_gkg
NOW,2018-10-26,Leading IT Provider Champion Solutions Group Acquires systemiC,https://www.ssuchronicle.com/2018/10/26/leading-it-provider-champion-solutions-group-acquires-systemic/,ssuchronicle.com,English,0.0,gdelt_gkg
NOW,2018-10-26,How Virgin Trains is tackling delay compensation fraud using ServiceNow,https://www.arnnet.com.au/article/648752/how-virgin-trains-tackling-delay-compensation-fraud-using-servicenow/,arnnet.com.au,English,0.0,gdelt_gkg
NOW,2018-10-26,How Virgin Trains is tackling delay compensation fraud using ServiceNow,https://www.reseller.co.nz/article/648752/how-virgin-trains-tackling-delay-compensation-fraud-using-servicenow/,reseller.co.nz,English,0.0,gdelt_gkg
NOW,2018-10-26,auckland . scoop . co . nz » 2018 Deloitte Top 200 Business Awards Finalists,http://auckland.scoop.co.nz/2018/10/2018-deloitte-top-200-business-awards-finalists/,auckland.scoop.co.nz,English,0.0,gdelt_gkg
NOW,2018-10-26,ServiceNow ( NOW ) Stock Price Down 6 . 4 % on Analyst Downgrade,https://www.wkrb13.com/2018/10/26/servicenow-now-stock-price-down-6-4-on-analyst-downgrade.html,wkrb13.com,English,0.0,gdelt_gkg
NOW,2018-10-27,ServiceNow ( NOW ) Shares Gap Down to $172 . 63,https://www.dailypolitical.com/2018/10/27/servicenow-now-shares-gap-down-to-172-63.html,dailypolitical.com,English,0.0,gdelt_gkg
NOW,2018-10-27,Secret To DevOps Success ? Be Like Lennon And McCartney,https://www.forbes.com/sites/jasonbloomberg/2018/10/27/secret-to-devops-success-be-like-lennon-and-mccartney/,forbes.com,English,0.0,gdelt_gkg
NOW,2018-10-27,ServiceNow Inc ( NOW ) Stake Lessened by First Quadrant L P CA,https://www.tickerreport.com/banking-finance/3885811/servicenow-inc-now-stake-lessened-by-first-quadrant-l-p-ca.html,tickerreport.com,English,0.0,gdelt_gkg
NOW,2018-10-27,ServiceNow Counting On AI And Natural Language For Growth,https://seekingalpha.com/article/4215086-servicenow-counting-ai-natural-language-growth,seekingalpha.com,English,0.0,gdelt_gkg
NOW,2018-10-28,Microsoft Jobs in Urfahr - Umgebung ( Bezirk ) | aktuell 2 offen,https://www.karriere.at/jobs/microsoft/urfahr-umgebung-bezirk,karriere.at,German,0.0,gdelt_gkg
NOW,2018-10-28,ridemedtrust . com MedTrust Ambulance Services in Charleston and Myrtle Beach,https://www.coolsocial.net/sites/www/ridemedtrust.com.html,coolsocial.net,English,0.0,gdelt_gkg
NOW,2018-10-29,Refresh18 – tendencias en el soporte y experiencia de clientes para PyMEs,https://wwwhatsnew.com/2018/10/29/refresh18-tendencias-en-el-soporte-y-experiencia-de-clientes-para-pymes/,wwwhatsnew.com,Spanish,0.0,gdelt_gkg
NOW,2018-10-29,"Carahsoft Hosts 2018 Adobe Digital Government Technology Conference November 7 in Washington , D . C . ",https://www.benzinga.com/pressreleases/18/10/g12585427/carahsoft-hosts-2018-adobe-digital-government-technology-conference-no,benzinga.com,English,0.0,gdelt_gkg
NOW,2018-10-29,ServiceNow Invests for Growth in Japan,https://www.servicenow.com/company/media/press-room/servicenow-invests-for-growth-in-japan.html,servicenow.com,English,0.0,gdelt_gkg
NOW,2018-10-29,"NTT DATA Services to Acquire Sierra Systems , Expanding Capabilities in Canada",https://www.tmcnet.com/usubmit/2018/10/29/8842282.htm,tmcnet.com,English,0.0,gdelt_gkg
NOW,2018-10-29,"NTT DATA Services to Acquire Sierra Systems , Expanding Capabilities in Canada",https://www.businesswire.com/news/home/20181029005677/en/NTT-DATA-Services-Acquire-Sierra-Systems-Expanding,businesswire.com,English,0.0,gdelt_gkg
NOW,2018-10-29,"Carahsoft Hosts 2018 Adobe Digital Government Technology Conference November 7 in Washington , D . C . ",https://www.tmcnet.com/usubmit/2018/10/29/8842280.htm,tmcnet.com,English,0.0,gdelt_gkg
NOW,2018-10-29,"NTT DATA Services to Acquire Sierra Systems , Expanding Capabilities in Canada - Press Release",http://www.digitaljournal.com/pr/4001500,digitaljournal.com,English,0.0,gdelt_gkg
NOW,2018-10-29,"NTT DATA Services to Acquire Sierra Systems , Expanding Capabilities in Canada",https://www.apnews.com/122257ba67a94ef393fcd6188a968ba7,apnews.com,English,0.0,gdelt_gkg
NOW,2018-10-29,"NTT DATA Services to Acquire Sierra Systems , Expanding Capabilities in Canada",https://apnews.com/122257ba67a94ef393fcd6188a968ba7,apnews.com,English,0.0,gdelt_gkg
NOW,2018-10-29,"NTT DATA Services to Acquire Sierra Systems , Expanding Capabilities in Canada",https://www.businesswire.com/news/home/20181029005677/en/NTT-DATA-Services-Acquire-Sierra-Systems-Expanding/,businesswire.com,English,0.0,gdelt_gkg
NOW,2018-10-29,"IBM Red Hat acquisition is a  desperate deal , says analyst",https://www.cnbc.com/2018/10/29/ibms-red-hat-acquisition-is-a-desperate-deal-says-analyst.html,cnbc.com,English,0.0,gdelt_gkg
NOW,2018-10-29,"Carahsoft Hosts 2018 Adobe Digital Government Technology Conference November 7 in Washington , D . C . ",https://globenewswire.com/news-release/2018/10/29/1638570/0/en/Carahsoft-Hosts-2018-Adobe-Digital-Government-Technology-Conference-November-7-in-Washington-D-C.html,globenewswire.com,English,0.0,gdelt_gkg
NOW,2018-10-29,"NTT DATA Services to Acquire Sierra Systems , Expanding Capabilities in Canada",http://www.oleantimesherald.com/business/ntt-data-services-to-acquire-sierra-systems-expanding-capabilities-in/article_74705b8a-e9a0-5527-80f3-fb606a1de2e7.html,oleantimesherald.com,English,0.0,gdelt_gkg
NOW,2018-10-29,IBM US$33B Red Hat deal leaves Wall Street weighing who next,https://www.bnnbloomberg.ca/ibm-s-us-33b-red-hat-deal-leaves-wall-street-weighing-who-s-next-1.1159741,bnnbloomberg.ca,English,0.0,gdelt_gkg
NOW,2018-10-29,These 6 Software Stocks Could Be Takeover Targets After Red Hat Deal,https://www.barrons.com/articles/these-6-software-stocks-could-be-takeover-targets-after-red-hat-deal-1540830137,barrons.com,English,0.0,gdelt_gkg
NOW,2018-10-29,"Carahsoft Hosts 2018 Adobe Digital Government Technology Conference November 7 in Washington , D . C . ",http://www.mobilitytechzone.com/lte/news/2018/10/29/8842280.htm,mobilitytechzone.com,English,0.0,gdelt_gkg
NOW,2018-10-29,"NTT DATA Services to Acquire Sierra Systems , Expanding Capabilities in Canada",https://ottawacitizen.com/pmn/press-releases-pmn/business-wire-news-releases-pmn/ntt-data-services-to-acquire-sierra-systems-expanding-capabilities-in-canada/wcm/41468318-de3f-46b7-a594-6101dc2bbbd5,ottawacitizen.com,English,0.0,gdelt_gkg
NOW,2018-10-29,NTT Data Services To Buy Canadian IT Consulting Company Sierra Systems,https://www.crn.com/news/channel-programs/ntt-data-services-to-buy-canadian-it-consulting-company-sierra-systems,crn.com,English,0.0,gdelt_gkg
NOW,2018-10-29,Dow Jones Up ; Most Growth Stocks Face Technical Test | Investor Business Daily,https://www.investors.com/market-trend/stock-market-today/dow-jones-up-nasdaq-growth-stocks/,investors.com,English,0.0,gdelt_gkg
NOW,2018-10-29,"NTT DATA Services to Acquire Sierra Systems , Expanding Capabilities in Canada",https://www.marketwatch.com/press-release/ntt-data-services-to-acquire-sierra-systems-expanding-capabilities-in-canada-2018-10-29,marketwatch.com,English,0.0,gdelt_gkg
NOW,2018-10-29,Cullen Frost Bankers Inc . Trims Position in ServiceNow Inc ( NOW ) ,https://www.wkrb13.com/2018/10/29/cullen-frost-bankers-inc-trims-position-in-servicenow-inc-now.html,wkrb13.com,English,0.0,gdelt_gkg
NOW,2018-10-29,Who Next ?: Acquisition Rumors Abound After IBM $34 Billion Red Hat Splash,https://realmoney.thestreet.com/articles/10/29/2018/whos-next-acquisition-rumors-abound-after-ibms-34-billion-red-hat-splash,realmoney.thestreet.com,English,0.0,gdelt_gkg
NOW,2018-10-29,Logiciels dentreprise # 3 : Le low code simpose en entreprise,https://www.linformaticien.com/actualites/id/50629/logiciels-d-entreprise-3-le-low-code-s-impose-en-entreprise.aspx,linformaticien.com,French,0.0,gdelt_gkg
NOW,2018-10-29,Stock Market Rally ; Dow Jones Gains 300 Points | Investor Business Daily,https://www.investors.com/market-trend/stock-market-today/dow-jones-stock-market-news/,investors.com,English,0.0,gdelt_gkg
NOW,2018-10-29,A $33 Billion Opportunity Just Presented Itself : Taking Stock - Economia e Finanza,https://finanza.repubblica.it/Bloomberg/2018/10/29/a_33_billion_opportunity_just_presented_itself_taking_stock-PH80O16JTSE901_BLF/,finanza.repubblica.it,English,0.0,gdelt_gkg
NOW,2018-10-29,Four Common Mistakes In Understanding Oracle Cloud Troubles,https://www.forbes.com/sites/danwoods/2018/10/29/four-common-mistakes-in-understanding-oracles-cloud-troubles/,forbes.com,English,0.0,gdelt_gkg
NOW,2018-10-29,Microsoft regains its spot,https://www.itweb.co.za/content/RgeVDqPojPWMKJN3,itweb.co.za,English,0.0,gdelt_gkg
NOW,2018-10-29,IT Projektkoordinator Jobs in Linz | aktuell 5 offen,https://www.karriere.at/jobs/it-projektkoordinator/linz,karriere.at,German,0.0,gdelt_gkg
NOW,2018-10-29,"Workday , Okta , MongoDB , other cloud M & A targets after IBM - Red Hat",https://www.cnbc.com/2018/10/29/workday-okta-mongodb-other-cloud-ma-targets-after-ibm-red-hat.html,cnbc.com,English,0.0,gdelt_gkg
NOW,2018-10-30,New initiative wants to turn UT student IDs digital,http://dailytexanonline.com/2018/10/30/new-initiative-wants-to-turn-ut-student-ids-digital,dailytexanonline.com,English,0.0,gdelt_gkg
NOW,2018-10-30,Octo Awarded $75M Contract to Provide Full Range of Information Technology & Infrastructure Services to the National Cancer Institute,https://www.marketwatch.com/press-release/octo-awarded-75m-contract-to-provide-full-range-of-information-technology-infrastructure-services-to-the-national-cancer-institute-2018-10-30,marketwatch.com,English,0.0,gdelt_gkg
NOW,2018-10-30,Octo Awarded $75M Contract to Provide Full Range of Information Technology & Infrastructure Services to the National Cancer Institute,https://www.tmcnet.com/usubmit/2018/10/30/8842642.htm,tmcnet.com,English,0.0,gdelt_gkg
NOW,2018-10-30,Octo Awarded $75M Contract to Provide Full Range of Information Technology & Infrastructure Services to the National Cancer Institute,https://www.businesswire.com/news/home/20181030005220/en/Octo-Awarded-75M-Contract-Provide-Full-Range/,businesswire.com,English,0.0,gdelt_gkg
NOW,2018-10-30,Moody Lynn & Lieberson LLC Has $1 . 21 Million Stake in ServiceNow Inc ( NOW ) ,https://www.wkrb13.com/2018/10/30/moody-lynn-lieberson-llc-has-1-21-million-stake-in-servicenow-inc-now.html,wkrb13.com,English,0.0,gdelt_gkg
NOW,2018-10-30,Logicalis Expands IoT Support for Manufacturing Industry,https://www.prnewswire.com/news-releases/logicalis-expands-iot-support-for-manufacturing-industry-300740482.html,prnewswire.com,English,0.0,gdelt_gkg
NOW,2018-10-30,Logicalis Expands IoT Support for Manufacturing Industry,https://www.prnewswire.com:443/news-releases/logicalis-expands-iot-support-for-manufacturing-industry-300740482.html,prnewswire.com,English,0.0,gdelt_gkg
NOW,2018-10-30,Logicalis Expands IoT Support for Manufacturing Industry,https://www.marketwatch.com/press-release/logicalis-expands-iot-support-for-manufacturing-industry-2018-10-30,marketwatch.com,English,0.0,gdelt_gkg
NOW,2018-10-30,NTT Data Services to acquire Canada Sierra Systems,https://www.telecompaper.com/news/ntt-data-services-to-acquire-canadas-sierra-systems--1267021,telecompaper.com,English,0.0,gdelt_gkg
NOW,2018-10-30,7 Vanguard Index Funds to Buy for a Complete Portfolio,https://investorplace.com/2018/10/7-vanguard-index-funds-for-a-complete-portfolio/,investorplace.com,English,0.0,gdelt_gkg
NOW,2018-10-30,Enterprise IT Management Suites Software Market 2018 : Current Trends and Future Scope 2023,https://www.ssuchronicle.com/2018/10/30/enterprise-it-management-suites-software-market-2018-current-trends-and-future-scope-2023/,ssuchronicle.com,English,0.0,gdelt_gkg
NOW,2018-10-30,Logicalis Partners with N3N to Expand IoT Support for Manufacturing Industry,https://www.marketwatch.com/press-release/logicalis-partners-with-n3n-to-expand-iot-support-for-manufacturing-industry-2018-10-30,marketwatch.com,English,0.0,gdelt_gkg
NOW,2018-10-30,"First Trust Advisors LP Sells 105 , 561 Shares of ServiceNow Inc ( NOW ) ",https://www.wkrb13.com/2018/10/30/first-trust-advisors-lp-sells-105561-shares-of-servicenow-inc-now.html,wkrb13.com,English,0.0,gdelt_gkg
NOW,2018-10-30,FireEye Stock Rises As FireEye Earnings Top Estimates | Investor Business Daily,https://www.investors.com/news/technology/fireeye-stock-feye-reports-earnings/,investors.com,English,0.0,gdelt_gkg
NOW,2018-10-30,NTT Data to acquire Canada Sierra Systems – FinTech Futures,https://www.bankingtech.com/2018/10/ntt-data-to-acquire-canadas-sierra-systems/,bankingtech.com,English,0.0,gdelt_gkg
NOW,2018-10-30,"Carahsoft Hosts 2018 Adobe Digital Government Technology Conference November 7 in Washington , D . C . ",https://www.einpresswire.com/article/466638283/carahsoft-hosts-2018-adobe-digital-government-technology-conference-november-7-in-washington-d-c,einpresswire.com,English,0.0,gdelt_gkg
NOW,2018-10-30,"Oct 30 , 2018 - Ardevora Asset Management LLP Buys Tandem Diabetes Care Inc , DexCom Inc , Chipotle Mexican Grill Inc , Sells Mastercard Inc , IDEXX Laboratories Inc , MSCI Inc",https://www.gurufocus.com/news/762021/ardevora-asset-management-llp-buys-tandem-diabetes-care-inc-dexcom-inc-chipotle-mexican-grill-inc-sells-mastercard-inc-idexx-laboratories-inc-msci-inc,gurufocus.com,English,0.0,gdelt_gkg
NOW,2018-10-30,Global : IT Asset Management Market 2018 – MilTech,https://www.military-technologies.net/2018/10/30/global-it-asset-management-market-2018/,military-technologies.net,English,0.0,gdelt_gkg
NOW,2018-10-31,"Gilder Gagnon Howe & Co . LLC Sells 4 , 313 Shares of ServiceNow Inc ( NOW ) ",https://www.wkrb13.com/2018/10/31/gilder-gagnon-howe-co-llc-sells-4313-shares-of-servicenow-inc-now.html,wkrb13.com,English,0.0,gdelt_gkg
NOW,2018-10-31,"Oct 30 , 2018 - Sander Capital Advisors Inc Buys Salesforce . com Inc , ServiceNow Inc , Palo Alto Networks Inc , Sells Facebook Inc , Netflix Inc , The Home Depot Inc",https://www.gurufocus.com/news/762143/sander-capital-advisors-inc-buys-salesforcecom-inc-servicenow-inc-palo-alto-networks-inc-sells-facebook-inc-netflix-inc-the-home-depot-inc,gurufocus.com,English,0.0,gdelt_gkg
NOW,2018-10-31,ServiceNow Inc ( NOW ) Shares Bought by Frontier Capital Management Co . LLC,https://www.dailypolitical.com/2018/10/31/servicenow-inc-now-shares-bought-by-frontier-capital-management-co-llc.html,dailypolitical.com,English,0.0,gdelt_gkg
NOW,2018-10-31,"Acqueon Announces a Suite of Proactive Engagement Products that Drive Effortless Customer and Agent Experience , at the Cisco Customer Journey Sales Summit , New Orleans",https://www.prweb.com/releases/acqueon_announces_a_suite_of_proactive_engagement_products_that_drive_effortless_customer_and_agent_experience_at_the_cisco_customer_journey_sales_summit_new_orleans/prweb15879577.htm,prweb.com,English,0.0,gdelt_gkg
NOW,2018-10-31,6 Tech Stocks Seen Rising on Takeovers After Red Hat,https://www.investopedia.com/news/6-tech-stocks-seen-rising-takeovers-after-red-hat/,investopedia.com,English,0.0,gdelt_gkg
NOW,2018-10-31,"Oct 31 , 2018 - Harvest Fund Management Co ., Ltd Buys Salesforce . com Inc , ServiceNow Inc , Apple Inc , Sells TAL Education Group , New Oriental Education & Technology Group Inc , Baozun Inc",https://www.gurufocus.com/news/762358/harvest-fund-management-co-ltd-buys-salesforcecom-inc-servicenow-inc-apple-inc-sells-tal-education-group-new-oriental-education--technology-group-inc-baozun-inc,gurufocus.com,English,0.0,gdelt_gkg
NOW,2018-10-31,IT Management as a Service Market | Size | Analysis | Share | Outlook to 2023 – Chronicle India,https://thechronicleindia.com/it-management-as-a-service-market-size-analysis-share-outlook-to-2023/,thechronicleindia.com,English,0.0,gdelt_gkg
NOW,2018-10-31,Qualys ( QLYS ) Q3 2018 Results - Earnings Call Transcript,https://seekingalpha.com/article/4216212-qualys-qlys-q3-2018-results-earnings-call-transcript,seekingalpha.com,English,0.0,gdelt_gkg
NOW,2018-10-31,Data # 3 scores managed services deal with McGrath Estate Agents,https://www.arnnet.com.au/article/648972/data-3-scores-managed-services-deal-mcgrath-estate-agents/,arnnet.com.au,English,0.0,gdelt_gkg
NOW,2018-10-31,Stock Market Today Again Rallies To Close Bad October | Investor Business Daily,https://www.investors.com/market-trend/stock-market-today/stock-market-today-rally-again-market-bottom/,investors.com,English,0.0,gdelt_gkg
NOW,2018-10-31,New Dividend Gives Citrix Systems Fresh Growth Runways,https://seekingalpha.com/article/4216686-new-dividend-gives-citrix-systems-fresh-growth-runways,seekingalpha.com,English,0.0,gdelt_gkg
NOW,2018-10-31,1Mby1M Virtual Accelerator Investor Forum : With Ravi Mohan of Shasta Ventures ( Part 3 ) ,https://www.sramanamitra.com/2018/10/31/1mby1m-virtual-accelerator-investor-forum-with-ravi-mohan-of-shasta-ventures-part-3/,sramanamitra.com,English,0.0,gdelt_gkg
NOW,2018-10-31,FANG Stocks Boost Nasdaq ; Bull Run Needs This Sector | Investor Business Daily,https://www.investors.com/market-trend/stock-market-today/facebook-fang-stocks-nasdaq/,investors.com,English,0.0,gdelt_gkg
NOW,2018-11-01,"Nov 01 , 2018 - Elfun Trusts Buys Walt Disney Co , Corning Inc , ServiceNow Inc , Sells Comcast Corp , Intuit Inc , Salesforce . com Inc",https://www.gurufocus.com/news/763844/elfun-trusts-buys-walt-disney-co-corning-inc-servicenow-inc-sells-comcast-corp-intuit-inc-salesforcecom-inc,gurufocus.com,English,0.0,gdelt_gkg
NOW,2018-11-01,Atlassian : At - Long - Lass,https://seekingalpha.com/article/4217230-atlassian-long-lass,seekingalpha.com,English,0.0,gdelt_gkg
NOW,2018-11-01,OpsHub Announces Integration Support for Perforce Software Helix ALM,https://www.prweb.com/releases/opshub_announces_integration_support_for_perforce_softwares_helix_alm/prweb15885924.htm,prweb.com,English,0.0,gdelt_gkg
NOW,2018-11-01,11 Critical Visualizations for SD - WAN Success,https://networkcomputing.com/NETWORKING/11-CRITICAL-VISUALIZATIONS-SD-WAN-SUCCESS/114761690,networkcomputing.com,English,0.0,gdelt_gkg
NOW,2018-11-01,ServiceNow ( NOW ) Trading Up 7 . 4 % ,https://www.wkrb13.com/2018/11/01/servicenow-now-trading-up-7-4.html,wkrb13.com,English,0.0,gdelt_gkg
NOW,2018-12-05,Tangoe Acquires MOBI To Become Global Managed Mobility Services Leader,https://www.businesswire.com/news/home/20181205005434/en/Tangoe-Acquires-MOBI-Global-Managed-Mobility-Services/,businesswire.com,English,0.0,gdelt_gkg
NOW,2018-12-05,Extraction From ECC To BW Fails With Error  Caller 09 Contains An,http://itclat.com/the-error-occurred-in-service-api,itclat.com,English,0.0,gdelt_gkg
NOW,2018-12-05,"Global Service Desk Tools Market Growth and Analysis by Samanage , Freshservice , ManageEngine ServiceDesk , JIRA Service Desk , Zendesk , Track - It , BMC Remedy 9 , Cherwell IT Service Management",https://www.openpr.com/news/1420362/Global-Service-Desk-Tools-Market-Growth-and-Analysis-by-Samanage-Freshservice-ManageEngine-ServiceDesk-JIRA-Service-Desk-Zendesk-Track-It-BMC-Remedy-9-Cherwell-IT-Service-Management.html,openpr.com,English,0.0,gdelt_gkg
NOW,2018-12-05,ServiceNow Inc ( NOW ) Position Boosted by OppenheimerFunds Inc . ,https://www.dailypolitical.com/2018/12/05/servicenow-inc-now-position-boosted-by-oppenheimerfunds-inc.html,dailypolitical.com,English,0.0,gdelt_gkg
NOW,2018-12-05,Workato Secures $25M in Series B Funding,http://www.finsmes.com/2018/12/workato-secures-25m-in-series-b-funding.html,finsmes.com,English,0.0,gdelt_gkg
NOW,2018-12-06,LeanIX Raises $30M in Series C Funding,http://www.finsmes.com/2018/12/leanix-raises-30m-in-series-c-funding.html,finsmes.com,English,0.0,gdelt_gkg
NOW,2018-12-06,Nasdaq Rises Off Low ; Apple Offers This Silver Lining | Investor Business Daily,https://www.investors.com/market-trend/stock-market-today/nasdaq-apple-silver-lining/,investors.com,English,0.0,gdelt_gkg
NOW,2018-12-06,"American Electric Power Company , Inc . ( AEP ): Are Hedge Funds Right About This Stock ? ",https://www.insidermonkey.com/blog/american-electric-power-company-inc-aep-are-hedge-funds-right-about-this-stock-676221/,insidermonkey.com,English,0.0,gdelt_gkg
NOW,2018-12-06,Nasdaq Rallies To A Gain After A Wild Ride In The Stock Market,https://www.investors.com/market-trend/stock-market-today/nasdaq-gains-wild-stock-market-session/,investors.com,English,0.0,gdelt_gkg
NOW,2018-12-06,Brokerages Set ServiceNow Inc ( NOW ) Target Price at $203 . 44,https://www.wkrb13.com/2018/12/06/brokerages-set-servicenow-inc-now-target-price-at-203-44.html,wkrb13.com,English,0.0,gdelt_gkg
NOW,2018-12-06,"Temporary Appointment of Programmer ( SQL and PowerShell ), P - 2 , UNICEF Global Shared Services Centre , Budapest , Hungary",https://reliefweb.int/job/2905848/temporary-appointment-programmer-sql-and-powershell-p-2-unicef-global-shared-services,reliefweb.int,English,0.0,gdelt_gkg
NOW,2018-12-06,EdCast Raises $34M in Funding,http://www.finsmes.com/2018/12/edcast-raises-34m-in-funding.html,finsmes.com,English,0.0,gdelt_gkg
NOW,2018-12-06,"Psst , Boss , Here What Your Employees Want Most This Holiday Meaningful Work",https://www.businesswire.com/news/home/20181206005239/en/Psst-Boss-Here%E2%80%99s-Employees-Holiday-%E2%80%94-Meaningful,businesswire.com,English,0.0,gdelt_gkg
NOW,2018-12-06,Is ServiceNow Inc ( NYSE : NOW ) A Good Stock To Buy ? ,https://www.insidermonkey.com/blog/is-servicenow-inc-nysenow-a-good-stock-to-buy-676158/,insidermonkey.com,English,0.0,gdelt_gkg
NOW,2018-12-06,The Heart Of IT Is You,https://www.forbes.com/sites/forbestechcouncil/2018/12/06/the-heart-of-it-is-you/,forbes.com,English,0.0,gdelt_gkg
NOW,2018-12-06,Tangoe acquires MOBI to become global managed mobility services leader,https://www.totaltele.com/501741/Tangoe-acquires-MOBI-to-become-global-managed-mobility-services-leader,totaltele.com,English,0.0,gdelt_gkg
NOW,2018-12-06,"Psst , Boss , Here What Your Employees Want Most This Holiday Meaningful Work | Nachricht",https://www.finanzen.net/nachricht/aktien/psst-boss-here-s-what-your-employees-want-most-this-holiday-meaningful-work-6911021,finanzen.net,English,0.0,gdelt_gkg
NOW,2018-12-06,Домашняя техника будет сама вызывать мастеров для своего ремонта через Интернет вещей,http://internetua.com/domashnyaya-tehnika-budet-sama-vyzyvat-masterov-dlya-svoego-remonta-cserez-internet-vesxei,internetua.com,Russian,0.0,gdelt_gkg
NOW,2018-12-06,Seismic Taps Former ServiceNow CFO,http://sdbj.com/news/2018/dec/05/seismic-taps-former-servicenow-cfo/,sdbj.com,English,0.0,gdelt_gkg
NOW,2018-12-06,"Okta , Inc . ( OKTA ) Q3 2019 Earnings Conference Call Transcript -- The Motley Fool",https://www.fool.com/earnings/call-transcripts/2018/12/05/okta-inc-okta-q3-2019-earnings-conference-call-tra.aspx?source=iedfolrf0000001,fool.com,English,0.0,gdelt_gkg
NOW,2018-12-06,Inside Canterbury District Health Board employee service transformation,http://www.insidehr.com.au/canterbury-district-health-boards-employee-service-transformation/,insidehr.com.au,English,0.0,gdelt_gkg
NOW,2018-12-06,"Psst , Boss , Here What Your Employees Want Most This Holiday",https://www.tmcnet.com/usubmit/2018/12/06/8863748.htm,tmcnet.com,English,0.0,gdelt_gkg
NOW,2018-12-06,"Psst , Boss , Here What Your Employees Want Most This Holiday Meaningful Work",https://www.marketwatch.com/press-release/psst-boss-heres-what-your-employees-want-most-this-holiday-meaningful-work-2018-12-06,marketwatch.com,English,0.0,gdelt_gkg
NOW,2018-12-06,LeanIX Raises $30 Million in Series C Funding Round to Fuel U . S . Expansion,https://www.finanznachrichten.de/nachrichten-2018-12/45459384-leanix-raises-dollar-30-million-in-series-c-funding-round-to-fuel-u-s-expansion-004.htm,finanznachrichten.de,English,0.0,gdelt_gkg
NOW,2018-12-06,Tocqueville Asset Management L . P . Has $18 . 28 Million Holdings in ServiceNow Inc ( NOW ) ,https://www.dailypolitical.com/2018/12/06/tocqueville-asset-management-l-p-has-18-28-million-holdings-in-servicenow-inc-now.html,dailypolitical.com,English,0.0,gdelt_gkg
NOW,2018-12-06,"EdCast Announces $34 Million in Funding Along with New Customer , Partner and User Milestones",https://www.marketwatch.com/press-release/edcast-announces-34-million-in-funding-along-with-new-customer-partner-and-user-milestones-2018-12-06,marketwatch.com,English,0.0,gdelt_gkg
NOW,2018-12-06,"EdCast Announces $34 Million in Funding Along with New Customer , Partner and User Milestones",https://www.businesswire.com/news/home/20181206005493/en/EdCast-Announces-34-Million-Funding-New-Customer,businesswire.com,English,0.0,gdelt_gkg
NOW,2018-12-06,"EdCast Announces $34 Million in Funding Along with New Customer , Partner and User Milestones",https://www.tmcnet.com/usubmit/2018/12/06/8864189.htm,tmcnet.com,English,0.0,gdelt_gkg
NOW,2018-12-06,"Leading Visual AI Company Clarifai Launches Subsidiary  Neural Net One  in Washington , D . C . to Serve the Public Sector",https://www.prweb.com/releases/leading_visual_ai_company_clarifai_launches_subsidiary_neural_net_one_in_washington_d_c_to_serve_the_public_sector/prweb15971111.htm,prweb.com,English,0.0,gdelt_gkg
NOW,2018-12-06,Veeva : An Asymmetric Short,https://seekingalpha.com/article/4226733-veeva-asymmetric-short,seekingalpha.com,English,0.0,gdelt_gkg
NOW,2018-12-06,"Leading Visual AI Company Clarifai Launches Subsidiary  Neural Net One  in Washington , D . C . to Serve the Public Sector",https://www.ssuchronicle.com/2018/12/06/leading-visual-ai-company-clarifai-launches-subsidiary-neural-net-one-in-washington-d-c-to-serve-the-public-sector/,ssuchronicle.com,English,0.0,gdelt_gkg
NOW,2018-12-06,"ConnectWise Acquires MSSP , Launches Cybersecurity School For MSPs",https://www.crn.com/news/channel-programs/connectwise-acquires-mssp-launches-cybersecurity-school-for-msps,crn.com,English,0.0,gdelt_gkg
NOW,2018-12-07,"IT Service Management Software Market 2023 : Advanced Guide to Skyrocket the business For Massive Growth , market strategies by key players such as ServiceNow , Atlassian , Ivanti , IBM , CA Technologies , BMC Software",https://www.openpr.com/news/1425131/IT-Service-Management-Software-Market-2023-Advanced-Guide-to-Skyrocket-the-business-For-Massive-Growth-market-strategies-by-key-players-such-as-ServiceNow-Atlassian-Ivanti-IBM-CA-Technologies-BMC-Software.html,openpr.com,English,0.0,gdelt_gkg
NOW,2018-12-07,NOW Stock Quote | ServiceNow Inc Stock Price ( NYSE : NOW ) | Nyse : NOW,https://www.marketscreener.com/SERVICENOW-INC-10912979/,marketscreener.com,English,0.0,gdelt_gkg
NOW,2018-12-07,Workato adds out - of - the - box automation of customer and employee journeys,https://diginomica.com/2018/12/06/workato-adds-out-of-the-box-automation-of-customer-and-employee-journeys/,diginomica.com,English,0.0,gdelt_gkg
NOW,2018-12-07,Smartsheet : Valuation Appears To Be A Smart Buy,https://seekingalpha.com/article/4226889-smartsheet-valuation-appears-smart-buy,seekingalpha.com,English,0.0,gdelt_gkg
NOW,2018-12-07,Which Top Stocks May Break Out ? IBD 50 Offers Setups | Investor Business Daily,https://www.investors.com/stock-lists/ibd-50/which-top-stocks-break-out/,investors.com,English,0.0,gdelt_gkg
NOW,2018-12-07,Sanoor Capital Management LP Invests $19 . 58 Million in ServiceNow Inc ( NOW ) ,https://www.wkrb13.com/2018/12/07/sanoor-capital-management-lp-invests-19-58-million-in-servicenow-inc-now.html,wkrb13.com,English,0.0,gdelt_gkg
NOW,2018-12-07,IT & Telecom Projected to Remain the Most Attractive Industry Segment in Service Integration and Management Market,https://www.ssuchronicle.com/2018/12/06/it-telecom-projected-to-remain-the-most-attractive-industry-segment-in-service-integration-and-management-market/,ssuchronicle.com,English,0.0,gdelt_gkg
NOW,2018-12-07,The Highest Paid CEOs of 2018 - 24 / 7 Wall St . ,https://247wallst.com/special-report/2018/12/07/the-highest-paid-ceos-of-2018/,247wallst.com,English,0.0,gdelt_gkg
NOW,2018-12-07,Hot Topics Recap : Holiday Showcase 2018,https://www.tmcnet.com/usubmit/2018/12/07/8864736.htm,tmcnet.com,English,0.0,gdelt_gkg
NOW,2018-12-07,Hot Topics Recap : Holiday Showcase 2018,https://www.marketwatch.com/press-release/hot-topics-recap-holiday-showcase-2018-2018-12-07,marketwatch.com,English,0.0,gdelt_gkg
NOW,2018-12-07,IBD Stock Of The Day : ServiceNow Stock Finds Support Amid Tech Sell - Off,https://www.investors.com/research/ibd-stock-of-the-day/servicenow-stock-of-the-day/,investors.com,English,0.0,gdelt_gkg
NOW,2018-12-07,Hot Topics Recap : Holiday Showcase 2018,https://www.businesswire.com/news/home/20181207005016/en/Hot-Topics-Recap-Holiday-Showcase-2018,businesswire.com,English,0.0,gdelt_gkg
NOW,2018-12-07,Top Stock In Hot Group Boasts Steady Profit And Sales Growth | Investor Business Daily,https://www.investors.com/stock-lists/sector-leaders/top-stock-servicenow-profit-sales-growth/,investors.com,English,0.0,gdelt_gkg
NOW,2018-12-07,Bucher + Suter Connects Now® Certified in the ServiceNow® Store,https://www.prnewswire.com:443/news-releases/bucher-suter-s-connects-now-r-certified-in-the-servicenow-r-store-893690620.html,prnewswire.com,English,0.0,gdelt_gkg
NOW,2018-12-07,SoftBank joins $33 . 6m funding for corporate learning service firm EdCast,https://www.dealstreetasia.com/stories/softbank-joins-33-6m-funding-for-corporate-learning-service-firm-edcast-112852/,dealstreetasia.com,English,0.0,gdelt_gkg
NOW,2018-12-07,ServiceNow Inc ( NOW ) Stake Lowered by Stevens Capital Management LP,https://www.dailypolitical.com/2018/12/07/servicenow-inc-now-stake-lowered-by-stevens-capital-management-lp.html,dailypolitical.com,English,0.0,gdelt_gkg
NOW,2018-12-07,Bucher + Suter Connects Now® Certified in the ServiceNow® Store,https://www.marketwatch.com/press-release/bucher-suters-connects-now-certified-in-the-servicenow-store-2018-12-07,marketwatch.com,English,0.0,gdelt_gkg
NOW,2018-12-07,Bucher + Suter Connects Now Certified in the ServiceNow Store,https://www.finanznachrichten.de/nachrichten-2018-12/45471637-bucher-suter-s-connects-now-certified-in-the-servicenow-store-008.htm,finanznachrichten.de,English,0.0,gdelt_gkg
NOW,2018-12-07,Top VC deals : Walmart buys Art . com ; Steph Curry backs travel AI ; Salesforce launches Japan fund,https://www.msn.com/en-us/money/markets/top-vc-deals-walmart-buys-artcom-steph-curry-backs-travel-ai-salesforce-launches-japan-fund/ar-BBQE62E,msn.com,English,0.0,gdelt_gkg
NOW,2018-12-07,36 % of workers would rather go to the DMV than troubleshoot an IT issue,https://www.techrepublic.com/article/36-of-workers-would-rather-go-to-the-dmv-than-troubleshoot-an-it-issue/,techrepublic.com,English,0.0,gdelt_gkg
NOW,2018-12-07,Bucher + Suter Connects Now® Certified in the ServiceNow® Store,http://sip-trunking.tmcnet.com/news/2018/12/07/8864842.htm,sip-trunking.tmcnet.com,English,0.0,gdelt_gkg
NOW,2018-12-07,Bucher + Suter Connects Now® Certified in the ServiceNow® Store,https://www.prnewswire.com:443/news-releases/bucher-suter-s-connects-now-r-certified-in-the-servicenow-r-store-883428494.html,prnewswire.com,English,0.0,gdelt_gkg
NOW,2018-12-07,Bucher + Suter Connects Now® Certified in the ServiceNow® Store,https://www.tmcnet.com/usubmit/2018/12/07/8864842.htm,tmcnet.com,English,0.0,gdelt_gkg
NOW,2018-12-07,Bucher + Suter Connects Now® Certified in the ServiceNow® Store,https://www.marketwatch.com/press-release/bucher-suters-connects-now-certified-in-the-servicenow-store-2018-12-07-10183300,marketwatch.com,English,0.0,gdelt_gkg
NOW,2018-12-07,IT & Telecom Projected to Remain the Most Attractive Industry Segment in Service Integration and Management Market - Press Release,http://www.digitaljournal.com/pr/4059629,digitaljournal.com,English,0.0,gdelt_gkg
NOW,2018-12-08,ITSM Jobs | aktuell 70+ offen | karriere . at,https://www.karriere.at/jobs/itsm,karriere.at,German,0.0,gdelt_gkg
NOW,2018-12-08,Know what a Super Dream job ? Fancy packages surge at non - IIT tech schools,https://www.business-standard.com/article/current-affairs/non-iit-engineering-colleges-register-robust-growth-in-job-offers-118120800689_1.html,business-standard.com,English,0.0,gdelt_gkg
NOW,2018-12-08,Hotel Reservation Startup Adds Grab To Its $1B Round,https://seekingalpha.com/article/4227179-hotel-reservation-startup-adds-grab-1b-round,seekingalpha.com,English,0.0,gdelt_gkg
NOW,2018-12-08,C - suite of the future will call for executives without borders,https://o.canada.com/executive/c-suite-of-the-future-will-call-for-executives-without-borders/wcm/3974cc91-fb24-4cec-9523-0c4a15a7086c,o.canada.com,English,0.0,gdelt_gkg
NOW,2018-12-09,"Pnc Financial Services Group Has Lowered Apple ( AAPL ) Holding By $22 . 59 Million ; 2 Analysts Are Bullish Lincoln Electric Holdings , Inc . ( LECO ) Last Week – The DMinute",https://dminute.com/2018/12/09/pnc-financial-services-group-has-lowered-apple-aapl-holding-by-22-59-million-2-analysts-are-bullish-lincoln-electric-holdings-inc-leco-last-week/,dminute.com,English,0.0,gdelt_gkg
NOW,2018-12-09,HCL opens up future course with IBM deal,http://www.mydigitalfc.com/deep-dive/hcl-opens-future-course-ibm-deal,mydigitalfc.com,English,0.0,gdelt_gkg
NOW,2018-12-09,"Costco Stock , Okta Stock Lead 5 Top Stocks To Watch | Investor Business Daily",https://www.investors.com/research/costco-stock-okta-stock-servicenow-stock-top-stocks-to-watch/,investors.com,English,0.0,gdelt_gkg
NOW,2018-12-10,Nasdaq Shows Beefy Reversal But Breadth Still Poor | Investor Business Daily,https://www.investors.com/market-trend/stock-market-today/nasdaq-positive-reversal-growth-stocks/,investors.com,English,0.0,gdelt_gkg
NOW,2018-12-10,"Paloma Partners Management Co Acquires 117 , 542 Shares of ServiceNow Inc ( NOW ) ",https://www.wkrb13.com/2018/12/10/paloma-partners-management-co-acquires-117542-shares-of-servicenow-inc-now.html,wkrb13.com,English,0.0,gdelt_gkg
NOW,2018-12-10,"Zscaler : Great , Long - Term Play ; Buy On All Future Dips",https://seekingalpha.com/article/4227444-zscaler-great-long-term-play-buy-future-dips,seekingalpha.com,English,0.0,gdelt_gkg
NOW,2018-12-10,"Tradewinds Capital Management Has Trimmed Microsoft ( MSFT ) Holding By $506 , 464 ; Winslow Capital Management Has Boosted Northrop Grumman ( NOC ) Holding – The DMinute",https://dminute.com/2018/12/10/tradewinds-capital-management-has-trimmed-microsoft-msft-holding-by-506464-winslow-capital-management-has-boosted-northrop-grumman-noc-holding/,dminute.com,English,0.0,gdelt_gkg
NOW,2018-12-10,"Alas , poor Lotus / IBM Notes , we knew ye well",https://www.zdnet.com/article/alas-poor-lotusibm-notes-we-knew-ye-well/,zdnet.com,English,0.0,gdelt_gkg
NOW,2018-12-10,Game Plan For The Week - Cramer Mad Money ( 12 / 7 / 18 ) ,https://seekingalpha.com/article/4227272-game-plan-week-cramers-mad-money-12-7-18,seekingalpha.com,English,0.0,gdelt_gkg
NOW,2018-12-10,"IoT , AR to drive growth in the Indian market : TeamViewer Oliver Steil",https://techcircle.vccircle.com/2018/12/10/iot-ar-to-drive-growth-in-the-indian-market-teamviewer-s-oliver-steil,techcircle.vccircle.com,English,0.0,gdelt_gkg
NOW,2018-12-10,Hedge Funds Are Crazy About Nutrien Ltd . ( NTR ) ,https://www.insidermonkey.com/blog/hedge-funds-are-crazy-about-nutrien-ltd-ntr-678967/,insidermonkey.com,English,0.0,gdelt_gkg
NOW,2018-12-10,Aptris Named One of the Best Places to Work in the U . S . ,https://www.ssuchronicle.com/2018/12/10/aptris-named-one-of-the-best-places-to-work-in-the-u-s/,ssuchronicle.com,English,0.0,gdelt_gkg
NOW,2018-12-10,"IoT , AR to drive growth in the Indian market : TeamViewer Oliver Steil",https://techcircle.vccircle.com/2018/12/10/iot-ar-to-drive-growth-in-the-indian-market-teamviewer-s-oliver-steil/,techcircle.vccircle.com,English,0.0,gdelt_gkg
NOW,2018-12-11,Aptris Named One of the Best Places to Work in the U . S . ,https://www.prweb.com/releases/aptris_named_one_of_the_best_places_to_work_in_the_u_s/prweb15978763.htm,prweb.com,English,0.0,gdelt_gkg
NOW,2018-12-11,"Dow Jones Futures : Tesla Stock , Cisco Stock , Splunk Stock , ServiceNow Stock Near Buy Points",https://www.investors.com/market-trend/stock-market-today/dow-jones-futures-tesla-stock-cisco-stock-splunk-stock-servicenow-stock/,investors.com,English,0.0,gdelt_gkg
NOW,2018-12-11,JMI Equity Closes $1 . 2 Billion Growth Equity Fund,https://www.tmcnet.com/usubmit/2018/12/11/8866090.htm,tmcnet.com,English,0.0,gdelt_gkg
NOW,2018-12-11,JMI Equity Closes $1 . 2 Billion Growth Equity Fund,https://www.businesswire.com/news/home/20181211005405/en/JMI-Equity-Closes-1.2-Billion-Growth-Equity,businesswire.com,English,0.0,gdelt_gkg
NOW,2018-12-11,ICT Strategic Advisor of the Year awards,https://home.kpmg.com/lu/en/home/media/press-releases/2018/12/ict-strategic-advisor-of-the-year-awards.html,home.kpmg.com,English,0.0,gdelt_gkg
NOW,2018-12-11,CareWorx and Fully Managed Announce Merger to Become Managed Services Powerhouse,https://www.prnewswire.com:443/news-releases/careworx-and-fully-managed-announce-merger-to-become-managed-services-powerhouse-300763198.html,prnewswire.com,English,0.0,gdelt_gkg
NOW,2018-12-11,CrowdStrike : More Organizations Now Self - Detect ... ,http://www.darkreading.com/perimeter/crowdstrike-more-organizations-now-self-detect-their-own-cyberattacks-/d/d-id/1333440,darkreading.com,English,0.0,gdelt_gkg
NOW,2018-12-11,Adobe updates Sign with Government ID Authentication feature,https://www.zdnet.com/article/adobe-updates-sign-with-government-id-authentication-feature/,zdnet.com,English,0.0,gdelt_gkg
NOW,2018-12-11,"Billion Dollar Unicorns : Celonis Bootstrapped First , Raised Money Later",https://www.sramanamitra.com/2018/12/11/billion-dollar-unicorns-celonis-bootstrapped-first-raised-money-later/,sramanamitra.com,English,0.0,gdelt_gkg
NOW,2018-12-12,  Government ID Authentication  feature comes to Adobe Sign,https://www.prokerala.com/news/articles/a878948.html,prokerala.com,English,0.0,gdelt_gkg
NOW,2018-12-12,"Now , authenticate your bank documents with Adobe Sign digital signature : How to use",https://www.financialexpress.com/industry/technology/now-authenticate-your-bank-documents-with-adobe-sign-digital-signature-how-to-use/1411705/,financialexpress.com,English,0.0,gdelt_gkg
NOW,2018-12-12,Palo Alto Networks Shareholders Oppose Executive Compensation For 2018,https://www.crn.com/news/security/palo-alto-networks-shareholders-oppose-executive-compensation-for-2018,crn.com,English,0.0,gdelt_gkg
NOW,2018-12-12,Adobe Incorporates Government IDs into Digital Business Processes,https://www.itbusinessedge.com/blogs/it-unmasked/adobe-incorporates-government-ids-into-digital-business-processes.html,itbusinessedge.com,English,0.0,gdelt_gkg
NOW,2018-12-12,Polar Capital Technology Trust : UNAUDITED INTERIM RESULTS ANNOUNCEMENT,https://www.marketscreener.com/POLAR-CAPITAL-TECHNOLOGY-4002013/news/Polar-Capital-Technology-Trust-UNAUDITED-INTERIM-RESULTS-ANNOUNCEMENT-27740603/,marketscreener.com,English,0.0,gdelt_gkg
NOW,2018-12-12,  Government ID Authentication  feature comes to Adobe Sign,https://www.daijiworld.com/news/newsDisplay.aspx?newsID=545089,daijiworld.com,English,0.0,gdelt_gkg
NOW,2018-12-12,"Electronic Cash Register Market Overview , Comprehensive Research , Emerging Audience , Segments , Sales Revenue , Profits & Analysis by 2023 – MilTech",https://www.military-technologies.net/2018/12/12/electronic-cash-register-market-overview-comprehensive-research-emerging-audience-segments-sales-revenue-profits-analysis-by-2023/,military-technologies.net,English,0.0,gdelt_gkg
NOW,2018-12-12,Government ID Authentication  feature comes to Adobe Sign,http://www.orissapost.com/government-id-authentication-feature-comes-to-adobe-sign/,orissapost.com,English,0.0,gdelt_gkg
NOW,2018-12-12,AHEAD Appoints Former ServiceNow Executive David Morgan as Vice President of Professional Services,https://www.prweb.com/releases/ahead_appoints_former_servicenow_executive_david_morgan_as_vice_president_of_professional_services/prweb15983703.htm,prweb.com,English,0.0,gdelt_gkg
NOW,2018-12-12,Adobe launches biometric selfie and ID document service to verify e - signatures,https://www.biometricupdate.com/201812/adobe-launches-biometric-selfie-and-id-document-service-to-verify-e-signatures,biometricupdate.com,English,0.0,gdelt_gkg
NOW,2018-12-12,Government ID Authentication  feature comes to Adobe Sign,https://www.dailypioneer.com/2018/technology/government-id-authentication--feature-comes-to-adobe-sign.html,dailypioneer.com,English,0.0,gdelt_gkg
NOW,2018-12-12,  Government ID Authentication  feature comes to Adobe Sign,https://www.business-standard.com/article/news-ians/government-id-authentication-feature-comes-to-adobe-sign-118121200415_1.html,business-standard.com,English,0.0,gdelt_gkg
NOW,2018-12-12,Windows Virtual Desktop service on Azure,https://www.techrepublic.com/article/windows-virtual-desktop-service-on-azure/,techrepublic.com,English,0.0,gdelt_gkg
NOW,2018-12-12,  Government ID Authentication  feature comes to Adobe Sign,http://www.sify.com/finance/government-id-authentication-feature-comes-to-adobe-sign-news-corporate-smmoadfbeffhd.html,sify.com,English,0.0,gdelt_gkg
NOW,2018-12-12,AHEAD Appoints Former ServiceNow Executive David Morgan as Vice President of Professional Services,https://www.ssuchronicle.com/2018/12/12/ahead-appoints-former-servicenow-executive-david-morgan-as-vice-president-of-professional-services/,ssuchronicle.com,English,0.0,gdelt_gkg
NOW,2018-12-12,Adobe Sign adds  Government ID Authentication  feature | tech,https://www.hindustantimes.com/tech/adobe-sign-adds-government-id-authentication-feature/story-3nG679YO44IkNOgUg1KlbL.html,hindustantimes.com,English,0.0,gdelt_gkg
NOW,2018-12-13,Salesforce . com Stock Near Buy Point After Earnings | Investor Business Daily,https://www.investors.com/stock-lists/sector-leaders/salesforce-com-stock-near-buy-point/,investors.com,English,0.0,gdelt_gkg
NOW,2018-12-13,ServiceNow Inc ( NOW ) is Scge Management L . P . 4th Largest Position,https://www.wkrb13.com/2018/12/13/servicenow-inc-now-is-scge-management-l-p-s-4th-largest-position.html,wkrb13.com,English,0.0,gdelt_gkg
NOW,2018-12-13,Google cloud gets greenlight for hosting government data,https://www.computerworld.com.au/article/650803/google-cloud-approved-hosting-government-data/,computerworld.com.au,English,0.0,gdelt_gkg
NOW,2018-12-13,Zacks : Analysts Expect ServiceNow Inc ( NOW ) to Post $0 . 64 EPS,https://www.wkrb13.com/2018/12/13/zacks-analysts-expect-servicenow-inc-now-to-post-0-64-eps.html,wkrb13.com,English,0.0,gdelt_gkg
NOW,2018-12-13,"Costco Stock , Adobe Stock , Ciena Stock Near Buy Ahead Of Earnings",https://www.investors.com/research/investing-action-plan/costco-stock-adobe-stock-ciena-stock-near-buy-earnings/,investors.com,English,0.0,gdelt_gkg
NOW,2018-12-13,​Google latest cloud to be Australian government certified,https://www.zdnet.com/article/google-latest-cloud-to-be-australian-government-certified/,zdnet.com,English,0.0,gdelt_gkg
NOW,2018-12-13,NetBrain Technologies Expands Executive Leadership Team with Three Industry Veterans,https://www.businesswire.com/news/home/20181213005074/en/NetBrain-Technologies-Expands-Executive-Leadership-Team-Industry,businesswire.com,English,0.0,gdelt_gkg
NOW,2018-12-13,Google cloud gets greenlight for hosting government data,https://www.computerworld.com.au/article/650803/googles-cloud-approved-for-hosting-government-data/,computerworld.com.au,English,0.0,gdelt_gkg
NOW,2018-12-13,JMI Equity Raises $1 . 2B for Ninth Fund,http://sdbj.com/news/2018/dec/12/jmi-equity-raises-12b-ninth-fund/,sdbj.com,English,0.0,gdelt_gkg
NOW,2018-12-13,"New Report on IT Asset Management Software Market to See Major Growth Worldwide by Focusing Key Players Like CA Technologies , HPE , IBM , Agiloft , Eracent , ServiceNow , Symantec",https://www.ssuchronicle.com/2018/12/13/new-report-on-it-asset-management-software-market-to-see-major-growth-worldwide-by-focusing-key-players-like-ca-technologies-hpe-ibm-agiloft-eracent-servicenow-symantec/,ssuchronicle.com,English,0.0,gdelt_gkg
NOW,2018-12-13,"  Computing award shows that weve now become a truly global company , says ServiceNow",https://www.computing.co.uk/ctg/news/3068158/computing-award-shows-that-weve-now-become-a-truly-global-company-says-servicenow,computing.co.uk,English,0.0,gdelt_gkg
NOW,2018-12-13,RiskSense Platform Addresses Security and IT Operations Gaps,https://www.businesswire.com/news/home/20181213005111/en/RiskSense-Platform-Addresses-Security-Operations-Gaps,businesswire.com,English,0.0,gdelt_gkg
NOW,2018-12-13,"Dow Jones Futures : Microsoft Stock , Adobe Stock , PayPal Stock , Salesforce Stock Near Buy Points",https://www.investors.com/market-trend/stock-market-today/dow-jones-futures-microsoft-stock-adobe-stock-paypal-stock-salesforce-stock-servicenow-stock/,investors.com,English,0.0,gdelt_gkg
NOW,2018-12-14,Chart of the Day : The Cloud Kings Lost Their Crown in the Fourth Quarter,https://realmoney.thestreet.com/investing/stocks/chart-of-the-day-the-cloud-king-stocks-have-lost-their-crown-in-q4-14811664,realmoney.thestreet.com,English,0.0,gdelt_gkg
NOW,2018-12-14,Hey Boss ! Give Your Employees Something They Actually Want For The Holidays,https://www.forbes.com/sites/servicenow/2018/12/14/hey-boss-give-your-employees-something-they-actually-want-for-the-holidays/,forbes.com,English,0.0,gdelt_gkg
NOW,2018-12-14,Lafayette Investments Cut Position in International Business Machine ( IBM ) by $1 . 20 Million as Market Valuation Declined ; Alecta Pensionsforsakring Omsesidigt Decreased Vf ( VFC ) Stake by $4 . 65 Million – The FinReviewer,https://finreviewer.com/2018/12/14/lafayette-investments-cut-position-in-international-business-machine-ibm-by-1-20-million-as-market-valuation-declined-alecta-pensionsforsakring-omsesidigt-decreased-vf-vfc-stake-by-4-65-million/,finreviewer.com,English,0.0,gdelt_gkg
NOW,2018-12-14,Dow Jones Today : Johnson & Johnson Stock Slammed | Investor Business Daily,https://www.investors.com/market-trend/stock-market-today/dow-jones-today-johnson-johnson-stock/,investors.com,English,0.0,gdelt_gkg
NOW,2018-12-14,"Adobe , Inc . ( ADBE ) CEO Shantanu Narayen on Q4 2018 Results - Earnings Call Transcript",https://seekingalpha.com/article/4228263-adobe-inc-adbe-ceo-shantanu-narayen-q4-2018-results-earnings-call-transcript,seekingalpha.com,English,0.0,gdelt_gkg
NOW,2018-12-14,Minit Raises €3 . 3M in Venture Capital Funding,http://www.finsmes.com/2018/12/minit-raises-e3-3m-in-venture-capital-funding.html,finsmes.com,English,0.0,gdelt_gkg
NOW,2018-12-14,"ServiceNow Inc ( NOW ) Insider Chirantan Jitendra Desai Sells 2 , 031 Shares",https://www.wkrb13.com/2018/12/14/servicenow-inc-now-insider-chirantan-jitendra-desai-sells-2031-shares.html,wkrb13.com,English,0.0,gdelt_gkg
NOW,2018-12-14,Adobe Systems Inc ( ADBE ) Q4 2018 Earnings Conference Call Transcript -- The Motley Fool,https://www.fool.com/earnings/call-transcripts/2018/12/13/adobe-systems-inc-adbe-q4-2018-earnings-conference.aspx?source=iedfolrf0000001,fool.com,English,0.0,gdelt_gkg
NOW,2018-12-14,Support Bank Jobs in Oberösterreich | aktuell 15+ offen,https://www.karriere.at/jobs/support-bank/ober%C3%B6sterreich,karriere.at,German,0.0,gdelt_gkg
NOW,2018-12-14,GE Mitigates Path Traversal Hole « isssource . com,https://www.isssource.com/ge-mitigates-path-traversal-hole/,isssource.com,English,0.0,gdelt_gkg
NOW,2018-12-14,Hot Topics Recap : Holiday Showcase 2018,https://www.businesswire.com/news/home/20181214005017/en/Hot-Topics-Recap-Holiday-Showcase-2018,businesswire.com,English,0.0,gdelt_gkg
NOW,2018-12-14,See what the IHS Markit Score report has to say about ServiceNow Inc . ,https://news.yahoo.com/see-ihs-markit-score-report-130534848.html,news.yahoo.com,English,0.0,gdelt_gkg
NOW,2018-12-14,Hot Topics Recap : Holiday Showcase 2018,https://www.marketwatch.com/press-release/hot-topics-recap-holiday-showcase-2018-2018-12-14,marketwatch.com,English,0.0,gdelt_gkg
NOW,2018-12-14,Hot Topics Recap : Holiday Showcase 2018,https://www.tmcnet.com/usubmit/2018/12/14/8868820.htm,tmcnet.com,English,0.0,gdelt_gkg
NOW,2018-12-14,Hot Topics Recap : Holiday Showcase 2018,http://www.oleantimesherald.com/business/hot-topics-recap-holiday-showcase/article_6b3b5094-f1ab-559c-9a9c-5099c5e74b1e.html,oleantimesherald.com,English,0.0,gdelt_gkg
NOW,2018-12-14,Adobe Systems Inc ( ADBE ) Q4 2018 Earnings Conference Call Transcript,https://news.yahoo.com/adobe-systems-inc-adbe-q4-005631442.html,news.yahoo.com,English,0.0,gdelt_gkg
NOW,2018-12-15,"SoftBank , Alibaba Lead $1 . 1B In Indonesian E - Commerce",https://seekingalpha.com/article/4228517-softbank-alibaba-lead-1_1b-indonesian-e-commerce,seekingalpha.com,English,0.0,gdelt_gkg
NOW,2018-12-15,"Wealthtrust Axiom Raised Its International Business Machs ( IBM ) Position by $620 , 308 ; Idexx Labs ( IDXX ) Share Price Declined While Private Advisor Group Has Raised Its Position – The Financial Examiner",https://finexaminer.com/2018/12/15/wealthtrust-axiom-raised-its-international-business-machs-ibm-position-by-620308-idexx-labs-idxx-share-price-declined-while-private-advisor-group-has-raised-its-position/,finexaminer.com,English,0.0,gdelt_gkg
NOW,2018-12-16,Canada Pension Plan Investment Board Cuts Holdings in ServiceNow Inc ( NOW ) ,https://www.dispatchtribunal.com/2018/12/16/canada-pension-plan-investment-board-cuts-holdings-in-servicenow-inc-now.html,dispatchtribunal.com,English,0.0,gdelt_gkg
NOW,2018-12-16,Techniker Jobs in Urfahr - Umgebung ( Bezirk ) | aktuell 15+ offen,https://www.karriere.at/jobs/techniker/urfahr-umgebung-bezirk,karriere.at,German,0.0,gdelt_gkg
NOW,2018-12-16,Erfolg bei TOP 100 : operational services gehört zu den Innovationsführern 2018,https://www.openpr.de/news/1009604/Erfolg-bei-TOP-100-operational-services-gehoert-zu-den-Innovationsfuehrern-2018.html,openpr.de,German,0.0,gdelt_gkg
NOW,2018-12-16,Canada Pension Plan Investment Board Cuts Holdings in ServiceNow Inc ( NOW ) ,https://www.dispatchtribunal.com/2018/12/16/canada-pension-plan-investment-board-cuts-holdings-in-servicenow-inc-now-2.html,dispatchtribunal.com,English,0.0,gdelt_gkg
NOW,2018-12-16,Texas Pac Ld Tr ( TPL ) Holder White Elm Capital LLC Has Increased Holding – REurope,https://reurope.com/2018/12/16/texas-pac-ld-tr-tpl-holder-white-elm-capital-llc-has-increased-holding/,reurope.com,English,0.0,gdelt_gkg
NOW,2018-12-16,ServiceNow Inc ( NOW ) Expected to Announce Quarterly Sales of $717 . 25 Million,https://www.wkrb13.com/2018/12/16/servicenow-inc-now-expected-to-announce-quarterly-sales-of-717-25-million.html,wkrb13.com,English,0.0,gdelt_gkg
NOW,2018-12-17,"Dow Jones Today : Nike , Goldman , J & J Fall Sharply | Investor Business Daily",https://www.investors.com/market-trend/stock-market-today/dow-jones-today-nike-stock-goldman-sachs-stock/,investors.com,English,0.0,gdelt_gkg
NOW,2018-12-17,What Is a Startup ? Looker Frank Bien on Scaling Startup Culture,https://www.forbes.com/sites/danwoods/2018/12/17/what-is-a-startup-lookers-frank-bien-on-scaling-startup-culture/,forbes.com,English,0.0,gdelt_gkg
NOW,2018-12-17,Servicenow ( NOW ) Holder Bnp Paribas Arbitrage Sa Increased Position by $10 . 25 Billion as Share Value Declined ; International Bus Machines ( IBM ) Holder Bessemer Group Lifted Stake – EN Digest,https://endigest.com/2018/12/17/servicenow-now-holder-bnp-paribas-arbitrage-sa-increased-position-by-10-25-billion-as-share-value-declined-international-bus-machines-ibm-holder-bessemer-group-lifted-stake/,endigest.com,English,0.0,gdelt_gkg
NOW,2018-12-17,Get ready for the $200 billion IPO shakeup in 2019,https://www.hitc.com/en-gb/2018/12/17/get-ready-for-the-200-billion-ipo-shakeup-in-2019/,hitc.com,English,0.0,gdelt_gkg
NOW,2018-12-17,Using Microsoft Flow to connect Office 365 to Google GSuite,https://www.techrepublic.com/article/using-microsoft-flow-to-connect-office-365-to-googles-gsuite/,techrepublic.com,English,0.0,gdelt_gkg
NOW,2018-12-17,ETF Investing : Midcap Growth Stocks Help 2018 Top ETFs | Investor Business Daily,https://www.investors.com/etfs-and-funds/etfs/etf-investing-midcap-growth-stocks-help-2018s-top-etfs/,investors.com,English,0.0,gdelt_gkg
NOW,2018-12-17,NTT DATA Services Closes its Acquisition of Canada - Based Sierra Systems Group Inc . ,https://www.businesswire.com/news/home/20181217005798/en/NTT-DATA-Services-Closes-Acquisition-Canada-Based-Sierra,businesswire.com,English,0.0,gdelt_gkg
NOW,2018-12-17,NTT DATA Services Closes its Acquisition of Canada - Based Sierra Systems Group Inc . ,http://www.oleantimesherald.com/business/ntt-data-services-closes-its-acquisition-of-canada-based-sierra/article_226d0054-e6d0-56dc-9975-84ea6d8c35dc.html,oleantimesherald.com,English,0.0,gdelt_gkg
NOW,2018-12-17,NTT DATA Services Closes its Acquisition of Canada - Based Sierra Systems Group Inc . ,https://www.marketwatch.com/press-release/ntt-data-services-closes-its-acquisition-of-canada-based-sierra-systems-group-inc-2018-12-17,marketwatch.com,English,0.0,gdelt_gkg
NOW,2018-12-17,NTT DATA Services Closes its Acquisition of Canada - Based Sierra Systems Group Inc . ,https://www.businesswire.com/news/home/20181217005798/en/NTT-DATA-Services-Closes-Acquisition-Canada-Based-Sierra/,businesswire.com,English,0.0,gdelt_gkg
NOW,2018-12-17,Process mining software vendor Minit seals funding,https://www.pehub.com/2018/12/process-mining-software-vendor-minit-seals-funding/,pehub.com,English,0.0,gdelt_gkg
NOW,2018-12-17,NTT Data Services Completes Sierra Systems Group Acquisition,http://www.texastechpulse.com/ntt_data_services_completes_sierra_systems_group_acquisition/s-0076854.html,texastechpulse.com,English,0.0,gdelt_gkg
NOW,2018-12-17,NTT DATA Services Closes its Acquisition of Canada - Based Sierra Systems Group Inc . ,https://www.marketwatch.com/press-release/ntt-data-services-closes-its-acquisition-of-canada-based-sierra-systems-group-inc-2018-12-17-161593212,marketwatch.com,English,0.0,gdelt_gkg
NOW,2018-12-17,Q4 Earnings Preview : Atlassian Joins 13 Stocks Expecting 50 %- Plus Growth,https://www.investors.com/research/q4-earnings-2018-stocks-to-watch/,investors.com,English,0.0,gdelt_gkg
NOW,2018-12-17,NTT DATA Services : Closes its Acquisition of Canada - Based Sierra Systems Group Inc . ,https://www.marketscreener.com/NTT-DATA-CORP-6491233/news/NTT-DATA-Services-Closes-its-Acquisition-of-Canada-Based-Sierra-Systems-Group-Inc-27765617/,marketscreener.com,English,0.0,gdelt_gkg
NOW,2018-12-18,Even Stan Druckenmiller Doesnt Know Where Markets Go Next,https://finance.yahoo.com/news/even-stan-druckenmiller-doesn-apos-090000503.html,finance.yahoo.com,English,0.0,gdelt_gkg
NOW,2018-12-18,Even Stan Druckenmiller Doesnt Know Where Markets Go Next,https://www.newsmax.com/finance/investinganalysis/druckenmiller-markets-indicators-next/2018/12/18/id/894869/,newsmax.com,English,0.0,gdelt_gkg
NOW,2018-12-18,NTT DATA Services Closes its Acquisition of Canada - Based Sierra Systems Group Inc . ,https://www.apnews.com/d4b26511c6a046168045debebc62f40b,apnews.com,English,0.0,gdelt_gkg
NOW,2018-12-18,CipherCloud Named 2019 SC Awards Finalist,https://www.businesswire.com/news/home/20181218005253/en/CipherCloud-Named-2019-SC-Awards-Finalist,businesswire.com,English,0.0,gdelt_gkg
NOW,2018-12-18,"Selling brains : U . S . tech giants buy teams , not startups , from Russia and Eastern Europe",https://www.rbth.com/science-and-tech/329696-selling-russia-brains-us-tech-giants,rbth.com,English,0.0,gdelt_gkg
NOW,2018-12-18,Xconomy : $100M Round Turns San Diego Seismic into Region Newest Unicorn,https://xconomy.com/san-diego/2018/12/18/100m-round-turns-san-diegos-seismic-into-regions-newest-unicorn/,xconomy.com,English,0.0,gdelt_gkg
NOW,2018-12-18,CipherCloud Named 2019 SC Awards Finalist,https://www.tmcnet.com/usubmit/2018/12/18/8870026.htm,tmcnet.com,English,0.0,gdelt_gkg
NOW,2018-12-18,5 Uses of AI in Human Resources - PC Tech Magazine,http://pctechmag.com/2018/12/5-uses-of-ai-in-human-resources/,pctechmag.com,English,0.0,gdelt_gkg
NOW,2018-12-18,"Software startup Seismic gets $100M at $1 billion valuation , making it San Diego latest unicorn",http://www.sandiegouniontribune.com/business/technology/sd-fi-seismic-valuation-series-e-20181218-story.html,sandiegouniontribune.com,English,0.0,gdelt_gkg
NOW,2018-12-18,Unvired Chyme Marketing Chatbot Enhances Customer Experience for Carlton United Breweries,https://www.prweb.com/releases/unvireds_chyme_marketing_chatbot_enhances_customer_experience_for_carlton_united_breweries/prweb15989271.htm,prweb.com,English,0.0,gdelt_gkg
NOW,2018-12-18,AWS Products and Services Now Available Through Carahsoft Authorized Reseller and Managed Services Provider Partners as Part of AWS Public Sector Distribution Program,https://www.tmcnet.com/usubmit/2018/12/18/8870415.htm,tmcnet.com,English,0.0,gdelt_gkg
NOW,2018-12-18,Alex Zukin | Benzinga,http://www.benzinga.com/topic/alex-zukin,benzinga.com,English,0.0,gdelt_gkg
NOW,2018-12-18,JMI Equity closes $1 . 2B fund focused on investing in software companies,https://technical.ly/baltimore/2018/12/17/jmi-equity-closes-1-2b-fund-focused-on-investing-in-software-companies/,technical.ly,English,0.0,gdelt_gkg
NOW,2018-12-18,"Adobe Misses Earnings Outlook , But Revenues Continue to Outpace",https://www.sramanamitra.com/2018/12/18/adobe-misses-earnings-outlook-but-revenues-continue-to-outpace/,sramanamitra.com,English,0.0,gdelt_gkg
NOW,2018-12-18,TIAA CREF Investment Management LLC Boosts Position in ServiceNow Inc ( NOW ) ,https://www.dailypolitical.com/2018/12/18/tiaa-cref-investment-management-llc-boosts-position-in-servicenow-inc-now.html,dailypolitical.com,English,0.0,gdelt_gkg
NOW,2018-12-18,Unvired Chyme Marketing Chatbot Enhances Customer Experience for Carlton United Breweries,https://www.ssuchronicle.com/2018/12/18/unvireds-chyme-marketing-chatbot-enhances-customer-experience-for-carlton-united-breweries/,ssuchronicle.com,English,0.0,gdelt_gkg
NOW,2018-12-19,Druckenmiller : Fed Should Not Be Raising Rates,https://www.gurufocus.com/news/788708/druckenmiller-fed-should-not-be-raising-rates,gurufocus.com,English,0.0,gdelt_gkg
NOW,2018-12-19,Teachers Advisors LLC Has $152 . 94 Million Holdings in ServiceNow Inc ( NOW ) ,https://www.dailypolitical.com/2018/12/19/teachers-advisors-llc-has-152-94-million-holdings-in-servicenow-inc-now.html,dailypolitical.com,English,0.0,gdelt_gkg
NOW,2018-12-19,Hot Topics Recap : Holiday Showcase 2018,https://www.marketwatch.com/press-release/hot-topics-recap-holiday-showcase-2018-2018-12-19,marketwatch.com,English,0.0,gdelt_gkg
NOW,2018-12-19,Hot Topics Recap : Holiday Showcase 2018,https://www.businesswire.com/news/home/20181219005486/en/Hot-Topics-Recap-Holiday-Showcase-2018,businesswire.com,English,0.0,gdelt_gkg
NOW,2018-12-19,LeanIX Recognized in Enterprise Architecture Management Suites Report by Independent Research Firm,https://www.prweb.com/releases/leanix_recognized_in_enterprise_architecture_management_suites_report_by_independent_research_firm/prweb15995596.htm,prweb.com,English,0.0,gdelt_gkg
NOW,2018-12-19,LeanIX Recognized in Enterprise Architecture Management Suites Report by Independent Research Firm,https://www.ssuchronicle.com/2018/12/19/leanix-recognized-in-enterprise-architecture-management-suites-report-by-independent-research-firm/,ssuchronicle.com,English,0.0,gdelt_gkg
NOW,2018-12-19,Intelligent Apps : Worldwide Market Analysis & Outlook 2018 - 2023 - Increasing Use of Smartphones Driving the Demand for Greater Business Mobility,http://globenewswire.com/news-release/2018/12/19/1669282/0/en/Intelligent-Apps-Worldwide-Market-Analysis-Outlook-2018-2023-Increasing-Use-of-Smartphones-Driving-the-Demand-for-Greater-Business-Mobility.html,globenewswire.com,English,0.0,gdelt_gkg
NOW,2018-12-19,IA et machine learning font bon ménage dans les DSI - Le Monde Informatique,https://www.lemondeinformatique.fr/actualites/lire-ia-et-machine-learning-font-bon-menage-dans-les-dsi-73776.html,lemondeinformatique.fr,French,0.0,gdelt_gkg
NOW,2018-12-19,Even Stan Druckenmiller doesnt know where markets go next,http://articles.economictimes.indiatimes.com/markets/stocks/news/even-stan-druckenmiller-doesnt-know-where-markets-go-next/articleshow/67155985.cms,articles.economictimes.indiatimes.com,English,0.0,gdelt_gkg
NOW,2018-12-19,Even Stan Druckenmiller doesnt know where markets go next,https://economictimes.indiatimes.com/markets/stocks/news/even-stan-druckenmiller-doesnt-know-where-markets-go-next/articleshow/67155985.cms,economictimes.indiatimes.com,English,0.0,gdelt_gkg
NOW,2018-12-19,Druckenmiller :  The Best Economist I Know Is Saying Something Is Not Right  ,https://www.zerohedge.com/news/2018-12-18/druckenmiller-backs-trump-warns-fed-let-bubble-unwind-slowly,zerohedge.com,English,0.0,gdelt_gkg
NOW,2018-12-19,"Dec 18 , 2018 - Kovack Advisors , Inc . Buys SPDR S & P 500 , SPDR S & P Health Care Equipment , SPDR S & P Aerospace & Defense , Sells Amazon . com Inc , iShares U . S . Aerospace & Defense , Facebook Inc",https://www.gurufocus.com/news/788096/kovack-advisors-inc-buys-spdr-sp-500-spdr-sp-health-care-equipment-spdr-sp-aerospace--defense-sells-amazoncom-inc-ishares-us-aerospace--defense-facebook-inc,gurufocus.com,English,0.0,gdelt_gkg
NOW,2018-12-19,"N8 Identity Sees New Clients , New Products , and New Services in Prosperous 2018",https://menafn.com/1097856689/N8-Identity-Sees-New-Clients-New-Products-and-New-Services-in-Prosperous-2018,menafn.com,English,0.0,gdelt_gkg
NOW,2018-12-20,4 Software Stocks That Can Rally Even in a Weaker Economy,https://www.barrons.com/articles/4-software-stocks-that-can-rally-even-in-a-weaker-economy-51545323562,barrons.com,English,0.0,gdelt_gkg
NOW,2018-12-20,"Global Datacenter Automation Software Market Outlook to 2023 - Analysis and Forecasts by BMC , Cisco , IBM , Hewlett Packard Enterprise , Microsoft , Red Hat , Citrix , ServiceNow , Dell , Oracle , Symantec , CSC , NEC , EM",https://www.openpr.com/news/1454077/Global-Datacenter-Automation-Software-Market-Outlook-to-2023-Analysis-and-Forecasts-by-BMC-Cisco-IBM-Hewlett-Packard-Enterprise-Microsoft-Red-Hat-Citrix-ServiceNow-Dell-Oracle-Symantec-CSC-NEC-EM.html,openpr.com,English,0.0,gdelt_gkg
NOW,2018-12-20,Technological brownfields : You cant secure what you cant see,https://www.information-age.com/technological-brownfields-opsview-123477672/,information-age.com,English,0.0,gdelt_gkg
NOW,2018-12-20,Accruent Healthcare Technology Management Solution Receives ServiceNow® Certification | State News,http://www.maryvilleforum.com/news/state_news/article_756f65b8-4f56-55b4-92b9-eef73ca02648.html,maryvilleforum.com,English,0.0,gdelt_gkg
NOW,2018-12-20,"Adobe : Picture Perfect , No Need To Retouch",https://seekingalpha.com/article/4229308-adobe-picture-perfect-need-retouch,seekingalpha.com,English,0.0,gdelt_gkg
NOW,2018-12-20,Global Performance Analytics Market to Witness Heightened Growth During the Period 2017 - 2025,https://www.pr-inside.com/global-performance-analytics-market-to-witness-hei-r4716245.htm,pr-inside.com,English,0.0,gdelt_gkg
NOW,2018-12-20,"Global Service Integration and Management ( SIAM ) Market : Forecast , Market Overview , Marketing Strategy Analysis and Key Players Like IBM , Capgemini HCL Technologies , DXC",https://www.ssuchronicle.com/2018/12/20/global-service-integration-and-management-siam-market-forecast-market-overview-marketing-strategy-analysis-and-key-players-like-ibm-capgemini-hcl-technologies-dxc/,ssuchronicle.com,English,0.0,gdelt_gkg
NOW,2018-12-20,"Global Change Management Software Market : Status and Forecast 2018 - 2025 ( ServiceNow , BMC , CA ) ",https://www.ssuchronicle.com/2018/12/20/global-change-management-software-market-status-and-forecast-2018-2025-servicenow-bmc-ca/,ssuchronicle.com,English,0.0,gdelt_gkg
NOW,2018-12-20,Accruent Healthcare Technology Management Solution Receives ServiceNow® Certification,https://www.marketwatch.com/press-release/accruents-healthcare-technology-management-solution-receives-servicenow-certification-2018-12-20,marketwatch.com,English,0.0,gdelt_gkg
NOW,2018-12-20,Accruent Healthcare Technology Management Solution Receives ServiceNow® Certification,https://www.tmcnet.com/usubmit/2018/12/20/8871788.htm,tmcnet.com,English,0.0,gdelt_gkg
NOW,2018-12-20,"CIO interview : Amit Apte , global director of digital integration , Mars",https://www.computerweekly.com/news/252454380/CIO-interview-Amit-Apte-global-director-of-digital-integration-MarsCIO-interview-Amit-Apte-glob,computerweekly.com,English,0.0,gdelt_gkg
NOW,2018-12-20,3 Top Software Stock Picks for 2019,https://www.barrons.com/articles/3-top-software-stock-picks-for-2019-51545329096,barrons.com,English,0.0,gdelt_gkg
NOW,2018-12-20,Accruent Gets Certification From ServiceNow - texastechpulse . com,http://www.texastechpulse.com/accruent_gets_certification_from_servicenow/s-0076903.html,texastechpulse.com,English,0.0,gdelt_gkg
NOW,2018-12-20,Accruent Healthcare Technology Management Solution Receives ServiceNow® Certification,https://www.businesswire.com/news/home/20181220005024/en/Accruent%E2%80%99s-Healthcare-Technology-Management-Solution-Receives-ServiceNow%C2%AE,businesswire.com,English,0.0,gdelt_gkg
NOW,2018-12-20,"NovelVox Celebrates its Journey of 10 Years with 5 Global Offices , Customers in 80 Countries and 150+ Deployments",https://www.prweb.com/releases/novelvox_celebrates_its_journey_of_10_years_with_5_global_offices_customers_in_80_countries_and_150_deployments/prweb15995905.htm,prweb.com,English,0.0,gdelt_gkg
NOW,2018-12-20,NetBrain Technologies adds 3 industry veterans – Financial News,http://www.financial-news.co.uk/52066/2018/12/netbrain-technologies-adds-3-industry-veterans-20181220/,financial-news.co.uk,English,0.0,gdelt_gkg
NOW,2018-12-21,"ServiceNow founder Fred Luddy takes delivery of first Airbus H145 for new venture , SoCal Air Services",https://www.verticalmag.com/press-releases/servicenow-founder-fred-luddy-takes-delivery-of-first-airbus-h145-for-new-venture-socal-air-services/,verticalmag.com,English,0.0,gdelt_gkg
NOW,2018-12-21,"HPM Partners LLC Acquires Shares of 1 , 235 ServiceNow Inc ( NOW ) ",https://www.dailypolitical.com/2018/12/21/hpm-partners-llc-acquires-shares-of-1235-servicenow-inc-now.html,dailypolitical.com,English,0.0,gdelt_gkg
NOW,2018-12-21,Global Catalog Management Systems Market Growth Forecast 2018 - 2027,https://www.briefingwire.com/pr/global-catalog-management-systems-market-growth-forecast-2018-2027,briefingwire.com,English,0.0,gdelt_gkg
NOW,2018-12-21,Stocks To Watch : Why Technicals Remain Bullish For Software Leader Atlassian,https://www.investors.com/stock-lists/sector-leaders/stocks-to-watch-software-sector-atlassian/,investors.com,English,0.0,gdelt_gkg
NOW,2018-12-21,Work Smarter With Machine Learning - Driven Automation,https://www.etftrends.com/robotics-ai-channel/work-smarter-with-machine-learning-driven-automation/,etftrends.com,English,0.0,gdelt_gkg
NOW,2018-12-21,"Trump signs IDEA Act to close gap between government , private websites",https://federalnewsnetwork.com/digital-government/2018/12/trump-signs-idea-act-in-bid-to-close-tech-gap-between-government-and-private-sector-websites/,federalnewsnetwork.com,English,0.0,gdelt_gkg
NOW,2018-12-21,Silicon Valley Verifone ramping up its design team in Chicago,https://www.chicagobusiness.com/john-pletz-technology/silicon-valley-firm-double-chicago-engineering-team,chicagobusiness.com,English,0.0,gdelt_gkg
NOW,2018-12-21,Highest paid CEOs 2018 : The 25 leaders who made the most this year,https://www.usatoday.com/story/money/2018/12/21/highest-paid-ceos-2018/38756663/,usatoday.com,English,0.0,gdelt_gkg
NOW,2018-12-22,Can Oracle Buy Its Way In Its Effort To Win Over Amazon ? ,https://seekingalpha.com/article/4229746-can-oracle-buy-way-effort-win-amazon,seekingalpha.com,English,0.0,gdelt_gkg
NOW,2018-12-23,Hedge Funds Are Dumping National Grid plc ( NGG ) ,https://news.yahoo.com/hedge-funds-dumping-national-grid-062244310.html,news.yahoo.com,English,0.0,gdelt_gkg
NOW,2018-12-23,ServiceNow : Müssen Sie sich jetzt Sorgen machen ? () ,http://www.aktiencheck.de/news/Artikel-ServiceNow_Bitte_unbedingt_beachten-9266002,aktiencheck.de,German,0.0,gdelt_gkg
NOW,2018-12-23,Flüchtlinge auf Jobsuche : Warum Arbeitseifer allein nicht reicht,https://www.bzbasel.ch/basel/basel-stadt/fluechtlinge-auf-jobsuche-warum-arbeitseifer-allein-nicht-reicht-133876896,bzbasel.ch,German,0.0,gdelt_gkg
NOW,2018-12-23,Quiz : Test your knowledge of San Diego business news in 2018 - The San Diego Union - Tribune,http://www.sandiegouniontribune.com/business/economy/sd-fi-bizquiz2018-story.html,sandiegouniontribune.com,English,0.0,gdelt_gkg
NOW,2018-12-23,ServiceNow Inc ( NOW ) Stake Decreased by Vanguard Group Inc . ,https://www.dailypolitical.com/2018/12/23/servicenow-inc-now-stake-decreased-by-vanguard-group-inc.html,dailypolitical.com,English,0.0,gdelt_gkg
NOW,2018-12-24,Стандартизованный инструмент управления работами ? ,http://club.cnews.ru/blogs/entry/import_standartizovannyj_instrument_upravleniya_rabotami__be9d,club.cnews.ru,Russian,0.0,gdelt_gkg
NOW,2018-12-24,Clearbridge Investments LLC Raises Stake in ServiceNow Inc ( NOW ) ,https://www.wkrb13.com/2018/12/24/clearbridge-investments-llc-raises-stake-in-servicenow-inc-now.html,wkrb13.com,English,0.0,gdelt_gkg
NOW,2018-12-24,The Year That Was - the Derek version,https://diginomica.com/2018/12/24/the-year-that-was-the-derek-version/,diginomica.com,English,0.0,gdelt_gkg
NOW,2018-12-24,Hot Topics Recap : Holiday Showcase 2018,https://www.businesswire.com/news/home/20181224005118/en/Hot-Topics-Recap-Holiday-Showcase-2018,businesswire.com,English,0.0,gdelt_gkg
NOW,2018-12-24,Hot Topics Recap : Holiday Showcase 2018,https://www.marketwatch.com/press-release/hot-topics-recap-holiday-showcase-2018-2018-12-24,marketwatch.com,English,0.0,gdelt_gkg
NOW,2018-12-24,Hot Topics Recap : Holiday Showcase 2018,https://www.tmcnet.com/usubmit/2018/12/24/8872926.htm,tmcnet.com,English,0.0,gdelt_gkg
NOW,2018-12-24,"Temporary Appointment - Administrative Specialist , Facilities Services , P - 3 , DFAM New York Headquarters # 109161",https://reliefweb.int/job/2929864/temporary-appointment-administrative-specialist-facilities-services-p-3-dfam-new-york,reliefweb.int,English,0.0,gdelt_gkg
NOW,2018-12-25,ServiceNow Founder Fred Luddy Takes Delivery Of First Airbus H145,http://aero-news.net/index.cfm?do=main.textpost&id=f82f2a5d-e3c4-4c83-982f-777ddf24b906,aero-news.net,English,0.0,gdelt_gkg
NOW,2018-12-25,ServiceNow Founder Fred Luddy Takes Delivery Of First Airbus H145,http://aero-news.net/subsite.cfm?do=main.textpost&id=f82f2a5d-e3c4-4c83-982f-777ddf24b906,aero-news.net,English,0.0,gdelt_gkg
NOW,2018-12-25,attendingoptician . com Website Analysis and Social Media report impact : Attendingoptician . com,https://www.coolsocial.net/sites/www/attendingoptician.com.html,coolsocial.net,English,0.0,gdelt_gkg
NOW,2018-12-25,See what the IHS Markit Score report has to say about ServiceNow Inc . ,https://news.yahoo.com/see-ihs-markit-score-report-130513518.html,news.yahoo.com,English,0.0,gdelt_gkg
NOW,2018-12-25,ServiceNow Founder Fred Luddy Takes Delivery Of First Airbus H145,http://aero-news.net/subscribe.cfm?do=main.textpost&id=f82f2a5d-e3c4-4c83-982f-777ddf24b906,aero-news.net,English,0.0,gdelt_gkg
NOW,2018-12-25,ServiceNow Founder Fred Luddy Takes Delivery Of First Airbus H145,http://aero-news.net/getmorefromann.cfm?do=main.textpost&id=f82f2a5d-e3c4-4c83-982f-777ddf24b906,aero-news.net,English,0.0,gdelt_gkg
NOW,2018-12-25,ServiceNow Founder Fred Luddy Takes Delivery Of First Airbus H145,http://aero-news.net/aNNTicker.cfm?do=main.textpost&id=f82f2a5d-e3c4-4c83-982f-777ddf24b906,aero-news.net,English,0.0,gdelt_gkg
NOW,2018-12-26,Fujitsu Jobs in Wien | aktuell 1 offen,https://www.karriere.at/jobs/fujitsu/wien,karriere.at,German,0.0,gdelt_gkg
NOW,2018-12-26,3 Ways You Might Be Failing When It Comes To Cross - Cultural Onboarding,https://www.forbes.com/sites/heidilynnekurter/2018/12/26/3-ways-you-might-be-failing-when-it-comes-to-cross-cultural-onboarding/,forbes.com,English,0.0,gdelt_gkg
NOW,2018-12-26,GUEST COMMENTARY : Congress still doesnt understand cybersecurity | Guest Commentary,https://www.nwitimes.com/opinion/columnists/guest-commentary/guest-commentary-congress-still-doesn-t-understand-cybersecurity/article_56afed7c-a1e0-5d4e-a677-1c2cdaf9efcc.html,nwitimes.com,English,0.0,gdelt_gkg
NOW,2018-12-26,"India - IT / DevOps Incident Management Software Market 2018 Global Share , Trends , Demand , Challenges and Opportunities Research Report Forecast to 2025",https://menafn.com/1097883600/India-ITDevOps-Incident-Management-Software-Market-2018-Global-Share-Trends-Demand-Challenges-and-Opportunities-Research-Report-Forecast-to-2025,menafn.com,English,0.0,gdelt_gkg
NOW,2018-12-26,See what the IHS Markit Score report has to say about ServiceNow Inc . ,https://news.yahoo.com/see-ihs-markit-score-report-130517194.html,news.yahoo.com,English,0.0,gdelt_gkg
NOW,2018-12-26,ServiceNow Founder Fred Luddy Takes Delivery Of First Airbus H145,http://aero-news.net/emailarticle.cfm?do=main.textpost&id=f82f2a5d-e3c4-4c83-982f-777ddf24b906,aero-news.net,English,0.0,gdelt_gkg
NOW,2018-12-27,Dow Jones Futures : Another Bullish Stock Market Rally ; What To Do Now,https://www.investors.com/market-trend/stock-market-today/dow-jones-futures-stock-market-rally/,investors.com,English,0.0,gdelt_gkg
NOW,2018-12-27,1st Level Support Jobs in Wien | aktuell 130+ offen,https://www.karriere.at/jobs/1st-level-support/wien,karriere.at,German,0.0,gdelt_gkg
NOW,2018-12-27,Box Is A Bargain Right Now,https://seekingalpha.com/article/4230414-box-bargain-right-now,seekingalpha.com,English,0.0,gdelt_gkg
NOW,2018-12-28,Stock Market Rallies Again After Wild Day ; Is This The New Normal ? ,https://www.investors.com/market-trend/stock-market-today/stock-market-rallies-again/,investors.com,English,0.0,gdelt_gkg
NOW,2018-12-28,"Indian startup unicorns : A look at India newly minted unicorns , Technology News , ETtech",https://tech.economictimes.indiatimes.com/news/startups/a-look-at-indias-newly-minted-unicorns/67280807,tech.economictimes.indiatimes.com,English,0.0,gdelt_gkg
NOW,2018-12-28,Glenmede Trust Co . NA Reduces Position in ServiceNow Inc ( NOW ) ,https://www.wkrb13.com/2018/12/28/glenmede-trust-co-na-reduces-position-in-servicenow-inc-now.html,wkrb13.com,English,0.0,gdelt_gkg
NOW,2018-12-28,"Devoted , Bright Health top Q4 funding",https://www.mobihealthnews.com/content/devoted-bright-health-top-q4-funding,mobihealthnews.com,English,0.0,gdelt_gkg
NOW,2018-12-28,These Five Tech Companies Strut Rising Relative Strength Amid Bear Market,https://www.investors.com/news/technology/tech-stocks-rising-relative-strength-bear-market/,investors.com,English,0.0,gdelt_gkg
NOW,2018-12-28,Nasdaq Scores 4 % Weekly Gain As Stock Market Snaps Losing Streak,https://www.investors.com/market-trend/stock-market-today/nasdaq-big-weekly-gain/,investors.com,English,0.0,gdelt_gkg
NOW,2018-12-28,"Stocks To Buy Today ? No , But These 5 Are in Bases | Investor Business Daily",https://www.investors.com/stock-lists/sector-leaders/stocks-to-buy-today-stock-market-growth-stocks/,investors.com,English,0.0,gdelt_gkg
NOW,2018-12-29,"As Texas Pac Ld Tr ( TPL ) Share Value Declined , White Elm Capital LLC Has Lifted Stake by $4 . 71 Million – REurope",https://reurope.com/2018/12/28/as-texas-pac-ld-tr-tpl-share-value-declined-white-elm-capital-llc-has-lifted-stake-by-4-71-million/,reurope.com,English,0.0,gdelt_gkg
NOW,2018-12-29,Software Asset Management Market : Will Continue to Grow by 2024,https://www.ssuchronicle.com/2018/12/29/software-asset-management-market-will-continue-to-grow-by-2024/,ssuchronicle.com,English,0.0,gdelt_gkg
NOW,2018-12-30,Looking For Top Stocks For New Year Amid Stock Market Rally ? Read This,https://www.investors.com/research/stock-market-rally-top-stocks-atlassian-servicenow-paypal-broadcom-cyberark/,investors.com,English,0.0,gdelt_gkg
NOW,2018-12-31,Four reasons it time to switch to cloud communications,http://channellife.com.au/story/four-reasons-it-s-time-to-switch-to-cloud-communications,channellife.com.au,English,0.0,gdelt_gkg
NOW,2018-12-31,Dow Jones Leads Gains Among U . S . Stock Indexes | Investor Business Daily,https://www.investors.com/market-trend/stock-market-today/stock-indexes-ibm-goldman/,investors.com,English,0.0,gdelt_gkg
NOW,2018-12-31,Dow Jones Futures : Stock Market Rally Reality Check ; It Still A Bear Market,https://www.investors.com/market-trend/stock-market-today/dow-jones-futures-stock-market-rally-top-stocks/,investors.com,English,0.0,gdelt_gkg
NOW,2018-12-31,ServiceNow ( NOW ) stock established at $180 . 33 – News Leading,https://newsleading.info/2018/12/servicenow-now-stock-established-at-180-33/,newsleading.info,English,0.0,gdelt_gkg
NOW,2019-01-01,"Qualcomm ( QCOM ) Holder Gateway Investment Advisers Has Cut Holding as Stock Price Declined ; Benin Management Boosted Exxon Mobil ( XOM ) Holding by $739 , 415 ; Share Value Declined – The FinReviewer",https://finreviewer.com/2018/12/31/qualcomm-qcom-holder-gateway-investment-advisers-has-cut-holding-as-stock-price-declined-benin-management-boosted-exxon-mobil-xom-holding-by-739415-share-value-declined/,finreviewer.com,English,0.0,gdelt_gkg
NOW,2019-01-01,Waratah Capital Advisors LTD Increased Servicenow ( NOW ) Position By $10 . 13 Million ; Punch & Associates Investment Management Has Lifted Its Prgx Global ( PRGX ) Position – The DMinute,https://dminute.com/2019/01/01/waratah-capital-advisors-ltd-increased-servicenow-now-position-by-10-13-million-punch-associates-investment-management-has-lifted-its-prgx-global-prgx-position/,dminute.com,English,0.0,gdelt_gkg
NOW,2019-01-01,$717 . 25 Million in Sales Expected for ServiceNow Inc ( NOW ) This Quarter,https://www.wkrb13.com/2019/01/01/717-25-million-in-sales-expected-for-servicenow-inc-now-this-quarter-2.html,wkrb13.com,English,0.0,gdelt_gkg
