ticker,move_date,return_pct,zscore,move_direction,sent_date,days_before,sentiment,sent_direction,predicted,story_count,sources_active
AAL,2026-05-20,7.38,2.267,up,2026-05-13,7,0.0,neutral,False,1,hn
AAPL,2026-01-20,-3.456,-3.459,down,2026-01-15,5,0.6606,positive,False,1,reddit_stocks
AAPL,2026-01-26,2.971,3.064,up,2026-01-21,5,-0.0593,negative,False,5,hn
AAPL,2026-02-02,4.058,3.548,up,2026-02-01,1,0.0,neutral,False,3,reddit_investing|reddit_technology
AAPL,2026-02-04,2.601,2.145,up,2026-02-03,1,0.0,neutral,False,2,reddit_technology
AAPL,2026-02-12,-4.998,-3.696,down,2026-02-07,5,0.0,neutral,False,2,hn
AAPL,2026-02-17,3.167,2.251,up,2026-02-14,3,-0.0383,neutral,False,4,hn
AAPL,2026-02-27,-3.213,-2.114,down,2026-02-26,1,0.0,neutral,False,1,hn
AAPL,2026-05-01,3.239,2.003,up,2026-04-30,1,-0.0227,neutral,False,9,edgar_8k|hn
AAPL,2026-06-09,-3.645,-2.67,down,2026-06-07,2,0.0,neutral,False,2,hn
AAPL,2026-06-25,-6.118,-3.757,down,2026-06-21,4,0.1517,positive,False,2,hn
AAPL,2026-07-02,4.841,2.528,up,2026-07-01,1,-0.116,negative,False,6,reddit_technology|reddit_wallstreetbets
ABAT,2026-02-06,17.989,2.305,up,2026-02-03,3,0.0,neutral,False,1,reddit_wallstreetbets
ABCL,2026-06-04,11.364,2.171,up,2026-06-01,3,0.0,neutral,False,1,reddit_wallstreetbets
ABCL,2026-06-05,-11.774,-2.515,down,2026-06-01,4,0.0,neutral,False,1,reddit_wallstreetbets
ABNB,2026-02-03,-7.033,-3.825,down,2026-01-28,6,-0.4085,negative,True,1,hn
ABNB,2026-07-08,-3.931,-2.178,down,2026-07-01,7,-0.1358,negative,True,1,reddit_technology
ABTS,2026-02-04,-14.324,-2.193,down,2026-02-02,2,0.9554,positive,False,1,reddit_wallstreetbets
ABTS,2026-02-20,86.5,6.682,up,2026-02-13,7,-0.316,negative,False,1,hn
ABTS,2026-05-29,21.867,2.855,up,2026-05-28,1,0.0,neutral,False,1,hn
ABTS,2026-06-01,115.726,6.739,up,2026-05-28,4,0.0,neutral,False,1,hn
ACMR,2026-03-03,-9.753,-2.062,down,2026-03-02,1,0.0,neutral,False,1,reddit_wallstreetbets
ACT,2026-01-13,-4.515,-3.543,down,2026-01-08,5,0.0,neutral,False,1,reddit_technology
ACT,2026-02-04,9.273,5.082,up,2026-02-03,1,0.0258,neutral,False,1,reddit_wallstreetbets
ACT,2026-05-11,-2.679,-2.185,down,2026-05-07,4,0.3303,positive,False,2,hn
ACT,2026-05-19,-2.725,-2.239,down,2026-05-14,5,0.6439,positive,False,2,hn
ADBE,2026-02-03,-7.311,-3.489,down,2026-02-01,2,0.0,neutral,False,1,reddit_stocks
ADBE,2026-03-13,-7.584,-3.081,down,2026-03-12,1,-0.3821,negative,True,1,reddit_SecurityAnalysis
ADBE,2026-04-13,6.55,2.816,up,2026-04-06,7,0.6606,positive,True,1,hn
ADBE,2026-04-23,-6.627,-2.373,down,2026-04-21,2,-0.4258,negative,True,1,hn
ADBE,2026-06-11,-6.247,-2.151,down,2026-06-06,5,0.0,neutral,False,1,hn
ADBE,2026-06-12,-6.755,-2.232,down,2026-06-06,6,0.0,neutral,False,1,hn
ADSK,2026-01-20,-4.449,-2.567,down,2026-01-14,6,0.0,neutral,False,1,reddit_stocks
ADV,2026-02-03,-14.211,-2.549,down,2026-01-30,4,0.9554,positive,False,1,hn
ADV,2026-02-04,-21.166,-3.376,down,2026-01-30,5,0.9554,positive,False,1,hn
ADV,2026-07-02,-12.101,-2.196,down,2026-06-28,4,0.375,positive,False,1,hn
AEC,2026-06-18,17.012,3.658,up,2026-06-13,5,0.0,neutral,False,1,hn
AERT,2026-02-05,-15.694,-2.974,down,2026-02-03,2,-0.1649,negative,True,1,reddit_technology
AERT,2026-04-01,29.073,3.011,up,2026-03-31,1,0.0,neutral,False,1,hn
AFRM,2026-01-05,9.145,2.163,up,2026-01-01,4,-0.286,negative,False,3,reddit_stocks|reddit_wallstreetbets
AGEN,2026-01-15,-21.368,-4.663,down,2026-01-14,1,0.0,neutral,False,1,hn
AGNCN,2026-03-20,-0.977,-3.591,down,2026-03-16,4,0.3394,positive,False,1,reddit_investing
AGNCN,2026-04-09,0.758,2.242,up,2026-04-07,2,0.6606,positive,True,1,reddit_investing
AGNCN,2026-06-03,-0.772,-2.486,down,2026-06-01,2,0.4773,positive,False,1,reddit_technology
AGNCN,2026-07-01,0.926,3.15,up,2026-06-26,5,0.0,neutral,False,1,hn
AGNT,2026-02-11,-9.719,-3.592,down,2026-02-07,4,0.1517,positive,False,2,hn
AGNT,2026-03-17,4.561,2.285,up,2026-03-14,3,0.0,neutral,False,4,hn
AGNT,2026-03-23,4.399,2.061,up,2026-03-21,2,-0.0423,neutral,False,7,hn
AGNT,2026-04-08,4.904,2.196,up,2026-04-07,1,-0.019,neutral,False,19,hn
AGNT,2026-04-17,5.705,2.335,up,2026-04-14,3,-0.0114,neutral,False,22,hn
AGNT,2026-05-11,-8.485,-2.978,down,2026-05-07,4,-0.0025,neutral,False,16,hn
AGNT,2026-05-12,-13.659,-4.052,down,2026-05-07,5,-0.0025,neutral,False,16,hn
AGNT,2026-06-24,9.664,2.718,up,2026-06-21,3,-0.0423,neutral,False,10,hn
AIFC,2026-01-05,24.793,3.386,up,2026-01-04,1,0.8991,positive,True,1,reddit_stocks
AIFC,2026-01-08,15.068,2.002,up,2026-01-07,1,0.5816,positive,True,5,reddit_stocks
AIFC,2026-01-14,30.939,3.515,up,2026-01-13,1,0.6322,positive,True,1,hn
AIFC,2026-02-04,-18.095,-2.203,down,2026-02-03,1,-0.125,negative,True,3,reddit_wallstreetbets
AIFC,2026-02-25,23.77,2.67,up,2026-02-21,4,0.032,neutral,False,4,hn
AIFC,2026-05-06,15.854,2.529,up,2026-05-05,1,0.0,neutral,False,1,reddit_investing
AIIO,2026-02-25,17.699,2.827,up,2026-02-21,4,0.9554,positive,True,1,hn
AIIO,2026-02-27,14.4,2.247,up,2026-02-21,6,0.9554,positive,True,1,hn
AIIO,2026-03-02,17.483,2.477,up,2026-02-28,2,-0.286,negative,False,1,hn
AIIO,2026-05-08,46.01,4.356,up,2026-05-01,7,0.0,neutral,False,1,reddit_technology
AIOS,2026-02-09,14.286,2.028,up,2026-02-07,2,-0.0489,neutral,False,3,hn
AIOS,2026-02-12,-24.138,-2.636,down,2026-02-07,5,-0.0489,neutral,False,3,hn
AIOS,2026-05-01,136.052,6.399,up,2026-04-30,1,0.0,neutral,False,1,hn
AIP,2026-02-06,8.899,2.109,up,2026-02-04,2,0.0,neutral,False,1,reddit_technology
AIP,2026-02-25,8.969,2.024,up,2026-02-20,5,0.0,neutral,False,1,hn
AIP,2026-04-24,9.914,2.051,up,2026-04-20,4,0.0,neutral,False,2,hn
AIP,2026-06-11,11.34,2.116,up,2026-06-05,6,0.0,neutral,False,1,hn
AIRG,2026-02-03,11.71,2.501,up,2026-02-01,2,0.79,positive,True,1,reddit_stocks
AIRG,2026-02-10,10.282,2.037,up,2026-02-05,5,0.0,neutral,False,1,reddit_technology
AIRT,2026-02-27,-9.131,-3.43,down,2026-02-21,6,0.0,neutral,False,1,hn
AIRT,2026-05-26,-7.175,-3.065,down,2026-05-21,5,0.0,neutral,False,1,hn
ALAR,2026-03-19,-14.867,-3.154,down,2026-03-13,6,-0.3646,negative,True,1,hn
ALAR,2026-05-28,31.812,5.215,up,2026-05-21,7,-0.204,negative,False,1,hn
ALAR,2026-07-02,-20.823,-3.129,down,2026-07-01,1,-0.2545,negative,True,2,reddit_technology
ALAR,2026-07-06,-51.496,-5.314,down,2026-07-05,1,-0.2411,negative,True,1,reddit_technology
ALMS,2026-01-06,95.307,6.833,up,2026-01-05,1,0.6028,positive,True,1,reddit_stocks
ALOY,2026-02-23,17.557,2.048,up,2026-02-21,2,0.0,neutral,False,1,hn
ALOY,2026-02-27,32.14,3.274,up,2026-02-21,6,0.0,neutral,False,1,hn
ALOY,2026-03-04,22.538,2.082,up,2026-03-03,1,-0.4351,negative,False,1,reddit_investing
ALOY,2026-03-06,-19.318,-2.066,down,2026-03-05,1,0.9464,positive,False,2,hn|reddit_investing
ALOY,2026-04-09,23.655,2.09,up,2026-04-07,2,0.0,neutral,False,1,hn
ALOY,2026-06-03,18.557,2.048,up,2026-06-02,1,-0.2732,negative,False,1,reddit_investing
AMD,2026-01-21,7.71,2.18,up,2026-01-20,1,0.0,neutral,False,2,edgar_8k|hn
AMD,2026-02-04,-17.314,-4.329,down,2026-02-03,1,0.1586,positive,False,3,edgar_8k|reddit_wallstreetbets
AMD,2026-02-06,8.281,2.073,up,2026-02-05,1,-0.1318,negative,False,3,hn|reddit_technology
AMD,2026-02-24,8.769,2.271,up,2026-02-20,4,0.0,neutral,False,1,hn
AMD,2026-04-24,13.913,2.941,up,2026-04-21,3,0.2294,positive,True,3,hn
AMD,2026-05-06,18.615,3.942,up,2026-05-05,1,0.0,neutral,False,1,edgar_8k
AMD,2026-05-08,11.441,2.176,up,2026-05-07,1,0.715,positive,True,2,hn
AMD,2026-06-05,-10.86,-2.544,down,2026-06-01,4,-0.1868,negative,True,4,reddit_investing|reddit_technology
AMGN,2026-02-04,8.154,4.136,up,2026-02-03,1,0.0,neutral,False,1,reddit_wallstreetbets
AMGN,2026-02-06,4.492,2.116,up,2026-02-03,3,0.0,neutral,False,1,reddit_wallstreetbets
AMZN,2026-02-05,-4.421,-2.505,down,2026-02-04,1,0.4666,positive,False,4,reddit_technology
AMZN,2026-02-06,-5.555,-2.893,down,2026-02-05,1,0.4069,positive,False,7,edgar_8k|hn|reddit_technology
AMZN,2026-03-04,3.876,2.195,up,2026-03-03,1,-0.3674,negative,False,2,reddit_technology|reddit_wallstreetbets
AMZN,2026-04-09,5.605,2.687,up,2026-04-07,2,0.2869,positive,True,2,hn
AMZN,2026-06-01,-3.466,-2.047,down,2026-05-31,1,0.2668,positive,False,1,hn
AMZN,2026-06-22,-4.747,-2.388,down,2026-06-20,2,-0.0339,neutral,False,3,hn
ANY,2026-01-02,11.074,2.023,up,2026-01-01,1,0.0,neutral,False,1,reddit_investing
ANY,2026-02-05,-15.207,-2.619,down,2026-02-03,2,0.1754,positive,False,5,reddit_wallstreetbets
ANY,2026-02-11,-14.458,-2.418,down,2026-02-06,5,-0.1418,negative,True,2,hn|reddit_technology
ANY,2026-02-20,11.009,2.376,up,2026-02-14,6,0.292,positive,True,3,hn
ANY,2026-02-24,11.538,2.356,up,2026-02-21,3,0.0,neutral,False,2,hn
ANY,2026-02-25,10.345,2.126,up,2026-02-21,4,0.0,neutral,False,2,hn
ANY,2026-02-26,11.111,2.164,up,2026-02-21,5,0.0,neutral,False,2,hn
ANY,2026-03-06,21.233,3.374,up,2026-03-04,2,-0.1337,negative,False,3,reddit_investing|reddit_technology
ANY,2026-05-06,18.667,2.751,up,2026-05-05,1,-0.2119,negative,False,1,reddit_investing
ANY,2026-05-13,15.135,2.055,up,2026-05-08,5,0.3791,positive,True,7,reddit_investing
ANY,2026-05-18,-26.638,-3.572,down,2026-05-14,4,0.444,positive,False,1,hn
ANY,2026-06-01,111.579,6.802,up,2026-05-31,1,0.0,neutral,False,1,hn
ANY,2026-06-03,44.501,2.484,up,2026-06-02,1,0.3303,positive,True,2,reddit_investing
API,2026-01-09,8.434,3.071,up,2026-01-07,2,-0.1627,negative,False,2,hn
API,2026-01-30,-6.92,-2.479,down,2026-01-28,2,0.2864,positive,False,2,hn
API,2026-03-04,-5.482,-2.081,down,2026-02-27,5,-0.0304,neutral,False,6,hn
API,2026-05-01,5.932,2.238,up,2026-04-30,1,0.0,neutral,False,6,hn
API,2026-05-06,5.656,2.093,up,2026-05-05,1,-0.2119,negative,False,1,reddit_investing
API,2026-05-08,7.538,2.602,up,2026-05-07,1,0.1527,positive,True,5,hn
API,2026-05-27,12.202,3.7,up,2026-05-21,6,0.087,positive,True,12,hn
API,2026-06-01,15.854,4.057,up,2026-05-31,1,-0.0382,neutral,False,5,hn
API,2026-06-02,10.737,2.53,up,2026-05-31,2,-0.0382,neutral,False,5,hn
APLD,2026-01-02,14.641,2.118,up,2026-01-01,1,0.444,positive,True,1,reddit_stocks
APP,2026-01-02,-8.237,-2.367,down,2026-01-01,1,-0.0919,negative,True,1,reddit_investing
APP,2026-01-14,-7.608,-2.144,down,2026-01-13,1,0.0176,neutral,False,6,hn|reddit_stocks
APP,2026-01-30,-16.887,-3.936,down,2026-01-29,1,-0.2529,negative,True,1,hn
APP,2026-02-04,-16.122,-3.309,down,2026-02-03,1,0.125,positive,False,3,reddit_technology
APP,2026-02-09,13.193,2.712,up,2026-02-07,2,0.2296,positive,True,5,hn
APP,2026-02-12,-19.68,-3.439,down,2026-02-07,5,0.2296,positive,False,5,hn
APP,2026-05-27,10.421,2.265,up,2026-05-21,6,0.4228,positive,True,6,hn
APP,2026-07-01,9.584,2.172,up,2026-06-28,3,0.3346,positive,True,4,hn
APPS,2026-02-05,-9.595,-2.331,down,2026-02-04,1,0.0893,positive,False,4,reddit_technology
APPS,2026-04-15,8.654,2.379,up,2026-04-14,1,0.0,neutral,False,3,hn
APPS,2026-04-16,14.159,3.585,up,2026-04-14,2,0.0,neutral,False,3,hn
APPS,2026-05-20,9.113,2.15,up,2026-05-14,6,0.0,neutral,False,1,hn
APPS,2026-05-27,38.877,5.867,up,2026-05-21,6,-0.0201,neutral,False,4,hn
APPS,2026-05-28,25.898,3.398,up,2026-05-27,1,0.1875,positive,True,2,hn
ARKR,2026-05-12,-7.703,-2.032,down,2026-05-07,5,0.0,neutral,False,1,hn
ARM,2026-01-22,4.635,2.074,up,2026-01-21,1,0.4435,positive,True,2,hn
ARM,2026-02-05,5.701,2.494,up,2026-01-31,5,0.7408,positive,True,1,hn
ARM,2026-02-06,11.562,4.071,up,2026-02-05,1,-0.1358,negative,False,1,hn
ARM,2026-03-31,10.456,2.505,up,2026-03-28,3,0.3394,positive,True,1,hn
ARM,2026-06-05,-12.838,-2.253,down,2026-06-01,4,0.5088,positive,False,2,reddit_technology|reddit_wallstreetbets
ARRY,2026-01-12,11.222,2.207,up,2026-01-06,6,0.1909,positive,True,3,hn
ARRY,2026-06-05,-11.001,-2.669,down,2026-05-31,5,0.0,neutral,False,1,hn
ASML,2026-01-02,8.779,3.482,up,2026-01-01,1,0.1426,positive,True,1,reddit_technology
ASML,2026-01-05,5.535,2.037,up,2026-01-02,3,0.0,neutral,False,1,reddit_stocks
ASML,2026-01-09,6.662,2.446,up,2026-01-07,2,1.1852,positive,True,1,reddit_technology
ASML,2026-04-08,8.772,2.982,up,2026-04-05,3,0.0,neutral,False,2,reddit_investing|reddit_wallstreetbets
ASML,2026-06-05,-6.585,-2.183,down,2026-05-30,6,-0.1776,negative,True,1,hn
ASML,2026-06-11,9.531,2.581,up,2026-06-07,4,0.0,neutral,False,1,hn
ASML,2026-07-01,-7.359,-2.136,down,2026-06-28,3,0.0,neutral,False,1,hn
ASTS,2026-01-02,14.925,2.051,up,2026-01-01,1,0.1376,positive,True,5,reddit_investing|reddit_stocks|reddit_wallstreetbets
ASTS,2026-05-08,14.843,2.309,up,2026-05-04,4,0.0,neutral,False,1,reddit_investing
ASYS,2026-02-04,-10.511,-2.806,down,2026-02-03,1,-0.1776,negative,True,1,reddit_technology
ASYS,2026-02-06,-29.931,-5.268,down,2026-02-03,3,-0.1776,negative,True,1,reddit_technology
ATER,2026-01-07,15.044,3.126,up,2026-01-06,1,0.51,positive,True,1,reddit_stocks
ATGL,2026-06-16,13.6,2.376,up,2026-06-14,2,0.7644,positive,True,1,hn
ATLC,2026-01-12,-9.515,-3.089,down,2026-01-07,5,0.1901,positive,False,4,hn|reddit_stocks
ATLC,2026-03-13,-9.081,-2.497,down,2026-03-06,7,-0.3892,negative,True,1,hn
ATLC,2026-05-08,8.259,2.104,up,2026-05-07,1,-0.1639,negative,False,1,hn
ATLC,2026-06-03,-8.235,-2.307,down,2026-05-31,3,-0.2963,negative,True,1,hn
ATLC,2026-07-02,-7.084,-2.259,down,2026-06-28,4,0.2296,positive,False,1,hn
ATLN,2026-06-05,-24.615,-2.561,down,2026-05-30,6,0.383,positive,False,2,hn
ATLN,2026-06-23,202.273,7.169,up,2026-06-20,3,0.0,neutral,False,1,hn
ATLO,2026-07-01,3.175,2.32,up,2026-06-27,4,0.7408,positive,True,1,hn
ATLO,2026-07-02,-3.339,-2.504,down,2026-06-27,5,0.7408,positive,False,1,hn
ATOM,2026-02-17,46.173,3.826,up,2026-02-14,3,-0.0768,negative,False,1,hn
AURA,2026-05-04,19.116,4.37,up,2026-04-28,6,0.0,neutral,False,1,hn
AVGO,2026-04-07,6.214,2.339,up,2026-04-06,1,0.154,positive,True,1,hn
AVNW,2026-06-04,11.079,2.014,up,2026-05-28,7,0.0,neutral,False,1,hn
AVX,2026-01-16,-24.645,-2.981,down,2026-01-14,2,0.3394,positive,False,1,hn
AXG,2026-01-14,14.39,2.482,up,2026-01-13,1,0.5727,positive,True,1,hn
AXON,2026-01-28,-9.892,-3.348,down,2026-01-21,7,1.1946,positive,False,1,hn
AXON,2026-02-05,-7.198,-2.335,down,2026-02-02,3,0.444,positive,False,1,reddit_technology
AXON,2026-04-07,-9.732,-2.122,down,2026-04-06,1,0.0,neutral,False,1,hn
AXON,2026-04-09,-10.267,-2.111,down,2026-04-06,3,0.0,neutral,False,1,hn
AXON,2026-05-28,12.266,3.215,up,2026-05-21,7,0.0,neutral,False,1,hn
AXON,2026-06-30,9.794,2.219,up,2026-06-27,3,0.0,neutral,False,1,hn
BAER,2026-01-09,15.094,3.144,up,2026-01-07,2,0.0,neutral,False,1,reddit_stocks
BAND,2026-01-23,5.076,2.109,up,2026-01-21,2,-0.0362,neutral,False,2,hn
BAND,2026-02-03,-5.181,-2.235,down,2026-02-01,2,0.0,neutral,False,5,reddit_investing|reddit_technology
BANR,2026-02-23,-6.124,-3.379,down,2026-02-20,3,0.79,positive,False,2,hn
BANR,2026-02-27,-4.681,-2.505,down,2026-02-20,7,0.79,positive,False,2,hn
BANR,2026-06-01,-3.246,-2.259,down,2026-05-31,1,-0.3596,negative,True,1,hn
BEAM,2026-05-06,11.903,2.539,up,2026-04-30,6,0.0,neutral,False,1,hn
BEEM,2026-01-15,-11.765,-2.279,down,2026-01-14,1,0.0,neutral,False,1,hn
BEEM,2026-01-21,9.302,2.005,up,2026-01-14,7,0.0,neutral,False,1,hn
BEEM,2026-05-18,-17.341,-2.929,down,2026-05-14,4,0.0,neutral,False,1,hn
BFC,2026-01-21,5.637,3.114,up,2026-01-15,6,-0.2411,negative,False,1,reddit_stocks
BGL,2026-06-08,20.0,2.861,up,2026-06-01,7,0.3303,positive,True,2,reddit_stocks
BIDU,2026-05-06,11.367,3.944,up,2026-04-30,6,0.0,neutral,False,1,hn
BIRD,2026-04-01,-12.957,-2.126,down,2026-03-30,2,0.0,neutral,False,1,hn
BKNG,2026-02-03,-9.324,-4.428,down,2026-02-02,1,0.2124,positive,False,4,reddit_stocks|reddit_technology|reddit_wallstreetbets
BKNG,2026-02-09,-4.939,-2.118,down,2026-02-07,2,-0.0463,neutral,False,1,hn
BKNG,2026-02-23,-5.052,-2.048,down,2026-02-21,2,0.0,neutral,False,1,hn
BKNG,2026-02-24,5.108,2.248,up,2026-02-21,3,0.0,neutral,False,1,hn
BKNG,2026-03-05,8.456,3.35,up,2026-03-04,1,-0.0707,negative,False,3,reddit_investing|reddit_technology
BKNG,2026-06-15,5.881,2.509,up,2026-06-14,1,0.0,neutral,False,1,hn
BKNG,2026-06-24,7.287,2.878,up,2026-06-21,3,-0.3431,negative,False,1,hn
BLZE,2026-02-13,7.789,2.912,up,2026-02-06,7,-0.2753,negative,False,1,hn
BLZE,2026-02-17,-6.061,-2.102,down,2026-02-14,3,0.0,neutral,False,1,hn
BLZE,2026-02-18,6.948,2.371,up,2026-02-14,4,0.0,neutral,False,1,hn
BLZE,2026-04-15,6.704,2.081,up,2026-04-14,1,-0.1214,negative,False,1,hn
BMBL,2026-03-12,34.155,6.005,up,2026-03-10,2,0.7408,positive,True,1,reddit_investing
BMRA,2026-03-09,14.063,3.812,up,2026-03-07,2,-0.0258,neutral,False,1,hn
BMRA,2026-03-11,-9.417,-2.328,down,2026-03-07,4,-0.0258,neutral,False,1,hn
BMRA,2026-06-02,-7.627,-2.329,down,2026-05-30,3,0.0,neutral,False,1,hn
BNBX,2026-06-18,-18.367,-2.947,down,2026-06-14,4,-0.3344,negative,True,1,hn
BOLT,2026-02-09,-9.012,-2.145,down,2026-02-06,3,0.6028,positive,False,1,hn
BOOM,2026-01-13,8.097,2.016,up,2026-01-12,1,0.0,neutral,False,1,reddit_stocks
BOOM,2026-02-05,-8.721,-2.843,down,2026-02-04,1,0.51,positive,False,1,reddit_technology
BOOM,2026-04-24,13.451,2.462,up,2026-04-20,4,-0.0463,neutral,False,1,hn
BOOM,2026-05-01,36.084,4.917,up,2026-04-30,1,0.0,neutral,False,1,hn
BOXL,2026-05-11,-15.058,-2.204,down,2026-05-04,7,0.0,neutral,False,1,reddit_wallstreetbets
BPOP,2026-06-04,3.132,2.169,up,2026-06-01,3,0.8302,positive,True,2,reddit_stocks|reddit_wallstreetbets
BRAG,2026-03-18,8.974,2.528,up,2026-03-13,5,0.0,neutral,False,1,hn
BRAG,2026-03-19,17.647,4.056,up,2026-03-13,6,0.0,neutral,False,1,hn
BTTC,2026-03-30,23.016,3.05,up,2026-03-27,3,0.0,neutral,False,1,hn
BULL,2026-02-05,-12.874,-3.572,down,2026-02-02,3,0.785,positive,False,2,reddit_wallstreetbets
BULL,2026-02-06,13.058,3.565,up,2026-02-02,4,0.785,positive,True,2,reddit_wallstreetbets
BULL,2026-06-05,-8.197,-2.235,down,2026-06-02,3,-0.1937,negative,True,5,reddit_investing
BULL,2026-07-01,10.123,2.15,up,2026-06-27,4,-0.286,negative,False,1,hn
CAAS,2026-01-12,6.532,3.128,up,2026-01-09,3,0.135,positive,True,1,reddit_stocks
CALM,2026-07-02,4.226,2.372,up,2026-07-01,1,-0.3014,negative,False,1,reddit_wallstreetbets
CAN,2026-02-05,-13.172,-2.11,down,2026-02-04,1,-0.0138,neutral,False,8,reddit_technology
CAN,2026-02-06,17.764,3.044,up,2026-02-05,1,-0.0368,neutral,False,16,hn|reddit_technology
CAN,2026-02-24,16.084,2.901,up,2026-02-21,3,0.0248,neutral,False,12,hn
CAN,2026-03-04,11.667,2.089,up,2026-03-03,1,0.3792,positive,True,12,reddit_investing|reddit_technology|reddit_wallstreetbets
CAN,2026-03-31,11.917,2.132,up,2026-03-30,1,-0.0456,neutral,False,5,hn
CAN,2026-05-19,-13.665,-2.46,down,2026-05-14,5,-0.0386,neutral,False,7,hn
CAPR,2026-05-08,-10.489,-2.227,down,2026-05-01,7,0.6882,positive,False,1,reddit_wallstreetbets
CAPS,2026-01-20,13.846,2.439,up,2026-01-14,6,0.0,neutral,False,1,reddit_stocks
CAPS,2026-04-01,-13.433,-2.267,down,2026-03-30,2,-0.3192,negative,True,2,hn
CAR,2026-02-03,4.884,2.309,up,2026-02-02,1,0.0,neutral,False,1,reddit_technology
CAR,2026-02-05,-6.73,-2.757,down,2026-02-03,2,-0.1514,negative,True,5,reddit_technology|reddit_wallstreetbets
CAR,2026-02-06,5.06,2.196,up,2026-02-05,1,0.4496,positive,True,3,reddit_technology
CAR,2026-02-19,-21.541,-5.973,down,2026-02-14,5,0.0,neutral,False,1,hn
CAR,2026-02-23,-9.101,-2.314,down,2026-02-20,3,0.0,neutral,False,2,hn
CAR,2026-02-24,7.184,2.027,up,2026-02-20,4,0.0,neutral,False,2,hn
CAR,2026-03-24,9.517,2.309,up,2026-03-20,4,0.0,neutral,False,1,hn
CAR,2026-03-26,12.965,2.809,up,2026-03-20,6,0.0,neutral,False,1,hn
CAR,2026-04-01,16.606,3.033,up,2026-03-30,2,0.0,neutral,False,2,hn
CAR,2026-04-02,11.966,2.041,up,2026-04-01,1,0.0,neutral,False,1,reddit_technology
CAR,2026-04-07,20.014,3.037,up,2026-04-03,4,0.7996,positive,True,2,reddit_technology|reddit_wallstreetbets
CAR,2026-04-13,23.695,3.122,up,2026-04-07,6,-0.0386,neutral,False,2,hn
CAR,2026-04-20,23.274,2.642,up,2026-04-13,7,-0.158,negative,False,2,hn
CAR,2026-04-22,-37.821,-4.288,down,2026-04-21,1,0.0,neutral,False,1,hn
CAR,2026-04-23,-48.385,-4.362,down,2026-04-21,2,0.0,neutral,False,1,hn
CARE,2026-02-23,-3.699,-2.69,down,2026-02-20,3,0.7408,positive,False,1,hn
CARE,2026-02-27,-3.205,-2.231,down,2026-02-20,7,0.7408,positive,False,1,hn
CARE,2026-03-26,7.496,4.112,up,2026-03-21,5,0.192,positive,True,1,hn
CARE,2026-03-27,4.284,2.169,up,2026-03-21,6,0.192,positive,True,1,hn
CARE,2026-05-15,-3.177,-2.027,down,2026-05-13,2,0.3704,positive,False,2,hn
CARE,2026-06-02,4.385,2.288,up,2026-06-01,1,1.0711,positive,True,2,reddit_technology|reddit_wallstreetbets
CARE,2026-06-03,-3.53,-2.313,down,2026-06-02,1,1.0728,positive,False,1,reddit_investing
CASH,2026-01-21,4.139,2.601,up,2026-01-20,1,-0.1798,negative,False,2,hn
CASH,2026-01-22,3.43,2.032,up,2026-01-21,1,-0.3344,negative,False,1,hn
CASH,2026-01-23,7.284,3.826,up,2026-01-21,2,-0.3344,negative,False,1,hn
CASH,2026-02-13,4.688,2.143,up,2026-02-07,6,0.0774,positive,True,1,hn
CASH,2026-02-27,-4.311,-2.33,down,2026-02-25,2,0.7659,positive,False,1,reddit_SecurityAnalysis
CASH,2026-06-03,-4.508,-2.082,down,2026-06-01,2,0.1591,positive,False,3,reddit_investing|reddit_stocks
CASS,2026-04-23,-3.157,-2.385,down,2026-04-20,3,0.0,neutral,False,1,hn
CASS,2026-04-24,5.006,3.3,up,2026-04-20,4,0.0,neutral,False,1,hn
CASS,2026-04-27,-3.895,-2.671,down,2026-04-20,7,0.0,neutral,False,1,hn
CD,2026-03-04,24.922,2.273,up,2026-03-03,1,0.0,neutral,False,1,reddit_investing
CD,2026-03-05,-25.345,-2.359,down,2026-03-03,2,0.0,neutral,False,1,reddit_investing
CD,2026-05-18,26.538,2.411,up,2026-05-14,4,-0.3892,negative,False,1,hn
CDNL,2026-04-14,11.664,2.051,up,2026-04-07,7,-0.1646,negative,False,3,hn
CDNL,2026-04-30,15.609,2.51,up,2026-04-28,2,0.0,neutral,False,1,hn
CDXS,2026-02-02,16.129,3.085,up,2026-01-30,3,0.0,neutral,False,1,hn
CERT,2026-05-11,-18.7,-5.2,down,2026-05-06,5,0.0,neutral,False,1,hn
CETY,2026-02-20,37.857,2.082,up,2026-02-19,1,0.8788,positive,True,1,hn
CHAI,2026-01-08,19.095,2.368,up,2026-01-06,2,0.51,positive,True,1,hn
CHNR,2026-01-16,-15.894,-3.069,down,2026-01-15,1,0.5418,positive,False,1,reddit_stocks
CLIK,2026-03-13,-13.175,-2.011,down,2026-03-12,1,0.6606,positive,False,1,reddit_investing
CLIK,2026-03-19,-25.862,-3.742,down,2026-03-13,6,0.0,neutral,False,1,hn
CLIK,2026-04-08,53.285,5.347,up,2026-04-02,6,0.5727,positive,True,1,reddit_investing
CLIK,2026-04-09,64.286,4.87,up,2026-04-02,7,0.5727,positive,True,1,reddit_investing
CLIK,2026-04-21,35.798,2.488,up,2026-04-14,7,0.9554,positive,True,1,hn
CLMB,2026-04-13,6.929,2.416,up,2026-04-07,6,-0.1639,negative,False,1,hn
CLOV,2026-01-14,10.63,2.063,up,2026-01-09,5,-0.0919,negative,False,1,reddit_stocks
CMPR,2026-04-08,5.363,2.596,up,2026-04-06,2,0.0,neutral,False,1,hn
CNEY,2026-01-07,16.978,3.29,up,2026-01-06,1,0.0,neutral,False,1,reddit_stocks
CNEY,2026-03-18,-21.053,-2.051,down,2026-03-13,5,0.4098,positive,False,1,reddit_investing
CNEY,2026-03-19,-30.278,-2.681,down,2026-03-13,6,0.4098,positive,False,1,reddit_investing
CNXN,2026-05-22,3.521,2.191,up,2026-05-21,1,0.0,neutral,False,1,hn
COIN,2026-01-05,7.775,2.148,up,2026-01-03,2,-0.1639,negative,False,1,reddit_stocks
COIN,2026-02-05,-13.344,-3.325,down,2026-02-02,3,0.0,neutral,False,1,reddit_wallstreetbets
COIN,2026-02-06,13.003,3.448,up,2026-02-05,1,0.0,neutral,False,1,hn
COIN,2026-02-13,16.465,3.702,up,2026-02-12,1,0.0,neutral,False,1,edgar_8k
COIN,2026-03-04,14.57,2.859,up,2026-03-02,2,0.0,neutral,False,1,reddit_wallstreetbets
COST,2026-01-05,2.486,2.133,up,2026-01-04,1,-0.4458,negative,False,1,reddit_technology
COST,2026-01-08,3.708,3.033,up,2026-01-07,1,0.4377,positive,True,4,hn|reddit_stocks|reddit_technology
COST,2026-02-02,2.99,2.37,up,2026-02-01,1,0.0,neutral,False,1,reddit_wallstreetbets
COST,2026-02-10,-2.642,-2.137,down,2026-02-07,3,-0.1776,negative,True,1,hn
COST,2026-04-10,-3.252,-2.772,down,2026-04-07,3,-0.0899,negative,True,4,hn
COST,2026-05-18,2.624,2.143,up,2026-05-14,4,0.3186,positive,True,4,hn
COST,2026-05-29,-3.907,-2.837,down,2026-05-28,1,-0.0445,neutral,False,4,hn
CPOP,2026-01-28,-13.567,-2.258,down,2026-01-27,1,0.0,neutral,False,1,hn
CPOP,2026-01-30,11.528,2.115,up,2026-01-28,2,0.192,positive,True,1,hn
CPRT,2026-01-15,3.151,2.184,up,2026-01-11,4,0.0,neutral,False,1,reddit_stocks
CRCT,2026-03-04,4.63,2.286,up,2026-03-01,3,0.0,neutral,False,1,reddit_stocks
CRCT,2026-03-05,-8.407,-3.504,down,2026-03-01,4,0.0,neutral,False,1,reddit_stocks
CRE,2026-02-11,-14.803,-2.299,down,2026-02-07,4,0.3394,positive,False,1,hn
CRIS,2026-04-13,24.0,3.955,up,2026-04-06,7,-0.3749,negative,False,1,hn
CRML,2026-01-06,25.638,2.068,up,2026-01-02,4,0.222,positive,True,2,reddit_stocks
CRML,2026-01-14,32.581,3.312,up,2026-01-07,7,0.0,neutral,False,1,reddit_stocks
CRNC,2026-05-22,13.313,2.952,up,2026-05-21,1,0.0,neutral,False,1,hn
CRNC,2026-06-05,-13.95,-3.075,down,2026-05-30,6,0.0,neutral,False,1,hn
CRON,2026-04-23,-7.143,-3.067,down,2026-04-21,2,0.0,neutral,False,1,hn
CRON,2026-05-11,8.268,3.209,up,2026-05-07,4,0.0,neutral,False,1,hn
CRWD,2026-02-23,-9.848,-3.249,down,2026-02-20,3,0.0,neutral,False,1,hn
CRWD,2026-04-09,-7.463,-2.082,down,2026-04-06,3,0.0,neutral,False,1,edgar_8k
CRWD,2026-06-05,-6.685,-2.107,down,2026-06-03,2,0.0,neutral,False,3,edgar_8k|reddit_investing
CRWV,2026-02-06,20.496,3.026,up,2026-02-05,1,0.1158,positive,True,2,hn|reddit_technology
CSCO,2026-05-14,13.409,5.335,up,2026-05-13,1,-0.1309,negative,False,2,hn
CTMX,2026-01-16,26.824,4.469,up,2026-01-09,7,-0.0258,neutral,False,1,reddit_stocks
CWD,2026-04-01,-13.913,-2.629,down,2026-03-27,5,0.51,positive,False,1,hn
DARE,2026-05-15,-24.126,-2.494,down,2026-05-13,2,0.0,neutral,False,1,hn
DASH,2026-02-18,6.801,2.541,up,2026-02-13,5,-0.0129,neutral,False,2,hn
DBGI,2026-01-13,19.933,2.522,up,2026-01-06,7,0.6028,positive,True,1,hn
DBGI,2026-02-09,-20.884,-2.096,down,2026-02-04,5,-0.1639,negative,True,1,reddit_technology
DBGI,2026-02-11,-26.667,-2.435,down,2026-02-04,7,-0.1639,negative,True,1,reddit_technology
DBGI,2026-03-02,29.268,2.152,up,2026-03-01,1,0.6861,positive,True,1,reddit_technology
DBX,2026-04-08,-3.814,-2.004,down,2026-04-07,1,-0.0888,negative,True,2,hn
DBX,2026-04-15,4.361,2.386,up,2026-04-14,1,-0.1214,negative,False,1,hn
DDOG,2026-01-29,-8.808,-2.046,down,2026-01-28,1,0.1665,positive,False,5,gdelt|hn
DDOG,2026-02-05,-7.761,-2.24,down,2026-02-01,4,0.0,neutral,False,4,gdelt
DDOG,2026-04-15,9.487,2.116,up,2026-04-14,1,0.0,neutral,False,3,gdelt
DDOG,2026-05-07,31.327,5.712,up,2026-05-06,1,0.0,neutral,False,5,gdelt
DDOG,2026-06-01,12.185,2.032,up,2026-05-31,1,0.0,neutral,False,4,gdelt
DFDV,2026-02-05,-25.125,-2.999,down,2026-02-04,1,-0.2411,negative,True,1,reddit_technology
DFDV,2026-02-06,23.539,2.872,up,2026-02-04,2,-0.2411,negative,False,1,reddit_technology
DFNS,2026-01-08,25.0,2.983,up,2026-01-07,1,-0.2529,negative,False,1,reddit_stocks
DGII,2026-01-30,-4.902,-2.342,down,2026-01-28,2,0.5727,positive,False,1,hn
DGII,2026-02-23,-4.582,-2.203,down,2026-02-20,3,0.0,neutral,False,1,hn
DKNG,2026-01-16,-8.009,-2.643,down,2026-01-13,3,0.0,neutral,False,1,reddit_stocks
DLO,2026-02-12,-5.694,-2.289,down,2026-02-06,6,0.0,neutral,False,2,hn|reddit_technology
DLO,2026-02-18,5.232,2.233,up,2026-02-14,4,-0.2411,negative,False,1,hn
DLO,2026-02-23,-7.319,-2.855,down,2026-02-21,2,0.0,neutral,False,4,hn
DLO,2026-03-19,9.432,3.233,up,2026-03-14,5,0.0,neutral,False,2,hn
DLO,2026-05-15,-13.033,-3.812,down,2026-05-14,1,0.0,neutral,False,1,hn
DLTR,2026-03-16,6.421,2.799,up,2026-03-09,7,-0.2529,negative,False,1,reddit_investing
DMAC,2026-01-16,-11.3,-2.492,down,2026-01-10,6,0.0,neutral,False,1,reddit_stocks
DOCU,2026-02-03,-11.404,-3.652,down,2026-01-27,7,0.9374,positive,False,1,hn
DRS,2026-02-04,-7.709,-3.692,down,2026-01-28,7,0.0,neutral,False,1,hn
DRUG,2026-01-06,16.498,3.108,up,2026-01-05,1,-0.0768,negative,False,2,reddit_technology
DRUG,2026-04-08,7.662,2.215,up,2026-04-01,7,-0.0768,negative,False,1,reddit_technology
DRUG,2026-05-14,-8.205,-2.591,down,2026-05-13,1,0.0,neutral,False,1,hn
DRUG,2026-05-20,11.054,3.325,up,2026-05-14,6,-0.13,negative,False,2,hn
DRUG,2026-06-01,-8.005,-2.362,down,2026-05-30,2,0.2592,positive,False,3,hn
DRUG,2026-06-05,-7.383,-2.052,down,2026-05-30,6,0.2592,positive,False,3,hn
DRUG,2026-06-10,-9.204,-2.374,down,2026-06-06,4,0.0,neutral,False,1,hn
DSGR,2026-01-05,4.137,2.039,up,2026-01-03,2,-0.0919,negative,False,1,reddit_stocks
DSGR,2026-02-06,4.186,2.101,up,2026-01-31,6,0.444,positive,True,1,hn
DSGR,2026-03-16,35.008,5.858,up,2026-03-15,1,0.0,neutral,False,2,reddit_investing
DSGR,2026-06-18,4.454,3.308,up,2026-06-14,4,0.3704,positive,True,2,hn
DUO,2026-02-09,12.5,2.027,up,2026-02-04,5,0.51,positive,True,1,reddit_technology
DUOL,2026-02-11,-9.445,-2.586,down,2026-02-04,7,0.0,neutral,False,2,reddit_technology
DUOL,2026-05-07,8.179,2.053,up,2026-05-06,1,0.0,neutral,False,1,reddit_investing
DUOL,2026-06-02,-6.798,-2.034,down,2026-05-27,6,0.0,neutral,False,1,hn
EBAY,2026-02-04,-7.079,-3.75,down,2026-02-02,2,-0.0052,neutral,False,1,reddit_wallstreetbets
ECHO,2026-05-21,-9.422,-2.718,down,2026-05-14,7,-0.1639,negative,True,1,hn
EDIT,2026-01-22,12.264,2.842,up,2026-01-21,1,0.0,neutral,False,1,hn
EDIT,2026-02-05,-14.615,-3.054,down,2026-02-01,4,0.0,neutral,False,1,reddit_stocks
EDIT,2026-02-06,9.309,2.043,up,2026-02-01,5,0.0,neutral,False,1,reddit_stocks
EDIT,2026-03-05,-13.47,-2.624,down,2026-02-26,7,-0.1776,negative,True,1,hn
EDIT,2026-03-09,16.0,2.9,up,2026-03-06,3,0.0,neutral,False,1,hn
EDIT,2026-03-10,13.793,2.381,up,2026-03-06,4,0.0,neutral,False,1,hn
EFSI,2026-03-11,-3.458,-2.43,down,2026-03-06,5,-0.3344,negative,True,1,reddit_investing
EH,2026-01-20,-8.022,-2.32,down,2026-01-14,6,-0.0463,neutral,False,1,hn
EHTH,2026-02-24,13.725,2.625,up,2026-02-19,5,0.154,positive,True,1,hn
EHTH,2026-02-26,-29.63,-4.078,down,2026-02-19,7,0.154,positive,False,1,hn
EHTH,2026-03-03,25.806,3.52,up,2026-03-02,1,0.007,neutral,False,2,reddit_investing|reddit_technology
EHTH,2026-06-24,12.658,2.322,up,2026-06-21,3,-0.1532,negative,False,2,hn
ELAB,2026-01-13,-23.719,-3.018,down,2026-01-07,6,0.51,positive,False,1,reddit_stocks
EML,2026-02-06,6.277,2.418,up,2026-02-05,1,0.0,neutral,False,1,reddit_technology
EML,2026-03-11,5.274,2.272,up,2026-03-06,5,-0.0172,neutral,False,3,hn
EML,2026-05-13,-6.72,-3.475,down,2026-05-07,6,0.2386,positive,False,2,hn|reddit_investing
ENPH,2026-02-04,38.6,6.364,up,2026-02-02,2,0.0,neutral,False,1,reddit_wallstreetbets
ENTG,2026-03-06,-9.745,-2.785,down,2026-03-03,3,0.0,neutral,False,1,reddit_technology
EQIX,2026-06-16,2.847,2.269,up,2026-06-13,3,0.0,neutral,False,1,hn
ERII,2026-05-07,-18.777,-3.187,down,2026-05-05,2,0.4098,positive,False,1,reddit_investing
EVER,2026-02-03,-15.244,-5.137,down,2026-02-01,2,0.0,neutral,False,1,reddit_technology
EVER,2026-02-11,-9.113,-2.539,down,2026-02-07,4,0.9554,positive,False,1,hn
EVER,2026-02-20,7.495,2.429,up,2026-02-19,1,0.0,neutral,False,1,hn
EVER,2026-04-30,-8.503,-2.26,down,2026-04-29,1,0.0,neutral,False,1,hn
EVER,2026-05-05,63.039,7.027,up,2026-05-04,1,0.9554,positive,True,1,reddit_wallstreetbets
EVRG,2026-01-14,1.799,2.084,up,2026-01-13,1,-0.0953,negative,False,3,hn
EVRG,2026-02-03,2.422,2.555,up,2026-02-02,1,-0.057,negative,False,3,reddit_technology|reddit_wallstreetbets
EVRG,2026-02-10,2.074,2.137,up,2026-02-07,3,0.0,neutral,False,4,hn
EVRG,2026-02-13,2.479,2.338,up,2026-02-07,6,0.0,neutral,False,4,hn
EVRG,2026-02-23,2.305,2.092,up,2026-02-21,2,0.0,neutral,False,3,hn
EVRG,2026-03-20,-2.911,-2.834,down,2026-03-16,4,-0.3254,negative,True,1,reddit_investing
EVRG,2026-04-23,2.825,2.386,up,2026-04-21,2,-0.042,neutral,False,3,hn
EVRG,2026-05-15,-2.696,-2.466,down,2026-05-14,1,0.6322,positive,False,1,hn
EXE,2026-02-02,-4.866,-2.324,down,2026-01-31,2,0.4098,positive,False,1,hn
EYE,2026-03-04,9.05,3.439,up,2026-02-28,4,-0.3344,negative,False,1,hn
EYE,2026-04-01,-7.645,-2.351,down,2026-03-30,2,-0.5267,negative,True,1,hn
EYE,2026-05-13,-19.198,-4.291,down,2026-05-06,7,0.0,neutral,False,2,hn
FAST,2026-01-08,2.93,2.436,up,2026-01-07,1,1.3034,positive,True,1,reddit_technology
FAST,2026-01-15,2.617,2.086,up,2026-01-14,1,0.0,neutral,False,5,hn
FAST,2026-01-20,-2.561,-2.045,down,2026-01-14,6,0.0,neutral,False,5,hn
FAST,2026-01-21,4.669,3.297,up,2026-01-20,1,0.4105,positive,True,2,hn
FAST,2026-02-02,3.321,2.204,up,2026-02-01,1,0.0,neutral,False,1,reddit_wallstreetbets
FAST,2026-02-03,3.437,2.168,up,2026-02-01,2,0.0,neutral,False,1,reddit_wallstreetbets
FAST,2026-02-04,4.186,2.509,up,2026-02-03,1,0.7503,positive,True,2,reddit_technology|reddit_wallstreetbets
FAST,2026-02-12,-3.148,-2.028,down,2026-02-07,5,0.0,neutral,False,2,hn
FAST,2026-04-08,5.565,2.9,up,2026-04-07,1,0.1192,positive,True,6,hn
FAST,2026-04-13,-6.854,-3.424,down,2026-04-09,4,0.0,neutral,False,1,reddit_investing
FAST,2026-06-03,3.868,2.151,up,2026-06-02,1,0.51,positive,True,1,reddit_investing
FATE,2026-01-07,9.901,2.167,up,2026-01-06,1,0.6606,positive,True,1,hn
FATE,2026-05-01,22.4,4.12,up,2026-04-29,2,0.0,neutral,False,1,hn
FATE,2026-05-04,17.647,2.97,up,2026-05-02,2,0.9896,positive,True,1,reddit_wallstreetbets
FATE,2026-05-05,31.111,4.404,up,2026-05-02,3,0.9896,positive,True,1,reddit_wallstreetbets
FCCO,2026-02-23,-2.809,-2.281,down,2026-02-19,4,0.3394,positive,False,1,hn
FEED,2026-01-14,-26.724,-3.668,down,2026-01-13,1,0.7131,positive,False,1,hn
FEED,2026-01-29,66.957,3.436,up,2026-01-28,1,-0.1776,negative,False,1,hn
FEED,2026-03-24,58.042,2.621,up,2026-03-21,3,0.0,neutral,False,1,hn
FER,2026-03-03,-5.622,-3.679,down,2026-02-28,3,0.0,neutral,False,1,hn
FGI,2026-04-20,50.615,4.344,up,2026-04-19,1,0.0,neutral,False,1,reddit_SecurityAnalysis
FGI,2026-04-22,-31.979,-2.679,down,2026-04-19,3,0.0,neutral,False,1,reddit_SecurityAnalysis
FGL,2026-02-06,-27.407,-2.886,down,2026-02-05,1,-0.4963,negative,True,1,hn
FGL,2026-02-10,55.96,4.985,up,2026-02-07,3,0.0,neutral,False,1,hn
FGL,2026-02-13,49.13,3.714,up,2026-02-12,1,0.3086,positive,True,1,hn
FGL,2026-02-24,34.259,2.496,up,2026-02-21,3,0.0,neutral,False,1,hn
FGL,2026-05-27,40.426,3.957,up,2026-05-21,6,0.0,neutral,False,1,hn
FIGR,2026-01-05,21.674,3.608,up,2026-01-03,2,-0.1776,negative,False,1,reddit_stocks
FIGR,2026-02-03,-14.854,-2.219,down,2026-02-01,2,-0.2291,negative,True,1,reddit_wallstreetbets
FIGR,2026-03-10,21.293,2.441,up,2026-03-05,5,0.0,neutral,False,1,hn
FIVE,2026-02-06,4.39,2.058,up,2026-02-05,1,-0.4085,negative,False,1,reddit_technology
FIVE,2026-03-19,10.684,4.655,up,2026-03-14,5,-0.0386,neutral,False,2,hn
FIVE,2026-05-11,-6.714,-2.521,down,2026-05-07,4,0.383,positive,False,2,hn
FIVE,2026-06-04,-13.783,-4.149,down,2026-05-31,4,0.0077,neutral,False,3,hn
FLNT,2026-06-02,17.051,3.383,up,2026-05-31,2,0.0,neutral,False,1,hn
FLY,2026-03-25,16.013,2.3,up,2026-03-21,4,0.0,neutral,False,1,hn
FLY,2026-03-31,20.533,2.717,up,2026-03-30,1,0.0,neutral,False,1,hn
FLY,2026-04-16,17.411,2.233,up,2026-04-14,2,0.0,neutral,False,1,hn
FORM,2026-01-23,-9.63,-2.177,down,2026-01-20,3,-0.0679,negative,True,2,hn
FORM,2026-02-05,17.186,4.37,up,2026-02-01,4,0.0,neutral,False,1,reddit_investing
FORM,2026-02-26,-7.635,-2.157,down,2026-02-21,5,0.51,positive,False,1,hn
FORM,2026-04-08,12.062,2.322,up,2026-04-05,3,1.1576,positive,True,1,reddit_technology
FORM,2026-05-12,-12.801,-2.983,down,2026-05-07,5,-0.1776,negative,True,1,hn
FORM,2026-06-11,12.46,2.346,up,2026-06-07,4,0.9554,positive,True,1,hn
FOSL,2026-01-27,12.748,2.018,up,2026-01-21,6,0.0,neutral,False,1,hn
FOSL,2026-03-12,16.505,3.281,up,2026-03-07,5,0.0,neutral,False,1,hn
FOSL,2026-05-12,-11.236,-2.557,down,2026-05-06,6,-0.2753,negative,True,1,hn
FOX,2026-02-05,-2.714,-2.216,down,2026-02-04,1,-0.1639,negative,True,1,reddit_technology
FOX,2026-02-09,-2.742,-2.08,down,2026-02-04,5,-0.1639,negative,True,1,reddit_technology
FOX,2026-02-11,-3.532,-2.573,down,2026-02-04,7,-0.1639,negative,True,1,reddit_technology
FRGT,2026-02-06,16.364,2.143,up,2026-02-04,2,0.0,neutral,False,1,reddit_technology
FRGT,2026-06-11,-31.169,-3.001,down,2026-06-06,5,0.0,neutral,False,1,hn
FRMM,2026-04-06,-21.636,-3.473,down,2026-04-03,3,0.4641,positive,False,1,reddit_investing
FROG,2026-02-17,-7.962,-2.245,down,2026-02-14,3,-0.4023,negative,True,1,hn
FROG,2026-02-20,-24.935,-5.185,down,2026-02-14,6,-0.4023,negative,True,1,hn
FSLY,2026-02-06,7.663,2.297,up,2026-02-02,4,-0.2529,negative,False,1,reddit_stocks
FSLY,2026-04-10,-21.69,-2.116,down,2026-04-07,3,-0.2291,negative,True,1,hn
FWRG,2026-03-05,8.445,2.297,up,2026-03-02,3,-0.0616,negative,False,1,reddit_investing
GAME,2026-01-02,12.987,2.671,up,2026-01-01,1,0.7659,positive,True,1,reddit_technology
GAME,2026-02-05,-17.404,-3.063,down,2026-02-04,1,0.044,neutral,False,2,reddit_technology
GAME,2026-02-06,11.429,2.195,up,2026-02-05,1,0.0,neutral,False,1,reddit_technology
GAME,2026-02-25,12.186,2.353,up,2026-02-21,4,-0.2963,negative,False,1,hn
GAME,2026-02-26,10.863,2.076,up,2026-02-21,5,-0.2963,negative,False,1,hn
GAME,2026-04-09,28.175,4.635,up,2026-04-07,2,0.51,positive,True,1,hn
GAME,2026-04-10,14.551,2.276,up,2026-04-07,3,0.51,positive,True,1,hn
GAME,2026-04-22,33.996,4.221,up,2026-04-21,1,-0.0616,negative,False,7,hn
GAME,2026-05-15,-17.021,-2.248,down,2026-05-14,1,-0.1382,negative,True,3,hn
GAME,2026-05-22,17.436,2.09,up,2026-05-21,1,0.1051,positive,True,7,hn
GDC,2026-03-20,-35.912,-4.55,down,2026-03-14,6,-0.3191,negative,True,1,hn
GDRX,2026-03-02,16.043,3.52,up,2026-03-01,1,0.6322,positive,True,1,reddit_stocks
GEGGL,2026-06-09,-2.976,-3.779,down,2026-06-06,3,0.0774,positive,False,1,hn
GEGGL,2026-06-12,1.695,2.049,up,2026-06-06,6,0.0774,positive,True,1,hn
GEN,2026-01-20,-3.678,-2.495,down,2026-01-14,6,-0.3232,negative,True,2,hn
GEN,2026-01-29,-3.59,-2.365,down,2026-01-28,1,0.4845,positive,False,1,hn
GEN,2026-02-03,-5.633,-3.357,down,2026-01-28,6,0.4845,positive,False,1,hn
GEN,2026-02-06,8.114,4.241,up,2026-02-05,1,0.0,neutral,False,1,reddit_technology
GEN,2026-02-12,-4.54,-2.15,down,2026-02-06,6,0.0,neutral,False,1,hn
GEN,2026-04-13,5.702,2.49,up,2026-04-07,6,0.0,neutral,False,2,hn
GEN,2026-04-23,-5.903,-2.061,down,2026-04-21,2,0.0,neutral,False,1,hn
GEN,2026-05-08,12.333,4.453,up,2026-05-07,1,-0.0804,negative,False,3,hn
GEN,2026-05-13,5.672,2.007,up,2026-05-07,6,-0.0804,negative,False,3,hn
GEN,2026-06-01,7.639,2.424,up,2026-05-31,1,-0.0888,negative,False,2,hn
GLXY,2026-06-05,-11.51,-2.447,down,2026-06-01,4,0.0,neutral,False,1,reddit_wallstreetbets
GLXY,2026-06-08,21.36,3.718,up,2026-06-01,7,0.0,neutral,False,1,reddit_wallstreetbets
GNLN,2026-03-04,9.091,2.277,up,2026-02-27,5,0.0258,neutral,False,1,hn
GNLN,2026-03-30,-17.738,-2.025,down,2026-03-27,3,0.0,neutral,False,1,hn
GNLN,2026-03-31,15.625,2.22,up,2026-03-27,4,0.0,neutral,False,1,hn
GNLN,2026-04-01,-21.622,-2.307,down,2026-03-31,1,0.0,neutral,False,1,hn
GNLN,2026-04-02,20.69,2.584,up,2026-03-31,2,0.0,neutral,False,1,hn
GO,2026-03-02,-6.377,-2.633,down,2026-03-01,1,-0.064,negative,True,5,reddit_investing|reddit_stocks|reddit_technology
GO,2026-03-05,-27.873,-6.346,down,2026-03-03,2,0.4006,positive,False,2,reddit_technology|reddit_wallstreetbets
GO,2026-03-23,11.399,2.534,up,2026-03-21,2,0.3303,positive,True,2,hn
GOOGL,2026-02-20,4.005,2.423,up,2026-02-13,7,0.0,neutral,False,1,edgar_8k
GOOGL,2026-04-08,3.883,2.221,up,2026-04-02,6,0.0,neutral,False,1,edgar_8k
GOOGL,2026-04-30,9.962,4.379,up,2026-04-29,1,0.0,neutral,False,3,edgar_8k|hn
GRPN,2026-05-08,15.006,2.533,up,2026-05-04,4,0.0,neutral,False,2,reddit_wallstreetbets
GRRR,2026-01-15,12.36,2.585,up,2026-01-13,2,-0.2291,negative,False,1,hn
GRRR,2026-05-26,12.894,2.585,up,2026-05-20,6,0.0,neutral,False,1,hn
GRVY,2026-01-12,8.294,5.147,up,2026-01-05,7,0.0,neutral,False,1,reddit_technology
GRVY,2026-06-18,15.23,5.347,up,2026-06-13,5,0.0,neutral,False,1,hn
GTLB,2026-02-23,-8.943,-2.165,down,2026-02-21,2,0.0,neutral,False,1,hn
GTLB,2026-02-26,7.393,2.002,up,2026-02-21,5,0.0,neutral,False,1,hn
HALO,2026-01-08,-3.968,-2.212,down,2026-01-06,2,0.0,neutral,False,1,hn
HALO,2026-02-18,-9.008,-3.713,down,2026-02-14,4,0.0,neutral,False,1,hn
HAPN,2026-01-28,-5.959,-2.026,down,2026-01-27,1,0.0,neutral,False,3,hn
HAPN,2026-01-29,-15.994,-4.302,down,2026-01-28,1,-0.4043,negative,True,1,hn
HAPN,2026-02-06,7.967,2.202,up,2026-02-04,2,-0.3308,negative,False,1,reddit_technology
HAPN,2026-02-12,-9.091,-2.37,down,2026-02-06,6,0.0,neutral,False,2,hn
HAPN,2026-02-23,-9.287,-2.341,down,2026-02-21,2,0.0,neutral,False,1,hn
HAPN,2026-02-27,-10.825,-2.499,down,2026-02-26,1,-0.0768,negative,True,1,hn
HAPN,2026-06-03,-6.343,-2.275,down,2026-05-31,3,0.0,neutral,False,2,hn
HAPN,2026-06-04,7.2,2.271,up,2026-06-03,1,-0.0539,negative,False,2,reddit_investing
HAS,2026-01-09,-2.715,-2.162,down,2026-01-08,1,-0.1204,negative,True,6,reddit_stocks|reddit_technology
HAS,2026-01-21,3.254,2.118,up,2026-01-20,1,0.0093,neutral,False,5,hn
HAS,2026-02-02,5.072,3.104,up,2026-02-01,1,-0.0338,neutral,False,8,reddit_investing|reddit_technology|reddit_wallstreetbets
HAS,2026-02-10,7.482,3.824,up,2026-02-07,3,-0.0736,negative,False,5,hn
HAS,2026-02-12,-4.125,-2.407,down,2026-02-07,5,-0.0736,negative,True,5,hn
HAS,2026-03-31,4.71,2.238,up,2026-03-30,1,-0.1199,negative,False,3,hn
HAS,2026-04-01,-4.509,-2.244,down,2026-03-31,1,-0.0524,negative,True,10,hn
HAS,2026-04-08,4.978,2.302,up,2026-04-07,1,-0.0094,neutral,False,11,hn|reddit_investing
HAS,2026-04-21,-4.519,-2.09,down,2026-04-20,1,-0.1543,negative,True,4,hn
HAS,2026-04-23,6.589,2.729,up,2026-04-21,2,-0.0398,neutral,False,21,hn
HAS,2026-05-20,-8.829,-3.737,down,2026-05-14,6,-0.015,neutral,False,8,hn
HBT,2026-02-23,-3.876,-2.309,down,2026-02-21,2,0.0,neutral,False,1,hn
HBT,2026-02-27,-3.508,-2.014,down,2026-02-21,6,0.0,neutral,False,1,hn
HCSG,2026-04-22,18.295,4.883,up,2026-04-21,1,0.6166,positive,True,2,hn
HELP,2026-02-05,-7.862,-2.026,down,2026-02-04,1,0.3235,positive,False,5,reddit_technology
HELP,2026-02-12,-8.783,-2.259,down,2026-02-07,5,0.6028,positive,False,1,hn
HELP,2026-02-17,11.002,2.572,up,2026-02-14,3,-0.0782,negative,False,4,hn
HELP,2026-02-24,9.51,2.14,up,2026-02-21,3,0.8402,positive,True,2,hn
HELP,2026-03-05,-33.88,-5.513,down,2026-03-04,1,1.3161,positive,False,1,reddit_technology
HELP,2026-04-22,17.039,2.516,up,2026-04-21,1,0.3882,positive,True,3,hn
HELP,2026-06-25,18.271,3.363,up,2026-06-21,4,-0.3344,negative,False,1,hn
HIVE,2026-02-02,-11.828,-2.041,down,2026-02-01,1,-0.2753,negative,True,1,reddit_technology
HIVE,2026-02-06,15.92,2.86,up,2026-02-01,5,-0.2753,negative,False,1,reddit_technology
HNST,2026-05-11,-9.615,-2.363,down,2026-05-07,4,0.7659,positive,False,1,hn
HOOD,2026-02-05,-9.849,-2.14,down,2026-02-03,2,0.0,neutral,False,1,reddit_wallstreetbets
HOOD,2026-02-06,13.952,3.215,up,2026-02-03,3,0.0,neutral,False,1,reddit_wallstreetbets
HQ,2026-05-11,23.115,2.663,up,2026-05-07,4,0.51,positive,True,1,reddit_investing
HQI,2026-03-23,6.612,2.083,up,2026-03-21,2,-0.4085,negative,False,1,hn
HQI,2026-05-13,9.482,2.837,up,2026-05-07,6,0.3303,positive,True,2,hn
HROW,2026-01-09,-8.346,-2.103,down,2026-01-06,3,0.0,neutral,False,1,hn
HTHT,2026-01-06,4.819,2.412,up,2026-01-05,1,0.7938,positive,True,2,reddit_technology
HTHT,2026-02-05,5.121,2.233,up,2026-02-04,1,0.7884,positive,True,2,reddit_technology
HTHT,2026-03-03,-3.722,-2.046,down,2026-03-02,1,0.2731,positive,False,3,reddit_investing|reddit_technology
HTHT,2026-05-27,4.197,2.074,up,2026-05-20,7,0.0,neutral,False,1,hn
HUBG,2026-02-02,4.414,2.226,up,2026-01-28,5,0.0,neutral,False,1,hn
HURC,2026-01-20,-5.443,-2.547,down,2026-01-15,5,0.7408,positive,False,1,reddit_stocks
HURC,2026-04-09,4.672,2.274,up,2026-04-04,5,0.0,neutral,False,1,reddit_technology
HURC,2026-06-05,23.423,6.637,up,2026-06-02,3,0.0258,neutral,False,1,reddit_investing
IBKR,2026-01-21,5.999,2.365,up,2026-01-15,6,-0.0756,negative,False,1,reddit_stocks
IBKR,2026-04-08,6.166,2.236,up,2026-04-07,1,0.0,neutral,False,1,reddit_investing
ICLR,2026-02-03,-5.98,-2.381,down,2026-01-31,3,0.0,neutral,False,1,hn
ICLR,2026-02-05,-10.864,-3.688,down,2026-01-31,5,0.0,neutral,False,1,hn
ICLR,2026-02-10,-6.483,-2.074,down,2026-02-06,4,0.8991,positive,False,1,hn
ICLR,2026-02-11,-7.893,-2.37,down,2026-02-06,5,0.8991,positive,False,1,hn
ICLR,2026-02-12,-39.853,-6.45,down,2026-02-06,6,0.8991,positive,False,1,hn
ICLR,2026-02-13,16.134,2.612,up,2026-02-06,7,0.8991,positive,True,1,hn
ICLR,2026-04-29,13.348,2.005,up,2026-04-28,1,0.0,neutral,False,1,hn
ICON,2026-01-08,19.039,2.918,up,2026-01-07,1,0.4098,positive,True,1,hn
ICON,2026-03-02,21.481,2.725,up,2026-03-01,1,-0.0539,negative,False,2,reddit_investing
ICON,2026-04-07,16.91,2.218,up,2026-04-03,4,1.1675,positive,True,2,reddit_investing|reddit_wallstreetbets
ILLR,2026-01-16,44.737,2.606,up,2026-01-14,2,0.0,neutral,False,1,hn
ILLR,2026-01-20,-43.636,-2.222,down,2026-01-14,6,0.0,neutral,False,1,hn
ILLR,2026-04-14,261.644,5.459,up,2026-04-13,1,0.0,neutral,False,1,hn
ILLR,2026-06-25,296.619,2.06,up,2026-06-20,5,0.2645,positive,True,2,hn
IMCC,2026-03-30,-20.313,-2.82,down,2026-03-26,4,0.0,neutral,False,1,hn
IMCC,2026-04-01,-17.568,-2.233,down,2026-03-26,6,0.0,neutral,False,1,hn
INBS,2026-05-11,33.051,4.905,up,2026-05-06,5,0.6882,positive,True,1,hn
INBS,2026-05-13,25.472,3.358,up,2026-05-06,7,0.6882,positive,True,1,hn
INCY,2026-06-15,-6.035,-3.109,down,2026-06-09,6,0.0,neutral,False,1,edgar_8k
INDB,2026-02-23,-4.158,-2.796,down,2026-02-20,3,0.0,neutral,False,1,hn
INDB,2026-02-27,-4.839,-3.094,down,2026-02-20,7,0.0,neutral,False,1,hn
INMD,2026-01-26,10.609,4.82,up,2026-01-21,5,0.0,neutral,False,1,hn
INOD,2026-01-05,17.022,3.489,up,2026-01-04,1,0.0,neutral,False,1,reddit_stocks
INTC,2026-01-02,6.721,2.004,up,2026-01-01,1,0.0,neutral,False,1,reddit_stocks
INTC,2026-01-09,10.8,2.883,up,2026-01-07,2,0.499,positive,True,3,hn
INTC,2026-01-21,11.717,2.79,up,2026-01-20,1,0.0,neutral,False,1,hn
INTC,2026-01-23,-17.029,-3.807,down,2026-01-22,1,0.0,neutral,False,1,edgar_8k
INTC,2026-01-28,11.04,2.214,up,2026-01-27,1,0.4394,positive,True,2,hn
INTC,2026-04-08,11.416,2.162,up,2026-04-07,1,0.2821,positive,True,2,hn
INTC,2026-04-24,23.6,4.602,up,2026-04-23,1,0.0,neutral,False,1,edgar_8k
INTC,2026-04-29,12.104,2.155,up,2026-04-27,2,0.0,neutral,False,1,hn
INTC,2026-05-05,12.915,2.171,up,2026-05-04,1,0.1171,positive,True,4,reddit_wallstreetbets
INTC,2026-05-08,13.957,2.228,up,2026-05-07,1,-0.1946,negative,False,2,hn|reddit_investing
INTC,2026-06-05,-11.281,-2.161,down,2026-06-01,4,-0.0811,negative,True,5,reddit_investing|reddit_technology
INTJ,2026-01-07,-14.966,-2.967,down,2026-01-06,1,0.715,positive,False,1,reddit_technology
INTJ,2026-01-15,-10.625,-2.165,down,2026-01-14,1,0.4696,positive,False,4,hn
INTJ,2026-01-22,-19.024,-3.443,down,2026-01-21,1,1.1946,positive,False,1,hn
INTJ,2026-01-28,14.154,2.655,up,2026-01-21,7,1.1946,positive,True,1,hn
INTJ,2026-02-03,-13.043,-2.153,down,2026-02-02,1,0.715,positive,False,2,reddit_technology
INTJ,2026-03-20,13.333,2.514,up,2026-03-14,6,0.4767,positive,True,3,hn
INTJ,2026-03-27,24.717,3.89,up,2026-03-21,6,0.8604,positive,True,2,hn
INTJ,2026-04-08,-14.105,-2.168,down,2026-04-07,1,0.74,positive,False,3,hn
INTJ,2026-06-02,-10.838,-2.035,down,2026-06-01,1,1.4486,positive,False,1,reddit_technology
INTJ,2026-06-04,-18.75,-3.037,down,2026-06-01,3,1.4486,positive,False,1,reddit_technology
INTJ,2026-06-05,-15.077,-2.311,down,2026-06-01,4,1.4486,positive,False,1,reddit_technology
INTU,2026-05-21,-20.019,-4.947,down,2026-05-20,1,-0.1639,negative,True,1,hn
IONR,2026-01-30,-22.592,-3.884,down,2026-01-27,3,-0.525,negative,True,1,hn
IONR,2026-03-24,20.875,3.475,up,2026-03-21,3,0.0,neutral,False,1,hn
IPST,2026-01-13,24.265,2.581,up,2026-01-08,5,0.0,neutral,False,1,reddit_stocks
IPST,2026-03-20,-22.059,-2.22,down,2026-03-13,7,0.0,neutral,False,1,hn
IPST,2026-04-10,30.857,2.482,up,2026-04-08,2,0.0,neutral,False,1,reddit_investing
IPW,2026-02-23,-31.692,-3.538,down,2026-02-21,2,0.6028,positive,False,1,hn
IPW,2026-05-14,13.971,2.307,up,2026-05-13,1,-0.2963,negative,False,1,hn
IPW,2026-05-20,-27.044,-3.734,down,2026-05-13,7,-0.2963,negative,True,1,hn
IPW,2026-06-09,13.897,2.208,up,2026-06-07,2,0.6028,positive,True,1,hn
IPX,2026-03-12,-18.242,-3.754,down,2026-03-09,3,0.0,neutral,False,1,reddit_investing
IPX,2026-03-13,-14.029,-2.711,down,2026-03-09,4,0.0,neutral,False,1,reddit_investing
IPX,2026-03-16,-15.572,-2.768,down,2026-03-09,7,0.0,neutral,False,1,reddit_investing
IQ,2026-02-27,-6.433,-2.379,down,2026-02-20,7,0.0,neutral,False,1,hn
IQ,2026-05-28,6.604,2.073,up,2026-05-27,1,0.0,neutral,False,1,hn
IRON,2026-06-02,-5.516,-2.321,down,2026-05-30,3,0.8991,positive,False,1,hn
IRON,2026-06-05,-5.78,-2.383,down,2026-05-30,6,0.8991,positive,False,1,hn
IRTC,2026-01-15,5.391,2.129,up,2026-01-14,1,0.0,neutral,False,1,hn
IRTC,2026-02-23,-6.452,-2.091,down,2026-02-21,2,0.0258,neutral,False,1,hn
ISPC,2026-01-22,21.451,2.836,up,2026-01-20,2,0.0,neutral,False,1,hn
ISSC,2026-05-14,-15.444,-2.782,down,2026-05-07,7,0.6028,positive,False,1,hn
ITOC,2026-06-08,80.714,5.993,up,2026-06-01,7,1.4486,positive,True,1,reddit_technology
ITRI,2026-02-11,-5.456,-3.41,down,2026-02-07,4,0.0,neutral,False,1,hn
ITRI,2026-02-12,-4.078,-2.4,down,2026-02-07,5,0.0,neutral,False,1,hn
ITRI,2026-02-13,-6.664,-3.471,down,2026-02-07,6,0.0,neutral,False,1,hn
ITRI,2026-02-17,7.912,3.673,up,2026-02-13,4,0.0,neutral,False,1,hn
JACK,2026-01-20,-10.052,-2.326,down,2026-01-13,7,0.0,neutral,False,1,hn
JAGX,2026-01-13,-16.747,-2.175,down,2026-01-12,1,0.6606,positive,False,1,reddit_stocks
JAGX,2026-01-16,86.928,6.49,up,2026-01-12,4,0.6606,positive,True,1,reddit_stocks
JD,2026-03-25,8.3,4.042,up,2026-03-20,5,1.0058,positive,True,1,hn
JF,2026-01-06,8.333,2.309,up,2026-01-02,4,0.9896,positive,True,1,reddit_technology
JF,2026-06-09,5.319,2.097,up,2026-06-07,2,0.715,positive,True,1,hn
JF,2026-06-12,6.796,2.555,up,2026-06-07,5,0.715,positive,True,1,hn
JYNT,2026-01-27,-4.701,-2.162,down,2026-01-21,6,0.0,neutral,False,1,hn
JYNT,2026-06-03,-4.614,-2.187,down,2026-05-27,7,0.0,neutral,False,1,hn
KC,2026-03-18,12.652,2.085,up,2026-03-13,5,-0.316,negative,False,2,hn
KG,2026-03-10,-11.587,-2.342,down,2026-03-06,4,0.0,neutral,False,1,hn
KHC,2026-01-21,-5.724,-3.653,down,2026-01-16,5,0.0,neutral,False,1,reddit_stocks
KIDS,2026-01-12,9.831,3.786,up,2026-01-09,3,0.2231,positive,True,2,reddit_stocks|reddit_technology
KIDS,2026-01-13,-7.061,-2.654,down,2026-01-09,4,0.2231,positive,False,2,reddit_stocks|reddit_technology
KIDS,2026-02-26,6.4,2.514,up,2026-02-20,6,-0.0888,negative,False,2,hn
KIDS,2026-02-27,7.757,2.799,up,2026-02-20,7,-0.0888,negative,False,2,hn
KIDS,2026-04-13,6.137,2.462,up,2026-04-06,7,0.0,neutral,False,1,hn
KIDS,2026-04-14,5.369,2.061,up,2026-04-13,1,0.4098,positive,True,2,hn
KIDS,2026-04-16,-7.395,-2.606,down,2026-04-13,3,0.4098,positive,False,2,hn
KIDS,2026-05-05,7.985,2.553,up,2026-05-04,1,0.9554,positive,True,1,reddit_investing
KIDS,2026-06-04,6.974,2.438,up,2026-05-28,7,0.0,neutral,False,2,hn
KTOS,2026-01-08,13.78,2.873,up,2026-01-05,3,0.0,neutral,False,1,reddit_technology
LAB,2026-01-08,20.312,4.274,up,2026-01-07,1,0.0,neutral,False,1,hn
LAB,2026-04-15,10.112,3.518,up,2026-04-14,1,0.0,neutral,False,1,hn
LAB,2026-05-20,6.0,2.023,up,2026-05-13,7,-0.1875,negative,False,2,hn
LAB,2026-06-04,11.404,3.216,up,2026-05-31,4,-0.3749,negative,False,1,hn
LAB,2026-06-05,-9.449,-2.707,down,2026-05-31,5,-0.3749,negative,True,1,hn
LAB,2026-06-08,-30.435,-5.672,down,2026-06-06,2,0.0,neutral,False,2,hn
LAB,2026-06-09,11.25,2.011,up,2026-06-06,3,0.0,neutral,False,2,hn
LAES,2026-05-21,14.737,2.287,up,2026-05-14,7,-0.286,negative,False,1,hn
LAKE,2026-03-20,-7.766,-3.003,down,2026-03-13,7,0.0,neutral,False,1,hn
LAKE,2026-03-31,5.0,2.079,up,2026-03-28,3,0.0,neutral,False,1,hn
LAKE,2026-04-17,25.561,6.128,up,2026-04-13,4,0.0,neutral,False,2,hn
LAKE,2026-05-18,10.913,2.13,up,2026-05-14,4,-0.2411,negative,False,1,hn
LAND,2026-01-29,7.077,4.145,up,2026-01-28,1,0.0,neutral,False,1,hn
LAND,2026-01-30,6.801,3.491,up,2026-01-28,2,0.0,neutral,False,1,hn
LAND,2026-02-25,8.601,3.738,up,2026-02-21,4,-0.2753,negative,False,1,hn
LASR,2026-01-23,-8.479,-2.189,down,2026-01-21,2,0.0,neutral,False,1,hn
LASR,2026-02-04,-12.245,-3.005,down,2026-02-01,3,0.0,neutral,False,3,reddit_stocks|reddit_wallstreetbets
LASR,2026-02-06,10.913,2.502,up,2026-02-01,5,0.0,neutral,False,3,reddit_stocks|reddit_wallstreetbets
LASR,2026-02-27,-10.739,-2.852,down,2026-02-21,6,0.0386,neutral,False,2,hn
LASR,2026-03-02,20.466,3.983,up,2026-03-01,1,0.0,neutral,False,2,reddit_technology|reddit_wallstreetbets
LASR,2026-03-26,-10.997,-2.131,down,2026-03-21,5,0.0,neutral,False,1,hn
LASR,2026-03-30,-16.045,-2.799,down,2026-03-28,2,0.5029,positive,False,2,hn
LASR,2026-05-11,14.937,2.226,up,2026-05-08,3,-0.0919,negative,False,1,reddit_investing
LASR,2026-06-05,-12.071,-2.121,down,2026-06-01,4,0.0,neutral,False,1,reddit_wallstreetbets
LASR,2026-06-11,11.946,2.03,up,2026-06-07,4,0.0,neutral,False,1,hn
LBRX,2026-01-15,10.434,2.021,up,2026-01-12,3,0.0,neutral,False,1,reddit_stocks
LBTYB,2026-02-05,10.978,4.306,up,2026-02-01,4,1.1946,positive,True,1,reddit_technology
LBTYB,2026-02-06,49.709,7.098,up,2026-02-01,5,1.1946,positive,True,1,reddit_technology
LCID,2026-02-06,13.956,2.908,up,2026-02-03,3,0.0,neutral,False,1,reddit_wallstreetbets
LEDS,2026-05-11,14.904,2.287,up,2026-05-07,4,0.0,neutral,False,1,hn
LEE,2026-02-11,21.646,3.39,up,2026-02-05,6,-0.1909,negative,False,1,reddit_technology
LEE,2026-02-19,22.917,3.264,up,2026-02-12,7,-0.0616,negative,False,1,hn
LFVN,2026-05-06,9.29,2.371,up,2026-05-01,5,0.6606,positive,True,1,reddit_stocks
LFVN,2026-05-07,-16.333,-3.812,down,2026-05-01,6,0.6606,positive,False,1,reddit_stocks
LI,2026-02-06,6.633,2.991,up,2026-01-30,7,0.0,neutral,False,1,hn
LIFE,2026-05-07,32.31,5.483,up,2026-05-06,1,0.0,neutral,False,3,hn
LIFE,2026-05-12,-13.868,-2.634,down,2026-05-08,4,0.0,neutral,False,1,reddit_investing
LIFE,2026-05-22,-14.534,-2.385,down,2026-05-21,1,-0.1376,negative,True,2,hn
LIFE,2026-06-24,18.611,2.433,up,2026-06-21,3,0.0,neutral,False,3,hn
LIN,2026-05-04,-2.829,-2.342,down,2026-05-01,3,0.0,neutral,False,1,reddit_wallstreetbets
LINE,2026-02-04,6.965,3.081,up,2026-01-28,7,-0.0837,negative,False,2,hn
LINE,2026-02-06,5.144,2.159,up,2026-02-04,2,0.0,neutral,False,1,reddit_technology
LINE,2026-02-19,6.528,2.542,up,2026-02-13,6,0.4777,positive,True,2,hn
LINE,2026-02-25,6.28,2.34,up,2026-02-21,4,0.0,neutral,False,1,hn
LINE,2026-03-12,-5.944,-2.351,down,2026-03-06,6,0.2864,positive,False,2,hn
LITE,2026-03-06,-14.194,-2.503,down,2026-03-03,3,0.0,neutral,False,1,reddit_technology
LITE,2026-03-09,14.729,2.152,up,2026-03-03,6,0.0,neutral,False,1,reddit_technology
LIVE,2026-01-06,13.584,2.241,up,2026-01-05,1,-0.082,negative,False,2,reddit_stocks
LIVE,2026-03-18,13.836,2.839,up,2026-03-14,4,-0.1946,negative,False,2,hn
LIVE,2026-03-23,10.733,2.04,up,2026-03-21,2,-0.0178,neutral,False,5,hn
LIVE,2026-05-14,-25.527,-4.375,down,2026-05-13,1,0.0,neutral,False,3,hn
LIVE,2026-05-19,19.424,3.191,up,2026-05-14,5,0.5272,positive,True,2,hn|reddit_SecurityAnalysis
LOGI,2026-06-03,-6.015,-2.481,down,2026-06-01,2,0.0,neutral,False,1,reddit_stocks
LOVE,2026-01-20,-9.301,-2.505,down,2026-01-14,6,1.4162,positive,False,1,reddit_stocks
LOVE,2026-06-16,-8.696,-2.323,down,2026-06-13,3,0.2296,positive,False,1,hn
LOVE,2026-06-24,9.87,3.066,up,2026-06-21,3,0.9554,positive,True,1,hn
LPSN,2026-03-05,7.668,2.129,up,2026-03-03,2,0.0,neutral,False,1,reddit_technology
LQDA,2026-01-09,12.909,2.908,up,2026-01-06,3,0.0,neutral,False,1,hn
LQDT,2026-05-11,-5.14,-2.885,down,2026-05-06,5,0.444,positive,False,1,reddit_investing
LRCX,2026-03-06,-7.15,-2.013,down,2026-02-28,6,-0.2937,negative,True,2,hn
LRCX,2026-03-26,-9.351,-2.472,down,2026-03-21,5,0.0,neutral,False,1,hn
LRCX,2026-04-08,9.869,2.456,up,2026-04-07,1,0.0,neutral,False,1,hn
LRCX,2026-06-05,-9.848,-2.741,down,2026-06-02,3,0.0,neutral,False,1,reddit_investing
LRCX,2026-06-11,12.654,2.852,up,2026-06-07,4,0.0,neutral,False,1,hn
LUCY,2026-02-06,18.006,2.052,up,2026-02-01,5,0.0,neutral,False,1,reddit_technology
LUCY,2026-05-15,-7.921,-2.521,down,2026-05-14,1,-0.3892,negative,True,1,hn
LULU,2026-03-31,4.985,2.069,up,2026-03-25,6,0.9374,positive,True,1,reddit_SecurityAnalysis
LYFT,2026-02-11,-16.973,-4.707,down,2026-02-06,5,0.0,neutral,False,2,hn|reddit_technology
MAAS,2026-04-10,-8.859,-3.304,down,2026-04-07,3,0.0,neutral,False,2,reddit_investing
MAAS,2026-04-13,14.206,4.255,up,2026-04-07,6,0.0,neutral,False,2,reddit_investing
MAAS,2026-04-14,9.82,2.683,up,2026-04-07,7,0.0,neutral,False,2,reddit_investing
MARA,2026-02-05,-18.72,-3.379,down,2026-02-03,2,0.6417,positive,False,1,reddit_wallstreetbets
MARA,2026-02-06,22.437,3.887,up,2026-02-03,3,0.6417,positive,True,1,reddit_wallstreetbets
MASS,2026-01-05,7.662,2.027,up,2026-01-03,2,0.0,neutral,False,1,reddit_technology
MASS,2026-01-20,19.196,4.275,up,2026-01-13,7,-0.3958,negative,False,1,hn
MASS,2026-05-05,8.244,2.437,up,2026-04-30,5,-0.0459,neutral,False,2,hn
MASS,2026-05-06,13.681,3.624,up,2026-04-30,6,-0.0459,neutral,False,2,hn
MASS,2026-05-26,8.791,2.194,up,2026-05-21,5,-0.0342,neutral,False,3,hn
MASS,2026-05-28,9.436,2.219,up,2026-05-27,1,0.0,neutral,False,1,hn
MASS,2026-06-05,-10.091,-2.578,down,2026-06-01,4,0.6606,positive,False,1,reddit_technology
MATW,2026-01-16,-4.636,-2.274,down,2026-01-14,2,-0.2291,negative,True,2,hn
MBLY,2026-01-02,7.567,2.713,up,2026-01-01,1,0.4773,positive,True,1,reddit_technology
MBLY,2026-01-06,5.821,2.017,up,2026-01-02,4,0.0,neutral,False,1,reddit_technology
MBLY,2026-01-08,-8.17,-2.597,down,2026-01-07,1,0.6976,positive,False,2,hn|reddit_technology
MBLY,2026-01-23,-6.755,-2.059,down,2026-01-21,2,0.8578,positive,False,1,hn
MBLY,2026-04-01,7.569,2.405,up,2026-03-31,1,0.0,neutral,False,1,hn
MBLY,2026-04-23,10.127,3.215,up,2026-04-20,3,-0.0918,negative,False,3,hn
MBLY,2026-05-13,14.085,3.909,up,2026-05-06,7,0.0,neutral,False,1,hn
MBLY,2026-06-05,-10.152,-2.698,down,2026-05-31,5,-0.031,neutral,False,1,hn
MDB,2026-03-03,-22.239,-4.724,down,2026-03-02,1,0.0,neutral,False,1,edgar_8k
MDB,2026-05-07,10.616,2.333,up,2026-05-06,1,0.7408,positive,True,1,hn
MDB,2026-06-01,20.364,4.421,up,2026-05-28,4,0.0,neutral,False,1,edgar_8k
MDLZ,2026-01-08,4.815,3.719,up,2026-01-07,1,-0.1909,negative,False,1,reddit_stocks
META,2026-01-22,5.656,2.609,up,2026-01-21,1,0.0,neutral,False,2,hn
META,2026-01-29,10.405,4.731,up,2026-01-28,1,0.0,neutral,False,5,edgar_8k|hn
META,2026-03-26,-7.959,-3.128,down,2026-03-21,5,-0.2315,negative,True,2,hn
META,2026-03-31,6.665,2.568,up,2026-03-30,1,0.1626,positive,True,3,hn
META,2026-04-08,6.499,2.355,up,2026-04-07,1,0.032,neutral,False,4,hn
META,2026-04-30,-8.55,-3.225,down,2026-04-29,1,-0.0636,negative,True,4,edgar_8k|hn
MGNI,2026-05-28,8.09,2.526,up,2026-05-21,7,0.0,neutral,False,1,hn
MGTX,2026-02-05,-7.455,-2.129,down,2026-02-02,3,0.0,neutral,False,3,reddit_wallstreetbets
MIDD,2026-02-26,5.844,2.42,up,2026-02-21,5,0.0,neutral,False,1,hn
MIDD,2026-03-31,4.238,2.155,up,2026-03-30,1,-0.0888,negative,False,2,hn
MIDD,2026-04-08,6.174,2.968,up,2026-04-07,1,0.0,neutral,False,1,hn
MIDD,2026-05-07,11.039,4.414,up,2026-05-01,6,-0.0342,neutral,False,2,reddit_investing|reddit_wallstreetbets
MIND,2026-01-09,15.65,2.356,up,2026-01-03,6,0.0,neutral,False,1,reddit_technology
MIND,2026-03-30,-13.898,-2.744,down,2026-03-28,2,0.4394,positive,False,2,hn
MLEC,2026-01-14,-28.106,-3.194,down,2026-01-13,1,0.0,neutral,False,1,reddit_stocks
MLEC,2026-01-15,118.13,6.693,up,2026-01-13,2,0.0,neutral,False,1,reddit_stocks
MNDY,2026-02-09,-20.786,-4.909,down,2026-02-06,3,0.0,neutral,False,1,reddit_technology
MNPR,2026-05-06,12.271,3.522,up,2026-05-01,5,-0.1067,negative,False,1,reddit_stocks
MNRO,2026-05-04,-7.053,-2.072,down,2026-04-27,7,0.4416,positive,False,1,hn
MNTS,2026-01-05,53.659,4.035,up,2026-01-04,1,0.0,neutral,False,1,reddit_technology
MNTS,2026-01-07,41.404,2.832,up,2026-01-05,2,0.0,neutral,False,1,reddit_stocks
MNTS,2026-04-08,12.694,2.239,up,2026-04-07,1,0.4838,positive,True,3,hn|reddit_investing
MNTS,2026-04-13,41.379,5.081,up,2026-04-08,5,0.0,neutral,False,1,reddit_investing
MNTS,2026-04-15,39.315,4.027,up,2026-04-14,1,0.0,neutral,False,1,hn
MNTS,2026-05-08,23.81,2.285,up,2026-05-07,1,0.0,neutral,False,1,reddit_investing
MNTS,2026-05-26,109.756,6.049,up,2026-05-20,6,-0.0823,negative,False,2,hn
MOMO,2026-01-12,5.463,3.166,up,2026-01-05,7,1.3065,positive,True,1,reddit_technology
MOMO,2026-03-11,-3.791,-2.115,down,2026-03-04,7,0.0,neutral,False,1,reddit_technology
MOMO,2026-04-08,3.833,2.022,up,2026-04-06,2,0.0,neutral,False,1,hn
MOMO,2026-06-02,-6.036,-3.007,down,2026-05-31,2,-0.1853,negative,True,1,hn
MOVE,2026-01-23,140.172,4.987,up,2026-01-16,7,0.9729,positive,True,1,reddit_stocks
MOVE,2026-04-07,59.309,2.693,up,2026-04-05,2,0.0,neutral,False,1,reddit_technology
MOVE,2026-05-13,27.568,2.213,up,2026-05-08,5,0.6028,positive,True,1,reddit_investing
MQ,2026-05-06,-7.701,-2.858,down,2026-04-29,7,0.0,neutral,False,1,hn
MRBK,2026-05-04,-3.908,-2.056,down,2026-04-27,7,0.0,neutral,False,1,hn
MRCY,2026-06-11,11.712,3.022,up,2026-06-06,5,0.0,neutral,False,1,hn
MRNA,2026-01-06,10.849,2.328,up,2026-01-02,4,-0.15,negative,False,1,reddit_technology
MRNA,2026-01-13,17.021,3.314,up,2026-01-07,6,-0.0513,negative,False,5,hn|reddit_technology
MRNA,2026-01-21,15.837,2.783,up,2026-01-20,1,0.0,neutral,False,2,hn
MRNA,2026-03-04,15.994,2.812,up,2026-03-03,1,-0.1358,negative,False,1,reddit_investing
MRNA,2026-05-08,11.97,2.782,up,2026-05-07,1,0.0,neutral,False,2,hn
MRNA,2026-06-03,7.493,2.307,up,2026-05-31,3,-0.3892,negative,False,1,hn
MRNA,2026-06-05,-8.044,-2.219,down,2026-05-31,5,-0.3892,negative,True,1,hn
MRNA,2026-06-11,7.937,2.194,up,2026-06-07,4,0.0,neutral,False,1,hn
MRNA,2026-06-17,11.552,2.769,up,2026-06-14,3,0.0,neutral,False,1,hn
MRVL,2026-02-06,8.179,2.555,up,2026-02-03,3,1.1368,positive,True,1,reddit_wallstreetbets
MRVL,2026-03-30,-7.452,-2.055,down,2026-03-27,3,0.9332,positive,False,2,hn
MRVL,2026-03-31,12.8,3.154,up,2026-03-27,4,0.9332,positive,True,2,hn
MRVL,2026-06-02,32.521,5.381,up,2026-06-01,1,0.2108,positive,True,3,reddit_stocks
MRVL,2026-06-05,-16.737,-3.053,down,2026-06-01,4,0.2108,positive,False,3,reddit_stocks
MSFT,2026-01-23,3.283,2.577,up,2026-01-21,2,0.0832,positive,True,7,hn
MSFT,2026-01-29,-9.993,-5.317,down,2026-01-28,1,-0.4262,negative,True,4,edgar_8k|hn
MSFT,2026-02-05,-4.954,-2.356,down,2026-02-04,1,-0.0603,negative,True,4,reddit_technology
MSFT,2026-04-15,4.607,2.14,up,2026-04-14,1,-0.0864,negative,False,7,hn
MSFT,2026-04-30,-3.93,-2.097,down,2026-04-29,1,0.0,neutral,False,2,edgar_8k|hn
MSFT,2026-05-29,5.445,2.873,up,2026-05-28,1,-0.1201,negative,False,6,hn
MSFT,2026-06-02,-4.171,-2.245,down,2026-06-01,1,-0.072,negative,True,6,reddit_technology|reddit_wallstreetbets
MSS,2026-05-04,19.672,2.737,up,2026-04-27,7,0.0,neutral,False,1,hn
MSTR,2026-02-05,-17.12,-3.495,down,2026-02-02,3,0.3683,positive,False,4,reddit_stocks|reddit_wallstreetbets
MSTR,2026-02-06,26.115,4.676,up,2026-02-02,4,0.3683,positive,True,4,reddit_stocks|reddit_wallstreetbets
MSTR,2026-06-02,-9.147,-2.199,down,2026-06-01,1,0.0,neutral,False,1,reddit_investing
MTCH,2026-01-26,3.218,2.189,up,2026-01-21,5,0.0,neutral,False,1,hn
MTCH,2026-02-03,-8.37,-4.944,down,2026-02-01,2,0.0,neutral,False,1,reddit_technology
MTCH,2026-02-04,5.917,3.296,up,2026-02-01,3,0.0,neutral,False,1,reddit_technology
MTCH,2026-05-07,-5.711,-2.751,down,2026-05-04,3,0.0,neutral,False,1,reddit_wallstreetbets
MTCH,2026-06-02,-3.917,-2.097,down,2026-05-28,5,0.0,neutral,False,1,hn
MTRX,2026-02-04,-5.726,-2.442,down,2026-01-30,5,-0.2414,negative,True,1,hn
MTRX,2026-02-05,-16.667,-5.116,down,2026-01-30,6,-0.2414,negative,True,1,hn
MU,2026-01-02,10.515,2.191,up,2026-01-01,1,0.0,neutral,False,1,reddit_stocks
MU,2026-01-06,10.021,2.011,up,2026-01-04,2,0.6882,positive,True,1,reddit_stocks
MU,2026-02-04,-9.546,-2.267,down,2026-02-03,1,0.2408,positive,False,3,reddit_technology|reddit_wallstreetbets
MU,2026-03-03,-7.994,-2.011,down,2026-03-02,1,-0.0679,negative,True,2,reddit_technology
MU,2026-03-30,-9.878,-2.187,down,2026-03-28,2,0.0,neutral,False,1,hn
MU,2026-05-05,11.059,2.235,up,2026-05-04,1,0.0,neutral,False,2,reddit_investing
MU,2026-05-08,15.493,3.013,up,2026-05-07,1,0.51,positive,True,1,reddit_investing
MU,2026-06-05,-13.252,-2.536,down,2026-06-03,2,0.0,neutral,False,1,reddit_investing
MVBF,2026-05-05,3.875,2.148,up,2026-05-03,2,0.9554,positive,True,1,reddit_investing
MWH,2026-05-06,-6.462,-2.11,down,2026-04-30,6,0.0,neutral,False,1,hn
MWH,2026-06-05,-7.941,-2.217,down,2026-06-01,4,-0.1639,negative,True,1,reddit_stocks
MYSZ,2026-04-01,14.014,2.612,up,2026-03-30,2,0.0,neutral,False,1,hn
NAKA,2026-05-01,12.5,2.281,up,2026-04-27,4,-0.0616,negative,False,1,hn
NBIS,2026-02-06,16.556,2.814,up,2026-02-01,5,0.5727,positive,True,1,reddit_stocks
NBIS,2026-06-05,-12.269,-2.034,down,2026-06-01,4,0.0,neutral,False,2,reddit_investing|reddit_wallstreetbets
NDAQ,2026-01-20,-3.535,-3.187,down,2026-01-13,7,0.0,neutral,False,1,reddit_stocks
NDAQ,2026-02-03,-9.4,-5.699,down,2026-02-01,2,0.7391,positive,False,1,reddit_wallstreetbets
NDAQ,2026-02-10,-4.392,-2.369,down,2026-02-04,6,-0.2411,negative,True,1,reddit_technology
NDAQ,2026-06-02,-5.28,-3.263,down,2026-06-01,1,0.0,neutral,False,1,reddit_stocks
NEO,2026-03-12,-6.667,-2.131,down,2026-03-06,6,-0.0459,neutral,False,2,hn|reddit_investing
NEO,2026-03-27,-7.345,-2.161,down,2026-03-26,1,0.0,neutral,False,1,hn
NEO,2026-06-04,11.538,3.121,up,2026-06-01,3,0.0,neutral,False,2,reddit_technology
NEON,2026-06-03,10.976,2.348,up,2026-05-28,6,0.444,positive,True,1,hn
NFLX,2026-02-12,-4.722,-2.222,down,2026-02-07,5,-0.3749,negative,True,1,hn
NFLX,2026-02-27,13.772,5.23,up,2026-02-26,1,0.3144,positive,True,5,hn
NFLX,2026-04-17,-9.723,-3.446,down,2026-04-16,1,0.0,neutral,False,1,edgar_8k
NFLX,2026-06-22,-5.815,-2.556,down,2026-06-21,1,0.0,neutral,False,1,hn
NICE,2026-03-03,6.118,2.037,up,2026-03-02,1,0.6322,positive,True,1,reddit_wallstreetbets
NICE,2026-05-01,10.665,2.96,up,2026-04-27,4,0.6322,positive,True,1,hn
NICE,2026-05-04,10.0,2.567,up,2026-04-27,7,0.6322,positive,True,1,hn
NSPR,2026-03-03,-7.104,-2.191,down,2026-03-01,2,0.0,neutral,False,1,reddit_technology
NSPR,2026-03-17,9.146,2.745,up,2026-03-13,4,0.0,neutral,False,1,hn
NSPR,2026-03-27,-8.092,-2.3,down,2026-03-20,7,0.9796,positive,False,2,hn
NSPR,2026-05-11,8.696,2.66,up,2026-05-07,4,0.0,neutral,False,2,hn
NSPR,2026-06-01,7.609,2.242,up,2026-05-28,4,0.7408,positive,True,1,hn
NVDA,2026-02-06,7.872,3.607,up,2026-02-05,1,0.316,positive,True,3,hn|reddit_technology
NVDA,2026-02-26,-5.456,-2.596,down,2026-02-25,1,0.0,neutral,False,1,edgar_8k
NVDA,2026-03-31,5.588,2.426,up,2026-03-30,1,0.0,neutral,False,1,hn
NVDA,2026-05-06,5.766,2.433,up,2026-05-04,2,0.3207,positive,True,2,reddit_investing|reddit_wallstreetbets
NVDA,2026-06-01,6.261,2.471,up,2026-05-31,1,0.1366,positive,True,3,hn
NVDA,2026-06-05,-6.201,-2.524,down,2026-06-03,2,-0.1126,negative,True,1,reddit_investing
NVEC,2026-06-02,11.362,3.112,up,2026-05-31,2,0.0,neutral,False,1,hn
NVEC,2026-06-05,-6.39,-2.03,down,2026-05-31,5,0.0,neutral,False,1,hn
NVTS,2026-01-22,15.676,2.216,up,2026-01-15,7,-0.0616,negative,False,1,reddit_stocks
NWPX,2026-02-06,4.927,2.635,up,2026-02-03,3,-0.2411,negative,False,1,reddit_technology
NWSA,2026-02-03,-6.575,-4.112,down,2026-02-02,1,0.4439,positive,False,2,reddit_technology|reddit_wallstreetbets
NWSA,2026-02-06,-7.063,-4.219,down,2026-02-05,1,-0.0598,negative,True,3,hn
NWSA,2026-02-10,3.694,2.297,up,2026-02-07,3,0.0,neutral,False,2,hn
NWSA,2026-05-07,3.206,2.041,up,2026-05-06,1,0.1484,positive,True,3,hn
NWSA,2026-06-04,3.033,2.025,up,2026-06-01,3,0.4372,positive,True,3,reddit_investing|reddit_technology
OFSSH,2026-01-05,1.055,2.424,up,2026-01-03,2,0.0,neutral,False,2,reddit_stocks
OFSSH,2026-05-01,1.102,3.086,up,2026-04-28,3,0.0,neutral,False,1,hn
OKTA,2026-02-23,-6.434,-2.196,down,2026-02-20,3,0.0,neutral,False,1,hn
OKTA,2026-03-05,11.026,3.46,up,2026-03-04,1,0.0,neutral,False,1,edgar_8k
OKTA,2026-03-27,-7.748,-2.164,down,2026-03-23,4,0.0,neutral,False,1,edgar_8k
OKTA,2026-05-29,30.141,5.467,up,2026-05-28,1,0.0,neutral,False,1,edgar_8k
OKTA,2026-06-01,13.401,2.279,up,2026-05-28,4,0.0,neutral,False,1,edgar_8k
OM,2026-01-12,22.149,2.7,up,2026-01-07,5,0.0,neutral,False,1,hn
ON,2026-01-12,-5.486,-2.008,down,2026-01-11,1,0.0,neutral,False,9,reddit_stocks
ON,2026-03-06,-6.541,-2.456,down,2026-03-05,1,0.0977,positive,False,7,hn|reddit_investing
ON,2026-03-31,11.247,3.45,up,2026-03-30,1,-0.0585,negative,False,26,hn
ON,2026-04-08,7.195,2.164,up,2026-04-07,1,-0.0555,negative,False,38,hn|reddit_investing
ON,2026-04-16,10.355,2.88,up,2026-04-14,2,-0.044,neutral,False,39,hn
ON,2026-04-23,9.878,2.532,up,2026-04-22,1,0.0,neutral,False,1,reddit_SecurityAnalysis
ON,2026-05-13,11.142,2.69,up,2026-05-08,5,-0.0413,neutral,False,9,reddit_investing
ON,2026-06-05,-11.045,-2.884,down,2026-06-03,2,-0.0273,neutral,False,13,reddit_investing
ON,2026-06-23,-11.015,-2.455,down,2026-06-21,2,0.0305,neutral,False,26,hn
OPEN,2026-04-16,9.336,2.014,up,2026-04-14,2,0.0752,positive,True,18,hn
OPEN,2026-06-03,-9.982,-2.36,down,2026-06-02,1,0.0,neutral,False,1,reddit_investing
OPEN,2026-06-05,-10.707,-2.386,down,2026-06-03,2,0.0,neutral,False,1,reddit_investing
OPRA,2026-01-09,-5.078,-2.083,down,2026-01-05,4,0.5418,positive,False,1,reddit_stocks
OPRX,2026-01-13,-10.171,-2.182,down,2026-01-07,6,1.2189,positive,False,1,hn
OPRX,2026-02-04,7.512,2.009,up,2026-02-01,3,0.9554,positive,True,1,reddit_technology
OPRX,2026-02-23,-10.122,-2.255,down,2026-02-20,3,0.615,positive,False,2,hn
OPRX,2026-03-04,7.514,2.049,up,2026-02-27,5,0.5418,positive,True,1,hn
OPRX,2026-03-06,-10.491,-2.168,down,2026-02-27,7,0.5418,positive,False,1,hn
OPRX,2026-05-13,-22.397,-4.154,down,2026-05-06,7,0.7408,positive,False,1,hn
ORIO,2026-06-15,6.888,2.467,up,2026-06-13,2,0.0,neutral,False,1,hn
OSUR,2026-01-08,5.976,2.035,up,2026-01-06,2,0.0,neutral,False,1,hn
PANW,2026-02-03,-5.233,-2.506,down,2026-01-29,5,0.0,neutral,False,1,edgar_8k
PANW,2026-02-05,-7.168,-3.147,down,2026-01-29,7,0.0,neutral,False,1,edgar_8k
PANW,2026-02-18,-6.82,-2.716,down,2026-02-17,1,0.0,neutral,False,1,edgar_8k
PANW,2026-03-27,-5.973,-2.229,down,2026-03-23,4,0.0,neutral,False,1,edgar_8k
PANW,2026-03-30,4.986,2.014,up,2026-03-23,7,0.0,neutral,False,1,edgar_8k
PANW,2026-06-03,-5.636,-2.011,down,2026-06-02,1,0.0,neutral,False,1,edgar_8k
PCB,2026-02-23,-4.161,-2.385,down,2026-02-20,3,0.0,neutral,False,1,hn
PCB,2026-04-29,-3.016,-2.113,down,2026-04-27,2,-0.1264,negative,True,2,hn
PDFS,2026-01-30,-6.406,-2.239,down,2026-01-29,1,0.0,neutral,False,1,hn
PDFS,2026-02-03,-6.34,-2.146,down,2026-01-31,3,-0.0695,negative,True,4,hn
PDFS,2026-02-06,7.587,2.318,up,2026-02-05,1,0.0,neutral,False,1,hn
PDFS,2026-03-30,-7.711,-2.323,down,2026-03-28,2,0.2553,positive,False,3,hn
PDFS,2026-04-08,7.413,2.055,up,2026-04-07,1,-0.0409,neutral,False,7,hn
PDFS,2026-04-27,-11.078,-3.013,down,2026-04-21,6,0.1171,positive,False,8,hn
PDFS,2026-05-08,8.239,2.069,up,2026-05-07,1,0.0784,positive,True,7,hn
PDFS,2026-05-12,-7.515,-2.196,down,2026-05-07,5,0.0784,positive,False,7,hn
PDFS,2026-05-14,-10.704,-2.803,down,2026-05-13,1,-0.0592,negative,True,6,hn
PDFS,2026-06-05,-8.76,-2.199,down,2026-05-31,5,-0.0327,neutral,False,7,hn
PDFS,2026-06-11,10.851,2.082,up,2026-06-07,4,0.2646,positive,True,6,hn
PENG,2026-02-03,-8.03,-2.188,down,2026-01-28,6,0.0,neutral,False,1,hn
PENG,2026-04-02,13.37,3.38,up,2026-04-01,1,0.0,neutral,False,1,reddit_technology
PENG,2026-06-02,18.322,3.21,up,2026-05-31,2,0.6322,positive,True,1,hn
PENG,2026-06-05,-15.88,-3.28,down,2026-05-31,5,0.6322,positive,False,1,hn
PEP,2026-02-09,-2.358,-2.002,down,2026-02-03,6,0.0,neutral,False,1,reddit_wallstreetbets
PI,2026-02-06,-24.566,-4.657,down,2026-02-02,4,-0.0689,negative,True,3,reddit_technology
PI,2026-03-05,-11.646,-2.012,down,2026-02-27,6,0.0,neutral,False,3,hn
PI,2026-06-05,-11.198,-2.648,down,2026-05-31,5,0.0,neutral,False,1,hn
PLAY,2026-02-12,-11.565,-2.574,down,2026-02-07,5,0.51,positive,False,1,hn
PLAY,2026-03-26,-12.056,-2.659,down,2026-03-20,6,0.51,positive,False,1,hn
PLTR,2026-02-03,6.849,2.274,up,2026-02-02,1,0.3082,positive,True,10,edgar_8k|reddit_technology|reddit_wallstreetbets
PLTR,2026-02-04,-11.616,-3.38,down,2026-02-03,1,-0.0397,neutral,False,5,reddit_technology|reddit_wallstreetbets
PLTR,2026-03-23,6.743,2.105,up,2026-03-21,2,0.0,neutral,False,1,hn
PLTR,2026-05-05,-6.93,-2.122,down,2026-05-04,1,0.0,neutral,False,4,edgar_8k|reddit_wallstreetbets
PLTR,2026-05-28,8.173,2.531,up,2026-05-21,7,-0.1469,negative,False,4,hn
PLTR,2026-05-29,9.209,2.681,up,2026-05-28,1,-0.0888,negative,False,2,hn
PLUG,2026-01-22,16.667,3.189,up,2026-01-20,2,0.4098,positive,True,1,hn
PLUG,2026-02-06,11.828,2.136,up,2026-02-04,2,0.0,neutral,False,1,reddit_technology
PLUG,2026-04-20,15.827,2.526,up,2026-04-13,7,0.0,neutral,False,1,hn
PLUS,2026-02-23,-3.868,-2.164,down,2026-02-20,3,0.0,neutral,False,1,hn
PLUS,2026-04-13,3.539,2.056,up,2026-04-08,5,0.3034,positive,True,1,reddit_investing
PLUS,2026-05-29,-7.4,-3.395,down,2026-05-27,2,-0.0496,neutral,False,2,hn
PLUS,2026-06-03,-4.706,-2.103,down,2026-05-30,4,0.0,neutral,False,1,hn
PNTG,2026-06-01,-6.569,-2.604,down,2026-05-30,2,0.0,neutral,False,1,hn
PNTG,2026-06-05,5.279,2.042,up,2026-05-30,6,0.0,neutral,False,1,hn
POET,2026-05-05,29.536,2.511,up,2026-05-01,4,-0.4085,negative,False,1,reddit_wallstreetbets
PONY,2026-02-06,9.404,2.004,up,2026-02-03,3,0.0,neutral,False,1,reddit_technology
PONY,2026-03-26,-14.662,-3.21,down,2026-03-20,6,0.1194,positive,False,2,hn
PONY,2026-03-31,10.539,2.527,up,2026-03-27,4,-0.3598,negative,False,1,hn
POOL,2026-06-24,5.399,2.217,up,2026-06-21,3,-0.286,negative,False,1,hn
PPLI,2026-02-04,-3.016,-2.013,down,2026-02-03,1,0.3089,positive,False,4,reddit_technology|reddit_wallstreetbets
PPLI,2026-02-18,5.982,3.266,up,2026-02-14,4,-0.1776,negative,False,1,hn
PPLI,2026-02-23,-5.882,-3.198,down,2026-02-21,2,-0.185,negative,True,2,hn
PPLI,2026-05-05,-8.435,-3.981,down,2026-05-04,1,0.255,positive,False,2,reddit_wallstreetbets
PPLI,2026-05-11,-5.606,-2.589,down,2026-05-08,3,0.1303,positive,False,3,reddit_investing
PPLI,2026-06-02,-5.553,-2.701,down,2026-06-01,1,-0.0794,negative,True,10,reddit_investing|reddit_stocks|reddit_technology
PRE,2026-03-06,18.115,3.081,up,2026-03-02,4,0.5418,positive,True,1,reddit_wallstreetbets
PRE,2026-03-09,15.112,2.383,up,2026-03-02,7,0.5418,positive,True,1,reddit_wallstreetbets
PRE,2026-05-15,-11.256,-2.008,down,2026-05-08,7,0.4098,positive,False,1,reddit_investing
PRE,2026-05-28,16.918,2.902,up,2026-05-21,7,0.0,neutral,False,1,hn
PROF,2026-01-14,-9.069,-2.42,down,2026-01-07,7,0.9081,positive,False,1,reddit_technology
PROP,2026-03-03,-14.508,-3.076,down,2026-03-01,2,0.0,neutral,False,1,reddit_wallstreetbets
PROP,2026-03-09,19.375,3.526,up,2026-03-03,6,0.0,neutral,False,1,reddit_wallstreetbets
PSIX,2026-02-04,-11.388,-2.163,down,2026-02-03,1,0.3286,positive,False,3,reddit_technology
PSIX,2026-02-06,19.161,3.585,up,2026-02-05,1,0.1739,positive,True,2,reddit_technology
PSIX,2026-03-03,-28.968,-4.437,down,2026-03-02,1,0.0457,neutral,False,3,reddit_investing|reddit_technology|reddit_wallstreetbets
PSIX,2026-05-11,-17.732,-2.399,down,2026-05-07,4,-0.0732,negative,True,6,hn
PSIX,2026-05-12,-39.151,-4.349,down,2026-05-07,5,-0.0732,negative,True,6,hn
PSIX,2026-05-13,18.711,2.14,up,2026-05-07,6,-0.0732,negative,False,6,hn
PSNL,2026-01-22,16.58,2.419,up,2026-01-21,1,0.5418,positive,True,1,hn
PSNL,2026-03-12,-17.107,-2.826,down,2026-03-09,3,0.5075,positive,False,2,reddit_investing
PSNL,2026-03-27,-13.388,-2.155,down,2026-03-21,6,0.0,neutral,False,1,hn
PSNL,2026-06-24,12.922,2.128,up,2026-06-21,3,-0.1206,negative,False,2,hn
PSNY,2026-02-06,31.929,3.525,up,2026-02-02,4,0.0,neutral,False,1,reddit_wallstreetbets
PTC,2026-02-03,-4.888,-2.367,down,2026-02-02,1,0.0,neutral,False,1,reddit_wallstreetbets
PTC,2026-02-11,-4.376,-2.414,down,2026-02-05,6,0.0,neutral,False,1,reddit_technology
PTRN,2026-01-05,10.783,2.296,up,2026-01-04,1,-0.2963,negative,False,1,reddit_technology
PTRN,2026-01-26,12.544,2.708,up,2026-01-21,5,0.0,neutral,False,4,hn
PTRN,2026-01-30,-13.409,-2.709,down,2026-01-28,2,0.3394,positive,False,1,hn
PTRN,2026-02-11,-12.313,-2.229,down,2026-02-06,5,0.7659,positive,False,1,hn
PTRN,2026-02-25,11.679,2.268,up,2026-02-21,4,0.7659,positive,True,1,hn
PTRN,2026-03-11,11.791,2.058,up,2026-03-07,4,0.0,neutral,False,3,hn
PTRN,2026-05-07,18.947,3.624,up,2026-04-30,7,0.0,neutral,False,1,hn
PYPL,2026-02-03,-20.313,-6.53,down,2026-02-02,1,0.0,neutral,False,1,reddit_wallstreetbets
PYPL,2026-02-23,5.762,2.02,up,2026-02-20,3,-0.0463,neutral,False,1,hn
PYPL,2026-02-24,6.742,2.213,up,2026-02-20,4,-0.0463,neutral,False,1,hn
PYPL,2026-05-05,-7.74,-3.259,down,2026-04-30,5,0.0,neutral,False,1,edgar_8k
PYPL,2026-06-03,-4.312,-2.041,down,2026-05-30,4,0.0,neutral,False,1,hn
QCOM,2026-02-05,-8.456,-3.979,down,2026-02-04,1,0.0,neutral,False,1,edgar_8k
QCOM,2026-04-30,15.115,4.901,up,2026-04-29,1,0.0,neutral,False,1,edgar_8k
QCOM,2026-05-05,10.791,3.229,up,2026-04-29,6,0.0,neutral,False,1,edgar_8k
QCOM,2026-05-11,8.417,2.127,up,2026-05-08,3,0.0,neutral,False,1,reddit_investing
QCOM,2026-05-12,-11.46,-3.173,down,2026-05-08,4,0.0,neutral,False,1,reddit_investing
QCOM,2026-06-01,-8.776,-2.142,down,2026-05-28,4,0.0,neutral,False,1,hn
QMCO,2026-05-21,15.319,2.236,up,2026-05-14,7,0.0,neutral,False,1,hn
QQQ,2026-01-20,-2.125,-2.03,down,2026-01-14,6,-0.1776,negative,True,1,reddit_stocks
QQQ,2026-02-06,2.114,2.097,up,2026-02-02,4,0.0,neutral,False,1,reddit_wallstreetbets
QQQ,2026-04-08,2.973,2.462,up,2026-04-02,6,0.79,positive,True,1,reddit_wallstreetbets
QQQ,2026-06-05,-4.8,-3.75,down,2026-06-02,3,0.0,neutral,False,1,reddit_investing
QSI,2026-06-05,-17.969,-2.847,down,2026-06-03,2,0.0,neutral,False,1,reddit_investing
QUBT,2026-02-05,-14.458,-2.225,down,2026-02-02,3,0.0,neutral,False,1,reddit_stocks
QUBT,2026-02-06,20.743,3.092,up,2026-02-02,4,0.0,neutral,False,1,reddit_stocks
QUBT,2026-04-14,11.554,2.197,up,2026-04-13,1,0.0,neutral,False,1,hn
QUBT,2026-04-15,15.906,2.769,up,2026-04-14,1,0.8788,positive,True,1,hn
QUBT,2026-05-21,19.351,3.039,up,2026-05-20,1,0.3034,positive,True,1,hn
RAIL,2026-06-16,7.589,2.529,up,2026-06-14,2,0.3352,positive,True,1,hn
RARE,2026-03-31,8.549,2.309,up,2026-03-27,4,0.0,neutral,False,1,hn
RARE,2026-05-19,-7.193,-2.346,down,2026-05-14,5,0.1158,positive,False,1,hn
RAY,2026-01-16,20.261,2.058,up,2026-01-13,3,-0.0768,negative,False,1,hn
RAY,2026-01-20,34.511,3.228,up,2026-01-13,7,-0.0768,negative,False,1,hn
RAY,2026-04-20,10.839,2.144,up,2026-04-13,7,-0.1776,negative,False,1,hn
RAY,2026-05-05,13.619,2.7,up,2026-05-01,4,0.0,neutral,False,1,reddit_technology
RCAT,2026-03-02,17.339,2.061,up,2026-03-01,1,0.8991,positive,True,1,reddit_wallstreetbets
RDIB,2026-01-08,11.744,2.801,up,2026-01-07,1,0.3655,positive,True,9,hn|reddit_stocks|reddit_technology
RDIB,2026-02-06,12.167,2.625,up,2026-02-05,1,-0.1544,negative,False,2,hn|reddit_technology
RDIB,2026-02-09,-18.202,-3.613,down,2026-02-07,2,-0.0156,neutral,False,5,hn
RDIB,2026-02-11,23.684,3.928,up,2026-02-07,4,-0.0156,neutral,False,5,hn
RDIB,2026-02-12,-13.617,-2.258,down,2026-02-07,5,-0.0156,neutral,False,5,hn
RDIB,2026-03-20,-25.234,-3.941,down,2026-03-15,5,0.6322,positive,False,1,reddit_investing
RDIB,2026-03-23,20.0,2.93,up,2026-03-21,2,0.9554,positive,True,1,hn
RDIB,2026-06-16,20.0,4.206,up,2026-06-14,2,-0.0519,negative,False,5,hn
RDIB,2026-06-17,-8.824,-2.192,down,2026-06-14,3,-0.0519,negative,True,5,hn
RDIB,2026-06-22,-8.495,-2.013,down,2026-06-21,1,-0.2107,negative,True,3,hn
REAL,2026-02-12,-9.129,-2.665,down,2026-02-07,5,-0.1419,negative,True,3,hn
REAL,2026-02-13,6.512,2.01,up,2026-02-12,1,-0.0697,negative,False,4,hn
REAL,2026-03-23,7.986,2.324,up,2026-03-21,2,0.1148,positive,True,2,hn
REAL,2026-03-31,11.823,3.016,up,2026-03-30,1,0.0,neutral,False,3,hn
REAL,2026-04-08,10.195,2.465,up,2026-04-07,1,0.041,neutral,False,14,hn|reddit_investing
REAL,2026-05-08,-17.258,-3.357,down,2026-05-07,1,0.1275,positive,False,4,hn|reddit_investing
REG,2026-02-04,2.428,2.199,up,2026-01-31,4,0.0,neutral,False,1,hn
RENT,2026-04-09,10.687,2.6,up,2026-04-02,7,0.0,neutral,False,1,reddit_wallstreetbets
REPL,2026-05-13,29.584,2.147,up,2026-05-07,6,0.0,neutral,False,1,hn
RETO,2026-01-13,-26.437,-2.645,down,2026-01-09,4,0.0,neutral,False,1,reddit_stocks
RGEN,2026-06-24,9.52,2.671,up,2026-06-21,3,0.0,neutral,False,1,hn
RICK,2026-04-06,10.326,3.204,up,2026-04-01,5,1.1576,positive,True,2,reddit_investing
RIME,2026-01-08,-25.41,-2.807,down,2026-01-06,2,0.0,neutral,False,1,reddit_stocks
RKLB,2026-05-08,34.22,4.896,up,2026-05-06,2,0.7534,positive,True,2,reddit_investing
RKTO,2026-02-10,10.723,2.883,up,2026-02-07,3,0.0,neutral,False,1,hn
RKTO,2026-04-01,-34.881,-5.529,down,2026-03-31,1,0.0,neutral,False,1,hn
RKTO,2026-05-27,92.09,6.553,up,2026-05-20,7,0.0,neutral,False,1,hn
ROAD,2026-02-05,11.222,4.118,up,2026-01-31,5,0.715,positive,True,2,hn
ROAD,2026-03-20,-7.347,-2.315,down,2026-03-13,7,0.0,neutral,False,1,hn
ROAD,2026-03-23,6.958,2.108,up,2026-03-21,2,0.0,neutral,False,1,reddit_SecurityAnalysis
ROAD,2026-04-08,7.74,2.169,up,2026-04-07,1,0.444,positive,True,1,hn
ROAD,2026-04-17,12.029,3.073,up,2026-04-14,3,0.0,neutral,False,1,hn
ROCK,2026-03-10,5.87,2.017,up,2026-03-07,3,0.0,neutral,False,1,hn
ROCK,2026-04-15,-8.331,-2.431,down,2026-04-08,7,0.2638,positive,False,1,reddit_investing
ROCK,2026-04-29,-6.572,-2.086,down,2026-04-28,1,0.0,neutral,False,1,hn
ROOT,2026-02-06,7.628,2.371,up,2026-02-05,1,0.6322,positive,True,1,hn
ROOT,2026-02-23,-10.261,-3.083,down,2026-02-21,2,0.7659,positive,False,1,hn
ROOT,2026-02-24,6.444,2.12,up,2026-02-21,3,0.7659,positive,True,1,hn
ROOT,2026-02-27,-10.118,-2.644,down,2026-02-21,6,0.7659,positive,False,1,hn
ROOT,2026-04-15,11.639,2.92,up,2026-04-14,1,0.3704,positive,True,2,hn
ROOT,2026-06-01,10.296,2.432,up,2026-05-31,1,-0.1551,negative,False,4,hn
ROOT,2026-06-17,-15.165,-3.445,down,2026-06-14,3,0.9186,positive,False,1,hn
ROP,2026-02-18,3.825,2.049,up,2026-02-12,6,0.0,neutral,False,1,hn
RPAY,2026-03-10,8.185,2.48,up,2026-03-06,4,0.0,neutral,False,2,hn
RPAY,2026-04-08,13.333,2.861,up,2026-04-07,1,0.0,neutral,False,1,reddit_investing
RPD,2026-02-03,-9.661,-3.46,down,2026-01-31,3,0.5418,positive,False,1,hn
RUBI,2026-03-04,-23.145,-2.01,down,2026-03-03,1,-0.2042,negative,True,2,reddit_wallstreetbets
RUBI,2026-05-20,-41.095,-3.57,down,2026-05-14,6,-0.2753,negative,True,1,hn
RUN,2026-02-04,12.236,2.456,up,2026-02-03,1,0.2611,positive,True,3,reddit_technology|reddit_wallstreetbets
RUN,2026-02-27,-35.113,-5.495,down,2026-02-21,6,0.2009,positive,False,3,hn
RUN,2026-06-05,-9.885,-2.304,down,2026-06-03,2,0.0,neutral,False,1,reddit_investing
RUN,2026-06-24,12.568,2.569,up,2026-06-21,3,0.2553,positive,True,3,hn
RVMD,2026-01-07,28.629,6.498,up,2026-01-06,1,0.0,neutral,False,1,reddit_technology
RVMD,2026-01-09,10.476,2.038,up,2026-01-06,3,0.0,neutral,False,1,reddit_technology
RXRX,2026-02-06,11.798,2.637,up,2026-02-03,3,0.0,neutral,False,1,reddit_wallstreetbets
SATA,2026-06-23,-2.904,-3.181,down,2026-06-20,3,0.0,neutral,False,1,hn
SATA,2026-06-24,-6.232,-5.053,down,2026-06-20,4,0.0,neutral,False,1,hn
SATA,2026-06-25,-5.622,-3.865,down,2026-06-20,5,0.0,neutral,False,1,hn
SBAC,2026-01-07,-3.562,-2.959,down,2026-01-06,1,-0.4504,negative,True,1,reddit_technology
SBFG,2026-05-01,4.079,2.014,up,2026-04-29,2,0.0,neutral,False,1,hn
SBFG,2026-06-04,5.088,2.243,up,2026-06-01,3,0.715,positive,True,1,reddit_investing
SBLK,2026-03-12,-4.976,-2.455,down,2026-03-10,2,0.0,neutral,False,1,reddit_investing
SBUX,2026-02-04,4.224,2.101,up,2026-01-28,7,0.0,neutral,False,1,hn
SBUX,2026-04-06,4.88,2.389,up,2026-04-02,4,0.1591,positive,True,3,reddit_wallstreetbets
SEAT,2026-04-21,-13.68,-2.285,down,2026-04-20,1,0.715,positive,False,1,hn
SEED,2026-03-13,-11.111,-2.336,down,2026-03-12,1,0.4773,positive,False,1,reddit_investing
SEED,2026-03-30,-11.724,-2.149,down,2026-03-27,3,0.0,neutral,False,1,hn
SEER,2026-01-09,4.278,2.332,up,2026-01-04,5,0.5727,positive,True,1,reddit_stocks
SEIC,2026-02-10,-3.596,-2.267,down,2026-02-03,7,0.0,neutral,False,1,reddit_wallstreetbets
SEIC,2026-04-08,3.551,2.137,up,2026-04-01,7,0.79,positive,True,2,reddit_wallstreetbets
SERV,2026-01-08,14.402,2.296,up,2026-01-02,6,0.0,neutral,False,1,reddit_stocks
SHIP,2026-02-04,-4.221,-2.149,down,2026-01-30,5,-0.1776,negative,True,1,hn
SHIP,2026-03-06,-7.133,-2.782,down,2026-03-03,3,-0.286,negative,True,1,reddit_wallstreetbets
SHIP,2026-03-12,-6.421,-2.444,down,2026-03-07,5,-0.0953,negative,True,3,hn
SHIP,2026-05-05,8.382,2.216,up,2026-05-03,2,0.4773,positive,True,1,reddit_wallstreetbets
SHIP,2026-05-29,9.541,2.694,up,2026-05-28,1,0.0,neutral,False,1,hn
SHOO,2026-05-06,6.182,2.251,up,2026-05-02,4,0.0,neutral,False,1,reddit_wallstreetbets
SHOP,2026-01-30,-8.64,-2.616,down,2026-01-27,3,0.0,neutral,False,1,hn
SHOP,2026-02-03,-9.766,-2.852,down,2026-02-02,1,0.3041,positive,False,2,reddit_technology
SHOP,2026-02-18,7.134,2.032,up,2026-02-14,4,0.0,neutral,False,1,hn
SHOP,2026-04-15,8.305,2.09,up,2026-04-13,2,0.375,positive,True,1,hn
SILC,2026-01-05,6.685,2.051,up,2026-01-03,2,-0.1639,negative,False,1,reddit_technology
SILC,2026-01-29,28.619,6.04,up,2026-01-28,1,0.0,neutral,False,1,hn
SILC,2026-02-02,11.541,2.225,up,2026-02-01,1,0.0,neutral,False,1,reddit_technology
SILC,2026-03-25,13.568,2.365,up,2026-03-20,5,0.1148,positive,True,2,hn
SILC,2026-04-17,14.206,2.321,up,2026-04-14,3,-0.1776,negative,False,1,hn
SILC,2026-04-30,37.753,5.746,up,2026-04-29,1,0.0,neutral,False,1,hn
SIRI,2026-02-05,9.021,4.432,up,2026-01-30,6,0.418,positive,True,2,hn
SIRI,2026-05-21,7.172,2.937,up,2026-05-14,7,0.0,neutral,False,1,hn
SKIN,2026-01-08,8.333,2.045,up,2026-01-05,3,0.4773,positive,True,1,reddit_stocks
SKIN,2026-02-05,-11.034,-2.92,down,2026-02-02,3,0.0,neutral,False,2,reddit_technology
SKIN,2026-03-13,19.811,4.278,up,2026-03-07,6,0.0,neutral,False,1,hn
SKIN,2026-05-26,24.709,3.157,up,2026-05-21,5,0.7408,positive,True,1,hn
SLS,2026-01-05,14.943,2.08,up,2026-01-02,3,0.0,neutral,False,1,reddit_stocks
SLS,2026-01-06,-18.0,-2.866,down,2026-01-02,4,0.0,neutral,False,1,reddit_stocks
SMCI,2026-02-04,13.785,3.752,up,2026-02-03,1,0.3394,positive,True,1,reddit_wallstreetbets
SMCI,2026-02-05,-8.62,-2.128,down,2026-02-03,2,0.3394,positive,False,1,reddit_wallstreetbets
SMCI,2026-02-06,11.442,2.786,up,2026-02-03,3,0.3394,positive,True,1,reddit_wallstreetbets
SMCI,2026-05-06,24.542,3.598,up,2026-05-01,5,0.2883,positive,True,5,reddit_stocks|reddit_wallstreetbets
SNDK,2026-01-06,27.565,3.055,up,2026-01-05,1,1.3065,positive,True,1,reddit_technology
SNDK,2026-02-04,-15.954,-2.23,down,2026-02-03,1,0.0,neutral,False,1,reddit_wallstreetbets
SNDK,2026-05-08,16.596,2.452,up,2026-05-07,1,0.3303,positive,True,2,reddit_investing
SNES,2026-02-13,12.36,3.03,up,2026-02-06,7,-0.2529,negative,False,1,reddit_technology
SNEX,2026-04-13,6.964,2.15,up,2026-04-07,6,0.0,neutral,False,1,hn
SNPS,2026-05-28,-8.61,-3.23,down,2026-05-21,7,0.0,neutral,False,1,hn
SOGP,2026-01-12,26.41,3.817,up,2026-01-06,6,0.5931,positive,True,2,reddit_technology
SOGP,2026-04-02,13.925,2.326,up,2026-03-30,3,0.0,neutral,False,1,hn
SOGP,2026-04-30,17.877,3.581,up,2026-04-29,1,0.0,neutral,False,1,hn
SOGP,2026-05-01,-11.976,-2.435,down,2026-04-30,1,0.2709,positive,False,2,hn
SOGP,2026-06-22,-10.127,-2.124,down,2026-06-21,1,-0.286,negative,True,1,hn
SOWG,2026-01-05,38.235,4.568,up,2026-01-01,4,1.1896,positive,True,3,reddit_technology
SOWG,2026-05-05,-21.023,-2.062,down,2026-05-01,4,1.1481,positive,False,1,reddit_wallstreetbets
SOWG,2026-05-08,19.835,2.305,up,2026-05-01,7,1.1481,positive,True,1,reddit_wallstreetbets
SOWG,2026-06-18,22.468,2.055,up,2026-06-14,4,-0.2047,negative,False,1,hn
SPPL,2026-01-22,11.0,2.058,up,2026-01-16,6,0.5418,positive,True,1,reddit_stocks
SPPL,2026-02-27,11.224,2.035,up,2026-02-21,6,0.7408,positive,True,1,hn
SPPL,2026-03-25,-19.321,-2.982,down,2026-03-21,4,0.0,neutral,False,2,hn
SPPL,2026-03-31,-18.182,-2.594,down,2026-03-28,3,0.0,neutral,False,1,hn
SPPL,2026-05-29,35.472,4.899,up,2026-05-28,1,-0.0164,neutral,False,3,hn
SPT,2026-01-16,-7.791,-2.311,down,2026-01-14,2,0.0,neutral,False,1,reddit_stocks
SRCE,2026-01-21,3.374,2.293,up,2026-01-20,1,0.0,neutral,False,1,hn
SRCE,2026-03-23,2.87,2.041,up,2026-03-20,3,0.8788,positive,True,1,hn
SRCE,2026-04-17,2.909,2.079,up,2026-04-14,3,0.0,neutral,False,1,hn
SRPT,2026-02-05,-13.685,-3.092,down,2026-02-02,3,0.0,neutral,False,2,reddit_wallstreetbets
STEP,2026-02-03,-9.712,-4.299,down,2026-02-02,1,0.1158,positive,False,1,reddit_technology
STEP,2026-02-05,-7.504,-3.036,down,2026-02-03,2,0.1158,positive,False,1,reddit_technology
STEP,2026-02-06,5.51,2.134,up,2026-02-05,1,0.4289,positive,True,2,reddit_technology
STEP,2026-02-20,-6.933,-2.365,down,2026-02-14,6,0.8788,positive,False,1,hn
STEP,2026-02-23,-12.243,-3.667,down,2026-02-21,2,0.0,neutral,False,1,hn
STEP,2026-02-27,-7.623,-2.102,down,2026-02-21,6,0.0,neutral,False,1,hn
STEP,2026-04-13,7.711,2.254,up,2026-04-07,6,0.0,neutral,False,1,hn
STEP,2026-06-04,6.303,2.12,up,2026-06-02,2,0.0,neutral,False,1,reddit_investing
STEP,2026-06-15,8.012,2.56,up,2026-06-14,1,0.0,neutral,False,1,hn
STEX,2026-01-16,13.462,2.741,up,2026-01-13,3,0.0,neutral,False,1,hn
STEX,2026-01-22,12.338,2.352,up,2026-01-21,1,0.0,neutral,False,2,hn
STEX,2026-03-25,-25.0,-3.629,down,2026-03-20,5,0.0,neutral,False,1,hn
STEX,2026-05-01,54.248,5.624,up,2026-04-29,2,0.0,neutral,False,1,hn
STEX,2026-05-19,20.202,2.017,up,2026-05-13,6,0.0,neutral,False,1,hn
STHO,2026-01-12,4.379,2.012,up,2026-01-09,3,0.3886,positive,True,2,reddit_stocks|reddit_technology
STHO,2026-01-23,-8.371,-3.657,down,2026-01-21,2,-0.1798,negative,True,2,hn
STHO,2026-04-02,7.427,3.011,up,2026-04-01,1,-0.2079,negative,False,3,reddit_stocks|reddit_technology
STRC,2026-06-24,-7.41,-5.24,down,2026-06-20,4,0.444,positive,False,1,hn
STRC,2026-06-25,-6.371,-3.809,down,2026-06-20,5,0.444,positive,False,1,hn
STRD,2026-01-29,-6.547,-3.027,down,2026-01-28,1,0.0,neutral,False,1,hn
STRD,2026-02-05,-5.799,-2.474,down,2026-02-04,1,0.0,neutral,False,2,reddit_technology
STRD,2026-02-06,4.793,2.006,up,2026-02-05,1,-0.0955,negative,False,2,reddit_technology
STRD,2026-03-31,3.677,2.078,up,2026-03-30,1,0.0,neutral,False,1,hn
STRD,2026-05-29,-3.43,-3.294,down,2026-05-27,2,0.6882,positive,False,1,hn
STRD,2026-06-05,-3.286,-2.791,down,2026-06-03,2,0.0,neutral,False,2,reddit_investing
STRD,2026-06-11,4.406,3.623,up,2026-06-07,4,0.0,neutral,False,1,hn
STRD,2026-06-18,-5.557,-3.737,down,2026-06-14,4,0.119,positive,False,3,hn
STRD,2026-06-24,-10.194,-5.018,down,2026-06-20,4,0.0,neutral,False,2,hn
STRD,2026-06-25,-9.837,-4.032,down,2026-06-20,5,0.0,neutral,False,2,hn
STRR,2026-06-08,-5.31,-2.016,down,2026-06-07,1,0.0,neutral,False,2,hn
STX,2026-01-06,14.005,2.829,up,2026-01-05,1,0.0,neutral,False,1,reddit_stocks
SUPX,2026-02-09,17.931,2.05,up,2026-02-04,5,0.5727,positive,True,1,reddit_technology
SUPX,2026-06-01,28.797,3.043,up,2026-05-30,2,0.6322,positive,True,1,hn
SYM,2026-05-28,-8.988,-2.209,down,2026-05-21,7,0.0,neutral,False,1,hn
TAOP,2026-03-16,19.31,3.218,up,2026-03-14,2,0.0,neutral,False,2,hn
TAOP,2026-03-19,-23.214,-3.417,down,2026-03-14,5,0.0,neutral,False,2,hn
TAOP,2026-03-20,14.729,2.114,up,2026-03-14,6,0.0,neutral,False,2,hn
TASK,2026-02-11,-4.494,-2.343,down,2026-02-07,4,-0.2411,negative,True,1,hn
TASK,2026-02-12,-4.412,-2.17,down,2026-02-07,5,-0.2411,negative,True,1,hn
TASK,2026-03-11,4.399,2.023,up,2026-03-05,6,0.0,neutral,False,1,hn
TASK,2026-03-20,-5.636,-2.252,down,2026-03-13,7,0.0,neutral,False,1,hn
TASK,2026-03-23,5.973,2.364,up,2026-03-20,3,0.0,neutral,False,1,hn
TASK,2026-03-24,-5.727,-2.12,down,2026-03-20,4,0.0,neutral,False,1,hn
TASK,2026-04-23,-8.19,-2.594,down,2026-04-21,2,-0.0636,negative,True,3,hn
TASK,2026-06-03,-9.428,-2.651,down,2026-06-01,2,0.0,neutral,False,1,reddit_stocks
TATT,2026-03-04,7.407,2.231,up,2026-02-27,5,0.0,neutral,False,1,hn
TDIC,2026-01-27,25.543,2.55,up,2026-01-21,6,0.0,neutral,False,1,hn
TDUP,2026-01-14,-9.933,-2.518,down,2026-01-08,6,0.0,neutral,False,1,reddit_stocks
TEAM,2026-01-08,-7.111,-2.835,down,2026-01-07,1,-0.0529,negative,True,3,hn|reddit_technology
TEAM,2026-01-13,-5.839,-2.279,down,2026-01-09,4,0.0,neutral,False,1,reddit_technology
TEAM,2026-01-16,-7.707,-2.821,down,2026-01-13,3,0.0,neutral,False,1,hn
TEAM,2026-01-29,-10.671,-3.379,down,2026-01-28,1,0.0386,neutral,False,2,hn
TEAM,2026-02-03,-7.652,-2.312,down,2026-01-30,4,-0.0302,neutral,False,3,hn
TEAM,2026-02-23,-9.437,-2.401,down,2026-02-20,3,-0.0257,neutral,False,3,hn
TEAM,2026-02-26,8.526,2.563,up,2026-02-20,6,-0.0257,neutral,False,3,hn
TEAM,2026-03-05,7.421,2.128,up,2026-03-02,3,0.0,neutral,False,2,reddit_technology
TEAM,2026-04-15,10.534,2.577,up,2026-04-14,1,0.0,neutral,False,2,hn
TEAM,2026-05-01,29.582,5.079,up,2026-04-30,1,-0.0897,negative,False,2,hn
TEAM,2026-05-29,15.35,2.469,up,2026-05-28,1,-0.1875,negative,False,2,hn
TECH,2026-01-05,5.666,2.677,up,2026-01-03,2,-0.0967,negative,False,5,reddit_stocks|reddit_technology
TECH,2026-02-04,6.251,2.67,up,2026-02-03,1,0.232,positive,True,8,reddit_technology|reddit_wallstreetbets
TECH,2026-02-12,-6.162,-2.608,down,2026-02-07,5,0.038,neutral,False,7,hn
TECH,2026-02-24,5.186,2.232,up,2026-02-21,3,0.3054,positive,True,7,hn
TECH,2026-04-23,-10.891,-3.64,down,2026-04-21,2,-0.0305,neutral,False,5,hn
TECH,2026-04-30,6.487,2.198,up,2026-04-29,1,-0.0669,negative,False,4,hn
TECH,2026-05-06,-16.355,-4.437,down,2026-05-04,2,0.0,neutral,False,1,reddit_wallstreetbets
TECH,2026-05-07,7.382,2.072,up,2026-05-06,1,-0.0741,negative,False,4,hn|reddit_investing
TECH,2026-06-25,20.075,4.219,up,2026-06-21,4,-0.1084,negative,False,4,hn
TENB,2026-01-29,-3.961,-2.073,down,2026-01-27,2,-0.0919,negative,True,1,hn
TENB,2026-02-03,-8.946,-4.213,down,2026-01-27,7,-0.0919,negative,True,1,hn
TENB,2026-02-06,7.439,3.525,up,2026-02-04,2,0.0,neutral,False,1,reddit_technology
TENB,2026-02-10,4.71,2.112,up,2026-02-06,4,0.0,neutral,False,1,reddit_technology
TENB,2026-02-20,-8.753,-3.218,down,2026-02-13,7,0.0,neutral,False,1,hn
TER,2026-04-08,11.798,2.428,up,2026-04-04,4,-0.1776,negative,False,1,reddit_technology
TH,2026-02-12,-4.065,-2.049,down,2026-02-05,7,0.0,neutral,False,1,reddit_technology
THH,2026-01-15,-76.25,-3.045,down,2026-01-13,2,0.0,neutral,False,1,reddit_stocks
THH,2026-01-16,-87.368,-3.116,down,2026-01-13,3,0.0,neutral,False,1,reddit_stocks
TIGO,2026-01-15,6.521,2.347,up,2026-01-14,1,0.4098,positive,True,2,reddit_stocks
TILE,2026-02-12,-3.007,-2.136,down,2026-02-07,5,0.0,neutral,False,1,hn
TILE,2026-03-02,-3.525,-2.302,down,2026-02-28,2,0.0,neutral,False,1,hn
TILE,2026-03-18,-3.836,-2.14,down,2026-03-14,4,0.6606,positive,False,1,hn
TILE,2026-03-23,5.072,2.697,up,2026-03-21,2,-0.143,negative,False,2,hn
TILE,2026-05-08,7.659,3.375,up,2026-05-07,1,0.0,neutral,False,1,hn
TILE,2026-05-20,5.042,2.083,up,2026-05-14,6,-0.102,negative,False,2,hn
TILE,2026-06-18,5.27,2.016,up,2026-06-13,5,0.0,neutral,False,1,hn
TILE,2026-06-24,5.646,2.06,up,2026-06-21,3,0.0,neutral,False,3,hn
TLS,2026-06-01,9.395,2.93,up,2026-05-30,2,0.0,neutral,False,2,hn
TLS,2026-06-03,-15.962,-4.3,down,2026-05-30,4,0.0,neutral,False,2,hn
TLS,2026-06-05,-8.277,-2.136,down,2026-05-30,6,0.0,neutral,False,2,hn
TONX,2026-02-02,-17.241,-2.464,down,2026-02-01,1,0.9554,positive,False,1,reddit_investing
TONX,2026-05-05,27.273,3.949,up,2026-05-01,4,0.9554,positive,True,1,reddit_stocks
TONX,2026-05-06,19.925,2.642,up,2026-05-01,5,0.9554,positive,True,1,reddit_stocks
TOP,2026-01-21,4.902,2.391,up,2026-01-20,1,-0.0925,negative,False,2,hn
TOP,2026-01-29,7.0,3.088,up,2026-01-28,1,0.8991,positive,True,1,hn
TOP,2026-02-11,-5.556,-2.393,down,2026-02-07,4,-0.2411,negative,True,1,hn
TOP,2026-03-17,-11.0,-4.539,down,2026-03-15,2,-0.3254,negative,True,1,reddit_investing
TOP,2026-03-19,-5.882,-2.179,down,2026-03-15,4,-0.3254,negative,True,1,reddit_investing
TOP,2026-03-23,-6.627,-2.301,down,2026-03-21,2,0.3034,positive,False,2,hn
TOP,2026-03-24,-19.742,-5.194,down,2026-03-21,3,0.3034,positive,False,2,hn
TOP,2026-03-25,35.531,6.016,up,2026-03-21,4,0.3034,positive,True,2,hn
TOP,2026-03-27,-14.773,-2.304,down,2026-03-21,6,0.3034,positive,False,2,hn
TOP,2026-03-30,14.4,2.213,up,2026-03-27,3,0.5727,positive,True,1,hn
TOP,2026-05-18,30.647,3.838,up,2026-05-14,4,0.5021,positive,True,4,hn
TREE,2026-01-09,12.863,3.568,up,2026-01-06,3,0.4773,positive,True,1,hn
TREE,2026-02-03,-12.426,-2.99,down,2026-01-28,6,0.0,neutral,False,1,hn
TREE,2026-03-03,23.874,4.168,up,2026-02-28,3,0.0,neutral,False,1,hn
TREE,2026-05-01,-21.738,-3.72,down,2026-04-29,2,0.8788,positive,False,1,hn
TREE,2026-06-18,9.073,2.198,up,2026-06-14,4,-0.2411,negative,False,1,hn
TRI,2026-02-03,-15.665,-6.032,down,2026-02-01,2,-0.4744,negative,True,1,reddit_stocks
TRIP,2026-01-14,-7.143,-2.307,down,2026-01-07,7,0.0,neutral,False,2,hn
TRIP,2026-05-20,6.774,2.301,up,2026-05-14,6,0.0,neutral,False,1,hn
TRMD,2026-01-28,5.144,2.239,up,2026-01-27,1,-0.0616,negative,False,1,hn
TRMD,2026-03-05,-5.754,-2.801,down,2026-03-04,1,0.0,neutral,False,1,reddit_investing
TRMD,2026-05-06,-5.621,-2.245,down,2026-04-30,6,0.0,neutral,False,1,hn
TSEM,2026-03-06,-8.255,-2.078,down,2026-03-04,2,0.0,neutral,False,1,reddit_technology
TSLA,2026-03-31,4.636,2.134,up,2026-03-30,1,-0.1776,negative,False,1,hn
TSLA,2026-04-02,-5.422,-2.219,down,2026-04-01,1,-0.1774,negative,True,3,reddit_stocks|reddit_technology
TSLA,2026-04-15,7.619,3.019,up,2026-04-14,1,-0.3749,negative,False,1,hn
TSLA,2026-06-05,-6.56,-2.389,down,2026-06-01,4,0.2382,positive,False,3,reddit_stocks|reddit_technology
TSLA,2026-06-23,-5.787,-2.035,down,2026-06-21,2,0.0,neutral,False,1,hn
TTMI,2026-01-09,10.5,2.083,up,2026-01-03,6,0.0,neutral,False,1,reddit_stocks
TTWO,2026-02-03,-4.346,-2.086,down,2026-02-02,1,0.6417,positive,False,1,reddit_wallstreetbets
TTWO,2026-02-04,-5.378,-2.444,down,2026-02-02,2,0.6417,positive,False,1,reddit_wallstreetbets
TTWO,2026-02-09,4.826,2.644,up,2026-02-02,7,0.6417,positive,True,1,reddit_wallstreetbets
TWIN,2026-02-03,6.271,2.154,up,2026-01-31,3,-0.0616,negative,False,1,hn
TWIN,2026-02-04,-14.963,-4.45,down,2026-01-31,4,-0.0616,negative,True,1,hn
TYGO,2026-01-15,27.119,4.238,up,2026-01-14,1,0.4098,positive,True,2,reddit_stocks
TYGO,2026-01-16,31.111,4.053,up,2026-01-14,2,0.4098,positive,True,2,reddit_stocks
TYGO,2026-01-20,18.644,2.261,up,2026-01-14,6,0.4098,positive,True,2,reddit_stocks
UCAR,2026-01-30,-10.0,-2.755,down,2026-01-28,2,0.4098,positive,False,1,hn
UCAR,2026-02-09,-8.088,-2.027,down,2026-02-06,3,-0.3515,negative,True,1,hn
UCAR,2026-02-13,9.6,2.67,up,2026-02-12,1,-0.2291,negative,False,1,hn
UFPI,2026-01-08,5.368,3.479,up,2026-01-05,3,0.0,neutral,False,1,reddit_stocks
UFPI,2026-01-09,5.463,3.212,up,2026-01-05,4,0.0,neutral,False,1,reddit_stocks
UK,2026-04-07,22.547,3.768,up,2026-04-05,2,0.6028,positive,True,1,reddit_technology
UK,2026-04-15,-15.332,-2.168,down,2026-04-14,1,-0.0438,neutral,False,5,hn
UK,2026-04-20,-17.473,-2.349,down,2026-04-14,6,-0.0438,neutral,False,5,hn
UK,2026-05-05,-16.373,-2.098,down,2026-05-01,4,0.5418,positive,False,1,reddit_technology
ULCC,2026-01-09,9.959,2.346,up,2026-01-06,3,1.1475,positive,True,1,hn
ULCC,2026-02-02,9.483,2.1,up,2026-02-01,1,0.0,neutral,False,1,reddit_technology
ULCC,2026-02-04,9.962,2.125,up,2026-02-02,2,-0.3749,negative,False,1,reddit_technology
ULCC,2026-02-06,15.398,3.046,up,2026-02-05,1,-0.0707,negative,False,3,hn|reddit_technology
ULCC,2026-04-21,-12.058,-2.273,down,2026-04-14,7,-0.082,negative,True,2,hn
ULCC,2026-05-01,10.193,2.06,up,2026-04-30,1,0.0,neutral,False,1,hn
ULCC,2026-05-07,13.598,2.587,up,2026-05-06,1,0.3769,positive,True,2,hn
ULCC,2026-06-10,-12.835,-2.499,down,2026-06-07,3,0.0,neutral,False,1,hn
UNIT,2026-01-30,10.638,3.149,up,2026-01-28,2,0.2668,positive,True,1,hn
UNIT,2026-02-23,-6.061,-2.356,down,2026-02-20,3,0.2852,positive,False,1,hn
UNIT,2026-03-02,6.967,2.251,up,2026-03-01,1,-0.204,negative,False,1,reddit_wallstreetbets
UNIT,2026-03-31,15.802,4.047,up,2026-03-30,1,0.0,neutral,False,1,hn
UPWK,2026-05-08,-16.871,-4.096,down,2026-05-07,1,-0.1776,negative,True,1,hn
UPWK,2026-05-18,7.099,2.036,up,2026-05-14,4,0.0,neutral,False,1,hn
USAR,2026-06-05,-17.085,-2.519,down,2026-06-01,4,0.9896,positive,False,1,reddit_stocks
USAU,2026-01-30,-12.952,-2.98,down,2026-01-27,3,0.0774,positive,False,1,hn
VC,2026-02-13,6.755,2.937,up,2026-02-06,7,-0.2819,negative,False,2,hn|reddit_technology
VCEL,2026-02-13,5.858,2.013,up,2026-02-12,1,0.0,neutral,False,1,hn
VCEL,2026-04-21,-5.976,-2.124,down,2026-04-20,1,0.51,positive,False,1,hn
VCEL,2026-04-29,-6.227,-2.087,down,2026-04-27,2,0.0,neutral,False,1,hn
VERA,2026-05-06,6.011,2.21,up,2026-04-29,7,0.0,neutral,False,1,hn
VERA,2026-06-02,-7.896,-2.23,down,2026-06-01,1,0.0,neutral,False,2,reddit_stocks|reddit_wallstreetbets
VERA,2026-06-04,6.748,2.006,up,2026-06-01,3,0.0,neutral,False,2,reddit_stocks|reddit_wallstreetbets
VERX,2026-05-07,15.877,3.365,up,2026-05-04,3,0.0,neutral,False,1,reddit_wallstreetbets
VITL,2026-05-07,-20.667,-3.974,down,2026-05-01,6,0.5918,positive,False,2,reddit_wallstreetbets
VS,2026-02-05,-8.861,-2.295,down,2026-02-04,1,0.378,positive,False,2,reddit_technology
VS,2026-03-04,11.512,3.216,up,2026-03-03,1,0.3618,positive,True,4,reddit_investing|reddit_technology
VS,2026-03-05,9.091,2.4,up,2026-03-04,1,-0.2468,negative,False,2,reddit_investing
VS,2026-03-11,7.182,2.064,up,2026-03-10,1,0.0,neutral,False,1,reddit_investing
VS,2026-03-13,10.309,2.725,up,2026-03-12,1,0.2012,positive,True,5,reddit_investing
VS,2026-04-27,12.931,2.758,up,2026-04-21,6,0.0,neutral,False,3,hn
VS,2026-05-29,30.973,5.075,up,2026-05-28,1,-0.1197,negative,False,5,hn
VSME,2026-02-05,-27.044,-2.142,down,2026-02-04,1,0.0,neutral,False,1,reddit_technology
VSME,2026-02-09,33.333,2.799,up,2026-02-04,5,0.0,neutral,False,1,reddit_technology
WASH,2026-01-21,5.047,3.062,up,2026-01-15,6,0.0,neutral,False,1,reddit_stocks
WATT,2026-01-06,17.773,2.855,up,2026-01-04,2,0.715,positive,True,1,reddit_technology
WAY,2026-01-12,-8.435,-3.088,down,2026-01-08,4,0.0,neutral,False,3,reddit_stocks|reddit_technology
WAY,2026-02-03,-6.95,-2.344,down,2026-02-02,1,0.4864,positive,False,2,reddit_wallstreetbets
WAY,2026-02-12,-8.386,-2.672,down,2026-02-07,5,0.0,neutral,False,2,hn
WAY,2026-02-17,8.478,2.913,up,2026-02-14,3,-0.0888,negative,False,2,hn
WAY,2026-02-26,6.639,2.14,up,2026-02-21,5,0.2708,positive,True,3,hn
WAY,2026-04-15,10.031,3.187,up,2026-04-14,1,0.0386,neutral,False,2,hn
WAY,2026-04-30,-15.414,-4.101,down,2026-04-29,1,0.2557,positive,False,2,hn
WAY,2026-06-01,10.095,2.71,up,2026-05-31,1,-0.0684,negative,False,2,hn
WDC,2026-01-07,-8.889,-2.046,down,2026-01-06,1,0.0,neutral,False,1,reddit_stocks
WEN,2026-02-12,-7.741,-3.048,down,2026-02-06,6,0.0,neutral,False,1,hn
WIX,2026-03-04,12.668,3.562,up,2026-02-28,4,0.4098,positive,True,1,hn
WIX,2026-03-05,10.933,2.817,up,2026-02-28,5,0.4098,positive,True,1,hn
WIX,2026-06-01,11.559,2.19,up,2026-05-28,4,-0.1138,negative,False,3,hn
WOOF,2026-01-12,7.095,2.067,up,2026-01-11,1,0.0,neutral,False,1,reddit_stocks
WRD,2026-01-13,-10.01,-2.254,down,2026-01-07,6,0.2668,positive,False,3,reddit_stocks
WSFS,2026-06-03,-2.327,-2.182,down,2026-06-01,2,0.715,positive,False,1,reddit_investing
XBIT,2026-05-21,3.766,2.244,up,2026-05-14,7,0.0,neutral,False,1,hn
XFOR,2026-03-17,18.82,3.448,up,2026-03-13,4,0.0,neutral,False,1,hn
XHLD,2026-05-01,-14.685,-2.129,down,2026-04-30,1,0.6606,positive,False,1,hn
XHLD,2026-05-04,12.295,2.02,up,2026-04-30,4,0.6606,positive,True,1,hn
XHLD,2026-05-13,13.71,2.268,up,2026-05-06,7,0.715,positive,True,1,hn
XP,2026-03-03,-6.587,-2.149,down,2026-02-26,5,1.2645,positive,False,1,hn
XRX,2026-05-08,17.3,2.062,up,2026-05-04,4,0.4098,positive,True,1,reddit_wallstreetbets
YI,2026-05-08,8.423,2.697,up,2026-05-01,7,0.6606,positive,True,2,reddit_technology
YQ,2026-05-05,19.731,3.584,up,2026-05-01,4,0.7659,positive,True,1,reddit_stocks
YYGH,2026-03-02,-21.053,-4.166,down,2026-03-01,1,0.0,neutral,False,1,reddit_wallstreetbets
YYGH,2026-03-06,-27.097,-4.286,down,2026-03-01,5,0.0,neutral,False,1,reddit_wallstreetbets
ZBIO,2026-01-12,23.01,2.207,up,2026-01-05,7,0.0,neutral,False,1,reddit_stocks
ZBRA,2026-06-05,-5.446,-2.039,down,2026-05-31,5,-0.1776,negative,True,1,hn
ZG,2026-01-22,5.202,2.201,up,2026-01-21,1,-0.1454,negative,False,2,hn
ZSTK,2026-02-02,-32.143,-2.538,down,2026-01-31,2,0.6322,positive,False,2,hn
